asset_hash,types,block_paths
0x00043D4F,path,blocks\VZ\resident_P000_Q3.block
0x0007BF84,path,blocks\VZ\resident_P000_Q3.block
0x000A59E4,texture,blocks\Shell\scaleform_shell_P000_Q3.block
0x000EE46F,scrub,blocks\VZ\c30579_P000_Q3.block
0x00109310,path,blocks\VZ\resident_P000_Q3.block
0x0030C486,path,blocks\VZ\resident_P000_Q3.block
0x00312661,animation,blocks\VZ\characternameanimgroup_soldier_P000_Q3.block
0x00338D87,path,blocks\VZ\resident_P000_Q3.block
0x0035EC36,lowresterrain,blocks\VZ\low_res_terrain_P000_Q3.block
0x00380AB5,path,blocks\VZ\resident_P000_Q3.block
0x0039968B,path,blocks\VZ\resident_P000_Q3.block
0x00461E64,model,blocks\VZ\c33297_P000_Q3.block
0x00529F1C,lineregion,blocks\VZ\resident_P000_Q3.block
0x005381C4,animation,blocks\VZ\resident_P000_Q3.block
0x0057041A,terrainmesh,blocks\VZ\c31295_P000_Q3.block
0x0065370D,path,blocks\VZ\resident_P000_Q3.block
0x00700C19,animation,blocks\VZ\resident_P000_Q3.block
0x0076650A,lineregion,blocks\VZ\resident_P000_Q3.block
0x0084D2F2,animation,blocks\VZ\vehiclenameanimgroup_huangfeng_P000_Q3.block
0x0084EB31,path,blocks\VZ\resident_P000_Q3.block
0x0086E8BE,terrainmesh,blocks\VZ\c31228_P000_Q3.block
0x008E2A1B,animation,blocks\VZ\vehiclenameanimgroup_vanquish_P000_Q3.block
0x0091AE39,path,blocks\VZ\resident_P000_Q3.block
0x009288A3,path,blocks\VZ\resident_P000_Q3.block
0x009448EE,path,blocks\VZ\resident_P000_Q3.block
0x0095E56C,path,blocks\VZ\resident_P000_Q3.block
0x00A2F97B,path,blocks\VZ\resident_P000_Q3.block
0x00A59D03,animation,blocks\VZ\vehicleclassanimgroup_autosmall_P000_Q3.block
0x00A7703E,animation,blocks\VZ\vehicleclassanimgroup_hmmwv_P000_Q3.block
0x00B6DB30,path,blocks\VZ\resident_P000_Q3.block
0x00B97799,path,blocks\VZ\resident_P000_Q3.block
0x00BDA5FB,animation,blocks\VZ\vehiclenameanimgroup_ztz98_P000_Q3.block
0x00BDF2CC,animation,blocks\VZ\vehiclenameanimgroup_dragster_P000_Q3.block
0x00BE8F7C,path,blocks\VZ\resident_P000_Q3.block
0x00BEB5EE,path,blocks\VZ\resident_P000_Q3.block
0x00BF42EE,texture,blocks\VZ\c32611_P000_Q3.block
0x00BFEF08,animation,blocks\VZ\vehiclenameanimgroup_barco_P000_Q3.block
0x00C136F9,lineregion,blocks\VZ\resident_P000_Q3.block
0x00C761AB,path,blocks\VZ\resident_P000_Q3.block
0x00C7A8CA,animation,blocks\VZ\vehiclenameanimgroup_mi35solano_P000_Q3.block
0x00C8B3BB,animation,blocks\VZ\vehicleclassanimgroup_hmmwv_P000_Q3.block
0x00DFC11D,lowresterrain,blocks\VZ\low_res_terrain_P000_Q3.block
0x00E6399F,path,blocks\VZ\resident_P000_Q3.block
0x00EE01E8,animation,blocks\VZ\vehiclenameanimgroup_mi26_P000_Q3.block
0x00EED5DC,path,blocks\VZ\resident_P000_Q3.block
0x00EF528D,animation,blocks\VZ\vehiclenameanimgroup_plz45_P000_Q3.block
0x00F01BA2,path,blocks\VZ\resident_P000_Q3.block
0x01067167,path,blocks\VZ\resident_P000_Q3.block
0x010E7B24,path,blocks\VZ\resident_P000_Q3.block
0x01156111,path,blocks\VZ\resident_P000_Q3.block
0x0115F817,scrub,blocks\VZ\c31070_P000_Q3.block
0x0116A7FC,effect,blocks\VZ\effects_P000_Q3.block
0x011A14C8,path,blocks\VZ\resident_P000_Q3.block
0x011ACDCC,scrub,blocks\VZ\c30796_P000_Q3.block
0x01222263,path,blocks\VZ\resident_P000_Q3.block
0x012BFC96,terrainmesh,blocks\VZ\c31363_P000_Q3.block
0x01312CCE,animation,blocks\VZ\resident_P000_Q3.block
0x013300BE,texture,blocks\Shell\scaleform_shell_P000_Q3.block
0x0140AD34,path,blocks\VZ\resident_P000_Q3.block
0x014636FB,path,blocks\VZ\resident_P000_Q3.block
0x0157B746,path,blocks\VZ\resident_P000_Q3.block
0x015A2F93,path,blocks\VZ\resident_P000_Q3.block
0x0162B67D,animation,blocks\VZ\vehiclenameanimgroup_riflewindow_P000_Q3.block
0x0163F2AA,animation,blocks\VZ\characternameanimgroup_jennifer_P000_Q3.block
0x0166820C,path,blocks\VZ\resident_P000_Q3.block
0x0170A38E,animation,blocks\VZ\resident_P000_Q3.block
0x017BC2E5,animation,blocks\VZ\characternameanimgroup_soldier_P000_Q3.block
0x0187A533,path,blocks\VZ\resident_P000_Q3.block
0x018A04DE,model,blocks\VZ\c31039_P000_Q3.block
0x018D02D9,animation,blocks\VZ\vehiclenameanimgroup_scooter_P000_Q3.block
0x019024B5,lineregion,blocks\VZ\resident_P000_Q3.block
0x0191C3F8,animation,blocks\VZ\vehiclenameanimgroup_rpgwindow_P000_Q3.block
0x019352FF,path,blocks\VZ\resident_P000_Q3.block
0x01A12BBE,path,blocks\VZ\resident_P000_Q3.block
0x01AAAA80,animation,blocks\VZ\vehiclenameanimgroup_ah1z_P000_Q3.block
0x01B3F23A,animation,blocks\VZ\vehicleclassanimgroup_autolargea_P000_Q3.block
0x01B52044,model,blocks\VZ\c32471_P000_Q3.block
0x01BF512C,path,blocks\VZ\resident_P000_Q3.block
0x01C06833,lineregion,blocks\VZ\resident_P000_Q3.block
0x01C49305,animation,blocks\VZ\resident_P000_Q3.block
0x01CA8A69,animation,blocks\VZ\characternameanimgroup_mattias_P000_Q3.block
0x01CF0C36,animation,blocks\VZ\vehiclenameanimgroup_wz551_P000_Q3.block
0x01D2E27D,model,blocks\VZ\c30400_P000_Q3.block
0x01D45C47,texture,blocks\Shell\scaleform_shell_P000_Q3.block
0x01D51114,path,blocks\VZ\resident_P000_Q3.block
0x01DB0F57,terrainmesh,blocks\VZ\c31364_P000_Q3.block
0x01EABBD5,path,blocks\VZ\resident_P000_Q3.block
0x01ED3D6F,model,blocks\VZ\c32154_P000_Q3.block
0x01FA2779,animation,blocks\VZ\characternameanimgroup_jennifer_P000_Q3.block
0x01FAD072,texture,blocks\Shell\scaleform_shell_P000_Q3.block
0x01FDA1A2,path,blocks\VZ\resident_P000_Q3.block
0x01FEF081,path,blocks\VZ\resident_P000_Q3.block
0x02005FA2,lowresterrain,blocks\VZ\low_res_terrain_P000_Q3.block
0x0203CA43,path,blocks\VZ\resident_P000_Q3.block
0x020488C2,lineregion,blocks\VZ\resident_P000_Q3.block
0x0212DC90,animation,blocks\VZ\vehiclenameanimgroup_saltonsea_P000_Q3.block
0x021A21FC,path,blocks\VZ\resident_P000_Q3.block
0x0239980A,path,blocks\VZ\resident_P000_Q3.block
0x023AB4A7,lowresterrain,blocks\VZ\low_res_terrain_P000_Q3.block
0x02401E1E,path,blocks\VZ\resident_P000_Q3.block
0x024105C8,path,blocks\VZ\resident_P000_Q3.block
0x0241A69A,lowresterrain,blocks\VZ\low_res_terrain_P000_Q3.block
0x024C2B2A,path,blocks\VZ\resident_P000_Q3.block
0x024FCD63,path,blocks\VZ\resident_P000_Q3.block
0x0252FF46,path,blocks\VZ\resident_P000_Q3.block
0x025D91FF,path,blocks\VZ\resident_P000_Q3.block
0x026B5F49,path,blocks\VZ\resident_P000_Q3.block
0x02725A34,path,blocks\VZ\resident_P000_Q3.block
0x027302FB,path,blocks\VZ\resident_P000_Q3.block
0x0276D762,path,blocks\VZ\resident_P000_Q3.block
0x02776B56,path,blocks\VZ\resident_P000_Q3.block
0x02778029,path,blocks\VZ\resident_P000_Q3.block
0x0277CD60,scrub,blocks\VZ\c31117_P000_Q3.block
0x027C943D,lowresterrain,blocks\VZ\low_res_terrain_P000_Q3.block
0x0284B97C,texture,blocks\Shell\scaleform_shell_P000_Q3.block
0x028D6AB1,path,blocks\VZ\resident_P000_Q3.block
0x0292D3A8,path,blocks\VZ\resident_P000_Q3.block
0x029614E1,lineregion,blocks\VZ\resident_P000_Q3.block
0x02969AE0,lineregion,blocks\VZ\resident_P000_Q3.block
0x02A90E29,animation,blocks\VZ\vehicleclassanimgroup_autosmall_P000_Q3.block
0x02A9DB31,animation,blocks\VZ\vehiclenameanimgroup_fishing_P000_Q3.block
0x02AE1442,scrub,blocks\VZ\c30554_P000_Q3.block
0x02AF2A4E,animation,blocks\VZ\resident_P000_Q3.block
0x02B0DBBD,animation,blocks\VZ\vehiclenameanimgroup_ks750_P000_Q3.block
0x02B3A7B7,lineregion,blocks\VZ\resident_P000_Q3.block
0x02B61239,path,blocks\VZ\resident_P000_Q3.block
0x02B9E137,animation,blocks\VZ\vehiclenameanimgroup_smallfishing_P000_Q3.block
0x02BBC01E,animation,blocks\VZ\vehiclenameanimgroup_md500_P000_Q3.block
0x02C295AE,lineregion,blocks\VZ\resident_P000_Q3.block
0x02C4975F,terrainmesh,blocks\VZ\c31128_P000_Q3.block
0x02C74DDE,path,blocks\VZ\resident_P000_Q3.block
0x02CAE9AA,model,blocks\VZ\effects_P000_Q3.block
0x02CB5E95,path,blocks\VZ\resident_P000_Q3.block
0x02D849BD,effect,blocks\VZ\effects_P000_Q3.block
0x02DA4FD9,animation,blocks\VZ\vehiclenameanimgroup_m1a2_P000_Q3.block
0x02E60E41,path,blocks\VZ\resident_P000_Q3.block
0x02F0D237,path,blocks\VZ\resident_P000_Q3.block
0x02F63DBE,animation,blocks\VZ\characternameanimgroup_soldier_P000_Q3.block
0x0303B6B2,animation,blocks\VZ\characternameanimgroup_chris_P000_Q3.block
0x0307555E,model,blocks\VZ\al_veh_apc_mgs_P000_Q3.block
0x03122851,path,blocks\VZ\resident_P000_Q3.block
0x031ADE7F,animation,blocks\VZ\vehiclenameanimgroup_vanquish_P000_Q3.block
0x031C0141,texture,blocks\Shell\scaleform_shell_P000_Q3.block
0x03211E58,path,blocks\VZ\resident_P000_Q3.block
0x032671DD,path,blocks\VZ\resident_P000_Q3.block
0x032BA567,path,blocks\VZ\resident_P000_Q3.block
0x03341BF8,path,blocks\VZ\resident_P000_Q3.block
0x0346A9CB,model,blocks\VZ\c31206_P000_Q3.block
0x034B26F9,model,blocks\VZ\c30470_P000_Q3.block
0x034CACB5,animation,blocks\VZ\resident_P000_Q3.block
0x03587437,model,blocks\VZ\c30418_P000_Q3.block
0x035DE8A0,animation,blocks\VZ\resident_P000_Q3.block
0x035E0BAF,lineregion,blocks\VZ\resident_P000_Q3.block
0x0365207A,path,blocks\VZ\resident_P000_Q3.block
0x03684434,path,blocks\VZ\resident_P000_Q3.block
0x036CC162,path,blocks\VZ\resident_P000_Q3.block
0x0371B907,path,blocks\VZ\resident_P000_Q3.block
0x0371BA71,animation,blocks\VZ\resident_P000_Q3.block
0x03763635,path,blocks\VZ\resident_P000_Q3.block
0x0378937E,path,blocks\VZ\resident_P000_Q3.block
0x037DF449,texture,blocks\Shell\scaleform_shell_P000_Q3.block
0x0380E43A,animation,blocks\VZ\vehiclenameanimgroup_mh53j_P000_Q3.block
0x0381DF9A,animation,blocks\VZ\vehiclenameanimgroup_nglv_P000_Q3.block
0x0389BEFC,path,blocks\VZ\resident_P000_Q3.block
0x0389F66F,animation,blocks\VZ\vehiclenameanimgroup_mh53j_P000_Q3.block
0x038B9E09,path,blocks\VZ\resident_P000_Q3.block
0x039FACEE,path,blocks\VZ\resident_P000_Q3.block
0x03A0BE6A,animation,blocks\VZ\vehicleclassanimgroup_motorcycle_P000_Q3.block
0x03A2FA60,path,blocks\VZ\resident_P000_Q3.block
0x03A6EE63,scrub,blocks\VZ\c30922_P000_Q3.block
0x03AED0EC,scrub,blocks\VZ\c31293_P000_Q3.block
0x03B9C51B,animation,blocks\VZ\vehiclenameanimgroup_m551_P000_Q3.block
0x03BD0113,animation,blocks\VZ\resident_P000_Q3.block
0x03C8AC5A,materialparam,blocks\VZ\resident_P000_Q3.block
0x03CAD528,animation,blocks\VZ\resident_P000_Q3.block
0x03D0BA53,path,blocks\VZ\resident_P000_Q3.block
0x03D7649C,path,blocks\VZ\resident_P000_Q3.block
0x03E15032,path,blocks\VZ\resident_P000_Q3.block
0x03E59E11,soundbank;sounddb;wavebank,blocks\English\vo_chincon004.english_P000_Q3.block
0x03E6395B,animation,blocks\VZ\vehiclenameanimgroup_alouette3_P000_Q3.block
0x0402518E,animation,blocks\VZ\vehiclenameanimgroup_ridgeline_P000_Q3.block
0x0405B4EE,animation,blocks\VZ\resident_P000_Q3.block
0x041A1E99,texture,blocks\Shell\scaleform_shell_P000_Q3.block
0x041D7786,path,blocks\VZ\resident_P000_Q3.block
0x0422FAE4,path,blocks\VZ\resident_P000_Q3.block
0x042578C8,path,blocks\VZ\resident_P000_Q3.block
0x04272D60,scrub,blocks\VZ\c31503_P000_Q3.block
0x042BE9AC,path,blocks\VZ\resident_P000_Q3.block
0x042D1FE0,path,blocks\VZ\resident_P000_Q3.block
0x042F514D,animation,blocks\VZ\vehiclenameanimgroup_dragster_P000_Q3.block
0x0431BD4E,animation,blocks\VZ\characternameanimgroup_mattias_P000_Q3.block
0x0438EDF8,animation,blocks\VZ\resident_P000_Q3.block
0x04441F41,animation,blocks\VZ\vehiclenameanimgroup_50cal_P000_Q3.block
0x04481474,scrub,blocks\VZ\c30547_P000_Q3.block
0x0448ED01,path,blocks\VZ\resident_P000_Q3.block
0x044D5400,effect,blocks\VZ\effects_P000_Q3.block
0x044DD24F,path,blocks\VZ\resident_P000_Q3.block
0x04528E66,path,blocks\VZ\resident_P000_Q3.block
0x04574B79,path,blocks\VZ\resident_P000_Q3.block
0x0458E2F0,path,blocks\VZ\resident_P000_Q3.block
0x04595D10,animation,blocks\VZ\vehiclenameanimgroup_wz10_P000_Q3.block
0x045A6306,path,blocks\VZ\resident_P000_Q3.block
0x0464654F,path,blocks\VZ\resident_P000_Q3.block
0x04775D73,lowresterrain,blocks\VZ\low_res_terrain_P000_Q3.block
0x04778D56,animation,blocks\VZ\vehiclenameanimgroup_stingray_P000_Q3.block
0x04794503,animation,blocks\VZ\vehiclenameanimgroup_escort_P000_Q3.block
0x04864792,animation,blocks\VZ\vehiclenameanimgroup_amx30_P000_Q3.block
0x04899724,path,blocks\VZ\resident_P000_Q3.block
0x048FFF17,animation,blocks\VZ\vehiclenameanimgroup_m1a2_P000_Q3.block
0x04918895,texture,blocks\Shell\scaleform_shell_P000_Q3.block
0x0493AE99,path,blocks\VZ\resident_P000_Q3.block
0x0494570A,path,blocks\VZ\resident_P000_Q3.block
0x04AA675E,animation,blocks\VZ\vehiclenameanimgroup_ks750_P000_Q3.block
0x04AEA5D6,path,blocks\VZ\resident_P000_Q3.block
0x04B5CBCB,lineregion,blocks\VZ\resident_P000_Q3.block
0x04B6FC7F,effect,blocks\VZ\effects_P000_Q3.block
0x04BDD8D0,path,blocks\VZ\resident_P000_Q3.block
0x04BF8C81,terrainmesh,blocks\VZ\c31397_P000_Q3.block
0x04C3855F,texture,blocks\Shell\scaleform_shell_P000_Q3.block
0x04C82AF9,path,blocks\VZ\resident_P000_Q3.block
0x04CD1330,path,blocks\VZ\resident_P000_Q3.block
0x04D0BEE1,scrub,blocks\VZ\c30896_P000_Q3.block
0x04D5BDAA,model,blocks\VZ\c33297_P000_Q3.block
0x04DEDC00,path,blocks\VZ\resident_P000_Q3.block
0x04E2325F,animation,blocks\VZ\vehiclenameanimgroup_scorpion90_P000_Q3.block
0x04EA2505,path,blocks\VZ\resident_P000_Q3.block
0x04F8590C,texture,blocks\Shell\scaleform_shell_P000_Q3.block
0x04FD221A,animation,blocks\VZ\resident_P000_Q3.block
0x04FDF82B,animation,blocks\VZ\vehicleclassanimgroup_autolargeb_P000_Q3.block
0x05033027,path,blocks\VZ\resident_P000_Q3.block
0x050847AB,path,blocks\VZ\resident_P000_Q3.block
0x05165D08,lowresterrain,blocks\VZ\low_res_terrain_P000_Q3.block
0x0524D696,path,blocks\VZ\resident_P000_Q3.block
0x052E7973,path,blocks\VZ\resident_P000_Q3.block
0x05314F0A,path,blocks\VZ\resident_P000_Q3.block
0x0531C6AA,scrub,blocks\VZ\c30922_P000_Q3.block
0x05381CA6,animation,blocks\VZ\characternameanimgroup_jennifer_P000_Q3.block
0x05396030,animation,blocks\VZ\vehicleclassanimgroup_monstertruck_P000_Q3.block
0x053C2BB9,animation,blocks\VZ\vehicleclassanimgroup_autolargea_P000_Q3.block
0x0547743C,path,blocks\VZ\resident_P000_Q3.block
0x055510C8,animation,blocks\VZ\vehiclenameanimgroup_ah1z_P000_Q3.block
0x05576FC6,lineregion,blocks\VZ\resident_P000_Q3.block
0x05594613,path,blocks\VZ\resident_P000_Q3.block
0x055E9085,model,blocks\VZ\c30403_P000_Q3.block
0x0565173E,path,blocks\VZ\resident_P000_Q3.block
0x0566D48D,path,blocks\VZ\resident_P000_Q3.block
0x056A19E1,scrub,blocks\VZ\c31386_P000_Q3.block
0x05728223,animation,blocks\VZ\characternameanimgroup_chris_P000_Q3.block
0x057A47B0,scrub,blocks\VZ\c30795_P000_Q3.block
0x057CB116,path,blocks\VZ\resident_P000_Q3.block
0x057CD323,lineregion,blocks\VZ\resident_P000_Q3.block
0x057F36B0,path,blocks\VZ\resident_P000_Q3.block
0x057FA780,animation,blocks\VZ\vehiclenameanimgroup_amx30_P000_Q3.block
0x05819F23,animation,blocks\VZ\characternameanimgroup_chris_P000_Q3.block
0x058D7003,path,blocks\VZ\resident_P000_Q3.block
0x058F5D24,animation,blocks\VZ\vehiclenameanimgroup_cigarette_P000_Q3.block
0x0592CF17,path,blocks\VZ\resident_P000_Q3.block
0x0593A1B6,animation,blocks\VZ\vehiclenameanimgroup_mi26_P000_Q3.block
0x05963193,path,blocks\VZ\resident_P000_Q3.block
0x059AA205,animation,blocks\VZ\vehiclenameanimgroup_dragster_P000_Q3.block
0x059DD524,effect,blocks\VZ\effects_P000_Q3.block
0x05B04A9B,path,blocks\VZ\resident_P000_Q3.block
0x05B1DC78,scrub,blocks\VZ\c30161_P000_Q3.block
0x05B440EA,path,blocks\VZ\resident_P000_Q3.block
0x05B80D68,animation,blocks\VZ\resident_P000_Q3.block
0x05BE9B8A,scrub,blocks\VZ\c31427_P000_Q3.block
0x05C1ED87,scrub,blocks\VZ\c30814_P000_Q3.block
0x05C7A175,animation,blocks\VZ\vehicleclassanimgroup_monstertruck_P000_Q3.block
0x05CA57A8,path,blocks\VZ\resident_P000_Q3.block
0x05CC3DCB,animation,blocks\VZ\vehiclenameanimgroup_chopper_P000_Q3.block
0x05CD8DA4,path,blocks\VZ\resident_P000_Q3.block
0x05D51D0C,animation,blocks\VZ\vehiclenameanimgroup_wz10_P000_Q3.block
0x05E40E38,animation,blocks\VZ\vehiclenameanimgroup_mh53j_P000_Q3.block
0x05ED45FC,model,blocks\VZ\c30932_P000_Q3.block
0x05FA5450,path,blocks\VZ\resident_P000_Q3.block
0x0602AA87,animation,blocks\VZ\characternameanimgroup_mattias_P000_Q3.block
0x060719C2,terrainmesh,blocks\VZ\c30634_P000_Q3.block
0x0607D21E,path,blocks\VZ\resident_P000_Q3.block
0x06084BBA,scrub,blocks\VZ\c30083_P000_Q3.block
0x060A9C6C,soundbank;sounddb;wavebank,blocks\English\vo_job_pir_boyakasha.english_P000_Q3.block
0x060AC81D,animation,blocks\VZ\resident_P000_Q3.block
0x060BFF74,terrainmesh,blocks\VZ\c31359_P000_Q3.block
0x0615F7AD,path,blocks\VZ\resident_P000_Q3.block
0x0618A43C,path,blocks\VZ\resident_P000_Q3.block
0x061CD10F,animation,blocks\VZ\characternameanimgroup_jennifer_P000_Q3.block
0x061D2235,path,blocks\VZ\resident_P000_Q3.block
0x062A6460,path,blocks\VZ\resident_P000_Q3.block
0x062EC7CB,path,blocks\VZ\resident_P000_Q3.block
0x062FC9FD,path,blocks\VZ\resident_P000_Q3.block
0x063247E1,path,blocks\VZ\resident_P000_Q3.block
0x06324C45,animation,blocks\VZ\vehiclenameanimgroup_ztz98_P000_Q3.block
0x063344F9,path,blocks\VZ\resident_P000_Q3.block
0x06355E6F,path,blocks\VZ\resident_P000_Q3.block
0x063E0D25,animation,blocks\VZ\vehicleclassanimgroup_wall_P000_Q3.block
0x0654FCF3,scrub,blocks\VZ\c31297_P000_Q3.block
0x066B55D2,path,blocks\VZ\resident_P000_Q3.block
0x066F550B,model,blocks\VZ\c33300_P000_Q3.block
0x06754478,animation,blocks\VZ\vehiclenameanimgroup_guerilla_P000_Q3.block
0x0675DDAC,animation,blocks\VZ\vehicleclassanimgroup_wall_P000_Q3.block
0x0678E10E,path,blocks\VZ\resident_P000_Q3.block
0x067AB57F,animation,blocks\VZ\characternameanimgroup_ochqmerc_P000_Q3.block
0x068148F4,path,blocks\VZ\resident_P000_Q3.block
0x0681C9F6,path,blocks\VZ\resident_P000_Q3.block
0x0685C622,path,blocks\VZ\resident_P000_Q3.block
0x0687E4D9,animation,blocks\VZ\vehicleclassanimgroup_telephonebooth_P000_Q3.block
0x068A4583,path,blocks\VZ\resident_P000_Q3.block
0x068D04DF,path,blocks\VZ\resident_P000_Q3.block
0x0696D2CE,terrainmesh,blocks\VZ\c30300_P000_Q3.block
0x06974A4B,animation,blocks\VZ\vehiclenameanimgroup_swamp_P000_Q3.block
0x0697A388,path,blocks\VZ\resident_P000_Q3.block
0x069B7350,path,blocks\VZ\resident_P000_Q3.block
0x06A4DB59,path,blocks\VZ\resident_P000_Q3.block
0x06AB8661,scrub,blocks\VZ\c30207_P000_Q3.block
0x06ADA002,lowresterrain,blocks\VZ\low_res_terrain_P000_Q3.block
0x06B79FEA,animation,blocks\VZ\vehiclenameanimgroup_v22_P000_Q3.block
0x06B7DF09,model,blocks\VZ\c31122_P000_Q3.block
0x06B85282,lowresterrain,blocks\VZ\low_res_terrain_P000_Q3.block
0x06BB6861,effect,blocks\VZ\effects_P000_Q3.block
0x06C3845C,scrub,blocks\VZ\c30304_P000_Q3.block
0x06C893DE,path,blocks\VZ\resident_P000_Q3.block
0x06CB95A5,path,blocks\VZ\resident_P000_Q3.block
0x06CC1279,animation,blocks\VZ\resident_P000_Q3.block
0x06D34D8C,animation,blocks\VZ\vehiclenameanimgroup_huey_P000_Q3.block
0x06E70E5D,path,blocks\VZ\resident_P000_Q3.block
0x06EA32B3,path,blocks\VZ\resident_P000_Q3.block
0x06F4F7E9,animation,blocks\VZ\resident_P000_Q3.block
0x06F60DD5,path,blocks\VZ\resident_P000_Q3.block
0x06F6FDF7,path,blocks\VZ\resident_P000_Q3.block
0x06FC559D,path,blocks\VZ\resident_P000_Q3.block
0x06FDF48A,path,blocks\VZ\resident_P000_Q3.block
0x06FFA4BF,scrub,blocks\VZ\c31501_P000_Q3.block
0x0706E0B8,animation,blocks\VZ\resident_P000_Q3.block
0x0707CAF8,path,blocks\VZ\resident_P000_Q3.block
0x070B7587,path,blocks\VZ\resident_P000_Q3.block
0x07102C7C,effect,blocks\VZ\effects_P000_Q3.block
0x07132BEC,path,blocks\VZ\resident_P000_Q3.block
0x071A454F,scrub,blocks\VZ\c30082_P000_Q3.block
0x071BC6FB,path,blocks\VZ\resident_P000_Q3.block
0x072E720C,animation,blocks\VZ\vehicleclassanimgroup_truckmid_P000_Q3.block
0x0733C852,path,blocks\VZ\resident_P000_Q3.block
0x0736C546,path,blocks\VZ\resident_P000_Q3.block
0x0737F8A8,font,blocks\Shell\russian_P000_Q3.block
0x07429B13,animation,blocks\VZ\resident_P000_Q3.block
0x0754CE5B,texture,blocks\Shell\french_P000_Q3.block
0x0757F7CA,texture,blocks\Shell\scaleform_shell_P000_Q3.block
0x075E7BFB,texture,blocks\Shell\scaleform_shell_P000_Q3.block
0x0762F929,texture,blocks\Shell\scaleform_shell_P000_Q3.block
0x0763495B,path,blocks\VZ\resident_P000_Q3.block
0x076445E8,path,blocks\VZ\resident_P000_Q3.block
0x076A6136,animation,blocks\VZ\characternameanimgroup_jennifer_P000_Q3.block
0x076B1696,lowresterrain,blocks\VZ\low_res_terrain_P000_Q3.block
0x07718BF7,animation,blocks\VZ\characternameanimgroup_chris_P000_Q3.block
0x0771B15F,animation,blocks\VZ\resident_P000_Q3.block
0x0774810C,animation,blocks\VZ\vehiclenameanimgroup_m1a2_P000_Q3.block
0x0787DEEB,path,blocks\VZ\resident_P000_Q3.block
0x0797921F,path,blocks\VZ\resident_P000_Q3.block
0x079CCED5,scrub,blocks\VZ\c30441_P000_Q3.block
0x07AADFAF,animation,blocks\VZ\resident_P000_Q3.block
0x07AB05A8,path,blocks\VZ\resident_P000_Q3.block
0x07B3EC72,animation,blocks\VZ\vehiclenameanimgroup_m551_P000_Q3.block
0x07B982D6,model,blocks\VZ\c32612_P000_Q3.block
0x07BA28D1,effect,blocks\VZ\effects_P000_Q3.block
0x07BCA602,path,blocks\VZ\resident_P000_Q3.block
0x07C7F26B,animation,blocks\VZ\vehiclenameanimgroup_scorpion90_P000_Q3.block
0x07C7F3F2,path,blocks\VZ\resident_P000_Q3.block
0x07D65BFD,animation,blocks\VZ\vehiclenameanimgroup_ridgeline_P000_Q3.block
0x07D70F65,path,blocks\VZ\resident_P000_Q3.block
0x07E05998,path,blocks\VZ\resident_P000_Q3.block
0x07EB315D,path,blocks\VZ\resident_P000_Q3.block
0x07EEDE8E,path,blocks\VZ\resident_P000_Q3.block
0x07F4D878,path,blocks\VZ\resident_P000_Q3.block
0x07F517B1,animation,blocks\VZ\vehiclenameanimgroup_stingray_P000_Q3.block
0x07F6D63F,path,blocks\VZ\resident_P000_Q3.block
0x07FC456B,model,blocks\VZ\c31090_P000_Q3.block
0x080CDE98,path,blocks\VZ\resident_P000_Q3.block
0x080D4A63,path,blocks\VZ\resident_P000_Q3.block
0x08235D42,animation,blocks\VZ\resident_P000_Q3.block
0x082577B4,terrainmesh,blocks\VZ\c31375_P000_Q3.block
0x082B96E0,animation,blocks\VZ\vehiclenameanimgroup_guerillab_P000_Q3.block
0x08354E4C,path,blocks\VZ\resident_P000_Q3.block
0x083BD29F,path,blocks\VZ\resident_P000_Q3.block
0x083BFD3B,animation,blocks\VZ\resident_P000_Q3.block
0x083FEB05,lineregion,blocks\VZ\resident_P000_Q3.block
0x084991AC,lowresterrain,blocks\VZ\low_res_terrain_P000_Q3.block
0x084DC7D4,animation,blocks\VZ\resident_P000_Q3.block
0x084E7780,animation,blocks\VZ\resident_P000_Q3.block
0x0862E8AA,path,blocks\VZ\resident_P000_Q3.block
0x0866B59E,path,blocks\VZ\resident_P000_Q3.block
0x086F3E19,terrainmesh,blocks\VZ\c31058_P000_Q3.block
0x087083FB,path,blocks\VZ\resident_P000_Q3.block
0x08761AA2,lineregion,blocks\VZ\resident_P000_Q3.block
0x087D3B6D,scrub,blocks\VZ\c30441_P000_Q3.block
0x087F2180,path,blocks\VZ\resident_P000_Q3.block
0x088974F7,path,blocks\VZ\resident_P000_Q3.block
0x088B1DEC,animation,blocks\VZ\vehiclenameanimgroup_swamp_P000_Q3.block
0x088B903D,path,blocks\VZ\resident_P000_Q3.block
0x089CC79C,soundbank;sounddb;wavebank,blocks\English\vo_pmccon003.english_P000_Q3.block
0x08A128B2,path,blocks\VZ\resident_P000_Q3.block
0x08B0C6B2,animation,blocks\VZ\vehiclenameanimgroup_amx30aa_P000_Q3.block
0x08B206E3,path,blocks\VZ\resident_P000_Q3.block
0x08BA4B01,animation,blocks\VZ\vehiclenameanimgroup_m551_P000_Q3.block
0x08C2A4B7,animation,blocks\VZ\vehiclenameanimgroup_patrol_P000_Q3.block
0x08C36EB9,path,blocks\VZ\resident_P000_Q3.block
0x08C8D6BC,path,blocks\VZ\resident_P000_Q3.block
0x08C90B9E,lineregion,blocks\VZ\resident_P000_Q3.block
0x08CD6BC1,path,blocks\VZ\resident_P000_Q3.block
0x08CE03FD,lineregion,blocks\VZ\resident_P000_Q3.block
0x08D1A067,path,blocks\VZ\resident_P000_Q3.block
0x08D50439,path,blocks\VZ\resident_P000_Q3.block
0x08D9775B,path,blocks\VZ\resident_P000_Q3.block
0x08DD5F45,scrub,blocks\VZ\c30579_P000_Q3.block
0x08E03DEE,path,blocks\VZ\resident_P000_Q3.block
0x08E1DA9C,animation,blocks\VZ\resident_P000_Q3.block
0x08E3D91C,path,blocks\VZ\resident_P000_Q3.block
0x08E55F05,animation,blocks\VZ\vehiclenameanimgroup_ka29b_P000_Q3.block
0x08EA75CC,path,blocks\VZ\resident_P000_Q3.block
0x08F05492,texture,blocks\Shell\scaleform_shell_P000_Q3.block
0x08FB022B,path,blocks\VZ\resident_P000_Q3.block
0x08FC7E31,scrub,blocks\VZ\c30629_P000_Q3.block
0x08FD116F,animation,blocks\VZ\resident_P000_Q3.block
0x09010BD3,scrub,blocks\VZ\c30513_P000_Q3.block
0x09013BD8,scrub,blocks\VZ\c30430_P000_Q3.block
0x090206F3,scrub,blocks\VZ\c31374_P000_Q3.block
0x0902D030,path,blocks\VZ\resident_P000_Q3.block
0x0903DC4A,texture,blocks\Shell\scaleform_shell_P000_Q3.block
0x09139BCD,model,blocks\VZ\c30940_P000_Q3.block
0x09161DCA,lineregion,blocks\VZ\resident_P000_Q3.block
0x09183D88,animation,blocks\VZ\vehiclenameanimgroup_huangfeng_P000_Q3.block
0x0918C4E6,lineregion,blocks\VZ\resident_P000_Q3.block
0x0919CC1C,texture,blocks\Shell\scaleform_shell_P000_Q3.block
0x091BF60C,animation,blocks\VZ\resident_P000_Q3.block
0x091C6175,scrub,blocks\VZ\c31501_P000_Q3.block
0x091CC7B1,animation,blocks\VZ\resident_P000_Q3.block
0x0929C360,animation,blocks\VZ\vehicleclassanimgroup_truckmid_P000_Q3.block
0x09321497,animation,blocks\VZ\vehiclenameanimgroup_guerilla_P000_Q3.block
0x093335F4,animation,blocks\VZ\vehiclenameanimgroup_armwrestle_P000_Q3.block
0x09365EBE,terrainmesh,blocks\VZ\c31251_P000_Q3.block
0x0938D966,animation,blocks\VZ\vehiclenameanimgroup_huey_P000_Q3.block
0x094D825A,path,blocks\VZ\resident_P000_Q3.block
0x095105AF,animation,blocks\VZ\vehiclenameanimgroup_dragster_P000_Q3.block
0x09517644,texture,blocks\Shell\scaleform_shell_P000_Q3.block
0x0952F5F7,scrub,blocks\VZ\c31117_P000_Q3.block
0x0955F372,texture,blocks\Shell\scaleform_shell_P000_Q3.block
0x095ED887,lowresterrain,blocks\VZ\low_res_terrain_P000_Q3.block
0x0965CF52,texture,blocks\Shell\scaleform_shell_P000_Q3.block
0x096917E4,animation,blocks\VZ\characternameanimgroup_mattias_P000_Q3.block
0x096D1790,scrub,blocks\VZ\c30085_P000_Q3.block
0x09701B5A,path,blocks\VZ\resident_P000_Q3.block
0x09759471,animation,blocks\VZ\vehiclenameanimgroup_swamp_P000_Q3.block
0x0979570A,texture,blocks\Shell\scaleform_shell_P000_Q3.block
0x097BB02F,effect,blocks\VZ\effects_P000_Q3.block
0x097E5ED9,scrub,blocks\VZ\c30900_P000_Q3.block
0x09979B67,path,blocks\VZ\resident_P000_Q3.block
0x099A28AC,animation,blocks\VZ\vehiclenameanimgroup_md500_P000_Q3.block
0x09A24E88,model,blocks\VZ\c31037_P000_Q3.block
0x09A40EBB,path,blocks\VZ\resident_P000_Q3.block
0x09A4295C,animation,blocks\VZ\vehiclenameanimgroup_alouette3_P000_Q3.block
0x09A4D47E,path,blocks\VZ\resident_P000_Q3.block
0x09A7FAD5,path,blocks\VZ\resident_P000_Q3.block
0x09AFC853,path,blocks\VZ\resident_P000_Q3.block
0x09D09E5B,animation,blocks\VZ\vehiclenameanimgroup_m101a_P000_Q3.block
0x09D4C38A,path,blocks\VZ\resident_P000_Q3.block
0x09E1A907,animation,blocks\VZ\vehiclenameanimgroup_sportbike_P000_Q3.block
0x09E70F62,path,blocks\VZ\resident_P000_Q3.block
0x09E85CDF,path,blocks\VZ\resident_P000_Q3.block
0x09EF0786,animation,blocks\VZ\vehiclenameanimgroup_md500_P000_Q3.block
0x09F6BAA3,path,blocks\VZ\resident_P000_Q3.block
0x09F91010,animation,blocks\VZ\vehiclenameanimgroup_armwrestle_P000_Q3.block
0x09FEDEC2,path,blocks\VZ\resident_P000_Q3.block
0x0A03C6BB,animation,blocks\VZ\resident2_P000_Q3.block
0x0A06F9BD,animation,blocks\VZ\characternameanimgroup_chris_P000_Q3.block
0x0A07A228,animation,blocks\VZ\vehiclenameanimgroup_md500_P000_Q3.block
0x0A091D81,path,blocks\VZ\resident_P000_Q3.block
0x0A0B6D43,path,blocks\VZ\resident_P000_Q3.block
0x0A0BD837,scrub,blocks\VZ\c30819_P000_Q3.block
0x0A0E3664,animation,blocks\VZ\vehiclenameanimgroup_scooter_P000_Q3.block
0x0A12056E,scrub,blocks\VZ\c30867_P000_Q3.block
0x0A152B97,terrainmesh,blocks\VZ\c31193_P000_Q3.block
0x0A18C4F7,animation,blocks\VZ\resident_P000_Q3.block
0x0A18F87D,scrub,blocks\VZ\c30963_P000_Q3.block
0x0A23EDC2,path,blocks\VZ\resident_P000_Q3.block
0x0A37757A,path,blocks\VZ\resident_P000_Q3.block
0x0A38FFBD,path,blocks\VZ\resident_P000_Q3.block
0x0A3BD579,lowresterrain,blocks\VZ\low_res_terrain_P000_Q3.block
0x0A421D65,path,blocks\VZ\resident_P000_Q3.block
0x0A4B3C3F,animation,blocks\VZ\vehiclenameanimgroup_m1a2_P000_Q3.block
0x0A4D0FAE,path,blocks\VZ\resident_P000_Q3.block
0x0A52EA01,animation,blocks\VZ\resident2_P000_Q3.block
0x0A53378B,animation,blocks\VZ\resident_P000_Q3.block
0x0A57890C,path,blocks\VZ\resident_P000_Q3.block
0x0A78E5BA,path,blocks\VZ\resident_P000_Q3.block
0x0A852587,path,blocks\VZ\resident_P000_Q3.block
0x0A89A2B5,path,blocks\VZ\resident_P000_Q3.block
0x0A98C15A,animation,blocks\VZ\resident_P000_Q3.block
0x0AA53C06,animation,blocks\VZ\resident_P000_Q3.block
0x0AA5A1CD,path,blocks\VZ\resident_P000_Q3.block
0x0AAE6D5A,model,blocks\VZ\c33294_P000_Q3.block
0x0AAFC407,animation,blocks\VZ\vehiclenameanimgroup_armwrestle_P000_Q3.block
0x0AB0B0C1,path,blocks\VZ\resident_P000_Q3.block
0x0ABC2DB7,path,blocks\VZ\resident_P000_Q3.block
0x0ABF4A40,path,blocks\VZ\resident_P000_Q3.block
0x0ACB40D9,path,blocks\VZ\resident_P000_Q3.block
0x0ACC4042,path,blocks\VZ\resident_P000_Q3.block
0x0ACC7070,terrainmesh,blocks\VZ\c31106_P000_Q3.block
0x0ACFA88B,path,blocks\VZ\resident_P000_Q3.block
0x0AD00ECD,path,blocks\VZ\resident_P000_Q3.block
0x0AD10518,animation,blocks\VZ\vehicleclassanimgroup_automedium_P000_Q3.block
0x0AE0AA0D,terrainmesh,blocks\VZ\c30833_P000_Q3.block
0x0AE0B812,terrainmesh,blocks\VZ\c30202_P000_Q3.block
0x0AE19446,animation,blocks\VZ\characternameanimgroup_soldier_P000_Q3.block
0x0AEE174D,animation,blocks\VZ\vehiclenameanimgroup_mtv50cal_P000_Q3.block
0x0AF0DBC6,path,blocks\VZ\resident_P000_Q3.block
0x0B010E20,animation,blocks\VZ\vehiclenameanimgroup_wz10_P000_Q3.block
0x0B05655C,animation,blocks\VZ\vehiclenameanimgroup_huey_P000_Q3.block
0x0B06CFF9,path,blocks\VZ\resident_P000_Q3.block
0x0B0E7636,scrub,blocks\VZ\c31415_P000_Q3.block
0x0B1919FA,terrainmesh,blocks\VZ\c31226_P000_Q3.block
0x0B1D95FC,path,blocks\VZ\resident_P000_Q3.block
0x0B268120,animation,blocks\VZ\vehicleclassanimgroup_buggy_P000_Q3.block
0x0B276B1B,path,blocks\VZ\resident_P000_Q3.block
0x0B2887FD,path,blocks\VZ\resident_P000_Q3.block
0x0B35827B,animation,blocks\VZ\resident_P000_Q3.block
0x0B369018,scrub,blocks\VZ\c30795_P000_Q3.block
0x0B374786,scrub,blocks\VZ\c31375_P000_Q3.block
0x0B3B7B8A,animation,blocks\VZ\vehicleclassanimgroup_hmmwv_P000_Q3.block
0x0B3D8FF5,scrub,blocks\VZ\c30019_P000_Q3.block
0x0B3E8072,path,blocks\VZ\resident_P000_Q3.block
0x0B44599D,texture,blocks\Shell\scaleform_shell_P000_Q3.block
0x0B47D5CF,lowresterrain,blocks\VZ\low_res_terrain_P000_Q3.block
0x0B480F23,effect,blocks\VZ\effects_P000_Q3.block
0x0B4C79B4,model,blocks\VZ\c31052_P000_Q3.block
0x0B523350,path,blocks\VZ\resident_P000_Q3.block
0x0B59A5F3,path,blocks\VZ\resident_P000_Q3.block
0x0B5CFE05,path,blocks\VZ\resident_P000_Q3.block
0x0B5D5910,lowresterrain,blocks\VZ\low_res_terrain_P000_Q3.block
0x0B74CC80,model,blocks\VZ\c33297_P000_Q3.block
0x0B76BAFC,terrainmesh,blocks\VZ\c30316_P000_Q3.block
0x0B7BD84A,animation,blocks\VZ\resident_P000_Q3.block
0x0B7EFEC4,path,blocks\VZ\resident_P000_Q3.block
0x0B808ACA,path,blocks\VZ\resident_P000_Q3.block
0x0B827E0F,texture,blocks\Shell\scaleform_shell_P000_Q3.block
0x0B8E2C15,animation,blocks\VZ\resident_P000_Q3.block
0x0B9027CF,path,blocks\VZ\resident_P000_Q3.block
0x0B91C08B,lineregion,blocks\VZ\resident_P000_Q3.block
0x0B963DB9,lineregion,blocks\VZ\resident_P000_Q3.block
0x0B9C5C62,scrub,blocks\VZ\c31245_P000_Q3.block
0x0BAB06DF,terrainmesh,blocks\VZ\c30311_P000_Q3.block
0x0BAB161E,scrub,blocks\VZ\c31503_P000_Q3.block
0x0BAEE472,terrainmesh,blocks\VZ\c31485_P000_Q3.block
0x0BB2849D,path,blocks\VZ\resident_P000_Q3.block
0x0BBD20A3,model,blocks\VZ\c39998_P000_Q3.block
0x0BC5CDA9,lowresterrain,blocks\VZ\low_res_terrain_P000_Q3.block
0x0BCC49BD,path,blocks\VZ\resident_P000_Q3.block
0x0BCC4FF4,path,blocks\VZ\resident_P000_Q3.block
0x0BCF19B6,path,blocks\VZ\resident_P000_Q3.block
0x0BD1245E,path,blocks\VZ\resident_P000_Q3.block
0x0BD15185,path,blocks\VZ\resident_P000_Q3.block
0x0BD9889B,effect,blocks\VZ\effects_P000_Q3.block
0x0BE5E32E,animation,blocks\VZ\characternameanimgroup_chris_P000_Q3.block
0x0BE6DCD2,scrub,blocks\VZ\c31061_P000_Q3.block
0x0BF734AC,path,blocks\VZ\resident_P000_Q3.block
0x0C04A3C0,model,blocks\VZ\c33298_P000_Q3.block
0x0C0CCE5A,path,blocks\VZ\resident_P000_Q3.block
0x0C18ECC5,animation,blocks\VZ\vehiclenameanimgroup_cutter_P000_Q3.block
0x0C1F51E3,animation,blocks\VZ\resident_P000_Q3.block
0x0C3460E6,path,blocks\VZ\resident_P000_Q3.block
0x0C34D20A,animation,blocks\VZ\resident_P000_Q3.block
0x0C3760C6,animation,blocks\VZ\vehicleclassanimgroup_jetski_P000_Q3.block
0x0C3DD877,animation,blocks\VZ\vehicleclassanimgroup_automedium_P000_Q3.block
0x0C3ED6EF,path,blocks\VZ\resident_P000_Q3.block
0x0C3F6D30,path,blocks\VZ\resident_P000_Q3.block
0x0C43AB14,animation,blocks\VZ\vehicleclassanimgroup_truckmid_P000_Q3.block
0x0C4B7CD4,path,blocks\VZ\resident_P000_Q3.block
0x0C54725A,path,blocks\VZ\resident_P000_Q3.block
0x0C561D09,terrainmesh,blocks\VZ\c31066_P000_Q3.block
0x0C5EECCC,path,blocks\VZ\resident_P000_Q3.block
0x0C613DC1,animation,blocks\VZ\resident_P000_Q3.block
0x0C63FA7F,path,blocks\VZ\resident_P000_Q3.block
0x0C653E97,model,blocks\VZ\pmcoutpost_misc_P000_Q3.block
0x0C666AA2,path,blocks\VZ\resident_P000_Q3.block
0x0C6AA65C,animation,blocks\VZ\resident_P000_Q3.block
0x0C778237,path,blocks\VZ\resident_P000_Q3.block
0x0C8DB486,path,blocks\VZ\resident_P000_Q3.block
0x0C8EA2AD,path,blocks\VZ\resident_P000_Q3.block
0x0C8FA770,path,blocks\VZ\resident_P000_Q3.block
0x0C945EF8,path,blocks\VZ\resident_P000_Q3.block
0x0C9674EE,path,blocks\VZ\resident_P000_Q3.block
0x0C9CA601,model,blocks\VZ\c30224_P000_Q3.block
0x0C9FAA40,terrainmesh,blocks\VZ\c30177_P000_Q3.block
0x0CA9AAAE,animation,blocks\VZ\vehiclenameanimgroup_wz10_P000_Q3.block
0x0CB86FD9,path,blocks\VZ\resident_P000_Q3.block
0x0CC21AA4,animation,blocks\VZ\vehiclenameanimgroup_zbd2000_P000_Q3.block
0x0CCA15B4,path,blocks\VZ\resident_P000_Q3.block
0x0CCE92E2,path,blocks\VZ\resident_P000_Q3.block
0x0CCEE1C7,animation,blocks\VZ\characternameanimgroup_chinese_P000_Q3.block
0x0CCF55E1,terrainmesh,blocks\VZ\c30638_P000_Q3.block
0x0CD2E726,animation,blocks\VZ\vehiclenameanimgroup_md500_P000_Q3.block
0x0CD3B4AC,animation,blocks\VZ\resident_P000_Q3.block
0x0CDA6B6A,path,blocks\VZ\resident_P000_Q3.block
0x0CE92292,path,blocks\VZ\resident_P000_Q3.block
0x0CED4229,animation,blocks\VZ\vehicleclassanimgroup_wall_P000_Q3.block
0x0CF4FB2B,animation,blocks\VZ\vehiclenameanimgroup_huey_P000_Q3.block
0x0CF8CB59,path,blocks\VZ\resident_P000_Q3.block
0x0CFCEBC1,path,blocks\VZ\resident_P000_Q3.block
0x0D00F6CC,font,blocks\Shell\italian_P000_Q3.block
0x0D015E20,path,blocks\VZ\resident_P000_Q3.block
0x0D0548C3,animation,blocks\VZ\resident_P000_Q3.block
0x0D0B8CF5,model,blocks\VZ\c30934_P000_Q3.block
0x0D1429B1,path,blocks\VZ\resident_P000_Q3.block
0x0D14E221,path,blocks\VZ\resident_P000_Q3.block
0x0D152241,path,blocks\VZ\resident_P000_Q3.block
0x0D266957,path,blocks\VZ\resident_P000_Q3.block
0x0D2995D6,animation,blocks\VZ\resident_P000_Q3.block
0x0D2C2864,path,blocks\VZ\resident_P000_Q3.block
0x0D307B45,animation,blocks\VZ\vehiclenameanimgroup_ridgeline_P000_Q3.block
0x0D36F505,animation,blocks\VZ\characternameanimgroup_chris_P000_Q3.block
0x0D3E3BB3,path,blocks\VZ\resident_P000_Q3.block
0x0D49F205,path,blocks\VZ\resident_P000_Q3.block
0x0D4AEFD4,scrub,blocks\VZ\c30443_P000_Q3.block
0x0D4F3CB5,scrub,blocks\VZ\c30099_P000_Q3.block
0x0D508847,scrub,blocks\VZ\c30241_P000_Q3.block
0x0D6E18DC,animation,blocks\VZ\characternameanimgroup_mattias_P000_Q3.block
0x0D6EF4BF,path,blocks\VZ\resident_P000_Q3.block
0x0D7CD01D,animation,blocks\VZ\vehicleclassanimgroup_truckmid_P000_Q3.block
0x0D80AAC5,model,blocks\VZ\c31355_P000_Q3.block
0x0D82E341,path,blocks\VZ\resident_P000_Q3.block
0x0D8AC587,animation,blocks\VZ\vehiclenameanimgroup_mi35solano_P000_Q3.block
0x0D8E201D,path,blocks\VZ\resident_P000_Q3.block
0x0D91D049,path,blocks\VZ\resident_P000_Q3.block
0x0D986E21,path,blocks\VZ\resident_P000_Q3.block
0x0D9BCCDE,animation,blocks\VZ\resident_P000_Q3.block
0x0DA55801,path,blocks\VZ\resident_P000_Q3.block
0x0DA8C5CD,animation,blocks\VZ\resident_P000_Q3.block
0x0DA8F1F1,path,blocks\VZ\resident_P000_Q3.block
0x0DB363AE,animation,blocks\VZ\vehiclenameanimgroup_fishing_P000_Q3.block
0x0DBC347C,model,blocks\VZ\c33298_P000_Q3.block
0x0DC1A679,animation,blocks\VZ\vehiclenameanimgroup_t300_P000_Q3.block
0x0DCB6239,animation,blocks\VZ\vehiclenameanimgroup_m101a_P000_Q3.block
0x0DCE6C47,path,blocks\VZ\resident_P000_Q3.block
0x0DD3CE43,animation,blocks\VZ\vehicleclassanimgroup_autosmall_P000_Q3.block
0x0DDC4BD4,path,blocks\VZ\resident_P000_Q3.block
0x0DDD8CE5,animation,blocks\VZ\vehiclenameanimgroup_mi35solano_P000_Q3.block
0x0DE067CC,path,blocks\VZ\resident_P000_Q3.block
0x0DE0E00B,path,blocks\VZ\resident_P000_Q3.block
0x0DE4F1DE,path,blocks\VZ\resident_P000_Q3.block
0x0DE5821B,chatter,blocks\VZ\resident_P000_Q3.block
0x0DE6EDD3,path,blocks\VZ\resident_P000_Q3.block
0x0DE7EF75,animation,blocks\VZ\vehiclenameanimgroup_pgz95_P000_Q3.block
0x0DEC0580,terrainmesh,blocks\VZ\c31227_P000_Q3.block
0x0DF4CB93,animation,blocks\VZ\vehiclenameanimgroup_scorpiondpv_P000_Q3.block
0x0DF678FC,path,blocks\VZ\resident_P000_Q3.block
0x0E001D23,scrub,blocks\VZ\c31238_P000_Q3.block
0x0E0EF181,animation,blocks\VZ\vehiclenameanimgroup_turbosquid_P000_Q3.block
0x0E17D3DA,animation,blocks\VZ\vehiclenameanimgroup_alouette3_P000_Q3.block
0x0E18B683,animation,blocks\VZ\characternameanimgroup_jennifer_P000_Q3.block
0x0E22095C,path,blocks\VZ\resident_P000_Q3.block
0x0E2349EF,path,blocks\VZ\resident_P000_Q3.block
0x0E248FBE,terrainmesh,blocks\VZ\c30504_P000_Q3.block
0x0E33AF2C,animation,blocks\VZ\vehiclenameanimgroup_md500_P000_Q3.block
0x0E34C50D,animation,blocks\VZ\resident_P000_Q3.block
0x0E34E2D6,animation,blocks\VZ\vehiclenameanimgroup_m113_P000_Q3.block
0x0E42898B,animation,blocks\VZ\vehiclenameanimgroup_laviii_P000_Q3.block
0x0E47A64B,path,blocks\VZ\resident_P000_Q3.block
0x0E4A5BB6,animation,blocks\VZ\vehiclenameanimgroup_alouette3_P000_Q3.block
0x0E4C2379,path,blocks\VZ\resident_P000_Q3.block
0x0E4C4AFF,texture,blocks\Shell\scaleform_shell_P000_Q3.block
0x0E4EEA7B,lowresterrain,blocks\VZ\low_res_terrain_P000_Q3.block
0x0E57C6D9,path,blocks\VZ\resident_P000_Q3.block
0x0E5CAD09,animation,blocks\VZ\vehiclenameanimgroup_rpgwindow_P000_Q3.block
0x0E5E1D12,animation,blocks\VZ\characternameanimgroup_chris_P000_Q3.block
0x0E67A76F,path,blocks\VZ\resident_P000_Q3.block
0x0E686469,path,blocks\VZ\resident_P000_Q3.block
0x0E6A7F61,effect,blocks\VZ\effects_P000_Q3.block
0x0E6B2CCC,path,blocks\VZ\resident_P000_Q3.block
0x0E740A26,path,blocks\VZ\resident_P000_Q3.block
0x0E7D6AD4,path,blocks\VZ\resident_P000_Q3.block
0x0E7E7161,texture,blocks\VZ\pmcoutpost_bld_dock_P000_Q3.block
0x0E80EBB9,path,blocks\VZ\resident_P000_Q3.block
0x0E8653BC,path,blocks\VZ\resident_P000_Q3.block
0x0E943447,path,blocks\VZ\resident_P000_Q3.block
0x0E9ED3FD,effect,blocks\VZ\effects_P000_Q3.block
0x0EA1F19E,texture,blocks\Shell\scaleform_shell_P000_Q3.block
0x0EA40F24,animation,blocks\VZ\vehicleclassanimgroup_hmmwv_P000_Q3.block
0x0EA9651F,path,blocks\VZ\resident_P000_Q3.block
0x0EAE74BC,effect,blocks\VZ\effects_P000_Q3.block
0x0EAF75E1,path,blocks\VZ\resident_P000_Q3.block
0x0EB0E710,path,blocks\VZ\resident_P000_Q3.block
0x0EB4B2B1,animation,blocks\VZ\vehiclenameanimgroup_huangfeng_P000_Q3.block
0x0EB6A796,effect,blocks\VZ\effects_P000_Q3.block
0x0EB9B669,animation,blocks\VZ\characternameanimgroup_mattias_P000_Q3.block
0x0EBB8187,path,blocks\VZ\resident_P000_Q3.block
0x0EC1594A,texture,blocks\Shell\scaleform_shell_P000_Q3.block
0x0ECD1DA4,path,blocks\VZ\resident_P000_Q3.block
0x0ED048AB,path,blocks\VZ\resident_P000_Q3.block
0x0ED44633,animation,blocks\VZ\vehicleclassanimgroup_automedium_P000_Q3.block
0x0EDD159D,animation,blocks\VZ\resident_P000_Q3.block
0x0EE01828,animation,blocks\VZ\vehicleclassanimgroup_autolargea_P000_Q3.block
0x0EE5FC8E,path,blocks\VZ\resident_P000_Q3.block
0x0EE92928,path,blocks\VZ\resident_P000_Q3.block
0x0EECF9BA,path,blocks\VZ\resident_P000_Q3.block
0x0EEFF010,animation,blocks\VZ\characternameanimgroup_chris_P000_Q3.block
0x0EF1280C,effect,blocks\VZ\effects_P000_Q3.block
0x0EF27B61,animation,blocks\VZ\vehicleclassanimgroup_truckmid_P000_Q3.block
0x0EF3EDFA,animation,blocks\VZ\vehicleclassanimgroup_automedium_P000_Q3.block
0x0EF46AA2,animation,blocks\VZ\vehiclenameanimgroup_turbosquid_P000_Q3.block
0x0EFE2B64,animation,blocks\VZ\characternameanimgroup_soldier_P000_Q3.block
0x0F09A3C9,path,blocks\VZ\resident_P000_Q3.block
0x0F0A0D5E,animation,blocks\VZ\vehiclenameanimgroup_ridgeline_P000_Q3.block
0x0F0F84AE,lineregion,blocks\VZ\resident_P000_Q3.block
0x0F11B0D5,animation,blocks\VZ\vehicleclassanimgroup_automedium_P000_Q3.block
0x0F19BB31,terrainmesh,blocks\VZ\c31520_P000_Q3.block
0x0F1C1609,path,blocks\VZ\resident_P000_Q3.block
0x0F234C52,texture,blocks\Shell\scaleform_shell_P000_Q3.block
0x0F335D26,model,blocks\VZ\resident2_P000_Q3.block
0x0F344F5E,path,blocks\VZ\resident_P000_Q3.block
0x0F3468B3,effect,blocks\VZ\effects_P000_Q3.block
0x0F3783D6,effect,blocks\VZ\effects_P000_Q3.block
0x0F38F77D,path,blocks\VZ\resident_P000_Q3.block
0x0F50041C,animation,blocks\VZ\vehiclenameanimgroup_armored bank truck_P000_Q3.block
0x0F5029F7,path,blocks\VZ\resident_P000_Q3.block
0x0F51C16F,animation,blocks\VZ\vehiclenameanimgroup_stingray_P000_Q3.block
0x0F5B0B15,animation,blocks\VZ\vehiclenameanimgroup_vanquish_P000_Q3.block
0x0F62A139,lowresterrain,blocks\VZ\low_res_terrain_P000_Q3.block
0x0F706E70,animation,blocks\VZ\vehiclenameanimgroup_stingray_P000_Q3.block
0x0F76701D,path,blocks\VZ\resident_P000_Q3.block
0x0F76BA3E,animation,blocks\VZ\vehicleclassanimgroup_autolargea_P000_Q3.block
0x0F7A481B,lineregion,blocks\VZ\resident_P000_Q3.block
0x0F7CEF63,path,blocks\VZ\resident_P000_Q3.block
0x0F7F31B1,animation,blocks\VZ\vehiclenameanimgroup_m113_P000_Q3.block
0x0F811AD5,texture,blocks\Shell\scaleform_shell_P000_Q3.block
0x0F82A358,animation,blocks\VZ\vehicleclassanimgroup_autolargeb_P000_Q3.block
0x0F83A400,animation,blocks\VZ\characternameanimgroup_jennifer_P000_Q3.block
0x0F85F7D3,animation,blocks\VZ\vehiclenameanimgroup_ztz98_P000_Q3.block
0x0F87EB50,path,blocks\VZ\resident_P000_Q3.block
0x0F8A91EE,path,blocks\VZ\resident_P000_Q3.block
0x0F8EC28E,animation,blocks\VZ\vehiclenameanimgroup_scorpiondpv_P000_Q3.block
0x0F917AC8,animation,blocks\VZ\vehiclenameanimgroup_mi35_P000_Q3.block
0x0F9D170F,animation,blocks\VZ\vehiclenameanimgroup_m1a2_P000_Q3.block
0x0FA50768,path,blocks\VZ\resident_P000_Q3.block
0x0FACE4D6,animation,blocks\VZ\vehiclenameanimgroup_guerilla_P000_Q3.block
0x0FAE4F21,terrainmesh,blocks\VZ\c31492_P000_Q3.block
0x0FB1D7B5,animation,blocks\VZ\vehicleclassanimgroup_outhouse_P000_Q3.block
0x0FB20277,scrub,blocks\VZ\c30053_P000_Q3.block
0x0FB2D63F,animation,blocks\VZ\resident_P000_Q3.block
0x0FB60488,animation,blocks\VZ\vehiclenameanimgroup_saltonsea_P000_Q3.block
0x0FBD1462,terrainmesh,blocks\VZ\c30429_P000_Q3.block
0x0FBE09E7,path,blocks\VZ\resident_P000_Q3.block
0x0FD61E74,animation,blocks\VZ\vehiclenameanimgroup_barco_P000_Q3.block
0x0FD97611,scrub,blocks\VZ\c30015_P000_Q3.block
0x0FDB7162,lowresterrain,blocks\VZ\low_res_terrain_P000_Q3.block
0x0FF16E33,model,blocks\VZ\effects_P000_Q3.block
0x0FF27C49,animation,blocks\VZ\vehiclenameanimgroup_dragster_P000_Q3.block
0x0FF2ACE3,texture,blocks\Shell\scaleform_shell_P000_Q3.block
0x10074DC9,terrainmesh,blocks\VZ\c30726_P000_Q3.block
0x1007957D,path,blocks\VZ\resident_P000_Q3.block
0x10088FA1,path,blocks\VZ\resident_P000_Q3.block
0x10090795,model,blocks\VZ\pmcoutpost_misc_P000_Q3.block
0x100A94D5,scrub,blocks\VZ\c31280_P000_Q3.block
0x100C51C7,model,blocks\VZ\c30955_P000_Q3.block
0x100D5F9D,lowresterrain,blocks\VZ\low_res_terrain_P000_Q3.block
0x1010A004,animation,blocks\VZ\vehiclenameanimgroup_mh53j_P000_Q3.block
0x10122A69,animation,blocks\VZ\vehiclenameanimgroup_mi35_P000_Q3.block
0x10192AFD,path,blocks\VZ\resident_P000_Q3.block
0x10193040,scrub,blocks\VZ\c31424_P000_Q3.block
0x101F1C41,lowresterrain,blocks\VZ\low_res_terrain_P000_Q3.block
0x101FED0D,path,blocks\VZ\resident_P000_Q3.block
0x1021EAD2,animation,blocks\VZ\vehiclenameanimgroup_scorpion90_P000_Q3.block
0x102E88D9,path,blocks\VZ\resident_P000_Q3.block
0x103AF4FF,animation,blocks\VZ\characternameanimgroup_soldier_P000_Q3.block
0x103FA0ED,lowresterrain,blocks\VZ\low_res_terrain_P000_Q3.block
0x1040D909,path,blocks\VZ\resident_P000_Q3.block
0x10483564,scrub,blocks\VZ\c30990_P000_Q3.block
0x1052AA52,path,blocks\VZ\resident_P000_Q3.block
0x105B4D8E,path,blocks\VZ\resident_P000_Q3.block
0x105CE8C8,path,blocks\VZ\resident_P000_Q3.block
0x105FAD71,effect,blocks\VZ\effects_P000_Q3.block
0x1065E5A2,path,blocks\VZ\resident_P000_Q3.block
0x1066F684,model,blocks\VZ\c32066_P000_Q3.block
0x106B3F64,path,blocks\VZ\resident_P000_Q3.block
0x106D24F3,effect,blocks\VZ\effects_P000_Q3.block
0x106D6384,scrub,blocks\VZ\c30100_P000_Q3.block
0x106DD55B,path,blocks\VZ\resident_P000_Q3.block
0x1075580C,path,blocks\VZ\resident_P000_Q3.block
0x10817081,effect,blocks\VZ\effects_P000_Q3.block
0x10912665,animation,blocks\VZ\characternameanimgroup_mattias_P000_Q3.block
0x10931C39,terrainmesh,blocks\VZ\c31275_P000_Q3.block
0x109322D5,path,blocks\VZ\resident_P000_Q3.block
0x1096C128,model;path,blocks\VZ\c30200_P000_Q3.block;blocks\VZ\resident_P000_Q3.block
0x1097229B,animation,blocks\VZ\resident_P000_Q3.block
0x10A9A330,animation,blocks\VZ\vehiclenameanimgroup_m151_P000_Q3.block
0x10AA9EE9,animation,blocks\VZ\vehiclenameanimgroup_ztz63a_P000_Q3.block
0x10AD30BA,effect,blocks\VZ\effects_P000_Q3.block
0x10AEAABB,path,blocks\VZ\resident_P000_Q3.block
0x10AF8A3B,animation,blocks\VZ\vehiclenameanimgroup_huey_P000_Q3.block
0x10B44FCB,path,blocks\VZ\resident_P000_Q3.block
0x10B6E4E2,animation,blocks\VZ\vehiclenameanimgroup_m151_P000_Q3.block
0x10B8CCF9,path,blocks\VZ\resident_P000_Q3.block
0x10BF3AA4,path,blocks\VZ\resident_P000_Q3.block
0x10CA6115,animation,blocks\VZ\characternameanimgroup_soldier_P000_Q3.block
0x10CD9564,lineregion,blocks\VZ\resident_P000_Q3.block
0x10D0022F,lineregion,blocks\VZ\resident_P000_Q3.block
0x10D0D774,animation,blocks\VZ\resident_P000_Q3.block
0x10D38356,animation,blocks\VZ\vehiclenameanimgroup_ks750_P000_Q3.block
0x10D7F976,scrub,blocks\VZ\c30794_P000_Q3.block
0x10DF9AF3,animation,blocks\VZ\vehiclenameanimgroup_laviii_P000_Q3.block
0x10E1B021,path,blocks\VZ\resident_P000_Q3.block
0x10E90716,path,blocks\VZ\resident_P000_Q3.block
0x10EC63AF,model,blocks\VZ\c30545_P000_Q3.block
0x10F54AA0,path,blocks\VZ\resident_P000_Q3.block
0x10F9B158,scrub,blocks\VZ\c30794_P000_Q3.block
0x1108E0EF,path,blocks\VZ\resident_P000_Q3.block
0x1109D129,path,blocks\VZ\resident_P000_Q3.block
0x110BAC9C,animation,blocks\VZ\characternameanimgroup_chris_P000_Q3.block
0x110DFC8A,path,blocks\VZ\resident_P000_Q3.block
0x1110749A,scrub,blocks\VZ\c30170_P000_Q3.block
0x1115DE7C,effect,blocks\VZ\effects_P000_Q3.block
0x111977C7,lineregion,blocks\VZ\resident_P000_Q3.block
0x111A7E74,scrub,blocks\VZ\c30983_P000_Q3.block
0x111E4DAA,path,blocks\VZ\resident_P000_Q3.block
0x1122D00C,lowresterrain,blocks\VZ\low_res_terrain_P000_Q3.block
0x112A72C3,animation,blocks\VZ\vehiclenameanimgroup_weightbench_P000_Q3.block
0x11341769,animation,blocks\VZ\characternameanimgroup_mattias_P000_Q3.block
0x1141B5D2,path,blocks\VZ\resident_P000_Q3.block
0x11450A51,animation,blocks\VZ\vehicleclassanimgroup_autosmall_P000_Q3.block
0x114665AB,effect,blocks\VZ\effects_P000_Q3.block
0x11476FF0,animation,blocks\VZ\resident_P000_Q3.block
0x114F350C,animationtable,blocks\VZ\resident_P000_Q3.block
0x115815EF,path,blocks\VZ\resident_P000_Q3.block
0x115A3CA4,animation,blocks\VZ\vehiclenameanimgroup_scorpiondpv_P000_Q3.block
0x115A7E1F,path,blocks\VZ\resident_P000_Q3.block
0x11611E96,path,blocks\VZ\resident_P000_Q3.block
0x11636DF7,animation,blocks\VZ\vehicleclassanimgroup_hmmwv_P000_Q3.block
0x11707747,path,blocks\VZ\resident_P000_Q3.block
0x11789865,scrub,blocks\VZ\c31225_P000_Q3.block
0x117A1BF5,path,blocks\VZ\resident_P000_Q3.block
0x117F7783,lineregion,blocks\VZ\resident_P000_Q3.block
0x1183D6EA,animation,blocks\VZ\vehiclenameanimgroup_cutter_P000_Q3.block
0x118AA417,animation,blocks\VZ\c30949_P000_Q3.block
0x1190EE4B,path,blocks\VZ\resident_P000_Q3.block
0x11956B79,path,blocks\VZ\resident_P000_Q3.block
0x11983E9B,path,blocks\VZ\resident_P000_Q3.block
0x1198CE65,path,blocks\VZ\resident_P000_Q3.block
0x11A04F78,animation,blocks\VZ\vehiclenameanimgroup_m113_P000_Q3.block
0x11AA4CF6,model,blocks\VZ\c30585_P000_Q3.block
0x11B15410,path,blocks\VZ\resident_P000_Q3.block
0x11BC0B8D,path,blocks\VZ\resident_P000_Q3.block
0x11BD7F88,animation,blocks\VZ\characternameanimgroup_chris_P000_Q3.block
0x11BE84D0,path,blocks\VZ\resident_P000_Q3.block
0x11BF1B40,terrainmesh,blocks\VZ\c30900_P000_Q3.block
0x11C3AF53,path,blocks\VZ\resident_P000_Q3.block
0x11C50BFD,path,blocks\VZ\resident_P000_Q3.block
0x11D01971,path,blocks\VZ\resident_P000_Q3.block
0x11DB5548,animation,blocks\VZ\vehiclenameanimgroup_wz10_P000_Q3.block
0x11DC1E6E,lowresterrain,blocks\VZ\low_res_terrain_P000_Q3.block
0x11DE2ABF,path,blocks\VZ\resident_P000_Q3.block
0x11E23B5C,path,blocks\VZ\resident_P000_Q3.block
0x11E30773,path,blocks\VZ\resident_P000_Q3.block
0x11F02654,path,blocks\VZ\resident_P000_Q3.block
0x11FC4D36,scrub,blocks\VZ\c31278_P000_Q3.block
0x11FD727C,model,blocks\VZ\c30516_P000_Q3.block
0x1200376D,path,blocks\VZ\resident_P000_Q3.block
0x12014E92,path,blocks\VZ\resident_P000_Q3.block
0x12048172,path,blocks\VZ\resident_P000_Q3.block
0x12070133,path,blocks\VZ\resident_P000_Q3.block
0x12070C22,animation,blocks\VZ\vehiclenameanimgroup_vanquish_P000_Q3.block
0x120C9EDD,animation,blocks\VZ\vehiclenameanimgroup_mi35_P000_Q3.block
0x120F895F,scrub,blocks\VZ\c31103_P000_Q3.block
0x12124728,path,blocks\VZ\resident_P000_Q3.block
0x121EE9C7,path,blocks\VZ\resident_P000_Q3.block
0x12366D6A,animation,blocks\VZ\resident_P000_Q3.block
0x12369C50,path,blocks\VZ\resident_P000_Q3.block
0x123C1DB2,path,blocks\VZ\resident_P000_Q3.block
0x1251862C,model,blocks\VZ\c30545_P000_Q3.block
0x125C3BDE,animation,blocks\VZ\vehiclenameanimgroup_ka29b_P000_Q3.block
0x12622F04,terrainmesh,blocks\VZ\c30216_P000_Q3.block
0x1262B5F9,path,blocks\VZ\resident_P000_Q3.block
0x12691787,animation,blocks\VZ\resident_P000_Q3.block
0x1269B7E1,path,blocks\VZ\resident_P000_Q3.block
0x1274111E,path,blocks\VZ\resident_P000_Q3.block
0x12780E7D,path,blocks\VZ\resident_P000_Q3.block
0x127F26A3,animation,blocks\VZ\vehiclenameanimgroup_turbosquid_P000_Q3.block
0x1282963C,model,blocks\VZ\c31685_P000_Q3.block
0x1292F0A0,path,blocks\VZ\resident_P000_Q3.block
0x12932548,animation,blocks\VZ\vehicleclassanimgroup_jetski_P000_Q3.block
0x1297E48B,path,blocks\VZ\resident_P000_Q3.block
0x12985B2F,animation,blocks\VZ\resident_P000_Q3.block
0x12997CF7,path,blocks\VZ\resident_P000_Q3.block
0x129C08A2,path,blocks\VZ\resident_P000_Q3.block
0x129C1668,path,blocks\VZ\resident_P000_Q3.block
0x129C7146,path,blocks\VZ\resident_P000_Q3.block
0x129CD96C,animation,blocks\VZ\vehiclenameanimgroup_amx30aa_P000_Q3.block
0x12AB58CA,lineregion,blocks\VZ\resident_P000_Q3.block
0x12AD2BBA,path,blocks\VZ\resident_P000_Q3.block
0x12B45BB0,animation,blocks\VZ\vehiclenameanimgroup_wz10_P000_Q3.block
0x12B680C5,path,blocks\VZ\resident_P000_Q3.block
0x12B839D0,path,blocks\VZ\resident_P000_Q3.block
0x12C3D4DD,path,blocks\VZ\resident_P000_Q3.block
0x12C44564,path,blocks\VZ\resident_P000_Q3.block
0x12C51D08,animation,blocks\VZ\vehiclenameanimgroup_alouette3_P000_Q3.block
0x12C8E597,animation,blocks\VZ\vehiclenameanimgroup_md500_P000_Q3.block
0x12CD584B,path,blocks\VZ\resident_P000_Q3.block
0x12CDDDD8,path,blocks\VZ\resident_P000_Q3.block
0x12CF1E6A,path,blocks\VZ\resident_P000_Q3.block
0x12CF485D,terrainmesh,blocks\VZ\c30911_P000_Q3.block
0x12D13F5B,path,blocks\VZ\resident_P000_Q3.block
0x12DA647D,lineregion,blocks\VZ\resident_P000_Q3.block
0x12E55C9E,path,blocks\VZ\resident_P000_Q3.block
0x12E6D1C3,path,blocks\VZ\resident_P000_Q3.block
0x12E881D3,path,blocks\VZ\resident_P000_Q3.block
0x12EC2C29,effect,blocks\VZ\effects_P000_Q3.block
0x12F196CD,path,blocks\VZ\resident_P000_Q3.block
0x12F30F11,texture,blocks\Shell\french_P000_Q3.block
0x12F4A101,effect,blocks\VZ\effects_P000_Q3.block
0x130B231D,animation,blocks\VZ\characternameanimgroup_jennifer_P000_Q3.block
0x130C59BF,animation,blocks\VZ\vehiclenameanimgroup_piranha_P000_Q3.block
0x1312ED1C,path,blocks\VZ\resident_P000_Q3.block
0x13156C36,effect,blocks\VZ\effects_P000_Q3.block
0x131FFE91,effect,blocks\VZ\effects_P000_Q3.block
0x13221216,path,blocks\VZ\resident_P000_Q3.block
0x132A1DC5,lineregion,blocks\VZ\resident_P000_Q3.block
0x132AB194,path,blocks\VZ\resident_P000_Q3.block
0x1333F409,lowresterrain,blocks\VZ\low_res_terrain_P000_Q3.block
0x1338DB66,path,blocks\VZ\resident_P000_Q3.block
0x133B1FAE,terrainmesh,blocks\VZ\c30828_P000_Q3.block
0x133F3529,soundbank;sounddb;wavebank,blocks\English\vo_job_pir_jane.english_P000_Q3.block
0x13425BBF,lineregion,blocks\VZ\resident_P000_Q3.block
0x1345D782,path,blocks\VZ\resident_P000_Q3.block
0x134A23EC,path,blocks\VZ\resident_P000_Q3.block
0x134EBB53,model,blocks\VZ\c30113_P000_Q3.block
0x1358B882,path,blocks\VZ\resident_P000_Q3.block
0x135A0DFE,path,blocks\VZ\resident_P000_Q3.block
0x136183E0,path,blocks\VZ\resident_P000_Q3.block
0x1363DAEF,path,blocks\VZ\resident_P000_Q3.block
0x136DB016,animation,blocks\VZ\vehiclenameanimgroup_ks750_P000_Q3.block
0x13705BEA,model,blocks\VZ\c33296_P000_Q3.block
0x13709C60,model,blocks\VZ\al_veh_apc_ad_P000_Q3.block
0x1377D962,model,blocks\VZ\c30898_P000_Q3.block
0x13782AB4,animation,blocks\VZ\resident_P000_Q3.block
0x137C5224,animation,blocks\VZ\characternameanimgroup_jennifer_P000_Q3.block
0x1384C842,animation,blocks\VZ\vehiclenameanimgroup_mattiaschopper_P000_Q3.block
0x138D330A,path,blocks\VZ\resident_P000_Q3.block
0x13912DEB,scrub,blocks\VZ\c30911_P000_Q3.block
0x139A89B3,lineregion,blocks\VZ\resident_P000_Q3.block
0x139ADB5D,animation,blocks\VZ\vehiclenameanimgroup_vanquish_P000_Q3.block
0x13A48B43,path,blocks\VZ\resident_P000_Q3.block
0x13A9ABB0,animation,blocks\VZ\vehiclenameanimgroup_mi35solano_P000_Q3.block
0x13AE2870,animation,blocks\VZ\characternameanimgroup_soldier_P000_Q3.block
0x13AE62A6,path,blocks\VZ\resident_P000_Q3.block
0x13B1BC03,path,blocks\VZ\resident_P000_Q3.block
0x13B45F65,lineregion,blocks\VZ\resident_P000_Q3.block
0x13B62D5D,path,blocks\VZ\resident_P000_Q3.block
0x13BC28E5,animation,blocks\VZ\vehiclenameanimgroup_m113_P000_Q3.block
0x13BF3E6A,path,blocks\VZ\resident_P000_Q3.block
0x13C3910B,animation,blocks\VZ\vehiclenameanimgroup_armwrestle_P000_Q3.block
0x13C44C2B,terrainmesh,blocks\VZ\c30314_P000_Q3.block
0x13C757BA,lineregion,blocks\VZ\resident_P000_Q3.block
0x13CAD747,animation,blocks\VZ\vehiclenameanimgroup_m1a2_P000_Q3.block
0x13CB6D3A,animation,blocks\VZ\vehiclenameanimgroup_mh53j_P000_Q3.block
0x13CD533C,animation,blocks\VZ\characternameanimgroup_mattias_P000_Q3.block
0x13D2BC1F,model,blocks\VZ\c33280_P000_Q3.block
0x13D5AE24,path,blocks\VZ\resident_P000_Q3.block
0x13DB61B6,soundbank;sounddb,blocks\English\vo_resident_P000_Q3.block
0x13DDC775,lowresterrain,blocks\VZ\low_res_terrain_P000_Q3.block
0x13DE9183,scrub,blocks\VZ\c30076_P000_Q3.block
0x13E46699,path,blocks\VZ\resident_P000_Q3.block
0x13E587B2,path,blocks\VZ\resident_P000_Q3.block
0x13EB0400,model,blocks\VZ\c30966_P000_Q3.block
0x13ECA38A,path,blocks\VZ\resident_P000_Q3.block
0x13EFDC9E,path,blocks\VZ\resident_P000_Q3.block
0x13F2C579,animation,blocks\VZ\resident_P000_Q3.block
0x13F3A939,scrub,blocks\VZ\c30085_P000_Q3.block
0x13F58FAA,path,blocks\VZ\resident_P000_Q3.block
0x13F6468F,animation,blocks\VZ\vehiclenameanimgroup_swamp_P000_Q3.block
0x13F78FD0,path,blocks\VZ\resident_P000_Q3.block
0x13FCF56D,path,blocks\VZ\resident_P000_Q3.block
0x1400332A,model,blocks\VZ\c33298_P000_Q3.block
0x140A4195,model,blocks\VZ\c39998_P000_Q3.block
0x140AB61F,path,blocks\VZ\resident_P000_Q3.block
0x1415EF98,lineregion,blocks\VZ\resident_P000_Q3.block
0x141655F0,terrainmesh,blocks\VZ\c31127_P000_Q3.block
0x142161B0,scrub,blocks\VZ\c30637_P000_Q3.block
0x1429D383,path,blocks\VZ\resident_P000_Q3.block
0x14309B8F,model,blocks\VZ\c30267_P000_Q3.block
0x14382598,animation,blocks\VZ\resident_P000_Q3.block
0x1442C4B0,terrainmesh,blocks\VZ\c30810_P000_Q3.block
0x1446985B,animation,blocks\VZ\characternameanimgroup_soldier_P000_Q3.block
0x144F3905,path,blocks\VZ\resident_P000_Q3.block
0x145006C2,path,blocks\VZ\resident_P000_Q3.block
0x14529624,path,blocks\VZ\resident_P000_Q3.block
0x14577122,path,blocks\VZ\resident_P000_Q3.block
0x145A9AB1,animation,blocks\VZ\resident_P000_Q3.block
0x145B5D50,path,blocks\VZ\resident_P000_Q3.block
0x145E688D,path,blocks\VZ\resident_P000_Q3.block
0x14635DC8,animation,blocks\VZ\vehicleclassanimgroup_hmmwv_P000_Q3.block
0x14638E7A,path,blocks\VZ\resident_P000_Q3.block
0x146ACB21,animation,blocks\VZ\vehiclenameanimgroup_alouette3_P000_Q3.block
0x147E13A6,lowresterrain,blocks\VZ\low_res_terrain_P000_Q3.block
0x1484E133,animation,blocks\VZ\vehiclenameanimgroup_quid50_P000_Q3.block
0x148627D3,path,blocks\VZ\resident_P000_Q3.block
0x149258F6,path,blocks\VZ\resident_P000_Q3.block
0x149D2DB1,path,blocks\VZ\resident_P000_Q3.block
0x149DFB10,animation,blocks\VZ\resident_P000_Q3.block
0x14A41CE3,animation,blocks\VZ\vehiclenameanimgroup_scorpion90_P000_Q3.block
0x14AC0B0E,animation,blocks\VZ\resident_P000_Q3.block
0x14ADA110,lowresterrain,blocks\VZ\low_res_terrain_P000_Q3.block
0x14BC20AF,path,blocks\VZ\resident_P000_Q3.block
0x14C56331,effect,blocks\VZ\effects_P000_Q3.block
0x14C8A2DD,path,blocks\VZ\resident_P000_Q3.block
0x14C9D786,path,blocks\VZ\resident_P000_Q3.block
0x14DA7B58,texture,blocks\Shell\scaleform_shell_P000_Q3.block
0x14DFB49D,animation,blocks\VZ\resident_P000_Q3.block
0x14E51B9E,animation,blocks\VZ\vehiclenameanimgroup_amx30_P000_Q3.block
0x14EA7BB4,path,blocks\VZ\resident_P000_Q3.block
0x14EF339D,animation,blocks\VZ\vehiclenameanimgroup_ztz98_P000_Q3.block
0x14F0D4F1,path,blocks\VZ\resident_P000_Q3.block
0x14F12A5B,animation,blocks\VZ\characternameanimgroup_jennifer_P000_Q3.block
0x14F15330,lineregion,blocks\VZ\resident_P000_Q3.block
0x14F3AF76,animation,blocks\VZ\vehiclenameanimgroup_huey_P000_Q3.block
0x14FF4585,path,blocks\VZ\resident_P000_Q3.block
0x15091F23,path,blocks\VZ\resident_P000_Q3.block
0x150B71C8,animation,blocks\VZ\resident_P000_Q3.block
0x150CD2F0,animation,blocks\VZ\characternameanimgroup_chris_P000_Q3.block
0x1510075D,path,blocks\VZ\resident_P000_Q3.block
0x15141BC6,animation,blocks\VZ\vehiclenameanimgroup_ah1z_P000_Q3.block
0x1535D8D8,scrub,blocks\VZ\c31265_P000_Q3.block
0x15390CDE,path,blocks\VZ\resident_P000_Q3.block
0x15398309,path,blocks\VZ\resident_P000_Q3.block
0x153A0342,animation,blocks\VZ\vehicleclassanimgroup_wall_P000_Q3.block
0x1541E669,path,blocks\VZ\resident_P000_Q3.block
0x154ABED7,path,blocks\VZ\resident_P000_Q3.block
0x154D958E,path,blocks\VZ\resident_P000_Q3.block
0x15514017,lowresterrain,blocks\VZ\low_res_terrain_P000_Q3.block
0x15552EC0,path,blocks\VZ\resident_P000_Q3.block
0x1557B2CE,animation,blocks\VZ\characternameanimgroup_jennifer_P000_Q3.block
0x1558185E,path,blocks\VZ\resident_P000_Q3.block
0x15593AF0,path,blocks\VZ\resident_P000_Q3.block
0x15656E3E,path,blocks\VZ\resident_P000_Q3.block
0x157B83E6,animation,blocks\VZ\vehicleclassanimgroup_autolargec_P000_Q3.block
0x1582EB79,path,blocks\VZ\resident_P000_Q3.block
0x1585838D,animation,blocks\VZ\vehicleclassanimgroup_autosmall_P000_Q3.block
0x15881EFF,texture,blocks\Shell\scaleform_shell_P000_Q3.block
0x15938108,path,blocks\VZ\resident_P000_Q3.block
0x1594A454,animation,blocks\VZ\resident_P000_Q3.block
0x1597660C,path,blocks\VZ\resident_P000_Q3.block
0x15995784,animation,blocks\VZ\vehiclenameanimgroup_mh53j_P000_Q3.block
0x159F981E,lowresterrain,blocks\VZ\low_res_terrain_P000_Q3.block
0x15A6F566,path,blocks\VZ\resident_P000_Q3.block
0x15AD7BB7,path,blocks\VZ\resident_P000_Q3.block
0x15B1F024,animation,blocks\VZ\vehiclenameanimgroup_stingray_P000_Q3.block
0x15C2A3F6,lineregion,blocks\VZ\resident_P000_Q3.block
0x15CC5FC2,path,blocks\VZ\resident_P000_Q3.block
0x15CDEE27,path,blocks\VZ\resident_P000_Q3.block
0x15D25F02,path,blocks\VZ\resident_P000_Q3.block
0x15D6C10C,path,blocks\VZ\resident_P000_Q3.block
0x15DD5004,texture,blocks\Shell\scaleform_shell_P000_Q3.block
0x15E3378B,terrainmesh,blocks\VZ\c31283_P000_Q3.block
0x15E477E1,path,blocks\VZ\resident_P000_Q3.block
0x15E69BFD,animation,blocks\VZ\resident_P000_Q3.block
0x15E97BA4,path,blocks\VZ\resident_P000_Q3.block
0x15EAC703,path,blocks\VZ\resident_P000_Q3.block
0x15EDBAD5,scrub,blocks\VZ\c30053_P000_Q3.block
0x15F6B979,animation,blocks\VZ\characternameanimgroup_chris_P000_Q3.block
0x15F861B4,animation,blocks\VZ\vehiclenameanimgroup_md500_P000_Q3.block
0x15F97E88,lowresterrain,blocks\VZ\low_res_terrain_P000_Q3.block
0x15FA5DBD,animation,blocks\VZ\resident_P000_Q3.block
0x15FA8A43,lineregion,blocks\VZ\resident_P000_Q3.block
0x1605A613,path,blocks\VZ\resident_P000_Q3.block
0x160C3371,path,blocks\VZ\resident_P000_Q3.block
0x1612D569,animation,blocks\VZ\vehiclenameanimgroup_mtv50cal_P000_Q3.block
0x162DE6E7,terrainmesh,blocks\VZ\c31386_P000_Q3.block
0x16301C31,animation,blocks\VZ\vehiclenameanimgroup_smallfishing_P000_Q3.block
0x1631BD72,animation,blocks\VZ\vehiclenameanimgroup_wz10_P000_Q3.block
0x1636CA23,path,blocks\VZ\resident_P000_Q3.block
0x163B4954,animation,blocks\VZ\resident_P000_Q3.block
0x163DB304,animation,blocks\VZ\resident_P000_Q3.block
0x16464E98,path,blocks\VZ\resident_P000_Q3.block
0x1655652B,animation,blocks\VZ\vehiclenameanimgroup_m2a3_P000_Q3.block
0x165C7E2C,lineregion,blocks\VZ\resident_P000_Q3.block
0x165E0B27,path,blocks\VZ\resident_P000_Q3.block
0x166B52F5,lowresterrain,blocks\VZ\low_res_terrain_P000_Q3.block
0x166BB63C,texture,blocks\Shell\scaleform_shell_P000_Q3.block
0x166DC1CA,animation,blocks\VZ\vehiclenameanimgroup_dinghy_P000_Q3.block
0x1671CFB1,texture,blocks\Shell\scaleform_shell_P000_Q3.block
0x167D449D,model,blocks\VZ\c30188_P000_Q3.block
0x1687D31B,animation,blocks\VZ\resident_P000_Q3.block
0x168B97E1,lowresterrain,blocks\VZ\low_res_terrain_P000_Q3.block
0x1693ED8E,path,blocks\VZ\resident_P000_Q3.block
0x169561D0,texture,blocks\English\shell_P000_Q3.block;blocks\Shell\scaleform_shell_P000_Q3.block
0x169B21A0,path,blocks\VZ\resident_P000_Q3.block
0x16A077EF,path,blocks\VZ\resident_P000_Q3.block
0x16A1C2EB,path,blocks\VZ\resident_P000_Q3.block
0x16A5653F,animation,blocks\VZ\resident_P000_Q3.block
0x16A57DEB,texture,blocks\Shell\scaleform_shell_P000_Q3.block
0x16A67B64,texture,blocks\Shell\scaleform_shell_P000_Q3.block
0x16A78719,lowresterrain,blocks\VZ\low_res_terrain_P000_Q3.block
0x16A7CEB1,path,blocks\VZ\resident_P000_Q3.block
0x16A7D3AC,path,blocks\VZ\resident_P000_Q3.block
0x16A8E80F,path,blocks\VZ\resident_P000_Q3.block
0x16AC2FED,animation,blocks\VZ\vehiclenameanimgroup_ks750_P000_Q3.block
0x16AD0C23,effect,blocks\VZ\effects_P000_Q3.block
0x16ADA7C0,animation,blocks\VZ\characternameanimgroup_mattias_P000_Q3.block
0x16B70B7E,animation,blocks\VZ\vehicleclassanimgroup_buggy_P000_Q3.block
0x16BB1A22,path,blocks\VZ\resident_P000_Q3.block
0x16C3E6D9,texture,blocks\Shell\scaleform_shell_P000_Q3.block
0x16C90A79,path,blocks\VZ\resident_P000_Q3.block
0x16CA1F8C,path,blocks\VZ\resident_P000_Q3.block
0x16CBD938,path,blocks\VZ\resident_P000_Q3.block
0x16CD7EBD,path,blocks\VZ\resident_P000_Q3.block
0x16D76E91,texture,blocks\Shell\scaleform_shell_P000_Q3.block
0x16D98E4E,animation,blocks\VZ\vehiclenameanimgroup_ztz98_P000_Q3.block
0x16DE96BD,scrub,blocks\VZ\c31116_P000_Q3.block
0x16E398CB,path,blocks\VZ\resident_P000_Q3.block
0x16E3E54E,effect,blocks\VZ\effects_P000_Q3.block
0x16E4AC54,terrainmesh,blocks\VZ\c31533_P000_Q3.block
0x16E74A71,texture,blocks\Shell\scaleform_shell_P000_Q3.block
0x16EA5646,scrub,blocks\VZ\c30824_P000_Q3.block
0x16ECEBF2,path,blocks\VZ\resident_P000_Q3.block
0x16F671CE,scrub,blocks\VZ\c31402_P000_Q3.block
0x16F6C7EC,path,blocks\VZ\resident_P000_Q3.block
0x16FEFF07,animation,blocks\VZ\vehicleclassanimgroup_autolargec_P000_Q3.block
0x1710E44C,path,blocks\VZ\resident_P000_Q3.block
0x171B2CA7,animationtable,blocks\VZ\resident_P000_Q3.block
0x171F4159,terrainmesh,blocks\VZ\c30636_P000_Q3.block
0x172854D7,terrainmesh,blocks\VZ\c31256_P000_Q3.block
0x172C4133,animation,blocks\VZ\vehiclenameanimgroup_laviii_P000_Q3.block
0x1734F81C,path,blocks\VZ\resident_P000_Q3.block
0x1738D924,path,blocks\VZ\resident_P000_Q3.block
0x17487C7B,path,blocks\VZ\resident_P000_Q3.block
0x174E7A04,animation,blocks\VZ\vehicleclassanimgroup_autolargeb_P000_Q3.block
0x1753A2F0,path,blocks\VZ\resident_P000_Q3.block
0x1756E834,animation,blocks\VZ\vehiclenameanimgroup_ka29b_P000_Q3.block
0x1757BE7D,path,blocks\VZ\resident_P000_Q3.block
0x1758A7CE,effect,blocks\VZ\effects_P000_Q3.block
0x175D6BFB,animation,blocks\VZ\resident_P000_Q3.block
0x17600752,path,blocks\VZ\resident_P000_Q3.block
0x1770BCCB,path,blocks\VZ\resident_P000_Q3.block
0x17778B2F,path,blocks\VZ\resident_P000_Q3.block
0x1780BE3C,animation,blocks\VZ\resident_P000_Q3.block
0x17893A0B,model,blocks\VZ\resident2_P000_Q3.block
0x178A259D,path,blocks\VZ\resident_P000_Q3.block
0x178A5642,animation,blocks\VZ\characternameanimgroup_jennifer_P000_Q3.block
0x178DB739,model,blocks\VZ\resident2_P000_Q3.block
0x179B261F,animation,blocks\VZ\vehicleclassanimgroup_jetski_P000_Q3.block
0x17A603FC,animation,blocks\VZ\vehiclenameanimgroup_md500_P000_Q3.block
0x17A7D6BD,animation,blocks\VZ\resident_P000_Q3.block
0x17AE85DF,animation,blocks\VZ\vehicleclassanimgroup_monstertruck_P000_Q3.block
0x17B30EE4,animation,blocks\VZ\resident_P000_Q3.block
0x17B5DB29,lineregion,blocks\VZ\resident_P000_Q3.block
0x17B8D14C,terrainmesh,blocks\VZ\c30328_P000_Q3.block
0x17C08145,lineregion,blocks\VZ\resident_P000_Q3.block
0x17C4A1F3,path,blocks\VZ\resident_P000_Q3.block
0x17C9EEC6,model,blocks\VZ\resident2_P000_Q3.block
0x17CAA1C6,path,blocks\VZ\resident_P000_Q3.block
0x17CB0E4D,effect,blocks\VZ\effects_P000_Q3.block
0x17D386AF,lineregion,blocks\VZ\resident_P000_Q3.block
0x17D3B964,path,blocks\VZ\resident_P000_Q3.block
0x17D3FE38,path,blocks\VZ\resident_P000_Q3.block
0x17E39025,path,blocks\VZ\resident_P000_Q3.block
0x17E4BC64,path,blocks\VZ\resident_P000_Q3.block
0x17E5EA12,animation,blocks\VZ\characternameanimgroup_mattias_P000_Q3.block
0x17E733C3,animation,blocks\VZ\vehiclenameanimgroup_saltonsea_P000_Q3.block
0x17EDDC0E,animation,blocks\VZ\vehicleclassanimgroup_hmmwv_P000_Q3.block
0x17F5C184,path,blocks\VZ\resident_P000_Q3.block
0x17F64ABD,path,blocks\VZ\resident_P000_Q3.block
0x17F72A9A,path,blocks\VZ\resident_P000_Q3.block
0x1801B4DA,path,blocks\VZ\resident_P000_Q3.block
0x18040FCB,path,blocks\VZ\resident_P000_Q3.block
0x18088CF9,path,blocks\VZ\resident_P000_Q3.block
0x1809F7A4,path,blocks\VZ\resident_P000_Q3.block
0x180B78A2,animation,blocks\VZ\resident_P000_Q3.block
0x180D08D9,animation,blocks\VZ\vehicleclassanimgroup_motorcycle_P000_Q3.block
0x180D1967,path,blocks\VZ\resident_P000_Q3.block
0x180DACE3,lowresterrain,blocks\VZ\low_res_terrain_P000_Q3.block
0x1818F9D3,lowresterrain,blocks\VZ\low_res_terrain_P000_Q3.block
0x181A318F,model,blocks\VZ\c32449_P000_Q3.block
0x1821B77B,lineregion,blocks\VZ\resident_P000_Q3.block
0x18241B05,animation,blocks\VZ\vehiclenameanimgroup_sportbike_P000_Q3.block
0x182624E1,animationtable,blocks\VZ\resident_P000_Q3.block
0x18373803,animation,blocks\VZ\vehicleclassanimgroup_autolargeb_P000_Q3.block
0x183B852E,path,blocks\VZ\resident_P000_Q3.block
0x183D4AA8,model,blocks\VZ\c30951_P000_Q3.block
0x1843B87D,path,blocks\VZ\resident_P000_Q3.block
0x184562CF,path,blocks\VZ\resident_P000_Q3.block
0x1845FBF6,texture,blocks\Shell\russian_P000_Q3.block
0x1847A333,animation,blocks\VZ\characternameanimgroup_ocexecbox_P000_Q3.block
0x1850E8AE,path,blocks\VZ\resident_P000_Q3.block
0x1853A5F0,path,blocks\VZ\resident_P000_Q3.block
0x1857A825,animation,blocks\VZ\characternameanimgroup_mattias_P000_Q3.block
0x185BB700,path,blocks\VZ\resident_P000_Q3.block
0x185BD3FD,animation,blocks\VZ\vehiclenameanimgroup_cutter_P000_Q3.block
0x185C1885,animation,blocks\VZ\vehiclenameanimgroup_escort_P000_Q3.block
0x185CC614,path,blocks\VZ\resident_P000_Q3.block
0x1860F9D4,path,blocks\VZ\resident_P000_Q3.block
0x18661DAA,animation,blocks\VZ\resident_P000_Q3.block
0x18676FD7,animation,blocks\VZ\vehiclenameanimgroup_wz10_P000_Q3.block
0x186ADBF0,animation,blocks\VZ\resident_P000_Q3.block
0x186C34F2,lowresterrain,blocks\VZ\low_res_terrain_P000_Q3.block
0x186DD425,model,blocks\VZ\pmcoutpost_misc_P000_Q3.block
0x1873DCD0,path,blocks\VZ\resident_P000_Q3.block
0x1874088C,path,blocks\VZ\resident_P000_Q3.block
0x1879CAF8,soundbank;sounddb;wavebank,blocks\English\vo_job_up_marlowe.english_P000_Q3.block
0x187D18E6,path,blocks\VZ\resident_P000_Q3.block
0x1886EA23,path,blocks\VZ\resident_P000_Q3.block
0x1889CBE3,model,blocks\VZ\resident2_P000_Q3.block
0x188E9B52,animation,blocks\VZ\characternameanimgroup_mattias_P000_Q3.block
0x1890A17B,animation,blocks\VZ\vehicleclassanimgroup_autolargea_P000_Q3.block
0x1897ECF1,animation,blocks\VZ\resident_P000_Q3.block
0x189AE9E3,path,blocks\VZ\resident_P000_Q3.block
0x18A67897,path,blocks\VZ\resident_P000_Q3.block
0x18AAF5C5,path,blocks\VZ\resident_P000_Q3.block
0x18B1775D,animation,blocks\VZ\vehiclenameanimgroup_alouette3_P000_Q3.block
0x18B6BECC,scrub,blocks\VZ\c31408_P000_Q3.block
0x18BB585D,animation,blocks\VZ\vehiclenameanimgroup_mh53j_P000_Q3.block
0x18BF106B,path,blocks\VZ\resident_P000_Q3.block
0x18C8D0D6,path,blocks\VZ\resident_P000_Q3.block
0x18D490B9,animation,blocks\VZ\vehicleclassanimgroup_monstertruck_P000_Q3.block
0x18DEC416,scrub,blocks\VZ\c30815_P000_Q3.block
0x18DFB231,animation,blocks\VZ\vehicleclassanimgroup_truckmid_P000_Q3.block
0x18E5D7B2,path,blocks\VZ\resident_P000_Q3.block
0x18EB87BF,path,blocks\VZ\resident_P000_Q3.block
0x18EC0346,scrub,blocks\VZ\c30867_P000_Q3.block
0x18F3F16F,path,blocks\VZ\resident_P000_Q3.block
0x18F8D6BC,animation,blocks\VZ\vehiclenameanimgroup_m113_P000_Q3.block
0x18FC4357,path,blocks\VZ\resident_P000_Q3.block
0x19037D3F,animation,blocks\VZ\vehicleclassanimgroup_truckmid_P000_Q3.block
0x19058D08,path,blocks\VZ\resident_P000_Q3.block
0x1909529F,lineregion,blocks\VZ\resident_P000_Q3.block
0x191126F2,path,blocks\VZ\resident_P000_Q3.block
0x191C2B92,path,blocks\VZ\resident_P000_Q3.block
0x191CFBA9,animation,blocks\VZ\resident_P000_Q3.block
0x1925A24D,animation,blocks\VZ\resident_P000_Q3.block
0x19282F4F,path,blocks\VZ\resident_P000_Q3.block
0x19300AFC,animation,blocks\VZ\vehiclenameanimgroup_m1a2_P000_Q3.block
0x19365C30,lowresterrain,blocks\VZ\low_res_terrain_P000_Q3.block
0x1936E668,terrainmesh,blocks\VZ\c31405_P000_Q3.block
0x193879AD,animation,blocks\VZ\characternameanimgroup_mattias_P000_Q3.block
0x1938C663,texture,blocks\Shell\scaleform_shell_P000_Q3.block
0x193F54B8,animation,blocks\VZ\characternameanimgroup_mattias_P000_Q3.block
0x194251EA,path,blocks\VZ\resident_P000_Q3.block
0x194DB63A,path,blocks\VZ\resident_P000_Q3.block
0x1955D693,path,blocks\VZ\resident_P000_Q3.block
0x19570E20,animation,blocks\VZ\vehiclenameanimgroup_recoilless_P000_Q3.block
0x195ED99F,animation,blocks\VZ\vehiclenameanimgroup_turbosquid_P000_Q3.block
0x1961DDB2,path,blocks\VZ\resident_P000_Q3.block
0x1964E0A3,effect,blocks\VZ\effects_P000_Q3.block
0x19676216,model,blocks\VZ\c31053_P000_Q3.block
0x1967F887,animation,blocks\VZ\vehiclenameanimgroup_m551_P000_Q3.block
0x196C6A08,scrub,blocks\VZ\c30012_P000_Q3.block
0x19725C1E,path,blocks\VZ\resident_P000_Q3.block
0x1982DAB2,path,blocks\VZ\resident_P000_Q3.block
0x19898952,animation,blocks\VZ\resident_P000_Q3.block
0x1990EBA1,path,blocks\VZ\resident_P000_Q3.block
0x199E81B0,animation,blocks\VZ\characternameanimgroup_mattias_P000_Q3.block
0x19A0496A,animation,blocks\VZ\vehiclenameanimgroup_armwrestle_P000_Q3.block
0x19A625E2,path,blocks\VZ\resident_P000_Q3.block
0x19A88149,path,blocks\VZ\resident_P000_Q3.block
0x19A90495,lowresterrain,blocks\VZ\low_res_terrain_P000_Q3.block
0x19AA62C8,animation,blocks\VZ\vehicleclassanimgroup_automedium_P000_Q3.block
0x19AC0073,animation,blocks\VZ\resident_P000_Q3.block
0x19B95BCB,path,blocks\VZ\resident_P000_Q3.block
0x19BADD75,path,blocks\VZ\resident_P000_Q3.block
0x19BB78E2,animation,blocks\VZ\vehiclenameanimgroup_scooter_P000_Q3.block
0x19CA2A29,path,blocks\VZ\resident_P000_Q3.block
0x19CC3DF7,animation,blocks\VZ\vehiclenameanimgroup_plz45_P000_Q3.block
0x19CDAE60,path,blocks\VZ\resident_P000_Q3.block
0x19D040BB,scrub,blocks\VZ\c30912_P000_Q3.block
0x19D0A8A8,terrainmesh,blocks\VZ\c30102_P000_Q3.block
0x19D5AD6E,animation,blocks\VZ\vehiclenameanimgroup_m551_P000_Q3.block
0x19D9CB6D,animation,blocks\VZ\vehiclenameanimgroup_stingray_P000_Q3.block
0x19DA365F,path,blocks\VZ\resident_P000_Q3.block
0x19DC5001,path,blocks\VZ\resident_P000_Q3.block
0x19DE1F19,lineregion,blocks\VZ\resident_P000_Q3.block
0x19DE626D,animation,blocks\VZ\vehiclenameanimgroup_mi35_P000_Q3.block
0x19DF0006,animation,blocks\VZ\vehiclenameanimgroup_ewan_P000_Q3.block
0x19E2962E,model,blocks\VZ\c33260_P000_Q3.block
0x19E30E14,animation,blocks\VZ\resident_P000_Q3.block
0x19EECEDE,path,blocks\VZ\resident_P000_Q3.block
0x19FCA555,path,blocks\VZ\resident_P000_Q3.block
0x1A01F224,animation,blocks\VZ\vehiclenameanimgroup_mh53j_P000_Q3.block
0x1A0221AE,animation,blocks\VZ\vehiclenameanimgroup_alouette3_P000_Q3.block
0x1A0CC278,soundbank;sounddb,blocks\English\vo_resident_P000_Q3.block
0x1A1C7B42,path,blocks\VZ\resident_P000_Q3.block
0x1A241BA8,path,blocks\VZ\resident_P000_Q3.block
0x1A2BFC43,path,blocks\VZ\resident_P000_Q3.block
0x1A31A72B,path,blocks\VZ\resident_P000_Q3.block
0x1A31E520,scrub,blocks\VZ\c31272_P000_Q3.block
0x1A37ECC3,path,blocks\VZ\resident_P000_Q3.block
0x1A38CFEC,scrub,blocks\VZ\c31503_P000_Q3.block
0x1A40918E,animation,blocks\VZ\resident_P000_Q3.block
0x1A43A4D3,path,blocks\VZ\resident_P000_Q3.block
0x1A4408BB,model,blocks\VZ\c33296_P000_Q3.block
0x1A4B3045,scrub,blocks\VZ\c31258_P000_Q3.block
0x1A4BD447,path,blocks\VZ\resident_P000_Q3.block
0x1A4C5706,path,blocks\VZ\resident_P000_Q3.block
0x1A4C5B7C,model,blocks\VZ\resident2_P000_Q3.block
0x1A4FC36E,model,blocks\VZ\c30545_P000_Q3.block
0x1A563397,path,blocks\VZ\resident_P000_Q3.block
0x1A5AB9EF,path,blocks\VZ\resident_P000_Q3.block
0x1A5ADE25,animation,blocks\VZ\vehiclenameanimgroup_huey_P000_Q3.block
0x1A6329AE,animation,blocks\VZ\vehiclenameanimgroup_mi35_P000_Q3.block
0x1A684B28,animation,blocks\VZ\vehicleclassanimgroup_autolargeb_P000_Q3.block
0x1A69F399,path,blocks\VZ\resident_P000_Q3.block
0x1A6C16C1,animation,blocks\VZ\vehiclenameanimgroup_ka29b_P000_Q3.block
0x1A6C4F1C,effect,blocks\VZ\effects_P000_Q3.block
0x1A6D8557,path,blocks\VZ\resident_P000_Q3.block
0x1A6E5708,animation,blocks\VZ\vehiclenameanimgroup_omen_P000_Q3.block
0x1A6F02DB,path,blocks\VZ\resident_P000_Q3.block
0x1A71B39C,lowresterrain,blocks\VZ\low_res_terrain_P000_Q3.block
0x1A755429,path,blocks\VZ\resident_P000_Q3.block
0x1A80D7A5,path,blocks\VZ\resident_P000_Q3.block
0x1A8D4A5E,animation,blocks\VZ\vehiclenameanimgroup_zu23aa_P000_Q3.block
0x1A922D5D,animation,blocks\VZ\vehiclenameanimgroup_alouette3_P000_Q3.block
0x1A92D79B,path,blocks\VZ\resident_P000_Q3.block
0x1A9D89DF,model,blocks\VZ\c32154_P000_Q3.block
0x1A9EA024,animation,blocks\VZ\vehiclenameanimgroup_armwrestle_P000_Q3.block
0x1AA463D3,scrub,blocks\VZ\c30359_P000_Q3.block
0x1AA6BC1F,path,blocks\VZ\resident_P000_Q3.block
0x1AAEE2E4,animation,blocks\VZ\vehiclenameanimgroup_ztz63a_P000_Q3.block
0x1AAF8C7D,chatter,blocks\VZ\resident_P000_Q3.block
0x1AB7B246,animation,blocks\VZ\vehiclenameanimgroup_dinghy_P000_Q3.block
0x1AB7DCCD,animation,blocks\VZ\vehiclenameanimgroup_pirateb_P000_Q3.block
0x1ABE480B,path,blocks\VZ\resident_P000_Q3.block
0x1AC00847,lowresterrain,blocks\VZ\low_res_terrain_P000_Q3.block
0x1ACBB6A0,soundbank;sounddb,blocks\English\vo_resident_P000_Q3.block
0x1ACBC949,path,blocks\VZ\resident_P000_Q3.block
0x1ACCFFD8,path,blocks\VZ\resident_P000_Q3.block
0x1AD05A1C,animation,blocks\VZ\vehiclenameanimgroup_amx30_P000_Q3.block
0x1AD31EE1,animation,blocks\VZ\vehiclenameanimgroup_escort_P000_Q3.block
0x1ADEEB80,model,blocks\VZ\c39998_P000_Q3.block
0x1AE119B3,animation,blocks\VZ\vehiclenameanimgroup_patrol_P000_Q3.block
0x1AE15659,path,blocks\VZ\resident_P000_Q3.block
0x1AE56060,scaleformgfx,blocks\Shell\resident_P000_Q3.block;blocks\VZ\resident_P000_Q3.block
0x1AEF08A0,path,blocks\VZ\resident_P000_Q3.block
0x1AF5E2C7,path,blocks\VZ\resident_P000_Q3.block
0x1AF6B6E3,terrainmesh,blocks\VZ\c30835_P000_Q3.block
0x1AFA5FF5,path,blocks\VZ\resident_P000_Q3.block
0x1B0A2666,animation,blocks\VZ\vehiclenameanimgroup_type 14310_P000_Q3.block
0x1B0A5586,path,blocks\VZ\resident_P000_Q3.block
0x1B13EFF7,animation,blocks\VZ\resident_P000_Q3.block
0x1B174150,path,blocks\VZ\resident_P000_Q3.block
0x1B20BC33,path,blocks\VZ\resident_P000_Q3.block
0x1B2EC86C,path,blocks\VZ\resident_P000_Q3.block
0x1B374E5F,animation,blocks\VZ\vehicleclassanimgroup_jetski_P000_Q3.block
0x1B388028,model,blocks\VZ\c32539_P000_Q3.block
0x1B4AAFEB,animation,blocks\VZ\vehicleclassanimgroup_jetski_P000_Q3.block
0x1B53FE55,animation,blocks\VZ\vehiclenameanimgroup_plz45_P000_Q3.block
0x1B660FC9,effect,blocks\VZ\effects_P000_Q3.block
0x1B674F48,animation,blocks\VZ\resident_P000_Q3.block
0x1B699E96,animation,blocks\VZ\resident_P000_Q3.block
0x1B6DFA47,path,blocks\VZ\resident_P000_Q3.block
0x1B714F7A,path,blocks\VZ\resident_P000_Q3.block
0x1B727775,path,blocks\VZ\resident_P000_Q3.block
0x1B7A4F4B,path,blocks\VZ\resident_P000_Q3.block
0x1B7ECC79,path,blocks\VZ\resident_P000_Q3.block
0x1B82B98E,animation,blocks\VZ\vehiclenameanimgroup_guerilla_P000_Q3.block
0x1B8BD306,path,blocks\VZ\resident_P000_Q3.block
0x1B920204,path,blocks\VZ\resident_P000_Q3.block
0x1B93A8AD,animation,blocks\VZ\vehiclenameanimgroup_cigarette_P000_Q3.block
0x1B93DF42,animation,blocks\VZ\vehiclenameanimgroup_mi35_P000_Q3.block
0x1B95B705,model,blocks\VZ\c30602_P000_Q3.block
0x1B9C7E72,path,blocks\VZ\resident_P000_Q3.block
0x1B9CEC22,animation,blocks\VZ\vehiclenameanimgroup_huey_P000_Q3.block
0x1BA22D22,animation,blocks\VZ\vehiclenameanimgroup_md500_P000_Q3.block
0x1BA2C577,model,blocks\VZ\c33297_P000_Q3.block
0x1BC75658,path,blocks\VZ\resident_P000_Q3.block
0x1BCFA85F,animation,blocks\VZ\vehiclenameanimgroup_dragster_P000_Q3.block
0x1BE1FF67,effect,blocks\VZ\effects_P000_Q3.block
0x1BE3939C,path,blocks\VZ\resident_P000_Q3.block
0x1BE594AB,lineregion,blocks\VZ\resident_P000_Q3.block
0x1BEA03A2,path,blocks\VZ\resident_P000_Q3.block
0x1BEB1956,animation,blocks\VZ\characternameanimgroup_mattias_P000_Q3.block
0x1BED0480,terrainmesh,blocks\VZ\c30912_P000_Q3.block
0x1BF064D6,lowresterrain,blocks\VZ\low_res_terrain_P000_Q3.block
0x1BF8BAC9,texture,blocks\Shell\scaleform_shell_P000_Q3.block
0x1BFEB50E,path,blocks\VZ\resident_P000_Q3.block
0x1C062474,path,blocks\VZ\resident_P000_Q3.block
0x1C0AA1A2,path,blocks\VZ\resident_P000_Q3.block
0x1C0E5825,path,blocks\VZ\resident_P000_Q3.block
0x1C16B3FB,path,blocks\VZ\resident_P000_Q3.block
0x1C17BDBC,animation,blocks\VZ\resident_P000_Q3.block
0x1C1DA7DF,lowresterrain,blocks\VZ\low_res_terrain_P000_Q3.block
0x1C24245B,animation,blocks\VZ\resident_P000_Q3.block
0x1C2562ED,path,blocks\VZ\resident_P000_Q3.block
0x1C258A74,path,blocks\VZ\resident_P000_Q3.block
0x1C2881F0,scrub,blocks\VZ\c31245_P000_Q3.block
0x1C288393,animation,blocks\VZ\resident_P000_Q3.block
0x1C2C1872,terrainmesh,blocks\VZ\c30824_P000_Q3.block
0x1C308038,path,blocks\VZ\resident_P000_Q3.block
0x1C3C1835,scrub,blocks\VZ\c31191_P000_Q3.block
0x1C3D05DA,animation,blocks\VZ\resident_P000_Q3.block
0x1C3F8E39,path,blocks\VZ\resident_P000_Q3.block
0x1C58412E,animation,blocks\VZ\resident_P000_Q3.block
0x1C7334D9,animation,blocks\VZ\characternameanimgroup_jennifer_P000_Q3.block
0x1C7426D9,path,blocks\VZ\resident_P000_Q3.block
0x1C791A4B,path,blocks\VZ\resident_P000_Q3.block
0x1C7C6886,animation,blocks\VZ\vehiclenameanimgroup_huey_P000_Q3.block
0x1C7E3B7C,font,blocks\VZ\english_P000_Q3.block
0x1C7F75E1,lineregion,blocks\VZ\resident_P000_Q3.block
0x1C82E3B7,scrub,blocks\VZ\c30795_P000_Q3.block
0x1C8779F4,animation,blocks\VZ\vehiclenameanimgroup_amx30aa_P000_Q3.block
0x1C8CFA8E,effect,blocks\VZ\effects_P000_Q3.block
0x1C8D1264,animation,blocks\VZ\characternameanimgroup_soldier_P000_Q3.block
0x1C8E84BA,texture,blocks\Shell\scaleform_shell_P000_Q3.block
0x1C93C37E,scrub,blocks\VZ\c31349_P000_Q3.block
0x1C9405E8,animation,blocks\VZ\resident_P000_Q3.block
0x1C948F65,path,blocks\VZ\resident_P000_Q3.block
0x1C9E4E9E,path,blocks\VZ\resident_P000_Q3.block
0x1C9F43A4,animation,blocks\VZ\vehiclenameanimgroup_vanquish_P000_Q3.block
0x1CA0475D,animation,blocks\VZ\characternameanimgroup_mattias_P000_Q3.block
0x1CAA1A54,texture,blocks\VZ\c32064_P000_Q3.block
0x1CACD3F0,lineregion,blocks\VZ\resident_P000_Q3.block
0x1CACF44E,lowresterrain,blocks\VZ\low_res_terrain_P000_Q3.block
0x1CB9DC36,path,blocks\VZ\resident_P000_Q3.block
0x1CC5014C,model;path,blocks\VZ\c30922_P000_Q3.block;blocks\VZ\resident_P000_Q3.block
0x1CCE614C,path,blocks\VZ\resident_P000_Q3.block
0x1CD5396C,texture,blocks\Shell\scaleform_shell_P000_Q3.block
0x1CDB4043,path,blocks\VZ\resident_P000_Q3.block
0x1CE4F268,path,blocks\VZ\resident_P000_Q3.block
0x1CE7D456,scrub,blocks\VZ\c31364_P000_Q3.block
0x1CF077C2,texture,blocks\Shell\scaleform_shell_P000_Q3.block
0x1CF388B5,animation,blocks\VZ\vehiclenameanimgroup_turbosquid_P000_Q3.block
0x1CF68280,animation,blocks\VZ\vehiclenameanimgroup_m1a2_P000_Q3.block
0x1CF6B57D,path,blocks\VZ\resident_P000_Q3.block
0x1CFB77B7,path,blocks\VZ\resident_P000_Q3.block
0x1CFDCEC5,model,blocks\VZ\c30737_P000_Q3.block
0x1CFF75B6,path,blocks\VZ\resident_P000_Q3.block
0x1CFFDA7C,animation,blocks\VZ\characternameanimgroup_civilian_P000_Q3.block
0x1D07F559,path,blocks\VZ\resident_P000_Q3.block
0x1D165B82,lineregion,blocks\VZ\resident_P000_Q3.block
0x1D1EA405,texture,blocks\Shell\scaleform_shell_P000_Q3.block
0x1D1EB280,animation,blocks\VZ\vehiclenameanimgroup_highvoltage_P000_Q3.block
0x1D20E058,model;path,blocks\VZ\c30872_P000_Q3.block;blocks\VZ\resident_P000_Q3.block
0x1D2219AC,animation,blocks\VZ\resident_P000_Q3.block
0x1D27F671,path,blocks\VZ\resident_P000_Q3.block
0x1D2B7F4D,model,blocks\VZ\c39998_P000_Q3.block
0x1D305E83,animation,blocks\VZ\vehiclenameanimgroup_sportbike_P000_Q3.block
0x1D305EE1,lineregion,blocks\VZ\resident_P000_Q3.block
0x1D336AF5,path,blocks\VZ\resident_P000_Q3.block
0x1D37C2BA,scrub,blocks\VZ\c30429_P000_Q3.block
0x1D3CF032,texture,blocks\Shell\scaleform_shell_P000_Q3.block
0x1D3D96A4,path,blocks\VZ\resident_P000_Q3.block
0x1D48DBA7,animation,blocks\VZ\vehiclenameanimgroup_swamp_P000_Q3.block
0x1D5363B0,animation,blocks\VZ\resident_P000_Q3.block
0x1D5B7523,animation,blocks\VZ\resident_P000_Q3.block
0x1D5C936B,path,blocks\VZ\resident_P000_Q3.block
0x1D5D24CE,model,blocks\VZ\c30517_P000_Q3.block
0x1D5E7DBA,animation,blocks\VZ\vehiclenameanimgroup_m2a3_P000_Q3.block
0x1D60DBB9,lowresterrain,blocks\VZ\low_res_terrain_P000_Q3.block
0x1D69BBE5,animation,blocks\VZ\resident_P000_Q3.block
0x1D6A3D2C,animation,blocks\VZ\vehiclenameanimgroup_saltonsea_P000_Q3.block
0x1D71FB51,animation,blocks\VZ\resident_P000_Q3.block
0x1D78714B,animation,blocks\VZ\vehiclenameanimgroup_mi35solano_P000_Q3.block
0x1D7F6E15,path,blocks\VZ\resident_P000_Q3.block
0x1D85399D,path,blocks\VZ\resident_P000_Q3.block
0x1D8F89E0,animation,blocks\VZ\vehiclenameanimgroup_md500_P000_Q3.block
0x1D99E4EE,animation,blocks\VZ\vehiclenameanimgroup_huey_P000_Q3.block
0x1DB0D6B0,scrub,blocks\VZ\c31350_P000_Q3.block
0x1DB14883,scrub,blocks\VZ\c30112_P000_Q3.block
0x1DBC206F,animation,blocks\VZ\vehiclenameanimgroup_m1a2_P000_Q3.block
0x1DBEED5F,animation,blocks\VZ\vehicleclassanimgroup_autosmall_P000_Q3.block
0x1DBFBB85,path,blocks\VZ\resident_P000_Q3.block
0x1DC09994,lineregion,blocks\VZ\resident_P000_Q3.block
0x1DC8342C,effect,blocks\VZ\effects_P000_Q3.block
0x1DD5F5C6,animation,blocks\VZ\resident_P000_Q3.block
0x1DD932CB,path,blocks\VZ\resident_P000_Q3.block
0x1DDF3A89,path,blocks\VZ\resident_P000_Q3.block
0x1DE8607A,path,blocks\VZ\resident_P000_Q3.block
0x1DE91568,path,blocks\VZ\resident_P000_Q3.block
0x1DEA2CEE,path,blocks\VZ\resident_P000_Q3.block
0x1DEA66DD,path,blocks\VZ\resident_P000_Q3.block
0x1DEB0E1B,animation,blocks\VZ\characternameanimgroup_jennifer_P000_Q3.block
0x1DEC11A1,effect,blocks\VZ\effects_P000_Q3.block
0x1DED9296,path,blocks\VZ\resident_P000_Q3.block
0x1DF1325B,animation,blocks\VZ\vehiclenameanimgroup_huangfeng_P000_Q3.block
0x1DF619AD,lineregion,blocks\VZ\resident_P000_Q3.block
0x1E00547A,scrub,blocks\VZ\c31193_P000_Q3.block
0x1E042862,animation,blocks\VZ\characternameanimgroup_chris_P000_Q3.block
0x1E0995D6,scrub,blocks\VZ\c31500_P000_Q3.block
0x1E0C8C08,path,blocks\VZ\resident_P000_Q3.block
0x1E10BD37,path,blocks\VZ\resident_P000_Q3.block
0x1E140A84,terrainmesh,blocks\VZ\c30306_P000_Q3.block
0x1E1B804C,path,blocks\VZ\resident_P000_Q3.block
0x1E20E53B,path,blocks\VZ\resident_P000_Q3.block
0x1E2199D2,model,blocks\VZ\c30537_P000_Q3.block
0x1E21A028,path,blocks\VZ\resident_P000_Q3.block
0x1E24E7C7,path,blocks\VZ\resident_P000_Q3.block
0x1E25CB11,path,blocks\VZ\resident_P000_Q3.block
0x1E26F732,animation,blocks\VZ\vehiclenameanimgroup_mi35solano_P000_Q3.block
0x1E2897F6,animation,blocks\VZ\vehiclenameanimgroup_vanquish_P000_Q3.block
0x1E2A3FD8,path,blocks\VZ\resident_P000_Q3.block
0x1E30041E,path,blocks\VZ\resident_P000_Q3.block
0x1E396539,soundbank;sounddb,blocks\English\vo_resident_P000_Q3.block
0x1E46969D,animation,blocks\VZ\vehicleclassanimgroup_jetski_P000_Q3.block
0x1E47F13E,chatter,blocks\VZ\resident_P000_Q3.block
0x1E59ACDA,model,blocks\VZ\c33304_P000_Q3.block
0x1E5C6B47,lineregion,blocks\VZ\resident_P000_Q3.block
0x1E5F22FB,animation,blocks\VZ\vehiclenameanimgroup_huey_P000_Q3.block
0x1E6647CF,animation,blocks\VZ\resident_P000_Q3.block
0x1E6943EE,path,blocks\VZ\resident_P000_Q3.block
0x1E6F753C,path,blocks\VZ\resident_P000_Q3.block
0x1E6FF8C8,path,blocks\VZ\resident_P000_Q3.block
0x1E765977,texture,blocks\Shell\scaleform_shell_P000_Q3.block
0x1E7D1924,path,blocks\VZ\resident_P000_Q3.block
0x1E7F899B,path,blocks\VZ\resident_P000_Q3.block
0x1E81D134,lineregion,blocks\VZ\resident_P000_Q3.block
0x1E83C7F8,texture,blocks\Shell\scaleform_shell_P000_Q3.block
0x1E87817B,path,blocks\VZ\resident_P000_Q3.block
0x1E8BD630,path,blocks\VZ\resident_P000_Q3.block
0x1E8BFEA9,path,blocks\VZ\resident_P000_Q3.block
0x1E91F043,animation,blocks\VZ\characternameanimgroup_ocexecbox_P000_Q3.block
0x1E9E46BE,path,blocks\VZ\resident_P000_Q3.block
0x1EA07E0E,path,blocks\VZ\resident_P000_Q3.block
0x1EA84029,scrub,blocks\VZ\c31408_P000_Q3.block
0x1EA86C83,scrub,blocks\VZ\c30713_P000_Q3.block
0x1EA9604D,animation,blocks\VZ\resident_P000_Q3.block
0x1EB1FE68,scrub,blocks\VZ\c30102_P000_Q3.block
0x1EB38A6C,soundbank;sounddb;wavebank,blocks\English\vo_job_pir_devilbwoy.english_P000_Q3.block
0x1EB5C600,scrub,blocks\VZ\c30069_P000_Q3.block
0x1EB85B5E,path,blocks\VZ\resident_P000_Q3.block
0x1EB921EF,animation,blocks\VZ\characternameanimgroup_chris_P000_Q3.block
0x1EBCDCAF,lineregion,blocks\VZ\resident_P000_Q3.block
0x1EBDC753,animation,blocks\VZ\vehicleclassanimgroup_truckmid_P000_Q3.block
0x1EC5524E,path,blocks\VZ\resident_P000_Q3.block
0x1EC8709F,texture,blocks\Shell\scaleform_shell_P000_Q3.block
0x1ECFCC46,scrub,blocks\VZ\c30721_P000_Q3.block
0x1ED84C7F,texture,blocks\Shell\scaleform_shell_P000_Q3.block
0x1EDB3065,path,blocks\VZ\resident_P000_Q3.block
0x1EE019CD,lineregion,blocks\VZ\resident_P000_Q3.block
0x1EF541A2,animation,blocks\VZ\vehiclenameanimgroup_stingray_P000_Q3.block
0x1EF64363,texture,blocks\Shell\scaleform_shell_P000_Q3.block
0x1EF9DC2E,terrainmesh,blocks\VZ\c30085_P000_Q3.block
0x1EFB0978,animation,blocks\VZ\vehiclenameanimgroup_wz10_P000_Q3.block
0x1EFFBAAA,path,blocks\VZ\resident_P000_Q3.block
0x1F09F51D,lowresterrain,blocks\VZ\low_res_terrain_P000_Q3.block
0x1F2754D7,path,blocks\VZ\resident_P000_Q3.block
0x1F2C1D0C,animation,blocks\VZ\vehiclenameanimgroup_patrol_P000_Q3.block
0x1F3041D2,path,blocks\VZ\resident_P000_Q3.block
0x1F31CA06,effect,blocks\VZ\effects_P000_Q3.block
0x1F37DC32,path,blocks\VZ\resident_P000_Q3.block
0x1F4162D6,texture,blocks\VZ\pmcoutpost_bld_dock_P000_Q3.block
0x1F44AF8E,path,blocks\VZ\resident_P000_Q3.block
0x1F4A65BD,path,blocks\VZ\resident_P000_Q3.block
0x1F521CF4,terrainmesh,blocks\VZ\c30166_P000_Q3.block
0x1F597CFB,texture,blocks\Shell\scaleform_shell_P000_Q3.block
0x1F5BDA8B,animation,blocks\VZ\vehicleclassanimgroup_foodstand_P000_Q3.block
0x1F65E5A7,lineregion,blocks\VZ\resident_P000_Q3.block
0x1F661132,animation,blocks\VZ\vehicleclassanimgroup_autolargea_P000_Q3.block
0x1F664A07,texture,blocks\Shell\scaleform_shell_P000_Q3.block
0x1F69713D,path,blocks\VZ\resident_P000_Q3.block
0x1F6A83B6,path,blocks\VZ\resident_P000_Q3.block
0x1F6B1B55,path,blocks\VZ\resident_P000_Q3.block
0x1F6DC562,path,blocks\VZ\resident_P000_Q3.block
0x1F6FB860,terrainmesh,blocks\VZ\c30714_P000_Q3.block
0x1F7435DF,effect,blocks\VZ\effects_P000_Q3.block
0x1F77AC23,animation,blocks\VZ\vehicleclassanimgroup_truckmid_P000_Q3.block
0x1F822D5F,animation,blocks\VZ\vehiclenameanimgroup_ah1z_P000_Q3.block
0x1F8AEF3E,path,blocks\VZ\resident_P000_Q3.block
0x1F8E7CC2,lowresterrain,blocks\VZ\low_res_terrain_P000_Q3.block
0x1F91522F,path,blocks\VZ\resident_P000_Q3.block
0x1F915846,path,blocks\VZ\resident_P000_Q3.block
0x1F975119,path,blocks\VZ\resident_P000_Q3.block
0x1F9CA22C,animation,blocks\VZ\vehiclenameanimgroup_m1a2_P000_Q3.block
0x1FA5C872,path,blocks\VZ\resident_P000_Q3.block
0x1FA74E0A,scrub,blocks\VZ\c31258_P000_Q3.block
0x1FAF32BC,lowresterrain,blocks\VZ\low_res_terrain_P000_Q3.block
0x1FB6DBA5,animation,blocks\VZ\vehicleclassanimgroup_tank_P000_Q3.block
0x1FB76E9D,effect,blocks\VZ\effects_P000_Q3.block
0x1FB827EC,scrub,blocks\VZ\c30441_P000_Q3.block
0x1FB8C3AA,animation,blocks\VZ\vehiclenameanimgroup_50cal_P000_Q3.block
0x1FBFBB4B,model,blocks\VZ\c33295_P000_Q3.block
0x1FC2C9CC,effect,blocks\VZ\effects_P000_Q3.block
0x1FCA9736,terrainmesh,blocks\VZ\c31349_P000_Q3.block
0x1FCB77FB,path,blocks\VZ\resident_P000_Q3.block
0x1FCD68AD,lineregion,blocks\VZ\resident_P000_Q3.block
0x1FCF00B2,animation,blocks\VZ\vehiclenameanimgroup_wz10_P000_Q3.block
0x1FCF2B8C,path,blocks\VZ\resident_P000_Q3.block
0x1FCF9B00,animation,blocks\VZ\vehiclenameanimgroup_weightbench_P000_Q3.block
0x1FCFF529,path,blocks\VZ\resident_P000_Q3.block
0x1FD3FCD5,lineregion,blocks\VZ\resident_P000_Q3.block
0x1FDBAD32,animation,blocks\VZ\vehiclenameanimgroup_ah1z_P000_Q3.block
0x1FDD0BB1,animation,blocks\VZ\vehiclenameanimgroup_cigarette_P000_Q3.block
0x1FDFFA98,texture,blocks\Shell\scaleform_shell_P000_Q3.block
0x1FE7F6AC,animation,blocks\VZ\vehiclenameanimgroup_m551_P000_Q3.block
0x1FEB3BA1,lineregion,blocks\VZ\resident_P000_Q3.block
0x1FF6953D,path,blocks\VZ\resident_P000_Q3.block
0x1FF9F22C,path,blocks\VZ\resident_P000_Q3.block
0x1FFA8994,path,blocks\VZ\resident_P000_Q3.block
0x1FFD2272,scrub,blocks\VZ\c30070_P000_Q3.block
0x2001C986,effect,blocks\VZ\effects_P000_Q3.block
0x2004A639,animation,blocks\VZ\resident_P000_Q3.block
0x20146000,model,blocks\VZ\effects_P000_Q3.block
0x2014C395,model,blocks\VZ\c30660_P000_Q3.block
0x2016CE39,path,blocks\VZ\resident_P000_Q3.block
0x202228D2,animation,blocks\VZ\vehiclenameanimgroup_tow_P000_Q3.block
0x2026B624,animation,blocks\VZ\vehiclenameanimgroup_f35_P000_Q3.block
0x2037F797,lowresterrain,blocks\VZ\low_res_terrain_P000_Q3.block
0x203B60F6,path,blocks\VZ\resident_P000_Q3.block
0x203BB07F,lowresterrain,blocks\VZ\low_res_terrain_P000_Q3.block
0x203D3C2E,animation,blocks\VZ\vehicleclassanimgroup_autolargec_P000_Q3.block
0x2041AEAD,scrub,blocks\VZ\c30795_P000_Q3.block
0x20445655,lineregion,blocks\VZ\resident_P000_Q3.block
0x2049E5AF,lowresterrain,blocks\VZ\low_res_terrain_P000_Q3.block
0x20539E3A,lowresterrain,blocks\VZ\low_res_terrain_P000_Q3.block
0x2055DE73,lowresterrain,blocks\VZ\low_res_terrain_P000_Q3.block
0x2059AB91,animation,blocks\VZ\vehicleclassanimgroup_monstertruck_P000_Q3.block
0x205B8D4B,effect,blocks\VZ\effects_P000_Q3.block
0x205D071C,scrub,blocks\VZ\c30092_P000_Q3.block
0x2062031B,lowresterrain,blocks\VZ\low_res_terrain_P000_Q3.block
0x2063384F,scrub,blocks\VZ\c31116_P000_Q3.block
0x206A099F,path,blocks\VZ\resident_P000_Q3.block
0x20713C82,path,blocks\VZ\resident_P000_Q3.block
0x207183F8,animation,blocks\VZ\vehiclenameanimgroup_guerilla_P000_Q3.block
0x207D7D43,effect,blocks\VZ\effects_P000_Q3.block
0x2081DC7B,path,blocks\VZ\resident_P000_Q3.block
0x208501CE,animation,blocks\VZ\vehiclenameanimgroup_mi26_P000_Q3.block
0x20855DC5,scrub,blocks\VZ\c30989_P000_Q3.block
0x20879F61,animation,blocks\VZ\vehiclenameanimgroup_mh53j_P000_Q3.block
0x208804C3,animation,blocks\VZ\vehiclenameanimgroup_f35_P000_Q3.block
0x2088CB35,model,blocks\VZ\c30789_P000_Q3.block
0x2089E83D,path,blocks\VZ\resident_P000_Q3.block
0x2091B5D5,terrainmesh,blocks\VZ\c31403_P000_Q3.block
0x209A6E8F,animation,blocks\VZ\vehiclenameanimgroup_alouette3_P000_Q3.block
0x209F6A1B,scrub,blocks\VZ\c31408_P000_Q3.block
0x20A06847,scrub,blocks\VZ\c30015_P000_Q3.block
0x20B3A66F,effect,blocks\VZ\effects_P000_Q3.block
0x20CD37E6,animation,blocks\VZ\characternameanimgroup_civilian_P000_Q3.block
0x20CE24D3,path,blocks\VZ\resident_P000_Q3.block
0x20D887F5,lineregion,blocks\VZ\resident_P000_Q3.block
0x20DBAE60,path,blocks\VZ\resident_P000_Q3.block
0x20DD3217,path,blocks\VZ\resident_P000_Q3.block
0x20E02F75,texture,blocks\VZ\c33247_P000_Q3.block
0x20F515B6,lineregion,blocks\VZ\resident_P000_Q3.block
0x20FBDEE1,path,blocks\VZ\resident_P000_Q3.block
0x20FC6027,animation,blocks\VZ\characternameanimgroup_jennifer_P000_Q3.block
0x2105102B,animation,blocks\VZ\vehiclenameanimgroup_mi35solano_P000_Q3.block
0x2105C540,animation,blocks\VZ\resident_P000_Q3.block
0x210BD4CE,scrub,blocks\VZ\c31102_P000_Q3.block
0x210F735D,animation,blocks\VZ\vehiclenameanimgroup_armored bank truck_P000_Q3.block
0x211984EB,animation,blocks\VZ\vehiclenameanimgroup_huey_P000_Q3.block
0x211AC199,path,blocks\VZ\resident_P000_Q3.block
0x2122353C,path,blocks\VZ\resident_P000_Q3.block
0x212E75CF,animation,blocks\VZ\vehiclenameanimgroup_scooter_P000_Q3.block
0x212EFC41,lineregion,blocks\VZ\resident_P000_Q3.block
0x213C978B,animation,blocks\VZ\vehiclenameanimgroup_mi35_P000_Q3.block
0x21423DA8,texture,blocks\Shell\scaleform_shell_P000_Q3.block
0x214BB612,path,blocks\VZ\resident_P000_Q3.block
0x215382CD,lowresterrain,blocks\VZ\low_res_terrain_P000_Q3.block
0x215AE210,path,blocks\VZ\resident_P000_Q3.block
0x2168CA1D,scrub,blocks\VZ\c30959_P000_Q3.block
0x216A7248,texture,blocks\Shell\scaleform_shell_P000_Q3.block
0x2172F327,animation,blocks\VZ\characternameanimgroup_jennifer_P000_Q3.block
0x2173A111,animation,blocks\VZ\resident_P000_Q3.block
0x2178E91E,animation,blocks\VZ\vehiclenameanimgroup_stingray_P000_Q3.block
0x2179203F,animation,blocks\VZ\vehiclenameanimgroup_ext_P000_Q3.block
0x21808E46,terrainmesh,blocks\VZ\c30298_P000_Q3.block
0x21822AC7,lowresterrain,blocks\VZ\low_res_terrain_P000_Q3.block
0x2187474D,animation,blocks\VZ\vehiclenameanimgroup_recoilless_P000_Q3.block
0x2189EABF,animation,blocks\VZ\vehiclenameanimgroup_ah1z_P000_Q3.block
0x218A1FA4,soundbank;sounddb;wavebank,blocks\English\vo_job_heros.english_P000_Q3.block
0x218C54C1,path,blocks\VZ\resident_P000_Q3.block
0x2198028D,path,blocks\VZ\resident_P000_Q3.block
0x219FE888,path,blocks\VZ\resident_P000_Q3.block
0x21A093A4,animation,blocks\VZ\resident_P000_Q3.block
0x21A67B4B,lowresterrain,blocks\VZ\low_res_terrain_P000_Q3.block
0x21B622C6,path,blocks\VZ\resident_P000_Q3.block
0x21B82ADF,model,blocks\VZ\effects_P000_Q3.block
0x21BBDEB3,lineregion,blocks\VZ\resident_P000_Q3.block
0x21C400BA,path,blocks\VZ\resident_P000_Q3.block
0x21C5DE49,path,blocks\VZ\resident_P000_Q3.block
0x21D3C38F,path,blocks\VZ\resident_P000_Q3.block
0x21D4E86E,path,blocks\VZ\resident_P000_Q3.block
0x21DBFAA5,path,blocks\VZ\resident_P000_Q3.block
0x21DDF193,path,blocks\VZ\resident_P000_Q3.block
0x21E24655,path,blocks\VZ\resident_P000_Q3.block
0x21E2A8DF,lineregion,blocks\VZ\resident_P000_Q3.block
0x21E36B15,animation,blocks\VZ\resident_P000_Q3.block
0x21EB6DE7,path,blocks\VZ\resident_P000_Q3.block
0x21F358A4,path,blocks\VZ\resident_P000_Q3.block
0x22063231,musicstatemap,blocks\VZ\c33364_P000_Q3.block
0x220A28C3,scrub,blocks\VZ\c30764_P000_Q3.block
0x220F99EB,animation,blocks\VZ\vehiclenameanimgroup_m551_P000_Q3.block
0x221011B3,path,blocks\VZ\resident_P000_Q3.block
0x2215A3CA,path,blocks\VZ\resident_P000_Q3.block
0x221EEA4A,animation,blocks\VZ\vehiclenameanimgroup_type 14310_P000_Q3.block
0x222EA30B,path,blocks\VZ\resident_P000_Q3.block
0x2231638B,lowresterrain,blocks\VZ\low_res_terrain_P000_Q3.block
0x2231D3D8,lowresterrain,blocks\VZ\low_res_terrain_P000_Q3.block
0x22332039,path,blocks\VZ\resident_P000_Q3.block
0x223338A3,path,blocks\VZ\resident_P000_Q3.block
0x223BEEA0,path,blocks\VZ\resident_P000_Q3.block
0x223DA006,lineregion,blocks\VZ\resident_P000_Q3.block
0x2241D859,animation,blocks\VZ\vehiclenameanimgroup_cigarette_P000_Q3.block
0x2244639E,path,blocks\VZ\resident_P000_Q3.block
0x224CDE0D,path,blocks\VZ\resident_P000_Q3.block
0x224CE4E0,animation,blocks\VZ\characternameanimgroup_chris_P000_Q3.block
0x2257512E,path,blocks\VZ\resident_P000_Q3.block
0x225B2E85,lowresterrain,blocks\VZ\low_res_terrain_P000_Q3.block
0x225DB03D,texture,blocks\VZ\c33247_P000_Q3.block
0x225E1E56,animation,blocks\VZ\vehiclenameanimgroup_mi35_P000_Q3.block
0x225E5B03,animation,blocks\VZ\vehiclenameanimgroup_ka29b_P000_Q3.block
0x2264C2D7,animation,blocks\VZ\vehicleclassanimgroup_telephonebooth_P000_Q3.block
0x22678E1C,path,blocks\VZ\resident_P000_Q3.block
0x226E5B90,scrub,blocks\VZ\c30069_P000_Q3.block
0x228538B0,scrub,blocks\VZ\c31415_P000_Q3.block
0x228566D0,model,blocks\VZ\effects_P000_Q3.block
0x228C9F6D,animation,blocks\VZ\vehiclenameanimgroup_amx30_P000_Q3.block
0x228F8CF3,path,blocks\VZ\resident_P000_Q3.block
0x22B1BF0A,animation,blocks\VZ\vehiclenameanimgroup_huey_P000_Q3.block
0x22BBC71B,lowresterrain,blocks\VZ\low_res_terrain_P000_Q3.block
0x22BE4602,animation,blocks\VZ\resident_P000_Q3.block
0x22C17602,texture,blocks\Shell\scaleform_shell_P000_Q3.block
0x22C21459,scrub,blocks\VZ\c30099_P000_Q3.block
0x22C45918,path,blocks\VZ\resident_P000_Q3.block
0x22C909D6,terrainmesh,blocks\VZ\c30101_P000_Q3.block
0x22CC68EA,path,blocks\VZ\resident_P000_Q3.block
0x22D9536B,path,blocks\VZ\resident_P000_Q3.block
0x22E7D7BF,animation,blocks\VZ\resident_P000_Q3.block
0x22E8B304,path,blocks\VZ\resident_P000_Q3.block
0x22E8D7ED,effect,blocks\VZ\effects_P000_Q3.block
0x22F372A6,path,blocks\VZ\resident_P000_Q3.block
0x22F7E9F6,animation,blocks\VZ\characternameanimgroup_civilian_P000_Q3.block
0x2300317A,animation,blocks\VZ\vehiclenameanimgroup_mh53j_P000_Q3.block
0x2301C6A1,texture,blocks\Shell\scaleform_shell_P000_Q3.block
0x23043BE1,animation,blocks\VZ\vehiclenameanimgroup_amx30_P000_Q3.block
0x23140821,lineregion,blocks\VZ\resident_P000_Q3.block
0x231655A1,scrub,blocks\VZ\c30075_P000_Q3.block
0x231CB78C,animation,blocks\VZ\vehiclenameanimgroup_m1a2_P000_Q3.block
0x23224D71,animation,blocks\VZ\vehicleclassanimgroup_autolargec_P000_Q3.block
0x2323A310,path,blocks\VZ\resident_P000_Q3.block
0x23306354,animation,blocks\VZ\resident_P000_Q3.block
0x233574DB,texture,blocks\Shell\scaleform_shell_P000_Q3.block
0x23416D95,animation,blocks\VZ\vehiclenameanimgroup_mi35solano_P000_Q3.block
0x234434C1,animation,blocks\VZ\vehiclenameanimgroup_zbd2000_P000_Q3.block
0x2347D610,path,blocks\VZ\resident_P000_Q3.block
0x2347F59B,scrub,blocks\VZ\c30813_P000_Q3.block
0x2353DDC9,texture,blocks\Shell\scaleform_shell_P000_Q3.block
0x235736B6,path,blocks\VZ\resident_P000_Q3.block
0x235A7D51,path,blocks\VZ\resident_P000_Q3.block
0x235B2283,scrub,blocks\VZ\c30576_P000_Q3.block
0x235B5E5E,scrub,blocks\VZ\c31277_P000_Q3.block
0x23607DE3,animation,blocks\VZ\vehiclenameanimgroup_stingray_P000_Q3.block
0x23624B6E,path,blocks\VZ\resident_P000_Q3.block
0x2362F136,terrainmesh,blocks\VZ\c30163_P000_Q3.block
0x237A68E1,animation,blocks\VZ\vehiclenameanimgroup_markv_P000_Q3.block
0x237AD457,animation,blocks\VZ\vehiclenameanimgroup_amx30aa_P000_Q3.block
0x2389ACCC,animation,blocks\VZ\vehiclenameanimgroup_scorpion90_P000_Q3.block
0x238C0428,path,blocks\VZ\resident_P000_Q3.block
0x239003B6,scrub,blocks\VZ\c30053_P000_Q3.block
0x23923C27,animation,blocks\VZ\characternameanimgroup_jennifer_P000_Q3.block
0x23942236,path,blocks\VZ\resident_P000_Q3.block
0x239BFCD6,path,blocks\VZ\resident_P000_Q3.block
0x239F3013,terrainmesh,blocks\VZ\c30398_P000_Q3.block
0x23A89251,scrub,blocks\VZ\c30074_P000_Q3.block
0x23AC7DAC,model,blocks\VZ\c32573_P000_Q3.block
0x23B5304A,lineregion,blocks\VZ\resident_P000_Q3.block
0x23BC74FD,path,blocks\VZ\resident_P000_Q3.block
0x23BEC094,animation,blocks\VZ\vehiclenameanimgroup_mattiaschopper_P000_Q3.block
0x23C26CC3,path,blocks\VZ\resident_P000_Q3.block
0x23C795E4,lowresterrain,blocks\VZ\low_res_terrain_P000_Q3.block
0x23E7E942,lineregion,blocks\VZ\resident_P000_Q3.block
0x23EBB326,path,blocks\VZ\resident_P000_Q3.block
0x23EBFE09,animation,blocks\VZ\vehiclenameanimgroup_ridgeline_P000_Q3.block
0x23F42940,animation,blocks\VZ\vehiclenameanimgroup_patrol_P000_Q3.block
0x23FB484C,animation,blocks\VZ\characternameanimgroup_jennifer_P000_Q3.block
0x23FB986D,effect,blocks\VZ\effects_P000_Q3.block
0x23FD448F,texture,blocks\Shell\scaleform_shell_P000_Q3.block
0x240027BD,path,blocks\VZ\resident_P000_Q3.block
0x24009FF4,animation,blocks\VZ\resident_P000_Q3.block
0x2400B3BB,path,blocks\VZ\resident_P000_Q3.block
0x24033ED4,path,blocks\VZ\resident_P000_Q3.block
0x240E928C,path,blocks\VZ\resident_P000_Q3.block
0x24178562,path,blocks\VZ\resident_P000_Q3.block
0x2426EC3C,animation,blocks\VZ\vehiclenameanimgroup_stingray_P000_Q3.block
0x242F9F3D,animation,blocks\VZ\vehiclenameanimgroup_m1a2_P000_Q3.block
0x243C0C27,path,blocks\VZ\resident_P000_Q3.block
0x243F390E,path,blocks\VZ\resident_P000_Q3.block
0x24437E10,animation,blocks\VZ\vehiclenameanimgroup_mh53j_P000_Q3.block
0x2455D031,animation,blocks\VZ\characternameanimgroup_mattias_P000_Q3.block
0x24587B66,scrub,blocks\VZ\c30023_P000_Q3.block
0x245C6685,path,blocks\VZ\resident_P000_Q3.block
0x24659419,animation,blocks\VZ\vehiclenameanimgroup_alouette3_P000_Q3.block
0x24717F00,path,blocks\VZ\resident_P000_Q3.block
0x2471CC24,path,blocks\VZ\resident_P000_Q3.block
0x248772A8,animation,blocks\VZ\vehiclenameanimgroup_ridgeline_P000_Q3.block
0x2488716A,scrub,blocks\VZ\c30430_P000_Q3.block
0x248AC505,animation,blocks\VZ\characternameanimgroup_mattias_P000_Q3.block
0x248B30F4,path,blocks\VZ\resident_P000_Q3.block
0x248DD8A8,path,blocks\VZ\resident_P000_Q3.block
0x248EA75E,animation,blocks\VZ\vehiclenameanimgroup_dragster_P000_Q3.block
0x24900694,animation,blocks\VZ\vehiclenameanimgroup_mi35solano_P000_Q3.block
0x2496F3C1,lowresterrain,blocks\VZ\low_res_terrain_P000_Q3.block
0x24A2D864,path,blocks\VZ\resident_P000_Q3.block
0x24A6C95E,path,blocks\VZ\resident_P000_Q3.block
0x24AC7A73,path,blocks\VZ\resident_P000_Q3.block
0x24B56321,scrub,blocks\VZ\c30846_P000_Q3.block
0x24BC73C7,terrainmesh,blocks\VZ\c31400_P000_Q3.block
0x24C34101,lowresterrain,blocks\VZ\low_res_terrain_P000_Q3.block
0x24D003D6,path,blocks\VZ\resident_P000_Q3.block
0x24D03E3F,path,blocks\VZ\resident_P000_Q3.block
0x24D12831,path,blocks\VZ\resident_P000_Q3.block
0x24D325F2,path,blocks\VZ\resident_P000_Q3.block
0x24D45F35,effect,blocks\VZ\effects_P000_Q3.block
0x24EC0272,path,blocks\VZ\resident_P000_Q3.block
0x24F10B83,terrainmesh,blocks\VZ\c31059_P000_Q3.block
0x24F3B433,path,blocks\VZ\resident_P000_Q3.block
0x24F4EE9A,path,blocks\VZ\resident_P000_Q3.block
0x24F8C8E6,animation,blocks\VZ\characternameanimgroup_jennifer_P000_Q3.block
0x24F92D8B,animation,blocks\VZ\vehiclenameanimgroup_dinghy_P000_Q3.block
0x24FD656C,path,blocks\VZ\resident_P000_Q3.block
0x2503FF7C,path,blocks\VZ\resident_P000_Q3.block
0x25044404,lineregion,blocks\VZ\resident_P000_Q3.block
0x2508C132,lineregion,blocks\VZ\resident_P000_Q3.block
0x250F0108,terrainmesh,blocks\VZ\c30219_P000_Q3.block
0x2513BC61,effect,blocks\VZ\effects_P000_Q3.block
0x252C8037,path,blocks\VZ\resident_P000_Q3.block
0x253DF81D,path,blocks\VZ\resident_P000_Q3.block
0x2541B4A0,animation,blocks\VZ\vehiclenameanimgroup_mi26_P000_Q3.block
0x2546E19F,animation,blocks\VZ\vehiclenameanimgroup_mi35_P000_Q3.block
0x254AA72C,animation,blocks\VZ\vehiclenameanimgroup_saltonsea_P000_Q3.block
0x254DFACD,animation,blocks\VZ\vehiclenameanimgroup_dinghy_P000_Q3.block
0x2551AD50,lineregion,blocks\VZ\resident_P000_Q3.block
0x25526B1A,animation,blocks\VZ\resident_P000_Q3.block
0x255E7031,path,blocks\VZ\resident_P000_Q3.block
0x25634660,model,blocks\VZ\c32418_P000_Q3.block
0x25635611,soundbank;sounddb;wavebank,blocks\English\vo_job_all_gonzalez.english_P000_Q3.block
0x256BC5C6,terrainmesh,blocks\VZ\c31272_P000_Q3.block
0x256F4CBC,texture,blocks\Shell\scaleform_shell_P000_Q3.block
0x2575AAC9,animation,blocks\VZ\resident_P000_Q3.block
0x257E7030,lowresterrain,blocks\VZ\low_res_terrain_P000_Q3.block
0x257E7521,path,blocks\VZ\resident_P000_Q3.block
0x257F3245,path,blocks\VZ\resident_P000_Q3.block
0x257F3B5B,path,blocks\VZ\resident_P000_Q3.block
0x2582D1C6,scrub,blocks\VZ\c30072_P000_Q3.block
0x258DCE18,path,blocks\VZ\resident_P000_Q3.block
0x259264CD,scrub,blocks\VZ\c31103_P000_Q3.block
0x25997777,path,blocks\VZ\resident_P000_Q3.block
0x25A47EDC,path,blocks\VZ\resident_P000_Q3.block
0x25B3F7BC,model,blocks\VZ\c31205_P000_Q3.block
0x25B454EA,animation,blocks\VZ\vehiclenameanimgroup_mi26_P000_Q3.block
0x25BF20D4,animation,blocks\VZ\resident_P000_Q3.block
0x25C0369A,effect,blocks\VZ\effects_P000_Q3.block
0x25C5277F,path,blocks\VZ\resident_P000_Q3.block
0x25CE73DA,animation,blocks\VZ\resident_P000_Q3.block
0x25CF8005,animation,blocks\VZ\vehiclenameanimgroup_smallfishing_P000_Q3.block
0x25E39BE9,model,blocks\VZ\c31182_P000_Q3.block
0x25F3F28B,path,blocks\VZ\resident_P000_Q3.block
0x25FAB5E0,path,blocks\VZ\resident_P000_Q3.block
0x25FF64B4,path,blocks\VZ\resident_P000_Q3.block
0x25FFFD96,animation,blocks\VZ\vehicleclassanimgroup_truckmid_P000_Q3.block
0x260217F6,animation,blocks\VZ\vehiclenameanimgroup_plz45_P000_Q3.block
0x26083234,path,blocks\VZ\resident_P000_Q3.block
0x260CAF62,path,blocks\VZ\resident_P000_Q3.block
0x260CB936,terrainmesh,blocks\VZ\c30193_P000_Q3.block
0x2610FF4D,path,blocks\VZ\resident_P000_Q3.block
0x261C2D1E,effect,blocks\VZ\effects_P000_Q3.block
0x261FEBA3,path,blocks\VZ\resident_P000_Q3.block
0x2620A8D7,scrub,blocks\VZ\c30770_P000_Q3.block
0x2631D497,path,blocks\VZ\resident_P000_Q3.block
0x26391001,path,blocks\VZ\resident_P000_Q3.block
0x263929CA,path,blocks\VZ\resident_P000_Q3.block
0x263CD67A,lineregion,blocks\VZ\resident_P000_Q3.block
0x263D41DE,path,blocks\VZ\resident_P000_Q3.block
0x264764AA,path,blocks\VZ\resident_P000_Q3.block
0x2648DE60,lowresterrain,blocks\VZ\low_res_terrain_P000_Q3.block
0x264DA3A4,animation,blocks\VZ\vehicleclassanimgroup_jetski_P000_Q3.block
0x26517D5C,effect,blocks\VZ\effects_P000_Q3.block
0x26521944,path,blocks\VZ\resident_P000_Q3.block
0x26545A8A,scrub,blocks\VZ\c30240_P000_Q3.block
0x26550283,path,blocks\VZ\resident_P000_Q3.block
0x265679B6,animation,blocks\VZ\resident_P000_Q3.block
0x26569672,path,blocks\VZ\resident_P000_Q3.block
0x265CD723,path,blocks\VZ\resident_P000_Q3.block
0x26625A33,animation,blocks\VZ\vehiclenameanimgroup_amx30_P000_Q3.block
0x26649E57,animation,blocks\VZ\vehiclenameanimgroup_m2a3_P000_Q3.block
0x2664B8A5,model,blocks\VZ\c32488_P000_Q3.block
0x266F6F3A,path,blocks\VZ\resident_P000_Q3.block
0x267158BA,soundbank;sounddb;wavebank,blocks\English\vo_job_gur_vargas.english_P000_Q3.block
0x26738D40,animation,blocks\VZ\vehicleclassanimgroup_truckmid_P000_Q3.block
0x267564EC,animation,blocks\VZ\resident_P000_Q3.block
0x267EAB8B,path,blocks\VZ\resident_P000_Q3.block
0x268309B2,texture,blocks\Shell\scaleform_shell_P000_Q3.block
0x2685C6AD,path,blocks\VZ\resident_P000_Q3.block
0x2687659A,path,blocks\VZ\resident_P000_Q3.block
0x268BF216,terrainmesh,blocks\VZ\c31265_P000_Q3.block
0x268E9DD3,animation,blocks\VZ\vehiclenameanimgroup_huey_P000_Q3.block
0x268FAB74,path,blocks\VZ\resident_P000_Q3.block
0x2690A440,path,blocks\VZ\resident_P000_Q3.block
0x269428A2,path,blocks\VZ\resident_P000_Q3.block
0x2694419F,lineregion,blocks\VZ\resident_P000_Q3.block
0x2695FB45,path,blocks\VZ\resident_P000_Q3.block
0x269E1B88,lowresterrain,blocks\VZ\low_res_terrain_P000_Q3.block
0x26A96542,path,blocks\VZ\resident_P000_Q3.block
0x26AA2055,path,blocks\VZ\resident_P000_Q3.block
0x26AABD33,path,blocks\VZ\resident_P000_Q3.block
0x26AB8808,terrainmesh,blocks\VZ\c31535_P000_Q3.block
0x26AEAEB4,animation,blocks\VZ\gurstarter0_P000_Q3.block
0x26B52E89,animation,blocks\VZ\vehiclenameanimgroup_m101a_P000_Q3.block
0x26B9A060,path,blocks\VZ\resident_P000_Q3.block
0x26BED63A,animation,blocks\VZ\vehiclenameanimgroup_mi26_P000_Q3.block
0x26C0CECE,lowresterrain,blocks\VZ\low_res_terrain_P000_Q3.block
0x26C38A65,path,blocks\VZ\resident_P000_Q3.block
0x26CB3515,path,blocks\VZ\resident_P000_Q3.block
0x26CC59A0,animation,blocks\VZ\vehiclenameanimgroup_scorpion90_P000_Q3.block
0x26D831C7,model,blocks\VZ\c33297_P000_Q3.block
0x26D94E71,lineregion,blocks\VZ\resident_P000_Q3.block
0x26D953F8,path,blocks\VZ\resident_P000_Q3.block
0x26DD36A0,animation,blocks\VZ\vehiclenameanimgroup_ka29b_P000_Q3.block
0x26DD8907,animation,blocks\VZ\vehiclenameanimgroup_ka29b_P000_Q3.block
0x26E28135,animation,blocks\VZ\vehiclenameanimgroup_huey_P000_Q3.block
0x26EF2955,path,blocks\VZ\resident_P000_Q3.block
0x26F6E707,scrub,blocks\VZ\c31359_P000_Q3.block
0x26FF4A97,animation,blocks\VZ\vehicleclassanimgroup_autolargea_P000_Q3.block
0x2703554F,model,blocks\VZ\c30006_P000_Q3.block
0x270B9287,path,blocks\VZ\resident_P000_Q3.block
0x270C9971,animation,blocks\VZ\vehiclenameanimgroup_ridgeline_P000_Q3.block
0x2710CE95,path,blocks\VZ\resident_P000_Q3.block
0x2714AD0B,animation,blocks\VZ\resident_P000_Q3.block
0x2717DB7A,path,blocks\VZ\resident_P000_Q3.block
0x2727EF48,texture,blocks\Shell\scaleform_shell_P000_Q3.block
0x272A12BB,path,blocks\VZ\resident_P000_Q3.block
0x27361FA5,animation,blocks\VZ\vehicleclassanimgroup_telephonebooth_P000_Q3.block
0x2739C702,animation,blocks\VZ\vehiclenameanimgroup_md500_P000_Q3.block
0x27410ABE,path,blocks\VZ\resident_P000_Q3.block
0x27493954,path,blocks\VZ\resident_P000_Q3.block
0x274BEEF2,path,blocks\VZ\resident_P000_Q3.block
0x274EF0D8,animation,blocks\VZ\vehiclenameanimgroup_md500_P000_Q3.block
0x27516858,animation,blocks\VZ\resident_P000_Q3.block
0x2759E3E3,lineregion,blocks\VZ\resident_P000_Q3.block
0x27626408,path,blocks\VZ\resident_P000_Q3.block
0x276C6B6A,animation,blocks\VZ\vehiclenameanimgroup_mi26_P000_Q3.block
0x276D35B3,scrub,blocks\VZ\c30162_P000_Q3.block
0x276F0D7C,path,blocks\VZ\resident_P000_Q3.block
0x27710906,path,blocks\VZ\resident_P000_Q3.block
0x2773EE34,animation,blocks\VZ\characternameanimgroup_chris_P000_Q3.block
0x27754443,animation,blocks\VZ\resident_P000_Q3.block
0x277F2557,scrub,blocks\VZ\c30020_P000_Q3.block
0x27817CE5,animation,blocks\VZ\vehicleclassanimgroup_autosmall_P000_Q3.block
0x27861EC9,lineregion,blocks\VZ\resident_P000_Q3.block
0x278A1F9C,path,blocks\VZ\resident_P000_Q3.block
0x27931BC1,animation,blocks\VZ\resident_P000_Q3.block
0x279BDADF,path,blocks\VZ\resident_P000_Q3.block
0x27A501E5,scrub,blocks\VZ\c31248_P000_Q3.block
0x27ADB8F6,path,blocks\VZ\resident_P000_Q3.block
0x27B6B507,path,blocks\VZ\resident_P000_Q3.block
0x27BA7D80,path,blocks\VZ\resident_P000_Q3.block
0x27C16A90,animation,blocks\VZ\vehiclenameanimgroup_huey_P000_Q3.block
0x27C2E29C,lineregion,blocks\VZ\resident_P000_Q3.block
0x27C46DD1,model,blocks\VZ\pmcoutpost_misc_P000_Q3.block
0x27C6317E,texture,blocks\Shell\scaleform_shell_P000_Q3.block
0x27C85681,scrub,blocks\VZ\c30901_P000_Q3.block
0x27CBD4FA,animation,blocks\VZ\vehiclenameanimgroup_f35_P000_Q3.block
0x27CF671E,path,blocks\VZ\resident_P000_Q3.block
0x27D1816E,path,blocks\VZ\resident_P000_Q3.block
0x27D6D95E,path,blocks\VZ\resident_P000_Q3.block
0x27E02A15,level,blocks\VZ\resident_P000_Q3.block
0x27E64D82,path,blocks\VZ\resident_P000_Q3.block
0x27E70579,animation,blocks\VZ\vehiclenameanimgroup_m551_P000_Q3.block
0x27E8C3C0,texture,blocks\Shell\scaleform_shell_P000_Q3.block
0x27EA9A65,scrub,blocks\VZ\c30053_P000_Q3.block
0x27EDD04A,model,blocks\VZ\pmcoutpost_misc_P000_Q3.block
0x27EDED13,path,blocks\VZ\resident_P000_Q3.block
0x27EF3A80,animation,blocks\VZ\resident_P000_Q3.block
0x27F53AD1,animation,blocks\VZ\characternameanimgroup_jennifer_P000_Q3.block
0x27F9D53A,path,blocks\VZ\resident_P000_Q3.block
0x27FB85CD,path,blocks\VZ\resident_P000_Q3.block
0x280443EC,terrainmesh,blocks\VZ\c30161_P000_Q3.block
0x28048243,animation,blocks\VZ\vehiclenameanimgroup_cutter_P000_Q3.block
0x280EC369,path,blocks\VZ\resident_P000_Q3.block
0x28176553,effect,blocks\VZ\effects_P000_Q3.block
0x281A74BD,scrub,blocks\VZ\c31259_P000_Q3.block
0x2822050C,effect,blocks\VZ\effects_P000_Q3.block
0x282810FF,path,blocks\VZ\resident_P000_Q3.block
0x2828C5F1,path,blocks\VZ\resident_P000_Q3.block
0x283B82AB,scrub,blocks\VZ\c30714_P000_Q3.block
0x28475A85,animation,blocks\VZ\vehiclenameanimgroup_m1a2_P000_Q3.block
0x284BE6B3,path,blocks\VZ\resident_P000_Q3.block
0x284D09F3,path,blocks\VZ\resident_P000_Q3.block
0x28514DB9,path,blocks\VZ\resident_P000_Q3.block
0x28574D48,path,blocks\VZ\resident_P000_Q3.block
0x2859A765,lineregion,blocks\VZ\resident_P000_Q3.block
0x2861C02B,path,blocks\VZ\resident_P000_Q3.block
0x28691723,path,blocks\VZ\resident_P000_Q3.block
0x28691BA4,lineregion,blocks\VZ\resident_P000_Q3.block
0x286DC9EF,path,blocks\VZ\resident_P000_Q3.block
0x286F9463,lineregion,blocks\VZ\resident_P000_Q3.block
0x28757B32,lineregion,blocks\VZ\resident_P000_Q3.block
0x2875A886,animation,blocks\VZ\vehiclenameanimgroup_omen_P000_Q3.block
0x2875A90A,scrub,blocks\VZ\c30581_P000_Q3.block
0x287805E8,lowresterrain,blocks\VZ\low_res_terrain_P000_Q3.block
0x288FE51A,path,blocks\VZ\resident_P000_Q3.block
0x28909425,animation,blocks\VZ\vehiclenameanimgroup_mh53j_P000_Q3.block
0x289CC799,path,blocks\VZ\resident_P000_Q3.block
0x289E6CAF,animation,blocks\VZ\vehiclenameanimgroup_mi35solano_P000_Q3.block
0x28A08C45,path,blocks\VZ\resident_P000_Q3.block
0x28A1C173,path,blocks\VZ\resident_P000_Q3.block
0x28A4E9D9,animation,blocks\VZ\vehiclenameanimgroup_ah1z_P000_Q3.block
0x28A5B2FC,animation,blocks\VZ\vehicleclassanimgroup_jetski_P000_Q3.block
0x28AD00C6,path,blocks\VZ\resident_P000_Q3.block
0x28ADCCCA,lineregion,blocks\VZ\resident_P000_Q3.block
0x28AFDE8B,path,blocks\VZ\resident_P000_Q3.block
0x28BE49C5,effect,blocks\VZ\effects_P000_Q3.block
0x28BF43A1,texture,blocks\Shell\scaleform_shell_P000_Q3.block
0x28C0BEC6,path,blocks\VZ\resident_P000_Q3.block
0x28C133F6,path,blocks\VZ\resident_P000_Q3.block
0x28C6F551,path,blocks\VZ\resident_P000_Q3.block
0x28C8A8BC,animation,blocks\VZ\vehiclenameanimgroup_ka29b_P000_Q3.block
0x28CAEFF1,animation,blocks\VZ\vehicleclassanimgroup_autosmall_P000_Q3.block
0x28CB07FB,path,blocks\VZ\resident_P000_Q3.block
0x28CE6AF6,path,blocks\VZ\resident_P000_Q3.block
0x28CF8529,path,blocks\VZ\resident_P000_Q3.block
0x28D954DD,path,blocks\VZ\resident_P000_Q3.block
0x28DB44D8,animation,blocks\VZ\resident_P000_Q3.block
0x28E877D7,terrainmesh,blocks\VZ\c31406_P000_Q3.block
0x28E8B867,path,blocks\VZ\resident_P000_Q3.block
0x28F2EA00,path,blocks\VZ\resident_P000_Q3.block
0x28F71E8D,animation,blocks\VZ\vehiclenameanimgroup_scorpion90_P000_Q3.block
0x28FF17C8,path,blocks\VZ\resident_P000_Q3.block
0x290068A7,path,blocks\VZ\resident_P000_Q3.block
0x2901DEB7,path,blocks\VZ\resident_P000_Q3.block
0x2902CFBF,animation,blocks\VZ\resident_P000_Q3.block
0x2903FEEB,path,blocks\VZ\resident_P000_Q3.block
0x290C626F,path,blocks\VZ\resident_P000_Q3.block
0x291145C9,soundbank;sounddb,blocks\English\vo_resident_P000_Q3.block
0x29149956,path,blocks\VZ\resident_P000_Q3.block
0x2917FA51,path,blocks\VZ\resident_P000_Q3.block
0x291D7801,animation,blocks\VZ\vehiclenameanimgroup_stingray_P000_Q3.block
0x291DF991,path,blocks\VZ\resident_P000_Q3.block
0x291F4B5F,path,blocks\VZ\resident_P000_Q3.block
0x2922579E,path,blocks\VZ\resident_P000_Q3.block
0x292EE1BB,animation,blocks\VZ\characternameanimgroup_jennifer_P000_Q3.block
0x29363C6F,path,blocks\VZ\resident_P000_Q3.block
0x293F239E,path,blocks\VZ\resident_P000_Q3.block
0x293FFD5C,path,blocks\VZ\resident_P000_Q3.block
0x2945098F,lowresterrain,blocks\VZ\low_res_terrain_P000_Q3.block
0x294D86EB,animation,blocks\VZ\vehicleclassanimgroup_monstertruck_P000_Q3.block
0x294DA162,model,blocks\VZ\c30946_P000_Q3.block
0x2952A519,terrainmesh,blocks\VZ\c30069_P000_Q3.block
0x2958482C,path,blocks\VZ\resident_P000_Q3.block
0x296259CB,path,blocks\VZ\resident_P000_Q3.block
0x2963C180,model,blocks\VZ\c30618_P000_Q3.block
0x2966D6F9,path,blocks\VZ\resident_P000_Q3.block
0x296F3321,path,blocks\VZ\resident_P000_Q3.block
0x29757DC4,animation,blocks\VZ\vehiclenameanimgroup_ks750_P000_Q3.block
0x297BDC95,path,blocks\VZ\resident_P000_Q3.block
0x297EAE98,scrub,blocks\VZ\c31275_P000_Q3.block
0x2987FD29,animation,blocks\VZ\resident2_P000_Q3.block
0x2989ADF6,animation,blocks\VZ\vehicleclassanimgroup_autolargeb_P000_Q3.block
0x298A77B3,animation,blocks\VZ\vehiclenameanimgroup_m151_P000_Q3.block
0x298A7BB5,animation,blocks\VZ\resident_P000_Q3.block
0x298B6EA7,path,blocks\VZ\resident_P000_Q3.block
0x299C481D,path,blocks\VZ\resident_P000_Q3.block
0x299D2DAB,animation,blocks\VZ\resident_P000_Q3.block
0x29A5884C,animation,blocks\VZ\resident_P000_Q3.block
0x29B2B95C,terrainmesh,blocks\VZ\c31278_P000_Q3.block
0x29B2DA8E,animation,blocks\VZ\vehiclenameanimgroup_tow_P000_Q3.block
0x29B49442,path,blocks\VZ\resident_P000_Q3.block
0x29C655E5,terrainmesh,blocks\VZ\c30743_P000_Q3.block
0x29C7DE55,path,blocks\VZ\resident_P000_Q3.block
0x29CA680F,path,blocks\VZ\resident_P000_Q3.block
0x29CBDDD2,scrub,blocks\VZ\c30070_P000_Q3.block
0x29DDCBBF,texture,blocks\Shell\scaleform_shell_P000_Q3.block
0x29DEAEF9,animation,blocks\VZ\characternameanimgroup_jennifer_P000_Q3.block
0x29E78192,animation,blocks\VZ\characternameanimgroup_chris_P000_Q3.block
0x29F4B172,animation,blocks\VZ\vehiclenameanimgroup_stingray_P000_Q3.block
0x29F7FA9E,path,blocks\VZ\resident_P000_Q3.block
0x2A082C74,effect,blocks\VZ\effects_P000_Q3.block
0x2A0B16EA,animation,blocks\VZ\resident_P000_Q3.block
0x2A0D8C1C,animation,blocks\VZ\vehiclenameanimgroup_ridgeline_P000_Q3.block
0x2A177628,animation,blocks\VZ\vehiclenameanimgroup_mattiaschopper_P000_Q3.block
0x2A1C9902,texture,blocks\Shell\scaleform_shell_P000_Q3.block
0x2A20F99F,animation,blocks\VZ\vehicleclassanimgroup_truckmid_P000_Q3.block
0x2A22879D,animation,blocks\VZ\characternameanimgroup_soldier_P000_Q3.block
0x2A22992B,path,blocks\VZ\resident_P000_Q3.block
0x2A297DD2,path,blocks\VZ\resident_P000_Q3.block
0x2A2CEBB9,animation,blocks\VZ\vehiclenameanimgroup_stingray_P000_Q3.block
0x2A307999,animation,blocks\VZ\characternameanimgroup_mattias_P000_Q3.block
0x2A3691F4,lowresterrain,blocks\VZ\low_res_terrain_P000_Q3.block
0x2A39B482,animation,blocks\VZ\vehiclenameanimgroup_highvoltage_P000_Q3.block
0x2A3A8B18,lineregion,blocks\VZ\resident_P000_Q3.block
0x2A3E43BF,path,blocks\VZ\resident_P000_Q3.block
0x2A47E4CA,path,blocks\VZ\resident_P000_Q3.block
0x2A4F1711,scrub,blocks\VZ\c30163_P000_Q3.block
0x2A576724,effect,blocks\VZ\effects_P000_Q3.block
0x2A576C27,scrub,blocks\VZ\c31520_P000_Q3.block
0x2A57F9C0,animation,blocks\VZ\vehicleclassanimgroup_autolargec_P000_Q3.block
0x2A5A40F4,path,blocks\VZ\resident_P000_Q3.block
0x2A6280AE,animation,blocks\VZ\characternameanimgroup_soldier_P000_Q3.block
0x2A641C61,path,blocks\VZ\resident_P000_Q3.block
0x2A6929BB,path,blocks\VZ\resident_P000_Q3.block
0x2A6DA6E9,path,blocks\VZ\resident_P000_Q3.block
0x2A721F1D,animation,blocks\VZ\vehiclenameanimgroup_wz551_P000_Q3.block
0x2A752B0F,animation,blocks\VZ\characternameanimgroup_chris_P000_Q3.block
0x2A803114,animation,blocks\VZ\vehiclenameanimgroup_m1a2_P000_Q3.block
0x2A842E9C,animation,blocks\VZ\resident_P000_Q3.block
0x2A8D6765,path,blocks\VZ\resident_P000_Q3.block
0x2A93A6B9,path,blocks\VZ\resident_P000_Q3.block
0x2A962902,path,blocks\VZ\resident_P000_Q3.block
0x2A98C469,path,blocks\VZ\resident_P000_Q3.block
0x2AAAE807,animation,blocks\VZ\vehicleclassanimgroup_autolargeb_P000_Q3.block
0x2AB36B6B,lineregion,blocks\VZ\resident_P000_Q3.block
0x2ABE5BCA,animation,blocks\VZ\characternameanimgroup_soldier_P000_Q3.block
0x2ABEFFB8,animation,blocks\VZ\vehicleclassanimgroup_hmmwv_P000_Q3.block
0x2ACB5496,animation,blocks\VZ\vehiclenameanimgroup_dinghy_P000_Q3.block
0x2ACFFCE9,lineregion,blocks\VZ\resident_P000_Q3.block
0x2AD5E208,path,blocks\VZ\resident_P000_Q3.block
0x2AD842D1,animation,blocks\VZ\vehiclenameanimgroup_wz551_P000_Q3.block
0x2AE54702,lowresterrain,blocks\VZ\low_res_terrain_P000_Q3.block
0x2AE6F1B2,path,blocks\VZ\resident_P000_Q3.block
0x2AF153F5,path,blocks\VZ\resident_P000_Q3.block
0x2AF2C8AF,texture,blocks\Shell\scaleform_shell_P000_Q3.block
0x2AFA95C9,path,blocks\VZ\resident_P000_Q3.block
0x2AFC6E13,path,blocks\VZ\resident_P000_Q3.block
0x2B01C4A8,animation,blocks\VZ\resident_P000_Q3.block
0x2B065067,texture,blocks\Shell\scaleform_shell_P000_Q3.block
0x2B066E95,lineregion,blocks\VZ\resident_P000_Q3.block
0x2B0ABB1E,lowresterrain,blocks\VZ\low_res_terrain_P000_Q3.block
0x2B0AC214,path,blocks\VZ\resident_P000_Q3.block
0x2B0B855F,animation,blocks\VZ\vehiclenameanimgroup_swamp_P000_Q3.block
0x2B14314B,model,blocks\VZ\effects_P000_Q3.block
0x2B18AE79,model,blocks\VZ\effects_P000_Q3.block
0x2B1A9A9E,lowresterrain,blocks\VZ\low_res_terrain_P000_Q3.block
0x2B1B3903,lineregion,blocks\VZ\resident_P000_Q3.block
0x2B1CF331,animation,blocks\VZ\characternameanimgroup_jennifer_P000_Q3.block
0x2B224B22,terrainmesh,blocks\VZ\c30358_P000_Q3.block
0x2B27D597,path,blocks\VZ\resident_P000_Q3.block
0x2B2ECA4F,path,blocks\VZ\resident_P000_Q3.block
0x2B3442E0,path,blocks\VZ\resident_P000_Q3.block
0x2B4A318A,path,blocks\VZ\resident_P000_Q3.block
0x2B4B7F5F,path,blocks\VZ\resident_P000_Q3.block
0x2B54E43A,soundbank;sounddb;wavebank,blocks\English\vo_job_chin_lee.english_P000_Q3.block
0x2B57DD75,animation,blocks\VZ\vehiclenameanimgroup_mi35_P000_Q3.block
0x2B58678F,texture,blocks\Shell\scaleform_shell_P000_Q3.block
0x2B5CEFFA,animation,blocks\VZ\vehiclenameanimgroup_ztz98_P000_Q3.block
0x2B603F93,animation,blocks\VZ\vehiclenameanimgroup_fishing_P000_Q3.block
0x2B65C258,path,blocks\VZ\resident_P000_Q3.block
0x2B68436F,texture,blocks\Shell\scaleform_shell_P000_Q3.block
0x2B6A7786,animation,blocks\VZ\vehiclenameanimgroup_scooter_P000_Q3.block
0x2B6DF610,scrub,blocks\VZ\c31356_P000_Q3.block
0x2B71943E,path,blocks\VZ\resident_P000_Q3.block
0x2B79E93F,terrainmesh,blocks\VZ\c30136_P000_Q3.block
0x2B7B75AE,texture,blocks\Shell\scaleform_shell_P000_Q3.block
0x2B7BCB27,texture,blocks\Shell\scaleform_shell_P000_Q3.block
0x2B821520,effect,blocks\VZ\effects_P000_Q3.block
0x2B8DA818,animation,blocks\VZ\vehiclenameanimgroup_md500_P000_Q3.block
0x2B98ABFC,path,blocks\VZ\resident_P000_Q3.block
0x2B9C6F29,path,blocks\VZ\resident_P000_Q3.block
0x2B9DB9AF,path,blocks\VZ\resident_P000_Q3.block
0x2BA4A69E,path,blocks\VZ\resident_P000_Q3.block
0x2BA7489B,path,blocks\VZ\resident_P000_Q3.block
0x2BAF7CF7,path,blocks\VZ\resident_P000_Q3.block
0x2BB0E807,animation,blocks\VZ\vehiclenameanimgroup_wz551_P000_Q3.block
0x2BC29D7C,animation,blocks\VZ\vehiclenameanimgroup_amx30_P000_Q3.block
0x2BC3CB80,path,blocks\VZ\resident_P000_Q3.block
0x2BC5152C,model,blocks\VZ\c30556_P000_Q3.block
0x2BC71235,path,blocks\VZ\resident_P000_Q3.block
0x2BC77BA5,path,blocks\VZ\resident_P000_Q3.block
0x2BD4F6CF,animation,blocks\VZ\vehiclenameanimgroup_ka29b_P000_Q3.block
0x2BDD5461,texture,blocks\Shell\scaleform_shell_P000_Q3.block
0x2BDEBCD6,animation,blocks\VZ\vehiclenameanimgroup_plz45_P000_Q3.block
0x2BE003D5,path,blocks\VZ\resident_P000_Q3.block
0x2BE0FDDA,terrainmesh,blocks\VZ\c30771_P000_Q3.block
0x2BE3FCDF,texture,blocks\VZ\c32159_P000_Q3.block
0x2BE6414D,path,blocks\VZ\resident_P000_Q3.block
0x2BE85C82,path,blocks\VZ\resident_P000_Q3.block
0x2BF080D4,animation,blocks\VZ\vehiclenameanimgroup_mi26_P000_Q3.block
0x2BF1FB02,terrainmesh,blocks\VZ\c30766_P000_Q3.block
0x2C0EA93D,animation,blocks\VZ\resident_P000_Q3.block
0x2C11BBC2,animation,blocks\VZ\vehiclenameanimgroup_ah1z_P000_Q3.block
0x2C1FC1D0,path,blocks\VZ\resident_P000_Q3.block
0x2C25864A,model,blocks\VZ\c30790_P000_Q3.block
0x2C3056DC,terrainmesh,blocks\VZ\c30174_P000_Q3.block
0x2C3E5DA0,animation,blocks\VZ\vehiclenameanimgroup_dragster_P000_Q3.block
0x2C3F5F77,path,blocks\VZ\resident_P000_Q3.block
0x2C4A4494,path,blocks\VZ\resident_P000_Q3.block
0x2C4D27B7,path,blocks\VZ\resident_P000_Q3.block
0x2C4E0D3C,effect,blocks\VZ\effects_P000_Q3.block
0x2C5014A2,path,blocks\VZ\resident_P000_Q3.block
0x2C503743,path,blocks\VZ\resident_P000_Q3.block
0x2C51E5B2,lowresterrain,blocks\VZ\low_res_terrain_P000_Q3.block
0x2C526912,path,blocks\VZ\resident_P000_Q3.block
0x2C5F691F,path,blocks\VZ\resident_P000_Q3.block
0x2C606941,animation,blocks\VZ\vehiclenameanimgroup_scorpion90_P000_Q3.block
0x2C638C47,scrub,blocks\VZ\c30209_P000_Q3.block
0x2C68AA0D,path,blocks\VZ\resident_P000_Q3.block
0x2C6FA0F0,animation,blocks\VZ\resident_P000_Q3.block
0x2C71858B,animation,blocks\VZ\vehicleclassanimgroup_autolargeb_P000_Q3.block
0x2C8586CE,path,blocks\VZ\resident_P000_Q3.block
0x2C87D536,lowresterrain,blocks\VZ\low_res_terrain_P000_Q3.block
0x2C95E895,scrub,blocks\VZ\c31356_P000_Q3.block
0x2C99BBCF,scrub,blocks\VZ\c31424_P000_Q3.block
0x2CA1474D,animation,blocks\VZ\vehiclenameanimgroup_wz10_P000_Q3.block
0x2CA19E38,lowresterrain,blocks\VZ\low_res_terrain_P000_Q3.block
0x2CA24796,animation,blocks\VZ\vehicleclassanimgroup_truckmid_P000_Q3.block
0x2CBCFC66,animation,blocks\VZ\vehicleclassanimgroup_truckmid_P000_Q3.block
0x2CBE3196,lowresterrain,blocks\VZ\low_res_terrain_P000_Q3.block
0x2CBF748A,lowresterrain,blocks\VZ\low_res_terrain_P000_Q3.block
0x2CC669B5,animation,blocks\VZ\vehiclenameanimgroup_ridgeline_P000_Q3.block
0x2CC802CF,animation,blocks\VZ\vehiclenameanimgroup_highvoltage_P000_Q3.block
0x2CE4478E,path,blocks\VZ\resident_P000_Q3.block
0x2CE79F41,path,blocks\VZ\resident_P000_Q3.block
0x2CEAAB36,animation,blocks\VZ\vehiclenameanimgroup_dragster_P000_Q3.block
0x2CEC6C21,terrainmesh,blocks\VZ\c30241_P000_Q3.block
0x2CF34FE3,path,blocks\VZ\resident_P000_Q3.block
0x2CFFEF58,path,blocks\VZ\resident_P000_Q3.block
0x2D00C240,path,blocks\VZ\resident_P000_Q3.block
0x2D239F0D,path,blocks\VZ\resident_P000_Q3.block
0x2D24C99A,terrainmesh,blocks\VZ\c31487_P000_Q3.block
0x2D2777B2,animation,blocks\VZ\vehiclenameanimgroup_alouette3_P000_Q3.block
0x2D28F19D,path,blocks\VZ\resident_P000_Q3.block
0x2D2EDF46,path,blocks\VZ\resident_P000_Q3.block
0x2D369CAD,path,blocks\VZ\resident_P000_Q3.block
0x2D3EE6B5,animation,blocks\VZ\vehiclenameanimgroup_cigarette_P000_Q3.block
0x2D405743,path,blocks\VZ\resident_P000_Q3.block
0x2D4CF8D2,texture,blocks\Shell\scaleform_shell_P000_Q3.block
0x2D52EBA2,path,blocks\VZ\resident_P000_Q3.block
0x2D566A84,path,blocks\VZ\resident_P000_Q3.block
0x2D586A4E,path,blocks\VZ\resident_P000_Q3.block
0x2D5AE7B2,path,blocks\VZ\resident_P000_Q3.block
0x2D5F0D84,scrub,blocks\VZ\c30193_P000_Q3.block
0x2D63B35E,path,blocks\VZ\resident_P000_Q3.block
0x2D66D1F4,path,blocks\VZ\resident_P000_Q3.block
0x2D7A49CD,animation,blocks\VZ\vehiclenameanimgroup_fishing_P000_Q3.block
0x2D7B49A5,animation,blocks\VZ\resident_P000_Q3.block
0x2D82FEE7,path,blocks\VZ\resident_P000_Q3.block
0x2D8809A8,path,blocks\VZ\resident_P000_Q3.block
0x2D8B1D61,path,blocks\VZ\resident_P000_Q3.block
0x2D8D589E,path,blocks\VZ\resident_P000_Q3.block
0x2D967FAD,terrainmesh,blocks\VZ\c30844_P000_Q3.block
0x2D99AC40,scrub,blocks\VZ\c31060_P000_Q3.block
0x2DA57B15,path,blocks\VZ\resident_P000_Q3.block
0x2DAE1E14,path,blocks\VZ\resident_P000_Q3.block
0x2DC59B5A,animation,blocks\VZ\vehicleclassanimgroup_monstertruck_P000_Q3.block
0x2DD1D3AE,path,blocks\VZ\resident_P000_Q3.block
0x2DD3987B,path,blocks\VZ\resident_P000_Q3.block
0x2DD437C2,terrainmesh,blocks\VZ\c31394_P000_Q3.block
0x2DD443A2,scrub,blocks\VZ\c30579_P000_Q3.block
0x2DD6BBB7,lowresterrain,blocks\VZ\low_res_terrain_P000_Q3.block
0x2DD99181,lineregion,blocks\VZ\resident_P000_Q3.block
0x2DDB15F2,path,blocks\VZ\resident_P000_Q3.block
0x2DDE5A8D,lowresterrain,blocks\VZ\low_res_terrain_P000_Q3.block
0x2DE905A2,lineregion,blocks\VZ\resident_P000_Q3.block
0x2DF88ED7,path,blocks\VZ\resident_P000_Q3.block
0x2E05FF32,animation,blocks\VZ\vehiclenameanimgroup_huangfeng_P000_Q3.block
0x2E0CA4F8,terrainmesh,blocks\VZ\c30218_P000_Q3.block
0x2E16705D,effect,blocks\VZ\effects_P000_Q3.block
0x2E1A68F2,animation,blocks\VZ\resident_P000_Q3.block
0x2E29CE7A,animation,blocks\VZ\vehicleclassanimgroup_buggy_P000_Q3.block
0x2E2E446C,path,blocks\VZ\resident_P000_Q3.block
0x2E36D407,path,blocks\VZ\resident_P000_Q3.block
0x2E37F89D,lineregion,blocks\VZ\resident_P000_Q3.block
0x2E3F2432,path,blocks\VZ\resident_P000_Q3.block
0x2E411401,path,blocks\VZ\resident_P000_Q3.block
0x2E481E00,scrub,blocks\VZ\c31009_P000_Q3.block
0x2E4AC765,animation,blocks\VZ\vehiclenameanimgroup_wz10_P000_Q3.block
0x2E4CC917,lowresterrain,blocks\VZ\low_res_terrain_P000_Q3.block
0x2E4FB622,path,blocks\VZ\resident_P000_Q3.block
0x2E5091ED,path,blocks\VZ\resident_P000_Q3.block
0x2E54FDA9,path,blocks\VZ\resident_P000_Q3.block
0x2E557117,path,blocks\VZ\resident_P000_Q3.block
0x2E565833,path,blocks\VZ\resident_P000_Q3.block
0x2E5773E5,animation,blocks\VZ\vehiclenameanimgroup_ah1z_P000_Q3.block
0x2E5854DF,path,blocks\VZ\resident_P000_Q3.block
0x2E61BD47,path,blocks\VZ\resident_P000_Q3.block
0x2E63BC26,scrub,blocks\VZ\c30500_P000_Q3.block
0x2E6BC1E1,terrainmesh,blocks\VZ\c30346_P000_Q3.block
0x2E76FD73,animation,blocks\VZ\characternameanimgroup_jennifer_P000_Q3.block
0x2E7C583E,path,blocks\VZ\resident_P000_Q3.block
0x2E7F6246,path,blocks\VZ\resident_P000_Q3.block
0x2E8152AC,animation,blocks\VZ\vehicleclassanimgroup_automedium_P000_Q3.block
0x2E8AA43D,path,blocks\VZ\resident_P000_Q3.block
0x2E9028A3,path,blocks\VZ\resident_P000_Q3.block
0x2E9F2E91,animation,blocks\VZ\resident_P000_Q3.block
0x2EA1AB83,animation,blocks\VZ\vehicleclassanimgroup_autosmall_P000_Q3.block
0x2EA59544,animation,blocks\VZ\vehicleclassanimgroup_autolargeb_P000_Q3.block
0x2EAADE5C,animation,blocks\VZ\vehiclenameanimgroup_scorpion90_P000_Q3.block
0x2EB9BED1,lowresterrain,blocks\VZ\low_res_terrain_P000_Q3.block
0x2EC16BF4,path,blocks\VZ\resident_P000_Q3.block
0x2EC48A31,animation,blocks\VZ\vehicleclassanimgroup_monstertruck_P000_Q3.block
0x2EC4C02C,path,blocks\VZ\resident_P000_Q3.block
0x2ECD2A6D,path,blocks\VZ\resident_P000_Q3.block
0x2ECFBB55,path,blocks\VZ\resident_P000_Q3.block
0x2ED30174,path,blocks\VZ\resident_P000_Q3.block
0x2ED32429,model,blocks\VZ\resident2_P000_Q3.block
0x2ED77EA2,path,blocks\VZ\resident_P000_Q3.block
0x2EDBB558,animation,blocks\VZ\vehiclenameanimgroup_guerilla_P000_Q3.block
0x2EE15CB5,path,blocks\VZ\resident_P000_Q3.block
0x2EE1E9FF,animation,blocks\VZ\vehicleclassanimgroup_autolargeb_P000_Q3.block
0x2EE4332D,path,blocks\VZ\resident_P000_Q3.block
0x2EE8BA45,effect,blocks\VZ\effects_P000_Q3.block
0x2EF19835,lineregion,blocks\VZ\resident_P000_Q3.block
0x2EF7E3C3,model,blocks\VZ\c30002_P000_Q3.block
0x2F0170B0,path,blocks\VZ\resident_P000_Q3.block
0x2F02F9F5,animation,blocks\VZ\vehiclenameanimgroup_chopper_P000_Q3.block
0x2F0FD589,path,blocks\VZ\resident_P000_Q3.block
0x2F13239C,path,blocks\VZ\resident_P000_Q3.block
0x2F15C52C,path,blocks\VZ\resident_P000_Q3.block
0x2F1AA09D,path,blocks\VZ\resident_P000_Q3.block
0x2F1BC46C,path,blocks\VZ\resident_P000_Q3.block
0x2F36A8CF,animation,blocks\VZ\resident_P000_Q3.block
0x2F3FA832,path,blocks\VZ\resident_P000_Q3.block
0x2F43BA21,scrub,blocks\VZ\c31488_P000_Q3.block
0x2F473F88,animation,blocks\VZ\vehiclenameanimgroup_wz551_P000_Q3.block
0x2F586EC2,path,blocks\VZ\resident_P000_Q3.block
0x2F5DF201,lineregion,blocks\VZ\resident_P000_Q3.block
0x2F5FE5DB,path,blocks\VZ\resident_P000_Q3.block
0x2F635102,effect,blocks\VZ\effects_P000_Q3.block
0x2F642EA3,scrub,blocks\VZ\c30247_P000_Q3.block
0x2F64AA48,path,blocks\VZ\resident_P000_Q3.block
0x2F6A3F15,animation,blocks\VZ\vehiclenameanimgroup_patrol_P000_Q3.block
0x2F74719F,path,blocks\VZ\resident_P000_Q3.block
0x2F7B40DB,path,blocks\VZ\resident_P000_Q3.block
0x2F7D8C71,effect,blocks\VZ\effects_P000_Q3.block
0x2F8585E0,model,blocks\VZ\c33292_P000_Q3.block
0x2F8814B6,animation,blocks\VZ\vehiclenameanimgroup_mh53j_P000_Q3.block
0x2F8FBE40,lineregion,blocks\VZ\resident_P000_Q3.block
0x2F9ED461,model,blocks\VZ\c30418_P000_Q3.block
0x2FA70559,effect,blocks\VZ\effects_P000_Q3.block
0x2FADE2CC,scrub,blocks\VZ\c30073_P000_Q3.block
0x2FB201B8,terrainmesh,blocks\VZ\c30014_P000_Q3.block
0x2FB60CEA,path,blocks\VZ\resident_P000_Q3.block
0x2FC4B0ED,terrainmesh,blocks\VZ\c31404_P000_Q3.block
0x2FC4F6D7,animation,blocks\VZ\vehiclenameanimgroup_mi26_P000_Q3.block
0x2FC5A055,animation,blocks\VZ\vehiclenameanimgroup_alouette3_P000_Q3.block
0x2FC96CE6,animation,blocks\VZ\vehiclenameanimgroup_ztz63a_P000_Q3.block
0x2FCAA49F,path,blocks\VZ\resident_P000_Q3.block
0x2FD3F0E4,path,blocks\VZ\resident_P000_Q3.block
0x2FD90704,animation,blocks\VZ\vehiclenameanimgroup_mi35solano_P000_Q3.block
0x2FE765FB,path,blocks\VZ\resident_P000_Q3.block
0x2FEBE329,path,blocks\VZ\resident_P000_Q3.block
0x2FFB7533,scrub,blocks\VZ\c30574_P000_Q3.block
0x30096893,animation,blocks\VZ\vehiclenameanimgroup_zbd2000_P000_Q3.block
0x300F4BAC,scrub,blocks\VZ\c30819_P000_Q3.block
0x3013FF0C,animation,blocks\VZ\vehiclenameanimgroup_huey_P000_Q3.block
0x30201766,model,blocks\VZ\c33296_P000_Q3.block
0x3024ED6B,path,blocks\VZ\resident_P000_Q3.block
0x302973D5,animation,blocks\VZ\resident_P000_Q3.block
0x302C64EF,animation,blocks\VZ\resident_P000_Q3.block
0x302C8794,effect,blocks\VZ\effects_P000_Q3.block
0x3033579B,path,blocks\VZ\resident_P000_Q3.block
0x303431E3,animation,blocks\VZ\characternameanimgroup_jennifer_P000_Q3.block
0x303A29D8,path,blocks\VZ\resident_P000_Q3.block
0x303D8059,animation,blocks\VZ\vehiclenameanimgroup_m2a3_P000_Q3.block
0x303F2771,animation,blocks\VZ\vehiclenameanimgroup_scorpiondpv_P000_Q3.block
0x3052D370,animation,blocks\VZ\vehicleclassanimgroup_monstertruck_P000_Q3.block
0x3054834C,binary,blocks\Shell\resident_P000_Q3.block;blocks\VZ\resident_P000_Q3.block
0x3057B238,lowresterrain,blocks\VZ\low_res_terrain_P000_Q3.block
0x306474DC,terrainmesh,blocks\VZ\c30820_P000_Q3.block
0x306A707E,animation,blocks\VZ\vehiclenameanimgroup_mi35_P000_Q3.block
0x306CCF92,animation,blocks\VZ\vehicleclassanimgroup_hmmwv_P000_Q3.block
0x306DD682,animation,blocks\VZ\vehiclenameanimgroup_mi35_P000_Q3.block
0x30703550,path,blocks\VZ\resident_P000_Q3.block
0x3072EBFC,scrub,blocks\VZ\c31249_P000_Q3.block
0x30767E43,path,blocks\VZ\resident_P000_Q3.block
0x307ADA3D,scrub,blocks\VZ\c30075_P000_Q3.block
0x307D6AE1,model,blocks\VZ\resident_P000_Q3.block
0x307EF97C,path,blocks\VZ\resident_P000_Q3.block
0x30835A6F,animation,blocks\VZ\vehiclenameanimgroup_50cal_P000_Q3.block
0x308628E7,animation,blocks\VZ\vehiclenameanimgroup_avenger_P000_Q3.block
0x308D692F,path,blocks\VZ\resident_P000_Q3.block
0x308DC0C0,terrainmesh,blocks\VZ\c31229_P000_Q3.block
0x308DE234,animation,blocks\VZ\c30496_P000_Q3.block
0x30903F1E,scrub,blocks\VZ\c30796_P000_Q3.block
0x30934867,lowresterrain,blocks\VZ\low_res_terrain_P000_Q3.block
0x30A19848,animation,blocks\VZ\vehiclenameanimgroup_m151_P000_Q3.block
0x30A465BB,texture,blocks\Shell\scaleform_shell_P000_Q3.block
0x30A58AEC,lowresterrain,blocks\VZ\low_res_terrain_P000_Q3.block
0x30A64191,texture,blocks\English\shell_P000_Q3.block;blocks\Shell\scaleform_shell_P000_Q3.block
0x30A6BB58,scrub,blocks\VZ\c31277_P000_Q3.block
0x30A9EA2A,path,blocks\VZ\resident_P000_Q3.block
0x30B5B3EA,animation,blocks\VZ\vehiclenameanimgroup_vanquish_P000_Q3.block
0x30BFB4CB,effect,blocks\VZ\effects_P000_Q3.block
0x30C37765,path,blocks\VZ\resident_P000_Q3.block
0x30C3CD67,texture,blocks\Shell\scaleform_shell_P000_Q3.block
0x30C52937,lowresterrain,blocks\VZ\low_res_terrain_P000_Q3.block
0x30C5488C,path,blocks\VZ\resident_P000_Q3.block
0x30CDEDF0,animation,blocks\VZ\characternameanimgroup_chris_P000_Q3.block
0x30D27D65,path,blocks\VZ\resident_P000_Q3.block
0x30D40501,animation,blocks\VZ\vehicleclassanimgroup_truckmid_P000_Q3.block
0x30D4F8B8,animation,blocks\VZ\vehiclenameanimgroup_tow_P000_Q3.block
0x30E2EB65,model,blocks\VZ\resident2_P000_Q3.block
0x30E5A841,animation,blocks\VZ\vehicleclassanimgroup_automedium_P000_Q3.block
0x30E67276,path,blocks\VZ\resident_P000_Q3.block
0x30EB77B8,animation,blocks\VZ\characternameanimgroup_mattias_P000_Q3.block
0x30EE796A,path,blocks\VZ\resident_P000_Q3.block
0x30F956FA,lineregion,blocks\VZ\resident_P000_Q3.block
0x30F97C62,animation,blocks\VZ\characternameanimgroup_soldier_P000_Q3.block
0x30FBF011,path,blocks\VZ\resident_P000_Q3.block
0x30FE5E01,path,blocks\VZ\resident_P000_Q3.block
0x3102FC19,animation,blocks\VZ\vehiclenameanimgroup_mi35solano_P000_Q3.block
0x3103881C,scrub,blocks\VZ\c31067_P000_Q3.block
0x3104E7BF,path,blocks\VZ\resident_P000_Q3.block
0x31228EF7,animation,blocks\VZ\vehiclenameanimgroup_m1a2_P000_Q3.block
0x3125C06F,texture,blocks\Shell\scaleform_shell_P000_Q3.block
0x3126FCA3,scrub,blocks\VZ\c31413_P000_Q3.block
0x3131E4F4,path,blocks\VZ\resident_P000_Q3.block
0x3136C37B,path,blocks\VZ\resident_P000_Q3.block
0x3143AD64,path,blocks\VZ\resident_P000_Q3.block
0x31456472,path,blocks\VZ\resident_P000_Q3.block
0x314CABF6,model,blocks\VZ\resident2_P000_Q3.block
0x3151D135,animation,blocks\VZ\vehiclenameanimgroup_ztz98_P000_Q3.block
0x315C205C,path,blocks\VZ\resident_P000_Q3.block
0x315CC02E,animation,blocks\VZ\vehiclenameanimgroup_ridgeline_P000_Q3.block
0x315FBAD0,scrub,blocks\VZ\c31249_P000_Q3.block
0x3167B726,path,blocks\VZ\resident_P000_Q3.block
0x31696501,animation,blocks\VZ\vehiclenameanimgroup_ztz63a_P000_Q3.block
0x316B22F3,path,blocks\VZ\resident_P000_Q3.block
0x316E3433,path,blocks\VZ\resident_P000_Q3.block
0x3171B5E9,path,blocks\VZ\resident_P000_Q3.block
0x3171E551,animation,blocks\VZ\characternameanimgroup_civilian_P000_Q3.block
0x31745B76,animation,blocks\VZ\vehiclenameanimgroup_scorpion90_P000_Q3.block
0x3177639B,model,blocks\VZ\c33257_P000_Q3.block
0x3179D12F,path,blocks\VZ\resident_P000_Q3.block
0x317C82CC,texture,blocks\Shell\german_P000_Q3.block
0x3182D948,scrub,blocks\VZ\c30867_P000_Q3.block
0x3186185C,path,blocks\VZ\resident_P000_Q3.block
0x3190889F,path,blocks\VZ\resident_P000_Q3.block
0x31943AF4,lineregion,blocks\VZ\resident_P000_Q3.block
0x3198B822,lineregion,blocks\VZ\resident_P000_Q3.block
0x319A082D,path,blocks\VZ\resident_P000_Q3.block
0x31A0438B,binary,blocks\Shell\ps3saveassets_fr_P000_Q3.block;blocks\VZ\ps3saveassets_fr_P000_Q3.block
0x31A526B0,model,blocks\VZ\c33297_P000_Q3.block
0x31A8836B,path,blocks\VZ\resident_P000_Q3.block
0x31B1287C,animation,blocks\VZ\vehiclenameanimgroup_mi26_P000_Q3.block
0x31B2FD2C,scrub,blocks\VZ\c30441_P000_Q3.block
0x31B6C6DD,path,blocks\VZ\resident_P000_Q3.block
0x31B80ECF,animation,blocks\VZ\resident_P000_Q3.block
0x31BF11D5,path,blocks\VZ\resident_P000_Q3.block
0x31D0ACC2,model,blocks\VZ\c33280_P000_Q3.block
0x31D13DFE,animation,blocks\VZ\vehiclenameanimgroup_markv_P000_Q3.block
0x31D78A5D,texture,blocks\Shell\scaleform_shell_P000_Q3.block
0x31DAEC90,scrub,blocks\VZ\c30963_P000_Q3.block
0x31DDB931,scrub,blocks\VZ\c30102_P000_Q3.block
0x31DDD3EF,model,blocks\VZ\c30628_P000_Q3.block
0x31E2DA4D,path,blocks\VZ\resident_P000_Q3.block
0x31E73AC7,scrub,blocks\VZ\c31107_P000_Q3.block
0x31E776AF,terrainmesh,blocks\VZ\c31063_P000_Q3.block
0x31E8323D,path,blocks\VZ\resident_P000_Q3.block
0x31EC1C12,path,blocks\VZ\resident_P000_Q3.block
0x31ED91CA,path,blocks\VZ\resident_P000_Q3.block
0x31EDDC4D,animation,blocks\VZ\vehiclenameanimgroup_mh53j_P000_Q3.block
0x31EE6C3A,terrainmesh,blocks\VZ\c30722_P000_Q3.block
0x31EFB4C3,animation,blocks\VZ\vehiclenameanimgroup_ztz63a_P000_Q3.block
0x31F18FF0,scrub,blocks\VZ\c31408_P000_Q3.block
0x31F82909,path,blocks\VZ\resident_P000_Q3.block
0x320354A4,lowresterrain,blocks\VZ\low_res_terrain_P000_Q3.block
0x320ADA49,lowresterrain,blocks\VZ\low_res_terrain_P000_Q3.block
0x320BB0C1,path,blocks\VZ\resident_P000_Q3.block
0x320C5F29,path,blocks\VZ\resident_P000_Q3.block
0x3219616A,model,blocks\VZ\c32793_P000_Q3.block
0x321B5A7F,animation,blocks\VZ\vehiclenameanimgroup_misha_P000_Q3.block
0x321FCBB2,model,blocks\VZ\resident2_P000_Q3.block
0x321FE5B4,path,blocks\VZ\resident_P000_Q3.block
0x3222B907,animation,blocks\VZ\vehiclenameanimgroup_saltonsea_P000_Q3.block
0x32292C51,animation,blocks\VZ\vehiclenameanimgroup_zbd2000_P000_Q3.block
0x322978D3,model,blocks\VZ\c30476_P000_Q3.block
0x3229C3F3,animation,blocks\VZ\vehiclenameanimgroup_huey_P000_Q3.block
0x322B86D0,animation,blocks\VZ\vehiclenameanimgroup_mh53j_P000_Q3.block
0x322C2D43,path,blocks\VZ\resident_P000_Q3.block
0x32361351,path,blocks\VZ\resident_P000_Q3.block
0x3240BAD7,path,blocks\VZ\resident_P000_Q3.block
0x32445A6C,animation,blocks\VZ\characternameanimgroup_jennifer_P000_Q3.block
0x32453805,path,blocks\VZ\resident_P000_Q3.block
0x32506DAA,scrub,blocks\VZ\c30104_P000_Q3.block
0x32551E6F,path,blocks\VZ\resident_P000_Q3.block
0x325A8B7F,model,blocks\VZ\c32574_P000_Q3.block
0x325F2B15,animation,blocks\VZ\resident_P000_Q3.block
0x3262D17E,path,blocks\VZ\resident_P000_Q3.block
0x32631DC3,path,blocks\VZ\resident_P000_Q3.block
0x32685B1C,animation,blocks\VZ\resident_P000_Q3.block
0x3269C531,path,blocks\VZ\resident_P000_Q3.block
0x3269F341,animation,blocks\VZ\vehiclenameanimgroup_plz45_P000_Q3.block
0x326EDCB0,animation,blocks\VZ\vehiclenameanimgroup_mi35solano_P000_Q3.block
0x32745574,animation,blocks\VZ\characternameanimgroup_jennifer_P000_Q3.block
0x32787992,lineregion,blocks\VZ\resident_P000_Q3.block
0x3279F9D7,path,blocks\VZ\resident_P000_Q3.block
0x327E7705,path,blocks\VZ\resident_P000_Q3.block
0x32841876,path,blocks\VZ\resident_P000_Q3.block
0x328563C0,path,blocks\VZ\resident_P000_Q3.block
0x32894BD8,lineregion,blocks\VZ\resident_P000_Q3.block
0x3299D059,path,blocks\VZ\resident_P000_Q3.block
0x329ADEA4,animation,blocks\VZ\vehicleclassanimgroup_truckmid_P000_Q3.block
0x329EDE63,lineregion,blocks\VZ\resident_P000_Q3.block
0x32A7A3EC,path,blocks\VZ\resident_P000_Q3.block
0x32A81E7F,effect,blocks\VZ\effects_P000_Q3.block
0x32ACDBD2,lineregion,blocks\VZ\resident_P000_Q3.block
0x32B07B70,lowresterrain,blocks\VZ\low_res_terrain_P000_Q3.block
0x32B198E0,scrub,blocks\VZ\c31354_P000_Q3.block
0x32B7CE1A,lowresterrain,blocks\VZ\low_res_terrain_P000_Q3.block
0x32BCB0A4,lineregion,blocks\VZ\resident_P000_Q3.block
0x32C99D79,animation,blocks\VZ\vehiclenameanimgroup_chopper_P000_Q3.block
0x32CF2109,effect,blocks\VZ\effects_P000_Q3.block
0x32D1AC6C,terrainmesh,blocks\VZ\c30178_P000_Q3.block
0x32D3909B,animation,blocks\VZ\resident_P000_Q3.block
0x32D8B85F,animation,blocks\VZ\characternameanimgroup_mattias_P000_Q3.block
0x32DAA182,animation,blocks\VZ\vehiclenameanimgroup_zbd2000_P000_Q3.block
0x32E1B09D,path,blocks\VZ\resident_P000_Q3.block
0x32E3C209,path,blocks\VZ\resident_P000_Q3.block
0x32FAEB51,path,blocks\VZ\resident_P000_Q3.block
0x32FD23A0,animation,blocks\VZ\vehiclenameanimgroup_mtv50cal_P000_Q3.block
0x32FDD8F0,path,blocks\VZ\resident_P000_Q3.block
0x3304C04D,animation,blocks\VZ\vehiclenameanimgroup_f35_P000_Q3.block
0x33069529,lineregion,blocks\VZ\resident_P000_Q3.block
0x3307CF2B,animation,blocks\VZ\characternameanimgroup_jennifer_P000_Q3.block
0x330A2F51,animation,blocks\VZ\vehiclenameanimgroup_ks750_P000_Q3.block
0x330B45D0,animation,blocks\VZ\vehiclenameanimgroup_m101a_P000_Q3.block
0x330B4E38,lineregion,blocks\VZ\resident_P000_Q3.block
0x330CBFAF,scrub,blocks\VZ\c30581_P000_Q3.block
0x330F1149,path,blocks\VZ\resident_P000_Q3.block
0x331D98E4,scrub,blocks\VZ\c30500_P000_Q3.block
0x331F2088,path,blocks\VZ\resident_P000_Q3.block
0x33201061,model,blocks\VZ\c39998_P000_Q3.block
0x3320C1C7,path,blocks\VZ\resident_P000_Q3.block
0x3325F235,path,blocks\VZ\resident_P000_Q3.block
0x332D9DA1,path,blocks\VZ\resident_P000_Q3.block
0x3333B07D,path,blocks\VZ\resident_P000_Q3.block
0x333720FE,lineregion,blocks\VZ\resident_P000_Q3.block
0x334429EF,path,blocks\VZ\resident_P000_Q3.block
0x334A1821,animation,blocks\VZ\resident_P000_Q3.block
0x334CF62E,animation,blocks\VZ\vehiclenameanimgroup_mi35solano_P000_Q3.block
0x33507C7D,path,blocks\VZ\resident_P000_Q3.block
0x335861B7,path,blocks\VZ\resident_P000_Q3.block
0x335D1537,lineregion,blocks\VZ\resident_P000_Q3.block
0x335E1354,lowresterrain,blocks\VZ\low_res_terrain_P000_Q3.block
0x3368C274,animation,blocks\VZ\characternameanimgroup_mattias_P000_Q3.block
0x3368DD58,model,blocks\VZ\c33302_P000_Q3.block
0x33694AE8,path,blocks\VZ\resident_P000_Q3.block
0x336CDF62,animation,blocks\VZ\resident_P000_Q3.block
0x337DD6D2,path,blocks\VZ\resident_P000_Q3.block
0x337F3F38,animation,blocks\VZ\resident_P000_Q3.block
0x33821655,effect,blocks\VZ\effects_P000_Q3.block
0x33843ED6,texture,blocks\Shell\scaleform_shell_P000_Q3.block
0x33886DFE,path,blocks\VZ\resident_P000_Q3.block
0x33933F4F,path,blocks\VZ\resident_P000_Q3.block
0x339480F3,path,blocks\VZ\resident_P000_Q3.block
0x3397DE30,model,blocks\VZ\al_veh_apc_at_P000_Q3.block
0x3398C21D,animation,blocks\VZ\resident_P000_Q3.block
0x339AC7BF,animation,blocks\VZ\vehiclenameanimgroup_plz45_P000_Q3.block
0x33A234E3,animation,blocks\VZ\vehiclenameanimgroup_ztz98_P000_Q3.block
0x33A3D2F8,path,blocks\VZ\resident_P000_Q3.block
0x33AF4738,path,blocks\VZ\resident_P000_Q3.block
0x33B60BD7,path,blocks\VZ\resident_P000_Q3.block
0x33BD7FAA,animation,blocks\VZ\vehiclenameanimgroup_eva_P000_Q3.block
0x33BFE7FA,animation,blocks\VZ\vehiclenameanimgroup_patrol_P000_Q3.block
0x33E3162E,scrub,blocks\VZ\c30989_P000_Q3.block
0x33E35A74,path,blocks\VZ\resident_P000_Q3.block
0x33E84AE8,path,blocks\VZ\resident_P000_Q3.block
0x33F045DD,path,blocks\VZ\resident_P000_Q3.block
0x33F91633,scrub,blocks\VZ\c30714_P000_Q3.block
0x33FCF97F,path,blocks\VZ\resident_P000_Q3.block
0x33FF078B,animation,blocks\VZ\resident_P000_Q3.block
0x340396B6,path,blocks\VZ\resident_P000_Q3.block
0x3403ABD1,animation,blocks\VZ\resident_P000_Q3.block
0x3406F58F,path,blocks\VZ\resident_P000_Q3.block
0x3408C1FF,animation,blocks\VZ\vehiclenameanimgroup_mi35solano_P000_Q3.block
0x3409537D,path,blocks\VZ\resident_P000_Q3.block
0x341EFADE,scrub,blocks\VZ\c31282_P000_Q3.block
0x3423708C,animation,blocks\VZ\resident_P000_Q3.block
0x342392B0,animation,blocks\VZ\vehiclenameanimgroup_ah1z_P000_Q3.block
0x34323BFB,animation,blocks\VZ\vehiclenameanimgroup_zbd2000_P000_Q3.block
0x34385C3F,lineregion,blocks\VZ\resident_P000_Q3.block
0x34408671,animation,blocks\VZ\characternameanimgroup_jennifer_P000_Q3.block
0x3441AA9D,path,blocks\VZ\resident_P000_Q3.block
0x3445544E,animation,blocks\VZ\vehicleclassanimgroup_autolargec_P000_Q3.block
0x344BC6AD,path,blocks\VZ\resident_P000_Q3.block
0x344BCD31,terrainmesh,blocks\VZ\c30064_P000_Q3.block
0x344BE3F7,lineregion,blocks\VZ\resident_P000_Q3.block
0x344E9DE2,path,blocks\VZ\resident_P000_Q3.block
0x346ADB50,path,blocks\VZ\resident_P000_Q3.block
0x346FF85A,lowresterrain,blocks\VZ\low_res_terrain_P000_Q3.block
0x347187B6,animation,blocks\VZ\resident_P000_Q3.block
0x34744950,lineregion,blocks\VZ\resident_P000_Q3.block
0x347784AD,scrub,blocks\VZ\c31424_P000_Q3.block
0x3478BAB0,texture,blocks\Shell\scaleform_shell_P000_Q3.block
0x34813AD0,animation,blocks\VZ\vehiclenameanimgroup_mh53j_P000_Q3.block
0x348A1094,path,blocks\VZ\resident_P000_Q3.block
0x348AE975,animation,blocks\VZ\vehiclenameanimgroup_zbd2000_P000_Q3.block
0x349EF220,path,blocks\VZ\resident_P000_Q3.block
0x349F3808,terrainmesh,blocks\VZ\c30848_P000_Q3.block
0x34A27C6E,path,blocks\VZ\resident_P000_Q3.block
0x34A36E8E,texture,blocks\Shell\scaleform_shell_P000_Q3.block
0x34AB3E06,animation,blocks\VZ\vehicleclassanimgroup_tank_P000_Q3.block
0x34B064D8,texture,blocks\Shell\scaleform_shell_P000_Q3.block
0x34BFD892,animation,blocks\VZ\vehiclenameanimgroup_m151_P000_Q3.block
0x34C50EB0,path,blocks\VZ\resident_P000_Q3.block
0x34CBA32E,texture,blocks\Shell\scaleform_shell_P000_Q3.block
0x34CDAFF0,scrub,blocks\VZ\c31282_P000_Q3.block
0x34CE5738,animation,blocks\VZ\vehiclenameanimgroup_md500_P000_Q3.block
0x34D19287,path,blocks\VZ\resident_P000_Q3.block
0x34D60FB5,path,blocks\VZ\resident_P000_Q3.block
0x34E00D1C,path,blocks\VZ\resident_P000_Q3.block
0x34E19338,path,blocks\VZ\resident_P000_Q3.block
0x34E635AF,animation,blocks\VZ\vehiclenameanimgroup_patrol_P000_Q3.block
0x34E74C6F,path,blocks\VZ\resident_P000_Q3.block
0x34E7570A,effect,blocks\VZ\effects_P000_Q3.block
0x34EBF7CE,animation,blocks\VZ\vehiclenameanimgroup_mh53j_P000_Q3.block
0x34EF7960,scrub,blocks\VZ\c30193_P000_Q3.block
0x34F02F17,path,blocks\VZ\resident_P000_Q3.block
0x34F59B23,terrainmesh,blocks\VZ\c31506_P000_Q3.block
0x34F5AF5F,path,blocks\VZ\resident_P000_Q3.block
0x34F5C4C6,path,blocks\VZ\resident_P000_Q3.block
0x34FB72BD,path,blocks\VZ\resident_P000_Q3.block
0x3504664E,lowresterrain,blocks\VZ\low_res_terrain_P000_Q3.block
0x35052D45,animation,blocks\VZ\vehiclenameanimgroup_huey_P000_Q3.block
0x3511CCE7,model,blocks\VZ\c30572_P000_Q3.block
0x35124496,lowresterrain,blocks\VZ\low_res_terrain_P000_Q3.block
0x35127117,scrub,blocks\VZ\c30444_P000_Q3.block
0x3513BA9A,path,blocks\VZ\resident_P000_Q3.block
0x3521E641,path,blocks\VZ\resident_P000_Q3.block
0x352AACBB,animation,blocks\VZ\vehiclenameanimgroup_amx30_P000_Q3.block
0x353097A9,animation,blocks\VZ\vehiclenameanimgroup_mi35_P000_Q3.block
0x3530C264,lowresterrain,blocks\VZ\low_res_terrain_P000_Q3.block
0x354216AC,scrub,blocks\VZ\c30574_P000_Q3.block
0x35422033,texture,blocks\Shell\scaleform_shell_P000_Q3.block
0x3543067F,animation,blocks\VZ\vehicleclassanimgroup_hmmwv_P000_Q3.block
0x35476A14,animation,blocks\VZ\vehicleclassanimgroup_truckmid_P000_Q3.block
0x354CC6F6,path,blocks\VZ\resident_P000_Q3.block
0x354CE8D9,scrub,blocks\VZ\c30581_P000_Q3.block
0x3553124B,path,blocks\VZ\resident_P000_Q3.block
0x35578F79,path,blocks\VZ\resident_P000_Q3.block
0x3559CA67,animation,blocks\VZ\vehicleclassanimgroup_autolargeb_P000_Q3.block
0x356BCAFC,scrub,blocks\VZ\c31423_P000_Q3.block
0x35774D35,model,blocks\VZ\c33297_P000_Q3.block
0x35792855,path,blocks\VZ\resident_P000_Q3.block
0x357B90A0,path,blocks\VZ\resident_P000_Q3.block
0x3587289E,path,blocks\VZ\resident_P000_Q3.block
0x358A07C1,animation,blocks\VZ\vehiclenameanimgroup_pgz95_P000_Q3.block
0x358FA727,path,blocks\VZ\resident_P000_Q3.block
0x3593A00E,path,blocks\VZ\resident_P000_Q3.block
0x3593C1F0,animation,blocks\VZ\vehiclenameanimgroup_huey_P000_Q3.block
0x35946989,path,blocks\VZ\resident_P000_Q3.block
0x359EC816,animation,blocks\VZ\characternameanimgroup_jennifer_P000_Q3.block
0x35A28C6E,animation,blocks\VZ\vehiclenameanimgroup_ka29b_P000_Q3.block
0x35A30114,path,blocks\VZ\resident_P000_Q3.block
0x35A3D6E5,animation,blocks\VZ\characternameanimgroup_soldier_P000_Q3.block
0x35A7F141,path,blocks\VZ\resident_P000_Q3.block
0x35AB1D15,terrainmesh,blocks\VZ\c30221_P000_Q3.block
0x35B0D6C3,path,blocks\VZ\resident_P000_Q3.block
0x35B37C2B,path,blocks\VZ\resident_P000_Q3.block
0x35B5FF7D,path,blocks\VZ\resident_P000_Q3.block
0x35BC1C53,path,blocks\VZ\resident_P000_Q3.block
0x35C5CC2C,animation,blocks\VZ\vehiclenameanimgroup_scorpion90_P000_Q3.block
0x35CF252A,path,blocks\VZ\resident_P000_Q3.block
0x35DC66AF,path,blocks\VZ\resident_P000_Q3.block
0x35DCB88C,model,blocks\VZ\c31292_P000_Q3.block
0x35E07B11,animation,blocks\VZ\characternameanimgroup_mattias_P000_Q3.block
0x35E7FBCF,path,blocks\VZ\resident_P000_Q3.block
0x35F1B52F,scrub,blocks\VZ\c31072_P000_Q3.block
0x35F250BB,path,blocks\VZ\resident_P000_Q3.block
0x35F36C62,scrub,blocks\VZ\c31275_P000_Q3.block
0x35FC7E42,scrub,blocks\VZ\c30295_P000_Q3.block
0x3602A747,model,blocks\VZ\c33298_P000_Q3.block
0x3602F271,path,blocks\VZ\resident_P000_Q3.block
0x36059868,path,blocks\VZ\resident_P000_Q3.block
0x360E237A,animation,blocks\VZ\vehiclenameanimgroup_avenger_P000_Q3.block
0x360E886D,path,blocks\VZ\resident_P000_Q3.block
0x361253C9,lowresterrain,blocks\VZ\low_res_terrain_P000_Q3.block
0x36162D5D,effect,blocks\VZ\effects_P000_Q3.block
0x362B994B,path,blocks\VZ\resident_P000_Q3.block
0x3637766E,path,blocks\VZ\resident_P000_Q3.block
0x3639A66B,scrub,blocks\VZ\c31009_P000_Q3.block
0x3647B084,terrainmesh,blocks\VZ\c30830_P000_Q3.block
0x36481C40,path,blocks\VZ\resident_P000_Q3.block
0x364901E4,path,blocks\VZ\resident_P000_Q3.block
0x364AA37C,path,blocks\VZ\resident_P000_Q3.block
0x364CEE60,effect,blocks\VZ\effects_P000_Q3.block
0x3653F771,path,blocks\VZ\resident_P000_Q3.block
0x36550AFF,model,blocks\VZ\c31661_P000_Q3.block
0x3659CBF9,path,blocks\VZ\resident_P000_Q3.block
0x365A047E,animation,blocks\VZ\vehiclenameanimgroup_armored bank truck_P000_Q3.block
0x365D6E84,path,blocks\VZ\resident_P000_Q3.block
0x36784490,animation,blocks\VZ\resident_P000_Q3.block
0x3688935D,path,blocks\VZ\resident_P000_Q3.block
0x3692298C,path,blocks\VZ\resident_P000_Q3.block
0x3696DFAD,path,blocks\VZ\resident_P000_Q3.block
0x369A9F8D,scrub,blocks\VZ\c31107_P000_Q3.block
0x36A2F58A,animation,blocks\VZ\vehiclenameanimgroup_aa_P000_Q3.block
0x36ABF66A,path,blocks\VZ\resident_P000_Q3.block
0x36AE0BA5,path,blocks\VZ\resident_P000_Q3.block
0x36AF4D6D,scrub,blocks\VZ\c30197_P000_Q3.block
0x36B5E253,path,blocks\VZ\resident_P000_Q3.block
0x36BB4762,path,blocks\VZ\resident_P000_Q3.block
0x36BD010E,path,blocks\VZ\resident_P000_Q3.block
0x36C868F4,terrainmesh,blocks\VZ\c30317_P000_Q3.block
0x36C892B2,animation,blocks\VZ\vehiclenameanimgroup_m2a3_P000_Q3.block
0x36D1AB30,path,blocks\VZ\resident_P000_Q3.block
0x36DF922D,path,blocks\VZ\resident_P000_Q3.block
0x36E209BF,animation,blocks\VZ\vehiclenameanimgroup_turbosquid_P000_Q3.block
0x36E85C22,animation,blocks\VZ\resident_P000_Q3.block
0x36EDA6C2,lowresterrain,blocks\VZ\low_res_terrain_P000_Q3.block
0x36EE7A3D,path,blocks\VZ\resident_P000_Q3.block
0x36FDC07F,path,blocks\VZ\resident_P000_Q3.block
0x370487E3,model,blocks\VZ\c30388_P000_Q3.block
0x370DD892,animation,blocks\VZ\resident_P000_Q3.block
0x37100266,animation,blocks\VZ\resident_P000_Q3.block
0x3713399A,path,blocks\VZ\resident_P000_Q3.block
0x3714AA78,animation,blocks\VZ\vehiclenameanimgroup_mi26_P000_Q3.block
0x371543D6,animation,blocks\VZ\vehiclenameanimgroup_omen_P000_Q3.block
0x371750B3,terrainmesh,blocks\VZ\c30176_P000_Q3.block
0x37205E5E,path,blocks\VZ\resident_P000_Q3.block
0x372812FB,path,blocks\VZ\resident_P000_Q3.block
0x3728F9A0,animation,blocks\VZ\vehiclenameanimgroup_mi35_P000_Q3.block
0x372C9029,path,blocks\VZ\resident_P000_Q3.block
0x372F3F85,font,blocks\Shell\spanish_P000_Q3.block
0x372F8310,animation,blocks\VZ\vehiclenameanimgroup_nglv_P000_Q3.block
0x373ADA89,texture,blocks\Shell\scaleform_shell_P000_Q3.block
0x373FFE29,path,blocks\VZ\resident_P000_Q3.block
0x37436BCE,animation,blocks\VZ\vehicleclassanimgroup_automedium_P000_Q3.block
0x374836A9,scrub,blocks\VZ\c31273_P000_Q3.block
0x3756E710,terrainmesh,blocks\VZ\c30359_P000_Q3.block
0x375A8C7B,path,blocks\VZ\resident_P000_Q3.block
0x3760C774,animation,blocks\VZ\resident_P000_Q3.block
0x3767D635,animation,blocks\VZ\vehicleclassanimgroup_autolargea_P000_Q3.block
0x376EC7D3,path,blocks\VZ\resident_P000_Q3.block
0x3778FED1,scrub,blocks\VZ\c30138_P000_Q3.block
0x37876C07,path,blocks\VZ\resident_P000_Q3.block
0x378BB1B8,model,blocks\VZ\pmcoutpost_misc_P000_Q3.block
0x3791AF4A,animation,blocks\VZ\characternameanimgroup_jennifer_P000_Q3.block
0x379E4EB9,path,blocks\VZ\resident_P000_Q3.block
0x379EC722,animation,blocks\VZ\vehicleclassanimgroup_hmmwv_P000_Q3.block
0x37AE0C44,lineregion,blocks\VZ\resident_P000_Q3.block
0x37B3CB6B,lineregion,blocks\VZ\resident_P000_Q3.block
0x37C250CF,path,blocks\VZ\resident_P000_Q3.block
0x37C87421,animation,blocks\VZ\resident_P000_Q3.block
0x37CC1B1C,scrub,blocks\VZ\c30579_P000_Q3.block
0x37CFB340,path,blocks\VZ\resident_P000_Q3.block
0x37D1C6BE,lowresterrain,blocks\VZ\low_res_terrain_P000_Q3.block
0x37D2344A,animation,blocks\VZ\resident_P000_Q3.block
0x37D293DA,path,blocks\VZ\resident_P000_Q3.block
0x37DD10CA,path,blocks\VZ\resident_P000_Q3.block
0x37DFA793,animation,blocks\VZ\vehiclenameanimgroup_wz551_P000_Q3.block
0x37E4414F,texture,blocks\Shell\scaleform_shell_P000_Q3.block
0x37EFDC61,effect,blocks\VZ\effects_P000_Q3.block
0x38019806,path,blocks\VZ\resident_P000_Q3.block
0x3804A8F8,path,blocks\VZ\resident_P000_Q3.block
0x38052112,animation,blocks\VZ\resident_P000_Q3.block
0x38097B9C,path,blocks\VZ\resident_P000_Q3.block
0x38106140,animation,blocks\VZ\vehiclenameanimgroup_barco_P000_Q3.block
0x381369DB,terrainmesh,blocks\VZ\c31407_P000_Q3.block
0x38156A67,animation,blocks\VZ\vehicleclassanimgroup_truckmid_P000_Q3.block
0x381656A8,animation,blocks\VZ\vehiclenameanimgroup_mh53j_P000_Q3.block
0x381CE02F,animation,blocks\VZ\vehiclenameanimgroup_scorpiondpv_P000_Q3.block
0x381E63A6,animation,blocks\VZ\vehicleclassanimgroup_hmmwv_P000_Q3.block
0x381ED255,animation,blocks\VZ\resident_P000_Q3.block
0x382CE139,scrub,blocks\VZ\c30292_P000_Q3.block
0x3830DFFB,scrub,blocks\VZ\c31060_P000_Q3.block
0x383764A9,path,blocks\VZ\resident_P000_Q3.block
0x383776D7,path,blocks\VZ\resident_P000_Q3.block
0x38381266,model,blocks\VZ\c31284_P000_Q3.block
0x383BF405,path,blocks\VZ\resident_P000_Q3.block
0x38405091,lineregion,blocks\VZ\resident_P000_Q3.block
0x3844BC80,animation,blocks\VZ\vehiclenameanimgroup_armwrestle_P000_Q3.block
0x384CDED6,path,blocks\VZ\resident_P000_Q3.block
0x384D63BF,path,blocks\VZ\resident_P000_Q3.block
0x385A83D5,path,blocks\VZ\resident_P000_Q3.block
0x385D8F89,animation,blocks\VZ\characternameanimgroup_jennifer_P000_Q3.block
0x385DC521,animation,blocks\VZ\vehiclenameanimgroup_mi35solano_P000_Q3.block
0x385EA82C,decaltable,blocks\VZ\resident_P000_Q3.block
0x3860B334,path,blocks\VZ\resident_P000_Q3.block
0x38616411,path,blocks\VZ\resident_P000_Q3.block
0x38619BCB,path,blocks\VZ\resident_P000_Q3.block
0x38777DC6,scrub,blocks\VZ\c31411_P000_Q3.block
0x3879DA68,path,blocks\VZ\resident_P000_Q3.block
0x387B037B,path,blocks\VZ\resident_P000_Q3.block
0x387B2591,animation,blocks\VZ\vehiclenameanimgroup_patrol_P000_Q3.block
0x387F80A9,path,blocks\VZ\resident_P000_Q3.block
0x388A7329,animation,blocks\VZ\vehiclenameanimgroup_wz551_P000_Q3.block
0x388C2745,path,blocks\VZ\resident_P000_Q3.block
0x388D0365,scrub,blocks\VZ\c30138_P000_Q3.block
0x388D5215,texture,blocks\Shell\german_P000_Q3.block
0x388DB11D,path,blocks\VZ\resident_P000_Q3.block
0x3890BB25,path,blocks\VZ\resident_P000_Q3.block
0x389678CF,model,blocks\VZ\c30518_P000_Q3.block
0x389EC5A1,animation,blocks\VZ\characternameanimgroup_mattias_P000_Q3.block
0x38A6FD08,path,blocks\VZ\resident_P000_Q3.block
0x38A9F4D4,animation,blocks\VZ\resident_P000_Q3.block
0x38ABDECB,path,blocks\VZ\resident_P000_Q3.block
0x38B05BF9,path,blocks\VZ\resident_P000_Q3.block
0x38B3BC16,path,blocks\VZ\resident_P000_Q3.block
0x38CE8C5A,animation,blocks\VZ\resident_P000_Q3.block
0x38D3A833,path,blocks\VZ\resident_P000_Q3.block
0x38D6290B,path,blocks\VZ\resident_P000_Q3.block
0x38E07070,terrainmesh,blocks\VZ\c30867_P000_Q3.block
0x38EBD284,animation,blocks\VZ\resident_P000_Q3.block
0x38F0374D,path,blocks\VZ\resident_P000_Q3.block
0x3906D904,animation,blocks\VZ\resident_P000_Q3.block
0x39074F35,model,blocks\VZ\effects_P000_Q3.block
0x3907786D,model,blocks\VZ\c32348_P000_Q3.block
0x39123E50,lowresterrain,blocks\VZ\low_res_terrain_P000_Q3.block
0x3916E1B2,terrainmesh,blocks\VZ\c31391_P000_Q3.block
0x392563BD,animation,blocks\VZ\vehiclenameanimgroup_md500_P000_Q3.block
0x39260FD8,lowresterrain,blocks\VZ\low_res_terrain_P000_Q3.block
0x39264F4A,lineregion,blocks\VZ\resident_P000_Q3.block
0x3938705A,soundbank;sounddb,blocks\English\vo_resident_P000_Q3.block
0x3941B3E1,path,blocks\VZ\resident_P000_Q3.block
0x39505908,path,blocks\VZ\resident_P000_Q3.block
0x395135BC,model,blocks\VZ\c30791_P000_Q3.block
0x395310DE,animation,blocks\VZ\resident_P000_Q3.block
0x395C9B0E,animation,blocks\VZ\vehiclenameanimgroup_m551_P000_Q3.block
0x39620ADC,model,blocks\VZ\c30602_P000_Q3.block
0x39688A46,path,blocks\VZ\resident_P000_Q3.block
0x396E42BF,animation,blocks\VZ\resident_P000_Q3.block
0x3972192B,animation,blocks\VZ\resident_P000_Q3.block
0x397331F9,terrainmesh,blocks\VZ\c30063_P000_Q3.block
0x39751193,terrainmesh,blocks\VZ\c30902_P000_Q3.block
0x397BEB04,path,blocks\VZ\resident_P000_Q3.block
0x39835655,path,blocks\VZ\resident_P000_Q3.block
0x39845FE0,path,blocks\VZ\resident_P000_Q3.block
0x39850EDE,path,blocks\VZ\resident_P000_Q3.block
0x398AFBF4,path,blocks\VZ\resident_P000_Q3.block
0x39991CEB,lineregion,blocks\VZ\resident_P000_Q3.block
0x39A3B2C9,path,blocks\VZ\resident_P000_Q3.block
0x39A8093E,animation,blocks\VZ\vehiclenameanimgroup_armwrestle_P000_Q3.block
0x39B50AC7,animation,blocks\VZ\vehiclenameanimgroup_guerilla_P000_Q3.block
0x39C4668E,path,blocks\VZ\resident_P000_Q3.block
0x39C4E78E,animation,blocks\VZ\resident_P000_Q3.block
0x39CD15E3,path,blocks\VZ\resident_P000_Q3.block
0x39CF4DEF,effect,blocks\VZ\effects_P000_Q3.block
0x39DC3FD5,animation,blocks\VZ\vehiclenameanimgroup_sportbike_P000_Q3.block
0x39E1B2A0,path,blocks\VZ\resident_P000_Q3.block
0x39E76C85,animation,blocks\VZ\resident_P000_Q3.block
0x39F2788B,effect,blocks\VZ\effects_P000_Q3.block
0x39FE41F2,animation,blocks\VZ\resident_P000_Q3.block
0x3A015234,binary,blocks\Shell\ps3saveassets_it_P000_Q3.block;blocks\VZ\ps3saveassets_it_P000_Q3.block
0x3A032A6F,fxdict,blocks\VZ\resident_P000_Q3.block
0x3A060AEA,animation,blocks\VZ\vehiclenameanimgroup_swamp_P000_Q3.block
0x3A06A825,terrainmesh,blocks\VZ\c31499_P000_Q3.block
0x3A08B605,animation,blocks\VZ\resident_P000_Q3.block
0x3A0C8509,path,blocks\VZ\resident_P000_Q3.block
0x3A0FF820,model,blocks\VZ\c32481_P000_Q3.block
0x3A13AE5B,lineregion,blocks\VZ\resident_P000_Q3.block
0x3A175932,lowresterrain,blocks\VZ\low_res_terrain_P000_Q3.block
0x3A190CD2,animation,blocks\VZ\vehiclenameanimgroup_barco_P000_Q3.block
0x3A1B2723,model,blocks\VZ\c31213_P000_Q3.block
0x3A29D9B5,scrub,blocks\VZ\c30084_P000_Q3.block
0x3A2FCDE2,animation,blocks\VZ\vehiclenameanimgroup_huey_P000_Q3.block
0x3A317045,model,blocks\VZ\c33296_P000_Q3.block
0x3A371767,animation,blocks\VZ\vehicleclassanimgroup_foodstand_P000_Q3.block
0x3A37B84E,path,blocks\VZ\resident_P000_Q3.block
0x3A3BC886,path,blocks\VZ\resident_P000_Q3.block
0x3A49A03A,path,blocks\VZ\resident_P000_Q3.block
0x3A49C7C4,terrainmesh,blocks\VZ\c30020_P000_Q3.block
0x3A4EE60F,effect,blocks\VZ\effects_P000_Q3.block
0x3A5192AA,path,blocks\VZ\resident_P000_Q3.block
0x3A575A66,animation,blocks\VZ\vehiclenameanimgroup_wz10_P000_Q3.block
0x3A5AC73F,path,blocks\VZ\resident_P000_Q3.block
0x3A5E4564,path,blocks\VZ\resident_P000_Q3.block
0x3A6044C9,path,blocks\VZ\resident_P000_Q3.block
0x3A6509CD,animation,blocks\VZ\resident_P000_Q3.block
0x3A685941,model,blocks\VZ\c39998_P000_Q3.block
0x3A6A380D,animation,blocks\VZ\vehiclenameanimgroup_md500_P000_Q3.block
0x3A7135A4,path,blocks\VZ\resident_P000_Q3.block
0x3A7A7F15,animation,blocks\VZ\vehicleclassanimgroup_jetski_P000_Q3.block
0x3A7BB102,lowresterrain,blocks\VZ\low_res_terrain_P000_Q3.block
0x3A80F32A,path,blocks\VZ\resident_P000_Q3.block
0x3A86D6D8,animation,blocks\VZ\vehiclenameanimgroup_alouette3_P000_Q3.block
0x3A902040,texture,blocks\Shell\scaleform_shell_P000_Q3.block
0x3A9222E2,path,blocks\VZ\resident_P000_Q3.block
0x3A946943,soundbank;sounddb;wavebank,blocks\English\vo_chincon002.english_P000_Q3.block
0x3A988957,animation,blocks\VZ\characternameanimgroup_chris_P000_Q3.block
0x3A9ADB33,path,blocks\VZ\resident_P000_Q3.block
0x3AA34603,animation,blocks\VZ\vehiclenameanimgroup_mi35_P000_Q3.block
0x3AABE565,path,blocks\VZ\resident_P000_Q3.block
0x3AB5E00F,path,blocks\VZ\resident_P000_Q3.block
0x3AB73A07,effect,blocks\VZ\effects_P000_Q3.block
0x3AC46679,animation,blocks\VZ\vehicleclassanimgroup_autolargea_P000_Q3.block
0x3ACAD7CB,path,blocks\VZ\resident_P000_Q3.block
0x3ACDA6EC,texture,blocks\Shell\scaleform_shell_P000_Q3.block
0x3ACF54F9,path,blocks\VZ\resident_P000_Q3.block
0x3AD09BB2,path,blocks\VZ\resident_P000_Q3.block
0x3ADC641D,animation,blocks\VZ\vehiclenameanimgroup_wz551_P000_Q3.block
0x3ADCA498,animation,blocks\VZ\resident_P000_Q3.block
0x3AE03076,path,blocks\VZ\resident_P000_Q3.block
0x3AE0D2D9,path,blocks\VZ\resident_P000_Q3.block
0x3AE3D8E4,scrub,blocks\VZ\c30958_P000_Q3.block
0x3AE4DDF0,animation,blocks\VZ\vehiclenameanimgroup_armored bank truck_P000_Q3.block
0x3AED882D,font,blocks\VZ\japanese_P000_Q3.block
0x3AEE9AE8,animation,blocks\VZ\resident_P000_Q3.block
0x3AF7CB55,path,blocks\VZ\resident_P000_Q3.block
0x3B0153F6,path,blocks\VZ\resident_P000_Q3.block
0x3B0CA7E1,animation,blocks\VZ\resident_P000_Q3.block
0x3B1276C8,path,blocks\VZ\resident_P000_Q3.block
0x3B16D351,animation,blocks\VZ\vehiclenameanimgroup_swamp_P000_Q3.block
0x3B1BF118,scrub,blocks\VZ\c30072_P000_Q3.block
0x3B1D2F0D,animation,blocks\VZ\resident_P000_Q3.block
0x3B1F5877,texture,blocks\VZ\c32611_P000_Q3.block
0x3B1FDF96,path,blocks\VZ\resident_P000_Q3.block
0x3B200805,soundbank;sounddb,blocks\English\vo_resident_P000_Q3.block
0x3B20639E,animation,blocks\VZ\vehicleclassanimgroup_outhouse_P000_Q3.block
0x3B243CA1,path,blocks\VZ\resident_P000_Q3.block
0x3B25FCA3,animation,blocks\VZ\vehicleclassanimgroup_autolargeb_P000_Q3.block
0x3B28560B,animation,blocks\VZ\vehiclenameanimgroup_scorpion90_P000_Q3.block
0x3B2BC17E,model,blocks\VZ\resident2_P000_Q3.block
0x3B2BF561,animation,blocks\VZ\vehiclenameanimgroup_barco_P000_Q3.block
0x3B2D92B2,soundbank;sounddb,blocks\English\vo_resident_P000_Q3.block
0x3B3DD906,path,blocks\VZ\resident_P000_Q3.block
0x3B41301D,animation,blocks\VZ\vehiclenameanimgroup_amx30_P000_Q3.block
0x3B457778,texture,blocks\Shell\scaleform_shell_P000_Q3.block
0x3B4788E6,texture,blocks\Shell\scaleform_shell_P000_Q3.block
0x3B4B163B,path,blocks\VZ\resident_P000_Q3.block
0x3B4B7BD7,animation,blocks\VZ\vehiclenameanimgroup_zu23aa_P000_Q3.block
0x3B4DD753,scrub,blocks\VZ\c31408_P000_Q3.block
0x3B4E53C0,model,blocks\VZ\resident2_P000_Q3.block
0x3B5218A2,scrub,blocks\VZ\c30440_P000_Q3.block
0x3B5427B3,animation,blocks\VZ\vehiclenameanimgroup_mh53j_P000_Q3.block
0x3B584A09,path,blocks\VZ\resident_P000_Q3.block
0x3B624062,path,blocks\VZ\resident_P000_Q3.block
0x3B6451CF,path,blocks\VZ\resident_P000_Q3.block
0x3B680A3A,path,blocks\VZ\resident_P000_Q3.block
0x3B759D03,path,blocks\VZ\resident_P000_Q3.block
0x3B76CA25,animation,blocks\VZ\vehiclenameanimgroup_m551_P000_Q3.block
0x3B7D1650,path,blocks\VZ\resident_P000_Q3.block
0x3B85E727,lineregion,blocks\VZ\resident_P000_Q3.block
0x3B892080,animation,blocks\VZ\resident_P000_Q3.block
0x3B8F79E0,lineregion,blocks\VZ\resident_P000_Q3.block
0x3B8FCC4A,path,blocks\VZ\resident_P000_Q3.block
0x3B91FFC7,animation,blocks\VZ\vehicleclassanimgroup_truckmid_P000_Q3.block
0x3B9F7DC6,terrainmesh,blocks\VZ\c30052_P000_Q3.block
0x3BA33E65,animation,blocks\VZ\vehiclenameanimgroup_alouette3_P000_Q3.block
0x3BA5BC1C,path,blocks\VZ\resident_P000_Q3.block
0x3BABA6F7,path,blocks\VZ\resident_P000_Q3.block
0x3BABBB5C,path,blocks\VZ\resident_P000_Q3.block
0x3BADDE0E,lowresterrain,blocks\VZ\low_res_terrain_P000_Q3.block
0x3BB87E2E,path,blocks\VZ\resident_P000_Q3.block
0x3BC0F307,animation,blocks\VZ\characternameanimgroup_chris_P000_Q3.block
0x3BD08B51,model,blocks\VZ\c31207_P000_Q3.block
0x3BD4E85F,path,blocks\VZ\resident_P000_Q3.block
0x3BD642AF,model,blocks\VZ\effects_P000_Q3.block
0x3BDD4C04,path,blocks\VZ\resident_P000_Q3.block
0x3BE18D53,path,blocks\VZ\resident_P000_Q3.block
0x3BE1B93C,animation,blocks\VZ\resident_P000_Q3.block
0x3BE1C932,path,blocks\VZ\resident_P000_Q3.block
0x3BE58112,texture,blocks\Shell\scaleform_shell_P000_Q3.block
0x3BE8F4F7,animation,blocks\VZ\vehiclenameanimgroup_mi35_P000_Q3.block
0x3BEFE71E,path,blocks\VZ\resident_P000_Q3.block
0x3BF142FB,path,blocks\VZ\resident_P000_Q3.block
0x3BF38129,path,blocks\VZ\resident_P000_Q3.block
0x3BF39F7E,animation,blocks\VZ\vehiclenameanimgroup_ah1z_P000_Q3.block
0x3BF586DF,texture,blocks\Shell\scaleform_shell_P000_Q3.block
0x3BF910C0,path,blocks\VZ\resident_P000_Q3.block
0x3BF93289,lineregion,blocks\VZ\resident_P000_Q3.block
0x3BFD2E46,animation,blocks\VZ\vehiclenameanimgroup_ridgeline_P000_Q3.block
0x3BFE6A87,scrub,blocks\VZ\c30713_P000_Q3.block
0x3C018B20,animation,blocks\VZ\characternameanimgroup_mattias_P000_Q3.block
0x3C03EE99,path,blocks\VZ\resident_P000_Q3.block
0x3C044665,animation,blocks\VZ\vehiclenameanimgroup_mi35_P000_Q3.block
0x3C08207C,path,blocks\VZ\resident_P000_Q3.block
0x3C0E0879,path,blocks\VZ\resident_P000_Q3.block
0x3C1766B3,animation,blocks\VZ\characternameanimgroup_jennifer_P000_Q3.block
0x3C18F512,animation,blocks\VZ\vehiclenameanimgroup_stingray_P000_Q3.block
0x3C208727,animation,blocks\VZ\characternameanimgroup_jennifer_P000_Q3.block
0x3C24F0CB,path,blocks\VZ\resident_P000_Q3.block
0x3C27EEB9,animation,blocks\VZ\resident_P000_Q3.block
0x3C2A372A,path,blocks\VZ\resident_P000_Q3.block
0x3C2A4D3F,animation,blocks\VZ\vehiclenameanimgroup_stingray_P000_Q3.block
0x3C3AC30E,wavebank,blocks\English\vo_solanoahj.english_P000_Q3.block
0x3C3D0666,model,blocks\VZ\c33296_P000_Q3.block
0x3C42DD76,lowresterrain,blocks\VZ\low_res_terrain_P000_Q3.block
0x3C4E59E2,animation,blocks\VZ\characternameanimgroup_soldier_P000_Q3.block
0x3C524E97,lineregion,blocks\VZ\resident_P000_Q3.block
0x3C552440,scrub,blocks\VZ\c30100_P000_Q3.block
0x3C61B5A1,path,blocks\VZ\resident_P000_Q3.block
0x3C735396,animation,blocks\VZ\resident_P000_Q3.block
0x3C744A1A,texture,blocks\Shell\scaleform_shell_P000_Q3.block
0x3C7DFBDF,lineregion,blocks\VZ\resident_P000_Q3.block
0x3C7E04BD,path,blocks\VZ\resident_P000_Q3.block
0x3C868E97,soundbank;sounddb,blocks\English\vo_resident_P000_Q3.block
0x3C871CFF,lineregion,blocks\VZ\resident_P000_Q3.block
0x3C8E8B81,path,blocks\VZ\resident_P000_Q3.block
0x3C957155,path,blocks\VZ\resident_P000_Q3.block
0x3C9A5987,model,blocks\VZ\c31090_P000_Q3.block
0x3C9E6655,animation,blocks\VZ\vehiclenameanimgroup_mh53j_P000_Q3.block
0x3CA43D54,path,blocks\VZ\resident_P000_Q3.block
0x3CAC093D,terrainmesh,blocks\VZ\c30071_P000_Q3.block
0x3CAC72AB,model,blocks\VZ\c31180_P000_Q3.block
0x3CACED75,scrub,blocks\VZ\c30713_P000_Q3.block
0x3CAEB2D4,animation,blocks\VZ\characternameanimgroup_soldier_P000_Q3.block
0x3CB07966,path,blocks\VZ\resident_P000_Q3.block
0x3CB55D06,animation,blocks\VZ\characternameanimgroup_mattias_P000_Q3.block
0x3CBAE191,path,blocks\VZ\resident_P000_Q3.block
0x3CC34BA0,scaleformgfx,blocks\Shell\resident_P000_Q3.block;blocks\VZ\resident_P000_Q3.block
0x3CC3B4CA,path,blocks\VZ\resident_P000_Q3.block
0x3CC66142,texture,blocks\Shell\scaleform_shell_P000_Q3.block
0x3CCE1607,animation,blocks\VZ\characternameanimgroup_mattias_P000_Q3.block
0x3CE56891,path,blocks\VZ\resident_P000_Q3.block
0x3CE61334,path,blocks\VZ\resident_P000_Q3.block
0x3CF01969,model,blocks\VZ\c30428_P000_Q3.block
0x3D0A899B,lineregion,blocks\VZ\resident_P000_Q3.block
0x3D11DEA1,animation,blocks\VZ\vehiclenameanimgroup_ka29b_P000_Q3.block
0x3D120CFD,path,blocks\VZ\resident_P000_Q3.block
0x3D18B0CD,path,blocks\VZ\resident_P000_Q3.block
0x3D2D9B82,path,blocks\VZ\resident_P000_Q3.block
0x3D32632C,path,blocks\VZ\resident_P000_Q3.block
0x3D38AEAB,texture,blocks\Shell\scaleform_shell_P000_Q3.block
0x3D430F4C,animation,blocks\VZ\resident_P000_Q3.block
0x3D43396B,terrainmesh,blocks\VZ\c31504_P000_Q3.block
0x3D50E160,animation,blocks\VZ\vehiclenameanimgroup_cigarette_P000_Q3.block
0x3D705C3C,path,blocks\VZ\resident_P000_Q3.block
0x3D70839B,path,blocks\VZ\resident_P000_Q3.block
0x3D733734,path,blocks\VZ\resident_P000_Q3.block
0x3D77D587,lowresterrain,blocks\VZ\low_res_terrain_P000_Q3.block
0x3D7885AF,animation,blocks\VZ\vehiclenameanimgroup_md500_P000_Q3.block
0x3D7F1B02,path,blocks\VZ\resident_P000_Q3.block
0x3D85279E,terrainmesh,blocks\VZ\c31424_P000_Q3.block
0x3D8BE701,path,blocks\VZ\resident_P000_Q3.block
0x3D953040,path,blocks\VZ\resident_P000_Q3.block
0x3D9BA17B,animation,blocks\VZ\vehicleclassanimgroup_autolargeb_P000_Q3.block
0x3DA805FC,scrub,blocks\VZ\c30440_P000_Q3.block
0x3DAFA14C,path,blocks\VZ\resident_P000_Q3.block
0x3DBCA9CC,animation,blocks\VZ\vehiclenameanimgroup_m1a2_P000_Q3.block
0x3DBEA72B,path,blocks\VZ\resident_P000_Q3.block
0x3DC03D64,scrub,blocks\VZ\c31191_P000_Q3.block
0x3DCD4769,animation,blocks\VZ\vehiclenameanimgroup_mi35solano_P000_Q3.block
0x3DD8EABD,path,blocks\VZ\resident_P000_Q3.block
0x3DDF116C,effect,blocks\VZ\effects_P000_Q3.block
0x3DE54EC5,animation,blocks\VZ\vehicleclassanimgroup_monstertruck_P000_Q3.block
0x3DEC08A3,animation,blocks\VZ\vehiclenameanimgroup_nglv_P000_Q3.block
0x3DEEFC13,animation,blocks\VZ\vehiclenameanimgroup_pgz95_P000_Q3.block
0x3DF00F5D,scrub,blocks\VZ\c31277_P000_Q3.block
0x3DF55702,terrainmesh,blocks\VZ\c31014_P000_Q3.block
0x3DFD7C03,animation,blocks\VZ\vehiclenameanimgroup_zbd2000_P000_Q3.block
0x3DFDD44B,animation,blocks\VZ\resident_P000_Q3.block
0x3E0591B1,path,blocks\VZ\resident_P000_Q3.block
0x3E0662AA,lineregion,blocks\VZ\resident_P000_Q3.block
0x3E068A34,path,blocks\VZ\resident_P000_Q3.block
0x3E071DE7,lowresterrain,blocks\VZ\low_res_terrain_P000_Q3.block
0x3E0A92F2,animation,blocks\VZ\resident_P000_Q3.block
0x3E0B0762,path,blocks\VZ\resident_P000_Q3.block
0x3E101B14,animation,blocks\VZ\vehiclenameanimgroup_dragster_P000_Q3.block
0x3E19B8C3,animation,blocks\VZ\vehiclenameanimgroup_mi35solano_P000_Q3.block
0x3E1C5AF7,animation,blocks\VZ\vehiclenameanimgroup_huey_P000_Q3.block
0x3E1F0627,animation,blocks\VZ\characternameanimgroup_chris_P000_Q3.block
0x3E220427,animation,blocks\VZ\vehiclenameanimgroup_quid50_P000_Q3.block
0x3E2AD56A,animation,blocks\VZ\vehicleclassanimgroup_automedium_P000_Q3.block
0x3E2B6E5B,animation,blocks\VZ\vehiclenameanimgroup_dragster_P000_Q3.block
0x3E333BF3,path,blocks\VZ\resident_P000_Q3.block
0x3E3E1B6C,lineregion,blocks\VZ\resident_P000_Q3.block
0x3E4429FD,animation,blocks\VZ\vehiclenameanimgroup_turbosquid_P000_Q3.block
0x3E471F46,animation,blocks\VZ\vehiclenameanimgroup_markv_P000_Q3.block
0x3E4831B3,animation,blocks\VZ\vehiclenameanimgroup_stingray_P000_Q3.block
0x3E4ACC0A,path,blocks\VZ\resident_P000_Q3.block
0x3E4C3574,animation,blocks\VZ\vehiclenameanimgroup_piratea_P000_Q3.block
0x3E4E6912,animation,blocks\VZ\vehicleclassanimgroup_coinbinoculars_P000_Q3.block
0x3E50878F,animation,blocks\VZ\vehiclenameanimgroup_barco_P000_Q3.block
0x3E5266F0,scrub,blocks\VZ\c31402_P000_Q3.block
0x3E5640AE,path,blocks\VZ\resident_P000_Q3.block
0x3E57CFA1,path,blocks\VZ\resident_P000_Q3.block
0x3E5F2EEC,path,blocks\VZ\resident_P000_Q3.block
0x3E64E522,animation,blocks\VZ\vehiclenameanimgroup_mi35solano_P000_Q3.block
0x3E67FA42,path,blocks\VZ\resident_P000_Q3.block
0x3E75CA5F,effect,blocks\VZ\effects_P000_Q3.block
0x3E7BCE33,animation,blocks\VZ\vehiclenameanimgroup_scooter_P000_Q3.block
0x3E84C261,path,blocks\VZ\resident_P000_Q3.block
0x3EA50337,path,blocks\VZ\resident_P000_Q3.block
0x3EA53FE9,path,blocks\VZ\resident_P000_Q3.block
0x3EA60013,animation,blocks\VZ\vehiclenameanimgroup_swamp_P000_Q3.block
0x3EAE35FF,texture,blocks\Shell\scaleform_shell_P000_Q3.block
0x3EB20177,path,blocks\VZ\resident_P000_Q3.block
0x3EB69789,scrub,blocks\VZ\c30922_P000_Q3.block
0x3EB87B68,lowresterrain,blocks\VZ\low_res_terrain_P000_Q3.block
0x3EBA4029,animation,blocks\VZ\vehiclenameanimgroup_saltonsea_P000_Q3.block
0x3EBBBB21,animation,blocks\VZ\vehiclenameanimgroup_ah1z_P000_Q3.block
0x3ECC567E,lineregion,blocks\VZ\resident_P000_Q3.block
0x3ED738E8,path,blocks\VZ\resident_P000_Q3.block
0x3ED878FB,animation,blocks\VZ\vehiclenameanimgroup_armwrestle_P000_Q3.block
0x3EDCFC0D,texture,blocks\Shell\scaleform_shell_P000_Q3.block
0x3EDF25C6,path,blocks\VZ\resident_P000_Q3.block
0x3EEC1841,path,blocks\VZ\resident_P000_Q3.block
0x3EEFBB4D,terrainmesh,blocks\VZ\c30764_P000_Q3.block
0x3EF2D656,animation,blocks\VZ\resident_P000_Q3.block
0x3EF3DCD7,lineregion,blocks\VZ\resident_P000_Q3.block
0x3EF8D947,path,blocks\VZ\resident_P000_Q3.block
0x3EFD5675,path,blocks\VZ\resident_P000_Q3.block
0x3EFF38D6,texture,blocks\Shell\scaleform_shell_P000_Q3.block
0x3EFF5F5B,animation,blocks\VZ\characternameanimgroup_chris_P000_Q3.block
0x3F043FF0,path,blocks\VZ\resident_P000_Q3.block
0x3F06AB89,lineregion,blocks\VZ\resident_P000_Q3.block
0x3F06FD04,lineregion,blocks\VZ\resident_P000_Q3.block
0x3F071DA5,path,blocks\VZ\resident_P000_Q3.block
0x3F079971,animation,blocks\VZ\vehiclenameanimgroup_mi35_P000_Q3.block
0x3F0CF613,animation,blocks\VZ\vehiclenameanimgroup_zbd2000_P000_Q3.block
0x3F1A3341,lineregion,blocks\VZ\resident_P000_Q3.block
0x3F1E87D2,lowresterrain,blocks\VZ\low_res_terrain_P000_Q3.block
0x3F1EE078,animation,blocks\VZ\resident_P000_Q3.block
0x3F24E824,path,blocks\VZ\resident_P000_Q3.block
0x3F26E2B8,animation,blocks\VZ\vehiclenameanimgroup_scorpion90_P000_Q3.block
0x3F2F85E2,model,blocks\VZ\c32473_P000_Q3.block
0x3F32749E,scrub,blocks\VZ\c30441_P000_Q3.block
0x3F33C191,path,blocks\VZ\resident_P000_Q3.block
0x3F40AFC1,animation,blocks\VZ\vehicleclassanimgroup_autosmall_P000_Q3.block
0x3F410B4B,model,blocks\VZ\c30377_P000_Q3.block
0x3F44ABD5,scrub,blocks\VZ\c31374_P000_Q3.block
0x3F458879,model,blocks\VZ\c30377_P000_Q3.block
0x3F4C103B,path,blocks\VZ\resident_P000_Q3.block
0x3F4FA6DF,model;path,blocks\VZ\c30503_P000_Q3.block;blocks\VZ\resident_P000_Q3.block
0x3F533247,path,blocks\VZ\resident_P000_Q3.block
0x3F57AF75,path,blocks\VZ\resident_P000_Q3.block
0x3F5B0144,lowresterrain,blocks\VZ\low_res_terrain_P000_Q3.block
0x3F5CD3A3,animation,blocks\VZ\vehicleclassanimgroup_truckmid_P000_Q3.block
0x3F5F71CC,path,blocks\VZ\resident_P000_Q3.block
0x3F63DBA7,scrub,blocks\VZ\c31354_P000_Q3.block
0x3F64A225,model,blocks\VZ\effects_P000_Q3.block
0x3F684982,animation,blocks\VZ\characternameanimgroup_soldier_P000_Q3.block
0x3F6C28F3,animation,blocks\VZ\resident_P000_Q3.block
0x3F83D8B2,scrub,blocks\VZ\c30080_P000_Q3.block
0x3F845392,animation,blocks\VZ\characternameanimgroup_jennifer_P000_Q3.block
0x3F852025,animation,blocks\VZ\resident_P000_Q3.block
0x3F87BD2D,lineregion,blocks\VZ\resident_P000_Q3.block
0x3F87D2DB,effect,blocks\VZ\effects_P000_Q3.block
0x3F87E223,animation,blocks\VZ\vehiclenameanimgroup_md500_P000_Q3.block
0x3F96A7DC,animation,blocks\VZ\vehicleclassanimgroup_truckmid_P000_Q3.block
0x3F980BC2,path,blocks\VZ\resident_P000_Q3.block
0x3FA7FA5E,animation,blocks\VZ\resident_P000_Q3.block
0x3FB2BA1C,animation,blocks\VZ\vehiclenameanimgroup_m2a3_P000_Q3.block
0x3FB2FACE,lineregion,blocks\VZ\resident_P000_Q3.block
0x3FB5055C,path,blocks\VZ\resident_P000_Q3.block
0x3FB61B82,model,blocks\VZ\effects_P000_Q3.block
0x3FB7B904,path,blocks\VZ\resident_P000_Q3.block
0x3FBC94FA,path,blocks\VZ\resident_P000_Q3.block
0x3FBE52A2,path,blocks\VZ\resident_P000_Q3.block
0x3FC0614B,path,blocks\VZ\resident_P000_Q3.block
0x3FC4DE79,path,blocks\VZ\resident_P000_Q3.block
0x3FC9ECB5,effect,blocks\VZ\effects_P000_Q3.block
0x3FD1226E,texture,blocks\Shell\scaleform_shell_P000_Q3.block
0x3FD3FC76,terrainmesh,blocks\VZ\c30160_P000_Q3.block
0x3FD7D953,path,blocks\VZ\resident_P000_Q3.block
0x3FDF9C5D,path,blocks\VZ\resident_P000_Q3.block
0x3FE09982,lineregion,blocks\VZ\resident_P000_Q3.block
0x3FE1C432,effect,blocks\VZ\effects_P000_Q3.block
0x3FEAF9B3,lowresterrain,blocks\VZ\low_res_terrain_P000_Q3.block
0x40059931,effect,blocks\VZ\effects_P000_Q3.block
0x400621CC,path,blocks\VZ\resident_P000_Q3.block
0x40063652,font,blocks\Shell\french_P000_Q3.block
0x400CB281,animation,blocks\VZ\vehiclenameanimgroup_huey_P000_Q3.block
0x400CB578,path,blocks\VZ\resident_P000_Q3.block
0x401132A6,path,blocks\VZ\resident_P000_Q3.block
0x40148ED7,animation,blocks\VZ\vehiclenameanimgroup_amx30_P000_Q3.block
0x401D8A71,path,blocks\VZ\resident_P000_Q3.block
0x4026056F,animation,blocks\VZ\vehicleclassanimgroup_autolargec_P000_Q3.block
0x402BA570,animation,blocks\VZ\characternameanimgroup_soldier_P000_Q3.block
0x4033BCCB,animation,blocks\VZ\vehicleclassanimgroup_jetski_P000_Q3.block
0x40464EBA,animation,blocks\VZ\vehiclenameanimgroup_laviii_P000_Q3.block
0x4048058A,scrub,blocks\VZ\c30428_P000_Q3.block
0x404CE7AE,lowresterrain,blocks\VZ\low_res_terrain_P000_Q3.block
0x405480C9,path,blocks\VZ\resident_P000_Q3.block
0x4056507D,soundbank;sounddb;wavebank,blocks\English\vo_oilcon002.english_P000_Q3.block
0x405D4C9E,terrainmesh,blocks\VZ\c30440_P000_Q3.block
0x4067F655,path,blocks\VZ\resident_P000_Q3.block
0x406FA379,scrub,blocks\VZ\c30904_P000_Q3.block
0x407007FD,animation,blocks\VZ\vehiclenameanimgroup_wz10_P000_Q3.block
0x40725508,animation,blocks\VZ\resident_P000_Q3.block
0x408200BB,lowresterrain,blocks\VZ\low_res_terrain_P000_Q3.block
0x40849ACE,path,blocks\VZ\resident_P000_Q3.block
0x4084B584,lineregion,blocks\VZ\resident_P000_Q3.block
0x40862D71,path,blocks\VZ\resident_P000_Q3.block
0x40896C32,path,blocks\VZ\resident_P000_Q3.block
0x40957B4B,animation,blocks\VZ\vehiclenameanimgroup_mercsbar_P000_Q3.block
0x4096DCB1,animation,blocks\VZ\vehiclenameanimgroup_dinghy_P000_Q3.block
0x40A72D10,path,blocks\VZ\resident_P000_Q3.block
0x40AB6698,path,blocks\VZ\resident_P000_Q3.block
0x40ADCDC1,animation,blocks\VZ\vehiclenameanimgroup_scorpiondpv_P000_Q3.block
0x40B49741,scrub,blocks\VZ\c30795_P000_Q3.block
0x40B76648,path,blocks\VZ\resident_P000_Q3.block
0x40BD01C0,terrainmesh,blocks\VZ\c30239_P000_Q3.block
0x40C21352,terrainmesh,blocks\VZ\c31107_P000_Q3.block
0x40CCD636,path,blocks\VZ\resident_P000_Q3.block
0x40CE59ED,path,blocks\VZ\resident_P000_Q3.block
0x40CE6815,animation,blocks\VZ\vehiclenameanimgroup_m1a2_P000_Q3.block
0x40D1C9E8,animation,blocks\VZ\vehicleclassanimgroup_hmmwv_P000_Q3.block
0x40E3D0C2,path,blocks\VZ\resident_P000_Q3.block
0x40E741BA,path,blocks\VZ\resident_P000_Q3.block
0x40F43CFC,path,blocks\VZ\resident_P000_Q3.block
0x41022EC7,path,blocks\VZ\resident_P000_Q3.block
0x410682D2,path,blocks\VZ\resident_P000_Q3.block
0x410C6097,path,blocks\VZ\resident_P000_Q3.block
0x410F0C65,scrub,blocks\VZ\c30358_P000_Q3.block
0x4110DDC5,path,blocks\VZ\resident_P000_Q3.block
0x41134067,scrub,blocks\VZ\c31424_P000_Q3.block
0x41170496,animation,blocks\VZ\resident_P000_Q3.block
0x4121F7F4,model,blocks\VZ\c30226_P000_Q3.block
0x41281822,animation,blocks\VZ\vehiclenameanimgroup_amx30_P000_Q3.block
0x41283C1A,path,blocks\VZ\resident_P000_Q3.block
0x41289C02,animation,blocks\VZ\vehiclenameanimgroup_mattiaschopper_P000_Q3.block
0x4129CD77,animation,blocks\VZ\vehiclenameanimgroup_alouette3_P000_Q3.block
0x4131B73D,path,blocks\VZ\resident_P000_Q3.block
0x4133E849,animation,blocks\VZ\characternameanimgroup_chris_P000_Q3.block
0x4139C192,path,blocks\VZ\resident_P000_Q3.block
0x41448AE6,lowresterrain,blocks\VZ\low_res_terrain_P000_Q3.block
0x4147CE8D,animation,blocks\VZ\vehiclenameanimgroup_saltonsea_P000_Q3.block
0x414D494A,path,blocks\VZ\resident_P000_Q3.block
0x41536865,path,blocks\VZ\resident_P000_Q3.block
0x41609666,animation,blocks\VZ\vehiclenameanimgroup_dragster_P000_Q3.block
0x416D7BF0,scrub,blocks\VZ\c30303_P000_Q3.block
0x416F5D30,animation,blocks\VZ\vehiclenameanimgroup_alouette3_P000_Q3.block
0x41703DA4,animation,blocks\VZ\characternameanimgroup_soldier_P000_Q3.block
0x4170F4DD,texture,blocks\Shell\spanish_P000_Q3.block
0x41744886,path,blocks\VZ\resident_P000_Q3.block
0x41797470,lineregion,blocks\VZ\resident_P000_Q3.block
0x417C9D6E,scrub,blocks\VZ\c30073_P000_Q3.block
0x417CC9B4,path,blocks\VZ\resident_P000_Q3.block
0x417FAE17,lineregion,blocks\VZ\resident_P000_Q3.block
0x418146E2,path,blocks\VZ\resident_P000_Q3.block
0x4183EFEB,scrub,blocks\VZ\c30442_P000_Q3.block
0x41864CF3,lineregion,blocks\VZ\resident_P000_Q3.block
0x418998A4,path,blocks\VZ\resident_P000_Q3.block
0x418B79A8,path,blocks\VZ\resident_P000_Q3.block
0x418D635B,path,blocks\VZ\resident_P000_Q3.block
0x4193CC63,path,blocks\VZ\resident_P000_Q3.block
0x41988B00,effect,blocks\VZ\effects_P000_Q3.block
0x41A53B42,scrub,blocks\VZ\c30160_P000_Q3.block
0x41AA4501,animation,blocks\VZ\vehiclenameanimgroup_zbd2000_P000_Q3.block
0x41ABF93F,lineregion,blocks\VZ\resident_P000_Q3.block
0x41B15F97,path,blocks\VZ\resident_P000_Q3.block
0x41B4326E,effect,blocks\VZ\effects_P000_Q3.block
0x41BCA02F,animation,blocks\VZ\vehiclenameanimgroup_alouette3_P000_Q3.block
0x41BDBE6D,animation,blocks\VZ\vehicleclassanimgroup_drinkingfountain_P000_Q3.block
0x41C483C1,animation,blocks\VZ\vehiclenameanimgroup_mh53j_P000_Q3.block
0x41C50527,animation,blocks\VZ\vehiclenameanimgroup_impact_P000_Q3.block
0x41D06530,animation,blocks\VZ\vehiclenameanimgroup_mi35_P000_Q3.block
0x41D67EED,path,blocks\VZ\resident_P000_Q3.block
0x41D7AC6F,model,blocks\VZ\c31109_P000_Q3.block
0x41DC7A57,path,blocks\VZ\resident_P000_Q3.block
0x41DCD949,terrainmesh,blocks\VZ\c31062_P000_Q3.block
0x41DF7E5D,animation,blocks\VZ\vehiclenameanimgroup_scorpiondpv_P000_Q3.block
0x41E6ABCB,terrainmesh,blocks\VZ\c31494_P000_Q3.block
0x41ECA460,path,blocks\VZ\resident_P000_Q3.block
0x420113B9,path,blocks\VZ\resident_P000_Q3.block
0x4210960B,animation,blocks\VZ\resident_P000_Q3.block
0x4210BDEC,animation,blocks\VZ\vehiclenameanimgroup_huangfeng_P000_Q3.block
0x4212F0E5,path,blocks\VZ\resident_P000_Q3.block
0x4214C141,path,blocks\VZ\resident_P000_Q3.block
0x4215FC79,animation,blocks\VZ\characternameanimgroup_mattias_P000_Q3.block
0x4223B383,animation,blocks\VZ\resident_P000_Q3.block
0x42247B7F,model,blocks\VZ\c39998_P000_Q3.block
0x422D1676,path,blocks\VZ\resident_P000_Q3.block
0x42308C32,scrub,blocks\VZ\c30292_P000_Q3.block
0x423427CF,animation,blocks\VZ\vehiclenameanimgroup_saltonsea_P000_Q3.block
0x42357AD4,animation,blocks\VZ\vehiclenameanimgroup_vanquish_P000_Q3.block
0x423D8B74,path,blocks\VZ\resident_P000_Q3.block
0x423DCDCB,path,blocks\VZ\resident_P000_Q3.block
0x423F6CF1,model,blocks\VZ\c39998_P000_Q3.block
0x4240524C,path,blocks\VZ\resident_P000_Q3.block
0x4241BB6E,terrainmesh,blocks\VZ\c31377_P000_Q3.block
0x4241D524,animation,blocks\VZ\vehiclenameanimgroup_ah1z_P000_Q3.block
0x424208A2,path,blocks\VZ\resident_P000_Q3.block
0x42553235,animation,blocks\VZ\characternameanimgroup_jennifer_P000_Q3.block
0x425ADB79,animation,blocks\VZ\vehicleclassanimgroup_automedium_P000_Q3.block
0x425B17CB,effect,blocks\VZ\effects_P000_Q3.block
0x425E37B5,path,blocks\VZ\resident_P000_Q3.block
0x425F7B6E,model,blocks\VZ\c30790_P000_Q3.block
0x4267DBE0,path,blocks\VZ\resident_P000_Q3.block
0x426B8329,lineregion,blocks\VZ\resident_P000_Q3.block
0x426F5F40,path,blocks\VZ\resident_P000_Q3.block
0x4276A142,path,blocks\VZ\resident_P000_Q3.block
0x427FF564,animation,blocks\VZ\vehiclenameanimgroup_alouette3_P000_Q3.block
0x428BAFAA,texture,blocks\Shell\scaleform_shell_P000_Q3.block
0x428C565C,path,blocks\VZ\resident_P000_Q3.block
0x428FA9BA,lowresterrain,blocks\VZ\low_res_terrain_P000_Q3.block
0x428FAF21,animation,blocks\VZ\vehiclenameanimgroup_ztz98_P000_Q3.block
0x42943C81,path,blocks\VZ\resident_P000_Q3.block
0x42A05C92,texture,blocks\Shell\scaleform_shell_P000_Q3.block
0x42A2AF01,scrub,blocks\VZ\c30813_P000_Q3.block
0x42A2B320,model,blocks\VZ\c31031_P000_Q3.block
0x42A4D9E8,terrainmesh,blocks\VZ\c30642_P000_Q3.block
0x42A58AF7,path,blocks\VZ\resident_P000_Q3.block
0x42B3E44A,texture,blocks\Shell\scaleform_shell_P000_Q3.block
0x42B5ECD3,animation,blocks\VZ\resident_P000_Q3.block
0x42B716AA,animation,blocks\VZ\characternameanimgroup_chris_P000_Q3.block
0x42B8AC6C,path,blocks\VZ\resident_P000_Q3.block
0x42C30F0E,path,blocks\VZ\resident_P000_Q3.block
0x42C5A5E6,animation,blocks\VZ\vehicleclassanimgroup_autolargec_P000_Q3.block
0x42C5DEEA,animation,blocks\VZ\characternameanimgroup_chris_P000_Q3.block
0x42C88373,animation,blocks\VZ\resident_P000_Q3.block
0x42CAA801,path,blocks\VZ\resident_P000_Q3.block
0x42CDD243,animation,blocks\VZ\vehiclenameanimgroup_ka29b_P000_Q3.block
0x42CF9DBA,lineregion,blocks\VZ\resident_P000_Q3.block
0x42D81330,path,blocks\VZ\resident_P000_Q3.block
0x42E3336C,path,blocks\VZ\resident_P000_Q3.block
0x42E4D028,animation,blocks\VZ\characternameanimgroup_jennifer_P000_Q3.block
0x42E545BB,path,blocks\VZ\resident_P000_Q3.block
0x42E55C9F,path,blocks\VZ\resident_P000_Q3.block
0x42ECC6C7,scrub,blocks\VZ\c30102_P000_Q3.block
0x42FA3ECF,animation,blocks\VZ\characternameanimgroup_chris_P000_Q3.block
0x42FEA6F0,path,blocks\VZ\resident_P000_Q3.block
0x4305DDBC,path,blocks\VZ\resident_P000_Q3.block
0x4306CC20,path,blocks\VZ\resident_P000_Q3.block
0x430A3197,animation,blocks\VZ\vehicleclassanimgroup_truckmid_P000_Q3.block
0x4314E98E,animation,blocks\VZ\vehiclenameanimgroup_m151_P000_Q3.block
0x4317A3C5,animation,blocks\VZ\vehiclenameanimgroup_tow_P000_Q3.block
0x4318FEA2,animation,blocks\VZ\vehiclenameanimgroup_ka29b_P000_Q3.block
0x4322F432,animation,blocks\VZ\resident_P000_Q3.block
0x432A70DA,path,blocks\VZ\resident_P000_Q3.block
0x4336AEF3,animation,blocks\VZ\vehiclenameanimgroup_vanquish_P000_Q3.block
0x433DFA92,animation,blocks\VZ\vehicleclassanimgroup_hmmwv_P000_Q3.block
0x433F3EB2,lineregion,blocks\VZ\resident_P000_Q3.block
0x4341A457,animation,blocks\VZ\vehicleclassanimgroup_jetski_P000_Q3.block
0x434E9EB8,animation,blocks\VZ\vehicleclassanimgroup_autolargec_P000_Q3.block
0x435CFE98,path,blocks\VZ\resident_P000_Q3.block
0x436256ED,animation,blocks\VZ\vehiclenameanimgroup_huey_P000_Q3.block
0x43747866,path,blocks\VZ\resident_P000_Q3.block
0x438BECFC,model,blocks\VZ\resident2_P000_Q3.block
0x43906E44,animation,blocks\VZ\vehiclenameanimgroup_ka29b_P000_Q3.block
0x439198B6,animation,blocks\VZ\vehiclenameanimgroup_ah1z_P000_Q3.block
0x439ACC5A,path,blocks\VZ\resident_P000_Q3.block
0x439D3C78,animation,blocks\VZ\resident_P000_Q3.block
0x43ACCD27,animation,blocks\VZ\vehiclenameanimgroup_fishing_P000_Q3.block
0x43B22667,animation,blocks\VZ\vehicleclassanimgroup_automedium_P000_Q3.block
0x43B896E3,path,blocks\VZ\resident_P000_Q3.block
0x43BCE744,animation,blocks\VZ\vehiclenameanimgroup_mi26_P000_Q3.block
0x43C0B891,animation,blocks\VZ\characternameanimgroup_jennifer_P000_Q3.block
0x43CDAB0A,animation,blocks\VZ\vehiclenameanimgroup_m551_P000_Q3.block
0x43CED59F,animation,blocks\VZ\resident_P000_Q3.block
0x43D02F15,path,blocks\VZ\resident_P000_Q3.block
0x43D07C2B,path,blocks\VZ\resident_P000_Q3.block
0x43D5C8A8,path,blocks\VZ\resident_P000_Q3.block
0x43DB4980,path,blocks\VZ\resident_P000_Q3.block
0x43EB5B13,scrub,blocks\VZ\c31107_P000_Q3.block
0x43F1DF73,path,blocks\VZ\resident_P000_Q3.block
0x43F4A02A,path,blocks\VZ\resident_P000_Q3.block
0x43F7647E,animation,blocks\VZ\vehiclenameanimgroup_aa_P000_Q3.block
0x44063E3E,path,blocks\VZ\resident_P000_Q3.block
0x4408F99A,path,blocks\VZ\resident_P000_Q3.block
0x4416CD1C,soundbank;sounddb,blocks\English\vo_resident_P000_Q3.block
0x44180FBA,animation,blocks\VZ\vehiclenameanimgroup_huey_P000_Q3.block
0x4427F1AC,scrub,blocks\VZ\c30501_P000_Q3.block
0x44328D78,animation,blocks\VZ\vehiclenameanimgroup_mi35solano_P000_Q3.block
0x443366EE,animation,blocks\VZ\vehicleclassanimgroup_autosmall_P000_Q3.block
0x443F2685,animation,blocks\VZ\vehiclenameanimgroup_ah1z_P000_Q3.block
0x44413E53,path,blocks\VZ\resident_P000_Q3.block
0x4445CF21,path,blocks\VZ\resident_P000_Q3.block
0x444D2165,path,blocks\VZ\resident_P000_Q3.block
0x444E70F7,animation,blocks\VZ\characternameanimgroup_mattias_P000_Q3.block
0x445B1313,path,blocks\VZ\resident_P000_Q3.block
0x4471B506,path,blocks\VZ\resident_P000_Q3.block
0x4477AEC3,animation,blocks\VZ\vehiclenameanimgroup_ah1z_P000_Q3.block
0x447FB8E9,animation,blocks\VZ\resident_P000_Q3.block
0x4481B54B,lineregion,blocks\VZ\resident_P000_Q3.block
0x448B2445,animation,blocks\VZ\vehicleclassanimgroup_hmmwv_P000_Q3.block
0x4493AE93,animation,blocks\VZ\vehiclenameanimgroup_mh53j_P000_Q3.block
0x44974B40,path,blocks\VZ\resident_P000_Q3.block
0x449C8C0A,animation,blocks\VZ\vehiclenameanimgroup_alouette3_P000_Q3.block
0x449DA249,path,blocks\VZ\resident_P000_Q3.block
0x449E5939,path,blocks\VZ\resident_P000_Q3.block
0x449FB309,lineregion,blocks\VZ\resident_P000_Q3.block
0x449FCA7F,scrub,blocks\VZ\c30104_P000_Q3.block
0x44A28320,path,blocks\VZ\resident_P000_Q3.block
0x44A454BE,lowresterrain,blocks\VZ\low_res_terrain_P000_Q3.block
0x44A8896A,path,blocks\VZ\resident_P000_Q3.block
0x44B3281A,animation,blocks\VZ\resident_P000_Q3.block
0x44BE72DA,scrub,blocks\VZ\c30074_P000_Q3.block
0x44C242D6,scrub,blocks\VZ\c30303_P000_Q3.block
0x44C60669,terrainmesh,blocks\VZ\c30214_P000_Q3.block
0x44C7692D,path,blocks\VZ\resident_P000_Q3.block
0x44CA38FC,animation,blocks\VZ\resident_P000_Q3.block
0x44CC53D9,path,blocks\VZ\resident_P000_Q3.block
0x44CD5704,animation,blocks\VZ\resident_P000_Q3.block
0x44CDEBD5,scrub,blocks\VZ\c31466_P000_Q3.block
0x44CF808D,path,blocks\VZ\resident_P000_Q3.block
0x44D9F1BE,scrub,blocks\VZ\c30207_P000_Q3.block
0x44DBFB6B,animation,blocks\VZ\vehiclenameanimgroup_riflewindow_P000_Q3.block
0x44DFDB91,path,blocks\VZ\resident_P000_Q3.block
0x44EEE7E7,animation,blocks\VZ\resident_P000_Q3.block
0x44EFA44F,path,blocks\VZ\resident_P000_Q3.block
0x44F9507E,path,blocks\VZ\resident_P000_Q3.block
0x45011EBD,path,blocks\VZ\resident_P000_Q3.block
0x4504D018,texture,blocks\VZ\c33247_P000_Q3.block
0x4509772D,animation,blocks\VZ\characternameanimgroup_soldier_P000_Q3.block
0x450C1354,animation,blocks\VZ\resident_P000_Q3.block
0x450E2C13,lowresterrain,blocks\VZ\low_res_terrain_P000_Q3.block
0x4512ACD5,path,blocks\VZ\resident_P000_Q3.block
0x4514DE1F,terrainmesh,blocks\VZ\c30579_P000_Q3.block
0x4517FE1C,lineregion,blocks\VZ\resident_P000_Q3.block
0x452602DF,lowresterrain,blocks\VZ\low_res_terrain_P000_Q3.block
0x45267492,path,blocks\VZ\resident_P000_Q3.block
0x4526C14D,lowresterrain,blocks\VZ\low_res_terrain_P000_Q3.block
0x452B5D6F,path,blocks\VZ\resident_P000_Q3.block
0x45319548,path,blocks\VZ\resident_P000_Q3.block
0x45357D98,animation,blocks\VZ\vehiclenameanimgroup_dragster_P000_Q3.block
0x45386DB7,animation,blocks\VZ\resident_P000_Q3.block
0x453D1A5D,model,blocks\VZ\resident2_P000_Q3.block
0x4545E2C0,lowresterrain,blocks\VZ\low_res_terrain_P000_Q3.block
0x45466492,path,blocks\VZ\resident_P000_Q3.block
0x454F9B7E,lineregion,blocks\VZ\resident_P000_Q3.block
0x45515818,path,blocks\VZ\resident_P000_Q3.block
0x45521FB3,path,blocks\VZ\resident_P000_Q3.block
0x4553E634,path,blocks\VZ\resident_P000_Q3.block
0x45563C7E,path,blocks\VZ\resident_P000_Q3.block
0x4556D057,texture,blocks\Shell\scaleform_shell_P000_Q3.block
0x45586362,path,blocks\VZ\resident_P000_Q3.block
0x4558E1C5,texture,blocks\Shell\scaleform_shell_P000_Q3.block
0x45595C49,path,blocks\VZ\resident_P000_Q3.block
0x455E3B20,path,blocks\VZ\resident_P000_Q3.block
0x456017B3,path,blocks\VZ\resident_P000_Q3.block
0x456314FD,lineregion,blocks\VZ\resident_P000_Q3.block
0x456DC063,animation,blocks\VZ\vehiclenameanimgroup_fishing_P000_Q3.block
0x457378A4,animation,blocks\VZ\vehiclenameanimgroup_fishing_P000_Q3.block
0x457EBB29,scrub,blocks\VZ\c30714_P000_Q3.block
0x4580B2AE,path,blocks\VZ\resident_P000_Q3.block
0x4580C34E,animation,blocks\VZ\vehiclenameanimgroup_ochq_P000_Q3.block
0x45812C1A,scrub,blocks\VZ\c31424_P000_Q3.block
0x45825794,animation,blocks\VZ\vehiclenameanimgroup_pgz95_P000_Q3.block
0x4588A7C7,animation,blocks\VZ\vehiclenameanimgroup_cutter_P000_Q3.block
0x4598BC15,model,blocks\VZ\resident2_P000_Q3.block
0x459BF2B7,lowresterrain,blocks\VZ\low_res_terrain_P000_Q3.block
0x45A18830,path,blocks\VZ\resident_P000_Q3.block
0x45A6FAFA,animation,blocks\VZ\vehiclenameanimgroup_armwrestle_P000_Q3.block
0x45B7C7C1,lineregion,blocks\VZ\resident_P000_Q3.block
0x45C7E99D,model,blocks\VZ\c30603_P000_Q3.block
0x45C9D70D,path,blocks\VZ\resident_P000_Q3.block
0x45CC35FE,model,blocks\VZ\c30632_P000_Q3.block
0x45CECE38,path,blocks\VZ\resident_P000_Q3.block
0x45D34B66,path,blocks\VZ\resident_P000_Q3.block
0x45EA53C9,animation,blocks\VZ\vehiclenameanimgroup_amx30_P000_Q3.block
0x45F24B66,lineregion,blocks\VZ\resident_P000_Q3.block
0x45FDDDBD,animation,blocks\VZ\vehiclenameanimgroup_ka29b_P000_Q3.block
0x45FE2150,lineregion,blocks\VZ\resident_P000_Q3.block
0x4601F892,path,blocks\VZ\resident_P000_Q3.block
0x4603DF5C,animation,blocks\VZ\resident_P000_Q3.block
0x4606D921,animation,blocks\VZ\vehiclenameanimgroup_armrest_P000_Q3.block
0x460D1EAE,path,blocks\VZ\resident_P000_Q3.block
0x461948A2,path,blocks\VZ\resident_P000_Q3.block
0x461D28BB,path,blocks\VZ\resident_P000_Q3.block
0x4621EB56,animation,blocks\VZ\vehicleclassanimgroup_autosmall_P000_Q3.block
0x4622A4EE,scrub,blocks\VZ\c31520_P000_Q3.block
0x4627427F,lowresterrain,blocks\VZ\low_res_terrain_P000_Q3.block
0x462BBA38,path,blocks\VZ\resident_P000_Q3.block
0x463982F4,lineregion,blocks\VZ\resident_P000_Q3.block
0x463D2D42,effect,blocks\VZ\effects_P000_Q3.block
0x4648D1AF,path,blocks\VZ\resident_P000_Q3.block
0x46491FB7,lowresterrain,blocks\VZ\low_res_terrain_P000_Q3.block
0x464BEA6F,path,blocks\VZ\resident_P000_Q3.block
0x464C6C10,animation,blocks\VZ\vehicleclassanimgroup_monstertruck_P000_Q3.block
0x465AA998,path,blocks\VZ\resident_P000_Q3.block
0x46600731,terrainmesh,blocks\VZ\c31510_P000_Q3.block
0x46606F0B,path,blocks\VZ\resident_P000_Q3.block
0x467B39B8,animation,blocks\VZ\vehiclenameanimgroup_huey_P000_Q3.block
0x467E5676,terrainmesh,blocks\VZ\c30220_P000_Q3.block
0x468024A0,animation,blocks\VZ\resident_P000_Q3.block
0x468156EE,path,blocks\VZ\resident_P000_Q3.block
0x4681CC16,path,blocks\VZ\resident_P000_Q3.block
0x4681E45E,path,blocks\VZ\resident_P000_Q3.block
0x468B91B3,animation,blocks\VZ\vehiclenameanimgroup_dinghy_P000_Q3.block
0x4699D23D,animation,blocks\VZ\resident_P000_Q3.block
0x46A3C32A,lineregion,blocks\VZ\resident_P000_Q3.block
0x46A8E7B4,animation,blocks\VZ\characternameanimgroup_soldier_P000_Q3.block
0x46ACD42F,animation,blocks\VZ\resident_P000_Q3.block
0x46AD6AEC,path,blocks\VZ\resident_P000_Q3.block
0x46B037E0,animation,blocks\VZ\vehiclenameanimgroup_ah1z_P000_Q3.block
0x46B0C7F8,path,blocks\VZ\resident_P000_Q3.block
0x46BBB9C0,animation,blocks\VZ\vehiclenameanimgroup_md500_P000_Q3.block
0x46C10429,animation,blocks\VZ\vehiclenameanimgroup_wz10_P000_Q3.block
0x46C9958E,path,blocks\VZ\resident_P000_Q3.block
0x46CDA5AC,path,blocks\VZ\resident_P000_Q3.block
0x46D0BEEB,animation,blocks\VZ\resident_P000_Q3.block
0x46D493CF,path,blocks\VZ\resident_P000_Q3.block
0x46D59A0F,path,blocks\VZ\resident_P000_Q3.block
0x46DA1015,scrub,blocks\VZ\c31193_P000_Q3.block
0x46E3AF8C,path,blocks\VZ\resident_P000_Q3.block
0x46E7516E,lowresterrain,blocks\VZ\low_res_terrain_P000_Q3.block
0x46ED6F04,path,blocks\VZ\resident_P000_Q3.block
0x46F0F098,path,blocks\VZ\resident_P000_Q3.block
0x46F1EC32,path,blocks\VZ\resident_P000_Q3.block
0x46F79C70,animation,blocks\VZ\characternameanimgroup_mattias_P000_Q3.block
0x46FB3374,path,blocks\VZ\resident_P000_Q3.block
0x4701EF8E,path,blocks\VZ\resident_P000_Q3.block
0x4705E1CB,animation,blocks\VZ\vehicleclassanimgroup_monstertruck_P000_Q3.block
0x470B354F,lineregion,blocks\VZ\resident_P000_Q3.block
0x4715F892,path,blocks\VZ\resident_P000_Q3.block
0x47186F36,terrainmesh,blocks\VZ\c30630_P000_Q3.block
0x471BF730,animation,blocks\VZ\vehiclenameanimgroup_misha_P000_Q3.block
0x471C307D,lowresterrain,blocks\VZ\low_res_terrain_P000_Q3.block
0x471E6E31,animation,blocks\VZ\vehiclenameanimgroup_ztz63a_P000_Q3.block
0x47206FBB,lineregion,blocks\VZ\resident_P000_Q3.block
0x4726A292,path,blocks\VZ\resident_P000_Q3.block
0x472F11CA,scrub,blocks\VZ\c31282_P000_Q3.block
0x472FDB7B,animation,blocks\VZ\vehiclenameanimgroup_sportbike_P000_Q3.block
0x4731E17D,path,blocks\VZ\resident_P000_Q3.block
0x473717EF,lowresterrain,blocks\VZ\low_res_terrain_P000_Q3.block
0x4739AF4C,scrub,blocks\VZ\c30993_P000_Q3.block
0x4739CBA2,path,blocks\VZ\resident_P000_Q3.block
0x473BEB6E,animation,blocks\VZ\resident_P000_Q3.block
0x473E178A,path,blocks\VZ\resident_P000_Q3.block
0x474C0E4E,animation,blocks\VZ\vehicleclassanimgroup_monstertruck_P000_Q3.block
0x475047A8,path,blocks\VZ\resident_P000_Q3.block
0x475F7878,effect,blocks\VZ\effects_P000_Q3.block
0x475FA09C,terrainmesh,blocks\VZ\c31390_P000_Q3.block
0x4761451B,model,blocks\VZ\civ_hum_mechanic_P000_Q3.block
0x4766BF1D,lineregion,blocks\VZ\resident_P000_Q3.block
0x4768E8CC,path,blocks\VZ\resident_P000_Q3.block
0x476A6C4E,animation,blocks\VZ\characternameanimgroup_soldier_P000_Q3.block
0x476E9819,animation,blocks\VZ\vehiclenameanimgroup_armored bank truck_P000_Q3.block
0x476EAF15,path,blocks\VZ\resident_P000_Q3.block
0x477557E7,path,blocks\VZ\resident_P000_Q3.block
0x4785DF0F,lineregion,blocks\VZ\resident_P000_Q3.block
0x479210F7,path,blocks\VZ\resident_P000_Q3.block
0x4799F757,path,blocks\VZ\resident_P000_Q3.block
0x479C4A51,animation,blocks\VZ\resident_P000_Q3.block
0x47A8E523,model,blocks\VZ\c30490_P000_Q3.block
0x47A9AD01,animation,blocks\VZ\vehiclenameanimgroup_wz551_P000_Q3.block
0x47ADB211,path,blocks\VZ\resident_P000_Q3.block
0x47AF6321,animation,blocks\VZ\resident_P000_Q3.block
0x47BE54C8,scrub,blocks\VZ\c30358_P000_Q3.block
0x47BEB47E,animation,blocks\VZ\resident_P000_Q3.block
0x47BFCC1F,animation,blocks\VZ\vehiclenameanimgroup_md500_P000_Q3.block
0x47C2056B,path,blocks\VZ\resident_P000_Q3.block
0x47D56E68,texture,blocks\Shell\scaleform_shell_P000_Q3.block
0x47DCEFE9,animation,blocks\VZ\vehiclenameanimgroup_vanquish_P000_Q3.block
0x47E06BFC,path,blocks\VZ\resident_P000_Q3.block
0x47E67023,path,blocks\VZ\resident_P000_Q3.block
0x47EA0E81,path,blocks\VZ\resident_P000_Q3.block
0x47F40DD3,path,blocks\VZ\resident_P000_Q3.block
0x47FC70DC,animation,blocks\VZ\vehiclenameanimgroup_huey_P000_Q3.block
0x47FE791F,animation,blocks\VZ\characternameanimgroup_chris_P000_Q3.block
0x480161E7,animation,blocks\VZ\resident_P000_Q3.block
0x481EF16B,path,blocks\VZ\resident_P000_Q3.block
0x482089CE,path,blocks\VZ\resident_P000_Q3.block
0x48221437,path,blocks\VZ\resident_P000_Q3.block
0x48293D06,animation,blocks\VZ\characternameanimgroup_jennifer_P000_Q3.block
0x482CC08D,path,blocks\VZ\resident_P000_Q3.block
0x482FD3FE,model,blocks\VZ\c31215_P000_Q3.block
0x4833D426,texture,blocks\Shell\scaleform_shell_P000_Q3.block
0x48359AA2,path,blocks\VZ\resident_P000_Q3.block
0x48391AE7,scrub,blocks\VZ\c30554_P000_Q3.block
0x483B9DE7,path,blocks\VZ\resident_P000_Q3.block
0x48431C10,path,blocks\VZ\resident_P000_Q3.block
0x48473733,scrub,blocks\VZ\c31363_P000_Q3.block
0x4851B981,path,blocks\VZ\resident_P000_Q3.block
0x4851FA9E,lineregion,blocks\VZ\resident_P000_Q3.block
0x4855BC59,animation,blocks\VZ\vehiclenameanimgroup_alouette3_P000_Q3.block
0x48590A8F,path,blocks\VZ\resident_P000_Q3.block
0x48595E37,scrub,blocks\VZ\c31423_P000_Q3.block
0x485DF1C5,path,blocks\VZ\resident_P000_Q3.block
0x48632F07,animation,blocks\VZ\characternameanimgroup_jennifer_P000_Q3.block
0x486EED16,animation,blocks\VZ\vehiclenameanimgroup_md500_P000_Q3.block
0x487BE179,lowresterrain,blocks\VZ\low_res_terrain_P000_Q3.block
0x487DA398,animation,blocks\VZ\vehiclenameanimgroup_dinghy_P000_Q3.block
0x48857B88,lineregion,blocks\VZ\resident_P000_Q3.block
0x48857DCF,texture,blocks\Shell\scaleform_shell_P000_Q3.block
0x48883C6E,animation,blocks\VZ\vehicleclassanimgroup_truckmid_P000_Q3.block
0x488BB8DA,lowresterrain,blocks\VZ\low_res_terrain_P000_Q3.block
0x48907292,path,blocks\VZ\resident_P000_Q3.block
0x489DC886,path,blocks\VZ\resident_P000_Q3.block
0x48A3FF2B,path,blocks\VZ\resident_P000_Q3.block
0x48A8EEE4,terrainmesh,blocks\VZ\c30191_P000_Q3.block
0x48B15C0E,lineregion,blocks\VZ\resident_P000_Q3.block
0x48C28433,scrub,blocks\VZ\c31071_P000_Q3.block
0x48C48061,path,blocks\VZ\resident_P000_Q3.block
0x48C872DC,path,blocks\VZ\resident_P000_Q3.block
0x48CD614D,animation,blocks\VZ\vehiclenameanimgroup_type 14310_P000_Q3.block
0x48D8AF60,path,blocks\VZ\resident_P000_Q3.block
0x48DA6322,lineregion,blocks\VZ\resident_P000_Q3.block
0x48DD3B6A,path,blocks\VZ\resident_P000_Q3.block
0x48E6A6F8,animation,blocks\VZ\vehiclenameanimgroup_ka29b_P000_Q3.block
0x48F07EA5,path,blocks\VZ\resident_P000_Q3.block
0x48F09644,scrub,blocks\VZ\c30304_P000_Q3.block
0x48F85C73,animation,blocks\VZ\resident_P000_Q3.block
0x48FA5EB6,path,blocks\VZ\resident_P000_Q3.block
0x48FD66BA,animation,blocks\VZ\resident_P000_Q3.block
0x4903C408,animation,blocks\VZ\vehiclenameanimgroup_mi26_P000_Q3.block
0x4903DC1C,scrub,blocks\VZ\c31427_P000_Q3.block
0x490FA12E,lineregion,blocks\VZ\resident_P000_Q3.block
0x49115EE0,path,blocks\VZ\resident_P000_Q3.block
0x491651DA,animation,blocks\VZ\characternameanimgroup_chris_P000_Q3.block
0x49217D39,soundbank;sounddb;wavebank,blocks\English\vo_mechrec001.english_P000_Q3.block
0x492512C6,animation,blocks\VZ\vehiclenameanimgroup_alouette3_P000_Q3.block
0x492721D9,animation,blocks\VZ\vehiclenameanimgroup_huangfeng_P000_Q3.block
0x49288F7F,animation,blocks\VZ\resident_P000_Q3.block
0x4933A8C1,scrub,blocks\VZ\c31249_P000_Q3.block
0x4937A17E,scrub,blocks\VZ\c31258_P000_Q3.block
0x493D9289,path,blocks\VZ\resident_P000_Q3.block
0x493E8C39,path,blocks\VZ\resident_P000_Q3.block
0x493FD997,model,blocks\VZ\c30688_P000_Q3.block
0x49447722,path,blocks\VZ\resident_P000_Q3.block
0x4946D9E1,animation,blocks\VZ\vehiclenameanimgroup_markv_P000_Q3.block
0x49478852,animation,blocks\VZ\characternameanimgroup_mattias_P000_Q3.block
0x49497002,path,blocks\VZ\resident_P000_Q3.block
0x4949BA54,animation,blocks\VZ\vehiclenameanimgroup_huey_P000_Q3.block
0x494B620D,animation,blocks\VZ\vehiclenameanimgroup_dragster_P000_Q3.block
0x494FEA0C,path,blocks\VZ\resident_P000_Q3.block
0x495015FA,path,blocks\VZ\resident_P000_Q3.block
0x49502CD9,scrub,blocks\VZ\c31070_P000_Q3.block
0x4953B83D,path,blocks\VZ\resident_P000_Q3.block
0x49551D3C,terrainmesh,blocks\VZ\c30076_P000_Q3.block
0x495CF7BA,path,blocks\VZ\resident_P000_Q3.block
0x495FEF88,scrub,blocks\VZ\c30836_P000_Q3.block
0x49619265,terrainmesh,blocks\VZ\c30635_P000_Q3.block
0x496F60EC,path,blocks\VZ\resident_P000_Q3.block
0x4971A992,path,blocks\VZ\resident_P000_Q3.block
0x49726E35,animation,blocks\VZ\vehiclenameanimgroup_mi35_P000_Q3.block
0x4972EF0D,scrub,blocks\VZ\c31191_P000_Q3.block
0x497B194D,path,blocks\VZ\resident_P000_Q3.block
0x498C01AF,animation,blocks\VZ\vehiclenameanimgroup_dinghy_P000_Q3.block
0x4992123F,animation,blocks\VZ\vehiclenameanimgroup_stingray_P000_Q3.block
0x4994ED41,path,blocks\VZ\resident_P000_Q3.block
0x49986F7B,animation,blocks\VZ\vehiclenameanimgroup_armwrestle_P000_Q3.block
0x49A4F0E8,animation,blocks\VZ\vehiclenameanimgroup_mh53j_P000_Q3.block
0x49A75734,path,blocks\VZ\resident_P000_Q3.block
0x49B2A1DB,animation,blocks\VZ\resident_P000_Q3.block
0x49B5403E,path,blocks\VZ\resident_P000_Q3.block
0x49BACAD8,animation,blocks\VZ\characternameanimgroup_soldier_P000_Q3.block
0x49BC877E,lowresterrain,blocks\VZ\low_res_terrain_P000_Q3.block
0x49C8A59B,texture,blocks\Shell\scaleform_shell_P000_Q3.block
0x49CBE412,path,blocks\VZ\resident_P000_Q3.block
0x49CC4BF0,scrub,blocks\VZ\c31106_P000_Q3.block
0x49CC5168,scrub,blocks\VZ\c30713_P000_Q3.block
0x49D29A84,path,blocks\VZ\resident_P000_Q3.block
0x49D65F2E,effect,blocks\VZ\effects_P000_Q3.block
0x49DA587F,scrub,blocks\VZ\c31237_P000_Q3.block
0x49E0270E,animation,blocks\VZ\vehiclenameanimgroup_huey_P000_Q3.block
0x49E08B3C,animation,blocks\VZ\resident_P000_Q3.block
0x49E27B4D,texture,blocks\Shell\scaleform_shell_P000_Q3.block
0x49E682BD,lineregion,blocks\VZ\resident_P000_Q3.block
0x49F488EE,path,blocks\VZ\resident_P000_Q3.block
0x49FB5A43,effect,blocks\VZ\effects_P000_Q3.block
0x49FD9FCD,terrainmesh,blocks\VZ\c31259_P000_Q3.block
0x4A0454BB,path,blocks\VZ\resident_P000_Q3.block
0x4A08D1E9,path,blocks\VZ\resident_P000_Q3.block
0x4A08F1A8,animation,blocks\VZ\vehiclenameanimgroup_type 14310_P000_Q3.block
0x4A11B020,path,blocks\VZ\resident_P000_Q3.block
0x4A13D4CB,path,blocks\VZ\resident_P000_Q3.block
0x4A1CA152,animation,blocks\VZ\vehicleclassanimgroup_outhouse_P000_Q3.block
0x4A1E0E57,path,blocks\VZ\resident_P000_Q3.block
0x4A1FE001,scrub,blocks\VZ\c31283_P000_Q3.block
0x4A228B85,path,blocks\VZ\resident_P000_Q3.block
0x4A22C817,path,blocks\VZ\resident_P000_Q3.block
0x4A274545,path,blocks\VZ\resident_P000_Q3.block
0x4A283BC3,animation,blocks\VZ\vehicleclassanimgroup_hmmwv_P000_Q3.block
0x4A2BB2EE,lineregion,blocks\VZ\resident_P000_Q3.block
0x4A2C6E8C,path,blocks\VZ\resident_P000_Q3.block
0x4A31BCBD,terrainmesh,blocks\VZ\c31244_P000_Q3.block
0x4A3612C6,lineregion,blocks\VZ\resident_P000_Q3.block
0x4A3B459B,animation,blocks\VZ\vehiclenameanimgroup_md500_P000_Q3.block
0x4A3CC4BC,model,blocks\VZ\c30264_P000_Q3.block
0x4A3CCCE1,animation,blocks\VZ\resident_P000_Q3.block
0x4A3D501A,path,blocks\VZ\resident_P000_Q3.block
0x4A3FE13B,path,blocks\VZ\resident_P000_Q3.block
0x4A42258F,path,blocks\VZ\resident_P000_Q3.block
0x4A4B185A,path,blocks\VZ\resident_P000_Q3.block
0x4A4E244E,animation,blocks\VZ\vehiclenameanimgroup_zbd2000_P000_Q3.block
0x4A51FBB6,scrub,blocks\VZ\c30963_P000_Q3.block
0x4A5D59C2,path,blocks\VZ\resident_P000_Q3.block
0x4A692872,path,blocks\VZ\resident_P000_Q3.block
0x4A69CF32,lineregion,blocks\VZ\resident_P000_Q3.block
0x4A87D9DF,effect,blocks\VZ\effects_P000_Q3.block
0x4A908378,animation,blocks\VZ\vehiclenameanimgroup_ah1z_P000_Q3.block
0x4A9E75C6,path,blocks\VZ\resident_P000_Q3.block
0x4A9F7A35,lowresterrain,blocks\VZ\low_res_terrain_P000_Q3.block
0x4AA4F480,animation,blocks\VZ\resident_P000_Q3.block
0x4AAB6046,path,blocks\VZ\resident_P000_Q3.block
0x4AAF74E3,path,blocks\VZ\resident_P000_Q3.block
0x4AB040E7,lineregion,blocks\VZ\resident_P000_Q3.block
0x4AB17EC8,lineregion,blocks\VZ\resident_P000_Q3.block
0x4AB6F9B6,model,blocks\VZ\c31034_P000_Q3.block
0x4AB951D0,animation,blocks\VZ\vehicleclassanimgroup_autolargea_P000_Q3.block
0x4AC332E3,path,blocks\VZ\resident_P000_Q3.block
0x4AC4CEFD,scrub,blocks\VZ\c31028_P000_Q3.block
0x4ACB225F,path,blocks\VZ\resident_P000_Q3.block
0x4ACBE693,path,blocks\VZ\resident_P000_Q3.block
0x4ACF1F52,path,blocks\VZ\resident_P000_Q3.block
0x4AD2ED9D,effect,blocks\VZ\effects_P000_Q3.block
0x4AD3A29A,path,blocks\VZ\resident_P000_Q3.block
0x4ADDA66C,path,blocks\VZ\resident_P000_Q3.block
0x4ADE2F15,path,blocks\VZ\resident_P000_Q3.block
0x4ADE4FA3,path,blocks\VZ\resident_P000_Q3.block
0x4ADF63B5,animation,blocks\VZ\vehicleclassanimgroup_autolargec_P000_Q3.block
0x4AE3F067,animation,blocks\VZ\vehicleclassanimgroup_autolargea_P000_Q3.block
0x4AEAA9F0,path,blocks\VZ\resident_P000_Q3.block
0x4AF2F052,path,blocks\VZ\resident_P000_Q3.block
0x4B159C4A,animation,blocks\VZ\vehiclenameanimgroup_md500_P000_Q3.block
0x4B166CB2,path,blocks\VZ\resident_P000_Q3.block
0x4B2396F1,effect,blocks\VZ\effects_P000_Q3.block
0x4B24CBBB,path,blocks\VZ\resident_P000_Q3.block
0x4B34A460,model,blocks\VZ\c30549_P000_Q3.block
0x4B3D4F01,animation,blocks\VZ\vehicleclassanimgroup_autolargec_P000_Q3.block
0x4B403D76,scrub,blocks\VZ\c31117_P000_Q3.block
0x4B4CE4FA,model,blocks\VZ\c33297_P000_Q3.block
0x4B4E177C,path,blocks\VZ\resident_P000_Q3.block
0x4B4F5AE7,animation,blocks\VZ\resident_P000_Q3.block
0x4B5497D4,lowresterrain,blocks\VZ\low_res_terrain_P000_Q3.block
0x4B57001F,scrub,blocks\VZ\c30073_P000_Q3.block
0x4B5B7275,animation,blocks\VZ\vehicleclassanimgroup_autolargec_P000_Q3.block
0x4B5CB925,path,blocks\VZ\resident_P000_Q3.block
0x4B610977,lineregion,blocks\VZ\resident_P000_Q3.block
0x4B6CE39A,animation,blocks\VZ\vehicleclassanimgroup_jetski_P000_Q3.block
0x4B71C5DC,animation,blocks\VZ\vehiclenameanimgroup_mi35solano_P000_Q3.block
0x4B7A6D23,texture,blocks\Shell\german_P000_Q3.block
0x4B7ADC3B,animation,blocks\VZ\vehiclenameanimgroup_md500_P000_Q3.block
0x4B7D71CD,animation,blocks\VZ\vehiclenameanimgroup_huey_P000_Q3.block
0x4B800723,terrainmesh,blocks\VZ\c30395_P000_Q3.block
0x4B84873A,lineregion,blocks\VZ\resident_P000_Q3.block
0x4B8949D1,effect,blocks\VZ\effects_P000_Q3.block
0x4B89E335,animation,blocks\VZ\vehiclenameanimgroup_m551_P000_Q3.block
0x4B9C42F1,model,blocks\VZ\c31459_P000_Q3.block
0x4BABFA7D,path,blocks\VZ\resident_P000_Q3.block
0x4BB38EBE,path,blocks\VZ\resident_P000_Q3.block
0x4BC14C65,lowresterrain,blocks\VZ\low_res_terrain_P000_Q3.block
0x4BC7420C,scrub,blocks\VZ\c31359_P000_Q3.block
0x4BC79F9B,animation,blocks\VZ\vehiclenameanimgroup_alouette3_P000_Q3.block
0x4BD6EFD9,path,blocks\VZ\resident_P000_Q3.block
0x4BDCE4F5,effect,blocks\VZ\effects_P000_Q3.block
0x4BE5900D,scrub,blocks\VZ\c30073_P000_Q3.block
0x4BE89B7D,lowresterrain,blocks\VZ\low_res_terrain_P000_Q3.block
0x4BEABCCA,effect,blocks\VZ\effects_P000_Q3.block
0x4BEE9DD7,path,blocks\VZ\resident_P000_Q3.block
0x4BFA6EBB,path,blocks\VZ\resident_P000_Q3.block
0x4BFFB58B,animation,blocks\VZ\characternameanimgroup_chris_P000_Q3.block
0x4C04E753,path,blocks\VZ\resident_P000_Q3.block
0x4C08FCF3,soundbank;sounddb;wavebank,blocks\English\vo_job_up_mckinney.english_P000_Q3.block
0x4C0EED2B,path,blocks\VZ\resident_P000_Q3.block
0x4C151709,scrub,blocks\VZ\c30713_P000_Q3.block
0x4C176A57,path,blocks\VZ\resident_P000_Q3.block
0x4C220D35,scrub,blocks\VZ\c30084_P000_Q3.block
0x4C2D2773,path,blocks\VZ\resident_P000_Q3.block
0x4C2E9CC4,path,blocks\VZ\resident_P000_Q3.block
0x4C3319F2,path,blocks\VZ\resident_P000_Q3.block
0x4C42B266,path,blocks\VZ\resident_P000_Q3.block
0x4C432EA4,path,blocks\VZ\resident_P000_Q3.block
0x4C52C081,scrub,blocks\VZ\c30900_P000_Q3.block
0x4C54EED6,animation,blocks\VZ\vehiclenameanimgroup_huey_P000_Q3.block
0x4C56B24B,terrainmesh,blocks\VZ\c31497_P000_Q3.block
0x4C59D487,lowresterrain,blocks\VZ\low_res_terrain_P000_Q3.block
0x4C611289,effect,blocks\VZ\effects_P000_Q3.block
0x4C72C226,path,blocks\VZ\resident_P000_Q3.block
0x4C7D0860,lowresterrain,blocks\VZ\low_res_terrain_P000_Q3.block
0x4C85F565,path,blocks\VZ\resident_P000_Q3.block
0x4C867768,path,blocks\VZ\resident_P000_Q3.block
0x4C9726E4,path,blocks\VZ\resident_P000_Q3.block
0x4C9C9570,animation,blocks\VZ\resident_P000_Q3.block
0x4C9E9779,path,blocks\VZ\resident_P000_Q3.block
0x4CA22C0F,path,blocks\VZ\resident_P000_Q3.block
0x4CA50315,path,blocks\VZ\resident_P000_Q3.block
0x4CAAAC7B,scrub,blocks\VZ\c30502_P000_Q3.block
0x4CAE6D98,path,blocks\VZ\resident_P000_Q3.block
0x4CB46CD8,path,blocks\VZ\resident_P000_Q3.block
0x4CDA2C49,animation,blocks\VZ\vehiclenameanimgroup_ridgeline_P000_Q3.block
0x4CE458C2,path,blocks\VZ\resident_P000_Q3.block
0x4CF1172E,path,blocks\VZ\resident_P000_Q3.block
0x4CF57BEE,path,blocks\VZ\resident_P000_Q3.block
0x4D055ABB,animation,blocks\VZ\vehiclenameanimgroup_m551_P000_Q3.block
0x4D0AEA01,animation,blocks\VZ\vehicleclassanimgroup_autolargeb_P000_Q3.block
0x4D126D78,animation,blocks\VZ\resident_P000_Q3.block
0x4D131C6E,effect,blocks\VZ\effects_P000_Q3.block
0x4D138CF7,lowresterrain,blocks\VZ\low_res_terrain_P000_Q3.block
0x4D13A970,path,blocks\VZ\resident_P000_Q3.block
0x4D188475,animation,blocks\VZ\vehicleclassanimgroup_monstertruck_P000_Q3.block
0x4D1C9301,path,blocks\VZ\resident_P000_Q3.block
0x4D1E3057,animation,blocks\VZ\vehiclenameanimgroup_huey_P000_Q3.block
0x4D1F114C,effect,blocks\VZ\effects_P000_Q3.block
0x4D2098D6,animation,blocks\VZ\vehiclenameanimgroup_barco_P000_Q3.block
0x4D250F57,animation,blocks\VZ\vehiclenameanimgroup_smallfishing_P000_Q3.block
0x4D26BFA8,lowresterrain,blocks\VZ\low_res_terrain_P000_Q3.block
0x4D27F785,scrub,blocks\VZ\c30574_P000_Q3.block
0x4D36DF95,animation,blocks\VZ\vehiclenameanimgroup_type 14310_P000_Q3.block
0x4D44A979,animation,blocks\VZ\vehiclenameanimgroup_scorpiondpv_P000_Q3.block
0x4D49C1DD,path,blocks\VZ\resident_P000_Q3.block
0x4D4CA5A7,path,blocks\VZ\resident_P000_Q3.block
0x4D4DD6B5,scrub,blocks\VZ\c30844_P000_Q3.block
0x4D4F42B5,model,blocks\VZ\c31659_P000_Q3.block
0x4D4FED17,animation,blocks\VZ\vehiclenameanimgroup_mi35solano_P000_Q3.block
0x4D536814,animation,blocks\VZ\vehiclenameanimgroup_md500_P000_Q3.block
0x4D56907F,lineregion,blocks\VZ\resident_P000_Q3.block
0x4D59E82F,texture,blocks\Shell\lti_precache_i1_P000_Q3.block
0x4D5BF92A,animationtable,blocks\VZ\resident_P000_Q3.block
0x4D6973DE,texture,blocks\Shell\scaleform_shell_P000_Q3.block
0x4D6ABA6F,lineregion,blocks\VZ\resident_P000_Q3.block
0x4D6B136C,path,blocks\VZ\resident_P000_Q3.block
0x4D6B28A8,animation,blocks\VZ\resident_P000_Q3.block
0x4D6DBD2A,lineregion,blocks\VZ\resident_P000_Q3.block
0x4D702BA5,animation,blocks\VZ\vehiclenameanimgroup_m151_P000_Q3.block
0x4D71E944,animation,blocks\VZ\vehiclenameanimgroup_50cal_P000_Q3.block
0x4D726242,path,blocks\VZ\resident_P000_Q3.block
0x4D772151,animation,blocks\VZ\vehiclenameanimgroup_vanquish_P000_Q3.block
0x4D7A9CB8,path,blocks\VZ\resident_P000_Q3.block
0x4D85D145,path,blocks\VZ\resident_P000_Q3.block
0x4D861CE1,terrainmesh,blocks\VZ\c31282_P000_Q3.block
0x4D8868E6,path,blocks\VZ\resident_P000_Q3.block
0x4D8CCBE2,animation,blocks\VZ\vehiclenameanimgroup_mh53j_P000_Q3.block
0x4D8EDC18,animation,blocks\VZ\vehiclenameanimgroup_zbd2000_P000_Q3.block
0x4D92140F,path,blocks\VZ\resident_P000_Q3.block
0x4D92335D,path,blocks\VZ\resident_P000_Q3.block
0x4DA39BF1,animation,blocks\VZ\vehicleclassanimgroup_hmmwv_P000_Q3.block
0x4DBBA6FF,animation,blocks\VZ\vehiclenameanimgroup_stingray_P000_Q3.block
0x4DC059AA,animation,blocks\VZ\vehiclenameanimgroup_amx30_P000_Q3.block
0x4DC15B6D,animation,blocks\VZ\vehiclenameanimgroup_dragster_P000_Q3.block
0x4DD02710,animation,blocks\VZ\vehicleclassanimgroup_monument_P000_Q3.block
0x4DD0E832,lineregion,blocks\VZ\resident_P000_Q3.block
0x4DD70A9E,animation,blocks\VZ\vehiclenameanimgroup_saltonsea_P000_Q3.block
0x4DD724DB,animation,blocks\VZ\resident_P000_Q3.block
0x4DDDA38C,animation,blocks\VZ\resident_P000_Q3.block
0x4DE23E4A,path,blocks\VZ\resident_P000_Q3.block
0x4DE2FC54,effect,blocks\VZ\effects_P000_Q3.block
0x4DE3E1DD,path,blocks\VZ\resident_P000_Q3.block
0x4DE5EF60,animation,blocks\VZ\characternameanimgroup_jennifer_P000_Q3.block
0x4DF0677C,path,blocks\VZ\resident_P000_Q3.block
0x4DF2DED0,path,blocks\VZ\resident_P000_Q3.block
0x4DFA3322,animation,blocks\VZ\resident_P000_Q3.block
0x4E0697B2,lowresterrain,blocks\VZ\low_res_terrain_P000_Q3.block
0x4E1AB122,animation,blocks\VZ\vehiclenameanimgroup_md500_P000_Q3.block
0x4E22E938,path,blocks\VZ\resident_P000_Q3.block
0x4E235640,terrainmesh,blocks\VZ\c31070_P000_Q3.block
0x4E24E85E,animation,blocks\VZ\vehiclenameanimgroup_alouette3_P000_Q3.block
0x4E2B405A,path,blocks\VZ\resident_P000_Q3.block
0x4E3A2C83,scrub,blocks\VZ\c30442_P000_Q3.block
0x4E3A74E3,scrub,blocks\VZ\c31106_P000_Q3.block
0x4E40BA6E,path,blocks\VZ\resident_P000_Q3.block
0x4E4F845C,path,blocks\VZ\resident_P000_Q3.block
0x4E5B1672,animation,blocks\VZ\vehiclenameanimgroup_m1a2_P000_Q3.block
0x4E643A94,path,blocks\VZ\resident_P000_Q3.block
0x4E739A1E,path,blocks\VZ\resident_P000_Q3.block
0x4E79AE9B,path,blocks\VZ\resident_P000_Q3.block
0x4E7A2B24,lowresterrain,blocks\VZ\low_res_terrain_P000_Q3.block
0x4E7EB302,animation,blocks\VZ\vehiclenameanimgroup_mattiaschopper_P000_Q3.block
0x4E818279,lineregion,blocks\VZ\resident_P000_Q3.block
0x4E830DE5,path,blocks\VZ\resident_P000_Q3.block
0x4E8A0B50,path,blocks\VZ\resident_P000_Q3.block
0x4E962C60,path,blocks\VZ\resident_P000_Q3.block
0x4E9E5E55,path,blocks\VZ\resident_P000_Q3.block
0x4EA1850A,path,blocks\VZ\resident_P000_Q3.block
0x4EA551C5,path,blocks\VZ\resident_P000_Q3.block
0x4EA85027,lineregion,blocks\VZ\resident_P000_Q3.block
0x4EAC7F83,animation,blocks\VZ\vehiclenameanimgroup_amx30_P000_Q3.block
0x4EAFFBED,path,blocks\VZ\resident_P000_Q3.block
0x4EB2C9BA,path,blocks\VZ\resident_P000_Q3.block
0x4EB38A38,animation,blocks\VZ\vehicleclassanimgroup_autosmall_P000_Q3.block
0x4EB5433A,path,blocks\VZ\resident_P000_Q3.block
0x4EBB3CB1,path,blocks\VZ\resident_P000_Q3.block
0x4EBBBEF1,animation,blocks\VZ\vehiclenameanimgroup_ka29b_P000_Q3.block
0x4EBE0FEA,path,blocks\VZ\resident_P000_Q3.block
0x4EBE36E1,terrainmesh,blocks\VZ\c30988_P000_Q3.block
0x4EC13BF1,path,blocks\VZ\resident_P000_Q3.block
0x4EC6486A,animation,blocks\VZ\c30364_P000_Q3.block
0x4EC6EB5B,animation,blocks\VZ\resident_P000_Q3.block
0x4ED2791E,path,blocks\VZ\resident_P000_Q3.block
0x4ED3C1CE,animation,blocks\VZ\resident_P000_Q3.block
0x4ED7D09A,animation,blocks\VZ\vehiclenameanimgroup_plz45_P000_Q3.block
0x4EDB2DC1,animation,blocks\VZ\vehicleclassanimgroup_automedium_P000_Q3.block
0x4EDB4F80,model,blocks\VZ\c30149_P000_Q3.block
0x4EE412A9,path,blocks\VZ\resident_P000_Q3.block
0x4EEC85BD,animation,blocks\VZ\resident_P000_Q3.block
0x4EFCE3CB,lowresterrain,blocks\VZ\low_res_terrain_P000_Q3.block
0x4EFEE31F,animation,blocks\VZ\vehiclenameanimgroup_turbosquid_P000_Q3.block
0x4F005686,terrainmesh,blocks\VZ\c30958_P000_Q3.block
0x4F049376,path,blocks\VZ\resident_P000_Q3.block
0x4F06DDA9,path,blocks\VZ\resident_P000_Q3.block
0x4F07697A,scrub,blocks\VZ\c30428_P000_Q3.block
0x4F0AA95D,path,blocks\VZ\resident_P000_Q3.block
0x4F1A74BA,path,blocks\VZ\resident_P000_Q3.block
0x4F2073FA,path,blocks\VZ\resident_P000_Q3.block
0x4F21B09B,animation,blocks\VZ\vehiclenameanimgroup_aa_P000_Q3.block
0x4F2BC2AA,path,blocks\VZ\resident_P000_Q3.block
0x4F3E410B,path,blocks\VZ\resident_P000_Q3.block
0x4F4165E6,path,blocks\VZ\resident_P000_Q3.block
0x4F42BE39,path,blocks\VZ\resident_P000_Q3.block
0x4F52EB4E,model,blocks\VZ\c30955_P000_Q3.block
0x4F532815,animation,blocks\VZ\resident_P000_Q3.block
0x4F5B8F97,path,blocks\VZ\resident_P000_Q3.block
0x4F5D2BBC,animation,blocks\VZ\vehiclenameanimgroup_ztz63a_P000_Q3.block
0x4F5D5BCF,path,blocks\VZ\resident_P000_Q3.block
0x4F67955D,path,blocks\VZ\resident_P000_Q3.block
0x4F695162,path,blocks\VZ\resident_P000_Q3.block
0x4F69D6D5,animation,blocks\VZ\characternameanimgroup_chris_P000_Q3.block
0x4F6ADC65,scrub,blocks\VZ\c30303_P000_Q3.block
0x4F703AE0,animation,blocks\VZ\vehiclenameanimgroup_ztz63a_P000_Q3.block
0x4F74BC39,animation,blocks\VZ\vehiclenameanimgroup_ztz63a_P000_Q3.block
0x4F7F3D53,texture,blocks\Shell\scaleform_shell_P000_Q3.block
0x4F895BF2,path,blocks\VZ\resident_P000_Q3.block
0x4F8E7942,path,blocks\VZ\resident_P000_Q3.block
0x4F91868B,animation,blocks\VZ\vehiclenameanimgroup_ka29b_P000_Q3.block
0x4F9255DD,animation,blocks\VZ\resident_P000_Q3.block
0x4F92B81C,path,blocks\VZ\resident_P000_Q3.block
0x4F962BD2,animation,blocks\VZ\resident_P000_Q3.block
0x4F96376C,animation,blocks\VZ\vehiclenameanimgroup_dragster_P000_Q3.block
0x4FA41C3E,animation,blocks\VZ\vehiclenameanimgroup_huangfeng_P000_Q3.block
0x4FAAB0FE,animation,blocks\VZ\vehiclenameanimgroup_plz45_P000_Q3.block
0x4FC82D19,animation,blocks\VZ\vehiclenameanimgroup_mi35solano_P000_Q3.block
0x4FD5AEE0,path,blocks\VZ\resident_P000_Q3.block
0x4FD92AC5,animation,blocks\VZ\vehiclenameanimgroup_wz551_P000_Q3.block
0x4FDB3497,animation,blocks\VZ\characternameanimgroup_jennifer_P000_Q3.block
0x4FDC2729,lowresterrain,blocks\VZ\low_res_terrain_P000_Q3.block
0x4FE00B2B,texture,blocks\Shell\scaleform_shell_P000_Q3.block
0x4FE2C159,effect,blocks\VZ\effects_P000_Q3.block
0x4FE3009B,animation,blocks\VZ\vehiclenameanimgroup_md500_P000_Q3.block
0x4FE4E73E,scrub,blocks\VZ\c30727_P000_Q3.block
0x4FE84677,lineregion,blocks\VZ\resident_P000_Q3.block
0x4FFD3695,path,blocks\VZ\resident_P000_Q3.block
0x4FFF0FA6,scrub,blocks\VZ\c31238_P000_Q3.block
0x50126304,path,blocks\VZ\resident_P000_Q3.block
0x50194973,animation,blocks\VZ\vehiclenameanimgroup_m551_P000_Q3.block
0x501DB8D6,animation,blocks\VZ\vehiclenameanimgroup_wz551_P000_Q3.block
0x5020D250,lowresterrain,blocks\VZ\low_res_terrain_P000_Q3.block
0x5021D7B1,texture,blocks\Shell\scaleform_shell_P000_Q3.block
0x502D74C5,path,blocks\VZ\resident_P000_Q3.block
0x502EF298,animation,blocks\VZ\vehicleclassanimgroup_tank_P000_Q3.block
0x502F2B36,animation,blocks\VZ\vehiclenameanimgroup_saltonsea_P000_Q3.block
0x502F2CD3,path,blocks\VZ\resident_P000_Q3.block
0x502F5450,model,blocks\VZ\c33296_P000_Q3.block
0x502F8171,path,blocks\VZ\resident_P000_Q3.block
0x503C9BD5,model,blocks\VZ\c33318_P000_Q3.block
0x5053B7D3,model,blocks\VZ\c32430_P000_Q3.block
0x505FA799,effect,blocks\VZ\effects_P000_Q3.block
0x5060A1A1,animation,blocks\VZ\characternameanimgroup_jennifer_P000_Q3.block
0x5062394C,scrub,blocks\VZ\c30304_P000_Q3.block
0x5069A3F5,animation,blocks\VZ\vehicleclassanimgroup_hmmwv_P000_Q3.block
0x506E4676,path,blocks\VZ\resident_P000_Q3.block
0x50775F56,animation,blocks\VZ\vehiclenameanimgroup_guerilla_P000_Q3.block
0x507FAE53,animation,blocks\VZ\resident_P000_Q3.block
0x50810FBA,texture,blocks\Shell\scaleform_shell_P000_Q3.block
0x5081D663,path,blocks\VZ\resident_P000_Q3.block
0x5088F88B,path,blocks\VZ\resident_P000_Q3.block
0x508903CD,animation,blocks\VZ\resident_P000_Q3.block
0x50896393,path,blocks\VZ\resident_P000_Q3.block
0x508A3412,path,blocks\VZ\resident_P000_Q3.block
0x508D1786,path,blocks\VZ\resident_P000_Q3.block
0x509A9674,path,blocks\VZ\resident_P000_Q3.block
0x50A1BDD5,effect,blocks\VZ\effects_P000_Q3.block
0x50A5DD2D,animation,blocks\VZ\vehicleclassanimgroup_truckmid_P000_Q3.block
0x50ABFBF3,animation,blocks\VZ\characternameanimgroup_jennifer_P000_Q3.block
0x50AE827F,model,blocks\VZ\c32417_P000_Q3.block
0x50B67062,path,blocks\VZ\resident_P000_Q3.block
0x50BB624F,effect,blocks\VZ\effects_P000_Q3.block
0x50BC2115,path,blocks\VZ\resident_P000_Q3.block
0x50BC70AD,animation,blocks\VZ\vehiclenameanimgroup_wz10_P000_Q3.block
0x50C04AA5,texture,blocks\Shell\scaleform_shell_P000_Q3.block
0x50C220D7,path,blocks\VZ\resident_P000_Q3.block
0x50D3E9C8,path,blocks\VZ\resident_P000_Q3.block
0x50D7B820,path,blocks\VZ\resident_P000_Q3.block
0x50EC8C2E,lineregion,blocks\VZ\resident_P000_Q3.block
0x50F04B25,path,blocks\VZ\resident_P000_Q3.block
0x50F34D7B,path,blocks\VZ\resident_P000_Q3.block
0x50F913C2,animation,blocks\VZ\vehicleclassanimgroup_autosmall_P000_Q3.block
0x50FF1AFB,lineregion,blocks\VZ\resident_P000_Q3.block
0x5100FC54,animation,blocks\VZ\characternameanimgroup_mattias_P000_Q3.block
0x510B1401,lowresterrain,blocks\VZ\low_res_terrain_P000_Q3.block
0x511BB49E,path,blocks\VZ\resident_P000_Q3.block
0x51300F85,lineregion,blocks\VZ\resident_P000_Q3.block
0x5132AE24,binary,blocks\Shell\resident_P000_Q3.block;blocks\VZ\resident_P000_Q3.block
0x51363280,animation,blocks\VZ\allstarter0_P000_Q3.block
0x513AAEDA,animation,blocks\VZ\resident_P000_Q3.block
0x514F9AD0,lineregion,blocks\VZ\resident_P000_Q3.block
0x5167FBE3,animation,blocks\VZ\resident_P000_Q3.block
0x51698F24,lowresterrain,blocks\VZ\low_res_terrain_P000_Q3.block
0x516DA247,animation,blocks\VZ\vehiclenameanimgroup_ztz63a_P000_Q3.block
0x516FD281,path,blocks\VZ\resident_P000_Q3.block
0x51703699,animation,blocks\VZ\vehiclenameanimgroup_wz10_P000_Q3.block
0x51811B4F,path,blocks\VZ\resident_P000_Q3.block
0x518B75EE,path,blocks\VZ\resident_P000_Q3.block
0x518F1F10,path,blocks\VZ\resident_P000_Q3.block
0x5199F620,lineregion,blocks\VZ\resident_P000_Q3.block
0x519AB012,path,blocks\VZ\resident_P000_Q3.block
0x51A40227,lineregion,blocks\VZ\resident_P000_Q3.block
0x51A826F2,texture,blocks\Shell\russian_P000_Q3.block
0x51AB8304,animation,blocks\VZ\vehiclenameanimgroup_saltonsea_P000_Q3.block
0x51AD04D1,effect,blocks\VZ\effects_P000_Q3.block
0x51AE0830,path,blocks\VZ\resident_P000_Q3.block
0x51BCFB47,scrub,blocks\VZ\c30052_P000_Q3.block
0x51BCFE35,path,blocks\VZ\resident_P000_Q3.block
0x51C4109C,animation,blocks\VZ\vehiclenameanimgroup_mh53j_P000_Q3.block
0x51C90659,animation,blocks\VZ\vehiclenameanimgroup_nglv_P000_Q3.block
0x51D3249A,terrainmesh,blocks\VZ\c31280_P000_Q3.block
0x51DA2DA8,path,blocks\VZ\resident_P000_Q3.block
0x51DA41FE,model,blocks\VZ\c30524_P000_Q3.block
0x51DE9D60,path,blocks\VZ\resident_P000_Q3.block
0x51DF5DBA,terrainmesh,blocks\VZ\c31233_P000_Q3.block
0x51E84827,model,blocks\VZ\c33297_P000_Q3.block
0x51EB4475,texture,blocks\Shell\scaleform_shell_P000_Q3.block
0x51ECBC82,scrub,blocks\VZ\c31243_P000_Q3.block
0x51ED86F4,path,blocks\VZ\resident_P000_Q3.block
0x51F0A8DF,path,blocks\VZ\resident_P000_Q3.block
0x51F0E365,path,blocks\VZ\resident_P000_Q3.block
0x51F2432B,path,blocks\VZ\resident_P000_Q3.block
0x51F258A8,path,blocks\VZ\resident_P000_Q3.block
0x51F379A3,path,blocks\VZ\resident_P000_Q3.block
0x51F6CCFA,terrainmesh,blocks\VZ\c31501_P000_Q3.block
0x51F9334E,scrub,blocks\VZ\c30178_P000_Q3.block
0x52040697,animation,blocks\VZ\vehiclenameanimgroup_ka29b_P000_Q3.block
0x520DAE3C,path,blocks\VZ\resident_P000_Q3.block
0x52103E7C,path,blocks\VZ\resident_P000_Q3.block
0x5214A217,effect,blocks\VZ\effects_P000_Q3.block
0x521BD68C,path,blocks\VZ\resident_P000_Q3.block
0x521DB54C,path,blocks\VZ\resident_P000_Q3.block
0x52228B83,model,blocks\VZ\c33296_P000_Q3.block
0x5225230A,animation,blocks\VZ\vehiclenameanimgroup_alouette3_P000_Q3.block
0x5227635C,scrub,blocks\VZ\c30082_P000_Q3.block
0x522D2F24,path,blocks\VZ\resident_P000_Q3.block
0x522F8D7C,path,blocks\VZ\resident_P000_Q3.block
0x52422491,animation,blocks\VZ\vehiclenameanimgroup_zbd2000_P000_Q3.block
0x5245BD59,animation,blocks\VZ\vehiclenameanimgroup_smallfishing_P000_Q3.block
0x5248E239,animation,blocks\VZ\vehiclenameanimgroup_ka29b_P000_Q3.block
0x5249D49A,lineregion,blocks\VZ\resident_P000_Q3.block
0x5253854D,model,blocks\VZ\c31182_P000_Q3.block
0x52560593,path,blocks\VZ\resident_P000_Q3.block
0x52580434,lowresterrain,blocks\VZ\low_res_terrain_P000_Q3.block
0x5259B8B8,effect,blocks\VZ\effects_P000_Q3.block
0x525AC8B2,path,blocks\VZ\resident_P000_Q3.block
0x525C2296,path,blocks\VZ\resident_P000_Q3.block
0x52639C48,path,blocks\VZ\resident_P000_Q3.block
0x526FE198,terrainmesh,blocks\VZ\c30643_P000_Q3.block
0x527A73AE,lineregion,blocks\VZ\resident_P000_Q3.block
0x52834CAF,lineregion,blocks\VZ\resident_P000_Q3.block
0x528AA498,path,blocks\VZ\resident_P000_Q3.block
0x528AB106,path,blocks\VZ\resident_P000_Q3.block
0x528D3789,texture,blocks\English\guilayouts_P000_Q3.block
0x528EA9D3,path,blocks\VZ\resident_P000_Q3.block
0x52AC5E47,path,blocks\VZ\resident_P000_Q3.block
0x52AF96A0,model,blocks\VZ\c39998_P000_Q3.block
0x52AFEA0C,path,blocks\VZ\resident_P000_Q3.block
0x52C1B3EF,animation,blocks\VZ\vehiclenameanimgroup_mh53j_P000_Q3.block
0x52C329F4,path,blocks\VZ\resident_P000_Q3.block
0x52C58748,lineregion,blocks\VZ\resident_P000_Q3.block
0x52CC8375,animation,blocks\VZ\resident_P000_Q3.block
0x52CE34C7,scrub,blocks\VZ\c31294_P000_Q3.block
0x52DB4390,animation,blocks\VZ\vehiclenameanimgroup_stingray_P000_Q3.block
0x52DCDFE9,path,blocks\VZ\resident_P000_Q3.block
0x52E0EC98,animation,blocks\VZ\resident_P000_Q3.block
0x52E6395A,path,blocks\VZ\resident_P000_Q3.block
0x52F3A002,path,blocks\VZ\resident_P000_Q3.block
0x52F56AB5,path,blocks\VZ\resident_P000_Q3.block
0x52FB71D3,model,blocks\VZ\effects_P000_Q3.block
0x53025DBC,path,blocks\VZ\resident_P000_Q3.block
0x5305FEC5,path,blocks\VZ\resident_P000_Q3.block
0x530727BA,path,blocks\VZ\resident_P000_Q3.block
0x5309E1F0,scrub,blocks\VZ\c30019_P000_Q3.block
0x530F6686,path,blocks\VZ\resident_P000_Q3.block
0x531723C7,effect,blocks\VZ\effects_P000_Q3.block
0x531A5DDC,path,blocks\VZ\resident_P000_Q3.block
0x531ADE5E,path,blocks\VZ\resident_P000_Q3.block
0x531ED778,effect,blocks\VZ\effects_P000_Q3.block
0x531F7E44,path,blocks\VZ\resident_P000_Q3.block
0x5327E6A4,path,blocks\VZ\resident_P000_Q3.block
0x53322FBA,animation,blocks\VZ\characternameanimgroup_jennifer_P000_Q3.block
0x5333F8C5,scrub,blocks\VZ\c31280_P000_Q3.block
0x53364C9F,lineregion,blocks\VZ\resident_P000_Q3.block
0x53365761,animation,blocks\VZ\vehiclenameanimgroup_plz45_P000_Q3.block
0x53379C20,lineregion,blocks\VZ\resident_P000_Q3.block
0x533A0466,animation,blocks\VZ\vehiclenameanimgroup_wz10_P000_Q3.block
0x5340FB1E,path,blocks\VZ\resident_P000_Q3.block
0x5347D88F,path,blocks\VZ\resident_P000_Q3.block
0x534B8837,path,blocks\VZ\resident_P000_Q3.block
0x534C6C1C,path,blocks\VZ\resident_P000_Q3.block
0x534D2751,path,blocks\VZ\resident_P000_Q3.block
0x53589335,path,blocks\VZ\resident_P000_Q3.block
0x535917DB,animation,blocks\VZ\vehicleclassanimgroup_monstertruck_P000_Q3.block
0x535C43E7,path,blocks\VZ\resident_P000_Q3.block
0x53654718,lineregion,blocks\VZ\resident_P000_Q3.block
0x53682784,animation,blocks\VZ\characternameanimgroup_mattias_P000_Q3.block
0x53718BB7,terrainmesh,blocks\VZ\c30442_P000_Q3.block
0x537E5289,path,blocks\VZ\resident_P000_Q3.block
0x537E7558,animation,blocks\VZ\vehiclenameanimgroup_wz551_P000_Q3.block
0x53815501,scrub,blocks\VZ\c30020_P000_Q3.block
0x5385BD51,path,blocks\VZ\resident_P000_Q3.block
0x539024ED,animation,blocks\VZ\vehiclenameanimgroup_dinghy_P000_Q3.block
0x5393A6BB,lineregion,blocks\VZ\resident_P000_Q3.block
0x539556B8,animation,blocks\VZ\vehiclenameanimgroup_m113_P000_Q3.block
0x5397AAE8,path,blocks\VZ\resident_P000_Q3.block
0x539D3D25,path,blocks\VZ\resident_P000_Q3.block
0x539F24DA,path,blocks\VZ\resident_P000_Q3.block
0x53A43658,model,blocks\VZ\c30808_P000_Q3.block
0x53BB7C85,scrub,blocks\VZ\c31278_P000_Q3.block
0x53BF291C,scrub,blocks\VZ\c31282_P000_Q3.block
0x53C4263E,scrub,blocks\VZ\c30344_P000_Q3.block
0x53C62ECB,path,blocks\VZ\resident_P000_Q3.block
0x53CB0B54,animation,blocks\VZ\vehiclenameanimgroup_omen_P000_Q3.block
0x53D74280,animation,blocks\VZ\vehiclenameanimgroup_mi35solano_P000_Q3.block
0x54001F4A,path,blocks\VZ\resident_P000_Q3.block
0x5401A90D,path,blocks\VZ\resident_P000_Q3.block
0x540E687C,animation,blocks\VZ\vehiclenameanimgroup_mi26_P000_Q3.block
0x54147838,lineregion,blocks\VZ\resident_P000_Q3.block
0x541E10E1,path,blocks\VZ\resident_P000_Q3.block
0x5424C296,scrub,blocks\VZ\c31278_P000_Q3.block
0x542742EB,animation,blocks\VZ\characternameanimgroup_soldier_P000_Q3.block
0x542F23D5,effect,blocks\VZ\effects_P000_Q3.block
0x542F8131,path,blocks\VZ\resident_P000_Q3.block
0x5433CF3D,scrub,blocks\VZ\c31415_P000_Q3.block
0x54389FAE,path,blocks\VZ\resident_P000_Q3.block
0x543D0BCD,lineregion,blocks\VZ\resident_P000_Q3.block
0x543D5B44,path,blocks\VZ\resident_P000_Q3.block
0x54506379,animation,blocks\VZ\vehiclenameanimgroup_ka29b_P000_Q3.block
0x5450F329,scrub,blocks\VZ\c30576_P000_Q3.block
0x5453C80F,model,blocks\VZ\pmcoutpost_misc_P000_Q3.block
0x54562290,effect,blocks\VZ\effects_P000_Q3.block
0x5458D29C,path,blocks\VZ\resident_P000_Q3.block
0x545AE270,path,blocks\VZ\resident_P000_Q3.block
0x546A3D82,model,blocks\VZ\c30388_P000_Q3.block
0x546F1FFB,path,blocks\VZ\resident_P000_Q3.block
0x54739D29,path,blocks\VZ\resident_P000_Q3.block
0x547AEDAF,lineregion,blocks\VZ\resident_P000_Q3.block
0x547C0A27,animation,blocks\VZ\resident_P000_Q3.block
0x547F067C,animation,blocks\VZ\vehiclenameanimgroup_ka29b_P000_Q3.block
0x547FBCDE,path,blocks\VZ\resident_P000_Q3.block
0x548846E1,terrainmesh,blocks\VZ\c30501_P000_Q3.block
0x548C1428,scrub,blocks\VZ\c31282_P000_Q3.block
0x548E438A,path,blocks\VZ\resident_P000_Q3.block
0x548F5218,path,blocks\VZ\resident_P000_Q3.block
0x549773B1,path,blocks\VZ\resident_P000_Q3.block
0x549ED0CB,animation,blocks\VZ\vehiclenameanimgroup_m2a3_P000_Q3.block
0x54A18CAE,texture,blocks\Shell\scaleform_shell_P000_Q3.block
0x54A20884,animation,blocks\VZ\characternameanimgroup_chris_P000_Q3.block
0x54A2CDD3,model,blocks\VZ\c30231_P000_Q3.block
0x54B06D41,terrainmesh,blocks\VZ\c30794_P000_Q3.block
0x54B66CB1,animation,blocks\VZ\vehiclenameanimgroup_zbd2000_P000_Q3.block
0x54BC61A2,model,blocks\VZ\c32583_P000_Q3.block
0x54BCB925,path,blocks\VZ\resident_P000_Q3.block
0x54C19574,animation,blocks\VZ\vehiclenameanimgroup_mi35_P000_Q3.block
0x54C4DFC0,model,blocks\VZ\resident2_P000_Q3.block
0x54D9A3BC,animation,blocks\VZ\vehicleclassanimgroup_autosmall_P000_Q3.block
0x54DAF367,path,blocks\VZ\resident_P000_Q3.block
0x54EE161D,animation,blocks\VZ\vehicleclassanimgroup_jetski_P000_Q3.block
0x54F5265D,animation,blocks\VZ\vehicleclassanimgroup_hmmwv_P000_Q3.block
0x5503283B,path,blocks\VZ\resident_P000_Q3.block
0x5504B991,scrub,blocks\VZ\c31103_P000_Q3.block
0x550F56EB,animation,blocks\VZ\vehicleclassanimgroup_truckmid_P000_Q3.block
0x55106214,animation,blocks\VZ\vehiclenameanimgroup_piratedancing_P000_Q3.block
0x55109C59,path,blocks\VZ\resident_P000_Q3.block
0x5511F2E3,animation,blocks\VZ\vehiclenameanimgroup_wz551_P000_Q3.block
0x55157A5B,animation,blocks\VZ\vehicleclassanimgroup_hmmwv_P000_Q3.block
0x5519D815,animation,blocks\VZ\vehiclenameanimgroup_ah1z_P000_Q3.block
0x5520AAA8,lineregion,blocks\VZ\resident_P000_Q3.block
0x5520BE52,path,blocks\VZ\resident_P000_Q3.block
0x55242411,path,blocks\VZ\resident_P000_Q3.block
0x55292E64,path,blocks\VZ\resident_P000_Q3.block
0x552BD7C4,path,blocks\VZ\resident_P000_Q3.block
0x553054F2,path,blocks\VZ\resident_P000_Q3.block
0x55348B19,path,blocks\VZ\resident_P000_Q3.block
0x554447DE,animation,blocks\VZ\vehiclenameanimgroup_mtv50cal_P000_Q3.block
0x5546CFC1,texture,blocks\Shell\scaleform_shell_P000_Q3.block
0x5551983D,lowresterrain,blocks\VZ\low_res_terrain_P000_Q3.block
0x5563F3A8,terrainmesh,blocks\VZ\c31192_P000_Q3.block
0x5565DE42,lineregion,blocks\VZ\resident_P000_Q3.block
0x556B43A1,animation,blocks\VZ\vehiclenameanimgroup_m113_P000_Q3.block
0x556B564A,path,blocks\VZ\resident_P000_Q3.block
0x556CB876,path,blocks\VZ\resident_P000_Q3.block
0x556DFDA4,texture,blocks\Shell\scaleform_shell_P000_Q3.block
0x5570999E,path,blocks\VZ\resident_P000_Q3.block
0x5578745B,animation,blocks\VZ\characternameanimgroup_chris_P000_Q3.block
0x55856E46,animation,blocks\VZ\vehiclenameanimgroup_ztz63a_P000_Q3.block
0x558AE21B,path,blocks\VZ\resident_P000_Q3.block
0x558D3884,path,blocks\VZ\resident_P000_Q3.block
0x558DB6A1,path,blocks\VZ\resident_P000_Q3.block
0x559041F8,path,blocks\VZ\resident_P000_Q3.block
0x55932BE0,path,blocks\VZ\resident_P000_Q3.block
0x559543A6,animation,blocks\VZ\vehiclenameanimgroup_dinghy_P000_Q3.block
0x559656B9,lineregion,blocks\VZ\resident_P000_Q3.block
0x559718A9,animation,blocks\VZ\resident_P000_Q3.block
0x55AC3C66,lineregion,blocks\VZ\resident_P000_Q3.block
0x55AE8AC8,animation,blocks\VZ\resident_P000_Q3.block
0x55B16CC0,path,blocks\VZ\resident_P000_Q3.block
0x55B5A40C,path,blocks\VZ\resident_P000_Q3.block
0x55BDA181,lineregion,blocks\VZ\resident_P000_Q3.block
0x55C1976F,animation,blocks\VZ\vehiclenameanimgroup_alouette3_P000_Q3.block
0x55C4CD64,path,blocks\VZ\resident_P000_Q3.block
0x55C64C35,path,blocks\VZ\resident_P000_Q3.block
0x55C72803,scrub,blocks\VZ\c30796_P000_Q3.block
0x55CBE2C8,scrub,blocks\VZ\c30721_P000_Q3.block
0x55D49B0F,animation,blocks\VZ\characternameanimgroup_chris_P000_Q3.block
0x55D65EAA,path,blocks\VZ\resident_P000_Q3.block
0x55D8ADB0,path,blocks\VZ\resident_P000_Q3.block
0x55DBCFA1,animation,blocks\VZ\vehiclenameanimgroup_amx30aa_P000_Q3.block
0x55DF6F4C,animation,blocks\VZ\resident_P000_Q3.block
0x55DFB389,path,blocks\VZ\resident_P000_Q3.block
0x55E0CCF8,animation,blocks\VZ\resident_P000_Q3.block
0x55E41DD3,animation,blocks\VZ\vehiclenameanimgroup_cigarette_P000_Q3.block
0x55E488D1,animation,blocks\VZ\characternameanimgroup_chris_P000_Q3.block
0x55F018DB,animation,blocks\VZ\characternameanimgroup_jennifer_P000_Q3.block
0x55F1B8C2,animation,blocks\VZ\vehicleclassanimgroup_truckmid_P000_Q3.block
0x55F33B41,path,blocks\VZ\resident_P000_Q3.block
0x55F43398,lineregion,blocks\VZ\resident_P000_Q3.block
0x55F574A6,model,blocks\VZ\c30616_P000_Q3.block
0x55F7F8BE,path,blocks\VZ\resident_P000_Q3.block
0x5608F6C8,animation,blocks\VZ\vehiclenameanimgroup_rpgwindow_P000_Q3.block
0x56136627,lowresterrain,blocks\VZ\low_res_terrain_P000_Q3.block
0x5614A08A,path,blocks\VZ\resident_P000_Q3.block
0x561B07F0,path,blocks\VZ\resident_P000_Q3.block
0x5622CC34,path,blocks\VZ\resident_P000_Q3.block
0x562CC2B5,animation,blocks\VZ\resident_P000_Q3.block
0x56394416,path,blocks\VZ\resident_P000_Q3.block
0x563E96A9,scrub,blocks\VZ\c31191_P000_Q3.block
0x56429159,path,blocks\VZ\resident_P000_Q3.block
0x56451E9E,model,blocks\VZ\c31118_P000_Q3.block
0x5647E6F3,lineregion,blocks\VZ\resident_P000_Q3.block
0x5648A7AF,animation,blocks\VZ\vehiclenameanimgroup_vanquish_P000_Q3.block
0x564A9486,path,blocks\VZ\resident_P000_Q3.block
0x564B04C8,animation,blocks\VZ\vehiclenameanimgroup_m113_P000_Q3.block
0x564EC39B,path,blocks\VZ\resident_P000_Q3.block
0x56540B45,path,blocks\VZ\resident_P000_Q3.block
0x56561911,path,blocks\VZ\resident_P000_Q3.block
0x5659197A,animation,blocks\VZ\vehiclenameanimgroup_huangfeng_P000_Q3.block
0x565D482E,animation,blocks\VZ\vehiclenameanimgroup_alouette3_P000_Q3.block
0x5664D943,path,blocks\VZ\resident_P000_Q3.block
0x568511C0,path,blocks\VZ\resident_P000_Q3.block
0x568602E0,lineregion,blocks\VZ\resident_P000_Q3.block
0x56910B91,animation,blocks\VZ\resident_P000_Q3.block
0x569EC84C,path,blocks\VZ\resident_P000_Q3.block
0x56AC3EBF,path,blocks\VZ\resident_P000_Q3.block
0x56AFADF0,animation,blocks\VZ\vehiclenameanimgroup_m551_P000_Q3.block
0x56B23DFF,path,blocks\VZ\resident_P000_Q3.block
0x56BF446C,lowresterrain,blocks\VZ\low_res_terrain_P000_Q3.block
0x56C34516,path,blocks\VZ\resident_P000_Q3.block
0x56C85D33,path,blocks\VZ\resident_P000_Q3.block
0x56D04AA8,model,blocks\VZ\c30790_P000_Q3.block
0x56D68175,animation,blocks\VZ\vehiclenameanimgroup_alouette3_P000_Q3.block
0x56D702E4,path,blocks\VZ\resident_P000_Q3.block
0x56F6EA8B,animation,blocks\VZ\vehiclenameanimgroup_huey_P000_Q3.block
0x5701D06C,scrub,blocks\VZ\c31277_P000_Q3.block
0x570757C6,path,blocks\VZ\resident_P000_Q3.block
0x5709E220,animation,blocks\VZ\vehicleclassanimgroup_automedium_P000_Q3.block
0x57119174,animation,blocks\VZ\vehiclenameanimgroup_escort_P000_Q3.block
0x5712784F,animation,blocks\VZ\vehiclenameanimgroup_mi35solano_P000_Q3.block
0x57160F68,animation,blocks\VZ\vehicleclassanimgroup_autosmall_P000_Q3.block
0x571ABD5A,animation,blocks\VZ\resident_P000_Q3.block
0x57207A06,animation,blocks\VZ\characternameanimgroup_mattias_P000_Q3.block
0x5725F189,animation,blocks\VZ\vehiclenameanimgroup_pgz95_P000_Q3.block
0x572CDCCD,animation,blocks\VZ\vehiclenameanimgroup_wz10_P000_Q3.block
0x572FACC6,path,blocks\VZ\resident_P000_Q3.block
0x5732B84C,path,blocks\VZ\resident_P000_Q3.block
0x57335697,path,blocks\VZ\resident_P000_Q3.block
0x5735AE5E,animation,blocks\VZ\vehicleclassanimgroup_autolargea_P000_Q3.block
0x5736B717,scrub,blocks\VZ\c31280_P000_Q3.block
0x573C7A66,path,blocks\VZ\resident_P000_Q3.block
0x57409965,animation,blocks\VZ\vehiclenameanimgroup_wz551_P000_Q3.block
0x57431295,animation,blocks\VZ\vehiclenameanimgroup_m1a2_P000_Q3.block
0x574525AE,path,blocks\VZ\resident_P000_Q3.block
0x574DDC21,path,blocks\VZ\resident_P000_Q3.block
0x574E0E2D,lowresterrain,blocks\VZ\low_res_terrain_P000_Q3.block
0x57594101,lowresterrain,blocks\VZ\low_res_terrain_P000_Q3.block
0x57606920,path,blocks\VZ\resident_P000_Q3.block
0x57667082,animation,blocks\VZ\vehicleclassanimgroup_autosmall_P000_Q3.block
0x577A208C,animation,blocks\VZ\vehiclenameanimgroup_ka29b_P000_Q3.block
0x577ACCBD,texture,blocks\Shell\scaleform_shell_P000_Q3.block
0x577E51B7,path,blocks\VZ\resident_P000_Q3.block
0x5783792B,path,blocks\VZ\resident_P000_Q3.block
0x57858438,path,blocks\VZ\resident_P000_Q3.block
0x57866313,path,blocks\VZ\resident_P000_Q3.block
0x57873A9F,terrainmesh,blocks\VZ\c31129_P000_Q3.block
0x579800E7,soundbank;sounddb,blocks\English\vo_resident_P000_Q3.block
0x57996C8F,path,blocks\VZ\resident_P000_Q3.block
0x57AD8BA3,path,blocks\VZ\resident_P000_Q3.block
0x57B26B95,path,blocks\VZ\resident_P000_Q3.block
0x57B74691,path,blocks\VZ\resident_P000_Q3.block
0x57BC810A,animation,blocks\VZ\resident_P000_Q3.block
0x57C4BD46,animation,blocks\VZ\vehiclenameanimgroup_turbosquid_P000_Q3.block
0x57D19947,path,blocks\VZ\resident_P000_Q3.block
0x57D2AEFC,effect,blocks\VZ\effects_P000_Q3.block
0x57D4561A,path,blocks\VZ\resident_P000_Q3.block
0x57DBFACD,terrainmesh,blocks\VZ\c30157_P000_Q3.block
0x57DE0DB6,animation,blocks\VZ\vehiclenameanimgroup_m151_P000_Q3.block
0x57DEDB90,path,blocks\VZ\resident_P000_Q3.block
0x57DF803A,animation,blocks\VZ\vehiclenameanimgroup_md500_P000_Q3.block
0x57E3CA36,path,blocks\VZ\resident_P000_Q3.block
0x57E7CF83,animation,blocks\VZ\characternameanimgroup_jennifer_P000_Q3.block
0x57EA580C,model,blocks\VZ\c30613_P000_Q3.block
0x57EAFC6B,scrub,blocks\VZ\c30990_P000_Q3.block
0x57F1D36B,path,blocks\VZ\resident_P000_Q3.block
0x57F882EE,animation,blocks\VZ\characternameanimgroup_mattias_P000_Q3.block
0x57F909DF,path,blocks\VZ\resident_P000_Q3.block
0x57F9518E,scrub,blocks\VZ\c30112_P000_Q3.block
0x57FDFDDB,effect,blocks\VZ\effects_P000_Q3.block
0x57FE91B4,animation,blocks\VZ\resident_P000_Q3.block
0x5802AA05,texture,blocks\Shell\scaleform_shell_P000_Q3.block
0x58057873,lineregion,blocks\VZ\resident_P000_Q3.block
0x580AA328,animation,blocks\VZ\resident_P000_Q3.block
0x580B0448,effect,blocks\VZ\effects_P000_Q3.block
0x580D7632,path,blocks\VZ\resident_P000_Q3.block
0x58164F8D,terrainmesh,blocks\VZ\c30639_P000_Q3.block
0x5817D22E,model,blocks\VZ\c30470_P000_Q3.block
0x581C990B,effect,blocks\VZ\effects_P000_Q3.block
0x581F1FAD,animation,blocks\VZ\resident_P000_Q3.block
0x5825D49B,model,blocks\VZ\c31017_P000_Q3.block
0x58266177,texture,blocks\Shell\scaleform_shell_P000_Q3.block
0x58298AB3,path,blocks\VZ\resident_P000_Q3.block
0x582B9FF4,animation,blocks\VZ\resident_P000_Q3.block
0x582BF33C,model,blocks\VZ\c30477_P000_Q3.block
0x582E79C9,path,blocks\VZ\resident_P000_Q3.block
0x58340B37,path,blocks\VZ\resident_P000_Q3.block
0x58344217,path,blocks\VZ\resident_P000_Q3.block
0x5836C664,effect,blocks\VZ\effects_P000_Q3.block
0x583D78AB,animation,blocks\VZ\vehicleclassanimgroup_autosmall_P000_Q3.block
0x5842C1C2,path,blocks\VZ\resident_P000_Q3.block
0x58431FCC,path,blocks\VZ\resident_P000_Q3.block
0x58469256,path,blocks\VZ\resident_P000_Q3.block
0x58479D8D,animation,blocks\VZ\vehiclenameanimgroup_amx30_P000_Q3.block
0x5848B661,path,blocks\VZ\resident_P000_Q3.block
0x5852134D,path,blocks\VZ\resident_P000_Q3.block
0x586789A2,animation,blocks\VZ\characternameanimgroup_mattias_P000_Q3.block
0x586D2C8C,animation,blocks\VZ\vehiclenameanimgroup_highvoltage_P000_Q3.block
0x5870F744,path,blocks\VZ\resident_P000_Q3.block
0x58721B9F,scrub,blocks\VZ\c31248_P000_Q3.block
0x5878C8F7,soundbank;sounddb;wavebank,blocks\English\vo_gurcon002.english_P000_Q3.block
0x588E6FB6,animation,blocks\VZ\vehicleclassanimgroup_automedium_P000_Q3.block
0x5891A14C,path,blocks\VZ\resident_P000_Q3.block
0x58A384EF,animation,blocks\VZ\vehiclenameanimgroup_m551_P000_Q3.block
0x58AFD27A,path,blocks\VZ\resident_P000_Q3.block
0x58B35C8C,lineregion,blocks\VZ\resident_P000_Q3.block
0x58B3F137,model,blocks\VZ\resident2_P000_Q3.block
0x58BD0C14,path,blocks\VZ\resident_P000_Q3.block
0x58BE97EE,path,blocks\VZ\resident_P000_Q3.block
0x58BF98E3,path,blocks\VZ\resident_P000_Q3.block
0x58C302BC,animation,blocks\VZ\vehicleclassanimgroup_autolargeb_P000_Q3.block
0x58C9F3FE,path,blocks\VZ\resident_P000_Q3.block
0x58CC415B,terrainmesh,blocks\VZ\c30313_P000_Q3.block
0x58D18419,animation,blocks\VZ\vehicleclassanimgroup_monstertruck_P000_Q3.block
0x58D4C45E,path,blocks\VZ\resident_P000_Q3.block
0x58D857C1,path,blocks\VZ\resident_P000_Q3.block
0x58DF64D7,path,blocks\VZ\resident_P000_Q3.block
0x58E40AEE,path,blocks\VZ\resident_P000_Q3.block
0x58ECBBEF,path,blocks\VZ\resident_P000_Q3.block
0x58EE327C,path,blocks\VZ\resident_P000_Q3.block
0x5901C125,terrainmesh,blocks\VZ\c30397_P000_Q3.block
0x5901F903,path,blocks\VZ\resident_P000_Q3.block
0x59096489,lineregion,blocks\VZ\resident_P000_Q3.block
0x590ADFAA,animation,blocks\VZ\vehiclenameanimgroup_alouette3_P000_Q3.block
0x590B25C8,path,blocks\VZ\resident_P000_Q3.block
0x5915EC55,path,blocks\VZ\resident_P000_Q3.block
0x5918B40C,lineregion,blocks\VZ\resident_P000_Q3.block
0x5919B3DC,path,blocks\VZ\resident_P000_Q3.block
0x5922C31A,animation,blocks\VZ\vehiclenameanimgroup_scorpion90_P000_Q3.block
0x592416AC,path,blocks\VZ\resident_P000_Q3.block
0x59274FA9,path,blocks\VZ\resident_P000_Q3.block
0x592BF941,model,blocks\VZ\c30415_P000_Q3.block
0x5931C2F9,animation,blocks\VZ\vehicleclassanimgroup_hmmwv_P000_Q3.block
0x593A1558,path,blocks\VZ\resident_P000_Q3.block
0x593E02DB,animation,blocks\VZ\vehiclenameanimgroup_wz10_P000_Q3.block
0x593E6488,path,blocks\VZ\resident_P000_Q3.block
0x594AF22C,path,blocks\VZ\resident_P000_Q3.block
0x594D8023,animation,blocks\VZ\vehicleclassanimgroup_automedium_P000_Q3.block
0x594E4197,path,blocks\VZ\resident_P000_Q3.block
0x594FDCD6,animation,blocks\VZ\vehiclenameanimgroup_mi35solano_P000_Q3.block
0x59509120,path,blocks\VZ\resident_P000_Q3.block
0x5952B1FD,animation,blocks\VZ\vehiclenameanimgroup_wz10_P000_Q3.block
0x595B4F2C,lineregion,blocks\VZ\resident_P000_Q3.block
0x595BE791,path,blocks\VZ\resident_P000_Q3.block
0x595C6F87,animation,blocks\VZ\vehicleclassanimgroup_autosmall_P000_Q3.block
0x595D322C,path,blocks\VZ\resident_P000_Q3.block
0x5963BC1D,animation,blocks\VZ\resident_P000_Q3.block
0x5968123B,animation,blocks\VZ\vehiclenameanimgroup_huey_P000_Q3.block
0x59825B9E,terrainmesh,blocks\VZ\c31234_P000_Q3.block
0x59880695,model,blocks\VZ\c33292_P000_Q3.block
0x598DC1C7,lineregion,blocks\VZ\resident_P000_Q3.block
0x598F8A6D,animation,blocks\VZ\vehiclenameanimgroup_mh53j_P000_Q3.block
0x59A24324,effect,blocks\VZ\effects_P000_Q3.block
0x59A734C9,path,blocks\VZ\resident_P000_Q3.block
0x59A9979A,path,blocks\VZ\resident_P000_Q3.block
0x59AAFF88,animation,blocks\VZ\characternameanimgroup_mattias_P000_Q3.block
0x59B0EB08,path,blocks\VZ\resident_P000_Q3.block
0x59B4FD8F,lineregion,blocks\VZ\resident_P000_Q3.block
0x59B6DB7E,scrub,blocks\VZ\c31349_P000_Q3.block
0x59C0097A,animation,blocks\VZ\vehiclenameanimgroup_ks750_P000_Q3.block
0x59D0075E,animation,blocks\VZ\vehicleclassanimgroup_jetski_P000_Q3.block
0x59D495EB,animation,blocks\VZ\vehiclenameanimgroup_m1a2_P000_Q3.block
0x59D6B5FF,path,blocks\VZ\resident_P000_Q3.block
0x59DC6959,terrainmesh,blocks\VZ\c30745_P000_Q3.block
0x59DE831B,path,blocks\VZ\resident_P000_Q3.block
0x59DF84E7,path,blocks\VZ\resident_P000_Q3.block
0x59E119FC,scrub,blocks\VZ\c31350_P000_Q3.block
0x59F37782,texture,blocks\Shell\scaleform_shell_P000_Q3.block
0x59F90FA8,animation,blocks\VZ\vehiclenameanimgroup_m1a2_P000_Q3.block
0x59FEA859,path,blocks\VZ\resident_P000_Q3.block
0x5A0A6919,path,blocks\VZ\resident_P000_Q3.block
0x5A0EFC5D,path,blocks\VZ\resident_P000_Q3.block
0x5A176735,path,blocks\VZ\resident_P000_Q3.block
0x5A192987,lineregion,blocks\VZ\resident_P000_Q3.block
0x5A1A4A55,animation,blocks\VZ\vehiclenameanimgroup_zbd2000_P000_Q3.block
0x5A27BF6F,lowresterrain,blocks\VZ\low_res_terrain_P000_Q3.block
0x5A2BC206,lineregion,blocks\VZ\resident_P000_Q3.block
0x5A418DBE,path,blocks\VZ\resident_P000_Q3.block
0x5A46C360,animation,blocks\VZ\vehiclenameanimgroup_sportbike_P000_Q3.block
0x5A494A40,path,blocks\VZ\resident_P000_Q3.block
0x5A4FEEE5,path,blocks\VZ\resident_P000_Q3.block
0x5A52217E,path,blocks\VZ\resident_P000_Q3.block
0x5A5BBE48,path,blocks\VZ\resident_P000_Q3.block
0x5A5F76CD,path,blocks\VZ\resident_P000_Q3.block
0x5A63C404,animation,blocks\VZ\vehicleclassanimgroup_autolargec_P000_Q3.block
0x5A6853AE,path,blocks\VZ\resident_P000_Q3.block
0x5A691221,animation,blocks\VZ\resident_P000_Q3.block
0x5A6DC2F3,terrainmesh,blocks\VZ\c30092_P000_Q3.block
0x5A6F9B4C,animation,blocks\VZ\vehiclenameanimgroup_m2a3_P000_Q3.block
0x5A802A46,path,blocks\VZ\resident_P000_Q3.block
0x5A814816,texture,blocks\Shell\scaleform_shell_P000_Q3.block
0x5A81EF38,animation,blocks\VZ\vehiclenameanimgroup_markv_P000_Q3.block
0x5A871D09,lineregion,blocks\VZ\resident_P000_Q3.block
0x5A89C52A,path,blocks\VZ\resident_P000_Q3.block
0x5A8AC865,animation,blocks\VZ\vehicleclassanimgroup_jetski_P000_Q3.block
0x5A8CA6BF,lowresterrain,blocks\VZ\low_res_terrain_P000_Q3.block
0x5A989875,animation,blocks\VZ\characternameanimgroup_chris_P000_Q3.block
0x5A9ADE41,path,blocks\VZ\resident_P000_Q3.block
0x5AA7BF84,animation,blocks\VZ\vehiclenameanimgroup_guerilla_P000_Q3.block
0x5AABF05A,animation,blocks\VZ\vehiclenameanimgroup_dinghy_P000_Q3.block
0x5AB21B84,model,blocks\VZ\c31045_P000_Q3.block
0x5AB27302,path,blocks\VZ\resident_P000_Q3.block
0x5ACA3552,path,blocks\VZ\resident_P000_Q3.block
0x5ACC7C2E,path,blocks\VZ\resident_P000_Q3.block
0x5ACE7ED4,animation,blocks\VZ\vehiclenameanimgroup_mh53j_P000_Q3.block
0x5ACF1711,path,blocks\VZ\resident_P000_Q3.block
0x5ACF835B,lowresterrain,blocks\VZ\low_res_terrain_P000_Q3.block
0x5AD2567A,texture,blocks\Shell\scaleform_shell_P000_Q3.block
0x5AD486E4,lowresterrain,blocks\VZ\low_res_terrain_P000_Q3.block
0x5AE13A2E,animation,blocks\VZ\vehicleclassanimgroup_tank_P000_Q3.block
0x5AE2CEF2,animation,blocks\VZ\characternameanimgroup_jennifer_P000_Q3.block
0x5AEA56AE,path,blocks\VZ\resident_P000_Q3.block
0x5AEF1A2B,path,blocks\VZ\resident_P000_Q3.block
0x5AF800E1,path,blocks\VZ\resident_P000_Q3.block
0x5B041F35,scrub,blocks\VZ\c30295_P000_Q3.block
0x5B0BC05F,path,blocks\VZ\resident_P000_Q3.block
0x5B12597F,animation,blocks\VZ\resident_P000_Q3.block
0x5B15D180,effect,blocks\VZ\effects_P000_Q3.block
0x5B1B2312,texture,blocks\Shell\scaleform_shell_P000_Q3.block
0x5B21EEEC,path,blocks\VZ\resident_P000_Q3.block
0x5B223769,effect,blocks\VZ\effects_P000_Q3.block
0x5B250EC8,scrub,blocks\VZ\c30848_P000_Q3.block
0x5B279F38,path,blocks\VZ\resident_P000_Q3.block
0x5B28C367,lineregion,blocks\VZ\resident_P000_Q3.block
0x5B2D0D7D,path,blocks\VZ\resident_P000_Q3.block
0x5B2EAACA,texture,blocks\Shell\scaleform_shell_P000_Q3.block
0x5B30DAD0,scrub,blocks\VZ\c31272_P000_Q3.block
0x5B3352AD,animation,blocks\VZ\vehiclenameanimgroup_dragster_P000_Q3.block
0x5B343817,texture,blocks\Shell\lti_precache5_P000_Q3.block
0x5B369F4E,texture,blocks\Shell\scaleform_shell_P000_Q3.block
0x5B37C6D6,model,blocks\VZ\c30790_P000_Q3.block
0x5B3AFE68,model,blocks\VZ\resident2_P000_Q3.block
0x5B3E295F,path,blocks\VZ\resident_P000_Q3.block
0x5B3F7B96,model,blocks\VZ\resident2_P000_Q3.block
0x5B449A9C,texture,blocks\Shell\scaleform_shell_P000_Q3.block
0x5B56BE8B,path,blocks\VZ\resident_P000_Q3.block
0x5B571BB3,scrub,blocks\VZ\c31272_P000_Q3.block
0x5B5B3BB9,path,blocks\VZ\resident_P000_Q3.block
0x5B65FFD3,animation,blocks\VZ\vehiclenameanimgroup_mh53j_P000_Q3.block
0x5B67B633,path,blocks\VZ\resident_P000_Q3.block
0x5B6E3071,animation,blocks\VZ\vehiclenameanimgroup_stingray_P000_Q3.block
0x5B7B0F72,animation,blocks\VZ\vehicleclassanimgroup_autolargec_P000_Q3.block
0x5B80A1B6,lineregion,blocks\VZ\resident_P000_Q3.block
0x5B852884,path,blocks\VZ\resident_P000_Q3.block
0x5B8782FB,path,blocks\VZ\resident_P000_Q3.block
0x5B898FF8,path,blocks\VZ\resident_P000_Q3.block
0x5B8C0029,path,blocks\VZ\resident_P000_Q3.block
0x5B926CEB,animation,blocks\VZ\vehiclenameanimgroup_ah1z_P000_Q3.block
0x5B935D52,path,blocks\VZ\resident_P000_Q3.block
0x5BA8EBC8,animation,blocks\VZ\vehiclenameanimgroup_wz10_P000_Q3.block
0x5BB4653C,scrub,blocks\VZ\c30513_P000_Q3.block
0x5BB6D591,path,blocks\VZ\resident_P000_Q3.block
0x5BBAC625,scrub,blocks\VZ\c30983_P000_Q3.block
0x5BC56E6A,animation,blocks\VZ\vehicleclassanimgroup_tank_P000_Q3.block
0x5BCCD593,animation,blocks\VZ\vehiclenameanimgroup_recoilless_P000_Q3.block
0x5BD5AA3F,model,blocks\VZ\c32491_P000_Q3.block
0x5BE0EE07,animation,blocks\VZ\vehiclenameanimgroup_mi35_P000_Q3.block
0x5BE51241,scrub,blocks\VZ\c31244_P000_Q3.block
0x5BF1061C,path,blocks\VZ\resident_P000_Q3.block
0x5C003DFD,animation,blocks\VZ\vehicleclassanimgroup_hmmwv_P000_Q3.block
0x5C02AF8F,animation,blocks\VZ\vehiclenameanimgroup_huangfeng_P000_Q3.block
0x5C120C64,animation,blocks\VZ\vehiclenameanimgroup_amx30aa_P000_Q3.block
0x5C1761E6,scrub,blocks\VZ\c30073_P000_Q3.block
0x5C229AA7,path,blocks\VZ\resident_P000_Q3.block
0x5C2687C9,terrainmesh,blocks\VZ\c31353_P000_Q3.block
0x5C2A7BBB,animation,blocks\VZ\vehiclenameanimgroup_ka29b_P000_Q3.block
0x5C3165D1,animation,blocks\VZ\vehiclenameanimgroup_dinghy_P000_Q3.block
0x5C36F9AF,animation,blocks\VZ\vehiclenameanimgroup_amx30_P000_Q3.block
0x5C3E3CA3,path,blocks\VZ\resident_P000_Q3.block
0x5C48FD01,animation,blocks\VZ\vehicleclassanimgroup_chair_P000_Q3.block
0x5C516F73,path,blocks\VZ\resident_P000_Q3.block
0x5C53E3EC,path,blocks\VZ\resident_P000_Q3.block
0x5C5671DA,path,blocks\VZ\resident_P000_Q3.block
0x5C5C30B3,path,blocks\VZ\resident_P000_Q3.block
0x5C5FDF35,scrub,blocks\VZ\c30082_P000_Q3.block
0x5C6096DD,path,blocks\VZ\resident_P000_Q3.block
0x5C62C6BF,path,blocks\VZ\resident_P000_Q3.block
0x5C7BDB27,animation,blocks\VZ\characternameanimgroup_chris_P000_Q3.block
0x5C7F2A49,scrub,blocks\VZ\c31238_P000_Q3.block
0x5C813DF9,path,blocks\VZ\resident_P000_Q3.block
0x5C827230,animation,blocks\VZ\vehiclenameanimgroup_quid50_P000_Q3.block
0x5C8446A4,path,blocks\VZ\resident_P000_Q3.block
0x5C868B8C,animation,blocks\VZ\vehiclenameanimgroup_huangfeng_P000_Q3.block
0x5C8875BF,path,blocks\VZ\resident_P000_Q3.block
0x5C8BCC8D,lineregion,blocks\VZ\resident_P000_Q3.block
0x5CA0B0C7,animation,blocks\VZ\vehiclenameanimgroup_mh53j_P000_Q3.block
0x5CAABE21,scrub,blocks\VZ\c31466_P000_Q3.block
0x5CB1CEA1,texture,blocks\Shell\scaleform_shell_P000_Q3.block
0x5CB307C8,path,blocks\VZ\resident_P000_Q3.block
0x5CBFAC20,path,blocks\VZ\resident_P000_Q3.block
0x5CCA912A,scrub,blocks\VZ\c30219_P000_Q3.block
0x5CD83B71,path,blocks\VZ\resident_P000_Q3.block
0x5CE0E1DB,scrub,blocks\VZ\c30579_P000_Q3.block
0x5CE9195D,animation,blocks\VZ\vehiclenameanimgroup_vanquish_P000_Q3.block
0x5CF62EE0,animation,blocks\VZ\resident_P000_Q3.block
0x5CF9BA30,effect,blocks\VZ\effects_P000_Q3.block
0x5CFEA340,animation,blocks\VZ\resident_P000_Q3.block
0x5CFF228C,animation,blocks\VZ\vehiclenameanimgroup_smallfishing_P000_Q3.block
0x5D004972,animation,blocks\VZ\vehiclenameanimgroup_ztz98_P000_Q3.block
0x5D01A2D2,path,blocks\VZ\resident_P000_Q3.block
0x5D1AD66B,path,blocks\VZ\resident_P000_Q3.block
0x5D1EDDBF,path,blocks\VZ\resident_P000_Q3.block
0x5D2472C7,animation,blocks\VZ\characternameanimgroup_jennifer_P000_Q3.block
0x5D2A441A,scrub,blocks\VZ\c30721_P000_Q3.block
0x5D2E359B,model,blocks\VZ\resident2_P000_Q3.block
0x5D2E3658,scrub,blocks\VZ\c31106_P000_Q3.block
0x5D2FEE96,scrub,blocks\VZ\c31283_P000_Q3.block
0x5D34759A,animation,blocks\VZ\vehiclenameanimgroup_tow_P000_Q3.block
0x5D361497,path,blocks\VZ\resident_P000_Q3.block
0x5D3712BA,path,blocks\VZ\resident_P000_Q3.block
0x5D40F80E,lowresterrain,blocks\VZ\low_res_terrain_P000_Q3.block
0x5D44AC66,lineregion,blocks\VZ\resident_P000_Q3.block
0x5D49FD03,texture,blocks\Shell\scaleform_shell_P000_Q3.block
0x5D4E4641,path,blocks\VZ\resident_P000_Q3.block
0x5D5B2005,animation,blocks\VZ\resident_P000_Q3.block
0x5D5C5C41,path,blocks\VZ\resident_P000_Q3.block
0x5D69EF19,terrainmesh,blocks\VZ\c30727_P000_Q3.block
0x5D71423C,path,blocks\VZ\resident_P000_Q3.block
0x5D75A271,animation,blocks\VZ\vehicleclassanimgroup_coinbinoculars_P000_Q3.block
0x5D841AA6,animation,blocks\VZ\resident_P000_Q3.block
0x5D865816,path,blocks\VZ\resident_P000_Q3.block
0x5D89593A,animation,blocks\VZ\resident_P000_Q3.block
0x5D8A5A5A,path,blocks\VZ\resident_P000_Q3.block
0x5D924067,path,blocks\VZ\resident_P000_Q3.block
0x5D94C428,animation,blocks\VZ\resident_P000_Q3.block
0x5D9C4BF4,path,blocks\VZ\resident_P000_Q3.block
0x5D9C5890,path,blocks\VZ\resident_P000_Q3.block
0x5D9F1BB6,scrub,blocks\VZ\c31070_P000_Q3.block
0x5DA2A53E,animation,blocks\VZ\characternameanimgroup_chris_P000_Q3.block
0x5DA5E8B7,animation,blocks\VZ\resident_P000_Q3.block
0x5DA6BD31,path,blocks\VZ\resident_P000_Q3.block
0x5DA903C7,path,blocks\VZ\resident_P000_Q3.block
0x5DAFE57B,path,blocks\VZ\resident_P000_Q3.block
0x5DB03C60,lowresterrain,blocks\VZ\low_res_terrain_P000_Q3.block
0x5DBB310B,model,blocks\VZ\c33294_P000_Q3.block
0x5DBBC304,path,blocks\VZ\resident_P000_Q3.block
0x5DC8CCF7,terrainmesh,blocks\VZ\c30080_P000_Q3.block
0x5DCA3A1E,soundbank;sounddb;wavebank,blocks\English\vo_job_all_nicholas.english_P000_Q3.block
0x5DD047CA,animation,blocks\VZ\vehiclenameanimgroup_ztz98_P000_Q3.block
0x5DE2802E,path,blocks\VZ\resident_P000_Q3.block
0x5DE360D8,animation,blocks\VZ\resident_P000_Q3.block
0x5DE43D4F,path,blocks\VZ\resident_P000_Q3.block
0x5DE47891,animation,blocks\VZ\characternameanimgroup_chris_P000_Q3.block
0x5DE7F52F,texture,blocks\Shell\scaleform_shell_P000_Q3.block
0x5DE9152C,lineregion,blocks\VZ\resident_P000_Q3.block
0x5DE92DA5,path,blocks\VZ\resident_P000_Q3.block
0x5DEA33BE,lineregion,blocks\VZ\resident_P000_Q3.block
0x5DF1EC20,animation,blocks\VZ\vehiclenameanimgroup_m1a2_P000_Q3.block
0x5DF8B5F2,lineregion,blocks\VZ\resident_P000_Q3.block
0x5DFB19C0,effect,blocks\VZ\effects_P000_Q3.block
0x5DFE1D2F,scrub,blocks\VZ\c30053_P000_Q3.block
0x5E00F5DE,terrainmesh,blocks\VZ\c30075_P000_Q3.block
0x5E060CA6,animation,blocks\VZ\vehiclenameanimgroup_cutter_P000_Q3.block
0x5E079D62,animation,blocks\VZ\resident_P000_Q3.block
0x5E0D81FA,path,blocks\VZ\resident_P000_Q3.block
0x5E161A6A,path,blocks\VZ\resident_P000_Q3.block
0x5E1B9DC8,path,blocks\VZ\resident_P000_Q3.block
0x5E1C44DB,terrainmesh,blocks\VZ\c30338_P000_Q3.block
0x5E21C2AB,animation,blocks\VZ\vehiclenameanimgroup_v22_P000_Q3.block
0x5E25DC3F,animation,blocks\VZ\resident_P000_Q3.block
0x5E2743F8,path,blocks\VZ\resident_P000_Q3.block
0x5E2AC3E0,animation,blocks\VZ\vehiclenameanimgroup_cigarette_P000_Q3.block
0x5E2D1779,path,blocks\VZ\resident_P000_Q3.block
0x5E3B8861,path,blocks\VZ\resident_P000_Q3.block
0x5E3F7A83,model,blocks\VZ\c33296_P000_Q3.block
0x5E4063AF,animation,blocks\VZ\vehiclenameanimgroup_swamp_P000_Q3.block
0x5E4F1E4C,path,blocks\VZ\resident_P000_Q3.block
0x5E502E57,animation,blocks\VZ\vehiclenameanimgroup_alouette3_P000_Q3.block
0x5E511DAE,animation,blocks\VZ\vehicleclassanimgroup_autolargea_P000_Q3.block
0x5E546DB4,animation,blocks\VZ\vehiclenameanimgroup_scorpion90_P000_Q3.block
0x5E551738,scrub,blocks\VZ\c30714_P000_Q3.block
0x5E5582A1,animation,blocks\VZ\vehiclenameanimgroup_mi35solano_P000_Q3.block
0x5E579A6F,scrub,blocks\VZ\c30112_P000_Q3.block
0x5E5CA6AD,animation,blocks\VZ\vehiclenameanimgroup_highvoltage_P000_Q3.block
0x5E5D1708,effect,blocks\VZ\effects_P000_Q3.block
0x5E641634,path,blocks\VZ\resident_P000_Q3.block
0x5E6B20D7,path,blocks\VZ\resident_P000_Q3.block
0x5E75389E,animation,blocks\VZ\vehicleclassanimgroup_autolargeb_P000_Q3.block
0x5E768C97,path,blocks\VZ\resident_P000_Q3.block
0x5E7D7B16,animation,blocks\VZ\vehiclenameanimgroup_tow_P000_Q3.block
0x5E81EC5D,terrainmesh,blocks\VZ\c30213_P000_Q3.block
0x5E834F77,terrainmesh,blocks\VZ\c30312_P000_Q3.block
0x5E8ACDD8,path,blocks\VZ\resident_P000_Q3.block
0x5E8D233F,path,blocks\VZ\resident_P000_Q3.block
0x5E94708E,animation,blocks\VZ\resident_P000_Q3.block
0x5EA13A89,scrub,blocks\VZ\c30795_P000_Q3.block
0x5EAA4511,path,blocks\VZ\resident_P000_Q3.block
0x5EAE5934,path,blocks\VZ\resident_P000_Q3.block
0x5EB2D662,path,blocks\VZ\resident_P000_Q3.block
0x5EB2E353,path,blocks\VZ\resident_P000_Q3.block
0x5EB2E58D,texture,blocks\Shell\scaleform_shell_P000_Q3.block
0x5EB2ED83,path,blocks\VZ\resident_P000_Q3.block
0x5EB5AAF0,scrub,blocks\VZ\c30074_P000_Q3.block
0x5EB71402,animation,blocks\VZ\vehiclenameanimgroup_m151_P000_Q3.block
0x5EC8AD99,animation,blocks\VZ\vehiclenameanimgroup_alouette3_P000_Q3.block
0x5ECD18B5,model,blocks\VZ\c30618_P000_Q3.block
0x5ED054FB,animation,blocks\VZ\characternameanimgroup_mattias_P000_Q3.block
0x5EE6E09E,path,blocks\VZ\resident_P000_Q3.block
0x5EE9928D,lowresterrain,blocks\VZ\low_res_terrain_P000_Q3.block
0x5EEA0066,scrub,blocks\VZ\c30052_P000_Q3.block
0x5EEB2E58,effect,blocks\VZ\effects_P000_Q3.block
0x5EFFDAE9,animation,blocks\VZ\resident_P000_Q3.block
0x5F024DB0,path,blocks\VZ\resident_P000_Q3.block
0x5F056793,terrainmesh,blocks\VZ\c30060_P000_Q3.block
0x5F08ECF9,path,blocks\VZ\resident_P000_Q3.block
0x5F11CB20,lowresterrain,blocks\VZ\low_res_terrain_P000_Q3.block
0x5F1A9B88,path,blocks\VZ\resident_P000_Q3.block
0x5F225582,path,blocks\VZ\resident_P000_Q3.block
0x5F29B599,animation,blocks\VZ\vehiclenameanimgroup_mi35_P000_Q3.block
0x5F2D97EC,lineregion,blocks\VZ\resident_P000_Q3.block
0x5F322377,animation,blocks\VZ\resident_P000_Q3.block
0x5F39BA65,path,blocks\VZ\resident_P000_Q3.block
0x5F3A54BC,scrub,blocks\VZ\c31518_P000_Q3.block
0x5F3D74D5,path,blocks\VZ\resident_P000_Q3.block
0x5F52E12A,path,blocks\VZ\resident_P000_Q3.block
0x5F561976,path,blocks\VZ\resident_P000_Q3.block
0x5F592EFA,path,blocks\VZ\resident_P000_Q3.block
0x5F676CC6,path,blocks\VZ\resident_P000_Q3.block
0x5F743FEC,model,blocks\VZ\resident2_P000_Q3.block
0x5F7E1155,path,blocks\VZ\resident_P000_Q3.block
0x5F8EB8D3,path,blocks\VZ\resident_P000_Q3.block
0x5F8F8FC3,path,blocks\VZ\resident_P000_Q3.block
0x5F972D89,path,blocks\VZ\resident_P000_Q3.block
0x5F9A6160,path,blocks\VZ\resident_P000_Q3.block
0x5F9ADF42,animation,blocks\VZ\vehiclenameanimgroup_zbd2000_P000_Q3.block
0x5F9EC5AA,path,blocks\VZ\resident_P000_Q3.block
0x5FAD5E50,animation,blocks\VZ\vehiclenameanimgroup_ah1z_P000_Q3.block
0x5FB457CE,animation,blocks\VZ\vehiclenameanimgroup_armwrestle_P000_Q3.block
0x5FBE3271,animation,blocks\VZ\vehiclenameanimgroup_mh53j_P000_Q3.block
0x5FC1A5A8,lowresterrain,blocks\VZ\low_res_terrain_P000_Q3.block
0x5FCF7952,path,blocks\VZ\resident_P000_Q3.block
0x5FD61D9D,path,blocks\VZ\resident_P000_Q3.block
0x5FDB13B4,path,blocks\VZ\resident_P000_Q3.block
0x5FDC4C5F,lineregion,blocks\VZ\resident_P000_Q3.block
0x5FDF90E2,path,blocks\VZ\resident_P000_Q3.block
0x5FE6468A,path,blocks\VZ\resident_P000_Q3.block
0x5FE7CD5E,path,blocks\VZ\resident_P000_Q3.block
0x5FF11589,animation,blocks\VZ\vehiclenameanimgroup_turbosquid_P000_Q3.block
0x5FF68A5F,path,blocks\VZ\resident_P000_Q3.block
0x5FFB205E,animation,blocks\VZ\characternameanimgroup_mattias_P000_Q3.block
0x6001836D,animation,blocks\VZ\vehiclenameanimgroup_m2a3_P000_Q3.block
0x6009519D,path,blocks\VZ\resident_P000_Q3.block
0x600A9DA4,path,blocks\VZ\resident_P000_Q3.block
0x600EDC85,animation,blocks\VZ\characternameanimgroup_chris_P000_Q3.block
0x6011F2D6,animation,blocks\VZ\vehiclenameanimgroup_md500_P000_Q3.block
0x6012CBAE,scrub,blocks\VZ\c31375_P000_Q3.block
0x60160D21,path,blocks\VZ\resident_P000_Q3.block
0x6016F574,terrainmesh,blocks\VZ\c30302_P000_Q3.block
0x601789C2,path,blocks\VZ\resident_P000_Q3.block
0x601DBA3E,scrub,blocks\VZ\c30912_P000_Q3.block
0x60206F90,path,blocks\VZ\resident_P000_Q3.block
0x602D521A,lowresterrain,blocks\VZ\low_res_terrain_P000_Q3.block
0x60307E10,animation,blocks\VZ\vehiclenameanimgroup_huey_P000_Q3.block
0x60335F40,path,blocks\VZ\resident_P000_Q3.block
0x604149F9,effect,blocks\VZ\effects_P000_Q3.block
0x60465420,path,blocks\VZ\resident_P000_Q3.block
0x60497640,model,blocks\VZ\c31478_P000_Q3.block
0x604A9CF5,path,blocks\VZ\resident_P000_Q3.block
0x604ABE34,animation,blocks\VZ\vehiclenameanimgroup_armwrestle_P000_Q3.block
0x6050A315,model,blocks\VZ\c30704_P000_Q3.block
0x60572DEE,animation,blocks\VZ\vehiclenameanimgroup_md500_P000_Q3.block
0x605BED65,path,blocks\VZ\resident_P000_Q3.block
0x606ACBB8,path,blocks\VZ\resident_P000_Q3.block
0x60754D78,lineregion,blocks\VZ\resident_P000_Q3.block
0x60775A84,terrainmesh,blocks\VZ\c30827_P000_Q3.block
0x60779E16,animation,blocks\VZ\vehiclenameanimgroup_ztz63a_P000_Q3.block
0x6077B1B2,path,blocks\VZ\resident_P000_Q3.block
0x607CF393,path,blocks\VZ\resident_P000_Q3.block
0x608041FA,model,blocks\VZ\c31017_P000_Q3.block
0x60882656,path,blocks\VZ\resident_P000_Q3.block
0x60894D81,animation,blocks\VZ\vehiclenameanimgroup_pgz95_P000_Q3.block
0x6089B55D,animation,blocks\VZ\vehicleclassanimgroup_drinkingfountain_P000_Q3.block
0x608C5734,animation,blocks\VZ\vehiclenameanimgroup_markv_P000_Q3.block
0x609314AC,texture,blocks\Shell\scaleform_shell_P000_Q3.block
0x6093D595,path,blocks\VZ\resident_P000_Q3.block
0x6098A91C,path,blocks\VZ\resident_P000_Q3.block
0x609E39FA,animation,blocks\VZ\resident_P000_Q3.block
0x60A37B9A,path,blocks\VZ\resident_P000_Q3.block
0x60A4909A,lineregion,blocks\VZ\resident_P000_Q3.block
0x60A4EEF3,model,blocks\VZ\c30006_P000_Q3.block
0x60AB3105,lineregion,blocks\VZ\resident_P000_Q3.block
0x60AEAFE0,path,blocks\VZ\resident_P000_Q3.block
0x60B05133,chatter,blocks\VZ\resident_P000_Q3.block
0x60B58DD1,animation,blocks\VZ\vehiclenameanimgroup_stingray_P000_Q3.block
0x60CA5740,path,blocks\VZ\resident_P000_Q3.block
0x60CD5234,path,blocks\VZ\resident_P000_Q3.block
0x60D94E24,path,blocks\VZ\resident_P000_Q3.block
0x60E12625,path,blocks\VZ\resident_P000_Q3.block
0x60E34D42,path,blocks\VZ\resident_P000_Q3.block
0x60ED5731,animation,blocks\VZ\vehiclenameanimgroup_turbosquid_P000_Q3.block
0x60EFD689,path,blocks\VZ\resident_P000_Q3.block
0x60F3EA2A,path,blocks\VZ\resident_P000_Q3.block
0x60F548E6,animation,blocks\VZ\vehiclenameanimgroup_wz551_P000_Q3.block
0x60F97C68,animation,blocks\VZ\vehiclenameanimgroup_md500_P000_Q3.block
0x610EB856,path,blocks\VZ\resident_P000_Q3.block
0x611C2C78,path,blocks\VZ\resident_P000_Q3.block
0x611EE6D4,soundbank;sounddb;wavebank,blocks\English\vo_allcon002.english_P000_Q3.block
0x61235100,texture,blocks\Shell\scaleform_shell_P000_Q3.block
0x6126FAB7,lowresterrain,blocks\VZ\low_res_terrain_P000_Q3.block
0x612B83A2,path,blocks\VZ\resident_P000_Q3.block
0x61437A44,animation,blocks\VZ\characternameanimgroup_prdrinker_P000_Q3.block
0x614E6D21,effect,blocks\VZ\effects_P000_Q3.block
0x6152A74A,animation,blocks\VZ\characternameanimgroup_mattias_P000_Q3.block
0x6156A8D3,path,blocks\VZ\resident_P000_Q3.block
0x615B6935,animation,blocks\VZ\vehiclenameanimgroup_ah1z_P000_Q3.block
0x61603410,scrub,blocks\VZ\c30912_P000_Q3.block
0x616E8177,path,blocks\VZ\resident_P000_Q3.block
0x6176397E,texture,blocks\Shell\scaleform_shell_P000_Q3.block
0x61764C88,path,blocks\VZ\resident_P000_Q3.block
0x61785F92,path,blocks\VZ\resident_P000_Q3.block
0x617A117C,path,blocks\VZ\resident_P000_Q3.block
0x617E71EC,animation,blocks\VZ\resident_P000_Q3.block
0x617F8B7C,terrainmesh,blocks\VZ\c30641_P000_Q3.block
0x6181C93A,lineregion,blocks\VZ\resident_P000_Q3.block
0x61868F61,animation,blocks\VZ\vehiclenameanimgroup_ewan_P000_Q3.block
0x6198CBC0,texture,blocks\Shell\scaleform_shell_P000_Q3.block
0x619C91E1,materialparam,blocks\VZ\resident_P000_Q3.block
0x61A67580,path,blocks\VZ\resident_P000_Q3.block
0x61AD354F,effect,blocks\VZ\effects_P000_Q3.block
0x61B0138E,animation,blocks\VZ\vehiclenameanimgroup_cigarette_P000_Q3.block
0x61B1BF5B,animation,blocks\VZ\resident_P000_Q3.block
0x61BDA5BB,path,blocks\VZ\resident_P000_Q3.block
0x61BEAA4F,path,blocks\VZ\resident_P000_Q3.block
0x61BEE210,path,blocks\VZ\resident_P000_Q3.block
0x61D08708,path,blocks\VZ\resident_P000_Q3.block
0x61D233F5,path,blocks\VZ\resident_P000_Q3.block
0x61DC76C2,path,blocks\VZ\resident_P000_Q3.block
0x61DD72C5,animation,blocks\VZ\vehiclenameanimgroup_type 14310_P000_Q3.block
0x61E407BC,path,blocks\VZ\resident_P000_Q3.block
0x61EB4536,path,blocks\VZ\resident_P000_Q3.block
0x61EC28E8,animation,blocks\VZ\vehiclenameanimgroup_mi35_P000_Q3.block
0x61EE621D,animation,blocks\VZ\vehiclenameanimgroup_ka29b_P000_Q3.block
0x61F560E0,path,blocks\VZ\resident_P000_Q3.block
0x61F7394E,path,blocks\VZ\resident_P000_Q3.block
0x61F7DA40,animation,blocks\VZ\vehiclenameanimgroup_ks750_P000_Q3.block
0x61FECB7D,path,blocks\VZ\resident_P000_Q3.block
0x61FF7945,animation,blocks\VZ\vehiclenameanimgroup_md500_P000_Q3.block
0x620004E4,animation,blocks\VZ\vehicleclassanimgroup_monstertruck_P000_Q3.block
0x6202B1A4,animation,blocks\VZ\vehiclenameanimgroup_alouette3_P000_Q3.block
0x620C48AB,terrainmesh,blocks\VZ\c31245_P000_Q3.block
0x6213A6C3,path,blocks\VZ\resident_P000_Q3.block
0x62176CBD,path,blocks\VZ\resident_P000_Q3.block
0x62234575,animation,blocks\VZ\vehiclenameanimgroup_recoilless_P000_Q3.block
0x62276B34,path,blocks\VZ\resident_P000_Q3.block
0x622C2D7A,path,blocks\VZ\resident_P000_Q3.block
0x62304BCC,lineregion,blocks\VZ\resident_P000_Q3.block
0x6244ACF2,path,blocks\VZ\resident_P000_Q3.block
0x62487AD8,model,blocks\VZ\resident2_P000_Q3.block
0x6253A817,animation,blocks\VZ\vehiclenameanimgroup_patrol_P000_Q3.block
0x6254070A,scrub,blocks\VZ\c31248_P000_Q3.block
0x6254A74A,path,blocks\VZ\resident_P000_Q3.block
0x6254E1B1,path,blocks\VZ\resident_P000_Q3.block
0x6257EB35,path,blocks\VZ\resident_P000_Q3.block
0x625EC26F,animation,blocks\VZ\resident_P000_Q3.block
0x6261ADA5,animation,blocks\VZ\resident_P000_Q3.block
0x62632328,animation,blocks\VZ\vehiclenameanimgroup_vanquish_P000_Q3.block
0x62646147,animation,blocks\VZ\characternameanimgroup_jennifer_P000_Q3.block
0x62661F6C,model,blocks\VZ\c32565_P000_Q3.block
0x626A2D5A,animation,blocks\VZ\resident_P000_Q3.block
0x626FCC22,animation,blocks\VZ\vehicleclassanimgroup_foodstand_P000_Q3.block
0x6270432A,path,blocks\VZ\resident_P000_Q3.block
0x627D0528,path,blocks\VZ\resident_P000_Q3.block
0x6284B40C,path,blocks\VZ\resident_P000_Q3.block
0x6286F7F3,path,blocks\VZ\resident_P000_Q3.block
0x628FA787,animation,blocks\VZ\vehiclenameanimgroup_mh53j_P000_Q3.block
0x629721CB,path,blocks\VZ\resident_P000_Q3.block
0x62987989,terrainmesh,blocks\VZ\c31466_P000_Q3.block
0x62991523,animation,blocks\VZ\vehiclenameanimgroup_plz45_P000_Q3.block
0x62A1E713,path,blocks\VZ\resident_P000_Q3.block
0x62A60C01,path,blocks\VZ\resident_P000_Q3.block
0x62AA81F0,path,blocks\VZ\resident_P000_Q3.block
0x62AF9AF5,animation,blocks\VZ\vehiclenameanimgroup_omen_P000_Q3.block
0x62CA3BDD,chatter,blocks\VZ\resident_P000_Q3.block
0x62CAAC54,animation,blocks\VZ\vehiclenameanimgroup_ka29b_P000_Q3.block
0x62CB1260,animation,blocks\VZ\vehiclenameanimgroup_smallfishing_P000_Q3.block
0x62CB2234,animation,blocks\VZ\vehiclenameanimgroup_alouette3_P000_Q3.block
0x62D5CEF6,animation,blocks\VZ\resident_P000_Q3.block
0x62D61037,path,blocks\VZ\resident_P000_Q3.block
0x62D7A8C3,animation,blocks\VZ\vehicleclassanimgroup_autolargeb_P000_Q3.block
0x62D98059,path,blocks\VZ\resident_P000_Q3.block
0x62E138BD,animation,blocks\VZ\vehiclenameanimgroup_patrol_P000_Q3.block
0x62E57296,path,blocks\VZ\resident_P000_Q3.block
0x62E7215D,path,blocks\VZ\resident_P000_Q3.block
0x62EB0541,lineregion,blocks\VZ\resident_P000_Q3.block
0x62F79348,path,blocks\VZ\resident_P000_Q3.block
0x62FF507B,animation,blocks\VZ\resident_P000_Q3.block
0x62FF5428,animation,blocks\VZ\vehiclenameanimgroup_huey_P000_Q3.block
0x6304FE02,terrainmesh,blocks\VZ\c30970_P000_Q3.block
0x630C1DB3,path,blocks\VZ\resident_P000_Q3.block
0x63167D2E,path,blocks\VZ\resident_P000_Q3.block
0x631A1556,scrub,blocks\VZ\c30104_P000_Q3.block
0x631A2AAC,path,blocks\VZ\resident_P000_Q3.block
0x6323E6EB,animation,blocks\VZ\vehiclenameanimgroup_alouette3_P000_Q3.block
0x63252E6C,animation,blocks\VZ\vehiclenameanimgroup_dragster_P000_Q3.block
0x632D431C,binary,blocks\Shell\ps3saveassets_P000_Q3.block;blocks\VZ\ps3saveassets_P000_Q3.block
0x63307BE5,terrainmesh,blocks\VZ\c30212_P000_Q3.block
0x63314F5D,path,blocks\VZ\resident_P000_Q3.block
0x63390F70,path,blocks\VZ\resident_P000_Q3.block
0x6342CFFC,animation,blocks\VZ\resident_P000_Q3.block
0x634C0F3A,animation,blocks\VZ\vehiclenameanimgroup_swamp_P000_Q3.block
0x634C57F3,path,blocks\VZ\resident_P000_Q3.block
0x634F1F65,model,blocks\VZ\c33294_P000_Q3.block
0x634FBD67,path,blocks\VZ\resident_P000_Q3.block
0x6352C619,animation,blocks\VZ\vehiclenameanimgroup_ztz63a_P000_Q3.block
0x635A271C,path,blocks\VZ\resident_P000_Q3.block
0x6363295D,effect,blocks\VZ\effects_P000_Q3.block
0x6369325C,animation,blocks\VZ\vehiclenameanimgroup_alouette3_P000_Q3.block
0x63786651,animation,blocks\VZ\vehiclenameanimgroup_barco_P000_Q3.block
0x63831BA1,path,blocks\VZ\resident_P000_Q3.block
0x6383B550,path,blocks\VZ\resident_P000_Q3.block
0x63852B7C,lineregion,blocks\VZ\resident_P000_Q3.block
0x638FBBF6,animation,blocks\VZ\vehiclenameanimgroup_m1a2_P000_Q3.block
0x63901768,path,blocks\VZ\resident_P000_Q3.block
0x6390D52F,animation,blocks\VZ\characternameanimgroup_chris_P000_Q3.block
0x6395FB59,path,blocks\VZ\resident_P000_Q3.block
0x63A192E9,path,blocks\VZ\resident_P000_Q3.block
0x63A30984,path,blocks\VZ\resident_P000_Q3.block
0x63A609D4,path,blocks\VZ\resident_P000_Q3.block
0x63A74C1C,animation,blocks\VZ\resident_P000_Q3.block
0x63B07570,animation,blocks\VZ\vehiclenameanimgroup_tow_P000_Q3.block
0x63C26C1C,lowresterrain,blocks\VZ\low_res_terrain_P000_Q3.block
0x63CAB4DD,scrub,blocks\VZ\c30911_P000_Q3.block
0x63CF672F,scrub,blocks\VZ\c30019_P000_Q3.block
0x63D8BE2E,path,blocks\VZ\resident_P000_Q3.block
0x63E419D2,path,blocks\VZ\resident_P000_Q3.block
0x63E5A392,animation,blocks\VZ\vehiclenameanimgroup_mh53j_P000_Q3.block
0x63E978E7,animation,blocks\VZ\resident_P000_Q3.block
0x63F6C3FB,animation,blocks\VZ\resident_P000_Q3.block
0x63F6D89F,path,blocks\VZ\resident_P000_Q3.block
0x63F71DAB,path,blocks\VZ\resident_P000_Q3.block
0x63F72CE5,path,blocks\VZ\resident_P000_Q3.block
0x63FD3544,path,blocks\VZ\resident_P000_Q3.block
0x64007A7F,path,blocks\VZ\resident_P000_Q3.block
0x64061613,path,blocks\VZ\resident_P000_Q3.block
0x640CBB07,scrub,blocks\VZ\c31191_P000_Q3.block
0x64109B2E,path,blocks\VZ\resident_P000_Q3.block
0x6417055E,path,blocks\VZ\resident_P000_Q3.block
0x6418B054,scrub,blocks\VZ\c31364_P000_Q3.block
0x641FC68A,path,blocks\VZ\resident_P000_Q3.block
0x64229F93,animation,blocks\VZ\resident_P000_Q3.block
0x642B6D94,binary,blocks\Shell\ps3saveassets_it_P000_Q3.block;blocks\VZ\ps3saveassets_it_P000_Q3.block
0x642EF24B,animation,blocks\VZ\vehiclenameanimgroup_quid50_P000_Q3.block
0x643D3E88,animation,blocks\VZ\characternameanimgroup_jennifer_P000_Q3.block
0x643DD137,animation,blocks\VZ\resident_P000_Q3.block
0x644A6F86,path,blocks\VZ\resident_P000_Q3.block
0x644F411B,path,blocks\VZ\resident_P000_Q3.block
0x645FC940,effect,blocks\VZ\effects_P000_Q3.block
0x645FCA57,animation,blocks\VZ\characternameanimgroup_mattias_P000_Q3.block
0x64637A5D,path,blocks\VZ\resident_P000_Q3.block
0x64661B5F,lineregion,blocks\VZ\resident_P000_Q3.block
0x64796EE0,path,blocks\VZ\resident_P000_Q3.block
0x648E23C7,texture,blocks\Shell\scaleform_shell_P000_Q3.block
0x64904825,animation,blocks\VZ\vehicleclassanimgroup_autolargec_P000_Q3.block
0x64943945,animation,blocks\VZ\resident_P000_Q3.block
0x64A2D0AF,texture,blocks\Shell\scaleform_shell_P000_Q3.block
0x64A352A4,lineregion,blocks\VZ\resident_P000_Q3.block
0x64ABFFF2,animation,blocks\VZ\vehiclenameanimgroup_mi35solano_P000_Q3.block
0x64AE12A3,animation,blocks\VZ\vehiclenameanimgroup_swamp_P000_Q3.block
0x64B0243E,model,blocks\VZ\c31122_P000_Q3.block
0x64B36887,model,blocks\VZ\effects_P000_Q3.block
0x64B38486,lineregion,blocks\VZ\resident_P000_Q3.block
0x64B3CC44,animation,blocks\VZ\resident_P000_Q3.block
0x64BE9FC6,path,blocks\VZ\resident_P000_Q3.block
0x64C2146B,effect,blocks\VZ\effects_P000_Q3.block
0x64D087AA,animation,blocks\VZ\vehicleclassanimgroup_autolargeb_P000_Q3.block
0x64D1FCA2,scrub,blocks\VZ\c30100_P000_Q3.block
0x64DCDE18,path,blocks\VZ\resident_P000_Q3.block
0x64DDD50D,path,blocks\VZ\resident_P000_Q3.block
0x64DE064E,scrub,blocks\VZ\c31356_P000_Q3.block
0x64E13836,animation,blocks\VZ\resident_P000_Q3.block
0x64E2CF91,path,blocks\VZ\resident_P000_Q3.block
0x64E382DD,animation,blocks\VZ\vehicleclassanimgroup_monstertruck_P000_Q3.block
0x64F26C74,path,blocks\VZ\resident_P000_Q3.block
0x64F38798,texture,blocks\Shell\scaleform_shell_P000_Q3.block
0x64F47369,animation,blocks\VZ\characternameanimgroup_chris_P000_Q3.block
0x650DBDE6,scrub,blocks\VZ\c31273_P000_Q3.block
0x6510E853,animation,blocks\VZ\vehiclenameanimgroup_tow_P000_Q3.block
0x65120BC5,path,blocks\VZ\resident_P000_Q3.block
0x65165B0C,path,blocks\VZ\resident_P000_Q3.block
0x65309A63,scrub,blocks\VZ\c31275_P000_Q3.block
0x6530E688,texture,blocks\VZ\pmcoutpost_bld_dock_P000_Q3.block
0x6533A60F,lineregion,blocks\VZ\resident_P000_Q3.block
0x65352AD1,animation,blocks\VZ\characternameanimgroup_mattias_P000_Q3.block
0x65363BFA,path,blocks\VZ\resident_P000_Q3.block
0x653BEE24,path,blocks\VZ\resident_P000_Q3.block
0x653F484F,path,blocks\VZ\resident_P000_Q3.block
0x65402D68,path,blocks\VZ\resident_P000_Q3.block
0x65411AEA,scrub,blocks\VZ\c31072_P000_Q3.block
0x654359FE,path,blocks\VZ\resident_P000_Q3.block
0x654385B4,model,blocks\VZ\c30377_P000_Q3.block
0x65446BA0,path,blocks\VZ\resident_P000_Q3.block
0x6547F82D,texture,blocks\Shell\scaleform_shell_P000_Q3.block
0x654C5747,model,blocks\VZ\resident2_P000_Q3.block
0x654F752E,terrainmesh,blocks\VZ\c30897_P000_Q3.block
0x65519D91,path,blocks\VZ\resident_P000_Q3.block
0x655282B7,texture,blocks\Shell\scaleform_shell_P000_Q3.block
0x65567150,path,blocks\VZ\resident_P000_Q3.block
0x6556CF41,path,blocks\VZ\resident_P000_Q3.block
0x655D175E,animation,blocks\VZ\resident_P000_Q3.block
0x6562CE7F,animation,blocks\VZ\vehiclenameanimgroup_alouette3_P000_Q3.block
0x6564C741,path,blocks\VZ\resident_P000_Q3.block
0x65657968,path,blocks\VZ\resident_P000_Q3.block
0x65666D4F,model,blocks\VZ\c39998_P000_Q3.block
0x6570A704,animation,blocks\VZ\characternameanimgroup_chris_P000_Q3.block
0x6576EC83,path,blocks\VZ\resident_P000_Q3.block
0x6581BAD6,animation,blocks\VZ\vehiclenameanimgroup_ztz63a_P000_Q3.block
0x658AB7B9,scrub,blocks\VZ\c30346_P000_Q3.block
0x658B1C8A,animation,blocks\VZ\characternameanimgroup_chris_P000_Q3.block
0x658B990C,animation,blocks\VZ\vehicleclassanimgroup_hmmwv_P000_Q3.block
0x6591FA95,lineregion,blocks\VZ\resident_P000_Q3.block
0x65954DAB,animation,blocks\VZ\resident_P000_Q3.block
0x65984206,animation,blocks\VZ\vehiclenameanimgroup_wz10_P000_Q3.block
0x65A285CB,path,blocks\VZ\resident_P000_Q3.block
0x65AB46F7,path,blocks\VZ\resident_P000_Q3.block
0x65AD8D3A,animation,blocks\VZ\vehiclenameanimgroup_m551_P000_Q3.block
0x65AF81BF,lineregion,blocks\VZ\resident_P000_Q3.block
0x65B7C6C0,scrub,blocks\VZ\c31243_P000_Q3.block
0x65BFEA12,path,blocks\VZ\resident_P000_Q3.block
0x65BFF60E,path,blocks\VZ\resident_P000_Q3.block
0x65C0CFE0,path,blocks\VZ\resident_P000_Q3.block
0x65C2DBB4,path,blocks\VZ\resident_P000_Q3.block
0x65C758E2,path,blocks\VZ\resident_P000_Q3.block
0x65C9456D,animation,blocks\VZ\vehiclenameanimgroup_ks750_P000_Q3.block
0x65DB0347,animation,blocks\VZ\vehiclenameanimgroup_md500_P000_Q3.block
0x65DD0D62,lowresterrain,blocks\VZ\low_res_terrain_P000_Q3.block
0x65DD3370,scrub,blocks\VZ\c31238_P000_Q3.block
0x65EA8FD1,animation,blocks\VZ\resident2_P000_Q3.block
0x65EAE978,path,blocks\VZ\resident_P000_Q3.block
0x65F5E2E0,soundbank;sounddb;wavebank,blocks\English\vo_job_chin_chan.english_P000_Q3.block
0x65F5E81D,path,blocks\VZ\resident_P000_Q3.block
0x65FDF683,scrub,blocks\VZ\c31265_P000_Q3.block
0x65FEE8EE,animation,blocks\VZ\vehiclenameanimgroup_md500_P000_Q3.block
0x6601AFCF,effect,blocks\VZ\effects_P000_Q3.block
0x660A3499,scrub,blocks\VZ\c31071_P000_Q3.block
0x660D3FF6,terrainmesh,blocks\VZ\c30826_P000_Q3.block
0x6615A7EC,scrub,blocks\VZ\c30500_P000_Q3.block
0x66162BE9,animation,blocks\VZ\resident_P000_Q3.block
0x661CE20E,path,blocks\VZ\resident_P000_Q3.block
0x662004DA,path,blocks\VZ\resident_P000_Q3.block
0x66220E25,path,blocks\VZ\resident_P000_Q3.block
0x662BB2D9,path,blocks\VZ\resident_P000_Q3.block
0x662BE8AD,animation,blocks\VZ\vehiclenameanimgroup_rpgwindow_P000_Q3.block
0x662F969F,animation,blocks\VZ\vehiclenameanimgroup_ka29b_P000_Q3.block
0x664118FB,path,blocks\VZ\resident_P000_Q3.block
0x66461702,animation,blocks\VZ\vehicleclassanimgroup_hmmwv_P000_Q3.block
0x66583F33,animation,blocks\VZ\characternameanimgroup_soldier_P000_Q3.block
0x665919AA,path,blocks\VZ\resident_P000_Q3.block
0x665C390C,animation,blocks\VZ\vehiclenameanimgroup_ztz63a_P000_Q3.block
0x66676E42,animation,blocks\VZ\resident_P000_Q3.block
0x666E6C77,animation,blocks\VZ\vehiclenameanimgroup_recoilless_P000_Q3.block
0x66763803,effect,blocks\VZ\effects_P000_Q3.block
0x66796C00,path,blocks\VZ\resident_P000_Q3.block
0x667B5D42,path,blocks\VZ\resident_P000_Q3.block
0x668A3173,path,blocks\VZ\resident_P000_Q3.block
0x669589A7,path,blocks\VZ\resident_P000_Q3.block
0x66968505,scrub,blocks\VZ\c31234_P000_Q3.block
0x6696E093,animation,blocks\VZ\vehicleclassanimgroup_automedium_P000_Q3.block
0x6697DF79,scrub,blocks\VZ\c31375_P000_Q3.block
0x66998E69,path,blocks\VZ\resident_P000_Q3.block
0x669C42C5,terrainmesh,blocks\VZ\c30637_P000_Q3.block
0x669D096B,animation,blocks\VZ\vehicleclassanimgroup_autosmall_P000_Q3.block
0x66A17356,terrainmesh,blocks\VZ\c31392_P000_Q3.block
0x66A1EFCE,path,blocks\VZ\resident_P000_Q3.block
0x66ABB677,animation,blocks\VZ\vehiclenameanimgroup_mi35_P000_Q3.block
0x66B03C3E,scrub,blocks\VZ\c31423_P000_Q3.block
0x66B89C98,model,blocks\VZ\c33296_P000_Q3.block
0x66BCBA7E,animation,blocks\VZ\vehiclenameanimgroup_m2a3_P000_Q3.block
0x66BECD82,path,blocks\VZ\resident_P000_Q3.block
0x66C15338,path,blocks\VZ\resident_P000_Q3.block
0x66C3E2A1,animation,blocks\VZ\vehiclenameanimgroup_stingray_P000_Q3.block
0x66CAF87A,animation,blocks\VZ\characternameanimgroup_soldier_P000_Q3.block
0x66E20626,scrub,blocks\VZ\c31423_P000_Q3.block
0x66E2186E,path,blocks\VZ\resident_P000_Q3.block
0x66EB6A64,path,blocks\VZ\resident_P000_Q3.block
0x66EC6C8A,path,blocks\VZ\resident_P000_Q3.block
0x66FC9C5E,path,blocks\VZ\resident_P000_Q3.block
0x67020BFF,animation,blocks\VZ\characternameanimgroup_soldier_P000_Q3.block
0x6704AAB0,path,blocks\VZ\resident_P000_Q3.block
0x671CD2B7,scrub,blocks\VZ\c31249_P000_Q3.block
0x67203D79,animation,blocks\VZ\vehiclenameanimgroup_50cal_P000_Q3.block
0x6727BBA8,path,blocks\VZ\resident_P000_Q3.block
0x672B719C,scrub,blocks\VZ\c31413_P000_Q3.block
0x672EDCA1,path,blocks\VZ\resident_P000_Q3.block
0x673F8A1A,path,blocks\VZ\resident_P000_Q3.block
0x6744A2A0,terrainmesh,blocks\VZ\c30822_P000_Q3.block
0x6748D8AF,path,blocks\VZ\resident_P000_Q3.block
0x6751A697,animation,blocks\VZ\vehiclenameanimgroup_ztz63a_P000_Q3.block
0x675521D1,path,blocks\VZ\resident_P000_Q3.block
0x6758B09B,path,blocks\VZ\resident_P000_Q3.block
0x675AA33C,path,blocks\VZ\resident_P000_Q3.block
0x6765DB54,animation,blocks\VZ\vehiclenameanimgroup_ridgeline_P000_Q3.block
0x6767E448,path,blocks\VZ\resident_P000_Q3.block
0x676BF68C,path,blocks\VZ\resident_P000_Q3.block
0x6773A1C9,path,blocks\VZ\resident_P000_Q3.block
0x677F89F3,path,blocks\VZ\resident_P000_Q3.block
0x67851CBB,animation,blocks\VZ\resident_P000_Q3.block
0x6790ADDD,path,blocks\VZ\resident_P000_Q3.block
0x6799A74B,animation,blocks\VZ\vehiclenameanimgroup_scorpion90_P000_Q3.block
0x67B37F7B,animation,blocks\VZ\vehiclenameanimgroup_omen_P000_Q3.block
0x67BAC6F8,animation,blocks\VZ\vehicleclassanimgroup_apc_P000_Q3.block
0x67BF01EB,animation,blocks\VZ\vehiclenameanimgroup_huey_P000_Q3.block
0x67C8BBA4,animation,blocks\VZ\resident_P000_Q3.block
0x67CE7799,animation,blocks\VZ\vehicleclassanimgroup_automedium_P000_Q3.block
0x67D5BF83,path,blocks\VZ\resident_P000_Q3.block
0x67DF1819,path,blocks\VZ\resident_P000_Q3.block
0x67E31ED6,terrainmesh,blocks\VZ\c31426_P000_Q3.block
0x67E81AF2,scrub,blocks\VZ\c31502_P000_Q3.block
0x67E8B346,scrub,blocks\VZ\c31402_P000_Q3.block
0x67F3D90D,path,blocks\VZ\resident_P000_Q3.block
0x67FB8C9D,lineregion,blocks\VZ\resident_P000_Q3.block
0x67FEFE28,scrub,blocks\VZ\c30142_P000_Q3.block
0x68009157,lowresterrain,blocks\VZ\low_res_terrain_P000_Q3.block
0x6800F86E,soundbank;sounddb;wavebank,blocks\English\vo_oilcon001.english_P000_Q3.block
0x6802C321,animationtable,blocks\VZ\resident_P000_Q3.block
0x68125EB1,path,blocks\VZ\resident_P000_Q3.block
0x681E9003,path,blocks\VZ\resident_P000_Q3.block
0x682967B0,terrainmesh,blocks\VZ\c31488_P000_Q3.block
0x6829E7E8,path,blocks\VZ\resident_P000_Q3.block
0x682EBD9D,animation,blocks\VZ\vehiclenameanimgroup_mi26_P000_Q3.block
0x682FCCB6,scrub,blocks\VZ\c30638_P000_Q3.block
0x6830F7A7,animation,blocks\VZ\vehiclenameanimgroup_stingray_P000_Q3.block
0x68488ADE,animation,blocks\VZ\vehicleclassanimgroup_autolargea_P000_Q3.block
0x684A7A51,path,blocks\VZ\resident_P000_Q3.block
0x685B9D98,terrainmesh,blocks\VZ\c30175_P000_Q3.block
0x685D9234,effect,blocks\VZ\effects_P000_Q3.block
0x686E6032,path,blocks\VZ\resident_P000_Q3.block
0x6871E4C5,model,blocks\VZ\c32255_P000_Q3.block
0x687320E0,lowresterrain,blocks\VZ\low_res_terrain_P000_Q3.block
0x6873BA6D,lineregion,blocks\VZ\resident_P000_Q3.block
0x6873CE3B,path,blocks\VZ\resident_P000_Q3.block
0x687948F0,terrainmesh,blocks\VZ\c31427_P000_Q3.block
0x687A5F52,path,blocks\VZ\resident_P000_Q3.block
0x687ACE77,animation,blocks\VZ\vehiclenameanimgroup_ks750_P000_Q3.block
0x68865842,animation,blocks\VZ\resident_P000_Q3.block
0x688660F4,path,blocks\VZ\resident_P000_Q3.block
0x68889EFF,path,blocks\VZ\resident_P000_Q3.block
0x688C99F9,path,blocks\VZ\resident_P000_Q3.block
0x688EC5FD,animation,blocks\VZ\resident_P000_Q3.block
0x688ED708,path,blocks\VZ\resident_P000_Q3.block
0x68A09C91,animation,blocks\VZ\characternameanimgroup_mattias_P000_Q3.block
0x68A1C0FE,path,blocks\VZ\resident_P000_Q3.block
0x68A3D6DC,path,blocks\VZ\resident_P000_Q3.block
0x68AAB475,lineregion,blocks\VZ\resident_P000_Q3.block
0x68B7218E,lineregion,blocks\VZ\resident_P000_Q3.block
0x68BA6352,path,blocks\VZ\resident_P000_Q3.block
0x68C0FEB2,animation,blocks\VZ\c32496_P000_Q3.block
0x68C52A10,lineregion,blocks\VZ\resident_P000_Q3.block
0x68C7BE4A,lineregion,blocks\VZ\resident_P000_Q3.block
0x68C86F2E,lineregion,blocks\VZ\resident_P000_Q3.block
0x68C9D736,path,blocks\VZ\resident_P000_Q3.block
0x68CC7E19,animation,blocks\VZ\vehicleclassanimgroup_motorcycle_P000_Q3.block
0x68CF5D0D,path,blocks\VZ\resident_P000_Q3.block
0x68D153E7,animation,blocks\VZ\characternameanimgroup_ocexecbox_P000_Q3.block
0x68D7ECBF,animation,blocks\VZ\characternameanimgroup_mattias_P000_Q3.block
0x68D97118,path,blocks\VZ\resident_P000_Q3.block
0x68DA41D0,animation,blocks\VZ\characternameanimgroup_soldier_P000_Q3.block
0x68DF1EAB,animation,blocks\VZ\vehicleclassanimgroup_autolargea_P000_Q3.block
0x68ECE335,animation,blocks\VZ\vehiclenameanimgroup_alouette3_P000_Q3.block
0x68F35AED,path,blocks\VZ\resident_P000_Q3.block
0x68FA3452,animation,blocks\VZ\vehiclenameanimgroup_dragster_P000_Q3.block
0x68FB25EA,lineregion,blocks\VZ\resident_P000_Q3.block
0x690BC7D1,animation,blocks\VZ\resident_P000_Q3.block
0x690E0344,animation,blocks\VZ\vehiclenameanimgroup_armwrestle_P000_Q3.block
0x69117773,lowresterrain,blocks\VZ\low_res_terrain_P000_Q3.block
0x691EE06A,texture,blocks\Shell\scaleform_shell_P000_Q3.block
0x69204AC1,animation;model,blocks\VZ\c31217_P000_Q3.block;blocks\VZ\resident_P000_Q3.block
0x69216003,animation,blocks\VZ\resident_P000_Q3.block
0x6923AE61,path,blocks\VZ\resident_P000_Q3.block
0x692916AF,path,blocks\VZ\resident_P000_Q3.block
0x6932CB25,animation,blocks\VZ\vehiclenameanimgroup_mh53j_P000_Q3.block
0x69431DE8,texture,blocks\VZ\c32051_P000_Q3.block
0x69483B7E,texture,blocks\VZ\c32159_P000_Q3.block
0x69491AE7,path,blocks\VZ\resident_P000_Q3.block
0x694CD926,path,blocks\VZ\resident_P000_Q3.block
0x694FF5AC,animation,blocks\VZ\vehiclenameanimgroup_v22_P000_Q3.block
0x69516AD3,animation,blocks\VZ\vehiclenameanimgroup_wz10_P000_Q3.block
0x6953DB0C,animation,blocks\VZ\vehiclenameanimgroup_mi35_P000_Q3.block
0x6957965E,path,blocks\VZ\resident_P000_Q3.block
0x6959419D,animation,blocks\VZ\vehicleclassanimgroup_autolargea_P000_Q3.block
0x69619CAE,path,blocks\VZ\resident_P000_Q3.block
0x6964041F,animation,blocks\VZ\resident_P000_Q3.block
0x69677255,path,blocks\VZ\resident_P000_Q3.block
0x696B12C3,effect,blocks\VZ\effects_P000_Q3.block
0x696BB391,animation,blocks\VZ\resident_P000_Q3.block
0x696D9698,animation,blocks\VZ\vehicleclassanimgroup_hmmwv_P000_Q3.block
0x6972D6AC,scrub,blocks\VZ\c30896_P000_Q3.block
0x697BBBE6,path,blocks\VZ\resident_P000_Q3.block
0x697C0930,animation,blocks\VZ\vehicleclassanimgroup_hmmwv_P000_Q3.block
0x6980655C,animation,blocks\VZ\resident_P000_Q3.block
0x6980C47D,effect,blocks\VZ\effects_P000_Q3.block
0x6981A518,effect,blocks\VZ\effects_P000_Q3.block
0x69863FD0,animation,blocks\VZ\vehiclenameanimgroup_md500_P000_Q3.block
0x698E3E01,texture,blocks\Shell\scaleform_shell_P000_Q3.block
0x6999B685,animation,blocks\VZ\vehiclenameanimgroup_ztz98_P000_Q3.block
0x69A31345,animation,blocks\VZ\vehiclenameanimgroup_m113_P000_Q3.block
0x69A3A069,animation,blocks\VZ\vehiclenameanimgroup_mh53j_P000_Q3.block
0x69B776FC,model,blocks\VZ\c30737_P000_Q3.block
0x69B7996E,path,blocks\VZ\resident_P000_Q3.block
0x69BF5E59,animation,blocks\VZ\vehiclenameanimgroup_huey_P000_Q3.block
0x69D3C746,texture,blocks\English\shell_P000_Q3.block;blocks\Shell\scaleform_shell_P000_Q3.block
0x69D56FAD,animation,blocks\VZ\resident_P000_Q3.block
0x69DB24F9,effect,blocks\VZ\effects_P000_Q3.block
0x69DF3300,animation,blocks\VZ\resident_P000_Q3.block
0x69EDF18A,path,blocks\VZ\resident_P000_Q3.block
0x69EFF39F,path,blocks\VZ\resident_P000_Q3.block
0x69F4B255,scrub,blocks\VZ\c30284_P000_Q3.block
0x69F83CE1,scrub,blocks\VZ\c31009_P000_Q3.block
0x69F9263D,path,blocks\VZ\resident_P000_Q3.block
0x6A03914E,effect,blocks\VZ\effects_P000_Q3.block
0x6A04E18F,path,blocks\VZ\resident_P000_Q3.block
0x6A09ABE3,soundbank;sounddb,blocks\English\vo_resident_P000_Q3.block
0x6A09BC51,path,blocks\VZ\resident_P000_Q3.block
0x6A0BAEC8,lowresterrain,blocks\VZ\low_res_terrain_P000_Q3.block
0x6A0F362D,path,blocks\VZ\resident_P000_Q3.block
0x6A16F3CC,model,blocks\VZ\c30614_P000_Q3.block
0x6A1D9E72,path,blocks\VZ\resident_P000_Q3.block
0x6A1F0BC5,animation,blocks\VZ\resident_P000_Q3.block
0x6A364843,texture,blocks\Shell\scaleform_shell_P000_Q3.block
0x6A3851D1,scrub,blocks\VZ\c31059_P000_Q3.block
0x6A396567,animation,blocks\VZ\vehicleclassanimgroup_hmmwv_P000_Q3.block
0x6A39735B,animation,blocks\VZ\characternameanimgroup_jennifer_P000_Q3.block
0x6A460F63,animation,blocks\VZ\resident_P000_Q3.block
0x6A4C02B5,scrub,blocks\VZ\c31192_P000_Q3.block
0x6A5B4D3E,path,blocks\VZ\resident_P000_Q3.block
0x6A5EC920,scrub,blocks\VZ\c30150_P000_Q3.block
0x6A6514D6,animation,blocks\VZ\resident_P000_Q3.block
0x6A65D0F4,path,blocks\VZ\resident_P000_Q3.block
0x6A872086,animation,blocks\VZ\vehiclenameanimgroup_m1a2_P000_Q3.block
0x6A950207,path,blocks\VZ\resident_P000_Q3.block
0x6A997F35,path,blocks\VZ\resident_P000_Q3.block
0x6AA03CA3,path,blocks\VZ\resident_P000_Q3.block
0x6AA3B720,path,blocks\VZ\resident_P000_Q3.block
0x6AAAD4C0,path,blocks\VZ\resident_P000_Q3.block
0x6ABFE5B0,animation,blocks\VZ\resident_P000_Q3.block
0x6AC7672D,path,blocks\VZ\resident_P000_Q3.block
0x6ACA8497,path,blocks\VZ\resident_P000_Q3.block
0x6ACB5A8E,animation,blocks\VZ\vehiclenameanimgroup_huey_P000_Q3.block
0x6ACB6356,path,blocks\VZ\resident_P000_Q3.block
0x6AD30FEA,scrub,blocks\VZ\c30442_P000_Q3.block
0x6AD3EC30,path,blocks\VZ\resident_P000_Q3.block
0x6AD71B7B,lineregion,blocks\VZ\resident_P000_Q3.block
0x6AD9BAAC,animation,blocks\VZ\vehiclenameanimgroup_cigarette_P000_Q3.block
0x6AD9CFCC,animation,blocks\VZ\vehicleclassanimgroup_autosmall_P000_Q3.block
0x6ADEED35,effect,blocks\VZ\effects_P000_Q3.block
0x6AE255FA,path,blocks\VZ\resident_P000_Q3.block
0x6AE316CB,path,blocks\VZ\resident_P000_Q3.block
0x6AE42CB5,path,blocks\VZ\resident_P000_Q3.block
0x6AE793F9,path,blocks\VZ\resident_P000_Q3.block
0x6AEDBFE5,terrainmesh,blocks\VZ\c30279_P000_Q3.block
0x6AF4B7E3,animation,blocks\VZ\resident_P000_Q3.block
0x6B0279CA,animation,blocks\VZ\vehiclenameanimgroup_wz10_P000_Q3.block
0x6B12179D,texture,blocks\Shell\scaleform_shell_P000_Q3.block
0x6B12218F,model,blocks\VZ\c34504_P000_Q3.block
0x6B174F84,path,blocks\VZ\resident_P000_Q3.block
0x6B224441,path,blocks\VZ\resident_P000_Q3.block
0x6B22AA4A,path,blocks\VZ\resident_P000_Q3.block
0x6B2481E6,animation,blocks\VZ\vehicleclassanimgroup_truckmid_P000_Q3.block
0x6B250F75,animation,blocks\VZ\vehiclenameanimgroup_huey_P000_Q3.block
0x6B2A0C7C,animation,blocks\VZ\vehiclenameanimgroup_cutter_P000_Q3.block
0x6B30120C,path,blocks\VZ\resident_P000_Q3.block
0x6B3295CE,animation,blocks\VZ\vehiclenameanimgroup_armored bank truck_P000_Q3.block
0x6B432F1C,model,blocks\VZ\c30518_P000_Q3.block
0x6B4A1290,scrub,blocks\VZ\c30176_P000_Q3.block
0x6B4ADF38,path,blocks\VZ\resident_P000_Q3.block
0x6B4AE846,path,blocks\VZ\resident_P000_Q3.block
0x6B4F686C,path,blocks\VZ\resident_P000_Q3.block
0x6B553C3F,path,blocks\VZ\resident_P000_Q3.block
0x6B585141,path,blocks\VZ\resident_P000_Q3.block
0x6B62901D,animation,blocks\VZ\vehicleclassanimgroup_monstertruck_P000_Q3.block
0x6B62921C,path,blocks\VZ\resident_P000_Q3.block
0x6B6294A7,lineregion,blocks\VZ\resident_P000_Q3.block
0x6B646CA2,animation,blocks\VZ\resident_P000_Q3.block
0x6B741DAF,path,blocks\VZ\resident_P000_Q3.block
0x6B7AD6DB,animation,blocks\VZ\vehiclenameanimgroup_alouette3_P000_Q3.block
0x6B7CE118,model,blocks\VZ\c30335_P000_Q3.block
0x6B87925D,texture,blocks\Shell\scaleform_shell_P000_Q3.block
0x6B885527,animation,blocks\VZ\resident_P000_Q3.block
0x6B891686,animation,blocks\VZ\vehiclenameanimgroup_smallfishing_P000_Q3.block
0x6B89D706,path,blocks\VZ\resident_P000_Q3.block
0x6B8A3300,path,blocks\VZ\resident_P000_Q3.block
0x6B8B799F,path,blocks\VZ\resident_P000_Q3.block
0x6B8B94B2,lowresterrain,blocks\VZ\low_res_terrain_P000_Q3.block
0x6B924CCD,animation,blocks\VZ\resident_P000_Q3.block
0x6B928C23,path,blocks\VZ\resident_P000_Q3.block
0x6BA1C64C,effect,blocks\VZ\effects_P000_Q3.block
0x6BACA7C0,path,blocks\VZ\resident_P000_Q3.block
0x6BAE1047,lowresterrain,blocks\VZ\low_res_terrain_P000_Q3.block
0x6BB7B45B,path,blocks\VZ\resident_P000_Q3.block
0x6BBA33D5,animation,blocks\VZ\resident_P000_Q3.block
0x6BBAE096,animation,blocks\VZ\vehiclenameanimgroup_m1a2_P000_Q3.block
0x6BBD16D5,animation,blocks\VZ\resident_P000_Q3.block
0x6BC1C641,effect,blocks\VZ\effects_P000_Q3.block
0x6BC2EFBE,path,blocks\VZ\resident_P000_Q3.block
0x6BC9CB60,path,blocks\VZ\resident_P000_Q3.block
0x6BCA2FE7,lineregion,blocks\VZ\resident_P000_Q3.block
0x6BCE582F,path,blocks\VZ\resident_P000_Q3.block
0x6BD16E89,animation,blocks\VZ\vehiclenameanimgroup_patrol_P000_Q3.block
0x6BD65792,path,blocks\VZ\resident_P000_Q3.block
0x6BD85D3D,path,blocks\VZ\resident_P000_Q3.block
0x6BD8B61C,scrub,blocks\VZ\c30019_P000_Q3.block
0x6BEE2C08,path,blocks\VZ\resident_P000_Q3.block
0x6BEF2515,path,blocks\VZ\resident_P000_Q3.block
0x6BEF335E,animation,blocks\VZ\vehiclenameanimgroup_dinghy_P000_Q3.block
0x6BF2EE78,scrub,blocks\VZ\c30430_P000_Q3.block
0x6BF2F299,path,blocks\VZ\resident_P000_Q3.block
0x6BF60F29,path,blocks\VZ\resident_P000_Q3.block
0x6C015E3C,path,blocks\VZ\resident_P000_Q3.block
0x6C08922D,path,blocks\VZ\resident_P000_Q3.block
0x6C0DD090,animation,blocks\VZ\vehiclenameanimgroup_huey_P000_Q3.block
0x6C0F9B6D,path,blocks\VZ\resident_P000_Q3.block
0x6C169420,path,blocks\VZ\resident_P000_Q3.block
0x6C1987C7,effect,blocks\VZ\effects_P000_Q3.block
0x6C1B8F24,path,blocks\VZ\resident_P000_Q3.block
0x6C1B9FA3,path,blocks\VZ\resident_P000_Q3.block
0x6C20D983,path,blocks\VZ\resident_P000_Q3.block
0x6C2C78F7,path,blocks\VZ\resident_P000_Q3.block
0x6C2F96A9,path,blocks\VZ\resident_P000_Q3.block
0x6C30F9C6,path,blocks\VZ\resident_P000_Q3.block
0x6C31D701,path,blocks\VZ\resident_P000_Q3.block
0x6C400006,path,blocks\VZ\resident_P000_Q3.block
0x6C446EB7,path,blocks\VZ\resident_P000_Q3.block
0x6C4EF94C,path,blocks\VZ\resident_P000_Q3.block
0x6C4FE88B,path,blocks\VZ\resident_P000_Q3.block
0x6C5465B9,path,blocks\VZ\resident_P000_Q3.block
0x6C598BA6,path,blocks\VZ\resident_P000_Q3.block
0x6C5C78D8,path,blocks\VZ\resident_P000_Q3.block
0x6C5E15D8,animation,blocks\VZ\vehiclenameanimgroup_pgz95_P000_Q3.block
0x6C5F4F4D,path,blocks\VZ\resident_P000_Q3.block
0x6C5F6CCE,path,blocks\VZ\resident_P000_Q3.block
0x6C642F79,scrub,blocks\VZ\c31103_P000_Q3.block
0x6C6A5C95,path,blocks\VZ\resident_P000_Q3.block
0x6C6C3AC1,path,blocks\VZ\resident_P000_Q3.block
0x6C6D62C7,path,blocks\VZ\resident_P000_Q3.block
0x6C7A9C78,terrainmesh,blocks\VZ\c30215_P000_Q3.block
0x6C7BBE97,path,blocks\VZ\resident_P000_Q3.block
0x6C7FD643,animation,blocks\VZ\vehiclenameanimgroup_stingray_P000_Q3.block
0x6C80F9A7,animation,blocks\VZ\vehiclenameanimgroup_mh53j_P000_Q3.block
0x6C834FB9,path,blocks\VZ\resident_P000_Q3.block
0x6C846D43,animation,blocks\VZ\vehiclenameanimgroup_mi35_P000_Q3.block
0x6C93ED46,animation,blocks\VZ\vehiclenameanimgroup_amx30_P000_Q3.block
0x6C96EE53,path,blocks\VZ\resident_P000_Q3.block
0x6C9F956E,path,blocks\VZ\resident_P000_Q3.block
0x6CA2BE13,path,blocks\VZ\resident_P000_Q3.block
0x6CA3D2DC,animation,blocks\VZ\vehiclenameanimgroup_m551_P000_Q3.block
0x6CA4018C,path,blocks\VZ\resident_P000_Q3.block
0x6CA594AE,path,blocks\VZ\resident_P000_Q3.block
0x6CADD463,path,blocks\VZ\resident_P000_Q3.block
0x6CB121A6,path,blocks\VZ\resident_P000_Q3.block
0x6CB36EC8,animation,blocks\VZ\characternameanimgroup_mattias_P000_Q3.block
0x6CB6A25A,path,blocks\VZ\resident_P000_Q3.block
0x6CB6C5A0,path,blocks\VZ\resident_P000_Q3.block
0x6CC1D2BD,terrainmesh,blocks\VZ\c30019_P000_Q3.block
0x6CC1F0F6,animation,blocks\VZ\vehiclenameanimgroup_m1a2_P000_Q3.block
0x6CC22816,path,blocks\VZ\resident_P000_Q3.block
0x6CD8C878,lowresterrain,blocks\VZ\low_res_terrain_P000_Q3.block
0x6CDBA065,path,blocks\VZ\resident_P000_Q3.block
0x6CDEF899,path,blocks\VZ\resident_P000_Q3.block
0x6CF2244E,lineregion,blocks\VZ\resident_P000_Q3.block
0x6CF397A9,lowresterrain,blocks\VZ\low_res_terrain_P000_Q3.block
0x6CF69851,animation,blocks\VZ\vehiclenameanimgroup_chopper_P000_Q3.block
0x6D01E8FE,path,blocks\VZ\resident_P000_Q3.block
0x6D0B84D5,animation,blocks\VZ\vehiclenameanimgroup_mi35solano_P000_Q3.block
0x6D0F6913,path,blocks\VZ\resident_P000_Q3.block
0x6D14370F,terrainmesh,blocks\VZ\c31389_P000_Q3.block
0x6D175C80,path,blocks\VZ\resident_P000_Q3.block
0x6D1AC230,path,blocks\VZ\resident_P000_Q3.block
0x6D1F7538,path,blocks\VZ\resident_P000_Q3.block
0x6D2203E5,terrainmesh,blocks\VZ\c30554_P000_Q3.block
0x6D256148,path,blocks\VZ\resident_P000_Q3.block
0x6D25D0FB,path,blocks\VZ\resident_P000_Q3.block
0x6D35B7D0,path,blocks\VZ\resident_P000_Q3.block
0x6D39030C,path,blocks\VZ\resident_P000_Q3.block
0x6D3ACE8F,lowresterrain,blocks\VZ\low_res_terrain_P000_Q3.block
0x6D3E166B,path,blocks\VZ\resident_P000_Q3.block
0x6D524F06,animation,blocks\VZ\vehiclenameanimgroup_alouette3_P000_Q3.block
0x6D57AD84,texture,blocks\Shell\french_P000_Q3.block
0x6D5F79BA,terrainmesh,blocks\VZ\c31474_P000_Q3.block
0x6D5F8BA8,animation,blocks\VZ\characternameanimgroup_civilian_P000_Q3.block
0x6D64DC16,terrainmesh,blocks\VZ\c30819_P000_Q3.block
0x6D672039,scrub,blocks\VZ\c30983_P000_Q3.block
0x6D6FE236,lineregion,blocks\VZ\resident_P000_Q3.block
0x6D726A17,path,blocks\VZ\resident_P000_Q3.block
0x6D74D618,path,blocks\VZ\resident_P000_Q3.block
0x6D77E5AB,animation,blocks\VZ\vehiclenameanimgroup_ztz98_P000_Q3.block
0x6D78910B,path,blocks\VZ\resident_P000_Q3.block
0x6D7B89B2,lowresterrain,blocks\VZ\low_res_terrain_P000_Q3.block
0x6D7D2DF6,texture,blocks\Shell\scaleform_shell_P000_Q3.block
0x6D7DA1F1,lineregion,blocks\VZ\resident_P000_Q3.block
0x6D81E7B2,animation,blocks\VZ\vehiclenameanimgroup_cutter_P000_Q3.block
0x6D867137,lineregion,blocks\VZ\resident_P000_Q3.block
0x6D89B031,model,blocks\VZ\c30601_P000_Q3.block
0x6D8A40BB,chatter,blocks\VZ\resident_P000_Q3.block
0x6D8F85A5,soundbank;sounddb,blocks\English\vo_resident_P000_Q3.block
0x6D903461,animation,blocks\VZ\resident_P000_Q3.block
0x6DADDACD,scrub,blocks\VZ\c30787_P000_Q3.block
0x6DB02C7A,path,blocks\VZ\resident_P000_Q3.block
0x6DB6CF96,model,blocks\VZ\al_veh_apc_mewss_P000_Q3.block
0x6DC007A7,soundbank;sounddb;wavebank,blocks\English\vo_job_all_patterson.english_P000_Q3.block
0x6DC2C92E,effect,blocks\VZ\effects_P000_Q3.block
0x6DC47FD4,path,blocks\VZ\resident_P000_Q3.block
0x6DD16778,path,blocks\VZ\resident_P000_Q3.block
0x6DD5E4A6,path,blocks\VZ\resident_P000_Q3.block
0x6DD766B8,path,blocks\VZ\resident_P000_Q3.block
0x6DDDFBCE,texture,blocks\Shell\scaleform_shell_P000_Q3.block
0x6DE0FC31,animation,blocks\VZ\resident_P000_Q3.block
0x6DEEF0BA,path,blocks\VZ\resident_P000_Q3.block
0x6E008E10,texture,blocks\Shell\scaleform_shell_P000_Q3.block
0x6E06306E,texture,blocks\Shell\scaleform_shell_P000_Q3.block
0x6E086C0F,animation,blocks\VZ\vehiclenameanimgroup_omen_P000_Q3.block
0x6E1569F6,animation,blocks\VZ\characternameanimgroup_mattias_P000_Q3.block
0x6E17152D,model,blocks\VZ\effects_P000_Q3.block
0x6E1FA3DC,animation,blocks\VZ\vehiclenameanimgroup_md500_P000_Q3.block
0x6E216BD4,path,blocks\VZ\resident_P000_Q3.block
0x6E266583,animation,blocks\VZ\vehiclenameanimgroup_tow_P000_Q3.block
0x6E266F62,scrub,blocks\VZ\c30713_P000_Q3.block
0x6E285E3D,path,blocks\VZ\resident_P000_Q3.block
0x6E28C2B0,texture,blocks\Shell\scaleform_shell_P000_Q3.block
0x6E2D1D76,path,blocks\VZ\resident_P000_Q3.block
0x6E2DC556,animation,blocks\VZ\vehicleclassanimgroup_truckmid_P000_Q3.block
0x6E391E3E,path,blocks\VZ\resident_P000_Q3.block
0x6E41757A,effect,blocks\VZ\effects_P000_Q3.block
0x6E4431B5,animation,blocks\VZ\characternameanimgroup_mattias_P000_Q3.block
0x6E452683,path,blocks\VZ\resident_P000_Q3.block
0x6E48452C,path,blocks\VZ\resident_P000_Q3.block
0x6E495DD0,effect,blocks\VZ\effects_P000_Q3.block
0x6E4FE4BA,path,blocks\VZ\resident_P000_Q3.block
0x6E564851,path,blocks\VZ\resident_P000_Q3.block
0x6E5BC865,path,blocks\VZ\resident_P000_Q3.block
0x6E69437F,path,blocks\VZ\resident_P000_Q3.block
0x6E6F45E7,path,blocks\VZ\resident_P000_Q3.block
0x6E7394B0,lineregion,blocks\VZ\resident_P000_Q3.block
0x6E753643,path,blocks\VZ\resident_P000_Q3.block
0x6E7C7D69,path,blocks\VZ\resident_P000_Q3.block
0x6E829F85,lowresterrain,blocks\VZ\low_res_terrain_P000_Q3.block
0x6E875436,path,blocks\VZ\resident_P000_Q3.block
0x6E8B680A,path,blocks\VZ\resident_P000_Q3.block
0x6E8C2DE1,path,blocks\VZ\resident_P000_Q3.block
0x6E8DB9E4,path,blocks\VZ\resident_P000_Q3.block
0x6E8E448D,path,blocks\VZ\resident_P000_Q3.block
0x6E8F1306,animation,blocks\VZ\vehiclenameanimgroup_ztz63a_P000_Q3.block
0x6E8FFCCE,animation,blocks\VZ\resident_P000_Q3.block
0x6EA0F3DA,path,blocks\VZ\resident_P000_Q3.block
0x6EA503D5,path,blocks\VZ\resident_P000_Q3.block
0x6EA5460D,path,blocks\VZ\resident_P000_Q3.block
0x6EA67994,path,blocks\VZ\resident_P000_Q3.block
0x6EA88E00,animation,blocks\VZ\characternameanimgroup_mattias_P000_Q3.block
0x6EB21AED,animation,blocks\VZ\vehiclenameanimgroup_mi35solano_P000_Q3.block
0x6EB39A09,scrub,blocks\VZ\c31350_P000_Q3.block
0x6EB85F60,animation,blocks\VZ\vehiclenameanimgroup_stingray_P000_Q3.block
0x6EBDE69F,scrub,blocks\VZ\c30102_P000_Q3.block
0x6EC17D1D,model,blocks\VZ\c31121_P000_Q3.block
0x6ED16BBF,path,blocks\VZ\resident_P000_Q3.block
0x6ED1B342,lowresterrain,blocks\VZ\low_res_terrain_P000_Q3.block
0x6ED86FDB,path,blocks\VZ\resident_P000_Q3.block
0x6EDC5684,path,blocks\VZ\resident_P000_Q3.block
0x6EEA7166,animation,blocks\VZ\vehicleclassanimgroup_autolargeb_P000_Q3.block
0x6EF3B08D,texture,blocks\Shell\scaleform_shell_P000_Q3.block
0x6EF932AB,path,blocks\VZ\resident_P000_Q3.block
0x6EFED4CD,animation,blocks\VZ\characternameanimgroup_jennifer_P000_Q3.block
0x6F012624,path,blocks\VZ\resident_P000_Q3.block
0x6F041B44,path,blocks\VZ\resident_P000_Q3.block
0x6F17617C,texture,blocks\VZ\c32043_P000_Q3.block
0x6F177130,animation,blocks\VZ\characternameanimgroup_soldier_P000_Q3.block
0x6F1D5708,animation,blocks\VZ\vehiclenameanimgroup_huey_P000_Q3.block
0x6F1DD37C,path,blocks\VZ\resident_P000_Q3.block
0x6F2B0FA1,animation,blocks\VZ\vehiclenameanimgroup_alouette3_P000_Q3.block
0x6F2B95E9,path,blocks\VZ\resident_P000_Q3.block
0x6F2E3F49,path,blocks\VZ\resident_P000_Q3.block
0x6F330EFC,animation,blocks\VZ\vehiclenameanimgroup_chopper_P000_Q3.block
0x6F357F00,animation,blocks\VZ\resident_P000_Q3.block
0x6F3B75C7,animation,blocks\VZ\vehiclenameanimgroup_ztz98_P000_Q3.block
0x6F3C8974,path,blocks\VZ\resident_P000_Q3.block
0x6F41C701,path,blocks\VZ\resident_P000_Q3.block
0x6F5185BB,path,blocks\VZ\resident_P000_Q3.block
0x6F5750B7,animation,blocks\VZ\vehicleclassanimgroup_jetski_P000_Q3.block
0x6F59EB2E,animation,blocks\VZ\vehiclenameanimgroup_wz10_P000_Q3.block
0x6F5A10FD,path,blocks\VZ\resident_P000_Q3.block
0x6F60BBD5,path,blocks\VZ\resident_P000_Q3.block
0x6F663429,animation,blocks\VZ\resident_P000_Q3.block
0x6F66FCC0,path,blocks\VZ\resident_P000_Q3.block
0x6F6940A1,path,blocks\VZ\resident_P000_Q3.block
0x6F6AAA91,path,blocks\VZ\resident_P000_Q3.block
0x6F6BE7FB,texture,blocks\Shell\scaleform_shell_P000_Q3.block
0x6F706529,texture,blocks\Shell\scaleform_shell_P000_Q3.block
0x6F714C54,path,blocks\VZ\resident_P000_Q3.block
0x6F71F9A0,scrub,blocks\VZ\c30579_P000_Q3.block
0x6F74AE75,lineregion,blocks\VZ\resident_P000_Q3.block
0x6F785536,path,blocks\VZ\resident_P000_Q3.block
0x6F7B0872,animation,blocks\VZ\vehiclenameanimgroup_sportbike_P000_Q3.block
0x6F7BB57F,animation,blocks\VZ\vehiclenameanimgroup_mercsbar_P000_Q3.block
0x6F8203B1,path,blocks\VZ\resident_P000_Q3.block
0x6F8C08DC,texture,blocks\Shell\scaleform_shell_P000_Q3.block
0x6F918E4C,animation,blocks\VZ\vehicleclassanimgroup_truckmid_P000_Q3.block
0x6FA11C04,path,blocks\VZ\resident_P000_Q3.block
0x6FAA9BD8,terrainmesh,blocks\VZ\c31273_P000_Q3.block
0x6FB05E59,lowresterrain,blocks\VZ\low_res_terrain_P000_Q3.block
0x6FB46D89,lineregion,blocks\VZ\resident_P000_Q3.block
0x6FBE69C6,animation,blocks\VZ\vehiclenameanimgroup_md500_P000_Q3.block
0x6FC32AF5,path,blocks\VZ\resident_P000_Q3.block
0x6FC49EAB,path,blocks\VZ\resident_P000_Q3.block
0x6FCA9DEB,path,blocks\VZ\resident_P000_Q3.block
0x6FCC0370,path,blocks\VZ\resident_P000_Q3.block
0x6FD05D4A,animation,blocks\VZ\vehiclenameanimgroup_ridgeline_P000_Q3.block
0x6FD14EED,path,blocks\VZ\resident_P000_Q3.block
0x6FD779A3,path,blocks\VZ\resident_P000_Q3.block
0x6FDE1F96,animation,blocks\VZ\vehiclenameanimgroup_mi26_P000_Q3.block
0x6FE1A6F7,model,blocks\VZ\resident2_P000_Q3.block
0x6FE3DBB8,lowresterrain,blocks\VZ\low_res_terrain_P000_Q3.block
0x6FECF2E9,animation,blocks\VZ\resident2_P000_Q3.block
0x6FEDDC95,lineregion,blocks\VZ\resident_P000_Q3.block
0x6FEE9982,path,blocks\VZ\resident_P000_Q3.block
0x6FF7B206,path,blocks\VZ\resident_P000_Q3.block
0x6FF7C131,texture,blocks\Shell\scaleform_shell_P000_Q3.block
0x6FF92EAF,animation,blocks\VZ\vehiclenameanimgroup_type 14310_P000_Q3.block
0x6FFC0665,animation,blocks\VZ\vehicleclassanimgroup_automedium_P000_Q3.block
0x700BFCAA,path,blocks\VZ\resident_P000_Q3.block
0x7012ADC4,animation,blocks\VZ\characternameanimgroup_chris_P000_Q3.block
0x70164F34,path,blocks\VZ\resident_P000_Q3.block
0x7016E877,path,blocks\VZ\resident_P000_Q3.block
0x702051D8,model,blocks\VZ\c30453_P000_Q3.block
0x702422E1,terrainmesh,blocks\VZ\c31064_P000_Q3.block
0x702E3AED,path,blocks\VZ\resident_P000_Q3.block
0x7033FB8B,path,blocks\VZ\resident_P000_Q3.block
0x703878B9,path,blocks\VZ\resident_P000_Q3.block
0x7039C415,animation,blocks\VZ\characternameanimgroup_mattias_P000_Q3.block
0x703B4BBE,path,blocks\VZ\resident_P000_Q3.block
0x703B7C5F,path,blocks\VZ\resident_P000_Q3.block
0x7045AB12,scrub,blocks\VZ\c30630_P000_Q3.block
0x704899E5,animation,blocks\VZ\resident_P000_Q3.block
0x704CE77E,animation,blocks\VZ\vehiclenameanimgroup_m151_P000_Q3.block
0x704F7758,path,blocks\VZ\resident_P000_Q3.block
0x7054CA1D,scrub,blocks\VZ\c30304_P000_Q3.block
0x70592447,animation,blocks\VZ\vehiclenameanimgroup_tow_P000_Q3.block
0x705D19AB,animation,blocks\VZ\vehiclenameanimgroup_smallfishing_P000_Q3.block
0x707B34A5,animation,blocks\VZ\vehiclenameanimgroup_mh53j_P000_Q3.block
0x70831E61,animation,blocks\VZ\vehiclenameanimgroup_scooter_P000_Q3.block
0x708ABD52,animation,blocks\VZ\vehiclenameanimgroup_pgz95_P000_Q3.block
0x708B1EFB,animation,blocks\VZ\vehiclenameanimgroup_m1a2_P000_Q3.block
0x708CA9B5,animation,blocks\VZ\resident_P000_Q3.block
0x708D5974,path,blocks\VZ\resident_P000_Q3.block
0x70920C8C,terrainmesh,blocks\VZ\c31534_P000_Q3.block
0x70A6F755,path,blocks\VZ\resident_P000_Q3.block
0x70B077B3,path,blocks\VZ\resident_P000_Q3.block
0x70B66DBF,model,blocks\VZ\c33296_P000_Q3.block
0x70C3E3FA,animation,blocks\VZ\vehiclenameanimgroup_escort_P000_Q3.block
0x70C50135,path,blocks\VZ\resident_P000_Q3.block
0x70D2C4A6,animation,blocks\VZ\vehiclenameanimgroup_amx30_P000_Q3.block
0x70D6FBD9,model;path,blocks\VZ\c30815_P000_Q3.block;blocks\VZ\resident_P000_Q3.block
0x70DA062B,scrub,blocks\VZ\c31411_P000_Q3.block
0x70DC6DA0,animation,blocks\VZ\vehiclenameanimgroup_type 14310_P000_Q3.block
0x70E5B7B0,animation,blocks\VZ\vehiclenameanimgroup_alouette3_P000_Q3.block
0x70E6EFE0,path,blocks\VZ\resident_P000_Q3.block
0x70EA5D6D,path,blocks\VZ\resident_P000_Q3.block
0x70F9191D,animation,blocks\VZ\vehiclenameanimgroup_weightbench_P000_Q3.block
0x70FFF458,animation,blocks\VZ\vehiclenameanimgroup_ochq_P000_Q3.block
0x7100F5C7,lowresterrain,blocks\VZ\low_res_terrain_P000_Q3.block
0x7101FD86,animation,blocks\VZ\vehiclenameanimgroup_mh53j_P000_Q3.block
0x7105D1E8,animation,blocks\VZ\vehiclenameanimgroup_riflewindow_P000_Q3.block
0x710E0730,animation,blocks\VZ\characternameanimgroup_chris_P000_Q3.block
0x710F3081,animation,blocks\VZ\vehicleclassanimgroup_hmmwv_P000_Q3.block
0x7114070E,texture,blocks\Shell\lti_precache8_P000_Q3.block
0x7123FF69,path,blocks\VZ\resident_P000_Q3.block
0x712A4A44,path,blocks\VZ\resident_P000_Q3.block
0x713A4511,model,blocks\VZ\c39998_P000_Q3.block
0x713E87DE,path,blocks\VZ\resident_P000_Q3.block
0x714068A3,animation,blocks\VZ\vehicleclassanimgroup_autolargec_P000_Q3.block
0x7157171A,path,blocks\VZ\resident_P000_Q3.block
0x715C2024,path,blocks\VZ\resident_P000_Q3.block
0x715C4B62,path,blocks\VZ\resident_P000_Q3.block
0x715E414C,terrainmesh,blocks\VZ\c30713_P000_Q3.block
0x71638395,animation,blocks\VZ\vehiclenameanimgroup_patrol_P000_Q3.block
0x7165B56F,path,blocks\VZ\resident_P000_Q3.block
0x717AF492,animation,blocks\VZ\vehiclenameanimgroup_md500_P000_Q3.block
0x7182F661,path,blocks\VZ\resident_P000_Q3.block
0x71895D29,terrainmesh,blocks\VZ\c31423_P000_Q3.block
0x7191E7F9,path,blocks\VZ\resident_P000_Q3.block
0x7194D556,animation,blocks\VZ\characternameanimgroup_soldier_P000_Q3.block
0x719C1FD5,animation,blocks\VZ\characternameanimgroup_chris_P000_Q3.block
0x71A4CADD,animation,blocks\VZ\vehicleclassanimgroup_automedium_P000_Q3.block
0x71A5267B,animation,blocks\VZ\vehiclenameanimgroup_laviii_P000_Q3.block
0x71A54060,scrub,blocks\VZ\c30513_P000_Q3.block
0x71A5CCC7,animation,blocks\VZ\characternameanimgroup_chris_P000_Q3.block
0x71AEC7BF,animation,blocks\VZ\vehiclenameanimgroup_amx30_P000_Q3.block
0x71BEE0AF,animation,blocks\VZ\vehiclenameanimgroup_scooter_P000_Q3.block
0x71C47BBE,scrub,blocks\VZ\c31226_P000_Q3.block
0x71CA11E3,path,blocks\VZ\resident_P000_Q3.block
0x71CA6F35,animation,blocks\VZ\vehiclenameanimgroup_laviii_P000_Q3.block
0x71CE162D,path,blocks\VZ\resident_P000_Q3.block
0x71D03FF0,path,blocks\VZ\resident_P000_Q3.block
0x71DC5F8B,scrub,blocks\VZ\c30162_P000_Q3.block
0x71DC712E,model,blocks\VZ\c33257_P000_Q3.block
0x71E07570,animation,blocks\VZ\resident_P000_Q3.block
0x71F4B511,animation,blocks\VZ\characternameanimgroup_mattias_P000_Q3.block
0x71FABE5F,path,blocks\VZ\resident_P000_Q3.block
0x71FD9365,animation,blocks\VZ\characternameanimgroup_chris_P000_Q3.block
0x7201A03A,animation,blocks\VZ\vehiclenameanimgroup_amx30_P000_Q3.block
0x7204ED1D,path,blocks\VZ\resident_P000_Q3.block
0x720516D2,path,blocks\VZ\resident_P000_Q3.block
0x720CFE62,path,blocks\VZ\resident_P000_Q3.block
0x72118596,model,blocks\VZ\c32553_P000_Q3.block
0x7213B959,scrub,blocks\VZ\c31243_P000_Q3.block
0x7219544F,path,blocks\VZ\resident_P000_Q3.block
0x721D8E9D,lineregion,blocks\VZ\resident_P000_Q3.block
0x722D2026,model,blocks\VZ\c30388_P000_Q3.block
0x722FA1DC,path,blocks\VZ\resident_P000_Q3.block
0x72302C90,animation,blocks\VZ\vehiclenameanimgroup_omen_P000_Q3.block
0x723A7E4C,path,blocks\VZ\resident_P000_Q3.block
0x723EEE8F,soundbank;sounddb;wavebank,blocks\English\vo_job_gur_huang.english_P000_Q3.block
0x723F2111,model,blocks\VZ\c30876_P000_Q3.block
0x72438D85,path,blocks\VZ\resident_P000_Q3.block
0x724D3377,animation,blocks\VZ\resident_P000_Q3.block
0x725E7AE8,path,blocks\VZ\resident_P000_Q3.block
0x725F361C,path,blocks\VZ\resident_P000_Q3.block
0x72600B01,path,blocks\VZ\resident_P000_Q3.block
0x7268A0E9,path,blocks\VZ\resident_P000_Q3.block
0x7269553D,scaleformgfx,blocks\Shell\japanese_P000_Q3.block;blocks\VZ\japanese_P000_Q3.block
0x726ADE55,animation,blocks\VZ\resident2_P000_Q3.block
0x727BBE36,animation,blocks\VZ\resident_P000_Q3.block
0x727BCC6E,path,blocks\VZ\resident_P000_Q3.block
0x7287A7B7,path,blocks\VZ\resident_P000_Q3.block
0x729C7E68,lowresterrain,blocks\VZ\low_res_terrain_P000_Q3.block
0x729C94B4,path,blocks\VZ\resident_P000_Q3.block
0x729D41F8,animation,blocks\VZ\vehiclenameanimgroup_mi35_P000_Q3.block
0x729EFDDD,scrub,blocks\VZ\c30867_P000_Q3.block
0x72A0BE76,model,blocks\VZ\c39998_P000_Q3.block
0x72A5EDC9,animation,blocks\VZ\vehiclenameanimgroup_mi35solano_P000_Q3.block
0x72AEDF9C,animation,blocks\VZ\vehiclenameanimgroup_turbosquid_P000_Q3.block
0x72BB9FD0,animation,blocks\VZ\vehiclenameanimgroup_dinghy_P000_Q3.block
0x72BF85D9,path,blocks\VZ\resident_P000_Q3.block
0x72C6DB8A,lowresterrain,blocks\VZ\low_res_terrain_P000_Q3.block
0x72CDEAA9,path,blocks\VZ\resident_P000_Q3.block
0x72DAAD03,animation,blocks\VZ\vehiclenameanimgroup_saltonsea_P000_Q3.block
0x72DB3015,path,blocks\VZ\resident_P000_Q3.block
0x72E18F0F,animation,blocks\VZ\vehiclenameanimgroup_wz10_P000_Q3.block
0x72E607C0,scrub,blocks\VZ\c30825_P000_Q3.block
0x72EBDFF3,path,blocks\VZ\resident_P000_Q3.block
0x72F23993,lowresterrain,blocks\VZ\low_res_terrain_P000_Q3.block
0x72F6A8A2,lowresterrain,blocks\VZ\low_res_terrain_P000_Q3.block
0x72F94A13,animation,blocks\VZ\resident_P000_Q3.block
0x72FA56FC,lowresterrain,blocks\VZ\low_res_terrain_P000_Q3.block
0x72FA923A,path,blocks\VZ\resident_P000_Q3.block
0x72FAB396,animation,blocks\VZ\vehiclenameanimgroup_mi26_P000_Q3.block
0x72FC3297,scrub,blocks\VZ\c31244_P000_Q3.block
0x73019848,path,blocks\VZ\resident_P000_Q3.block
0x73031421,path,blocks\VZ\resident_P000_Q3.block
0x73033C9F,model,blocks\VZ\c31347_P000_Q3.block
0x7305B5A5,path,blocks\VZ\resident_P000_Q3.block
0x730E0004,lineregion,blocks\VZ\resident_P000_Q3.block
0x73102621,animation,blocks\VZ\vehicleclassanimgroup_autolargea_P000_Q3.block
0x73162E7C,path,blocks\VZ\resident_P000_Q3.block
0x731CA64A,animation,blocks\VZ\vehiclenameanimgroup_huangfeng_P000_Q3.block
0x731E28BB,path,blocks\VZ\resident_P000_Q3.block
0x73214365,animation,blocks\VZ\vehiclenameanimgroup_chopper_P000_Q3.block
0x7326DDBC,path,blocks\VZ\resident_P000_Q3.block
0x7329D083,texture,blocks\Shell\lti_precache1_P000_Q3.block
0x7329F18F,animation,blocks\VZ\vehiclenameanimgroup_mattiaschopper_P000_Q3.block
0x733DD855,animation,blocks\VZ\characternameanimgroup_jennifer_P000_Q3.block
0x733E7F24,scrub,blocks\VZ\c30014_P000_Q3.block
0x73401F14,animation,blocks\VZ\vehiclenameanimgroup_mi35solano_P000_Q3.block
0x7343F3E1,animation,blocks\VZ\vehiclenameanimgroup_tow_P000_Q3.block
0x734F720C,path,blocks\VZ\resident_P000_Q3.block
0x73500A2D,path,blocks\VZ\resident_P000_Q3.block
0x73522FA7,terrainmesh,blocks\VZ\c30065_P000_Q3.block
0x7359B4D7,path,blocks\VZ\resident_P000_Q3.block
0x735B9F63,animation,blocks\VZ\resident_P000_Q3.block
0x7360CCCE,terrainmesh,blocks\VZ\c30770_P000_Q3.block
0x7368EF3D,path,blocks\VZ\resident_P000_Q3.block
0x736A07B8,path,blocks\VZ\resident_P000_Q3.block
0x73769B10,lineregion,blocks\VZ\resident_P000_Q3.block
0x738993DF,model,blocks\VZ\c30229_P000_Q3.block
0x738A0E3F,terrainmesh,blocks\VZ\c30960_P000_Q3.block
0x738C7E20,animation,blocks\VZ\vehiclenameanimgroup_huey_P000_Q3.block
0x73980048,path,blocks\VZ\resident_P000_Q3.block
0x73A68732,path,blocks\VZ\resident_P000_Q3.block
0x73A6C99C,animation,blocks\VZ\vehiclenameanimgroup_m1a2_P000_Q3.block
0x73A8372A,path,blocks\VZ\resident_P000_Q3.block
0x73A936E5,animation,blocks\VZ\vehiclenameanimgroup_m113_P000_Q3.block
0x73AA9B0F,texture,blocks\Shell\russian_P000_Q3.block
0x73AC392F,path,blocks\VZ\resident_P000_Q3.block
0x73BA2C60,soundbank;sounddb;wavebank,blocks\English\vo_oilcon021.english_P000_Q3.block
0x73BF28D3,texture,blocks\Shell\lti_precache12_P000_Q3.block
0x73CC058B,path,blocks\VZ\resident_P000_Q3.block
0x73CCB975,animation,blocks\VZ\resident_P000_Q3.block
0x73D0EAA2,animation,blocks\VZ\vehiclenameanimgroup_md500_P000_Q3.block
0x73DA86DD,path,blocks\VZ\resident_P000_Q3.block
0x73E1DFE1,animation,blocks\VZ\vehiclenameanimgroup_wz10_P000_Q3.block
0x73E90A02,animation,blocks\VZ\characternameanimgroup_chris_P000_Q3.block
0x73EAA102,path,blocks\VZ\resident_P000_Q3.block
0x73ED3490,animation,blocks\VZ\vehiclenameanimgroup_ridgeline_P000_Q3.block
0x73EF0B58,path,blocks\VZ\resident_P000_Q3.block
0x73F44E81,path,blocks\VZ\resident_P000_Q3.block
0x73F50F57,soundbank;sounddb;wavebank,blocks\English\vo_allcon001.english_P000_Q3.block
0x73F69280,scrub,blocks\VZ\c31295_P000_Q3.block
0x73F77C5F,path,blocks\VZ\resident_P000_Q3.block
0x73F9C0F0,texture,blocks\Shell\scaleform_shell_P000_Q3.block
0x73FBED7C,path,blocks\VZ\resident_P000_Q3.block
0x740D46FA,lowresterrain,blocks\VZ\low_res_terrain_P000_Q3.block
0x741430D5,path,blocks\VZ\resident_P000_Q3.block
0x741AF511,path,blocks\VZ\resident_P000_Q3.block
0x741CA6B3,chatter,blocks\VZ\resident_P000_Q3.block
0x741F2578,animation,blocks\VZ\vehiclenameanimgroup_armwrestle_P000_Q3.block
0x7429C454,lineregion,blocks\VZ\resident_P000_Q3.block
0x742EE7D1,path,blocks\VZ\resident_P000_Q3.block
0x74349621,animation,blocks\VZ\vehiclenameanimgroup_ridgeline_P000_Q3.block
0x74494ECB,path,blocks\VZ\resident_P000_Q3.block
0x744DCBF9,path,blocks\VZ\resident_P000_Q3.block
0x745233BB,path,blocks\VZ\resident_P000_Q3.block
0x7454132C,path,blocks\VZ\resident_P000_Q3.block
0x7455D317,path,blocks\VZ\resident_P000_Q3.block
0x74565B8E,path,blocks\VZ\resident_P000_Q3.block
0x7457A065,animation,blocks\VZ\vehiclenameanimgroup_mtv_P000_Q3.block
0x745C4A38,lineregion,blocks\VZ\resident_P000_Q3.block
0x745D3CCF,path,blocks\VZ\resident_P000_Q3.block
0x745EB940,animation,blocks\VZ\resident_P000_Q3.block
0x74602FDC,animation,blocks\VZ\characternameanimgroup_chris_P000_Q3.block
0x74637B8F,animation,blocks\VZ\vehiclenameanimgroup_swamp_P000_Q3.block
0x7466929F,scrub,blocks\VZ\c30442_P000_Q3.block
0x7467FE2D,animation,blocks\VZ\vehiclenameanimgroup_turbosquid_P000_Q3.block
0x7468148D,path,blocks\VZ\resident_P000_Q3.block
0x746C6A7A,animation,blocks\VZ\vehiclenameanimgroup_ah1z_P000_Q3.block
0x747EB3D8,path,blocks\VZ\resident_P000_Q3.block
0x748481E6,texture,blocks\Shell\scaleform_shell_P000_Q3.block
0x74855896,animation,blocks\VZ\vehiclenameanimgroup_scorpion90_P000_Q3.block
0x748A30EA,path,blocks\VZ\resident_P000_Q3.block
0x748C2CBE,animation,blocks\VZ\vehiclenameanimgroup_md500_P000_Q3.block
0x74918DAA,model,blocks\VZ\c30021_P000_Q3.block
0x749F58B2,animation,blocks\VZ\vehiclenameanimgroup_patrol_P000_Q3.block
0x74A9141E,path,blocks\VZ\resident_P000_Q3.block
0x74C18A88,scrub,blocks\VZ\c30083_P000_Q3.block
0x74CCDC50,animation,blocks\VZ\resident_P000_Q3.block
0x74CDAC3A,path,blocks\VZ\resident_P000_Q3.block
0x74CDBF32,path,blocks\VZ\resident_P000_Q3.block
0x74D310BA,binary,blocks\Shell\resident_P000_Q3.block;blocks\VZ\resident_P000_Q3.block
0x74DA140C,lineregion,blocks\VZ\resident_P000_Q3.block
0x74E53F53,animation,blocks\VZ\resident_P000_Q3.block
0x74EB7CCC,path,blocks\VZ\resident_P000_Q3.block
0x74F38733,animation,blocks\VZ\vehicleclassanimgroup_truckmid_P000_Q3.block
0x74F57F78,texture,blocks\Shell\scaleform_shell_P000_Q3.block
0x74F5F012,path,blocks\VZ\resident_P000_Q3.block
0x74F7C149,path,blocks\VZ\resident_P000_Q3.block
0x74F83B96,path,blocks\VZ\resident_P000_Q3.block
0x74F99A27,animation,blocks\VZ\vehiclenameanimgroup_ochq_P000_Q3.block
0x74FFFD81,path,blocks\VZ\resident_P000_Q3.block
0x75065AB1,animation,blocks\VZ\vehicleclassanimgroup_motorcycle_P000_Q3.block
0x75186B6C,lineregion,blocks\VZ\resident_P000_Q3.block
0x7521CFA9,path,blocks\VZ\resident_P000_Q3.block
0x752772DB,path,blocks\VZ\resident_P000_Q3.block
0x7527C675,animation,blocks\VZ\vehicleclassanimgroup_autolargea_P000_Q3.block
0x752C9521,texture,blocks\Shell\scaleform_shell_P000_Q3.block
0x752CAC28,path,blocks\VZ\resident_P000_Q3.block
0x75331A10,path,blocks\VZ\resident_P000_Q3.block
0x753843A2,lineregion,blocks\VZ\resident_P000_Q3.block
0x753E8859,animation,blocks\VZ\vehiclenameanimgroup_dragster_P000_Q3.block
0x753F3B17,scrub,blocks\VZ\c31283_P000_Q3.block
0x753F91DC,path,blocks\VZ\resident_P000_Q3.block
0x7541A690,animation,blocks\VZ\c30087_P000_Q3.block
0x75484139,scrub,blocks\VZ\c30397_P000_Q3.block
0x75537CFE,path,blocks\VZ\resident_P000_Q3.block
0x75562285,animation,blocks\VZ\vehicleclassanimgroup_tank_P000_Q3.block
0x75603320,animation,blocks\VZ\vehicleclassanimgroup_autolargea_P000_Q3.block
0x75654795,animation,blocks\VZ\vehiclenameanimgroup_m113_P000_Q3.block
0x7568756C,path,blocks\VZ\resident_P000_Q3.block
0x7568ABA0,lineregion,blocks\VZ\resident_P000_Q3.block
0x756A3678,terrainmesh,blocks\VZ\c30903_P000_Q3.block
0x757AB23F,model,blocks\VZ\c30895_P000_Q3.block
0x757EAE95,model,blocks\VZ\c33295_P000_Q3.block
0x758169CE,path,blocks\VZ\resident_P000_Q3.block
0x758453B6,path,blocks\VZ\resident_P000_Q3.block
0x7584BE02,lowresterrain,blocks\VZ\low_res_terrain_P000_Q3.block
0x759653A8,path,blocks\VZ\resident_P000_Q3.block
0x759BDE16,model,blocks\VZ\c31034_P000_Q3.block
0x759F74F7,animation,blocks\VZ\resident_P000_Q3.block
0x75A25A9E,animation,blocks\VZ\vehiclenameanimgroup_m1a2_P000_Q3.block
0x75A4F506,path,blocks\VZ\resident_P000_Q3.block
0x75A5698C,lowresterrain,blocks\VZ\low_res_terrain_P000_Q3.block
0x75A58B4D,scrub,blocks\VZ\c30083_P000_Q3.block
0x75AEE840,animation,blocks\VZ\resident_P000_Q3.block
0x75B50BD3,path,blocks\VZ\resident_P000_Q3.block
0x75D900A1,path,blocks\VZ\resident_P000_Q3.block
0x75EBFD2F,path,blocks\VZ\resident_P000_Q3.block
0x75ECFBB0,lineregion,blocks\VZ\resident_P000_Q3.block
0x7604B190,model,blocks\VZ\c30616_P000_Q3.block
0x760735A8,path,blocks\VZ\resident_P000_Q3.block
0x76189AD4,path,blocks\VZ\resident_P000_Q3.block
0x761C0DE1,terrainmesh,blocks\VZ\c31249_P000_Q3.block
0x7624521A,texture,blocks\Shell\scaleform_shell_P000_Q3.block
0x7630FF29,path,blocks\VZ\resident_P000_Q3.block
0x7635316F,lowresterrain,blocks\VZ\low_res_terrain_P000_Q3.block
0x76371DBC,animation,blocks\VZ\resident_P000_Q3.block
0x763BDE71,path,blocks\VZ\resident_P000_Q3.block
0x763D2BC3,animation,blocks\VZ\vehiclenameanimgroup_m113_P000_Q3.block
0x76403D9C,animation,blocks\VZ\resident_P000_Q3.block
0x76406639,effect,blocks\VZ\effects_P000_Q3.block
0x76469912,animation,blocks\VZ\vehiclenameanimgroup_m551_P000_Q3.block
0x76592308,animation,blocks\VZ\vehiclenameanimgroup_vanquish_P000_Q3.block
0x765A49FF,path,blocks\VZ\resident_P000_Q3.block
0x765AB93A,path,blocks\VZ\resident_P000_Q3.block
0x765B127A,path,blocks\VZ\resident_P000_Q3.block
0x76606BE0,animation,blocks\VZ\resident_P000_Q3.block
0x76629BF0,path,blocks\VZ\resident_P000_Q3.block
0x7662BB53,path,blocks\VZ\resident_P000_Q3.block
0x76666757,path,blocks\VZ\resident_P000_Q3.block
0x76699137,path,blocks\VZ\resident_P000_Q3.block
0x766AE485,path,blocks\VZ\resident_P000_Q3.block
0x7670C5AD,path,blocks\VZ\resident_P000_Q3.block
0x7670CA8A,texture,blocks\Shell\scaleform_shell_P000_Q3.block
0x7676562F,terrainmesh,blocks\VZ\c30336_P000_Q3.block
0x7677EDA4,lowresterrain,blocks\VZ\low_res_terrain_P000_Q3.block
0x7682258F,animation,blocks\VZ\vehiclenameanimgroup_huey_P000_Q3.block
0x768BDDFC,path,blocks\VZ\resident_P000_Q3.block
0x768ED99A,scrub,blocks\VZ\c30900_P000_Q3.block
0x768FF022,path,blocks\VZ\resident_P000_Q3.block
0x7690B7A7,path,blocks\VZ\resident_P000_Q3.block
0x76928CE5,path,blocks\VZ\resident_P000_Q3.block
0x7695D5D0,terrainmesh,blocks\VZ\c30922_P000_Q3.block
0x76995802,path,blocks\VZ\resident_P000_Q3.block
0x76AF8D3F,lowresterrain,blocks\VZ\low_res_terrain_P000_Q3.block
0x76B0EE4D,path,blocks\VZ\resident_P000_Q3.block
0x76B6ED8D,path,blocks\VZ\resident_P000_Q3.block
0x76B886E5,lineregion,blocks\VZ\resident_P000_Q3.block
0x76B99B0E,path,blocks\VZ\resident_P000_Q3.block
0x76BD755C,animation,blocks\VZ\vehiclenameanimgroup_aa_P000_Q3.block
0x76C00114,animation,blocks\VZ\vehicleclassanimgroup_automedium_P000_Q3.block
0x76C5E22D,animation,blocks\VZ\vehiclenameanimgroup_nglv_P000_Q3.block
0x76C7DD09,lowresterrain,blocks\VZ\low_res_terrain_P000_Q3.block
0x76CCDF62,terrainmesh,blocks\VZ\c30204_P000_Q3.block
0x76DD476E,scrub,blocks\VZ\c30441_P000_Q3.block
0x76DDF00C,terrainmesh,blocks\VZ\c30813_P000_Q3.block
0x76DF44F4,animation,blocks\VZ\resident_P000_Q3.block
0x76DFA8DE,animation,blocks\VZ\vehiclenameanimgroup_patrol_P000_Q3.block
0x76E8B6AB,texture,blocks\Shell\scaleform_shell_P000_Q3.block
0x76E931F8,path,blocks\VZ\resident_P000_Q3.block
0x76EFBF5E,animation,blocks\VZ\vehiclenameanimgroup_huey_P000_Q3.block
0x76FAAA53,scrub,blocks\VZ\c31354_P000_Q3.block
0x76FC0349,animation,blocks\VZ\vehiclenameanimgroup_patrol_P000_Q3.block
0x76FF3CF1,animation,blocks\VZ\vehicleclassanimgroup_truckmid_P000_Q3.block
0x770674EB,animation,blocks\VZ\vehiclenameanimgroup_highvoltage_P000_Q3.block
0x770CB052,path,blocks\VZ\resident_P000_Q3.block
0x770F2A84,animation,blocks\VZ\vehiclenameanimgroup_ridgeline_P000_Q3.block
0x771125BC,animation,blocks\VZ\vehiclenameanimgroup_alouette3_P000_Q3.block
0x771341DD,path,blocks\VZ\resident_P000_Q3.block
0x771A3C66,animation,blocks\VZ\vehiclenameanimgroup_ka29b_P000_Q3.block
0x7732C90F,path,blocks\VZ\resident_P000_Q3.block
0x77334AD4,animation,blocks\VZ\vehiclenameanimgroup_amx30_P000_Q3.block
0x773821BA,lowresterrain,blocks\VZ\low_res_terrain_P000_Q3.block
0x773B3691,scrub,blocks\VZ\c30014_P000_Q3.block
0x7746B25C,animation,blocks\VZ\resident_P000_Q3.block
0x7748FE2E,path,blocks\VZ\resident_P000_Q3.block
0x77510D0B,animation,blocks\VZ\vehiclenameanimgroup_dinghy_P000_Q3.block
0x775342A5,animation,blocks\VZ\vehiclenameanimgroup_nglv_P000_Q3.block
0x7765BB67,path,blocks\VZ\resident_P000_Q3.block
0x77688229,animation,blocks\VZ\vehiclenameanimgroup_alouette3_P000_Q3.block
0x7768BB1E,animation,blocks\VZ\resident_P000_Q3.block
0x776B3CC8,animation,blocks\VZ\vehiclenameanimgroup_aa_P000_Q3.block
0x776DE35A,animation,blocks\VZ\characternameanimgroup_mattias_P000_Q3.block
0x7770E2B0,path,blocks\VZ\resident_P000_Q3.block
0x77730DBB,path,blocks\VZ\resident_P000_Q3.block
0x77745488,animation,blocks\VZ\resident_P000_Q3.block
0x7776D1FC,path,blocks\VZ\resident_P000_Q3.block
0x777BD24E,animation,blocks\VZ\characternameanimgroup_jennifer_P000_Q3.block
0x777CDEFC,path,blocks\VZ\resident_P000_Q3.block
0x777FB2CF,animation,blocks\VZ\vehiclenameanimgroup_wz10_P000_Q3.block
0x77801232,animation,blocks\VZ\resident_P000_Q3.block
0x77867AB9,animation,blocks\VZ\vehiclenameanimgroup_m551_P000_Q3.block
0x77884BFA,model,blocks\VZ\c33296_P000_Q3.block
0x778851A4,soundbank;sounddb,blocks\English\vo_resident_P000_Q3.block
0x778A571F,model,blocks\VZ\c32467_P000_Q3.block
0x778B51B1,animation,blocks\VZ\vehiclenameanimgroup_huey_P000_Q3.block
0x778C5F4F,animation,blocks\VZ\vehiclenameanimgroup_ah1z_P000_Q3.block
0x778FE128,path,blocks\VZ\resident_P000_Q3.block
0x779030B9,animation,blocks\VZ\vehicleclassanimgroup_truckmid_P000_Q3.block
0x7795E594,animation,blocks\VZ\vehiclenameanimgroup_mh53j_P000_Q3.block
0x7796E742,path,blocks\VZ\resident_P000_Q3.block
0x779AC886,path,blocks\VZ\resident_P000_Q3.block
0x779B1DC4,path,blocks\VZ\resident_P000_Q3.block
0x779F9AF2,path,blocks\VZ\resident_P000_Q3.block
0x77A0C67E,path,blocks\VZ\resident_P000_Q3.block
0x77A4F24C,path,blocks\VZ\resident_P000_Q3.block
0x77B02F2C,animation,blocks\VZ\resident_P000_Q3.block
0x77B1D358,lowresterrain,blocks\VZ\low_res_terrain_P000_Q3.block
0x77B4138A,texture,blocks\VZ\c32621_P000_Q3.block
0x77B713C1,terrainmesh,blocks\VZ\c30197_P000_Q3.block
0x77BFA0B2,animation,blocks\VZ\characternameanimgroup_soldier_P000_Q3.block
0x77C065AA,effect,blocks\VZ\effects_P000_Q3.block
0x77C1E25E,texture,blocks\VZ\c32623_P000_Q3.block
0x77C34D45,animation,blocks\VZ\vehiclenameanimgroup_huey_P000_Q3.block
0x77CB607C,path,blocks\VZ\resident_P000_Q3.block
0x77D48702,animation,blocks\VZ\vehicleclassanimgroup_autolargec_P000_Q3.block
0x77D8D2C7,path,blocks\VZ\resident_P000_Q3.block
0x77E82E5A,path,blocks\VZ\resident_P000_Q3.block
0x77E951C5,animation,blocks\VZ\characternameanimgroup_jennifer_P000_Q3.block
0x77EA20BF,animation,blocks\VZ\vehiclenameanimgroup_m1a2_P000_Q3.block
0x77F43894,animation,blocks\VZ\vehiclenameanimgroup_ka29b_P000_Q3.block
0x77F44C33,path,blocks\VZ\resident_P000_Q3.block
0x77F693DE,animation,blocks\VZ\vehiclenameanimgroup_laviii_P000_Q3.block
0x77F6A049,lineregion,blocks\VZ\resident_P000_Q3.block
0x77F7E8C3,model,blocks\VZ\c30616_P000_Q3.block
0x77FC4AF7,texture,blocks\Shell\scaleform_shell_P000_Q3.block
0x7801809B,animation,blocks\VZ\resident_P000_Q3.block
0x7809A13B,texture,blocks\VZ\c33247_P000_Q3.block
0x78123AA4,animation,blocks\VZ\characternameanimgroup_ocexecbox_P000_Q3.block
0x78191D22,animation,blocks\VZ\vehiclenameanimgroup_ka29b_P000_Q3.block
0x7821A0BB,path,blocks\VZ\resident_P000_Q3.block
0x78240748,path,blocks\VZ\resident_P000_Q3.block
0x78261DE9,path,blocks\VZ\resident_P000_Q3.block
0x78306C53,animation,blocks\VZ\resident_P000_Q3.block
0x78452950,effect,blocks\VZ\effects_P000_Q3.block
0x78484ABF,path,blocks\VZ\resident_P000_Q3.block
0x784A771D,path,blocks\VZ\resident_P000_Q3.block
0x78529FAB,path,blocks\VZ\resident_P000_Q3.block
0x78585446,path,blocks\VZ\resident_P000_Q3.block
0x785987AC,lineregion,blocks\VZ\resident_P000_Q3.block
0x78622755,path,blocks\VZ\resident_P000_Q3.block
0x78747B48,texture,blocks\English\shell_P000_Q3.block;blocks\Shell\scaleform_shell_P000_Q3.block
0x787AB0CD,path,blocks\VZ\resident_P000_Q3.block
0x787CA282,animation,blocks\VZ\characternameanimgroup_ochqexecphone_P000_Q3.block
0x78969B14,animation,blocks\VZ\vehicleclassanimgroup_buggy_P000_Q3.block
0x7898AD15,path,blocks\VZ\resident_P000_Q3.block
0x789A349F,path,blocks\VZ\resident_P000_Q3.block
0x78A17118,path,blocks\VZ\resident_P000_Q3.block
0x78A1D943,animation,blocks\VZ\vehicleclassanimgroup_hmmwv_P000_Q3.block
0x78A384D2,path,blocks\VZ\resident_P000_Q3.block
0x78AB41DE,path,blocks\VZ\resident_P000_Q3.block
0x78AD4344,scrub,blocks\VZ\c30848_P000_Q3.block
0x78B52082,effect,blocks\VZ\effects_P000_Q3.block
0x78B553D9,scrub,blocks\VZ\c30138_P000_Q3.block
0x78BDF2FF,path,blocks\VZ\resident_P000_Q3.block
0x78C819F0,animation,blocks\VZ\vehiclenameanimgroup_ka29b_P000_Q3.block
0x78CD69BC,path,blocks\VZ\resident_P000_Q3.block
0x78CE5AE8,animation,blocks\VZ\vehiclenameanimgroup_sportbike_P000_Q3.block
0x78D0AFFF,animation,blocks\VZ\vehiclenameanimgroup_alouette3_P000_Q3.block
0x78D1B1DF,path,blocks\VZ\resident_P000_Q3.block
0x78D87170,path,blocks\VZ\resident_P000_Q3.block
0x78D8E818,soundbank;sounddb;wavebank,blocks\English\vo_job_chin_wu.english_P000_Q3.block
0x78D95307,model,blocks\VZ\c30146_P000_Q3.block
0x78DC692B,path,blocks\VZ\resident_P000_Q3.block
0x78E3D31A,model,blocks\VZ\c30264_P000_Q3.block
0x78E5BE27,lowresterrain,blocks\VZ\low_res_terrain_P000_Q3.block
0x78E98296,path,blocks\VZ\resident_P000_Q3.block
0x78E9F51C,scrub,blocks\VZ\c30867_P000_Q3.block
0x78ED0ACE,path,blocks\VZ\resident_P000_Q3.block
0x78FF5A48,animation,blocks\VZ\resident_P000_Q3.block
0x79029540,path,blocks\VZ\resident_P000_Q3.block
0x790D8B6B,model,blocks\VZ\resident2_P000_Q3.block
0x791056EA,lowresterrain,blocks\VZ\low_res_terrain_P000_Q3.block
0x79112F30,animation,blocks\VZ\characternameanimgroup_soldier_P000_Q3.block
0x79168454,animation,blocks\VZ\characternameanimgroup_jennifer_P000_Q3.block
0x791CC99A,animation,blocks\VZ\resident_P000_Q3.block
0x79269434,animation,blocks\VZ\vehiclenameanimgroup_huey_P000_Q3.block
0x792B3D2E,path,blocks\VZ\resident_P000_Q3.block
0x792F03BB,scrub,blocks\VZ\c31192_P000_Q3.block
0x79315C22,path,blocks\VZ\resident_P000_Q3.block
0x793C1A02,path,blocks\VZ\resident_P000_Q3.block
0x793EEE83,path,blocks\VZ\resident_P000_Q3.block
0x794176D4,scrub,blocks\VZ\c30912_P000_Q3.block
0x794E5A02,path,blocks\VZ\resident_P000_Q3.block
0x79554442,path,blocks\VZ\resident_P000_Q3.block
0x795FFEBA,lineregion,blocks\VZ\resident_P000_Q3.block
0x7964A35D,scrub,blocks\VZ\c30989_P000_Q3.block
0x7970A73B,path,blocks\VZ\resident_P000_Q3.block
0x7975CBA9,scrub,blocks\VZ\c30911_P000_Q3.block
0x797D0288,path,blocks\VZ\resident_P000_Q3.block
0x79876A61,path,blocks\VZ\resident_P000_Q3.block
0x7989828B,path,blocks\VZ\resident_P000_Q3.block
0x7989AE15,path,blocks\VZ\resident_P000_Q3.block
0x798DFFB9,path,blocks\VZ\resident_P000_Q3.block
0x799243B7,path,blocks\VZ\resident_P000_Q3.block
0x7995BCBD,animation,blocks\VZ\vehiclenameanimgroup_ztz63a_P000_Q3.block
0x79973040,terrainmesh,blocks\VZ\c30303_P000_Q3.block
0x799A6CA7,lineregion,blocks\VZ\resident_P000_Q3.block
0x799DD383,animation,blocks\VZ\vehiclenameanimgroup_wz10_P000_Q3.block
0x799F6020,animation,blocks\VZ\c30594_P000_Q3.block
0x79A1CB5F,animation,blocks\VZ\resident_P000_Q3.block
0x79A830D7,lowresterrain,blocks\VZ\low_res_terrain_P000_Q3.block
0x79AEC530,animation,blocks\VZ\characternameanimgroup_chris_P000_Q3.block
0x79B4ED6D,path,blocks\VZ\resident_P000_Q3.block
0x79BA797C,animation,blocks\VZ\resident_P000_Q3.block
0x79C16DBD,model,blocks\VZ\c30606_P000_Q3.block
0x79CEE0AC,scrub,blocks\VZ\c30191_P000_Q3.block
0x79D2968F,path,blocks\VZ\resident_P000_Q3.block
0x79D8159E,lowresterrain,blocks\VZ\low_res_terrain_P000_Q3.block
0x79D82F95,path,blocks\VZ\resident_P000_Q3.block
0x79DA8847,lowresterrain,blocks\VZ\low_res_terrain_P000_Q3.block
0x79E0EB61,path,blocks\VZ\resident_P000_Q3.block
0x79E55551,terrainmesh,blocks\VZ\c31311_P000_Q3.block
0x79E61F46,path,blocks\VZ\resident_P000_Q3.block
0x79F0FFFE,texture,blocks\Shell\scaleform_shell_P000_Q3.block
0x79FE73BD,animation,blocks\VZ\resident_P000_Q3.block
0x79FFD8FD,animation,blocks\VZ\vehicleclassanimgroup_hmmwv_P000_Q3.block
0x7A06B1D3,effect,blocks\VZ\effects_P000_Q3.block
0x7A0FEA4F,path,blocks\VZ\resident_P000_Q3.block
0x7A139240,texture,blocks\Shell\scaleform_shell_P000_Q3.block
0x7A1964FC,animation,blocks\VZ\vehicleclassanimgroup_hmmwv_P000_Q3.block
0x7A2CB2AC,path,blocks\VZ\resident_P000_Q3.block
0x7A31F632,path,blocks\VZ\resident_P000_Q3.block
0x7A38EF3C,animation,blocks\VZ\vehicleclassanimgroup_autolargeb_P000_Q3.block
0x7A3E5E0B,path,blocks\VZ\resident_P000_Q3.block
0x7A42E837,animation,blocks\VZ\vehiclenameanimgroup_m151_P000_Q3.block
0x7A464E5E,animation,blocks\VZ\characternameanimgroup_chris_P000_Q3.block
0x7A53B94F,scrub,blocks\VZ\c30302_P000_Q3.block
0x7A53C18B,path,blocks\VZ\resident_P000_Q3.block
0x7A583EB9,path,blocks\VZ\resident_P000_Q3.block
0x7A5FCE3D,path,blocks\VZ\resident_P000_Q3.block
0x7A615E68,path,blocks\VZ\resident_P000_Q3.block
0x7A621612,effect,blocks\VZ\effects_P000_Q3.block
0x7A623F3D,animation,blocks\VZ\vehiclenameanimgroup_m113_P000_Q3.block
0x7A65B285,animation,blocks\VZ\vehiclenameanimgroup_scorpion90_P000_Q3.block
0x7A684FDF,path,blocks\VZ\resident_P000_Q3.block
0x7A6F0685,animation,blocks\VZ\c30269_P000_Q3.block
0x7A77E88F,path,blocks\VZ\resident_P000_Q3.block
0x7A7D4643,animation,blocks\VZ\vehicleclassanimgroup_monstertruck_P000_Q3.block
0x7A7D6D77,animation,blocks\VZ\vehicleclassanimgroup_jetski_P000_Q3.block
0x7A8923C1,path,blocks\VZ\resident_P000_Q3.block
0x7A9090A1,terrainmesh,blocks\VZ\c30905_P000_Q3.block
0x7A94568B,path,blocks\VZ\resident_P000_Q3.block
0x7A94905F,model,blocks\VZ\c30366_P000_Q3.block
0x7A977DD1,animation,blocks\VZ\vehicleclassanimgroup_autolargea_P000_Q3.block
0x7A9C5A0D,lowresterrain,blocks\VZ\low_res_terrain_P000_Q3.block
0x7A9E926A,model,blocks\VZ\al_veh_apc_25mm_P000_Q3.block
0x7A9EEBB2,path,blocks\VZ\resident_P000_Q3.block
0x7AA25088,terrainmesh,blocks\VZ\c31532_P000_Q3.block
0x7AA49402,path,blocks\VZ\resident_P000_Q3.block
0x7AA8D934,path,blocks\VZ\resident_P000_Q3.block
0x7AAC52D3,terrainmesh,blocks\VZ\c30815_P000_Q3.block
0x7AACB4C2,animation,blocks\VZ\vehiclenameanimgroup_tow_P000_Q3.block
0x7AAD7A98,path,blocks\VZ\resident_P000_Q3.block
0x7AB7706A,lowresterrain,blocks\VZ\low_res_terrain_P000_Q3.block
0x7AC45CF1,animation,blocks\VZ\characternameanimgroup_mattias_P000_Q3.block
0x7AC505EC,effect,blocks\VZ\effects_P000_Q3.block
0x7AC67DB8,texture,blocks\Shell\scaleform_shell_P000_Q3.block
0x7ACA60CB,animation,blocks\VZ\vehiclenameanimgroup_stingray_P000_Q3.block
0x7ACB426D,model,blocks\VZ\c30226_P000_Q3.block
0x7AD12792,path,blocks\VZ\resident_P000_Q3.block
0x7AD396C0,animation,blocks\VZ\vehicleclassanimgroup_autolargec_P000_Q3.block
0x7AD7387B,path,blocks\VZ\resident_P000_Q3.block
0x7ADAE9EC,lineregion,blocks\VZ\resident_P000_Q3.block
0x7ADCA0C5,animation,blocks\VZ\characternameanimgroup_soldier_P000_Q3.block
0x7ADCAD37,animation,blocks\VZ\vehicleclassanimgroup_dangerousbuilding_P000_Q3.block
0x7AEA4E72,path,blocks\VZ\resident_P000_Q3.block
0x7AEB8C57,animation,blocks\VZ\resident_P000_Q3.block
0x7AFDC85C,path,blocks\VZ\resident_P000_Q3.block
0x7B074973,animation,blocks\VZ\resident_P000_Q3.block
0x7B07C0D7,animation,blocks\VZ\vehiclenameanimgroup_amx30_P000_Q3.block
0x7B1316C2,path,blocks\VZ\resident_P000_Q3.block
0x7B148A98,animation,blocks\VZ\vehicleclassanimgroup_truckmid_P000_Q3.block
0x7B185219,path,blocks\VZ\resident_P000_Q3.block
0x7B18C70E,path,blocks\VZ\resident_P000_Q3.block
0x7B1ACE7E,animation,blocks\VZ\vehiclenameanimgroup_chopper_P000_Q3.block
0x7B508F17,path,blocks\VZ\resident_P000_Q3.block
0x7B51C28A,binary,blocks\Shell\ps3saveassets_P000_Q3.block;blocks\VZ\ps3saveassets_P000_Q3.block
0x7B54E3F0,texture,blocks\Shell\scaleform_shell_P000_Q3.block
0x7B57EF52,path,blocks\VZ\resident_P000_Q3.block
0x7B58B9E7,animation,blocks\VZ\vehicleclassanimgroup_tank_P000_Q3.block
0x7B624872,path,blocks\VZ\resident_P000_Q3.block
0x7B6ABC03,animation,blocks\VZ\resident_P000_Q3.block
0x7B6C65C1,path,blocks\VZ\resident_P000_Q3.block
0x7B74DD45,terrainmesh,blocks\VZ\c30441_P000_Q3.block
0x7B77B34A,path,blocks\VZ\resident_P000_Q3.block
0x7B7A9B70,lineregion,blocks\VZ\resident_P000_Q3.block
0x7B7BD1B9,animation,blocks\VZ\vehiclenameanimgroup_swamp_P000_Q3.block
0x7B9CED34,path,blocks\VZ\resident_P000_Q3.block
0x7BAF1E3A,path,blocks\VZ\resident_P000_Q3.block
0x7BB23783,path,blocks\VZ\resident_P000_Q3.block
0x7BB60A97,animation,blocks\VZ\vehiclenameanimgroup_stingray_P000_Q3.block
0x7BBAA197,animation,blocks\VZ\vehiclenameanimgroup_mi35_P000_Q3.block
0x7BC27CAE,animation,blocks\VZ\vehiclenameanimgroup_scorpion90_P000_Q3.block
0x7BC35EC0,animation,blocks\VZ\vehiclenameanimgroup_md500_P000_Q3.block
0x7BCB3E36,animation,blocks\VZ\resident_P000_Q3.block
0x7BDE82CF,animation,blocks\VZ\vehiclenameanimgroup_cigarette_P000_Q3.block
0x7BE8BCC8,path,blocks\VZ\resident_P000_Q3.block
0x7BEDA62C,path,blocks\VZ\resident_P000_Q3.block
0x7BF28DE3,texture,blocks\Shell\scaleform_shell_P000_Q3.block
0x7BF5505A,texture,blocks\Shell\scaleform_shell_P000_Q3.block
0x7BF615FC,path,blocks\VZ\resident_P000_Q3.block
0x7BF702FD,path,blocks\VZ\resident_P000_Q3.block
0x7BFBA041,animation,blocks\VZ\resident_P000_Q3.block
0x7C002A64,scrub,blocks\VZ\c31502_P000_Q3.block
0x7C09A544,path,blocks\VZ\resident_P000_Q3.block
0x7C0A797C,effect,blocks\VZ\effects_P000_Q3.block
0x7C0D87B3,path,blocks\VZ\resident_P000_Q3.block
0x7C13A054,animation,blocks\VZ\resident_P000_Q3.block
0x7C1686D8,path,blocks\VZ\resident_P000_Q3.block
0x7C1783D3,lowresterrain,blocks\VZ\low_res_terrain_P000_Q3.block
0x7C2162A6,path,blocks\VZ\resident_P000_Q3.block
0x7C28A448,lineregion,blocks\VZ\resident_P000_Q3.block
0x7C2E3623,lineregion,blocks\VZ\resident_P000_Q3.block
0x7C3BE26E,animation,blocks\VZ\vehiclenameanimgroup_amx30_P000_Q3.block
0x7C4A48B6,animation,blocks\VZ\resident_P000_Q3.block
0x7C4C3256,lineregion,blocks\VZ\resident_P000_Q3.block
0x7C4CFA98,scrub,blocks\VZ\c30428_P000_Q3.block
0x7C54959B,path,blocks\VZ\resident_P000_Q3.block
0x7C54B37A,animation,blocks\VZ\vehiclenameanimgroup_m2a3_P000_Q3.block
0x7C561F01,path,blocks\VZ\resident_P000_Q3.block
0x7C58682C,effect,blocks\VZ\effects_P000_Q3.block
0x7C58937A,path,blocks\VZ\resident_P000_Q3.block
0x7C5AE554,path,blocks\VZ\resident_P000_Q3.block
0x7C634785,animation,blocks\VZ\vehiclenameanimgroup_barco_P000_Q3.block
0x7C70680D,animation,blocks\VZ\resident_P000_Q3.block
0x7C73E57B,scrub,blocks\VZ\c31425_P000_Q3.block
0x7C79FCD3,lineregion,blocks\VZ\resident_P000_Q3.block
0x7C7AD993,animation,blocks\VZ\resident_P000_Q3.block
0x7C7C934A,effect,blocks\VZ\effects_P000_Q3.block
0x7C7D3366,animation,blocks\VZ\resident_P000_Q3.block
0x7C7F44E0,model,blocks\VZ\resident2_P000_Q3.block
0x7C829E63,path,blocks\VZ\resident_P000_Q3.block
0x7C8522B6,lineregion,blocks\VZ\resident_P000_Q3.block
0x7C87B821,texture,blocks\Shell\scaleform_shell_P000_Q3.block
0x7C8CCDA3,soundbank;sounddb;wavebank,blocks\English\vo_job_gur_vega.english_P000_Q3.block
0x7C91BD51,path,blocks\VZ\resident_P000_Q3.block
0x7C9641FA,lineregion,blocks\VZ\resident_P000_Q3.block
0x7C9BF39A,path,blocks\VZ\resident_P000_Q3.block
0x7C9E6086,lineregion,blocks\VZ\resident_P000_Q3.block
0x7CB0D3F6,path,blocks\VZ\resident_P000_Q3.block
0x7CB40751,font,blocks\Shell\russian_P000_Q3.block
0x7CB86FC9,model,blocks\VZ\c32155_P000_Q3.block
0x7CB9B4EB,texture,blocks\Shell\scaleform_shell_P000_Q3.block
0x7CCA25CF,lineregion,blocks\VZ\resident_P000_Q3.block
0x7CCA6619,scrub,blocks\VZ\c30819_P000_Q3.block
0x7CCAD79C,path,blocks\VZ\resident_P000_Q3.block
0x7CCCBD39,animation,blocks\VZ\vehiclenameanimgroup_m1a2_P000_Q3.block
0x7CCF7135,animation,blocks\VZ\vehiclenameanimgroup_highvoltage_P000_Q3.block
0x7CD4B3A3,lineregion,blocks\VZ\resident_P000_Q3.block
0x7CD56D1D,path,blocks\VZ\resident_P000_Q3.block
0x7CD5844A,terrainmesh,blocks\VZ\c30084_P000_Q3.block
0x7CDEBE23,path,blocks\VZ\resident_P000_Q3.block
0x7CE03127,path,blocks\VZ\resident_P000_Q3.block
0x7CE10020,animation,blocks\VZ\vehiclenameanimgroup_scorpiondpv_P000_Q3.block
0x7CE3A59A,animation,blocks\VZ\vehiclenameanimgroup_ztz98_P000_Q3.block
0x7CE56461,path,blocks\VZ\resident_P000_Q3.block
0x7CE7698C,lineregion,blocks\VZ\resident_P000_Q3.block
0x7CEB8880,path,blocks\VZ\resident_P000_Q3.block
0x7CFC4B0F,path,blocks\VZ\resident_P000_Q3.block
0x7D0CA70A,lineregion,blocks\VZ\resident_P000_Q3.block
0x7D1190B8,animation,blocks\VZ\resident_P000_Q3.block
0x7D12A08D,texture,blocks\Shell\italian_P000_Q3.block
0x7D12BD37,path,blocks\VZ\resident_P000_Q3.block
0x7D161EB2,path,blocks\VZ\resident_P000_Q3.block
0x7D1D972F,texture,blocks\Shell\scaleform_shell_P000_Q3.block
0x7D1DC165,lowresterrain,blocks\VZ\low_res_terrain_P000_Q3.block
0x7D23E65E,path,blocks\VZ\resident_P000_Q3.block
0x7D272685,lowresterrain,blocks\VZ\low_res_terrain_P000_Q3.block
0x7D29BB77,animation,blocks\VZ\vehiclenameanimgroup_chopper_P000_Q3.block
0x7D2D1275,path,blocks\VZ\resident_P000_Q3.block
0x7D311EE7,texture,blocks\Shell\scaleform_shell_P000_Q3.block
0x7D328838,path,blocks\VZ\resident_P000_Q3.block
0x7D395DE0,animation,blocks\VZ\vehicleclassanimgroup_hmmwv_P000_Q3.block
0x7D3A419D,scrub,blocks\VZ\c30071_P000_Q3.block
0x7D43211D,path,blocks\VZ\resident_P000_Q3.block
0x7D43A1ED,path,blocks\VZ\resident_P000_Q3.block
0x7D43AE42,animation,blocks\VZ\vehiclenameanimgroup_ah1z_P000_Q3.block
0x7D4E255E,path,blocks\VZ\resident_P000_Q3.block
0x7D50E768,path,blocks\VZ\resident_P000_Q3.block
0x7D678C55,scrub,blocks\VZ\c30305_P000_Q3.block
0x7D6A6024,animation,blocks\VZ\resident_P000_Q3.block
0x7D7393BD,animation,blocks\VZ\vehiclenameanimgroup_mh53j_P000_Q3.block
0x7D742857,path,blocks\VZ\resident_P000_Q3.block
0x7D78A585,path,blocks\VZ\resident_P000_Q3.block
0x7D7B4398,animation,blocks\VZ\vehicleclassanimgroup_motorcycle_P000_Q3.block
0x7D7E6CF0,animation,blocks\VZ\vehiclenameanimgroup_mi35_P000_Q3.block
0x7D7F7847,animation,blocks\VZ\vehiclenameanimgroup_amx30_P000_Q3.block
0x7D7F79EB,path,blocks\VZ\resident_P000_Q3.block
0x7D808EF2,model,blocks\VZ\c32427_P000_Q3.block
0x7D841F4A,animation,blocks\VZ\vehicleclassanimgroup_jetski_P000_Q3.block
0x7D85F394,path,blocks\VZ\resident_P000_Q3.block
0x7D88DD7C,path,blocks\VZ\resident_P000_Q3.block
0x7D8D7BD1,path,blocks\VZ\resident_P000_Q3.block
0x7D8E20D0,lowresterrain,blocks\VZ\low_res_terrain_P000_Q3.block
0x7D91A112,path,blocks\VZ\resident_P000_Q3.block
0x7D95D16F,path,blocks\VZ\resident_P000_Q3.block
0x7D99E17D,animation,blocks\VZ\vehicleclassanimgroup_autolargea_P000_Q3.block
0x7DA97ECC,path,blocks\VZ\resident_P000_Q3.block
0x7DAE03C0,path,blocks\VZ\resident_P000_Q3.block
0x7DCA02AF,path,blocks\VZ\resident_P000_Q3.block
0x7DCC420A,lineregion,blocks\VZ\resident_P000_Q3.block
0x7DD2BD00,path,blocks\VZ\resident_P000_Q3.block
0x7DDA3D02,lineregion,blocks\VZ\resident_P000_Q3.block
0x7DDDE32B,effect,blocks\VZ\effects_P000_Q3.block
0x7DDF689E,scrub,blocks\VZ\c30922_P000_Q3.block
0x7DE49201,animation,blocks\VZ\resident_P000_Q3.block
0x7DE9CF66,path,blocks\VZ\resident_P000_Q3.block
0x7DECDC7F,path,blocks\VZ\resident_P000_Q3.block
0x7DF51FC6,lowresterrain,blocks\VZ\low_res_terrain_P000_Q3.block
0x7DF5CF48,animation,blocks\VZ\vehiclenameanimgroup_md500_P000_Q3.block
0x7E060B19,path,blocks\VZ\resident_P000_Q3.block
0x7E067FFA,animation,blocks\VZ\vehiclenameanimgroup_mi35_P000_Q3.block
0x7E084B0E,terrainmesh,blocks\VZ\c30301_P000_Q3.block
0x7E0D08CA,model,blocks\VZ\c30660_P000_Q3.block
0x7E0D7A7F,path,blocks\VZ\resident_P000_Q3.block
0x7E101CAB,path,blocks\VZ\resident_P000_Q3.block
0x7E1E1A8C,animation,blocks\VZ\characternameanimgroup_mattias_P000_Q3.block
0x7E1F1374,effect,blocks\VZ\effects_P000_Q3.block
0x7E21409D,path,blocks\VZ\resident_P000_Q3.block
0x7E2758D0,path,blocks\VZ\resident_P000_Q3.block
0x7E303E09,terrainmesh,blocks\VZ\c30842_P000_Q3.block
0x7E34C1A5,terrainmesh,blocks\VZ\c31531_P000_Q3.block
0x7E3AEC5B,lineregion,blocks\VZ\resident_P000_Q3.block
0x7E3E1513,path,blocks\VZ\resident_P000_Q3.block
0x7E400C8F,animation,blocks\VZ\vehiclenameanimgroup_dragster_P000_Q3.block
0x7E406837,path,blocks\VZ\resident_P000_Q3.block
0x7E477BDD,animation,blocks\VZ\resident_P000_Q3.block
0x7E61855E,path,blocks\VZ\resident_P000_Q3.block
0x7E6273B8,path,blocks\VZ\resident_P000_Q3.block
0x7E63A31F,animation,blocks\VZ\vehiclenameanimgroup_vanquish_P000_Q3.block
0x7E7443C6,animation,blocks\VZ\vehiclenameanimgroup_tow_P000_Q3.block
0x7E7B5852,animation,blocks\VZ\vehiclenameanimgroup_plz45_P000_Q3.block
0x7E7BC3D9,path,blocks\VZ\resident_P000_Q3.block
0x7E7CC305,animation,blocks\VZ\resident_P000_Q3.block
0x7E7E670B,path,blocks\VZ\resident_P000_Q3.block
0x7E7E7054,animation,blocks\VZ\vehiclenameanimgroup_barco_P000_Q3.block
0x7E915D97,texture,blocks\Shell\scaleform_shell_P000_Q3.block
0x7E943C1C,path,blocks\VZ\resident_P000_Q3.block
0x7E9492C6,path,blocks\VZ\resident_P000_Q3.block
0x7E95DAC5,texture,blocks\Shell\scaleform_shell_P000_Q3.block
0x7E993058,path,blocks\VZ\resident_P000_Q3.block
0x7E998C1C,lowresterrain,blocks\VZ\low_res_terrain_P000_Q3.block
0x7EA21055,animation,blocks\VZ\resident_P000_Q3.block
0x7EA97534,animation,blocks\VZ\resident_P000_Q3.block
0x7EAC92B3,model,blocks\VZ\c30464_P000_Q3.block
0x7EB179E8,path,blocks\VZ\resident_P000_Q3.block
0x7EB17B9E,chatter,blocks\VZ\resident_P000_Q3.block
0x7EB3E3F9,path,blocks\VZ\resident_P000_Q3.block
0x7EB7660D,lowresterrain,blocks\VZ\low_res_terrain_P000_Q3.block
0x7EC09D54,animation,blocks\VZ\characternameanimgroup_soldier_P000_Q3.block
0x7EC2E347,model,blocks\VZ\resident2_P000_Q3.block
0x7EC55764,path,blocks\VZ\resident_P000_Q3.block
0x7ECC7ED0,animation,blocks\VZ\characternameanimgroup_ocbossphone_P000_Q3.block
0x7EEC4BF3,animation,blocks\VZ\vehiclenameanimgroup_ztz63a_P000_Q3.block
0x7EF347AE,terrainmesh,blocks\VZ\c30742_P000_Q3.block
0x7EF438A5,lineregion,blocks\VZ\resident_P000_Q3.block
0x7F001DDE,path,blocks\VZ\resident_P000_Q3.block
0x7F030F5B,animation,blocks\VZ\vehicleclassanimgroup_bench_P000_Q3.block
0x7F032EA0,path,blocks\VZ\resident_P000_Q3.block
0x7F051747,path,blocks\VZ\resident_P000_Q3.block
0x7F0DD8A6,path,blocks\VZ\resident_P000_Q3.block
0x7F11056C,scrub,blocks\VZ\c30136_P000_Q3.block
0x7F144563,path,blocks\VZ\resident_P000_Q3.block
0x7F1CCCAC,animation,blocks\VZ\resident_P000_Q3.block
0x7F1FD792,animation,blocks\VZ\vehiclenameanimgroup_turbosquid_P000_Q3.block
0x7F2532F8,animation,blocks\VZ\resident_P000_Q3.block
0x7F25BF6B,path,blocks\VZ\resident_P000_Q3.block
0x7F3869C0,path,blocks\VZ\resident_P000_Q3.block
0x7F39D87B,path,blocks\VZ\resident_P000_Q3.block
0x7F3E55A9,path,blocks\VZ\resident_P000_Q3.block
0x7F472083,lineregion,blocks\VZ\resident_P000_Q3.block
0x7F485C87,animation,blocks\VZ\vehiclenameanimgroup_ridgeline_P000_Q3.block
0x7F49B94C,path,blocks\VZ\resident_P000_Q3.block
0x7F4BF212,lowresterrain,blocks\VZ\low_res_terrain_P000_Q3.block
0x7F551A6C,animation,blocks\VZ\vehiclenameanimgroup_zbd2000_P000_Q3.block
0x7F5D31E0,texture,blocks\Shell\scaleform_shell_P000_Q3.block
0x7F5E61FA,path,blocks\VZ\resident_P000_Q3.block
0x7F65A782,path,blocks\VZ\resident_P000_Q3.block
0x7F65BE3E,terrainmesh,blocks\VZ\c30150_P000_Q3.block
0x7F680253,animation,blocks\VZ\resident_P000_Q3.block
0x7F76DBA3,animation,blocks\VZ\vehicleclassanimgroup_tank_P000_Q3.block
0x7F76DEF7,scrub,blocks\VZ\c31467_P000_Q3.block
0x7F82D53C,path,blocks\VZ\resident_P000_Q3.block
0x7F8691F1,path,blocks\VZ\resident_P000_Q3.block
0x7F8D8BFC,animation,blocks\VZ\vehiclenameanimgroup_m151_P000_Q3.block
0x7F92C2AD,path,blocks\VZ\resident_P000_Q3.block
0x7F93A480,path,blocks\VZ\resident_P000_Q3.block
0x7F94810B,chatter,blocks\VZ\resident_P000_Q3.block
0x7F95AC95,path,blocks\VZ\resident_P000_Q3.block
0x7F997B94,path,blocks\VZ\resident_P000_Q3.block
0x7FACB233,path,blocks\VZ\resident_P000_Q3.block
0x7FC69227,animation,blocks\VZ\vehiclenameanimgroup_alouette3_P000_Q3.block
0x7FC81BF7,lineregion,blocks\VZ\resident_P000_Q3.block
0x7FCD3EF1,path,blocks\VZ\resident_P000_Q3.block
0x7FD1F570,animation,blocks\VZ\vehiclenameanimgroup_ah1z_P000_Q3.block
0x7FEB3957,path,blocks\VZ\resident_P000_Q3.block
0x7FEDBD21,path,blocks\VZ\resident_P000_Q3.block
0x7FF06B73,path,blocks\VZ\resident_P000_Q3.block
0x7FF182F9,path,blocks\VZ\resident_P000_Q3.block
0x7FF52E70,lineregion,blocks\VZ\resident_P000_Q3.block
0x7FF76816,path,blocks\VZ\resident_P000_Q3.block
0x7FFDB4FC,path,blocks\VZ\resident_P000_Q3.block
0x800009F7,path,blocks\VZ\resident_P000_Q3.block
0x800325BA,path,blocks\VZ\resident_P000_Q3.block
0x800BF865,animation,blocks\VZ\vehiclenameanimgroup_stingray_P000_Q3.block
0x80157DC3,animation,blocks\VZ\vehiclenameanimgroup_wz10_P000_Q3.block
0x8017D194,animation,blocks\VZ\vehiclenameanimgroup_pgz95_P000_Q3.block
0x801BA2E1,path,blocks\VZ\resident_P000_Q3.block
0x801E57BC,path,blocks\VZ\resident_P000_Q3.block
0x8028BECD,animation,blocks\VZ\resident_P000_Q3.block
0x8028CE51,lowresterrain,blocks\VZ\low_res_terrain_P000_Q3.block
0x802B7DD8,path,blocks\VZ\resident_P000_Q3.block
0x80352CC6,animation,blocks\VZ\vehicleclassanimgroup_truckmid_P000_Q3.block
0x803ACBEC,path,blocks\VZ\resident_P000_Q3.block
0x804425B3,model,blocks\VZ\c32628_P000_Q3.block
0x8051AA81,lowresterrain,blocks\VZ\low_res_terrain_P000_Q3.block
0x80543CCE,path,blocks\VZ\resident_P000_Q3.block
0x805BCCB0,path,blocks\VZ\resident_P000_Q3.block
0x805E8721,animation;model,blocks\VZ\c31218_P000_Q3.block;blocks\VZ\resident_P000_Q3.block
0x805EB6B2,path,blocks\VZ\resident_P000_Q3.block
0x80673C62,path,blocks\VZ\resident_P000_Q3.block
0x806C1CCB,path,blocks\VZ\resident_P000_Q3.block
0x806C4A2E,lineregion,blocks\VZ\resident_P000_Q3.block
0x807235F4,soundbank;sounddb;wavebank,blocks\English\vo_job_all_conrad.english_P000_Q3.block
0x8074E0EF,scrub,blocks\VZ\c30052_P000_Q3.block
0x8076346C,animation,blocks\VZ\vehiclenameanimgroup_f35_P000_Q3.block
0x80774ED3,path,blocks\VZ\resident_P000_Q3.block
0x80792640,animation,blocks\VZ\resident_P000_Q3.block
0x8081BC21,chatter,blocks\VZ\resident_P000_Q3.block
0x80831547,path,blocks\VZ\resident_P000_Q3.block
0x8085DB6C,scrub,blocks\VZ\c30430_P000_Q3.block
0x8085E246,path,blocks\VZ\resident_P000_Q3.block
0x8086EE9C,path,blocks\VZ\resident_P000_Q3.block
0x80879275,path,blocks\VZ\resident_P000_Q3.block
0x8095B6C4,path,blocks\VZ\resident_P000_Q3.block
0x8097C43A,texture,blocks\Shell\scaleform_shell_P000_Q3.block
0x809E0584,path,blocks\VZ\resident_P000_Q3.block
0x809F5E75,animation,blocks\VZ\resident_P000_Q3.block
0x80A8F4B8,animation,blocks\VZ\characternameanimgroup_chris_P000_Q3.block
0x80AB8AE2,model,blocks\VZ\c31505_P000_Q3.block
0x80B75132,animation,blocks\VZ\vehiclenameanimgroup_mh53j_P000_Q3.block
0x80B8A1F4,path,blocks\VZ\resident_P000_Q3.block
0x80B8C569,path,blocks\VZ\resident_P000_Q3.block
0x80D96CB3,path,blocks\VZ\resident_P000_Q3.block
0x80E20179,lineregion,blocks\VZ\resident_P000_Q3.block
0x80E954BB,path,blocks\VZ\resident_P000_Q3.block
0x80EA11C2,terrainmesh,blocks\VZ\c30829_P000_Q3.block
0x80ED083C,path,blocks\VZ\resident_P000_Q3.block
0x80F665D3,path,blocks\VZ\resident_P000_Q3.block
0x80F7BF4D,facefxactor;model,blocks\VZ\c33013_P000_Q3.block;blocks\VZ\oilstarter1_P000_Q3.block
0x80FC92AB,path,blocks\VZ\resident_P000_Q3.block
0x81073B28,animation,blocks\VZ\vehiclenameanimgroup_mi35_P000_Q3.block
0x81091660,texture,blocks\Shell\scaleform_shell_P000_Q3.block
0x810FFBA8,texture,blocks\Shell\scaleform_shell_P000_Q3.block
0x81131785,lineregion,blocks\VZ\resident_P000_Q3.block
0x811478D6,texture,blocks\Shell\scaleform_shell_P000_Q3.block
0x811A6C44,path,blocks\VZ\resident_P000_Q3.block
0x81227FAF,lowresterrain,blocks\VZ\low_res_terrain_P000_Q3.block
0x81348F94,terrainmesh,blocks\VZ\c30012_P000_Q3.block
0x813A2C3C,animation,blocks\VZ\vehiclenameanimgroup_ah1z_P000_Q3.block
0x813B3415,animation,blocks\VZ\resident_P000_Q3.block
0x814642BC,path,blocks\VZ\resident_P000_Q3.block
0x814C22FE,texture,blocks\Shell\scaleform_shell_P000_Q3.block
0x814C4CFF,path,blocks\VZ\resident_P000_Q3.block
0x81506913,texture,blocks\Shell\scaleform_shell_P000_Q3.block
0x8152A918,model,blocks\VZ\c30946_P000_Q3.block
0x81568865,path,blocks\VZ\resident_P000_Q3.block
0x815A118F,effect,blocks\VZ\effects_P000_Q3.block
0x815BFEDE,texture,blocks\Shell\scaleform_shell_P000_Q3.block
0x818BF427,path,blocks\VZ\resident_P000_Q3.block
0x818D9F45,animation,blocks\VZ\characternameanimgroup_jennifer_P000_Q3.block
0x8191751E,path,blocks\VZ\resident_P000_Q3.block
0x81932028,path,blocks\VZ\resident_P000_Q3.block
0x819624AC,scrub,blocks\VZ\c31282_P000_Q3.block
0x819A0EE2,scrub,blocks\VZ\c30713_P000_Q3.block
0x81A139C7,path,blocks\VZ\resident_P000_Q3.block
0x81ADF40E,animation,blocks\VZ\vehiclenameanimgroup_avenger_P000_Q3.block
0x81B3B1DC,animation,blocks\VZ\vehiclenameanimgroup_scooter_P000_Q3.block
0x81B5E6E2,animation,blocks\VZ\vehiclenameanimgroup_escort_P000_Q3.block
0x81B94FFA,path,blocks\VZ\resident_P000_Q3.block
0x81B99BF8,path,blocks\VZ\resident_P000_Q3.block
0x81BCBB0E,animation,blocks\VZ\vehicleclassanimgroup_jetski_P000_Q3.block
0x81CE84A6,effect,blocks\VZ\effects_P000_Q3.block
0x81D11198,effect,blocks\VZ\effects_P000_Q3.block
0x81D1ED6F,path,blocks\VZ\resident_P000_Q3.block
0x81D48A5D,animation,blocks\VZ\resident_P000_Q3.block
0x81D818CC,terrainmesh,blocks\VZ\c30083_P000_Q3.block
0x81E8BAA7,path,blocks\VZ\resident_P000_Q3.block
0x81EDDC76,path,blocks\VZ\resident_P000_Q3.block
0x81EFCDA9,texture,blocks\Shell\scaleform_shell_P000_Q3.block
0x81F6DE55,animation,blocks\VZ\resident_P000_Q3.block
0x81F84AA5,animation,blocks\VZ\vehiclenameanimgroup_md500_P000_Q3.block
0x820AA92F,model,blocks\VZ\c30790_P000_Q3.block
0x82111C3E,scrub,blocks\VZ\c31359_P000_Q3.block
0x8211D2DA,path,blocks\VZ\resident_P000_Q3.block
0x82155034,animation,blocks\VZ\vehiclenameanimgroup_ztz98_P000_Q3.block
0x8219CA48,animation,blocks\VZ\vehiclenameanimgroup_laviii_P000_Q3.block
0x8221A0B8,texture,blocks\Shell\scaleform_shell_P000_Q3.block
0x822242D3,scrub,blocks\VZ\c31244_P000_Q3.block
0x82384CF1,path,blocks\VZ\resident_P000_Q3.block
0x8239AD5B,animation,blocks\VZ\vehiclenameanimgroup_m101a_P000_Q3.block
0x824A390D,model,blocks\VZ\c32439_P000_Q3.block
0x824D6808,path,blocks\VZ\resident_P000_Q3.block
0x82506000,path,blocks\VZ\resident_P000_Q3.block
0x8252C035,animation,blocks\VZ\characternameanimgroup_chris_P000_Q3.block
0x8253E9DC,path,blocks\VZ\resident_P000_Q3.block
0x82568B65,path,blocks\VZ\resident_P000_Q3.block
0x825D929B,animation,blocks\VZ\characternameanimgroup_jennifer_P000_Q3.block
0x825E0F9E,soundbank;sounddb;wavebank,blocks\English\vo_allcon004.english_P000_Q3.block
0x825ECD98,path,blocks\VZ\resident_P000_Q3.block
0x8260C139,terrainmesh,blocks\VZ\c31350_P000_Q3.block
0x82630AC8,path,blocks\VZ\resident_P000_Q3.block
0x8266189B,path,blocks\VZ\resident_P000_Q3.block
0x826C4844,animation,blocks\VZ\characternameanimgroup_chris_P000_Q3.block
0x826D73DA,animation,blocks\VZ\vehiclenameanimgroup_wz10_P000_Q3.block
0x826E4BC1,path,blocks\VZ\resident_P000_Q3.block
0x827092DB,animation,blocks\VZ\vehiclenameanimgroup_cigarette_P000_Q3.block
0x827465F3,lowresterrain,blocks\VZ\low_res_terrain_P000_Q3.block
0x8275DBE2,path,blocks\VZ\resident_P000_Q3.block
0x827A25CF,path,blocks\VZ\resident_P000_Q3.block
0x827FD241,path,blocks\VZ\resident_P000_Q3.block
0x82871433,scrub,blocks\VZ\c31295_P000_Q3.block
0x829320AD,animation,blocks\VZ\vehiclenameanimgroup_mh53j_P000_Q3.block
0x82949EE1,animation,blocks\VZ\vehiclenameanimgroup_alouette3_P000_Q3.block
0x82972C79,path,blocks\VZ\resident_P000_Q3.block
0x829EA63B,animation,blocks\VZ\characternameanimgroup_jennifer_P000_Q3.block
0x82A6C520,animation,blocks\VZ\vehicleclassanimgroup_autolargea_P000_Q3.block
0x82ABEBA6,scrub,blocks\VZ\c31424_P000_Q3.block
0x82AC5314,animation,blocks\VZ\characternameanimgroup_soldier_P000_Q3.block
0x82AE2C8D,path,blocks\VZ\resident_P000_Q3.block
0x82AE7811,animation,blocks\VZ\characternameanimgroup_mattias_P000_Q3.block
0x82B6F565,path,blocks\VZ\resident_P000_Q3.block
0x82B7A20C,animation,blocks\VZ\vehiclenameanimgroup_mi35solano_P000_Q3.block
0x82C0050E,effect,blocks\VZ\effects_P000_Q3.block
0x82C617E7,path,blocks\VZ\resident_P000_Q3.block
0x82C6440D,animation,blocks\VZ\vehiclenameanimgroup_scorpion90_P000_Q3.block
0x82C874B8,animation,blocks\VZ\vehiclenameanimgroup_ks750_P000_Q3.block
0x82CA19FC,animation,blocks\VZ\vehiclenameanimgroup_ztz98_P000_Q3.block
0x82CBD561,path,blocks\VZ\resident_P000_Q3.block
0x82D6C738,animation,blocks\VZ\vehiclenameanimgroup_mattiaschopper_P000_Q3.block
0x82DB293F,animation,blocks\VZ\vehicleclassanimgroup_autolargeb_P000_Q3.block
0x82DC1DB8,animation,blocks\VZ\vehicleclassanimgroup_autosmall_P000_Q3.block
0x82DE1F6C,path,blocks\VZ\resident_P000_Q3.block
0x82E21BBE,path,blocks\VZ\resident_P000_Q3.block
0x82E91156,scrub,blocks\VZ\c30842_P000_Q3.block
0x82E94BB1,animation,blocks\VZ\resident_P000_Q3.block
0x82EAF3B4,scrub,blocks\VZ\c31072_P000_Q3.block
0x82ED7471,path,blocks\VZ\resident_P000_Q3.block
0x82EF06F5,path,blocks\VZ\resident_P000_Q3.block
0x82F0DC27,model,blocks\VZ\c39998_P000_Q3.block
0x82F4500E,path,blocks\VZ\resident_P000_Q3.block
0x82FADB75,path,blocks\VZ\resident_P000_Q3.block
0x82FC4D93,texture,blocks\Shell\scaleform_shell_P000_Q3.block
0x8305D4E4,animation,blocks\VZ\vehiclenameanimgroup_md500_P000_Q3.block
0x83134A4A,animation,blocks\VZ\vehicleclassanimgroup_truckmid_P000_Q3.block
0x831D50D4,path,blocks\VZ\resident_P000_Q3.block
0x8332C044,animation,blocks\VZ\resident_P000_Q3.block
0x8334C8BD,scrub,blocks\VZ\c30796_P000_Q3.block
0x8335DE6A,terrainmesh,blocks\VZ\c31061_P000_Q3.block
0x83475015,animation,blocks\VZ\vehiclenameanimgroup_m151_P000_Q3.block
0x834902A6,path,blocks\VZ\resident_P000_Q3.block
0x834C5A2B,animation,blocks\VZ\vehicleclassanimgroup_tank_P000_Q3.block
0x834F028E,animation,blocks\VZ\vehicleclassanimgroup_autolargea_P000_Q3.block
0x8356215A,animation,blocks\VZ\vehiclenameanimgroup_ztz98_P000_Q3.block
0x83576B32,animation,blocks\VZ\vehicleclassanimgroup_monstertruck_P000_Q3.block
0x8357BF7E,scrub,blocks\VZ\c30016_P000_Q3.block
0x835D998C,animation,blocks\VZ\vehicleclassanimgroup_truckmid_P000_Q3.block
0x835DA06A,animation,blocks\VZ\characternameanimgroup_chris_P000_Q3.block
0x835E120E,path,blocks\VZ\resident_P000_Q3.block
0x8363329E,path,blocks\VZ\resident_P000_Q3.block
0x8363AA31,path,blocks\VZ\resident_P000_Q3.block
0x8368BBA9,animation,blocks\VZ\vehiclenameanimgroup_amx30_P000_Q3.block
0x8368F9FC,lowresterrain,blocks\VZ\low_res_terrain_P000_Q3.block
0x8369E361,animation,blocks\VZ\resident_P000_Q3.block
0x837709F4,animation,blocks\VZ\vehiclenameanimgroup_zbd2000_P000_Q3.block
0x8378AD9B,texture,blocks\Shell\scaleform_shell_P000_Q3.block
0x83791511,animation,blocks\VZ\resident_P000_Q3.block
0x837C1BD3,scrub,blocks\VZ\c30023_P000_Q3.block
0x837CDCE0,lowresterrain,blocks\VZ\low_res_terrain_P000_Q3.block
0x8385C4E0,path,blocks\VZ\resident_P000_Q3.block
0x8386575B,path,blocks\VZ\resident_P000_Q3.block
0x838B46AC,path,blocks\VZ\resident_P000_Q3.block
0x83943C2B,animation,blocks\VZ\vehiclenameanimgroup_ah1z_P000_Q3.block
0x8395D586,path,blocks\VZ\resident_P000_Q3.block
0x83988038,animation,blocks\VZ\vehicleclassanimgroup_monstertruck_P000_Q3.block
0x83AC2445,animation,blocks\VZ\resident_P000_Q3.block
0x83ACD32B,path,blocks\VZ\resident_P000_Q3.block
0x83B23288,animation,blocks\VZ\vehiclenameanimgroup_laviii_P000_Q3.block
0x83B4BFE6,lineregion,blocks\VZ\resident_P000_Q3.block
0x83BC3F49,animation,blocks\VZ\vehiclenameanimgroup_md500_P000_Q3.block
0x83C6D997,path,blocks\VZ\resident_P000_Q3.block
0x83C71408,path,blocks\VZ\resident_P000_Q3.block
0x83D7C14B,path,blocks\VZ\resident_P000_Q3.block
0x83E4E019,animation,blocks\VZ\vehiclenameanimgroup_wz551_P000_Q3.block
0x83EE440D,animation,blocks\VZ\vehiclenameanimgroup_mi35_P000_Q3.block
0x83F1E166,path,blocks\VZ\resident_P000_Q3.block
0x83F314D1,animation,blocks\VZ\vehiclenameanimgroup_mh53j_P000_Q3.block
0x83FD0D88,animation,blocks\VZ\resident_P000_Q3.block
0x840258DD,texture,blocks\Shell\scaleform_shell_P000_Q3.block
0x84048943,animation,blocks\VZ\vehiclenameanimgroup_ka29b_P000_Q3.block
0x8406ECB6,scrub,blocks\VZ\c30963_P000_Q3.block
0x8408772B,texture,blocks\English\guilayouts_P000_Q3.block
0x840BA0BE,animation,blocks\VZ\vehicleclassanimgroup_truckmid_P000_Q3.block
0x8412E065,path,blocks\VZ\resident_P000_Q3.block
0x8414D7EB,texture,blocks\Shell\scaleform_shell_P000_Q3.block
0x841B51DF,animation,blocks\VZ\vehiclenameanimgroup_m151_P000_Q3.block
0x8423A914,chatter,blocks\VZ\resident_P000_Q3.block
0x84284192,path,blocks\VZ\resident_P000_Q3.block
0x84378570,effect,blocks\VZ\effects_P000_Q3.block
0x8437E6F7,scrub,blocks\VZ\c30015_P000_Q3.block
0x843C6E73,animation,blocks\VZ\vehiclenameanimgroup_ztz63a_P000_Q3.block
0x8447210F,path,blocks\VZ\resident_P000_Q3.block
0x844E1FB7,animation,blocks\VZ\vehiclenameanimgroup_mi35_P000_Q3.block
0x844EA84D,animation,blocks\VZ\vehicleclassanimgroup_autolargea_P000_Q3.block
0x84511D65,path,blocks\VZ\resident_P000_Q3.block
0x84535ACF,path,blocks\VZ\resident_P000_Q3.block
0x845A2A0B,path,blocks\VZ\resident_P000_Q3.block
0x845E4A03,path,blocks\VZ\resident_P000_Q3.block
0x845EA739,path,blocks\VZ\resident_P000_Q3.block
0x845FD1E9,model,blocks\VZ\effects_P000_Q3.block
0x8472B747,path,blocks\VZ\resident_P000_Q3.block
0x848BE2C9,scrub,blocks\VZ\c31244_P000_Q3.block
0x848C41E7,texture,blocks\Shell\scaleform_shell_P000_Q3.block
0x848EDDD2,path,blocks\VZ\resident_P000_Q3.block
0x84A01594,font,blocks\Shell\german_P000_Q3.block
0x84A70B8B,animation,blocks\VZ\vehicleclassanimgroup_truckmid_P000_Q3.block
0x84BF6128,model,blocks\VZ\c31121_P000_Q3.block
0x84C17D9E,path,blocks\VZ\resident_P000_Q3.block
0x84D829CF,animation,blocks\VZ\vehiclenameanimgroup_alouette3_P000_Q3.block
0x84D9DBC2,path,blocks\VZ\resident_P000_Q3.block
0x84DA6616,animation,blocks\VZ\vehiclenameanimgroup_md500_P000_Q3.block
0x84DD96A3,animation,blocks\VZ\resident_P000_Q3.block
0x84E07B0B,animation,blocks\VZ\vehiclenameanimgroup_amx30_P000_Q3.block
0x84E24084,animation,blocks\VZ\vehiclenameanimgroup_dinghy_P000_Q3.block
0x84E76E8A,path,blocks\VZ\resident_P000_Q3.block
0x84EB8F96,path,blocks\VZ\resident_P000_Q3.block
0x84F05004,path,blocks\VZ\resident_P000_Q3.block
0x84F05327,scrub,blocks\VZ\c30085_P000_Q3.block
0x84F07598,animation,blocks\VZ\vehiclenameanimgroup_stingray_P000_Q3.block
0x84F3FE2A,path,blocks\VZ\resident_P000_Q3.block
0x84F4CD32,path,blocks\VZ\resident_P000_Q3.block
0x84F58C12,path,blocks\VZ\resident_P000_Q3.block
0x84FEEF6D,animation,blocks\VZ\vehiclenameanimgroup_zbd2000_P000_Q3.block
0x850913CA,path,blocks\VZ\resident_P000_Q3.block
0x850BCD18,lowresterrain,blocks\VZ\low_res_terrain_P000_Q3.block
0x850D8E59,path,blocks\VZ\resident_P000_Q3.block
0x85115CB3,scrub,blocks\VZ\c31106_P000_Q3.block
0x85127E2F,terrainmesh,blocks\VZ\c31224_P000_Q3.block
0x85138A10,scrub,blocks\VZ\c30443_P000_Q3.block
0x8525A8A8,scrub,blocks\VZ\c30358_P000_Q3.block
0x85287024,path,blocks\VZ\resident_P000_Q3.block
0x852A1FED,path,blocks\VZ\resident_P000_Q3.block
0x852C99D9,path,blocks\VZ\resident_P000_Q3.block
0x8535FF4A,lineregion,blocks\VZ\resident_P000_Q3.block
0x853931CF,animation,blocks\VZ\vehiclenameanimgroup_mi35_P000_Q3.block
0x853D6B7B,lowresterrain,blocks\VZ\low_res_terrain_P000_Q3.block
0x853FBEDA,path,blocks\VZ\resident_P000_Q3.block
0x8541167A,animation,blocks\VZ\vehicleclassanimgroup_monstertruck_P000_Q3.block
0x85418CB1,texture,blocks\VZ\c32060_P000_Q3.block
0x854400A6,animation,blocks\VZ\vehiclenameanimgroup_mi26_P000_Q3.block
0x85463B89,path,blocks\VZ\resident_P000_Q3.block
0x8553C36B,scrub,blocks\VZ\c31107_P000_Q3.block
0x8555E3A6,lowresterrain,blocks\VZ\low_res_terrain_P000_Q3.block
0x8561706C,animation,blocks\VZ\vehiclenameanimgroup_smallfishing_P000_Q3.block
0x8568BD0E,lineregion,blocks\VZ\resident_P000_Q3.block
0x856F01D1,path,blocks\VZ\resident_P000_Q3.block
0x857114C4,font,blocks\VZ\japanese_P000_Q3.block
0x8573D3DD,animation,blocks\VZ\resident_P000_Q3.block
0x8574610A,texture,blocks\Shell\scaleform_shell_P000_Q3.block
0x8578FC13,path,blocks\VZ\resident_P000_Q3.block
0x857E63FE,lineregion,blocks\VZ\resident_P000_Q3.block
0x85850851,animation,blocks\VZ\resident_P000_Q3.block
0x858C9393,effect,blocks\VZ\effects_P000_Q3.block
0x858F5D3A,animation,blocks\VZ\resident_P000_Q3.block
0x85951036,animation,blocks\VZ\vehicleclassanimgroup_autolargea_P000_Q3.block
0x859F7009,animation,blocks\VZ\vehiclenameanimgroup_zbd2000_P000_Q3.block
0x85A49B97,animation,blocks\VZ\resident_P000_Q3.block
0x85B60EF9,animation,blocks\VZ\resident_P000_Q3.block
0x85D5785E,animation,blocks\VZ\vehicleclassanimgroup_automedium_P000_Q3.block
0x85E15DE4,lineregion,blocks\VZ\resident_P000_Q3.block
0x85E40830,model,blocks\VZ\resident2_P000_Q3.block
0x85E68DEF,path,blocks\VZ\resident_P000_Q3.block
0x85F1DBAB,lineregion,blocks\VZ\resident_P000_Q3.block
0x85F3B18C,animation,blocks\VZ\vehicleclassanimgroup_autolargea_P000_Q3.block
0x85FC8C07,animation,blocks\VZ\vehiclenameanimgroup_huey_P000_Q3.block
0x8600FF88,lowresterrain,blocks\VZ\low_res_terrain_P000_Q3.block
0x8602A264,path,blocks\VZ\resident_P000_Q3.block
0x8603FEC9,effect,blocks\VZ\effects_P000_Q3.block
0x8611C87A,terrainmesh,blocks\VZ\c31102_P000_Q3.block
0x861698B8,animation,blocks\VZ\vehiclenameanimgroup_mi35solano_P000_Q3.block
0x8616C536,animation,blocks\VZ\resident_P000_Q3.block
0x8617671E,animation,blocks\VZ\vehiclenameanimgroup_huangfeng_P000_Q3.block
0x861949B0,path,blocks\VZ\resident_P000_Q3.block
0x8619797B,path,blocks\VZ\resident_P000_Q3.block
0x861A5E3F,path,blocks\VZ\resident_P000_Q3.block
0x861DF6A9,path,blocks\VZ\resident_P000_Q3.block
0x861ECA9A,animation,blocks\VZ\characternameanimgroup_civilian_P000_Q3.block
0x8624FFF1,path,blocks\VZ\resident_P000_Q3.block
0x8625C01C,animation,blocks\VZ\resident_P000_Q3.block
0x86468F19,path,blocks\VZ\resident_P000_Q3.block
0x864C1A58,animation,blocks\VZ\vehicleclassanimgroup_jetski_P000_Q3.block
0x864CE3A3,path,blocks\VZ\resident_P000_Q3.block
0x864D10D9,path,blocks\VZ\resident_P000_Q3.block
0x865538B8,model,blocks\VZ\c33304_P000_Q3.block
0x86562A2A,animation,blocks\VZ\resident_P000_Q3.block
0x865CB2A2,path,blocks\VZ\resident_P000_Q3.block
0x86603C8D,scrub,blocks\VZ\c30581_P000_Q3.block
0x8661EB71,path,blocks\VZ\resident_P000_Q3.block
0x86660F24,path,blocks\VZ\resident_P000_Q3.block
0x8667D998,lineregion,blocks\VZ\resident_P000_Q3.block
0x866833AD,scrub,blocks\VZ\c30086_P000_Q3.block
0x8670EF67,scrub,blocks\VZ\c31059_P000_Q3.block
0x867B166D,animation,blocks\VZ\characternameanimgroup_mattias_P000_Q3.block
0x867D1855,animation,blocks\VZ\vehiclenameanimgroup_scorpion90_P000_Q3.block
0x8681EC8C,path,blocks\VZ\resident_P000_Q3.block
0x868A89DB,path,blocks\VZ\resident_P000_Q3.block
0x868EE101,path,blocks\VZ\resident_P000_Q3.block
0x869286FF,path,blocks\VZ\resident_P000_Q3.block
0x86977796,lowresterrain,blocks\VZ\low_res_terrain_P000_Q3.block
0x869EEC70,effect,blocks\VZ\effects_P000_Q3.block
0x86A4011E,texture,blocks\Shell\scaleform_shell_P000_Q3.block
0x86B2985B,model,blocks\VZ\c30615_P000_Q3.block
0x86BB335A,animation,blocks\VZ\resident_P000_Q3.block
0x86C22CD5,path,blocks\VZ\resident_P000_Q3.block
0x86C64EF7,path,blocks\VZ\resident_P000_Q3.block
0x86C69360,texture,blocks\Shell\scaleform_shell_P000_Q3.block
0x86CAF0D8,path,blocks\VZ\resident_P000_Q3.block
0x86D2DCB3,path,blocks\VZ\resident_P000_Q3.block
0x86D7CF92,model,blocks\VZ\c33294_P000_Q3.block
0x86DC934D,effect,blocks\VZ\effects_P000_Q3.block
0x86DD1CEC,animation,blocks\VZ\characternameanimgroup_chris_P000_Q3.block
0x86DD2848,scrub,blocks\VZ\c30015_P000_Q3.block
0x86EC10F1,path,blocks\VZ\resident_P000_Q3.block
0x86F070A0,animation,blocks\VZ\vehiclenameanimgroup_escort_P000_Q3.block
0x86F3FF47,scrub,blocks\VZ\c30177_P000_Q3.block
0x86F66875,animation,blocks\VZ\resident_P000_Q3.block
0x86F9E7B3,animation,blocks\VZ\vehiclenameanimgroup_ztz63a_P000_Q3.block
0x870155B3,scrub,blocks\VZ\c31407_P000_Q3.block
0x870213BE,path,blocks\VZ\resident_P000_Q3.block
0x870ADD07,path,blocks\VZ\resident_P000_Q3.block
0x870D8804,scrub,blocks\VZ\c30138_P000_Q3.block
0x87197BDE,texture,blocks\Shell\scaleform_shell_P000_Q3.block
0x871EC5EC,model,blocks\VZ\c30341_P000_Q3.block
0x872052CB,animation,blocks\VZ\vehicleclassanimgroup_hmmwv_P000_Q3.block
0x872C5F01,path,blocks\VZ\resident_P000_Q3.block
0x873356D4,animation,blocks\VZ\resident2_P000_Q3.block
0x87365719,animation,blocks\VZ\vehiclenameanimgroup_vanquish_P000_Q3.block
0x8745B1B2,path,blocks\VZ\resident_P000_Q3.block
0x87488A41,animation,blocks\VZ\vehiclenameanimgroup_scorpiondpv_P000_Q3.block
0x875EC4DE,path,blocks\VZ\resident_P000_Q3.block
0x875EC766,soundbank;sounddb,blocks\English\vo_resident_P000_Q3.block
0x8761BE4A,path,blocks\VZ\resident_P000_Q3.block
0x87677DD4,animation,blocks\VZ\vehiclenameanimgroup_ztz98_P000_Q3.block
0x87689009,path,blocks\VZ\resident_P000_Q3.block
0x876B39D3,animation,blocks\VZ\vehiclenameanimgroup_sportbike_P000_Q3.block
0x876BF26A,path,blocks\VZ\resident_P000_Q3.block
0x876D8C9E,path,blocks\VZ\resident_P000_Q3.block
0x87706EE2,model,blocks\VZ\c33294_P000_Q3.block
0x877421CA,path,blocks\VZ\resident_P000_Q3.block
0x877C17C1,path,blocks\VZ\resident_P000_Q3.block
0x877D1449,animation,blocks\VZ\vehiclenameanimgroup_huey_P000_Q3.block
0x87843981,path,blocks\VZ\resident_P000_Q3.block
0x878718E1,animation,blocks\VZ\vehiclenameanimgroup_ah1z_P000_Q3.block
0x878CC2B5,animation,blocks\VZ\vehiclenameanimgroup_huey_P000_Q3.block
0x878F33EA,path,blocks\VZ\resident_P000_Q3.block
0x87901EE0,path,blocks\VZ\resident_P000_Q3.block
0x87B2B877,terrainmesh,blocks\VZ\c30016_P000_Q3.block
0x87B5F4A8,animation,blocks\VZ\vehiclenameanimgroup_mh53j_P000_Q3.block
0x87B75F54,path,blocks\VZ\resident_P000_Q3.block
0x87B8A1A0,terrainmesh,blocks\VZ\c30825_P000_Q3.block
0x87BF3321,model,blocks\VZ\c33298_P000_Q3.block
0x87C25E2F,path,blocks\VZ\resident_P000_Q3.block
0x87C78505,animation,blocks\VZ\resident_P000_Q3.block
0x87CD0FFF,effect,blocks\VZ\effects_P000_Q3.block
0x87CF2634,animation,blocks\VZ\vehiclenameanimgroup_ridgeline_P000_Q3.block
0x87DAEE29,path,blocks\VZ\resident_P000_Q3.block
0x87DB9D5A,animation,blocks\VZ\vehiclenameanimgroup_cutter_P000_Q3.block
0x87E36671,path,blocks\VZ\resident_P000_Q3.block
0x87E5B8F0,animation,blocks\VZ\resident_P000_Q3.block
0x87E7BF80,path,blocks\VZ\resident_P000_Q3.block
0x87EBE6C1,animation,blocks\VZ\vehiclenameanimgroup_ka29b_P000_Q3.block
0x87EDE442,path,blocks\VZ\resident_P000_Q3.block
0x87F977A1,path,blocks\VZ\resident_P000_Q3.block
0x87F9F104,scrub,blocks\VZ\c30016_P000_Q3.block
0x87FE1571,animation,blocks\VZ\vehiclenameanimgroup_ah1z_P000_Q3.block
0x8801C74C,path,blocks\VZ\resident_P000_Q3.block
0x8803AF51,path,blocks\VZ\resident_P000_Q3.block
0x880B3A97,animation,blocks\VZ\vehiclenameanimgroup_mh53j_P000_Q3.block
0x880B701B,path,blocks\VZ\resident_P000_Q3.block
0x88196FDD,effect,blocks\VZ\effects_P000_Q3.block
0x8824FA20,animation,blocks\VZ\vehicleclassanimgroup_autosmall_P000_Q3.block
0x8829494A,path,blocks\VZ\resident_P000_Q3.block
0x8836FB5F,texture,blocks\VZ\c32159_P000_Q3.block
0x884E4C39,animation,blocks\VZ\vehicleclassanimgroup_autolargeb_P000_Q3.block
0x884E6AD5,scrub,blocks\VZ\c31224_P000_Q3.block
0x884F697A,terrainmesh,blocks\VZ\c31130_P000_Q3.block
0x88575C1A,path,blocks\VZ\resident_P000_Q3.block
0x88659726,effect,blocks\VZ\effects_P000_Q3.block
0x886C169C,path,blocks\VZ\resident_P000_Q3.block
0x886E2B71,path,blocks\VZ\resident_P000_Q3.block
0x8872DE3D,path,blocks\VZ\resident_P000_Q3.block
0x88849E43,lineregion,blocks\VZ\resident_P000_Q3.block
0x88895261,path,blocks\VZ\resident_P000_Q3.block
0x8889725C,path,blocks\VZ\resident_P000_Q3.block
0x888A6C0C,path,blocks\VZ\resident_P000_Q3.block
0x888D4E8D,path,blocks\VZ\resident_P000_Q3.block
0x88902169,path,blocks\VZ\resident_P000_Q3.block
0x889091DB,animation,blocks\VZ\vehiclenameanimgroup_alouette3_P000_Q3.block
0x8896427A,animation,blocks\VZ\vehiclenameanimgroup_saltonsea_P000_Q3.block
0x88969213,animation,blocks\VZ\vehiclenameanimgroup_huey_P000_Q3.block
0x8897017F,path,blocks\VZ\resident_P000_Q3.block
0x88982225,animation,blocks\VZ\vehicleclassanimgroup_autolargeb_P000_Q3.block
0x889EE0EE,path,blocks\VZ\resident_P000_Q3.block
0x88A2EC38,path,blocks\VZ\resident_P000_Q3.block
0x88A92856,path,blocks\VZ\resident_P000_Q3.block
0x88AC41BF,path,blocks\VZ\resident_P000_Q3.block
0x88AEDD54,path,blocks\VZ\resident_P000_Q3.block
0x88B1739C,terrainmesh,blocks\VZ\c30796_P000_Q3.block
0x88B9CA93,texture,blocks\Shell\scaleform_shell_P000_Q3.block
0x88BA80C7,scrub,blocks\VZ\c31250_P000_Q3.block
0x88BAF5D1,animation,blocks\VZ\characternameanimgroup_jennifer_P000_Q3.block
0x88C41110,animation,blocks\VZ\vehiclenameanimgroup_scorpiondpv_P000_Q3.block
0x88D1321F,path,blocks\VZ\resident_P000_Q3.block
0x88D39DE0,path,blocks\VZ\resident_P000_Q3.block
0x88DCEED5,scrub,blocks\VZ\c30576_P000_Q3.block
0x88F5C3BF,font,blocks\Shell\french_P000_Q3.block
0x88F916F1,effect,blocks\VZ\effects_P000_Q3.block
0x88FF107B,path,blocks\VZ\resident_P000_Q3.block
0x89038DA9,path,blocks\VZ\resident_P000_Q3.block
0x890CD4FC,terrainmesh,blocks\VZ\c30582_P000_Q3.block
0x890E4A63,animation,blocks\VZ\resident_P000_Q3.block
0x8919B102,path,blocks\VZ\resident_P000_Q3.block
0x891AB457,path,blocks\VZ\resident_P000_Q3.block
0x891D7387,animation,blocks\VZ\vehicleclassanimgroup_monstertruck_P000_Q3.block
0x891F3185,path,blocks\VZ\resident_P000_Q3.block
0x892F4553,texture,blocks\Shell\scaleform_shell_P000_Q3.block
0x892FFFF6,animation,blocks\VZ\vehiclenameanimgroup_garbagetruck_P000_Q3.block
0x8936ED45,binary,blocks\Shell\ps3saveassets_fr_P000_Q3.block;blocks\VZ\ps3saveassets_fr_P000_Q3.block
0x89385404,texture,blocks\Shell\scaleform_shell_P000_Q3.block
0x8939C22E,animation,blocks\VZ\characternameanimgroup_chris_P000_Q3.block
0x893B50BD,path,blocks\VZ\resident_P000_Q3.block
0x893B69D8,path,blocks\VZ\resident_P000_Q3.block
0x893EEAC0,path,blocks\VZ\resident_P000_Q3.block
0x8946DB16,lineregion,blocks\VZ\resident_P000_Q3.block
0x89474FA6,path,blocks\VZ\resident_P000_Q3.block
0x894D1058,animation,blocks\VZ\vehiclenameanimgroup_turbosquid_P000_Q3.block
0x895191EB,texture,blocks\Shell\c32603_P000_Q3.block
0x8952E73E,path,blocks\VZ\resident_P000_Q3.block
0x89574CF4,path,blocks\VZ\resident_P000_Q3.block
0x8958BB8C,path,blocks\VZ\resident_P000_Q3.block
0x896088A4,texture,blocks\Shell\scaleform_shell_P000_Q3.block
0x89648A10,animation,blocks\VZ\resident_P000_Q3.block
0x8968668E,path,blocks\VZ\resident_P000_Q3.block
0x896A44AA,texture,blocks\Shell\scaleform_shell_P000_Q3.block
0x896D1B1F,scrub,blocks\VZ\c30191_P000_Q3.block
0x89726D26,animation,blocks\VZ\characternameanimgroup_mattias_P000_Q3.block
0x8973B7E9,lowresterrain,blocks\VZ\low_res_terrain_P000_Q3.block
0x897A51C6,animation,blocks\VZ\vehiclenameanimgroup_mi35_P000_Q3.block
0x8980362B,animation,blocks\VZ\characternameanimgroup_soldier_P000_Q3.block
0x8984460F,animation,blocks\VZ\vehicleclassanimgroup_monstertruck_P000_Q3.block
0x8986476D,scrub,blocks\VZ\c30198_P000_Q3.block
0x8986FF53,effect,blocks\VZ\effects_P000_Q3.block
0x898C3E75,path,blocks\VZ\resident_P000_Q3.block
0x899DBFD8,lineregion,blocks\VZ\resident_P000_Q3.block
0x899DF6C1,lineregion,blocks\VZ\resident_P000_Q3.block
0x89A2B427,path,blocks\VZ\resident_P000_Q3.block
0x89A38D11,path,blocks\VZ\resident_P000_Q3.block
0x89AC51A5,animation,blocks\VZ\resident_P000_Q3.block
0x89B07B5F,animation,blocks\VZ\resident_P000_Q3.block
0x89BB65FD,animation,blocks\VZ\vehiclenameanimgroup_turbosquid_P000_Q3.block
0x89C42E6D,path,blocks\VZ\resident_P000_Q3.block
0x89C7D36A,terrainmesh,blocks\VZ\c30990_P000_Q3.block
0x89D45A4B,path,blocks\VZ\resident_P000_Q3.block
0x89D50613,animation,blocks\VZ\vehiclenameanimgroup_dragster_P000_Q3.block
0x89F0FFF1,path,blocks\VZ\resident_P000_Q3.block
0x89FCAE17,path,blocks\VZ\resident_P000_Q3.block
0x8A03BA81,animation,blocks\VZ\characternameanimgroup_soldier_P000_Q3.block
0x8A03BD8E,scrub,blocks\VZ\c30576_P000_Q3.block
0x8A055BCF,animation,blocks\VZ\vehicleclassanimgroup_outhouse_P000_Q3.block
0x8A060EC9,path,blocks\VZ\resident_P000_Q3.block
0x8A1345FB,animation,blocks\VZ\vehiclenameanimgroup_mh53j_P000_Q3.block
0x8A14D9DA,lowresterrain,blocks\VZ\low_res_terrain_P000_Q3.block
0x8A1550D9,animation,blocks\VZ\vehiclenameanimgroup_scorpion90_P000_Q3.block
0x8A18B710,animation,blocks\VZ\vehiclenameanimgroup_dinghy_P000_Q3.block
0x8A1FE363,animation,blocks\VZ\vehiclenameanimgroup_md500_P000_Q3.block
0x8A20DDDE,model,blocks\VZ\c30704_P000_Q3.block
0x8A237DF4,animation,blocks\VZ\vehiclenameanimgroup_m2a3_P000_Q3.block
0x8A2B37E9,animation,blocks\VZ\vehicleclassanimgroup_autolargea_P000_Q3.block
0x8A3CD6B7,path,blocks\VZ\resident_P000_Q3.block
0x8A4B14E8,animation,blocks\VZ\vehiclenameanimgroup_mi35_P000_Q3.block
0x8A4F2B8A,animation,blocks\VZ\vehiclenameanimgroup_md500_P000_Q3.block
0x8A568C6C,animation,blocks\VZ\vehiclenameanimgroup_amx30_P000_Q3.block
0x8A5822CC,scrub,blocks\VZ\c31237_P000_Q3.block
0x8A5B3596,path,blocks\VZ\resident_P000_Q3.block
0x8A5C37E2,animation,blocks\VZ\vehiclenameanimgroup_pgz95_P000_Q3.block
0x8A65663D,terrainmesh,blocks\VZ\c30989_P000_Q3.block
0x8A668BFE,path,blocks\VZ\resident_P000_Q3.block
0x8A673369,animation,blocks\VZ\resident_P000_Q3.block
0x8A69EC32,animation,blocks\VZ\vehiclenameanimgroup_saltonsea_P000_Q3.block
0x8A6A8A28,path,blocks\VZ\resident_P000_Q3.block
0x8A6EBD2A,animation,blocks\VZ\vehiclenameanimgroup_wz10_P000_Q3.block
0x8A729101,model,blocks\VZ\effects_P000_Q3.block
0x8A7CBE9C,path,blocks\VZ\resident_P000_Q3.block
0x8A863A62,scrub,blocks\VZ\c31413_P000_Q3.block
0x8A865298,model,blocks\VZ\c30661_P000_Q3.block
0x8A8DAC90,path,blocks\VZ\resident_P000_Q3.block
0x8A8DE960,path,blocks\VZ\resident_P000_Q3.block
0x8A8F74CF,lineregion,blocks\VZ\resident_P000_Q3.block
0x8A9160CA,lineregion,blocks\VZ\resident_P000_Q3.block
0x8A93C49B,scrub,blocks\VZ\c30150_P000_Q3.block
0x8A973B25,path,blocks\VZ\resident_P000_Q3.block
0x8AA6AB0C,animation,blocks\VZ\vehiclenameanimgroup_mi35solano_P000_Q3.block
0x8AA97745,path,blocks\VZ\resident_P000_Q3.block
0x8AAA90D1,model,blocks\VZ\c33295_P000_Q3.block
0x8AAA9208,lineregion,blocks\VZ\resident_P000_Q3.block
0x8AB5999E,texture,blocks\Shell\scaleform_shell_P000_Q3.block
0x8AB97E91,animation,blocks\VZ\vehicleclassanimgroup_truckmid_P000_Q3.block
0x8ABCD76F,path,blocks\VZ\resident_P000_Q3.block
0x8AC12F76,terrainmesh,blocks\VZ\c30821_P000_Q3.block
0x8AC47F4A,animation,blocks\VZ\vehiclenameanimgroup_wz551_P000_Q3.block
0x8AC48ED4,effect,blocks\VZ\effects_P000_Q3.block
0x8AC5FA2B,path,blocks\VZ\resident_P000_Q3.block
0x8AC98395,path,blocks\VZ\resident_P000_Q3.block
0x8ACA3787,scrub,blocks\VZ\c30983_P000_Q3.block
0x8ACA4A03,path,blocks\VZ\resident_P000_Q3.block
0x8ACAB4CA,scrub,blocks\VZ\c30358_P000_Q3.block
0x8ADB3147,scrub,blocks\VZ\c30901_P000_Q3.block
0x8ADB4A59,animation,blocks\VZ\vehiclenameanimgroup_m551_P000_Q3.block
0x8ADD9472,lineregion,blocks\VZ\resident_P000_Q3.block
0x8ADDD967,model,blocks\VZ\c39998_P000_Q3.block
0x8AE06FBF,animation,blocks\VZ\vehiclenameanimgroup_armrest_P000_Q3.block
0x8AE0E6C2,path,blocks\VZ\resident_P000_Q3.block
0x8AE541F5,animation,blocks\VZ\vehiclenameanimgroup_type 14310_P000_Q3.block
0x8AED517F,path,blocks\VZ\resident_P000_Q3.block
0x8AFD9A07,lineregion,blocks\VZ\resident_P000_Q3.block
0x8AFF4B4F,path,blocks\VZ\resident_P000_Q3.block
0x8B0032E3,animation,blocks\VZ\characternameanimgroup_civilian_P000_Q3.block
0x8B03F9DF,lineregion,blocks\VZ\resident_P000_Q3.block
0x8B07AC66,animation,blocks\VZ\vehiclenameanimgroup_mtv50cal_P000_Q3.block
0x8B0D59B6,path,blocks\VZ\resident_P000_Q3.block
0x8B0D99D6,path,blocks\VZ\resident_P000_Q3.block
0x8B0DBF26,path,blocks\VZ\resident_P000_Q3.block
0x8B17DE0A,animation,blocks\VZ\vehiclenameanimgroup_turbosquid_P000_Q3.block
0x8B215487,texture,blocks\Shell\scaleform_shell_P000_Q3.block
0x8B25D1B5,texture,blocks\Shell\scaleform_shell_P000_Q3.block
0x8B26FE31,animation,blocks\VZ\vehiclenameanimgroup_mi26_P000_Q3.block
0x8B29F44D,animation,blocks\VZ\vehiclenameanimgroup_md500_P000_Q3.block
0x8B2AA35A,path,blocks\VZ\resident_P000_Q3.block
0x8B2CB1C9,path,blocks\VZ\resident_P000_Q3.block
0x8B2D281E,animation,blocks\VZ\characternameanimgroup_jennifer_P000_Q3.block
0x8B367C9F,path,blocks\VZ\resident_P000_Q3.block
0x8B48D9F6,animation,blocks\VZ\characternameanimgroup_mattias_P000_Q3.block
0x8B512E71,animation,blocks\VZ\vehicleclassanimgroup_motorcycle_P000_Q3.block
0x8B5214E4,animation,blocks\VZ\vehiclenameanimgroup_smallfishing_P000_Q3.block
0x8B53007C,animation,blocks\VZ\vehiclenameanimgroup_alouette3_P000_Q3.block
0x8B5D7BDD,texture,blocks\Shell\scaleform_shell_P000_Q3.block
0x8B5E87A9,path,blocks\VZ\resident_P000_Q3.block
0x8B658AA5,path,blocks\VZ\resident_P000_Q3.block
0x8B69284B,model,blocks\VZ\pmcoutpost_misc_P000_Q3.block
0x8B6D57BD,texture,blocks\Shell\scaleform_shell_P000_Q3.block
0x8B77B3F6,scrub,blocks\VZ\c31071_P000_Q3.block
0x8B795EEC,animation,blocks\VZ\resident_P000_Q3.block
0x8B7E3003,path,blocks\VZ\resident_P000_Q3.block
0x8B80517F,animation,blocks\VZ\vehiclenameanimgroup_m1a2_P000_Q3.block
0x8B926D20,path,blocks\VZ\resident_P000_Q3.block
0x8B92F086,path,blocks\VZ\resident_P000_Q3.block
0x8B9B4C75,texture,blocks\Shell\scaleform_shell_P000_Q3.block
0x8B9DCF96,path,blocks\VZ\resident_P000_Q3.block
0x8BA2CDFD,path,blocks\VZ\resident_P000_Q3.block
0x8BA50034,path,blocks\VZ\resident_P000_Q3.block
0x8BA8F635,path,blocks\VZ\resident_P000_Q3.block
0x8BADFBF6,path,blocks\VZ\resident_P000_Q3.block
0x8BB05117,animation,blocks\VZ\characternameanimgroup_jennifer_P000_Q3.block
0x8BB9D123,scrub,blocks\VZ\c30020_P000_Q3.block
0x8BBAF336,path,blocks\VZ\resident_P000_Q3.block
0x8BBB8FEB,path,blocks\VZ\resident_P000_Q3.block
0x8BC05269,animation,blocks\VZ\vehiclenameanimgroup_mi35solano_P000_Q3.block
0x8BC08323,animation,blocks\VZ\vehicleclassanimgroup_monstertruck_P000_Q3.block
0x8BC154D7,model,blocks\VZ\c30572_P000_Q3.block
0x8BC61F98,model,blocks\VZ\effects_P000_Q3.block
0x8BCD7A01,animation,blocks\VZ\vehiclenameanimgroup_scooter_P000_Q3.block
0x8BCE019E,model,blocks\VZ\c39998_P000_Q3.block
0x8BDBB73E,path,blocks\VZ\resident_P000_Q3.block
0x8BDEF23B,path,blocks\VZ\resident_P000_Q3.block
0x8BDFE4A0,path,blocks\VZ\resident_P000_Q3.block
0x8BE16AF1,animation,blocks\VZ\resident_P000_Q3.block
0x8BEE97CD,path,blocks\VZ\resident_P000_Q3.block
0x8BF122F7,animation,blocks\VZ\vehiclenameanimgroup_pgz95_P000_Q3.block
0x8BF1DDA0,path,blocks\VZ\resident_P000_Q3.block
0x8BF2D70B,animation,blocks\VZ\resident_P000_Q3.block
0x8BF3C606,animation,blocks\VZ\vehiclenameanimgroup_mattiaschopper_P000_Q3.block
0x8BF3C8F7,animation,blocks\VZ\vehicleclassanimgroup_motorcycle_P000_Q3.block
0x8BF62E47,effect,blocks\VZ\effects_P000_Q3.block
0x8C08DDDC,lowresterrain,blocks\VZ\low_res_terrain_P000_Q3.block
0x8C0F380D,animation,blocks\VZ\vehiclenameanimgroup_piranha_P000_Q3.block
0x8C169AF2,animation,blocks\VZ\vehiclenameanimgroup_md500_P000_Q3.block
0x8C17B42F,animation,blocks\VZ\vehiclenameanimgroup_ztz98_P000_Q3.block
0x8C2298D0,animation,blocks\VZ\vehicleclassanimgroup_autosmall_P000_Q3.block
0x8C28DF09,effect,blocks\VZ\effects_P000_Q3.block
0x8C2F493C,path,blocks\VZ\resident_P000_Q3.block
0x8C304098,lowresterrain,blocks\VZ\low_res_terrain_P000_Q3.block
0x8C34D2D7,texture,blocks\English\guilayouts_P000_Q3.block
0x8C351440,path,blocks\VZ\resident_P000_Q3.block
0x8C35968D,path,blocks\VZ\resident_P000_Q3.block
0x8C3A4D72,animation,blocks\VZ\vehicleclassanimgroup_autolargeb_P000_Q3.block
0x8C41B4FA,path,blocks\VZ\resident_P000_Q3.block
0x8C41B74C,path,blocks\VZ\resident_P000_Q3.block
0x8C49A9C1,effect,blocks\VZ\effects_P000_Q3.block
0x8C51F8F6,path,blocks\VZ\resident_P000_Q3.block
0x8C52015D,animation,blocks\VZ\vehiclenameanimgroup_cigarette_P000_Q3.block
0x8C5CE686,animation,blocks\VZ\vehiclenameanimgroup_ztz98_P000_Q3.block
0x8C5DC15B,path,blocks\VZ\resident_P000_Q3.block
0x8C7F3FE9,path,blocks\VZ\resident_P000_Q3.block
0x8C80E3C3,path,blocks\VZ\resident_P000_Q3.block
0x8C8509B3,animation,blocks\VZ\characternameanimgroup_jennifer_P000_Q3.block
0x8C870710,path,blocks\VZ\resident_P000_Q3.block
0x8C8AB69B,path,blocks\VZ\resident_P000_Q3.block
0x8C8C366F,animation,blocks\VZ\vehiclenameanimgroup_alouette3_P000_Q3.block
0x8C8CABDC,path,blocks\VZ\resident_P000_Q3.block
0x8C91D43A,path,blocks\VZ\resident_P000_Q3.block
0x8C99DE68,animation,blocks\VZ\vehiclenameanimgroup_laviii_P000_Q3.block
0x8C9EFE41,animation,blocks\VZ\vehiclenameanimgroup_scorpion90_P000_Q3.block
0x8CA59D03,path,blocks\VZ\resident_P000_Q3.block
0x8CB2503B,path,blocks\VZ\resident_P000_Q3.block
0x8CBB4D04,animation,blocks\VZ\vehiclenameanimgroup_stingray_P000_Q3.block
0x8CCCDB82,animation,blocks\VZ\vehiclenameanimgroup_md500_P000_Q3.block
0x8CD0C5FE,scrub,blocks\VZ\c30176_P000_Q3.block
0x8CD0F9CA,lineregion,blocks\VZ\resident_P000_Q3.block
0x8CD15DED,effect,blocks\VZ\effects_P000_Q3.block
0x8CE093ED,lineregion,blocks\VZ\resident_P000_Q3.block
0x8CE3DBE4,path,blocks\VZ\resident_P000_Q3.block
0x8CE776D7,lowresterrain,blocks\VZ\low_res_terrain_P000_Q3.block
0x8CF38846,lowresterrain,blocks\VZ\low_res_terrain_P000_Q3.block
0x8CF57946,effect,blocks\VZ\effects_P000_Q3.block
0x8CF7234E,path,blocks\VZ\resident_P000_Q3.block
0x8CF86431,path,blocks\VZ\resident_P000_Q3.block
0x8CFA930F,animation,blocks\VZ\vehicleclassanimgroup_autosmall_P000_Q3.block
0x8CFB3DEF,texture,blocks\VZ\c32614_P000_Q3.block
0x8D03805D,lowresterrain,blocks\VZ\low_res_terrain_P000_Q3.block
0x8D068EDA,model,blocks\VZ\c32505_P000_Q3.block
0x8D08E790,animation,blocks\VZ\vehiclenameanimgroup_m551_P000_Q3.block
0x8D1125E8,path,blocks\VZ\resident_P000_Q3.block
0x8D121BE6,animation,blocks\VZ\vehiclenameanimgroup_ka29b_P000_Q3.block
0x8D1E40CF,path,blocks\VZ\resident_P000_Q3.block
0x8D27410E,scrub,blocks\VZ\c30794_P000_Q3.block
0x8D357FE2,path,blocks\VZ\resident_P000_Q3.block
0x8D38205D,animation,blocks\VZ\characternameanimgroup_mattias_P000_Q3.block
0x8D382F90,animation,blocks\VZ\resident_P000_Q3.block
0x8D4D5C63,path,blocks\VZ\resident_P000_Q3.block
0x8D5181D6,animation,blocks\VZ\vehiclenameanimgroup_m1a2_P000_Q3.block
0x8D5F48F9,path,blocks\VZ\resident_P000_Q3.block
0x8D628218,path,blocks\VZ\resident_P000_Q3.block
0x8D79E29C,path,blocks\VZ\resident_P000_Q3.block
0x8D7E4E8B,texture,blocks\Shell\scaleform_shell_P000_Q3.block
0x8D7FD99D,animation,blocks\VZ\vehiclenameanimgroup_armwrestle_P000_Q3.block
0x8D829335,animation,blocks\VZ\vehiclenameanimgroup_ztz63a_P000_Q3.block
0x8D85A453,path,blocks\VZ\resident_P000_Q3.block
0x8D90A00E,lowresterrain,blocks\VZ\low_res_terrain_P000_Q3.block
0x8D99981A,animation,blocks\VZ\resident_P000_Q3.block
0x8D9B98A3,path,blocks\VZ\resident_P000_Q3.block
0x8DA78C26,animation,blocks\VZ\vehiclenameanimgroup_nglv_P000_Q3.block
0x8DBD68F1,animation,blocks\VZ\vehiclenameanimgroup_patrol_P000_Q3.block
0x8DC28F4E,path,blocks\VZ\resident_P000_Q3.block
0x8DC88E8E,path,blocks\VZ\resident_P000_Q3.block
0x8DCCB7BC,animation,blocks\VZ\resident_P000_Q3.block
0x8DD528AB,animation,blocks\VZ\vehiclenameanimgroup_wz10_P000_Q3.block
0x8DD669C2,scrub,blocks\VZ\c30284_P000_Q3.block
0x8DD7FCBE,texture,blocks\Shell\scaleform_shell_P000_Q3.block
0x8DD86CE7,path,blocks\VZ\resident_P000_Q3.block
0x8DDC19EE,texture,blocks\Shell\scaleform_shell_P000_Q3.block
0x8DDC870D,path,blocks\VZ\resident_P000_Q3.block
0x8DE87403,scrub,blocks\VZ\c31375_P000_Q3.block
0x8DF59A73,animation,blocks\VZ\vehiclenameanimgroup_wz10_P000_Q3.block
0x8DFD5E1C,animation,blocks\VZ\vehiclenameanimgroup_ka29b_P000_Q3.block
0x8DFEAC30,texture,blocks\Shell\scaleform_shell_P000_Q3.block
0x8DFF6705,animation,blocks\VZ\vehiclenameanimgroup_mi35_P000_Q3.block
0x8E000D12,path,blocks\VZ\resident_P000_Q3.block
0x8E0320F0,animation,blocks\VZ\characternameanimgroup_chris_P000_Q3.block
0x8E033A45,path,blocks\VZ\resident_P000_Q3.block
0x8E0A60E3,animation,blocks\VZ\vehiclenameanimgroup_plz45_P000_Q3.block
0x8E11A292,path,blocks\VZ\resident_P000_Q3.block
0x8E14D91A,path,blocks\VZ\resident_P000_Q3.block
0x8E1864A2,path,blocks\VZ\resident_P000_Q3.block
0x8E1C711A,animation,blocks\VZ\characternameanimgroup_chris_P000_Q3.block
0x8E2989B7,path,blocks\VZ\resident_P000_Q3.block
0x8E336DE3,path,blocks\VZ\resident_P000_Q3.block
0x8E38983F,path,blocks\VZ\resident_P000_Q3.block
0x8E396D02,path,blocks\VZ\resident_P000_Q3.block
0x8E40FAD8,scrub,blocks\VZ\c30990_P000_Q3.block
0x8E4192E6,animation,blocks\VZ\vehiclenameanimgroup_huey_P000_Q3.block
0x8E48B582,lowresterrain,blocks\VZ\low_res_terrain_P000_Q3.block
0x8E52ED7F,path,blocks\VZ\resident_P000_Q3.block
0x8E608C6F,animation,blocks\VZ\vehiclenameanimgroup_m1a2_P000_Q3.block
0x8E617D5B,animation,blocks\VZ\resident_P000_Q3.block
0x8E61EF96,lineregion,blocks\VZ\resident_P000_Q3.block
0x8E654ACD,terrainmesh,blocks\VZ\c30444_P000_Q3.block
0x8E668483,path,blocks\VZ\resident_P000_Q3.block
0x8E6A44C2,path,blocks\VZ\resident_P000_Q3.block
0x8E8C48E6,path,blocks\VZ\resident_P000_Q3.block
0x8E8F1462,path,blocks\VZ\resident_P000_Q3.block
0x8E97E341,path,blocks\VZ\resident_P000_Q3.block
0x8E9B112E,animation,blocks\VZ\resident_P000_Q3.block
0x8E9D5E1B,animation,blocks\VZ\vehicleclassanimgroup_telephonebooth_P000_Q3.block
0x8EAEC438,scrub,blocks\VZ\c30500_P000_Q3.block
0x8EB1069E,animation,blocks\VZ\vehiclenameanimgroup_plz45_P000_Q3.block
0x8EBAAA08,path,blocks\VZ\resident_P000_Q3.block
0x8EBE33D4,model,blocks\VZ\resident2_P000_Q3.block
0x8EBE8AAF,animation,blocks\VZ\vehicleclassanimgroup_monument_P000_Q3.block
0x8EBF4993,model,blocks\VZ\c30618_P000_Q3.block
0x8EBFCF80,animation,blocks\VZ\vehiclenameanimgroup_plz45_P000_Q3.block
0x8EC04F18,path,blocks\VZ\resident_P000_Q3.block
0x8EC90BE2,path,blocks\VZ\resident_P000_Q3.block
0x8EDA27B6,path,blocks\VZ\resident_P000_Q3.block
0x8EE43275,animation,blocks\VZ\vehiclenameanimgroup_stingray_P000_Q3.block
0x8EE5BA8B,animation,blocks\VZ\resident_P000_Q3.block
0x8EF7658A,animation,blocks\VZ\resident_P000_Q3.block
0x8EF9EC48,model,blocks\VZ\c30479_P000_Q3.block
0x8EFB83AA,animation,blocks\VZ\vehiclenameanimgroup_huey_P000_Q3.block
0x8F045D1B,path,blocks\VZ\resident_P000_Q3.block
0x8F04A566,path,blocks\VZ\resident_P000_Q3.block
0x8F0AE1B1,scrub,blocks\VZ\c30429_P000_Q3.block
0x8F1034E6,animation,blocks\VZ\vehicleclassanimgroup_autolargec_P000_Q3.block
0x8F16D09A,lowresterrain,blocks\VZ\low_res_terrain_P000_Q3.block
0x8F1E05A4,texture,blocks\Shell\scaleform_shell_P000_Q3.block
0x8F250ADD,path,blocks\VZ\resident_P000_Q3.block
0x8F25996F,model,blocks\VZ\c30664_P000_Q3.block
0x8F2C24C0,animation,blocks\VZ\resident_P000_Q3.block
0x8F2D8BD5,lowresterrain,blocks\VZ\low_res_terrain_P000_Q3.block
0x8F3DFDF7,path,blocks\VZ\resident_P000_Q3.block
0x8F3F2292,animation,blocks\VZ\vehiclenameanimgroup_type 14310_P000_Q3.block
0x8F472797,animation,blocks\VZ\characternameanimgroup_chris_P000_Q3.block
0x8F4DC98E,animation,blocks\VZ\vehiclenameanimgroup_md500_P000_Q3.block
0x8F4EDDBE,model,blocks\VZ\c33299_P000_Q3.block
0x8F55C47F,path,blocks\VZ\resident_P000_Q3.block
0x8F694C37,path,blocks\VZ\resident_P000_Q3.block
0x8F6B0AFC,model,blocks\VZ\c32558_P000_Q3.block
0x8F6D19CF,path,blocks\VZ\resident_P000_Q3.block
0x8F7522FD,scrub,blocks\VZ\c30136_P000_Q3.block
0x8F76D61A,effect,blocks\VZ\effects_P000_Q3.block
0x8F774080,path,blocks\VZ\resident_P000_Q3.block
0x8F7F65E5,animation,blocks\VZ\vehiclenameanimgroup_huangfeng_P000_Q3.block
0x8F818F14,path,blocks\VZ\resident_P000_Q3.block
0x8F873FF4,lowresterrain,blocks\VZ\low_res_terrain_P000_Q3.block
0x8F893F88,soundbank;sounddb,blocks\English\vo_resident_P000_Q3.block
0x8F93CF64,texture,blocks\Shell\spanish_P000_Q3.block
0x8F9B4D04,path,blocks\VZ\resident_P000_Q3.block
0x8F9BC19C,lineregion,blocks\VZ\resident_P000_Q3.block
0x8FA01917,path,blocks\VZ\resident_P000_Q3.block
0x8FA0576E,animation,blocks\VZ\resident_P000_Q3.block
0x8FA2482D,path,blocks\VZ\resident_P000_Q3.block
0x8FA49645,path,blocks\VZ\resident_P000_Q3.block
0x8FAE8508,lowresterrain,blocks\VZ\low_res_terrain_P000_Q3.block
0x8FB7570A,path,blocks\VZ\resident_P000_Q3.block
0x8FB89938,path,blocks\VZ\resident_P000_Q3.block
0x8FBBB03E,animation,blocks\VZ\resident_P000_Q3.block
0x8FBD0106,animation,blocks\VZ\vehiclenameanimgroup_saltonsea_P000_Q3.block
0x8FC512F6,animation,blocks\VZ\vehiclenameanimgroup_md500_P000_Q3.block
0x8FC89106,path,blocks\VZ\resident_P000_Q3.block
0x8FCE3369,lineregion,blocks\VZ\resident_P000_Q3.block
0x8FCF9E7A,animation,blocks\VZ\vehiclenameanimgroup_omen_P000_Q3.block
0x8FD0F74A,lineregion,blocks\VZ\resident_P000_Q3.block
0x8FD48FBD,animation,blocks\VZ\vehiclenameanimgroup_scooter_P000_Q3.block
0x8FD5C1D0,lowresterrain,blocks\VZ\low_res_terrain_P000_Q3.block
0x8FD6BA51,animation,blocks\VZ\vehiclenameanimgroup_avenger_P000_Q3.block
0x8FD858C3,path,blocks\VZ\resident_P000_Q3.block
0x8FDCE636,path,blocks\VZ\resident_P000_Q3.block
0x8FE0A468,animation,blocks\VZ\vehiclenameanimgroup_ztz63a_P000_Q3.block
0x8FE7F037,path,blocks\VZ\resident_P000_Q3.block
0x8FF5CD4F,animation,blocks\VZ\vehiclenameanimgroup_fishing_P000_Q3.block
0x8FF9348C,animation,blocks\VZ\vehiclenameanimgroup_ka29b_P000_Q3.block
0x8FFBC693,scrub,blocks\VZ\c31072_P000_Q3.block
0x8FFE0167,path,blocks\VZ\resident_P000_Q3.block
0x8FFFC4C3,animation,blocks\VZ\vehiclenameanimgroup_weightbench_P000_Q3.block
0x9002A63F,animation,blocks\VZ\vehicleclassanimgroup_monstertruck_P000_Q3.block
0x9010A4B7,animation,blocks\VZ\resident_P000_Q3.block
0x90129591,path,blocks\VZ\resident_P000_Q3.block
0x90130080,path,blocks\VZ\resident_P000_Q3.block
0x9013EEA4,lineregion,blocks\VZ\resident_P000_Q3.block
0x9025A148,lineregion,blocks\VZ\resident_P000_Q3.block
0x9026B68E,path,blocks\VZ\resident_P000_Q3.block
0x9026E383,lowresterrain,blocks\VZ\low_res_terrain_P000_Q3.block
0x90290B46,animation,blocks\VZ\vehiclenameanimgroup_mh53j_P000_Q3.block
0x9029422B,path,blocks\VZ\resident_P000_Q3.block
0x903C0B68,animation,blocks\VZ\resident_P000_Q3.block
0x904C4CD8,scrub,blocks\VZ\c30905_P000_Q3.block
0x9050851E,animation,blocks\VZ\vehicleclassanimgroup_automedium_P000_Q3.block
0x9053ED16,animation,blocks\VZ\vehiclenameanimgroup_huey_P000_Q3.block
0x905CB41D,scrub,blocks\VZ\c30581_P000_Q3.block
0x905EC065,chatter,blocks\VZ\resident_P000_Q3.block
0x9069B095,terrainmesh,blocks\VZ\c31498_P000_Q3.block
0x906C75E1,scrub,blocks\VZ\c30901_P000_Q3.block
0x906EB4E1,texture,blocks\Shell\scaleform_shell_P000_Q3.block
0x90708612,path,blocks\VZ\resident_P000_Q3.block
0x9072B537,path,blocks\VZ\resident_P000_Q3.block
0x90776F87,path,blocks\VZ\resident_P000_Q3.block
0x907B6AE1,animation,blocks\VZ\vehicleclassanimgroup_automedium_P000_Q3.block
0x907B9291,path,blocks\VZ\resident_P000_Q3.block
0x907EF55C,animation,blocks\VZ\resident_P000_Q3.block
0x9085985A,path,blocks\VZ\resident_P000_Q3.block
0x908DDC27,path,blocks\VZ\resident_P000_Q3.block
0x90972398,lineregion,blocks\VZ\resident_P000_Q3.block
0x909730F3,animation,blocks\VZ\characternameanimgroup_jennifer_P000_Q3.block
0x909BA392,path,blocks\VZ\resident_P000_Q3.block
0x90A3B857,path,blocks\VZ\resident_P000_Q3.block
0x90B8A12A,path,blocks\VZ\resident_P000_Q3.block
0x90BB1D4D,model,blocks\VZ\c33296_P000_Q3.block
0x90BDCB0C,binary,blocks\Shell\ps3saveassets_P000_Q3.block;blocks\VZ\ps3saveassets_P000_Q3.block
0x90C40EF4,animation,blocks\VZ\vehiclenameanimgroup_stingray_P000_Q3.block
0x90C8C1FF,path,blocks\VZ\resident_P000_Q3.block
0x90CEC792,path,blocks\VZ\resident_P000_Q3.block
0x90D2BF07,path,blocks\VZ\resident_P000_Q3.block
0x90D2DC12,lineregion,blocks\VZ\resident_P000_Q3.block
0x90DA09C5,terrainmesh,blocks\VZ\c31277_P000_Q3.block
0x90DC073E,path,blocks\VZ\resident_P000_Q3.block
0x90E1B74B,path,blocks\VZ\resident_P000_Q3.block
0x90E51348,path,blocks\VZ\resident_P000_Q3.block
0x90E59134,path,blocks\VZ\resident_P000_Q3.block
0x90E5FBA7,scrub,blocks\VZ\c30501_P000_Q3.block
0x90E63479,path,blocks\VZ\resident_P000_Q3.block
0x90E7A6DB,lineregion,blocks\VZ\resident_P000_Q3.block
0x90E889E8,lineregion,blocks\VZ\resident_P000_Q3.block
0x90EA0E62,path,blocks\VZ\resident_P000_Q3.block
0x90EA20FB,path,blocks\VZ\resident_P000_Q3.block
0x90EB86A6,texture,blocks\Shell\french_P000_Q3.block
0x90EE275C,scrub,blocks\VZ\c30900_P000_Q3.block
0x90F6F011,path,blocks\VZ\resident_P000_Q3.block
0x90FE9980,path,blocks\VZ\resident_P000_Q3.block
0x9111C818,path,blocks\VZ\resident_P000_Q3.block
0x9112B64F,path,blocks\VZ\resident_P000_Q3.block
0x91140F35,path,blocks\VZ\resident_P000_Q3.block
0x911CE9E0,scrub,blocks\VZ\c31415_P000_Q3.block
0x9120B11A,animation,blocks\VZ\characternameanimgroup_chris_P000_Q3.block
0x9121AF55,path,blocks\VZ\resident_P000_Q3.block
0x912AD4BD,texture,blocks\Shell\scaleform_shell_P000_Q3.block
0x912FC0DB,animation,blocks\VZ\characternameanimgroup_soldier_P000_Q3.block
0x91387E7D,path,blocks\VZ\resident_P000_Q3.block
0x913A7A2A,path,blocks\VZ\resident_P000_Q3.block
0x913AE591,model,blocks\VZ\resident2_P000_Q3.block
0x91411418,animation,blocks\VZ\vehicleclassanimgroup_monstertruck_P000_Q3.block
0x91415B66,scrub,blocks\VZ\c30020_P000_Q3.block
0x9154DC53,animation,blocks\VZ\vehicleclassanimgroup_automedium_P000_Q3.block
0x91580D3E,path,blocks\VZ\resident_P000_Q3.block
0x91693433,path,blocks\VZ\resident_P000_Q3.block
0x916B7171,lowresterrain,blocks\VZ\low_res_terrain_P000_Q3.block
0x916CF054,path,blocks\VZ\resident_P000_Q3.block
0x916F38C8,path,blocks\VZ\resident_P000_Q3.block
0x91719887,animation,blocks\VZ\vehiclenameanimgroup_f35_P000_Q3.block
0x917D7531,animation,blocks\VZ\vehicleclassanimgroup_jetski_P000_Q3.block
0x917F1052,animation,blocks\VZ\resident_P000_Q3.block
0x918A098E,soundbank;sounddb;wavebank,blocks\English\vo_job_all_lo.english_P000_Q3.block
0x918FFD96,scrub,blocks\VZ\c31071_P000_Q3.block
0x919C62C9,path,blocks\VZ\resident_P000_Q3.block
0x919D8549,path,blocks\VZ\resident_P000_Q3.block
0x919F4E52,path,blocks\VZ\resident_P000_Q3.block
0x91A23B32,effect,blocks\VZ\effects_P000_Q3.block
0x91A68900,lineregion,blocks\VZ\resident_P000_Q3.block
0x91A862AA,lowresterrain,blocks\VZ\low_res_terrain_P000_Q3.block
0x91AEA4F2,path,blocks\VZ\resident_P000_Q3.block
0x91B6FB69,terrainmesh,blocks\VZ\c31293_P000_Q3.block
0x91B8C8F0,path,blocks\VZ\resident_P000_Q3.block
0x91BC7DD8,effect,blocks\VZ\effects_P000_Q3.block
0x91D4B2EE,animation,blocks\VZ\vehiclenameanimgroup_m1a2_P000_Q3.block
0x91D8C9AF,lowresterrain,blocks\VZ\low_res_terrain_P000_Q3.block
0x91DA701E,animation,blocks\VZ\vehiclenameanimgroup_ah1z_P000_Q3.block
0x91EBAA5C,animation,blocks\VZ\resident_P000_Q3.block
0x91F56D02,path,blocks\VZ\resident_P000_Q3.block
0x91F73B35,scrub,blocks\VZ\c31102_P000_Q3.block
0x91FA2623,path,blocks\VZ\resident_P000_Q3.block
0x91FFD501,effect,blocks\VZ\effects_P000_Q3.block
0x9201565F,effect,blocks\VZ\effects_P000_Q3.block
0x92030A67,lineregion,blocks\VZ\resident_P000_Q3.block
0x920413F5,terrainmesh,blocks\VZ\c30070_P000_Q3.block
0x9207ACA8,animation,blocks\VZ\vehiclenameanimgroup_mtv_P000_Q3.block
0x920AB1AB,animation,blocks\VZ\vehiclenameanimgroup_dragster_P000_Q3.block
0x920F1FB4,path,blocks\VZ\resident_P000_Q3.block
0x920F519E,path,blocks\VZ\resident_P000_Q3.block
0x92138339,terrainmesh,blocks\VZ\c30240_P000_Q3.block
0x921B6280,path,blocks\VZ\resident_P000_Q3.block
0x92266549,animation,blocks\VZ\vehicleclassanimgroup_autolargea_P000_Q3.block
0x9227ABA3,terrainmesh,blocks\VZ\c30281_P000_Q3.block
0x922BEF4A,scrub,blocks\VZ\c31375_P000_Q3.block
0x922D69A7,model,blocks\VZ\resident2_P000_Q3.block
0x9231E3E0,path,blocks\VZ\resident_P000_Q3.block
0x9239828E,animation,blocks\VZ\vehiclenameanimgroup_sportbike_P000_Q3.block
0x923EF042,effect,blocks\VZ\effects_P000_Q3.block
0x92422AFE,lineregion,blocks\VZ\resident_P000_Q3.block
0x92474D3E,path,blocks\VZ\resident_P000_Q3.block
0x924B5B6E,lineregion,blocks\VZ\resident_P000_Q3.block
0x924FE76E,animation,blocks\VZ\resident_P000_Q3.block
0x9250E97B,path,blocks\VZ\resident_P000_Q3.block
0x92595B8B,path,blocks\VZ\resident_P000_Q3.block
0x925A32BD,path,blocks\VZ\resident_P000_Q3.block
0x925E672D,lineregion,blocks\VZ\resident_P000_Q3.block
0x925EA8AF,animation,blocks\VZ\characternameanimgroup_jennifer_P000_Q3.block
0x9261109E,path,blocks\VZ\resident_P000_Q3.block
0x92683211,path,blocks\VZ\resident_P000_Q3.block
0x926CE186,animation,blocks\VZ\characternameanimgroup_soldier_P000_Q3.block
0x927294E7,animation,blocks\VZ\vehiclenameanimgroup_mi35solano_P000_Q3.block
0x927C00D7,animation,blocks\VZ\vehiclenameanimgroup_huangfeng_P000_Q3.block
0x928478EA,terrainmesh,blocks\VZ\c31009_P000_Q3.block
0x928B31F9,terrainmesh,blocks\VZ\c30023_P000_Q3.block
0x928DEDFD,animation,blocks\VZ\vehiclenameanimgroup_ah1z_P000_Q3.block
0x92954CE4,animation,blocks\VZ\resident_P000_Q3.block
0x929968BC,path,blocks\VZ\resident_P000_Q3.block
0x9299FC74,scrub,blocks\VZ\c31061_P000_Q3.block
0x929D7637,animation,blocks\VZ\vehiclenameanimgroup_md500_P000_Q3.block
0x92B0918E,animation,blocks\VZ\vehiclenameanimgroup_alouette3_P000_Q3.block
0x92B61D3D,animation,blocks\VZ\vehicleclassanimgroup_foodstand_P000_Q3.block
0x92B6761A,path,blocks\VZ\resident_P000_Q3.block
0x92BBB1FD,path,blocks\VZ\resident_P000_Q3.block
0x92BD7F64,path,blocks\VZ\resident_P000_Q3.block
0x92C11A72,path,blocks\VZ\resident_P000_Q3.block
0x92C4F4A4,animation,blocks\VZ\vehiclenameanimgroup_md500_P000_Q3.block
0x92CA00C5,animation,blocks\VZ\vehiclenameanimgroup_mi26_P000_Q3.block
0x92D13B85,path,blocks\VZ\resident_P000_Q3.block
0x92DECD0F,animation,blocks\VZ\vehicleclassanimgroup_truckmid_P000_Q3.block
0x92E52396,lowresterrain,blocks\VZ\low_res_terrain_P000_Q3.block
0x92E94C86,path,blocks\VZ\resident_P000_Q3.block
0x92EA7E6A,path,blocks\VZ\resident_P000_Q3.block
0x92F08F81,path,blocks\VZ\resident_P000_Q3.block
0x9301FD3D,path,blocks\VZ\resident_P000_Q3.block
0x9306DA33,path,blocks\VZ\resident_P000_Q3.block
0x9311E37C,path,blocks\VZ\resident_P000_Q3.block
0x93151E70,path,blocks\VZ\resident_P000_Q3.block
0x93189075,animation,blocks\VZ\vehiclenameanimgroup_zbd2000_P000_Q3.block
0x9324C6F2,animation,blocks\VZ\vehicleclassanimgroup_monstertruck_P000_Q3.block
0x93297526,path,blocks\VZ\resident_P000_Q3.block
0x93350B8C,model,blocks\VZ\c30369_P000_Q3.block
0x93393AFF,path,blocks\VZ\resident_P000_Q3.block
0x933CAAAB,effect,blocks\VZ\effects_P000_Q3.block
0x933D31BE,path,blocks\VZ\resident_P000_Q3.block
0x93410528,path,blocks\VZ\resident_P000_Q3.block
0x9343366C,path,blocks\VZ\resident_P000_Q3.block
0x9344CBD6,path,blocks\VZ\resident_P000_Q3.block
0x9347AC94,scrub,blocks\VZ\c30836_P000_Q3.block
0x935371D4,path,blocks\VZ\resident_P000_Q3.block
0x935E6C1E,model,blocks\VZ\effects_P000_Q3.block
0x93643EA3,model,blocks\VZ\c30628_P000_Q3.block
0x936532DC,model,blocks\VZ\effects_P000_Q3.block
0x9368A701,path,blocks\VZ\resident_P000_Q3.block
0x936A6DF6,scrub,blocks\VZ\c30160_P000_Q3.block
0x936C51A8,terrainmesh,blocks\VZ\c30767_P000_Q3.block
0x9370E591,scrub,blocks\VZ\c31072_P000_Q3.block
0x93768990,path,blocks\VZ\resident_P000_Q3.block
0x9376F347,animation,blocks\VZ\vehicleclassanimgroup_autosmall_P000_Q3.block
0x9376F7B7,animation,blocks\VZ\vehiclenameanimgroup_armwrestle_P000_Q3.block
0x9379BF6D,path,blocks\VZ\resident_P000_Q3.block
0x937BDF25,animation,blocks\VZ\vehiclenameanimgroup_ah1z_P000_Q3.block
0x937BE453,lineregion,blocks\VZ\resident_P000_Q3.block
0x937D421D,animation,blocks\VZ\characternameanimgroup_civilian_P000_Q3.block
0x937F258D,scrub,blocks\VZ\c30084_P000_Q3.block
0x93801C5A,lineregion,blocks\VZ\resident_P000_Q3.block
0x93981D60,animation,blocks\VZ\characternameanimgroup_civilian_P000_Q3.block
0x9398539D,path,blocks\VZ\resident_P000_Q3.block
0x93997AE0,animation,blocks\VZ\vehicleclassanimgroup_monstertruck_P000_Q3.block
0x939B90FF,lineregion,blocks\VZ\resident_P000_Q3.block
0x93A88E78,path,blocks\VZ\resident_P000_Q3.block
0x93AAED32,path,blocks\VZ\resident_P000_Q3.block
0x93AF4100,path,blocks\VZ\resident_P000_Q3.block
0x93B39B9C,animation,blocks\VZ\vehicleclassanimgroup_autolargea_P000_Q3.block
0x93C9A72F,animation,blocks\VZ\vehiclenameanimgroup_stingray_P000_Q3.block
0x93DCC144,path,blocks\VZ\resident_P000_Q3.block
0x93DE4056,path,blocks\VZ\resident_P000_Q3.block
0x93E5D2D3,animation,blocks\VZ\vehiclenameanimgroup_m1a2_P000_Q3.block
0x9400D12E,path,blocks\VZ\resident_P000_Q3.block
0x9404FAE7,model,blocks\VZ\c30517_P000_Q3.block
0x94070FF3,path,blocks\VZ\resident_P000_Q3.block
0x94078AEF,path,blocks\VZ\resident_P000_Q3.block
0x940916CA,path,blocks\VZ\resident_P000_Q3.block
0x941A976E,animation,blocks\VZ\vehiclenameanimgroup_ks750_P000_Q3.block
0x941E63E2,path,blocks\VZ\resident_P000_Q3.block
0x941EED13,effect,blocks\VZ\effects_P000_Q3.block
0x9420F6DB,effect,blocks\VZ\effects_P000_Q3.block
0x9423539B,animation,blocks\VZ\vehiclenameanimgroup_alouette3_P000_Q3.block
0x94251B13,path,blocks\VZ\resident_P000_Q3.block
0x9426C979,scrub,blocks\VZ\c30970_P000_Q3.block
0x9430A3AA,path,blocks\VZ\resident_P000_Q3.block
0x94405242,path,blocks\VZ\resident_P000_Q3.block
0x9442C970,path,blocks\VZ\resident_P000_Q3.block
0x94443703,animation,blocks\VZ\characternameanimgroup_jennifer_P000_Q3.block
0x944ABC69,path,blocks\VZ\resident_P000_Q3.block
0x9458E232,animation,blocks\VZ\vehiclenameanimgroup_omen_P000_Q3.block
0x945BAC82,animation,blocks\VZ\vehicleclassanimgroup_tank_P000_Q3.block
0x94623BA1,animation,blocks\VZ\vehiclenameanimgroup_m2a3_P000_Q3.block
0x946954B3,animation,blocks\VZ\vehiclenameanimgroup_mh53j_P000_Q3.block
0x946A4746,texture,blocks\Shell\scaleform_shell_P000_Q3.block
0x946F39FC,effect,blocks\VZ\effects_P000_Q3.block
0x946F6A0A,model,blocks\VZ\c30717_P000_Q3.block
0x9482588A,animation,blocks\VZ\resident_P000_Q3.block
0x9487F0E7,font,blocks\VZ\english_P000_Q3.block
0x949187D0,model,blocks\VZ\c30791_P000_Q3.block
0x9493BED0,texture,blocks\Shell\scaleform_shell_P000_Q3.block
0x949518C5,path,blocks\VZ\resident_P000_Q3.block
0x949A88B0,lineregion,blocks\VZ\resident_P000_Q3.block
0x949BC834,path,blocks\VZ\resident_P000_Q3.block
0x94A04562,path,blocks\VZ\resident_P000_Q3.block
0x94AD5575,path,blocks\VZ\resident_P000_Q3.block
0x94AEBC01,animation,blocks\VZ\vehicleclassanimgroup_autolargec_P000_Q3.block
0x94B07186,lineregion,blocks\VZ\resident_P000_Q3.block
0x94B1E4AC,animation,blocks\VZ\characternameanimgroup_jennifer_P000_Q3.block
0x94C05014,path,blocks\VZ\resident_P000_Q3.block
0x94C0DCA7,animation,blocks\VZ\vehiclenameanimgroup_ah1z_P000_Q3.block
0x94C6F27D,texture,blocks\Shell\scaleform_shell_P000_Q3.block
0x94C71D64,animation,blocks\VZ\vehiclenameanimgroup_turbosquid_P000_Q3.block
0x94C98DAD,animation,blocks\VZ\vehiclenameanimgroup_ah1z_P000_Q3.block
0x94CB68F8,texture,blocks\Shell\scaleform_shell_P000_Q3.block
0x94D1D314,path,blocks\VZ\resident_P000_Q3.block
0x94DBCFC3,scrub,blocks\VZ\c31244_P000_Q3.block
0x94DC1D6C,path,blocks\VZ\resident_P000_Q3.block
0x94E29CB9,path,blocks\VZ\resident_P000_Q3.block
0x94E6A74E,texture,blocks\Shell\scaleform_shell_P000_Q3.block
0x94E7B822,animation,blocks\VZ\vehiclenameanimgroup_amx30_P000_Q3.block
0x94EC420E,path,blocks\VZ\resident_P000_Q3.block
0x94FBAD14,path,blocks\VZ\resident_P000_Q3.block
0x94FCEDF7,path,blocks\VZ\resident_P000_Q3.block
0x94FF9D5A,scrub,blocks\VZ\c31424_P000_Q3.block
0x9506C8D8,scrub,blocks\VZ\c30053_P000_Q3.block
0x950C8B0E,lineregion,blocks\VZ\resident_P000_Q3.block
0x9514A611,path,blocks\VZ\resident_P000_Q3.block
0x9515A38A,path,blocks\VZ\resident_P000_Q3.block
0x951EF7AE,animation,blocks\VZ\vehicleclassanimgroup_bench_P000_Q3.block
0x951F1805,path,blocks\VZ\resident_P000_Q3.block
0x95235BC6,soundbank;sounddb;wavebank,blocks\English\vo_job_chin_sun.english_P000_Q3.block
0x95299A81,path,blocks\VZ\resident_P000_Q3.block
0x952AFD67,model,blocks\VZ\c31045_P000_Q3.block
0x95313E71,animation,blocks\VZ\vehicleclassanimgroup_truckmid_P000_Q3.block
0x95318461,animation,blocks\VZ\vehiclenameanimgroup_m1a2_P000_Q3.block
0x95331FBE,texture,blocks\Shell\scaleform_shell_P000_Q3.block
0x953875FC,path,blocks\VZ\resident_P000_Q3.block
0x953E8E21,path,blocks\VZ\resident_P000_Q3.block
0x954827A1,animation,blocks\VZ\resident_P000_Q3.block
0x9551DE02,scrub,blocks\VZ\c30442_P000_Q3.block
0x95562985,path,blocks\VZ\resident_P000_Q3.block
0x955831F6,effect,blocks\VZ\effects_P000_Q3.block
0x9569CFFF,scrub,blocks\VZ\c31415_P000_Q3.block
0x9571FB3B,animation,blocks\VZ\resident_P000_Q3.block
0x95759DA1,path,blocks\VZ\resident_P000_Q3.block
0x957F61CD,model,blocks\VZ\c39998_P000_Q3.block
0x95829D32,path,blocks\VZ\resident_P000_Q3.block
0x958E1CFB,path,blocks\VZ\resident_P000_Q3.block
0x958E8984,animation,blocks\VZ\vehiclenameanimgroup_swamp_P000_Q3.block
0x958EA053,path,blocks\VZ\resident_P000_Q3.block
0x95953958,model,blocks\VZ\resident2_P000_Q3.block
0x95977425,animation,blocks\VZ\resident_P000_Q3.block
0x959BC5AB,path,blocks\VZ\resident_P000_Q3.block
0x95A43E5E,animation,blocks\VZ\vehiclenameanimgroup_fiona_P000_Q3.block
0x95AAAB47,path,blocks\VZ\resident_P000_Q3.block
0x95B1B3B5,terrainmesh,blocks\VZ\c31493_P000_Q3.block
0x95B2C265,path,blocks\VZ\resident_P000_Q3.block
0x95BED4B2,animation,blocks\VZ\vehiclenameanimgroup_fishing_P000_Q3.block
0x95BF0E21,model;path,blocks\VZ\c30293_P000_Q3.block;blocks\VZ\resident_P000_Q3.block
0x95C71914,path,blocks\VZ\resident_P000_Q3.block
0x95C78EFE,animation,blocks\VZ\vehiclenameanimgroup_quid50_P000_Q3.block
0x95C7F0ED,animation,blocks\VZ\resident_P000_Q3.block
0x95CC4C15,path,blocks\VZ\resident_P000_Q3.block
0x95D06FAA,path,blocks\VZ\resident_P000_Q3.block
0x95D0A140,path,blocks\VZ\resident_P000_Q3.block
0x95D133DF,path,blocks\VZ\resident_P000_Q3.block
0x95D363BA,path,blocks\VZ\resident_P000_Q3.block
0x95D882D8,animation,blocks\VZ\characternameanimgroup_soldier_P000_Q3.block
0x95D9F2A1,terrainmesh,blocks\VZ\c31254_P000_Q3.block
0x95DB9AE7,path,blocks\VZ\resident_P000_Q3.block
0x95DF42C4,model,blocks\VZ\c39998_P000_Q3.block
0x95E7135C,lineregion,blocks\VZ\resident_P000_Q3.block
0x95ED9A90,path,blocks\VZ\resident_P000_Q3.block
0x95EEC252,path,blocks\VZ\resident_P000_Q3.block
0x95EFA0F3,path,blocks\VZ\resident_P000_Q3.block
0x95F4BA55,model,blocks\VZ\c32166_P000_Q3.block
0x95F9A179,lowresterrain,blocks\VZ\low_res_terrain_P000_Q3.block
0x95FA3B9A,texture,blocks\Shell\scaleform_shell_P000_Q3.block
0x95FF1B2F,animation,blocks\VZ\vehicleclassanimgroup_coinbinoculars_P000_Q3.block
0x96026B30,path,blocks\VZ\resident_P000_Q3.block
0x960ADD07,animation,blocks\VZ\vehiclenameanimgroup_ztz98_P000_Q3.block
0x960C0CC9,path,blocks\VZ\resident_P000_Q3.block
0x960EA069,animation,blocks\VZ\vehicleclassanimgroup_autolargea_P000_Q3.block
0x96100F18,path,blocks\VZ\resident_P000_Q3.block
0x9610606C,path,blocks\VZ\resident_P000_Q3.block
0x9610D16C,animation,blocks\VZ\resident_P000_Q3.block
0x9613875E,scrub,blocks\VZ\c30150_P000_Q3.block
0x9614AAAA,animation,blocks\VZ\vehiclenameanimgroup_mi35_P000_Q3.block
0x961931A3,lineregion,blocks\VZ\resident_P000_Q3.block
0x9625ABD9,path,blocks\VZ\resident_P000_Q3.block
0x964FB7CA,path,blocks\VZ\resident_P000_Q3.block
0x964FEC9B,scrub,blocks\VZ\c30970_P000_Q3.block
0x9650904E,path,blocks\VZ\resident_P000_Q3.block
0x9655BB68,scrub,blocks\VZ\c31234_P000_Q3.block
0x965D7E79,texture,blocks\Shell\scaleform_shell_P000_Q3.block
0x96630A89,lineregion,blocks\VZ\resident_P000_Q3.block
0x966D01F8,path,blocks\VZ\resident_P000_Q3.block
0x966DB3AC,animation,blocks\VZ\resident_P000_Q3.block
0x966F0A75,path,blocks\VZ\resident_P000_Q3.block
0x9670A1D7,path,blocks\VZ\resident_P000_Q3.block
0x96751F05,path,blocks\VZ\resident_P000_Q3.block
0x96795D6C,path,blocks\VZ\resident_P000_Q3.block
0x96800F1D,path,blocks\VZ\resident_P000_Q3.block
0x9685974A,texture,blocks\Shell\german_P000_Q3.block
0x9686F603,texture,blocks\Shell\scaleform_shell_P000_Q3.block
0x96883B08,path,blocks\VZ\resident_P000_Q3.block
0x968CA507,path,blocks\VZ\resident_P000_Q3.block
0x969A9F75,animation,blocks\VZ\vehiclenameanimgroup_ztz63a_P000_Q3.block
0x969C535E,path,blocks\VZ\resident_P000_Q3.block
0x969EF02C,path,blocks\VZ\resident_P000_Q3.block
0x96A5554B,path,blocks\VZ\resident_P000_Q3.block
0x96A70999,path,blocks\VZ\resident_P000_Q3.block
0x96AB3A46,animation,blocks\VZ\resident_P000_Q3.block
0x96AC7CC4,animation,blocks\VZ\vehiclenameanimgroup_swamp_P000_Q3.block
0x96AD8B52,scrub,blocks\VZ\c31103_P000_Q3.block
0x96B1C58D,animation,blocks\VZ\resident_P000_Q3.block
0x96B1D015,soundbank;sounddb,blocks\English\vo_resident_P000_Q3.block
0x96BEA02B,texture,blocks\Shell\scaleform_shell_P000_Q3.block
0x96C1C6B1,animation,blocks\VZ\vehiclenameanimgroup_alouette3_P000_Q3.block
0x96C726B0,animation,blocks\VZ\vehiclenameanimgroup_wz10_P000_Q3.block
0x96CAC6A5,path,blocks\VZ\resident_P000_Q3.block
0x96CE7C0B,texture,blocks\Shell\scaleform_shell_P000_Q3.block
0x96D15FF1,path,blocks\VZ\resident_P000_Q3.block
0x96D2F939,texture,blocks\Shell\scaleform_shell_P000_Q3.block
0x96D7355A,lowresterrain,blocks\VZ\low_res_terrain_P000_Q3.block
0x96DA59CE,path,blocks\VZ\resident_P000_Q3.block
0x96E0FA82,animation,blocks\VZ\vehiclenameanimgroup_md500_P000_Q3.block
0x96E553E3,lineregion,blocks\VZ\resident_P000_Q3.block
0x96E6627B,animation,blocks\VZ\vehiclenameanimgroup_md500_P000_Q3.block
0x96F8642F,path,blocks\VZ\resident_P000_Q3.block
0x96FDA4F8,animation,blocks\VZ\vehiclenameanimgroup_vanquish_P000_Q3.block
0x97087C2D,path,blocks\VZ\resident_P000_Q3.block
0x970B63C0,path,blocks\VZ\resident_P000_Q3.block
0x970CB063,path,blocks\VZ\resident_P000_Q3.block
0x9710D844,animation,blocks\VZ\vehiclenameanimgroup_smallfishing_P000_Q3.block
0x97140909,path,blocks\VZ\resident_P000_Q3.block
0x97142184,scrub,blocks\VZ\c30011_P000_Q3.block
0x972162AC,animation,blocks\VZ\vehiclenameanimgroup_md500_P000_Q3.block
0x9730B86F,animation,blocks\VZ\resident_P000_Q3.block
0x9734F107,path,blocks\VZ\resident_P000_Q3.block
0x973E88E5,lowresterrain,blocks\VZ\low_res_terrain_P000_Q3.block
0x974A9D27,terrainmesh,blocks\VZ\c30841_P000_Q3.block
0x974BA750,chatter,blocks\VZ\resident_P000_Q3.block
0x97570131,animation,blocks\VZ\characternameanimgroup_jennifer_P000_Q3.block
0x975A69F8,animation,blocks\VZ\vehicleclassanimgroup_autolargeb_P000_Q3.block
0x9765953E,animation,blocks\VZ\vehiclenameanimgroup_wz10_P000_Q3.block
0x977B9B8A,path,blocks\VZ\resident_P000_Q3.block
0x978781BB,path,blocks\VZ\resident_P000_Q3.block
0x978AB91E,path,blocks\VZ\resident_P000_Q3.block
0x978AE34F,scrub,blocks\VZ\c30142_P000_Q3.block
0x978BFEE9,path,blocks\VZ\resident_P000_Q3.block
0x97961A22,path,blocks\VZ\resident_P000_Q3.block
0x9796BADB,path,blocks\VZ\resident_P000_Q3.block
0x9798D5DB,path,blocks\VZ\resident_P000_Q3.block
0x979E118F,animation,blocks\VZ\vehiclenameanimgroup_m551_P000_Q3.block
0x97A76923,path,blocks\VZ\resident_P000_Q3.block
0x97A77287,path,blocks\VZ\resident_P000_Q3.block
0x97B88119,scrub,blocks\VZ\c30636_P000_Q3.block
0x97BB2338,model,blocks\VZ\effects_P000_Q3.block
0x97C35A58,path,blocks\VZ\resident_P000_Q3.block
0x97C840ED,animation,blocks\VZ\resident_P000_Q3.block
0x97C96F2A,terrainmesh,blocks\VZ\c30581_P000_Q3.block
0x97CFABA3,animation,blocks\VZ\characternameanimgroup_chris_P000_Q3.block
0x97D3E82D,path,blocks\VZ\resident_P000_Q3.block
0x97D4C796,path,blocks\VZ\resident_P000_Q3.block
0x97D9C174,scrub,blocks\VZ\c31374_P000_Q3.block
0x97D9E76D,path,blocks\VZ\resident_P000_Q3.block
0x97DDA84D,animation,blocks\VZ\vehiclenameanimgroup_mh53j_P000_Q3.block
0x97DE4977,path,blocks\VZ\resident_P000_Q3.block
0x97DE9250,animation,blocks\VZ\vehiclenameanimgroup_ks750_P000_Q3.block
0x97E0D1C3,path,blocks\VZ\resident_P000_Q3.block
0x97E2CE1B,animation,blocks\VZ\vehiclenameanimgroup_type 14310_P000_Q3.block
0x97E3C1DF,lineregion,blocks\VZ\resident_P000_Q3.block
0x97E9559D,texture,blocks\Shell\scaleform_shell_P000_Q3.block
0x97EA0893,lineregion,blocks\VZ\resident_P000_Q3.block
0x97EBB841,animation,blocks\VZ\vehiclenameanimgroup_sportbike_P000_Q3.block
0x97ECE2AB,animation,blocks\VZ\vehiclenameanimgroup_stingray_P000_Q3.block
0x97F85E0C,lowresterrain,blocks\VZ\low_res_terrain_P000_Q3.block
0x980898B5,model,blocks\VZ\c31080_P000_Q3.block
0x980B710F,path,blocks\VZ\resident_P000_Q3.block
0x980DC47F,animation,blocks\VZ\vehiclenameanimgroup_swamp_P000_Q3.block
0x980F3E52,path,blocks\VZ\resident_P000_Q3.block
0x98156612,path,blocks\VZ\resident_P000_Q3.block
0x98249E26,scrub,blocks\VZ\c31426_P000_Q3.block
0x982B4054,path,blocks\VZ\resident_P000_Q3.block
0x9837F497,animation,blocks\VZ\characternameanimgroup_jennifer_P000_Q3.block
0x9839DF68,lowresterrain,blocks\VZ\low_res_terrain_P000_Q3.block
0x9842FDBE,path,blocks\VZ\resident_P000_Q3.block
0x984E2A15,animation,blocks\VZ\resident_P000_Q3.block
0x985889FE,path,blocks\VZ\resident_P000_Q3.block
0x9858E871,animation,blocks\VZ\vehicleclassanimgroup_bench_P000_Q3.block
0x9860392B,path,blocks\VZ\resident_P000_Q3.block
0x98664082,path,blocks\VZ\resident_P000_Q3.block
0x9866B93C,path,blocks\VZ\resident_P000_Q3.block
0x986BAEA8,scrub,blocks\VZ\c31501_P000_Q3.block
0x986C949F,path,blocks\VZ\resident_P000_Q3.block
0x987273E1,path,blocks\VZ\resident_P000_Q3.block
0x9872C2C3,animation,blocks\VZ\vehiclenameanimgroup_m1a2_P000_Q3.block
0x98733EA7,texture,blocks\Shell\scaleform_shell_P000_Q3.block
0x987462FC,animation,blocks\VZ\resident_P000_Q3.block
0x98797AEE,animation,blocks\VZ\characternameanimgroup_jennifer_P000_Q3.block
0x9897C3F8,path,blocks\VZ\resident_P000_Q3.block
0x98B7B642,animation,blocks\VZ\vehiclenameanimgroup_highvoltage_P000_Q3.block
0x98BE203F,path,blocks\VZ\resident_P000_Q3.block
0x98C2A28D,path,blocks\VZ\resident_P000_Q3.block
0x98C3677E,animation,blocks\VZ\resident_P000_Q3.block
0x98C45719,path,blocks\VZ\resident_P000_Q3.block
0x98C6318F,scrub,blocks\VZ\c30769_P000_Q3.block
0x98C7BEE9,path,blocks\VZ\resident_P000_Q3.block
0x98CA4758,path,blocks\VZ\resident_P000_Q3.block
0x98E41AAD,path,blocks\VZ\resident_P000_Q3.block
0x98E9D6FD,lowresterrain,blocks\VZ\low_res_terrain_P000_Q3.block
0x98EB8095,path,blocks\VZ\resident_P000_Q3.block
0x98ED82AD,animation,blocks\VZ\vehicleclassanimgroup_automedium_P000_Q3.block
0x98EE5A5C,path,blocks\VZ\resident_P000_Q3.block
0x98F0108A,path,blocks\VZ\resident_P000_Q3.block
0x99045625,path,blocks\VZ\resident_P000_Q3.block
0x9906FB0D,font,blocks\Shell\german_P000_Q3.block
0x990D9706,model,blocks\VZ\c30366_P000_Q3.block
0x990F246F,path,blocks\VZ\resident_P000_Q3.block
0x990FC081,path,blocks\VZ\resident_P000_Q3.block
0x991308FD,path,blocks\VZ\resident_P000_Q3.block
0x991E3946,path,blocks\VZ\resident_P000_Q3.block
0x992C2B02,animation,blocks\VZ\vehicleclassanimgroup_truckmid_P000_Q3.block
0x9932A1D2,animation,blocks\VZ\vehicleclassanimgroup_automedium_P000_Q3.block
0x9933B1B6,animation,blocks\VZ\vehicleclassanimgroup_autolargec_P000_Q3.block
0x99350D28,animation,blocks\VZ\vehiclenameanimgroup_laviii_P000_Q3.block
0x9942C252,model,blocks\VZ\c30790_P000_Q3.block
0x9942D6BA,effect,blocks\VZ\effects_P000_Q3.block
0x9945E0D0,lineregion,blocks\VZ\resident_P000_Q3.block
0x9947A3A3,path,blocks\VZ\resident_P000_Q3.block
0x9948B9A9,animation,blocks\VZ\vehiclenameanimgroup_armwrestle_P000_Q3.block
0x994EBC74,effect,blocks\VZ\effects_P000_Q3.block
0x9950A51E,path,blocks\VZ\resident_P000_Q3.block
0x99546CD8,terrainmesh,blocks\VZ\c30762_P000_Q3.block
0x995F18DC,animation,blocks\VZ\resident_P000_Q3.block
0x99635105,animation,blocks\VZ\vehicleclassanimgroup_autolargec_P000_Q3.block
0x996671DC,path,blocks\VZ\resident_P000_Q3.block
0x996E4498,path,blocks\VZ\resident_P000_Q3.block
0x997FD299,animation,blocks\VZ\vehicleclassanimgroup_automedium_P000_Q3.block
0x99868400,path,blocks\VZ\resident_P000_Q3.block
0x999532B4,scrub,blocks\VZ\c31502_P000_Q3.block
0x999A7D61,animation,blocks\VZ\vehiclenameanimgroup_wz10_P000_Q3.block
0x999D3CA3,path,blocks\VZ\resident_P000_Q3.block
0x99A20F0F,path,blocks\VZ\resident_P000_Q3.block
0x99A2186A,lineregion,blocks\VZ\resident_P000_Q3.block
0x99A6F384,animation,blocks\VZ\vehiclenameanimgroup_tow_P000_Q3.block
0x99A79B2D,lineregion,blocks\VZ\resident_P000_Q3.block
0x99A8824B,animation,blocks\VZ\vehiclenameanimgroup_ks750_P000_Q3.block
0x99AF7853,animation,blocks\VZ\characternameanimgroup_jennifer_P000_Q3.block
0x99BBB160,terrainmesh,blocks\VZ\c30500_P000_Q3.block
0x99C34BE2,scrub,blocks\VZ\c30762_P000_Q3.block
0x99C707AD,path,blocks\VZ\resident_P000_Q3.block
0x99C98CF7,animation,blocks\VZ\vehicleclassanimgroup_buggy_P000_Q3.block
0x99CC5D52,animation,blocks\VZ\vehiclenameanimgroup_m1a2_P000_Q3.block
0x99D18F88,animation,blocks\VZ\vehicleclassanimgroup_automedium_P000_Q3.block
0x99D22A31,path,blocks\VZ\resident_P000_Q3.block
0x99D2D2A7,animation,blocks\VZ\resident_P000_Q3.block
0x99D2FD22,path,blocks\VZ\resident_P000_Q3.block
0x99D6B640,animation,blocks\VZ\resident_P000_Q3.block
0x99D8D86B,lineregion,blocks\VZ\resident_P000_Q3.block
0x99D9E9E5,path,blocks\VZ\resident_P000_Q3.block
0x99DC21B4,path,blocks\VZ\resident_P000_Q3.block
0x99DF077D,path,blocks\VZ\resident_P000_Q3.block
0x99E2A4FE,texture,blocks\Shell\scaleform_shell_P000_Q3.block
0x99E9B949,scrub,blocks\VZ\c30076_P000_Q3.block
0x99F9AC4D,lowresterrain,blocks\VZ\low_res_terrain_P000_Q3.block
0x99FF8200,animation,blocks\VZ\vehiclenameanimgroup_stingray_P000_Q3.block
0x9A003CE8,texture,blocks\Shell\scaleform_shell_P000_Q3.block
0x9A091291,animation,blocks\VZ\vehiclenameanimgroup_amx30aa_P000_Q3.block
0x9A09CC96,animation,blocks\VZ\characternameanimgroup_soldier_P000_Q3.block
0x9A173494,path,blocks\VZ\resident_P000_Q3.block
0x9A1962BC,animation,blocks\VZ\vehiclenameanimgroup_amx30_P000_Q3.block
0x9A1B9171,animation,blocks\VZ\vehicleclassanimgroup_autosmall_P000_Q3.block
0x9A23300B,animation,blocks\VZ\vehiclenameanimgroup_sx2150_P000_Q3.block
0x9A24633C,animation,blocks\VZ\vehicleclassanimgroup_jetski_P000_Q3.block
0x9A31623A,path,blocks\VZ\resident_P000_Q3.block
0x9A36EDD9,path,blocks\VZ\resident_P000_Q3.block
0x9A375400,lowresterrain,blocks\VZ\low_res_terrain_P000_Q3.block
0x9A471058,path,blocks\VZ\resident_P000_Q3.block
0x9A4871B6,animation,blocks\VZ\vehiclenameanimgroup_mi35_P000_Q3.block
0x9A4D8461,texture,blocks\Shell\russian_P000_Q3.block
0x9A4FB7B3,path,blocks\VZ\resident_P000_Q3.block
0x9A534128,animation,blocks\VZ\characternameanimgroup_soldier_P000_Q3.block
0x9A56144B,animation,blocks\VZ\vehiclenameanimgroup_rpgwindow_P000_Q3.block
0x9A5CC706,path,blocks\VZ\resident_P000_Q3.block
0x9A64ACEB,path,blocks\VZ\resident_P000_Q3.block
0x9A69757D,scrub,blocks\VZ\c30083_P000_Q3.block
0x9A6C8FC7,lineregion,blocks\VZ\resident_P000_Q3.block
0x9A7AE79A,animation,blocks\VZ\vehicleclassanimgroup_hmmwv_P000_Q3.block
0x9A7B90F7,path,blocks\VZ\resident_P000_Q3.block
0x9A7C512D,terrainmesh,blocks\VZ\c31243_P000_Q3.block
0x9A863CC8,lowresterrain,blocks\VZ\low_res_terrain_P000_Q3.block
0x9A86E216,path,blocks\VZ\resident_P000_Q3.block
0x9A8DB68A,path,blocks\VZ\resident_P000_Q3.block
0x9A8DBF30,scrub,blocks\VZ\c30547_P000_Q3.block
0x9A921529,animation,blocks\VZ\characternameanimgroup_mattias_P000_Q3.block
0x9A92949F,lineregion,blocks\VZ\resident_P000_Q3.block
0x9A950D90,animation,blocks\VZ\characternameanimgroup_chris_P000_Q3.block
0x9A983E18,path,blocks\VZ\resident_P000_Q3.block
0x9AA0E906,animation,blocks\VZ\vehiclenameanimgroup_amx30_P000_Q3.block
0x9AA1273E,path,blocks\VZ\resident_P000_Q3.block
0x9AA5F8EF,path,blocks\VZ\resident_P000_Q3.block
0x9AA80441,path,blocks\VZ\resident_P000_Q3.block
0x9AA8A55B,effect,blocks\VZ\effects_P000_Q3.block
0x9AB56078,animation,blocks\VZ\vehiclenameanimgroup_amx30_P000_Q3.block
0x9ABC941A,scrub,blocks\VZ\c30064_P000_Q3.block
0x9AC08961,soundbank;sounddb,blocks\English\vo_resident_P000_Q3.block
0x9AC820F5,model,blocks\VZ\commercial_crater_P000_Q3.block
0x9ACB2E34,effect,blocks\VZ\effects_P000_Q3.block
0x9ACD439A,animation,blocks\VZ\vehiclenameanimgroup_sportbike_P000_Q3.block
0x9AD7790F,animation,blocks\VZ\vehiclenameanimgroup_ah1z_P000_Q3.block
0x9ADB0FCF,path,blocks\VZ\resident_P000_Q3.block
0x9AE824FE,scrub,blocks\VZ\c30052_P000_Q3.block
0x9AE97095,path,blocks\VZ\resident_P000_Q3.block
0x9AEDD64C,path,blocks\VZ\resident_P000_Q3.block
0x9AEDE5BC,path,blocks\VZ\resident_P000_Q3.block
0x9AF4DC72,terrainmesh,blocks\VZ\c30198_P000_Q3.block
0x9AF586DF,scrub,blocks\VZ\c31427_P000_Q3.block
0x9AF5DAC5,scrub,blocks\VZ\c31139_P000_Q3.block
0x9B05F200,path,blocks\VZ\resident_P000_Q3.block
0x9B065605,scrub,blocks\VZ\c30844_P000_Q3.block
0x9B066F6F,scrub,blocks\VZ\c31413_P000_Q3.block
0x9B0784D6,animation,blocks\VZ\vehicleclassanimgroup_monstertruck_P000_Q3.block
0x9B095499,animation,blocks\VZ\vehiclenameanimgroup_mi35_P000_Q3.block
0x9B0E4497,animation,blocks\VZ\vehiclenameanimgroup_ztz63a_P000_Q3.block
0x9B10ADDA,path,blocks\VZ\resident_P000_Q3.block
0x9B170B5C,animation,blocks\VZ\vehiclenameanimgroup_scorpiondpv_P000_Q3.block
0x9B18A200,path,blocks\VZ\resident_P000_Q3.block
0x9B2019C6,animation,blocks\VZ\vehiclenameanimgroup_vanquish_P000_Q3.block
0x9B206E06,path,blocks\VZ\resident_P000_Q3.block
0x9B24C56A,path,blocks\VZ\resident_P000_Q3.block
0x9B282A5B,animation,blocks\VZ\resident_P000_Q3.block
0x9B378587,animation,blocks\VZ\characternameanimgroup_chris_P000_Q3.block
0x9B3A65F0,animation,blocks\VZ\characternameanimgroup_soldier_P000_Q3.block
0x9B43549C,scrub,blocks\VZ\c31238_P000_Q3.block
0x9B50DC05,animation,blocks\VZ\vehiclenameanimgroup_swamp_P000_Q3.block
0x9B588114,path,blocks\VZ\resident_P000_Q3.block
0x9B5C49CA,path,blocks\VZ\resident_P000_Q3.block
0x9B5E3959,path,blocks\VZ\resident_P000_Q3.block
0x9B5F4140,path,blocks\VZ\resident_P000_Q3.block
0x9B5FB954,path,blocks\VZ\resident_P000_Q3.block
0x9B60F0CE,path,blocks\VZ\resident_P000_Q3.block
0x9B687716,animation,blocks\VZ\characternameanimgroup_chris_P000_Q3.block
0x9B725EC6,animation,blocks\VZ\vehiclenameanimgroup_ka29b_P000_Q3.block
0x9B7DB132,path,blocks\VZ\resident_P000_Q3.block
0x9B7EDF4C,path,blocks\VZ\resident_P000_Q3.block
0x9B8D6546,path,blocks\VZ\resident_P000_Q3.block
0x9B8EF8C6,model,blocks\VZ\resident2_P000_Q3.block
0x9B9251FF,path,blocks\VZ\resident_P000_Q3.block
0x9B97128C,animation,blocks\VZ\vehiclenameanimgroup_m113_P000_Q3.block
0x9B9B352F,scrub,blocks\VZ\c31248_P000_Q3.block
0x9BA80C25,model,blocks\VZ\c33297_P000_Q3.block
0x9BAAD06A,path,blocks\VZ\resident_P000_Q3.block
0x9BB71567,animation,blocks\VZ\vehicleclassanimgroup_motorcycle_P000_Q3.block
0x9BBEDF12,animation,blocks\VZ\vehiclenameanimgroup_scorpiondpv_P000_Q3.block
0x9BC193F2,scrub,blocks\VZ\c31072_P000_Q3.block
0x9BCC9D06,path,blocks\VZ\resident_P000_Q3.block
0x9BDE6144,path,blocks\VZ\resident_P000_Q3.block
0x9BE2DE72,path,blocks\VZ\resident_P000_Q3.block
0x9BE7B9C5,animation,blocks\VZ\vehiclenameanimgroup_alouette3_P000_Q3.block
0x9BF3741B,texture,blocks\Shell\scaleform_shell_P000_Q3.block
0x9C02A371,animation,blocks\VZ\resident_P000_Q3.block
0x9C0D34CA,path,blocks\VZ\resident_P000_Q3.block
0x9C114CDD,path,blocks\VZ\resident_P000_Q3.block
0x9C152CA5,scrub,blocks\VZ\c30016_P000_Q3.block
0x9C278B13,animation,blocks\VZ\vehiclenameanimgroup_ks750_P000_Q3.block
0x9C27B0F2,lowresterrain,blocks\VZ\low_res_terrain_P000_Q3.block
0x9C2CE488,path,blocks\VZ\resident_P000_Q3.block
0x9C2EC809,animation,blocks\VZ\vehicleclassanimgroup_truckmid_P000_Q3.block
0x9C2F32E4,scrub,blocks\VZ\c30052_P000_Q3.block
0x9C37546C,lineregion,blocks\VZ\resident_P000_Q3.block
0x9C3AECC2,animation,blocks\VZ\vehicleclassanimgroup_autosmall_P000_Q3.block
0x9C3D4104,model,blocks\VZ\c32170_P000_Q3.block
0x9C3E58DA,path,blocks\VZ\resident_P000_Q3.block
0x9C417637,chatter,blocks\VZ\resident_P000_Q3.block
0x9C43BEA8,path,blocks\VZ\resident_P000_Q3.block
0x9C4A9F66,path,blocks\VZ\resident_P000_Q3.block
0x9C4C7917,path,blocks\VZ\resident_P000_Q3.block
0x9C56233A,path,blocks\VZ\resident_P000_Q3.block
0x9C5BBB3E,lineregion,blocks\VZ\resident_P000_Q3.block
0x9C5D4FAD,animation,blocks\VZ\resident_P000_Q3.block
0x9C61B1D4,animation,blocks\VZ\resident_P000_Q3.block
0x9C6ED10C,texture,blocks\Shell\scaleform_shell_P000_Q3.block
0x9C706CB6,model,blocks\VZ\resident2_P000_Q3.block
0x9C7491FA,animation,blocks\VZ\vehiclenameanimgroup_stingray_P000_Q3.block
0x9C75B654,texture,blocks\Shell\scaleform_shell_P000_Q3.block
0x9C7838F9,effect,blocks\VZ\effects_P000_Q3.block
0x9C7928FA,animation,blocks\VZ\vehiclenameanimgroup_mi35_P000_Q3.block
0x9C806A5C,path,blocks\VZ\resident_P000_Q3.block
0x9C810CC5,model,blocks\VZ\c39998_P000_Q3.block
0x9C86E533,path,blocks\VZ\resident_P000_Q3.block
0x9C89ABCB,path,blocks\VZ\resident_P000_Q3.block
0x9C8F865D,path,blocks\VZ\resident_P000_Q3.block
0x9C9380C8,path,blocks\VZ\resident_P000_Q3.block
0x9C94C281,scrub,blocks\VZ\c30579_P000_Q3.block
0x9C956CCD,lowresterrain,blocks\VZ\low_res_terrain_P000_Q3.block
0x9C96D978,animation,blocks\VZ\vehiclenameanimgroup_dinghy_P000_Q3.block
0x9C9739F8,lineregion,blocks\VZ\resident_P000_Q3.block
0x9C9A1F21,scrub,blocks\VZ\c30990_P000_Q3.block
0x9CA15FCF,path,blocks\VZ\resident_P000_Q3.block
0x9CAED8C9,scrub,blocks\VZ\c30726_P000_Q3.block
0x9CB424A9,animation,blocks\VZ\characternameanimgroup_mattias_P000_Q3.block
0x9CB5D8EC,terrainmesh,blocks\VZ\c30787_P000_Q3.block
0x9CD90AEB,animation,blocks\VZ\vehiclenameanimgroup_mh53j_P000_Q3.block
0x9CDB41F1,terrainmesh,blocks\VZ\c31258_P000_Q3.block
0x9CE44BCC,texture,blocks\Shell\scaleform_shell_P000_Q3.block
0x9CEB3114,texture,blocks\Shell\scaleform_shell_P000_Q3.block
0x9CEC1F11,animation,blocks\VZ\vehiclenameanimgroup_ztz98_P000_Q3.block
0x9CF26DD2,chatter,blocks\VZ\resident_P000_Q3.block
0x9CF312EB,animation,blocks\VZ\vehiclenameanimgroup_plz45_P000_Q3.block
0x9CF36800,path,blocks\VZ\resident_P000_Q3.block
0x9CF81226,path,blocks\VZ\resident_P000_Q3.block
0x9CFEF0BE,lineregion,blocks\VZ\resident_P000_Q3.block
0x9D00BE65,path,blocks\VZ\resident_P000_Q3.block
0x9D02AEAB,path,blocks\VZ\resident_P000_Q3.block
0x9D033004,terrainmesh,blocks\VZ\c31502_P000_Q3.block
0x9D23B00E,path,blocks\VZ\resident_P000_Q3.block
0x9D272B9E,scrub,blocks\VZ\c30848_P000_Q3.block
0x9D2F6F52,path,blocks\VZ\resident_P000_Q3.block
0x9D302B34,path,blocks\VZ\resident_P000_Q3.block
0x9D312E70,animation,blocks\VZ\vehiclenameanimgroup_md500_P000_Q3.block
0x9D3650D7,path,blocks\VZ\resident_P000_Q3.block
0x9D36D27E,animation,blocks\VZ\resident_P000_Q3.block
0x9D3ACE05,path,blocks\VZ\resident_P000_Q3.block
0x9D4739AF,path,blocks\VZ\resident_P000_Q3.block
0x9D533D5B,animation,blocks\VZ\resident_P000_Q3.block
0x9D59FF66,animation,blocks\VZ\vehiclenameanimgroup_smallfishing_P000_Q3.block
0x9D61E8D2,path,blocks\VZ\resident_P000_Q3.block
0x9D65193F,path,blocks\VZ\resident_P000_Q3.block
0x9D6532CC,animation,blocks\VZ\vehicleclassanimgroup_autolargea_P000_Q3.block
0x9D6C2C67,lowresterrain,blocks\VZ\low_res_terrain_P000_Q3.block
0x9D6F4E9A,animation,blocks\VZ\characternameanimgroup_jennifer_P000_Q3.block
0x9D6FCD99,effect,blocks\VZ\effects_P000_Q3.block
0x9D73F2F4,path,blocks\VZ\resident_P000_Q3.block
0x9D815D58,animation,blocks\VZ\vehicleclassanimgroup_autosmall_P000_Q3.block
0x9D886544,animation,blocks\VZ\resident_P000_Q3.block
0x9D89F385,animation,blocks\VZ\vehiclenameanimgroup_patrol_P000_Q3.block
0x9D8B3567,animation,blocks\VZ\resident_P000_Q3.block
0x9D946417,animation,blocks\VZ\vehiclenameanimgroup_huey_P000_Q3.block
0x9D986A8D,animation,blocks\VZ\vehiclenameanimgroup_huey_P000_Q3.block
0x9D9C2CC0,lineregion,blocks\VZ\resident_P000_Q3.block
0x9DAEBC0D,animation,blocks\VZ\vehiclenameanimgroup_ridgeline_P000_Q3.block
0x9DB3B09A,scrub,blocks\VZ\c30197_P000_Q3.block
0x9DB96FB6,path,blocks\VZ\resident_P000_Q3.block
0x9DBB570B,path,blocks\VZ\resident_P000_Q3.block
0x9DBDECE6,lowresterrain,blocks\VZ\low_res_terrain_P000_Q3.block
0x9DBFD439,path,blocks\VZ\resident_P000_Q3.block
0x9DC1D11D,animation,blocks\VZ\resident_P000_Q3.block
0x9DC3E4D6,path,blocks\VZ\resident_P000_Q3.block
0x9DC60C9A,lineregion,blocks\VZ\resident_P000_Q3.block
0x9DC6A349,path,blocks\VZ\resident_P000_Q3.block
0x9DD1FAC0,model,blocks\VZ\c32580_P000_Q3.block
0x9DD429F0,path,blocks\VZ\resident_P000_Q3.block
0x9DE17E83,scrub,blocks\VZ\c30836_P000_Q3.block
0x9DE960DC,animation,blocks\VZ\vehiclenameanimgroup_highvoltage_P000_Q3.block
0x9DF18C0D,path,blocks\VZ\resident_P000_Q3.block
0x9DFDFA9A,path,blocks\VZ\resident_P000_Q3.block
0x9E05569D,lineregion,blocks\VZ\resident_P000_Q3.block
0x9E118278,texture,blocks\Shell\scaleform_shell_P000_Q3.block
0x9E122A0D,path,blocks\VZ\resident_P000_Q3.block
0x9E163F10,animation,blocks\VZ\vehicleclassanimgroup_autolargeb_P000_Q3.block
0x9E1833AA,scrub,blocks\VZ\c30150_P000_Q3.block
0x9E1AE20D,animation,blocks\VZ\vehiclenameanimgroup_cutter_P000_Q3.block
0x9E1C093A,lineregion,blocks\VZ\resident_P000_Q3.block
0x9E2359E8,animation,blocks\VZ\vehiclenameanimgroup_md500_P000_Q3.block
0x9E23D6C3,path,blocks\VZ\resident_P000_Q3.block
0x9E25852B,animation,blocks\VZ\resident_P000_Q3.block
0x9E28F986,path,blocks\VZ\resident_P000_Q3.block
0x9E290A83,path,blocks\VZ\resident_P000_Q3.block
0x9E2C0467,scrub,blocks\VZ\c30815_P000_Q3.block
0x9E373738,path,blocks\VZ\resident_P000_Q3.block
0x9E3F3F1C,path,blocks\VZ\resident_P000_Q3.block
0x9E40262D,animation,blocks\VZ\resident_P000_Q3.block
0x9E539263,animation,blocks\VZ\vehicleclassanimgroup_truckmid_P000_Q3.block
0x9E5ECAED,lineregion,blocks\VZ\resident_P000_Q3.block
0x9E65CDCA,scrub,blocks\VZ\c30100_P000_Q3.block
0x9E6A61BF,animation,blocks\VZ\vehiclenameanimgroup_mi35solano_P000_Q3.block
0x9E6A9B15,path,blocks\VZ\resident_P000_Q3.block
0x9E6BA8FC,animation,blocks\VZ\vehiclenameanimgroup_huey_P000_Q3.block
0x9E6F5840,path,blocks\VZ\resident_P000_Q3.block
0x9E74A950,path,blocks\VZ\resident_P000_Q3.block
0x9E753F76,path,blocks\VZ\resident_P000_Q3.block
0x9E76F774,path,blocks\VZ\resident_P000_Q3.block
0x9E798497,path,blocks\VZ\resident_P000_Q3.block
0x9E7BA025,texture,blocks\Shell\scaleform_shell_P000_Q3.block
0x9E7EA56E,animation,blocks\VZ\resident2_P000_Q3.block
0x9E825FD2,path,blocks\VZ\resident_P000_Q3.block
0x9E8A712B,lineregion,blocks\VZ\resident_P000_Q3.block
0x9E8B5BE2,animation,blocks\VZ\vehiclenameanimgroup_barco_P000_Q3.block
0x9E8C2AD1,path,blocks\VZ\resident_P000_Q3.block
0x9E8F222A,animation,blocks\VZ\vehiclenameanimgroup_stingray_P000_Q3.block
0x9E94E500,path,blocks\VZ\resident_P000_Q3.block
0x9E958F3D,scrub,blocks\VZ\c30988_P000_Q3.block
0x9E9B5591,model,blocks\VZ\c32793_P000_Q3.block
0x9E9BCB80,texture,blocks\Shell\scaleform_shell_P000_Q3.block
0x9E9EFCF1,path,blocks\VZ\resident_P000_Q3.block
0x9EA0D4A3,lineregion,blocks\VZ\resident_P000_Q3.block
0x9EA298F3,scrub,blocks\VZ\c30136_P000_Q3.block
0x9EB69580,path,blocks\VZ\resident_P000_Q3.block
0x9EB6B8BB,path,blocks\VZ\resident_P000_Q3.block
0x9EC164A1,path,blocks\VZ\resident_P000_Q3.block
0x9EC7F425,path,blocks\VZ\resident_P000_Q3.block
0x9ECA1A83,path,blocks\VZ\resident_P000_Q3.block
0x9ECB2B0F,animation,blocks\VZ\characternameanimgroup_jennifer_P000_Q3.block
0x9ECC825C,lineregion,blocks\VZ\resident_P000_Q3.block
0x9ED59CC3,animation,blocks\VZ\vehiclenameanimgroup_m151_P000_Q3.block
0x9ED5E9B7,path,blocks\VZ\resident_P000_Q3.block
0x9ED721B0,animation,blocks\VZ\vehiclenameanimgroup_mi35solano_P000_Q3.block
0x9EDEE394,path,blocks\VZ\resident_P000_Q3.block
0x9EE34F61,animation,blocks\VZ\vehiclenameanimgroup_mh53j_P000_Q3.block
0x9EE79F7C,path,blocks\VZ\resident_P000_Q3.block
0x9EEB482E,scrub,blocks\VZ\c31061_P000_Q3.block
0x9EF2A51E,animation,blocks\VZ\vehiclenameanimgroup_stingray_P000_Q3.block
0x9EF2B789,path,blocks\VZ\resident_P000_Q3.block
0x9EF5CC86,path,blocks\VZ\resident_P000_Q3.block
0x9EF8002D,texture,blocks\Shell\scaleform_shell_P000_Q3.block
0x9EFA834E,path,blocks\VZ\resident_P000_Q3.block
0x9EFC9A4C,lowresterrain,blocks\VZ\low_res_terrain_P000_Q3.block
0x9F01ABB0,animation,blocks\VZ\resident2_P000_Q3.block
0x9F03D3C4,path,blocks\VZ\resident_P000_Q3.block
0x9F0453F2,animation,blocks\VZ\vehiclenameanimgroup_m113_P000_Q3.block
0x9F06FE21,path,blocks\VZ\resident_P000_Q3.block
0x9F0850F2,path,blocks\VZ\resident_P000_Q3.block
0x9F14C019,animation,blocks\VZ\resident_P000_Q3.block
0x9F195ECC,scrub,blocks\VZ\c30177_P000_Q3.block
0x9F1D1590,path,blocks\VZ\resident_P000_Q3.block
0x9F251F8F,animation,blocks\VZ\vehicleclassanimgroup_truckmid_P000_Q3.block
0x9F299196,path,blocks\VZ\resident_P000_Q3.block
0x9F3C1FD5,animation,blocks\VZ\resident_P000_Q3.block
0x9F44789D,texture,blocks\Shell\scaleform_shell_P000_Q3.block
0x9F4C2384,animation,blocks\VZ\vehiclenameanimgroup_markv_P000_Q3.block
0x9F50997B,path,blocks\VZ\resident_P000_Q3.block
0x9F523C52,animation,blocks\VZ\vehiclenameanimgroup_m101a_P000_Q3.block
0x9F558478,animation,blocks\VZ\vehiclenameanimgroup_mi26_P000_Q3.block
0x9F6F9C78,animation,blocks\VZ\vehicleclassanimgroup_tank_P000_Q3.block
0x9F724B61,texture,blocks\Shell\scaleform_shell_P000_Q3.block
0x9F788FF5,path,blocks\VZ\resident_P000_Q3.block
0x9F7C9E0A,soundbank;sounddb;wavebank,blocks\English\vo_job_up_kresge.english_P000_Q3.block
0x9F7CD4CD,scrub,blocks\VZ\c30903_P000_Q3.block
0x9F81EE03,animation,blocks\VZ\characternameanimgroup_chris_P000_Q3.block
0x9F82CDF1,animation,blocks\VZ\vehicleclassanimgroup_hmmwv_P000_Q3.block
0x9F8BFCF4,path,blocks\VZ\resident_P000_Q3.block
0x9F8D4B67,lowresterrain,blocks\VZ\low_res_terrain_P000_Q3.block
0x9F907A22,path,blocks\VZ\resident_P000_Q3.block
0x9F931FD3,animation,blocks\VZ\vehiclenameanimgroup_dinghy_P000_Q3.block
0x9F964526,path,blocks\VZ\resident_P000_Q3.block
0x9F9C00E6,animation,blocks\VZ\characternameanimgroup_chris_P000_Q3.block
0x9F9C0608,animation,blocks\VZ\vehiclenameanimgroup_saltonsea_P000_Q3.block
0x9FA07187,animation,blocks\VZ\vehiclenameanimgroup_mh53j_P000_Q3.block
0x9FA10D14,animation,blocks\VZ\resident_P000_Q3.block
0x9FA7A46E,animation,blocks\VZ\resident_P000_Q3.block
0x9FB7218C,animation,blocks\VZ\characternameanimgroup_soldier_P000_Q3.block
0x9FBCE2DE,animation,blocks\VZ\characternameanimgroup_soldier_P000_Q3.block
0x9FC7DE00,lineregion,blocks\VZ\resident_P000_Q3.block
0x9FCA4767,path,blocks\VZ\resident_P000_Q3.block
0x9FCADE79,animation,blocks\VZ\resident_P000_Q3.block
0x9FCD6068,path,blocks\VZ\resident_P000_Q3.block
0x9FCEB627,lineregion,blocks\VZ\resident_P000_Q3.block
0x9FCF3A3A,animation,blocks\VZ\vehiclenameanimgroup_md500_P000_Q3.block
0x9FD97B2F,path,blocks\VZ\resident_P000_Q3.block
0x9FDCC4E3,path,blocks\VZ\resident_P000_Q3.block
0x9FE54146,texture,blocks\Shell\scaleform_shell_P000_Q3.block
0x9FE89F75,path,blocks\VZ\resident_P000_Q3.block
0x9FE97851,animation,blocks\VZ\vehiclenameanimgroup_50cal_P000_Q3.block
0x9FF11D98,scrub,blocks\VZ\c30824_P000_Q3.block
0x9FF7B2F4,soundbank;sounddb;wavebank,blocks\English\vo_gurcon001.english_P000_Q3.block
0x9FF7D0C8,animation,blocks\VZ\vehiclenameanimgroup_amx30_P000_Q3.block
0x9FFF0F50,path,blocks\VZ\resident_P000_Q3.block
0x9FFF6392,path,blocks\VZ\resident_P000_Q3.block
0xA0003802,scrub,blocks\VZ\c30052_P000_Q3.block
0xA002FBB0,scrub,blocks\VZ\c30197_P000_Q3.block
0xA004B9AB,texture,blocks\Shell\scaleform_shell_P000_Q3.block
0xA00509E9,path,blocks\VZ\resident_P000_Q3.block
0xA009D143,scrub,blocks\VZ\c30092_P000_Q3.block
0xA00DE03F,path,blocks\VZ\resident_P000_Q3.block
0xA014FC84,animation,blocks\VZ\vehicleclassanimgroup_automedium_P000_Q3.block
0xA01BEB18,scrub,blocks\VZ\c31520_P000_Q3.block
0xA01C1100,path,blocks\VZ\resident_P000_Q3.block
0xA01E8D3F,animation,blocks\VZ\vehiclenameanimgroup_huey_P000_Q3.block
0xA0212328,animation,blocks\VZ\resident_P000_Q3.block
0xA0217A03,animation,blocks\VZ\characternameanimgroup_jennifer_P000_Q3.block
0xA0238D1E,model,blocks\VZ\c30056_P000_Q3.block
0xA028A17C,scrub,blocks\VZ\c30075_P000_Q3.block
0xA029223D,model,blocks\VZ\c30538_P000_Q3.block
0xA02A6E6B,path,blocks\VZ\resident_P000_Q3.block
0xA02B93F0,animation,blocks\VZ\vehiclenameanimgroup_md500_P000_Q3.block
0xA0338AFA,path,blocks\VZ\resident_P000_Q3.block
0xA033C2C4,animation,blocks\VZ\resident_P000_Q3.block
0xA0361A48,path,blocks\VZ\resident_P000_Q3.block
0xA0379369,animation,blocks\VZ\vehiclenameanimgroup_laviii_P000_Q3.block
0xA038FF11,animation,blocks\VZ\vehiclenameanimgroup_ka29b_P000_Q3.block
0xA039E986,terrainmesh,blocks\VZ\c30788_P000_Q3.block
0xA03AA258,path,blocks\VZ\resident_P000_Q3.block
0xA03F0FA7,lineregion,blocks\VZ\resident_P000_Q3.block
0xA03F37F0,path,blocks\VZ\resident_P000_Q3.block
0xA03FD5F3,path,blocks\VZ\resident_P000_Q3.block
0xA040D874,path,blocks\VZ\resident_P000_Q3.block
0xA05312C4,lowresterrain,blocks\VZ\low_res_terrain_P000_Q3.block
0xA0562FBB,scrub,blocks\VZ\c30826_P000_Q3.block
0xA0563BF4,path,blocks\VZ\resident_P000_Q3.block
0xA05AB922,path,blocks\VZ\resident_P000_Q3.block
0xA063F97B,path,blocks\VZ\resident_P000_Q3.block
0xA06876A9,path,blocks\VZ\resident_P000_Q3.block
0xA0696503,path,blocks\VZ\resident_P000_Q3.block
0xA06DCE02,lowresterrain,blocks\VZ\low_res_terrain_P000_Q3.block
0xA0734B74,animation,blocks\VZ\vehicleclassanimgroup_autolargeb_P000_Q3.block
0xA076FDA7,path,blocks\VZ\resident_P000_Q3.block
0xA0787448,animation,blocks\VZ\vehiclenameanimgroup_ztz63a_P000_Q3.block
0xA0790FE3,animation,blocks\VZ\vehicleclassanimgroup_hmmwv_P000_Q3.block
0xA07FD6E3,path,blocks\VZ\resident_P000_Q3.block
0xA084C90E,path,blocks\VZ\resident_P000_Q3.block
0xA0860C2F,path,blocks\VZ\resident_P000_Q3.block
0xA0874053,path,blocks\VZ\resident_P000_Q3.block
0xA09706E3,path,blocks\VZ\resident_P000_Q3.block
0xA097C3E9,animation,blocks\VZ\resident_P000_Q3.block
0xA09B8C40,path,blocks\VZ\resident_P000_Q3.block
0xA0A75B50,path,blocks\VZ\resident_P000_Q3.block
0xA0B37B75,path,blocks\VZ\resident_P000_Q3.block
0xA0B92631,animation,blocks\VZ\vehiclenameanimgroup_ks750_P000_Q3.block
0xA0C116CF,animation,blocks\VZ\vehiclenameanimgroup_amx30_P000_Q3.block
0xA0C8E0DF,path,blocks\VZ\resident_P000_Q3.block
0xA0D1F7C0,path,blocks\VZ\resident_P000_Q3.block
0xA0E02894,lowresterrain,blocks\VZ\low_res_terrain_P000_Q3.block
0xA0E1AC50,animation,blocks\VZ\vehiclenameanimgroup_ztz98_P000_Q3.block
0xA0EA7C11,scrub,blocks\VZ\c31061_P000_Q3.block
0xA0EAF095,model;path,blocks\VZ\global_freewayelevated_P000_Q3.block;blocks\VZ\resident_P000_Q3.block
0xA0EBB2AD,path,blocks\VZ\resident_P000_Q3.block
0xA0EC5F08,animation,blocks\VZ\resident_P000_Q3.block
0xA0ED6AF7,lowresterrain,blocks\VZ\low_res_terrain_P000_Q3.block
0xA0ED82B5,model,blocks\VZ\c30545_P000_Q3.block
0xA0FA3E36,texture,blocks\Shell\scaleform_shell_P000_Q3.block
0xA10211B3,texture,blocks\Shell\scaleform_shell_P000_Q3.block
0xA1054F49,terrainmesh,blocks\VZ\c31409_P000_Q3.block
0xA10839B5,terrainmesh,blocks\VZ\c31509_P000_Q3.block
0xA1104CC3,path,blocks\VZ\resident_P000_Q3.block
0xA119B090,lowresterrain,blocks\VZ\low_res_terrain_P000_Q3.block
0xA121ADC9,animation,blocks\VZ\characternameanimgroup_mattias_P000_Q3.block
0xA125A288,path,blocks\VZ\resident_P000_Q3.block
0xA13513AE,scrub,blocks\VZ\c31250_P000_Q3.block
0xA13FB564,animation,blocks\VZ\vehicleclassanimgroup_truckmid_P000_Q3.block
0xA143D0EE,model,blocks\VZ\c31206_P000_Q3.block
0xA1497ED8,path,blocks\VZ\resident_P000_Q3.block
0xA150FC8D,path,blocks\VZ\resident_P000_Q3.block
0xA152F4E6,path,blocks\VZ\resident_P000_Q3.block
0xA155EC47,animation,blocks\VZ\resident_P000_Q3.block
0xA15B5FE8,texture,blocks\Shell\scaleform_shell_P000_Q3.block
0xA16D50A1,terrainmesh,blocks\VZ\c31402_P000_Q3.block
0xA16DD67B,lineregion,blocks\VZ\resident_P000_Q3.block
0xA1720C21,path,blocks\VZ\resident_P000_Q3.block
0xA173CA52,animation,blocks\VZ\characternameanimgroup_chris_P000_Q3.block
0xA17CD30C,animation,blocks\VZ\vehiclenameanimgroup_mi35solano_P000_Q3.block
0xA187076A,path,blocks\VZ\resident_P000_Q3.block
0xA18F2E35,animation,blocks\VZ\vehiclenameanimgroup_scorpiondpv_P000_Q3.block
0xA192E686,model,blocks\VZ\effects_P000_Q3.block
0xA194A8C2,scrub,blocks\VZ\c31349_P000_Q3.block
0xA194D0D1,animation,blocks\VZ\resident_P000_Q3.block
0xA198E0B1,path,blocks\VZ\resident_P000_Q3.block
0xA1A36AC6,path,blocks\VZ\resident_P000_Q3.block
0xA1A63C94,animation,blocks\VZ\vehiclenameanimgroup_stingray_P000_Q3.block
0xA1AAC3CE,path,blocks\VZ\resident_P000_Q3.block
0xA1AAD394,animation,blocks\VZ\vehiclenameanimgroup_mi35_P000_Q3.block
0xA1AD50DD,path,blocks\VZ\resident_P000_Q3.block
0xA1C15C47,path,blocks\VZ\resident_P000_Q3.block
0xA1C684EA,animation,blocks\VZ\vehicleclassanimgroup_coinbinoculars_P000_Q3.block
0xA1C789D8,path,blocks\VZ\resident_P000_Q3.block
0xA1C8744A,path,blocks\VZ\resident_P000_Q3.block
0xA1CB2576,path,blocks\VZ\resident_P000_Q3.block
0xA1CF419A,path,blocks\VZ\resident_P000_Q3.block
0xA1D0CC65,effect,blocks\VZ\effects_P000_Q3.block
0xA1D105DF,path,blocks\VZ\resident_P000_Q3.block
0xA1D14BAD,animation,blocks\VZ\vehiclenameanimgroup_md500_P000_Q3.block
0xA1D3FB4B,texture,blocks\Shell\scaleform_shell_P000_Q3.block
0xA1D87879,texture,blocks\Shell\scaleform_shell_P000_Q3.block
0xA1DAE66C,scrub,blocks\VZ\c30547_P000_Q3.block
0xA1DCEF52,animation,blocks\VZ\characternameanimgroup_algolfer_P000_Q3.block
0xA1E8E852,lineregion,blocks\VZ\resident_P000_Q3.block
0xA1FEF731,animation,blocks\VZ\characternameanimgroup_jennifer_P000_Q3.block
0xA2056417,path,blocks\VZ\resident_P000_Q3.block
0xA2077E52,animation,blocks\VZ\resident_P000_Q3.block
0xA20A41F3,animation,blocks\VZ\vehiclenameanimgroup_ztz98_P000_Q3.block
0xA20C62DF,scrub,blocks\VZ\c30072_P000_Q3.block
0xA212C88E,texture,blocks\Shell\scaleform_shell_P000_Q3.block
0xA2153FCB,path,blocks\VZ\resident_P000_Q3.block
0xA21D68BE,path,blocks\VZ\resident_P000_Q3.block
0xA228F8D1,animation,blocks\VZ\characternameanimgroup_civilian_P000_Q3.block
0xA22936A0,path,blocks\VZ\resident_P000_Q3.block
0xA238F079,path,blocks\VZ\resident_P000_Q3.block
0xA23CBF3A,animation,blocks\VZ\resident_P000_Q3.block
0xA241BC0C,terrainmesh,blocks\VZ\c31411_P000_Q3.block
0xA2477171,path,blocks\VZ\resident_P000_Q3.block
0xA248902A,terrainmesh,blocks\VZ\c31490_P000_Q3.block
0xA24D1EE0,path,blocks\VZ\resident_P000_Q3.block
0xA2550FE1,animation,blocks\VZ\vehicleclassanimgroup_motorcycle_P000_Q3.block
0xA2581130,animation,blocks\VZ\characternameanimgroup_mattias_P000_Q3.block
0xA25F1629,animation,blocks\VZ\vehicleclassanimgroup_truckmid_P000_Q3.block
0xA2626178,path,blocks\VZ\resident_P000_Q3.block
0xA266DEA6,path,blocks\VZ\resident_P000_Q3.block
0xA267E7B5,scrub,blocks\VZ\c30796_P000_Q3.block
0xA26C4C4B,animation,blocks\VZ\characternameanimgroup_chris_P000_Q3.block
0xA275CBF0,terrainmesh,blocks\VZ\c31410_P000_Q3.block
0xA27C773C,lineregion,blocks\VZ\resident_P000_Q3.block
0xA2802857,path,blocks\VZ\resident_P000_Q3.block
0xA2885663,path,blocks\VZ\resident_P000_Q3.block
0xA28DD80B,animation,blocks\VZ\vehiclenameanimgroup_patrol_P000_Q3.block
0xA299CC5B,path,blocks\VZ\resident_P000_Q3.block
0xA29D88C6,animation,blocks\VZ\characternameanimgroup_soldier_P000_Q3.block
0xA2A77128,scrub,blocks\VZ\c31225_P000_Q3.block
0xA2AFACC0,path,blocks\VZ\resident_P000_Q3.block
0xA2B423B4,terrainmesh,blocks\VZ\c31393_P000_Q3.block
0xA2BC2F54,texture,blocks\Shell\scaleform_shell_P000_Q3.block
0xA2C70CBC,animation,blocks\VZ\vehiclenameanimgroup_alouette3_P000_Q3.block
0xA2C8299D,path,blocks\VZ\resident_P000_Q3.block
0xA2CE8563,model,blocks\VZ\c30945_P000_Q3.block
0xA2D8E970,animation,blocks\VZ\vehiclenameanimgroup_md500_P000_Q3.block
0xA2F53407,animation,blocks\VZ\vehiclenameanimgroup_ztz63a_P000_Q3.block
0xA2F819C4,animation,blocks\VZ\vehiclenameanimgroup_mh53j_P000_Q3.block
0xA2FC9761,animation,blocks\VZ\vehiclenameanimgroup_armored bank truck_P000_Q3.block
0xA30A4AE2,path,blocks\VZ\resident_P000_Q3.block
0xA30AF20A,path,blocks\VZ\resident_P000_Q3.block
0xA31635EF,path,blocks\VZ\resident_P000_Q3.block
0xA31B7A52,terrainmesh,blocks\VZ\c30823_P000_Q3.block
0xA31B821D,path,blocks\VZ\resident_P000_Q3.block
0xA3215D8F,path,blocks\VZ\resident_P000_Q3.block
0xA324DC8C,animation,blocks\VZ\vehiclenameanimgroup_wz10_P000_Q3.block
0xA324F7CC,path,blocks\VZ\resident_P000_Q3.block
0xA32F9225,path,blocks\VZ\resident_P000_Q3.block
0xA32FB830,animation,blocks\VZ\vehiclenameanimgroup_scorpion90_P000_Q3.block
0xA3302442,animation,blocks\VZ\resident_P000_Q3.block
0xA331890C,animation,blocks\VZ\vehiclenameanimgroup_ah1z_P000_Q3.block
0xA3335C41,animation,blocks\VZ\vehiclenameanimgroup_scooter_P000_Q3.block
0xA33723EE,animation,blocks\VZ\vehiclenameanimgroup_dinghy_P000_Q3.block
0xA3479189,path,blocks\VZ\resident_P000_Q3.block
0xA34DCC37,animation,blocks\VZ\vehiclenameanimgroup_md500_P000_Q3.block
0xA34E971B,texture,blocks\Shell\scaleform_shell_P000_Q3.block
0xA34EAEA8,animation,blocks\VZ\vehiclenameanimgroup_plz45_P000_Q3.block
0xA34F6BA0,path,blocks\VZ\resident_P000_Q3.block
0xA3533E7D,path,blocks\VZ\resident_P000_Q3.block
0xA3581ADB,scrub,blocks\VZ\c31192_P000_Q3.block
0xA35AD0AA,path,blocks\VZ\resident_P000_Q3.block
0xA35E72FB,texture,blocks\Shell\scaleform_shell_P000_Q3.block
0xA360A6B4,animation,blocks\VZ\resident_P000_Q3.block
0xA362234D,scrub,blocks\VZ\c30762_P000_Q3.block
0xA362F029,texture,blocks\Shell\scaleform_shell_P000_Q3.block
0xA3687B32,animation,blocks\VZ\characternameanimgroup_soldier_P000_Q3.block
0xA36E276E,animation,blocks\VZ\resident_P000_Q3.block
0xA372482C,animation,blocks\VZ\vehiclenameanimgroup_m551_P000_Q3.block
0xA376ECB6,path,blocks\VZ\resident_P000_Q3.block
0xA380C0F3,scrub,blocks\VZ\c30020_P000_Q3.block
0xA3830C75,lineregion,blocks\VZ\resident_P000_Q3.block
0xA3875B42,animation,blocks\VZ\vehiclenameanimgroup_m151_P000_Q3.block
0xA3892345,path,blocks\VZ\resident_P000_Q3.block
0xA389AAEB,lineregion,blocks\VZ\resident_P000_Q3.block
0xA38D6596,path,blocks\VZ\resident_P000_Q3.block
0xA38FF63A,path,blocks\VZ\resident_P000_Q3.block
0xA391014A,model,blocks\VZ\resident2_P000_Q3.block
0xA3A5F560,animation,blocks\VZ\characternameanimgroup_soldier_P000_Q3.block
0xA3A77F55,path,blocks\VZ\resident_P000_Q3.block
0xA3ABB184,terrainmesh,blocks\VZ\c30297_P000_Q3.block
0xA3B1CE43,animation,blocks\VZ\vehicleclassanimgroup_monstertruck_P000_Q3.block
0xA3BDAB31,path,blocks\VZ\resident_P000_Q3.block
0xA3BFC1E6,model,blocks\VZ\c30556_P000_Q3.block
0xA3D2C017,animation,blocks\VZ\vehiclenameanimgroup_amx30_P000_Q3.block
0xA3D63361,path,blocks\VZ\resident_P000_Q3.block
0xA3E2595B,animation,blocks\VZ\vehicleclassanimgroup_automedium_P000_Q3.block
0xA3E3ECDD,animation,blocks\VZ\vehiclenameanimgroup_mi26_P000_Q3.block
0xA3E858B3,animation,blocks\VZ\vehiclenameanimgroup_md500_P000_Q3.block
0xA3EA54CA,effect,blocks\VZ\effects_P000_Q3.block
0xA3EF39A4,animation,blocks\VZ\characternameanimgroup_mattias_P000_Q3.block
0xA3EFCC4E,lineregion,blocks\VZ\resident_P000_Q3.block
0xA40352D6,animation,blocks\VZ\resident_P000_Q3.block
0xA40383DE,lineregion,blocks\VZ\resident_P000_Q3.block
0xA40392DE,path,blocks\VZ\resident_P000_Q3.block
0xA407552D,terrainmesh,blocks\VZ\c31388_P000_Q3.block
0xA408078E,path,blocks\VZ\resident_P000_Q3.block
0xA40ABD7C,scrub,blocks\VZ\c31466_P000_Q3.block
0xA40BB5D8,model,blocks\VZ\effects_P000_Q3.block
0xA41612F5,texture,blocks\Shell\scaleform_shell_P000_Q3.block
0xA41B317C,animation,blocks\VZ\vehiclenameanimgroup_vanquish_P000_Q3.block
0xA425D2EE,animation,blocks\VZ\vehiclenameanimgroup_cutter_P000_Q3.block
0xA42BF7E4,scrub,blocks\VZ\c30328_P000_Q3.block
0xA42D5EA6,path,blocks\VZ\resident_P000_Q3.block
0xA4355B85,lowresterrain,blocks\VZ\low_res_terrain_P000_Q3.block
0xA4394F9E,lineregion,blocks\VZ\resident_P000_Q3.block
0xA43E4918,path,blocks\VZ\resident_P000_Q3.block
0xA4405613,path,blocks\VZ\resident_P000_Q3.block
0xA4417ABE,path,blocks\VZ\resident_P000_Q3.block
0xA452A34A,animation,blocks\VZ\vehiclenameanimgroup_ztz63a_P000_Q3.block
0xA452E9BA,animation,blocks\VZ\resident_P000_Q3.block
0xA45782D2,path,blocks\VZ\resident_P000_Q3.block
0xA45B4D38,path,blocks\VZ\resident_P000_Q3.block
0xA46AD426,animation,blocks\VZ\vehiclenameanimgroup_laviii_P000_Q3.block
0xA47544E5,animation,blocks\VZ\resident_P000_Q3.block
0xA47E3E42,path,blocks\VZ\resident_P000_Q3.block
0xA4831843,animation,blocks\VZ\vehiclenameanimgroup_alouette3_P000_Q3.block
0xA48E983E,animation,blocks\VZ\characternameanimgroup_soldier_P000_Q3.block
0xA4A1B84C,animation,blocks\VZ\vehiclenameanimgroup_huey_P000_Q3.block
0xA4A619E5,animation,blocks\VZ\vehiclenameanimgroup_mattiaschopper_P000_Q3.block
0xA4AEADA0,path,blocks\VZ\resident_P000_Q3.block
0xA4AF0D1C,model,blocks\VZ\c30464_P000_Q3.block
0xA4B65E62,path,blocks\VZ\resident_P000_Q3.block
0xA4B9466E,animation,blocks\VZ\vehicleclassanimgroup_telephonebooth_P000_Q3.block
0xA4BAE14C,animation,blocks\VZ\vehiclenameanimgroup_scorpion90_P000_Q3.block
0xA4BE9D25,terrainmesh,blocks\VZ\c31518_P000_Q3.block
0xA4C24D53,texture,blocks\Shell\scaleform_shell_P000_Q3.block
0xA4CBDB74,animation,blocks\VZ\resident_P000_Q3.block
0xA4D157B7,effect,blocks\VZ\effects_P000_Q3.block
0xA4D6AD33,path,blocks\VZ\resident_P000_Q3.block
0xA4DC2034,path,blocks\VZ\resident_P000_Q3.block
0xA4ED91D5,lowresterrain,blocks\VZ\low_res_terrain_P000_Q3.block
0xA4EDDDA6,path,blocks\VZ\resident_P000_Q3.block
0xA4EF0681,lineregion,blocks\VZ\resident_P000_Q3.block
0xA4F4B89D,path,blocks\VZ\resident_P000_Q3.block
0xA4FAFB11,path,blocks\VZ\resident_P000_Q3.block
0xA4FFC724,animation,blocks\VZ\vehiclenameanimgroup_huey_P000_Q3.block
0xA502DFFF,path,blocks\VZ\resident_P000_Q3.block
0xA5179541,path,blocks\VZ\resident_P000_Q3.block
0xA51E6AD8,path,blocks\VZ\resident_P000_Q3.block
0xA528D923,path,blocks\VZ\resident_P000_Q3.block
0xA551173E,path,blocks\VZ\resident_P000_Q3.block
0xA553AACC,animation,blocks\VZ\vehiclenameanimgroup_zu23aa_P000_Q3.block
0xA55C4DCA,animation,blocks\VZ\characternameanimgroup_ochqexecphone_P000_Q3.block
0xA565A6BB,path,blocks\VZ\resident_P000_Q3.block
0xA57249AD,path,blocks\VZ\resident_P000_Q3.block
0xA573133A,animation,blocks\VZ\resident_P000_Q3.block
0xA5843E73,path,blocks\VZ\resident_P000_Q3.block
0xA588871D,path,blocks\VZ\resident_P000_Q3.block
0xA5A16145,animation,blocks\VZ\vehiclenameanimgroup_patrol_P000_Q3.block
0xA5A1B69F,scrub,blocks\VZ\c30163_P000_Q3.block
0xA5A27A50,path,blocks\VZ\resident_P000_Q3.block
0xA5A5C024,soundbank;sounddb;wavebank,blocks\English\vo_job_gur_diaz.english_P000_Q3.block
0xA5AF2C9C,path,blocks\VZ\resident_P000_Q3.block
0xA5B90BF1,path,blocks\VZ\resident_P000_Q3.block
0xA5C4A12E,scrub,blocks\VZ\c30073_P000_Q3.block
0xA5CFB95A,path,blocks\VZ\resident_P000_Q3.block
0xA5D8FC88,lineregion,blocks\VZ\resident_P000_Q3.block
0xA5DC8893,animation,blocks\VZ\vehiclenameanimgroup_mattiaschopper_P000_Q3.block
0xA5E83CFC,lineregion,blocks\VZ\resident_P000_Q3.block
0xA5EF8034,path,blocks\VZ\resident_P000_Q3.block
0xA5F3FD62,path,blocks\VZ\resident_P000_Q3.block
0xA5F63A13,path,blocks\VZ\resident_P000_Q3.block
0xA5F876BD,path,blocks\VZ\resident_P000_Q3.block
0xA5FCEE42,animation,blocks\VZ\vehicleclassanimgroup_autolargeb_P000_Q3.block
0xA601B300,path,blocks\VZ\resident_P000_Q3.block
0xA607579E,animation,blocks\VZ\vehiclenameanimgroup_m1a2_P000_Q3.block
0xA607D75D,path,blocks\VZ\resident_P000_Q3.block
0xA60C2DC0,animation,blocks\VZ\vehicleclassanimgroup_autolargeb_P000_Q3.block
0xA60EF32A,animation,blocks\VZ\resident_P000_Q3.block
0xA61C2D3C,terrainmesh,blocks\VZ\c30234_P000_Q3.block
0xA61F0DCD,path,blocks\VZ\resident_P000_Q3.block
0xA61FAAAB,path,blocks\VZ\resident_P000_Q3.block
0xA6205B64,path,blocks\VZ\resident_P000_Q3.block
0xA6222770,lowresterrain,blocks\VZ\low_res_terrain_P000_Q3.block
0xA6274BC2,scrub,blocks\VZ\c30207_P000_Q3.block
0xA62A302C,path,blocks\VZ\resident_P000_Q3.block
0xA62AB5AF,path,blocks\VZ\resident_P000_Q3.block
0xA63B3D91,lineregion,blocks\VZ\resident_P000_Q3.block
0xA640606C,path,blocks\VZ\resident_P000_Q3.block
0xA648E249,path,blocks\VZ\resident_P000_Q3.block
0xA64D5C4A,path,blocks\VZ\resident_P000_Q3.block
0xA6590940,path,blocks\VZ\resident_P000_Q3.block
0xA6591585,model,blocks\VZ\c30665_P000_Q3.block
0xA668ACE2,scrub,blocks\VZ\c31193_P000_Q3.block
0xA669239F,animation,blocks\VZ\resident_P000_Q3.block
0xA670352B,texture,blocks\Shell\italian_P000_Q3.block
0xA67468EF,lowresterrain,blocks\VZ\low_res_terrain_P000_Q3.block
0xA681C595,model,blocks\VZ\resident2_P000_Q3.block
0xA6824265,animation,blocks\VZ\characternameanimgroup_chris_P000_Q3.block
0xA686A9E9,animation,blocks\VZ\vehicleclassanimgroup_autolargec_P000_Q3.block
0xA6872875,effect,blocks\VZ\effects_P000_Q3.block
0xA68E92B6,terrainmesh,blocks\VZ\c30082_P000_Q3.block
0xA69151EF,path,blocks\VZ\resident_P000_Q3.block
0xA697368D,path,blocks\VZ\resident_P000_Q3.block
0xA69C11D5,path,blocks\VZ\resident_P000_Q3.block
0xA69E7E4C,model,blocks\VZ\c32505_P000_Q3.block
0xA6A39A04,path,blocks\VZ\resident_P000_Q3.block
0xA6A7ED44,animation,blocks\VZ\characternameanimgroup_soldier_P000_Q3.block
0xA6A8C6E6,path,blocks\VZ\resident_P000_Q3.block
0xA6AD0346,model,blocks\VZ\resident2_P000_Q3.block
0xA6AEBD00,path,blocks\VZ\resident_P000_Q3.block
0xA6B7BB36,texture,blocks\Shell\scaleform_shell_P000_Q3.block
0xA6BB2339,animation,blocks\VZ\resident_P000_Q3.block
0xA6C2EE07,lowresterrain,blocks\VZ\low_res_terrain_P000_Q3.block
0xA6D78C41,path,blocks\VZ\resident_P000_Q3.block
0xA6D9A81D,path,blocks\VZ\resident_P000_Q3.block
0xA6DC97AB,path,blocks\VZ\resident_P000_Q3.block
0xA6E1C63B,path,blocks\VZ\resident_P000_Q3.block
0xA6E64369,path,blocks\VZ\resident_P000_Q3.block
0xA6E83BC8,scrub,blocks\VZ\c30207_P000_Q3.block
0xA6EF8EFB,animation,blocks\VZ\resident_P000_Q3.block
0xA6F0D204,texture,blocks\Shell\scaleform_shell_P000_Q3.block
0xA6F38ADD,path,blocks\VZ\resident_P000_Q3.block
0xA6F60583,animation,blocks\VZ\resident_P000_Q3.block
0xA6F8002F,path,blocks\VZ\resident_P000_Q3.block
0xA6F8E03C,path,blocks\VZ\resident_P000_Q3.block
0xA6FA564C,path,blocks\VZ\resident_P000_Q3.block
0xA701CD5A,path,blocks\VZ\resident_P000_Q3.block
0xA70B87E7,path,blocks\VZ\resident_P000_Q3.block
0xA70F527B,path,blocks\VZ\resident_P000_Q3.block
0xA710499D,lineregion,blocks\VZ\resident_P000_Q3.block
0xA71071E6,path,blocks\VZ\resident_P000_Q3.block
0xA713CFA9,path,blocks\VZ\resident_P000_Q3.block
0xA7167126,path,blocks\VZ\resident_P000_Q3.block
0xA71B0A72,model,blocks\VZ\c30435_P000_Q3.block
0xA71E5682,path,blocks\VZ\resident_P000_Q3.block
0xA7233C3A,animation,blocks\VZ\characternameanimgroup_jennifer_P000_Q3.block
0xA7280A01,scrub,blocks\VZ\c30959_P000_Q3.block
0xA7294227,animation,blocks\VZ\vehiclenameanimgroup_wz10_P000_Q3.block
0xA72CFBEF,animation,blocks\VZ\characternameanimgroup_mattias_P000_Q3.block
0xA72D35F6,texture,blocks\Shell\scaleform_shell_P000_Q3.block
0xA7326EB7,animation,blocks\VZ\vehicleclassanimgroup_truckmid_P000_Q3.block
0xA73508ED,path,blocks\VZ\resident_P000_Q3.block
0xA7353E91,animation,blocks\VZ\vehiclenameanimgroup_smallfishing_P000_Q3.block
0xA7354235,model,blocks\VZ\c32497_P000_Q3.block
0xA735B437,path,blocks\VZ\resident_P000_Q3.block
0xA7374458,animation,blocks\VZ\vehicleclassanimgroup_wall_P000_Q3.block
0xA73D1396,animation,blocks\VZ\vehiclenameanimgroup_ztz98_P000_Q3.block
0xA7410A62,scrub,blocks\VZ\c31061_P000_Q3.block
0xA74538B0,path,blocks\VZ\resident_P000_Q3.block
0xA748C691,animation,blocks\VZ\vehicleclassanimgroup_hmmwv_P000_Q3.block
0xA748F955,path,blocks\VZ\resident_P000_Q3.block
0xA75B3C3F,path,blocks\VZ\resident_P000_Q3.block
0xA76578FB,animation,blocks\VZ\resident_P000_Q3.block
0xA767AAB6,path,blocks\VZ\resident_P000_Q3.block
0xA76869D5,scrub,blocks\VZ\c30547_P000_Q3.block
0xA781CECB,path,blocks\VZ\resident_P000_Q3.block
0xA7864BF9,path,blocks\VZ\resident_P000_Q3.block
0xA788BFC7,animation,blocks\VZ\vehicleclassanimgroup_autosmall_P000_Q3.block
0xA78E2640,effect,blocks\VZ\effects_P000_Q3.block
0xA7904284,path,blocks\VZ\resident_P000_Q3.block
0xA795E8F0,path,blocks\VZ\resident_P000_Q3.block
0xA7976900,path,blocks\VZ\resident_P000_Q3.block
0xA79EE18C,model;path,blocks\VZ\c30818_P000_Q3.block;blocks\VZ\resident_P000_Q3.block
0xA7A21A9D,path,blocks\VZ\resident_P000_Q3.block
0xA7A6799D,model;path,blocks\VZ\c30815_P000_Q3.block;blocks\VZ\resident_P000_Q3.block
0xA7AC0747,path,blocks\VZ\resident_P000_Q3.block
0xA7B137C6,terrainmesh,blocks\VZ\c31236_P000_Q3.block
0xA7CFC4A3,scrub,blocks\VZ\c30988_P000_Q3.block
0xA7D0C087,path,blocks\VZ\resident_P000_Q3.block
0xA7D304AF,effect,blocks\VZ\effects_P000_Q3.block
0xA7D53DB5,path,blocks\VZ\resident_P000_Q3.block
0xA7D56DAF,model,blocks\VZ\c30737_P000_Q3.block
0xA7D8E756,path,blocks\VZ\resident_P000_Q3.block
0xA7D90976,animation,blocks\VZ\vehiclenameanimgroup_scorpion90_P000_Q3.block
0xA7DACF31,animation,blocks\VZ\vehiclenameanimgroup_huey_P000_Q3.block
0xA7DB1C52,path,blocks\VZ\resident_P000_Q3.block
0xA7DB61ED,path,blocks\VZ\resident_P000_Q3.block
0xA7DC2594,path,blocks\VZ\resident_P000_Q3.block
0xA7E2E519,lineregion,blocks\VZ\resident_P000_Q3.block
0xA7E8876E,model,blocks\VZ\commercial_crater_P000_Q3.block
0xA7EAEA6D,animation,blocks\VZ\vehicleclassanimgroup_truckmid_P000_Q3.block
0xA7EB0AD5,path,blocks\VZ\resident_P000_Q3.block
0xA7EB0E20,model,blocks\VZ\c33297_P000_Q3.block
0xA7F046D6,animation,blocks\VZ\vehiclenameanimgroup_ka29b_P000_Q3.block
0xA7F19A32,terrainmesh,blocks\VZ\c31500_P000_Q3.block
0xA7F78FDC,scrub,blocks\VZ\c31102_P000_Q3.block
0xA7FDAB74,lowresterrain,blocks\VZ\low_res_terrain_P000_Q3.block
0xA802D00A,animation,blocks\VZ\vehicleclassanimgroup_monstertruck_P000_Q3.block
0xA80A4C22,texture,blocks\Shell\scaleform_shell_P000_Q3.block
0xA80FF78B,path,blocks\VZ\resident_P000_Q3.block
0xA81313A4,animation,blocks\VZ\resident_P000_Q3.block
0xA8153F3C,path,blocks\VZ\resident_P000_Q3.block
0xA817A06A,path,blocks\VZ\resident_P000_Q3.block
0xA819A2BB,path,blocks\VZ\resident_P000_Q3.block
0xA81A3CF3,animation,blocks\VZ\characternameanimgroup_soldier_P000_Q3.block
0xA81A6EF2,path,blocks\VZ\resident_P000_Q3.block
0xA81C217F,path,blocks\VZ\resident_P000_Q3.block
0xA8230528,effect,blocks\VZ\effects_P000_Q3.block
0xA82816E4,model,blocks\VZ\c30057_P000_Q3.block
0xA828E11A,terrainmesh,blocks\VZ\c30772_P000_Q3.block
0xA83002D0,animation,blocks\VZ\vehiclenameanimgroup_plz45_P000_Q3.block
0xA83AC75A,path,blocks\VZ\resident_P000_Q3.block
0xA8406556,animation,blocks\VZ\vehiclenameanimgroup_ridgeline_P000_Q3.block
0xA8428A4B,animation,blocks\VZ\vehicleclassanimgroup_autosmall_P000_Q3.block
0xA84BDBFF,lowresterrain,blocks\VZ\low_res_terrain_P000_Q3.block
0xA8515167,animation,blocks\VZ\vehiclenameanimgroup_stingray_P000_Q3.block
0xA8517B3B,animation,blocks\VZ\resident_P000_Q3.block
0xA852A58F,animation,blocks\VZ\vehicleclassanimgroup_telephonebooth_P000_Q3.block
0xA859D283,scrub,blocks\VZ\c30170_P000_Q3.block
0xA85C8089,animation,blocks\VZ\resident_P000_Q3.block
0xA85E1EDD,path,blocks\VZ\resident_P000_Q3.block
0xA864F46D,path,blocks\VZ\resident_P000_Q3.block
0xA86680B8,path,blocks\VZ\resident_P000_Q3.block
0xA86706D9,path,blocks\VZ\resident_P000_Q3.block
0xA86B5ECA,model,blocks\VZ\c32836_P000_Q3.block
0xA8750651,scrub,blocks\VZ\c31280_P000_Q3.block
0xA8752908,path,blocks\VZ\resident_P000_Q3.block
0xA877081E,lineregion,blocks\VZ\resident_P000_Q3.block
0xA87D3D77,animation,blocks\VZ\vehiclenameanimgroup_m151_P000_Q3.block
0xA87FA2EF,lowresterrain,blocks\VZ\low_res_terrain_P000_Q3.block
0xA87FCDD8,animation,blocks\VZ\resident_P000_Q3.block
0xA880CF9F,texture,blocks\Shell\scaleform_shell_P000_Q3.block
0xA8867BEF,path,blocks\VZ\resident_P000_Q3.block
0xA88C97D4,terrainmesh,blocks\VZ\c30428_P000_Q3.block
0xA8971BAA,path,blocks\VZ\resident_P000_Q3.block
0xA89BB10D,path,blocks\VZ\resident_P000_Q3.block
0xA8A1A3E6,animation,blocks\VZ\vehiclenameanimgroup_zbd2000_P000_Q3.block
0xA8A6753B,texture,blocks\Shell\scaleform_shell_P000_Q3.block
0xA8A8318B,animation,blocks\VZ\vehiclenameanimgroup_ka29b_P000_Q3.block
0xA8AB6428,animation,blocks\VZ\vehiclenameanimgroup_mi35_P000_Q3.block
0xA8B128C1,model,blocks\VZ\c31914_P000_Q3.block
0xA8B2C0B1,animation,blocks\VZ\resident_P000_Q3.block
0xA8C1C31F,animation,blocks\VZ\vehiclenameanimgroup_turbosquid_P000_Q3.block
0xA8C36866,model,blocks\VZ\c30587_P000_Q3.block
0xA8C3EACE,path,blocks\VZ\resident_P000_Q3.block
0xA8C7E0CD,animation,blocks\VZ\resident_P000_Q3.block
0xA8D55C4F,animation,blocks\VZ\vehiclenameanimgroup_cigarette_P000_Q3.block
0xA8DCB4FB,animation,blocks\VZ\resident_P000_Q3.block
0xA8EAAF50,animation,blocks\VZ\vehiclenameanimgroup_ztz98_P000_Q3.block
0xA8EE9ED7,animation,blocks\VZ\vehiclenameanimgroup_dragster_P000_Q3.block
0xA8EFEEDA,path,blocks\VZ\resident_P000_Q3.block
0xA8F16F29,animation,blocks\VZ\vehiclenameanimgroup_guerilla_P000_Q3.block
0xA8F2D81C,animation,blocks\VZ\vehiclenameanimgroup_avenger_P000_Q3.block
0xA8FC4501,lineregion,blocks\VZ\resident_P000_Q3.block
0xA8FEC7FC,texture,blocks\Shell\scaleform_shell_P000_Q3.block
0xA8FF2BEB,path,blocks\VZ\resident_P000_Q3.block
0xA903CC47,animation,blocks\VZ\vehiclenameanimgroup_plz45_P000_Q3.block
0xA9052B2B,path,blocks\VZ\resident_P000_Q3.block
0xA910BDB2,animation,blocks\VZ\vehicleclassanimgroup_automedium_P000_Q3.block
0xA911097C,lineregion,blocks\VZ\resident_P000_Q3.block
0xA912993A,animation,blocks\VZ\resident_P000_Q3.block
0xA912EDD6,chatter,blocks\VZ\resident_P000_Q3.block
0xA91BEFFB,texture,blocks\Shell\scaleform_shell_P000_Q3.block
0xA9203098,model,blocks\VZ\effects_P000_Q3.block
0xA9206D29,texture,blocks\Shell\scaleform_shell_P000_Q3.block
0xA92999BB,path,blocks\VZ\resident_P000_Q3.block
0xA9366D47,path,blocks\VZ\resident_P000_Q3.block
0xA93AEA75,path,blocks\VZ\resident_P000_Q3.block
0xA93B53CE,animation,blocks\VZ\vehiclenameanimgroup_md500_P000_Q3.block
0xA9401062,animationtable,blocks\VZ\resident_P000_Q3.block
0xA94348CF,scrub,blocks\VZ\c30444_P000_Q3.block
0xA9473EA3,path,blocks\VZ\resident_P000_Q3.block
0xA948DDA6,model;path,blocks\VZ\global_freewayelevated_P000_Q3.block;blocks\VZ\resident_P000_Q3.block
0xA949B6A8,path,blocks\VZ\resident_P000_Q3.block
0xA94C432A,path,blocks\VZ\resident_P000_Q3.block
0xA955A7FA,path,blocks\VZ\resident_P000_Q3.block
0xA96138FB,path,blocks\VZ\resident_P000_Q3.block
0xA965B629,path,blocks\VZ\resident_P000_Q3.block
0xA97695E7,path,blocks\VZ\resident_P000_Q3.block
0xA97D8A58,animation,blocks\VZ\vehiclenameanimgroup_dinghy_P000_Q3.block
0xA98EE7AE,lineregion,blocks\VZ\resident_P000_Q3.block
0xA991A807,path,blocks\VZ\resident_P000_Q3.block
0xA991B9BB,texture,blocks\Shell\spanish_P000_Q3.block
0xA9A09EA1,binary,blocks\Shell\ps3saveassets_fr_P000_Q3.block;blocks\VZ\ps3saveassets_fr_P000_Q3.block
0xA9A1468C,lineregion,blocks\VZ\resident_P000_Q3.block
0xA9B179F0,lineregion,blocks\VZ\resident_P000_Q3.block
0xA9BBBE4E,path,blocks\VZ\resident_P000_Q3.block
0xA9DA3BB4,path,blocks\VZ\resident_P000_Q3.block
0xA9DBEC17,animation,blocks\VZ\resident_P000_Q3.block
0xA9DEA1F1,path,blocks\VZ\resident_P000_Q3.block
0xA9E476B8,animation,blocks\VZ\vehiclenameanimgroup_smallfishing_P000_Q3.block
0xA9E5EEBD,animation,blocks\VZ\vehiclenameanimgroup_huey_P000_Q3.block
0xA9E6F953,terrainmesh,blocks\VZ\c30309_P000_Q3.block
0xA9EB94C0,scrub,blocks\VZ\c31250_P000_Q3.block
0xA9F70BD8,path,blocks\VZ\resident_P000_Q3.block
0xAA04CE29,path,blocks\VZ\resident_P000_Q3.block
0xAA0B3964,scrub,blocks\VZ\c31427_P000_Q3.block
0xAA11D8FB,lineregion,blocks\VZ\resident_P000_Q3.block
0xAA14F773,animation,blocks\VZ\resident_P000_Q3.block
0xAA213FD7,path,blocks\VZ\resident_P000_Q3.block
0xAA2329FE,path,blocks\VZ\resident_P000_Q3.block
0xAA243724,path,blocks\VZ\resident_P000_Q3.block
0xAA2CAD78,animation,blocks\VZ\resident_P000_Q3.block
0xAA2D29B7,animation,blocks\VZ\vehiclenameanimgroup_mi26_P000_Q3.block
0xAA2DFE8D,path,blocks\VZ\resident_P000_Q3.block
0xAA3C3E92,animation,blocks\VZ\resident_P000_Q3.block
0xAA418A28,path,blocks\VZ\resident_P000_Q3.block
0xAA44FFCE,path,blocks\VZ\resident_P000_Q3.block
0xAA456D05,terrainmesh,blocks\VZ\c31131_P000_Q3.block
0xAA457D80,lowresterrain,blocks\VZ\low_res_terrain_P000_Q3.block
0xAA4A2570,animation,blocks\VZ\vehiclenameanimgroup_chopper_P000_Q3.block
0xAA4BCFC2,animation,blocks\VZ\resident_P000_Q3.block
0xAA4C6587,animation,blocks\VZ\vehiclenameanimgroup_turbosquid_P000_Q3.block
0xAA4DEC8B,model,blocks\VZ\c32628_P000_Q3.block
0xAA583A53,animation,blocks\VZ\characternameanimgroup_jennifer_P000_Q3.block
0xAA5CA474,path,blocks\VZ\resident_P000_Q3.block
0xAA5ECDAA,animation,blocks\VZ\vehiclenameanimgroup_turbosquid_P000_Q3.block
0xAA6121A2,path,blocks\VZ\resident_P000_Q3.block
0xAA6EA91E,lineregion,blocks\VZ\resident_P000_Q3.block
0xAA81F821,path,blocks\VZ\resident_P000_Q3.block
0xAA849A76,animation,blocks\VZ\characternameanimgroup_jennifer_P000_Q3.block
0xAA86744F,scrub,blocks\VZ\c30136_P000_Q3.block
0xAA88B2C7,animation,blocks\VZ\vehiclenameanimgroup_dinghy_P000_Q3.block
0xAA8A0073,lineregion,blocks\VZ\resident_P000_Q3.block
0xAA8BAAEA,animation,blocks\VZ\vehiclenameanimgroup_mi26_P000_Q3.block
0xAA913B60,lineregion,blocks\VZ\resident_P000_Q3.block
0xAAA1AAA2,animation,blocks\VZ\resident_P000_Q3.block
0xAAA30B5E,lineregion,blocks\VZ\resident_P000_Q3.block
0xAAA3CD32,animation,blocks\VZ\resident_P000_Q3.block
0xAAA49C9B,lineregion,blocks\VZ\resident_P000_Q3.block
0xAAAA3486,path,blocks\VZ\resident_P000_Q3.block
0xAAAB879A,animation,blocks\VZ\characternameanimgroup_mattias_P000_Q3.block
0xAAAC7ED9,animation,blocks\VZ\vehiclenameanimgroup_fishing_P000_Q3.block
0xAAADABB3,path,blocks\VZ\resident_P000_Q3.block
0xAAB4B2B2,animation,blocks\VZ\vehiclenameanimgroup_mi35_P000_Q3.block
0xAAB89E04,animation,blocks\VZ\resident_P000_Q3.block
0xAAC84731,path,blocks\VZ\resident_P000_Q3.block
0xAACB6B68,animation,blocks\VZ\vehiclenameanimgroup_amx30aa_P000_Q3.block
0xAACC12AC,animation,blocks\VZ\vehicleclassanimgroup_truckmid_P000_Q3.block
0xAACCAED8,path,blocks\VZ\resident_P000_Q3.block
0xAAD38591,path,blocks\VZ\resident_P000_Q3.block
0xAAD3AC10,path,blocks\VZ\resident_P000_Q3.block
0xAAD5F361,path,blocks\VZ\resident_P000_Q3.block
0xAAD66B33,scrub,blocks\VZ\c31245_P000_Q3.block
0xAAD6C183,path,blocks\VZ\resident_P000_Q3.block
0xAADDB960,path,blocks\VZ\resident_P000_Q3.block
0xAAE3065B,animation,blocks\VZ\vehiclenameanimgroup_ka29b_P000_Q3.block
0xAAEBFDD8,path,blocks\VZ\resident_P000_Q3.block
0xAAECD15C,lineregion,blocks\VZ\resident_P000_Q3.block
0xAAF10247,scrub,blocks\VZ\c30820_P000_Q3.block
0xAAF1754E,path,blocks\VZ\resident_P000_Q3.block
0xAAF4AF9D,scrub,blocks\VZ\c31282_P000_Q3.block
0xAAF8A7B8,path,blocks\VZ\resident_P000_Q3.block
0xAAFB42EA,path,blocks\VZ\resident_P000_Q3.block
0xAAFF474C,path,blocks\VZ\resident_P000_Q3.block
0xAB07E6C9,path,blocks\VZ\resident_P000_Q3.block
0xAB082F92,animation,blocks\VZ\resident_P000_Q3.block
0xAB0B9715,texture,blocks\Shell\scaleform_shell_P000_Q3.block
0xAB0E2ED5,path,blocks\VZ\resident_P000_Q3.block
0xAB0F7402,scrub,blocks\VZ\c30112_P000_Q3.block
0xAB14B9DF,path,blocks\VZ\resident_P000_Q3.block
0xAB19FA89,path,blocks\VZ\resident_P000_Q3.block
0xAB1C21C1,path,blocks\VZ\resident_P000_Q3.block
0xAB1CFC10,path,blocks\VZ\resident_P000_Q3.block
0xAB1EF071,path,blocks\VZ\resident_P000_Q3.block
0xAB23907A,path,blocks\VZ\resident_P000_Q3.block
0xAB26A91D,lowresterrain,blocks\VZ\low_res_terrain_P000_Q3.block
0xAB2BC0C3,lineregion,blocks\VZ\resident_P000_Q3.block
0xAB302191,animation,blocks\VZ\vehiclenameanimgroup_amx30_P000_Q3.block
0xAB30B396,animation,blocks\VZ\vehicleclassanimgroup_truckmid_P000_Q3.block
0xAB3F454F,texture,blocks\Shell\scaleform_shell_P000_Q3.block
0xAB3FBD0B,lineregion,blocks\VZ\resident_P000_Q3.block
0xAB443A39,lineregion,blocks\VZ\resident_P000_Q3.block
0xAB4726EC,effect,blocks\VZ\effects_P000_Q3.block
0xAB4A1333,path,blocks\VZ\resident_P000_Q3.block
0xAB4A85B8,path,blocks\VZ\resident_P000_Q3.block
0xAB5529CD,model,blocks\VZ\c30946_P000_Q3.block
0xAB5FD097,path,blocks\VZ\resident_P000_Q3.block
0xAB62FFA4,lineregion,blocks\VZ\resident_P000_Q3.block
0xAB644DC5,path,blocks\VZ\resident_P000_Q3.block
0xAB695CD4,animation,blocks\VZ\vehiclenameanimgroup_md500_P000_Q3.block
0xAB6CB8C7,texture,blocks\Shell\scaleform_shell_P000_Q3.block
0xAB74897F,animation,blocks\VZ\vehiclenameanimgroup_huangfeng_P000_Q3.block
0xAB7A6ED4,animation,blocks\VZ\characternameanimgroup_soldier_P000_Q3.block
0xAB7B767C,path,blocks\VZ\resident_P000_Q3.block
0xAB8394F6,path,blocks\VZ\resident_P000_Q3.block
0xAB88357C,scrub,blocks\VZ\c30554_P000_Q3.block
0xAB8D7B81,lowresterrain,blocks\VZ\low_res_terrain_P000_Q3.block
0xAB92B479,path,blocks\VZ\resident_P000_Q3.block
0xAB93B1C5,path,blocks\VZ\resident_P000_Q3.block
0xAB9628A3,animation,blocks\VZ\vehiclenameanimgroup_md500_P000_Q3.block
0xABA0EC88,animation,blocks\VZ\vehiclenameanimgroup_ztz63a_P000_Q3.block
0xABA83C7D,animation,blocks\VZ\vehiclenameanimgroup_turbosquid_P000_Q3.block
0xABBC1CAD,path,blocks\VZ\resident_P000_Q3.block
0xABC234F7,path,blocks\VZ\resident_P000_Q3.block
0xABD6125B,animation,blocks\VZ\vehiclenameanimgroup_highvoltage_P000_Q3.block
0xABDABD27,path,blocks\VZ\resident_P000_Q3.block
0xABE60313,path,blocks\VZ\resident_P000_Q3.block
0xABE9F95D,animation,blocks\VZ\vehiclenameanimgroup_mattiaschopper_P000_Q3.block
0xABEAF428,path,blocks\VZ\resident_P000_Q3.block
0xABF26B60,scrub,blocks\VZ\c31283_P000_Q3.block
0xABF3290B,path,blocks\VZ\resident_P000_Q3.block
0xABF36B09,path,blocks\VZ\resident_P000_Q3.block
0xABF45614,lineregion,blocks\VZ\resident_P000_Q3.block
0xABF77AB2,animation,blocks\VZ\vehiclenameanimgroup_mtv_P000_Q3.block
0xABF7A639,path,blocks\VZ\resident_P000_Q3.block
0xABF8F369,animation,blocks\VZ\vehiclenameanimgroup_dragster_P000_Q3.block
0xABF9C23E,animation,blocks\VZ\vehiclenameanimgroup_ah1z_P000_Q3.block
0xABFBDEF9,path,blocks\VZ\resident_P000_Q3.block
0xABFC92EE,model,blocks\VZ\c30682_P000_Q3.block
0xAC081CA4,path,blocks\VZ\resident_P000_Q3.block
0xAC17EA69,animation,blocks\VZ\resident_P000_Q3.block
0xAC1B6552,animation,blocks\VZ\vehiclenameanimgroup_m35_P000_Q3.block
0xAC1FEB73,path,blocks\VZ\resident_P000_Q3.block
0xAC22FCB3,path,blocks\VZ\resident_P000_Q3.block
0xAC24216D,texture,blocks\Shell\scaleform_shell_P000_Q3.block
0xAC277A5A,path,blocks\VZ\resident_P000_Q3.block
0xAC382FB0,scrub,blocks\VZ\c30901_P000_Q3.block
0xAC3DB312,terrainmesh,blocks\VZ\c31354_P000_Q3.block
0xAC432776,scrub,blocks\VZ\c31259_P000_Q3.block
0xAC44CC93,animation,blocks\VZ\vehiclenameanimgroup_turbosquid_P000_Q3.block
0xAC44CD6E,path,blocks\VZ\resident_P000_Q3.block
0xAC48EB57,model,blocks\VZ\c31459_P000_Q3.block
0xAC490982,path,blocks\VZ\resident_P000_Q3.block
0xAC4937D2,animation,blocks\VZ\vehiclenameanimgroup_escort_P000_Q3.block
0xAC4D2264,path,blocks\VZ\resident_P000_Q3.block
0xAC526E65,path,blocks\VZ\resident_P000_Q3.block
0xAC570F62,animation,blocks\VZ\vehiclenameanimgroup_amx30_P000_Q3.block
0xAC5DB4A0,animation,blocks\VZ\vehicleclassanimgroup_autolargea_P000_Q3.block
0xAC603D5F,animation,blocks\VZ\vehiclenameanimgroup_huey_P000_Q3.block
0xAC607F65,animation,blocks\VZ\resident_P000_Q3.block
0xAC612C3A,lowresterrain,blocks\VZ\low_res_terrain_P000_Q3.block
0xAC625780,path,blocks\VZ\resident_P000_Q3.block
0xAC66468D,path,blocks\VZ\resident_P000_Q3.block
0xAC6999B2,scrub,blocks\VZ\c31139_P000_Q3.block
0xAC733F3B,scrub,blocks\VZ\c31059_P000_Q3.block
0xAC7995AE,path,blocks\VZ\resident_P000_Q3.block
0xAC7FCA73,animation,blocks\VZ\vehiclenameanimgroup_tow_P000_Q3.block
0xAC840110,animation,blocks\VZ\vehicleclassanimgroup_autosmall_P000_Q3.block
0xAC96A38A,path,blocks\VZ\resident_P000_Q3.block
0xAC975C49,animation,blocks\VZ\vehiclenameanimgroup_mattiaschopper_P000_Q3.block
0xAC9C2C61,lineregion,blocks\VZ\resident_P000_Q3.block
0xAC9FD6A3,effect,blocks\VZ\effects_P000_Q3.block
0xAC9FDB60,animation,blocks\VZ\resident_P000_Q3.block
0xACA20F14,path,blocks\VZ\resident_P000_Q3.block
0xACA34FF2,effect,blocks\VZ\effects_P000_Q3.block
0xACBB69BB,path,blocks\VZ\resident_P000_Q3.block
0xACBC9092,animation,blocks\VZ\characternameanimgroup_onlooker_P000_Q3.block
0xACC64CED,terrainmesh,blocks\VZ\c30138_P000_Q3.block
0xACC6E343,path,blocks\VZ\resident_P000_Q3.block
0xACCA0D04,animation,blocks\VZ\vehiclenameanimgroup_alouette3_P000_Q3.block
0xACD03348,path,blocks\VZ\resident_P000_Q3.block
0xACD03805,path,blocks\VZ\resident_P000_Q3.block
0xACD214CE,model,blocks\VZ\c30688_P000_Q3.block
0xACD9AD7E,animation,blocks\VZ\vehiclenameanimgroup_md500_P000_Q3.block
0xACDAB9D6,path,blocks\VZ\resident_P000_Q3.block
0xACDAF8A5,path,blocks\VZ\resident_P000_Q3.block
0xACE0088F,lineregion,blocks\VZ\resident_P000_Q3.block
0xACE77F7E,path,blocks\VZ\resident_P000_Q3.block
0xACEBDEEB,path,blocks\VZ\resident_P000_Q3.block
0xACEE62F0,animation,blocks\VZ\vehiclenameanimgroup_mi35_P000_Q3.block
0xAD03CA1E,animation,blocks\VZ\vehicleclassanimgroup_motorcycle_P000_Q3.block
0xAD050E07,animation,blocks\VZ\vehiclenameanimgroup_wz10_P000_Q3.block
0xAD0D4EFC,lowresterrain,blocks\VZ\low_res_terrain_P000_Q3.block
0xAD103343,path,blocks\VZ\resident_P000_Q3.block
0xAD1CEBD5,animation,blocks\VZ\characternameanimgroup_albatter_P000_Q3.block
0xAD2A81F0,animation,blocks\VZ\resident_P000_Q3.block
0xAD34B6E7,model,blocks\VZ\c30379_P000_Q3.block
0xAD3CF975,path,blocks\VZ\resident_P000_Q3.block
0xAD44FF40,animation,blocks\VZ\vehiclenameanimgroup_md500_P000_Q3.block
0xAD4744C3,path,blocks\VZ\resident_P000_Q3.block
0xAD543B05,model,blocks\VZ\c33297_P000_Q3.block
0xAD59D6A5,effect,blocks\VZ\effects_P000_Q3.block
0xAD61E682,animation,blocks\VZ\resident_P000_Q3.block
0xAD76CC29,path,blocks\VZ\resident_P000_Q3.block
0xAD83DC0B,path,blocks\VZ\resident_P000_Q3.block
0xAD884595,path,blocks\VZ\resident_P000_Q3.block
0xAD890BCF,path,blocks\VZ\resident_P000_Q3.block
0xAD8D27FE,path,blocks\VZ\resident_P000_Q3.block
0xAD9564A3,path,blocks\VZ\resident_P000_Q3.block
0xAD962285,animation,blocks\VZ\resident_P000_Q3.block
0xAD967E08,animation,blocks\VZ\vehicleclassanimgroup_automedium_P000_Q3.block
0xAD97285D,path,blocks\VZ\resident_P000_Q3.block
0xADA03467,path,blocks\VZ\resident_P000_Q3.block
0xADA290C1,animation,blocks\VZ\vehiclenameanimgroup_swamp_P000_Q3.block
0xADA75AF5,effect,blocks\VZ\effects_P000_Q3.block
0xADAB661F,animation,blocks\VZ\vehiclenameanimgroup_ah1z_P000_Q3.block
0xADAD89BC,animation,blocks\VZ\vehicleclassanimgroup_autosmall_P000_Q3.block
0xADAD8F3A,scrub,blocks\VZ\c30070_P000_Q3.block
0xADB898E8,path,blocks\VZ\resident_P000_Q3.block
0xADBC5F41,path,blocks\VZ\resident_P000_Q3.block
0xADBE0716,animation,blocks\VZ\vehiclenameanimgroup_cigarette_P000_Q3.block
0xADCD07C4,path,blocks\VZ\resident_P000_Q3.block
0xADCE244B,model,blocks\VZ\resident2_P000_Q3.block
0xADD11AC5,model,blocks\VZ\c33693_P000_Q3.block
0xADD6E3F3,path,blocks\VZ\resident_P000_Q3.block
0xADDC3EAD,animation,blocks\VZ\resident_P000_Q3.block
0xADE3CED6,model,blocks\VZ\c32074_P000_Q3.block
0xADE739A8,texture,blocks\Shell\scaleform_shell_P000_Q3.block
0xADEC3DCC,path,blocks\VZ\resident_P000_Q3.block
0xADF36548,path,blocks\VZ\resident_P000_Q3.block
0xADF45DD6,path,blocks\VZ\resident_P000_Q3.block
0xADF52F00,lineregion,blocks\VZ\resident_P000_Q3.block
0xADF57BCA,path,blocks\VZ\resident_P000_Q3.block
0xAE04F6B2,terrainmesh,blocks\VZ\c30430_P000_Q3.block
0xAE11C756,animation,blocks\VZ\resident_P000_Q3.block
0xAE12F776,path,blocks\VZ\resident_P000_Q3.block
0xAE187FB7,animation,blocks\VZ\vehiclenameanimgroup_plz45_P000_Q3.block
0xAE196022,animation,blocks\VZ\vehiclenameanimgroup_armrest_P000_Q3.block
0xAE1983F5,animation,blocks\VZ\characternameanimgroup_ocexecbox_P000_Q3.block
0xAE1F224F,animation,blocks\VZ\vehiclenameanimgroup_tow_P000_Q3.block
0xAE2732CE,path,blocks\VZ\resident_P000_Q3.block
0xAE3D47CD,path,blocks\VZ\resident_P000_Q3.block
0xAE43D33D,lineregion,blocks\VZ\resident_P000_Q3.block
0xAE4664A2,animation,blocks\VZ\resident_P000_Q3.block
0xAE4A9D5F,animation,blocks\VZ\vehiclenameanimgroup_mi35solano_P000_Q3.block
0xAE512442,lowresterrain,blocks\VZ\low_res_terrain_P000_Q3.block
0xAE538F5E,animation,blocks\VZ\vehiclenameanimgroup_saltonsea_P000_Q3.block
0xAE5498AA,path,blocks\VZ\resident_P000_Q3.block
0xAE581B3E,path,blocks\VZ\resident_P000_Q3.block
0xAE65C2D6,animation,blocks\VZ\vehiclenameanimgroup_mattiaschopper_P000_Q3.block
0xAE686F69,texture,blocks\Shell\scaleform_shell_P000_Q3.block
0xAE697698,lowresterrain,blocks\VZ\low_res_terrain_P000_Q3.block
0xAE7933D7,animation,blocks\VZ\resident_P000_Q3.block
0xAE7B868A,terrainmesh,blocks\VZ\c30584_P000_Q3.block
0xAE7CD800,path,blocks\VZ\resident_P000_Q3.block
0xAE812BCC,path,blocks\VZ\resident_P000_Q3.block
0xAE818EC4,lineregion,blocks\VZ\resident_P000_Q3.block
0xAE92C65C,scrub,blocks\VZ\c30500_P000_Q3.block
0xAE98F5F6,path,blocks\VZ\resident_P000_Q3.block
0xAE997128,model,blocks\VZ\c30518_P000_Q3.block
0xAE9FF0A3,animation,blocks\VZ\vehicleclassanimgroup_coinbinoculars_P000_Q3.block
0xAEAA53E7,model,blocks\VZ\c32539_P000_Q3.block
0xAEAEDE2D,path,blocks\VZ\resident_P000_Q3.block
0xAEB176EE,path,blocks\VZ\resident_P000_Q3.block
0xAEB6C9BD,animation,blocks\VZ\resident_P000_Q3.block
0xAEBC44FC,texture,blocks\Shell\scaleform_shell_P000_Q3.block
0xAEBDB0BD,path,blocks\VZ\resident_P000_Q3.block
0xAECE21A7,lowresterrain,blocks\VZ\low_res_terrain_P000_Q3.block
0xAECE575E,scrub,blocks\VZ\c30071_P000_Q3.block
0xAED14DD1,terrainmesh,blocks\VZ\c31467_P000_Q3.block
0xAED68AF9,model,blocks\VZ\c33280_P000_Q3.block
0xAED6F08B,path,blocks\VZ\resident_P000_Q3.block
0xAED977A8,lowresterrain,blocks\VZ\low_res_terrain_P000_Q3.block
0xAEE2ACC8,animation,blocks\VZ\vehicleclassanimgroup_autolargec_P000_Q3.block
0xAEE44824,model,blocks\VZ\c30893_P000_Q3.block
0xAEEBCBA1,animation,blocks\VZ\characternameanimgroup_mattias_P000_Q3.block
0xAEF3F00B,path,blocks\VZ\resident_P000_Q3.block
0xAEF3F208,scrub,blocks\VZ\c30303_P000_Q3.block
0xAEF45869,scrub,blocks\VZ\c30358_P000_Q3.block
0xAEF4C2F3,path,blocks\VZ\resident_P000_Q3.block
0xAEF6C7F2,scrub,blocks\VZ\c30825_P000_Q3.block
0xAEF86D39,path,blocks\VZ\resident_P000_Q3.block
0xAEFC556E,animation,blocks\VZ\vehiclenameanimgroup_alouette3_P000_Q3.block
0xAEFCD1F9,path,blocks\VZ\resident_P000_Q3.block
0xAF02C342,path,blocks\VZ\resident_P000_Q3.block
0xAF07FE8D,animation,blocks\VZ\vehicleclassanimgroup_chair_P000_Q3.block
0xAF11826C,scrub,blocks\VZ\c31354_P000_Q3.block
0xAF17EB9C,animation,blocks\VZ\resident_P000_Q3.block
0xAF1A982C,path,blocks\VZ\resident_P000_Q3.block
0xAF1C3BFF,path,blocks\VZ\resident_P000_Q3.block
0xAF2E83AA,lineregion,blocks\VZ\resident_P000_Q3.block
0xAF321AA3,animation,blocks\VZ\resident_P000_Q3.block
0xAF33C354,animation,blocks\VZ\vehiclenameanimgroup_md500_P000_Q3.block
0xAF56AEAA,animation,blocks\VZ\vehiclenameanimgroup_omen_P000_Q3.block
0xAF57EF48,animation,blocks\VZ\vehiclenameanimgroup_patrol_P000_Q3.block
0xAF5C0511,lineregion,blocks\VZ\resident_P000_Q3.block
0xAF5CEAD1,animation,blocks\VZ\resident_P000_Q3.block
0xAF62701D,path,blocks\VZ\resident_P000_Q3.block
0xAF6C347C,path,blocks\VZ\resident_P000_Q3.block
0xAF6ED5AD,scrub,blocks\VZ\c30358_P000_Q3.block
0xAF7522BF,animation,blocks\VZ\vehiclenameanimgroup_m151_P000_Q3.block
0xAF772240,path,blocks\VZ\resident_P000_Q3.block
0xAF8B8D46,animation,blocks\VZ\vehiclenameanimgroup_m2a3_P000_Q3.block
0xAF8E156E,path,blocks\VZ\resident_P000_Q3.block
0xAF8E411D,animation,blocks\VZ\resident_P000_Q3.block
0xAF91785A,path,blocks\VZ\resident_P000_Q3.block
0xAF964307,animation,blocks\VZ\vehiclenameanimgroup_alouette3_P000_Q3.block
0xAFA19857,scrub,blocks\VZ\c30166_P000_Q3.block
0xAFA46DA5,path,blocks\VZ\resident_P000_Q3.block
0xAFAFD763,effect,blocks\VZ\effects_P000_Q3.block
0xAFB2929A,animation,blocks\VZ\characternameanimgroup_mattias_P000_Q3.block
0xAFC857DD,animation,blocks\VZ\resident_P000_Q3.block
0xAFC94B78,terrainmesh,blocks\VZ\c31117_P000_Q3.block
0xAFCAFA1A,soundbank;sounddb,blocks\English\vo_resident_P000_Q3.block
0xAFCB84C4,texture,blocks\Shell\scaleform_shell_P000_Q3.block
0xAFCF292C,animation,blocks\VZ\vehiclenameanimgroup_ztz98_P000_Q3.block
0xAFD001F2,texture,blocks\Shell\scaleform_shell_P000_Q3.block
0xAFD6D4B4,path,blocks\VZ\resident_P000_Q3.block
0xAFD8EFCC,animation,blocks\VZ\characternameanimgroup_soldier_P000_Q3.block
0xAFDA70DB,texture,blocks\Shell\scaleform_shell_P000_Q3.block
0xAFDBB168,path,blocks\VZ\resident_P000_Q3.block
0xAFE0A9D2,path,blocks\VZ\resident_P000_Q3.block
0xAFE41DA5,terrainmesh,blocks\VZ\c30396_P000_Q3.block
0xAFE59158,animation,blocks\VZ\characternameanimgroup_soldier_P000_Q3.block
0xAFE951E5,animation,blocks\VZ\resident_P000_Q3.block
0xAFE95B3C,path,blocks\VZ\resident_P000_Q3.block
0xAFF60ACB,lineregion,blocks\VZ\resident_P000_Q3.block
0xAFFA2D92,animation,blocks\VZ\resident_P000_Q3.block
0xAFFA4D3B,animation,blocks\VZ\vehiclenameanimgroup_laviii_P000_Q3.block
0xB0042856,path,blocks\VZ\resident_P000_Q3.block
0xB005AEFA,animation,blocks\VZ\characternameanimgroup_chris_P000_Q3.block
0xB00BB112,path,blocks\VZ\resident_P000_Q3.block
0xB010A6C4,animation,blocks\VZ\vehiclenameanimgroup_m1a2_P000_Q3.block
0xB0254A3C,path,blocks\VZ\resident_P000_Q3.block
0xB0322391,path,blocks\VZ\resident_P000_Q3.block
0xB0361358,scrub,blocks\VZ\c30079_P000_Q3.block
0xB03FA1E9,path,blocks\VZ\resident_P000_Q3.block
0xB046AC9D,path,blocks\VZ\resident_P000_Q3.block
0xB04DA221,path,blocks\VZ\resident_P000_Q3.block
0xB04E4473,animation,blocks\VZ\vehiclenameanimgroup_amx30_P000_Q3.block
0xB0599F03,lineregion,blocks\VZ\resident_P000_Q3.block
0xB05A0554,effect,blocks\VZ\effects_P000_Q3.block
0xB05FE0C1,animation,blocks\VZ\vehiclenameanimgroup_ztz98_P000_Q3.block
0xB0611DBC,path,blocks\VZ\resident_P000_Q3.block
0xB0629CBC,effect,blocks\VZ\effects_P000_Q3.block
0xB071B22D,effect,blocks\VZ\effects_P000_Q3.block
0xB0722DEB,path,blocks\VZ\resident_P000_Q3.block
0xB072716C,path,blocks\VZ\resident_P000_Q3.block
0xB07A1459,texture,blocks\Shell\scaleform_shell_P000_Q3.block
0xB082B3E6,lineregion,blocks\VZ\resident_P000_Q3.block
0xB0866A86,animation,blocks\VZ\vehicleclassanimgroup_autolargea_P000_Q3.block
0xB086EAB1,path,blocks\VZ\resident_P000_Q3.block
0xB0911BC4,path,blocks\VZ\resident_P000_Q3.block
0xB0A0930E,model,blocks\VZ\c30403_P000_Q3.block
0xB0A1BE0D,lineregion,blocks\VZ\resident_P000_Q3.block
0xB0A3B301,animation,blocks\VZ\resident_P000_Q3.block
0xB0A59044,effect,blocks\VZ\effects_P000_Q3.block
0xB0A71B51,effect,blocks\VZ\effects_P000_Q3.block
0xB0B5A297,path,blocks\VZ\resident_P000_Q3.block
0xB0B8D868,path,blocks\VZ\resident_P000_Q3.block
0xB0C09BFD,animation,blocks\VZ\vehiclenameanimgroup_tow_P000_Q3.block
0xB0C5765E,path,blocks\VZ\resident_P000_Q3.block
0xB0C6CF6B,animation,blocks\VZ\vehicleclassanimgroup_hmmwv_P000_Q3.block
0xB0C87494,path,blocks\VZ\resident_P000_Q3.block
0xB0C91415,texture,blocks\Shell\scaleform_shell_P000_Q3.block
0xB0D19C4B,scrub,blocks\VZ\c31234_P000_Q3.block
0xB0D4D86F,path,blocks\VZ\resident_P000_Q3.block
0xB0D4E642,model,blocks\VZ\c30682_P000_Q3.block
0xB0DB0A58,animation,blocks\VZ\resident_P000_Q3.block
0xB0DDA4B7,model,blocks\VZ\resident2_P000_Q3.block
0xB0DE0FC9,animation,blocks\VZ\vehiclenameanimgroup_mh53j_P000_Q3.block
0xB0DE5B8C,animation,blocks\VZ\vehiclenameanimgroup_mi35_P000_Q3.block
0xB0E11AA9,path,blocks\VZ\resident_P000_Q3.block
0xB0E7C5A6,animation,blocks\VZ\vehicleclassanimgroup_automedium_P000_Q3.block
0xB0FF3793,path,blocks\VZ\resident_P000_Q3.block
0xB104243B,path,blocks\VZ\resident_P000_Q3.block
0xB1055CF1,animation,blocks\VZ\vehiclenameanimgroup_ridgeline_P000_Q3.block
0xB114F594,path,blocks\VZ\resident_P000_Q3.block
0xB11D4D97,path,blocks\VZ\resident_P000_Q3.block
0xB121CAC5,path,blocks\VZ\resident_P000_Q3.block
0xB1234CD7,path,blocks\VZ\resident_P000_Q3.block
0xB127CA05,path,blocks\VZ\resident_P000_Q3.block
0xB12F12D9,path,blocks\VZ\resident_P000_Q3.block
0xB12F1F4F,animation,blocks\VZ\characternameanimgroup_mattias_P000_Q3.block
0xB131D267,lowresterrain,blocks\VZ\low_res_terrain_P000_Q3.block
0xB131D600,soundbank;sounddb;wavebank,blocks\English\vo_chincon001.english_P000_Q3.block
0xB13302DB,animation,blocks\VZ\vehiclenameanimgroup_wz10_P000_Q3.block
0xB141AE3E,animation,blocks\VZ\vehiclenameanimgroup_m151_P000_Q3.block
0xB142724C,lowresterrain,blocks\VZ\low_res_terrain_P000_Q3.block
0xB14399D8,model,blocks\VZ\c32539_P000_Q3.block
0xB14EE057,path,blocks\VZ\resident_P000_Q3.block
0xB14FF43E,effect,blocks\VZ\effects_P000_Q3.block
0xB1595133,animation,blocks\VZ\vehiclenameanimgroup_mh53j_P000_Q3.block
0xB15AF149,animation,blocks\VZ\resident_P000_Q3.block
0xB16DE3C1,path,blocks\VZ\resident_P000_Q3.block
0xB179D4F6,lineregion,blocks\VZ\resident_P000_Q3.block
0xB18D5AD2,animation,blocks\VZ\vehiclenameanimgroup_type 14310_P000_Q3.block
0xB18FA8C3,path,blocks\VZ\resident_P000_Q3.block
0xB1917966,animation,blocks\VZ\vehiclenameanimgroup_stingray_P000_Q3.block
0xB193AFF9,lineregion,blocks\VZ\resident_P000_Q3.block
0xB197B0D6,lineregion,blocks\VZ\resident_P000_Q3.block
0xB19F94C6,path,blocks\VZ\resident_P000_Q3.block
0xB1A15169,path,blocks\VZ\resident_P000_Q3.block
0xB1A2BC38,lowresterrain,blocks\VZ\low_res_terrain_P000_Q3.block
0xB1AAFE49,path,blocks\VZ\resident_P000_Q3.block
0xB1AB19A2,animation,blocks\VZ\vehiclenameanimgroup_sportbike_P000_Q3.block
0xB1ABA07F,animation,blocks\VZ\vehicleclassanimgroup_hmmwv_P000_Q3.block
0xB1AF4AF9,terrainmesh,blocks\VZ\c30015_P000_Q3.block
0xB1AFA3A3,animation,blocks\VZ\characternameanimgroup_jennifer_P000_Q3.block
0xB1D58213,path,blocks\VZ\resident_P000_Q3.block
0xB1E23B81,scrub,blocks\VZ\c30177_P000_Q3.block
0xB1EDB49A,path,blocks\VZ\resident_P000_Q3.block
0xB1F041B2,lowresterrain,blocks\VZ\low_res_terrain_P000_Q3.block
0xB1F87F38,texture,blocks\Shell\scaleform_shell_P000_Q3.block
0xB20025CB,animation,blocks\VZ\characternameanimgroup_mattias_P000_Q3.block
0xB201CB12,path,blocks\VZ\resident_P000_Q3.block
0xB21C2EC2,path,blocks\VZ\resident_P000_Q3.block
0xB21C662E,terrainmesh,blocks\VZ\c30072_P000_Q3.block
0xB2211A12,path,blocks\VZ\resident_P000_Q3.block
0xB2230BB6,path,blocks\VZ\resident_P000_Q3.block
0xB22560A0,path,blocks\VZ\resident_P000_Q3.block
0xB22780D4,lowresterrain,blocks\VZ\low_res_terrain_P000_Q3.block
0xB2279FD1,model,blocks\VZ\c33296_P000_Q3.block
0xB23FA8A7,animation,blocks\VZ\vehiclenameanimgroup_wz10_P000_Q3.block
0xB24179B0,animation,blocks\VZ\characternameanimgroup_soldier_P000_Q3.block
0xB2426CBF,scrub,blocks\VZ\c30084_P000_Q3.block
0xB2591006,terrainmesh,blocks\VZ\c30284_P000_Q3.block
0xB25C13AA,animation,blocks\VZ\vehicleclassanimgroup_hmmwv_P000_Q3.block
0xB263AB43,animation,blocks\VZ\vehiclenameanimgroup_ka29b_P000_Q3.block
0xB26A2EAE,path,blocks\VZ\resident_P000_Q3.block
0xB26F17AE,path,blocks\VZ\resident_P000_Q3.block
0xB2716DEB,lineregion,blocks\VZ\resident_P000_Q3.block
0xB272FA2F,path,blocks\VZ\resident_P000_Q3.block
0xB27332E4,lineregion,blocks\VZ\resident_P000_Q3.block
0xB2775A6C,animation,blocks\VZ\resident_P000_Q3.block
0xB278D077,terrainmesh,blocks\VZ\c30308_P000_Q3.block
0xB283E897,texture,blocks\Shell\scaleform_shell_P000_Q3.block
0xB28860FD,lineregion,blocks\VZ\resident_P000_Q3.block
0xB28865C5,texture,blocks\Shell\scaleform_shell_P000_Q3.block
0xB291A9F0,path,blocks\VZ\resident_P000_Q3.block
0xB29423EA,scaleformgfx,blocks\VZ\resident_P000_Q3.block
0xB29AC474,animation,blocks\VZ\resident_P000_Q3.block
0xB29E14C1,animation,blocks\VZ\vehiclenameanimgroup_mi35_P000_Q3.block
0xB29E17AF,path,blocks\VZ\resident_P000_Q3.block
0xB2A214F1,path,blocks\VZ\resident_P000_Q3.block
0xB2AC0F9B,path,blocks\VZ\resident_P000_Q3.block
0xB2AD29CF,animation,blocks\VZ\characternameanimgroup_chris_P000_Q3.block
0xB2B57437,path,blocks\VZ\resident_P000_Q3.block
0xB2B800CC,animation,blocks\VZ\resident_P000_Q3.block
0xB2B9493F,path,blocks\VZ\resident_P000_Q3.block
0xB2CA0A1C,path,blocks\VZ\resident_P000_Q3.block
0xB2D5502F,lineregion,blocks\VZ\resident_P000_Q3.block
0xB2D6E84B,path,blocks\VZ\resident_P000_Q3.block
0xB2D76E4C,animation,blocks\VZ\vehiclenameanimgroup_mh53j_P000_Q3.block
0xB2DB6579,path,blocks\VZ\resident_P000_Q3.block
0xB2DF0392,animation,blocks\VZ\vehiclenameanimgroup_chopper_P000_Q3.block
0xB2E095DD,path,blocks\VZ\resident_P000_Q3.block
0xB2E6ACF6,animation,blocks\VZ\resident_P000_Q3.block
0xB2E8A6AC,path,blocks\VZ\resident_P000_Q3.block
0xB2EDFAE1,path,blocks\VZ\resident_P000_Q3.block
0xB2F0F857,animation,blocks\VZ\vehiclenameanimgroup_m2a3_P000_Q3.block
0xB2F34BBC,path,blocks\VZ\resident_P000_Q3.block
0xB2F3CBEE,path,blocks\VZ\resident_P000_Q3.block
0xB2F3D008,path,blocks\VZ\resident_P000_Q3.block
0xB2F5FF14,path,blocks\VZ\resident_P000_Q3.block
0xB2FADE9A,path,blocks\VZ\resident_P000_Q3.block
0xB2FCF0FF,lowresterrain,blocks\VZ\low_res_terrain_P000_Q3.block
0xB2FECE86,lineregion,blocks\VZ\resident_P000_Q3.block
0xB3077C15,lowresterrain,blocks\VZ\low_res_terrain_P000_Q3.block
0xB30CDEF2,animation,blocks\VZ\vehiclenameanimgroup_mi35solano_P000_Q3.block
0xB31A8BEC,path,blocks\VZ\resident_P000_Q3.block
0xB31E844F,path,blocks\VZ\resident_P000_Q3.block
0xB3237A37,path,blocks\VZ\resident_P000_Q3.block
0xB325BD32,terrainmesh,blocks\VZ\c30201_P000_Q3.block
0xB3293291,path,blocks\VZ\resident_P000_Q3.block
0xB32EACF8,lineregion,blocks\VZ\resident_P000_Q3.block
0xB3341588,animation,blocks\VZ\vehiclenameanimgroup_mi26_P000_Q3.block
0xB338B210,path,blocks\VZ\resident_P000_Q3.block
0xB3451939,animation,blocks\VZ\vehiclenameanimgroup_mi35solano_P000_Q3.block
0xB34CECDD,path,blocks\VZ\resident_P000_Q3.block
0xB34E1F80,texture,blocks\Shell\scaleform_shell_P000_Q3.block
0xB351B22F,scrub,blocks\VZ\c31377_P000_Q3.block
0xB3543461,model,blocks\VZ\c30790_P000_Q3.block
0xB35D1E80,path,blocks\VZ\resident_P000_Q3.block
0xB35F1198,path,blocks\VZ\resident_P000_Q3.block
0xB363B369,terrainmesh,blocks\VZ\c31374_P000_Q3.block
0xB363BA66,animation,blocks\VZ\vehiclenameanimgroup_vanquish_P000_Q3.block
0xB375CFA5,animation,blocks\VZ\vehiclenameanimgroup_m1a2_P000_Q3.block
0xB376E784,path,blocks\VZ\resident_P000_Q3.block
0xB37D86EE,animation,blocks\VZ\resident_P000_Q3.block
0xB37DC584,path,blocks\VZ\resident_P000_Q3.block
0xB3854622,texture,blocks\Shell\scaleform_shell_P000_Q3.block
0xB3876A91,path,blocks\VZ\resident_P000_Q3.block
0xB38B3C3E,animation,blocks\VZ\vehiclenameanimgroup_alouette3_P000_Q3.block
0xB38C71CA,animation,blocks\VZ\vehiclenameanimgroup_ks750_P000_Q3.block
0xB38C90F6,path,blocks\VZ\resident_P000_Q3.block
0xB38DA0C7,path,blocks\VZ\resident_P000_Q3.block
0xB38E4ECB,path,blocks\VZ\resident_P000_Q3.block
0xB3950660,path,blocks\VZ\resident_P000_Q3.block
0xB399ABCC,path,blocks\VZ\resident_P000_Q3.block
0xB39E968B,animation,blocks\VZ\resident_P000_Q3.block
0xB3A0408D,lineregion,blocks\VZ\resident_P000_Q3.block
0xB3A068D6,path,blocks\VZ\resident_P000_Q3.block
0xB3A5A5C9,animation,blocks\VZ\vehiclenameanimgroup_fiona_P000_Q3.block
0xB3A66816,path,blocks\VZ\resident_P000_Q3.block
0xB3AEB799,animation,blocks\VZ\resident_P000_Q3.block
0xB3B526F8,path,blocks\VZ\resident_P000_Q3.block
0xB3B61638,animation,blocks\VZ\resident_P000_Q3.block
0xB3BEF61E,path,blocks\VZ\resident_P000_Q3.block
0xB3C8C74A,path,blocks\VZ\resident_P000_Q3.block
0xB3CF5359,path,blocks\VZ\resident_P000_Q3.block
0xB3D333AD,path,blocks\VZ\resident_P000_Q3.block
0xB3D8352D,model,blocks\VZ\c33280_P000_Q3.block
0xB3DBB09E,texture,blocks\Shell\scaleform_shell_P000_Q3.block
0xB3E1AFEF,terrainmesh,blocks\VZ\c31068_P000_Q3.block
0xB3E717FE,path,blocks\VZ\resident_P000_Q3.block
0xB3E733C9,path,blocks\VZ\resident_P000_Q3.block
0xB3EAFB3E,path,blocks\VZ\resident_P000_Q3.block
0xB3EBB66B,texture,blocks\Shell\scaleform_shell_P000_Q3.block
0xB3EFDFAC,model;path,blocks\VZ\c30293_P000_Q3.block;blocks\VZ\resident_P000_Q3.block
0xB3F09AAF,scrub,blocks\VZ\c30714_P000_Q3.block
0xB3F3A47D,path,blocks\VZ\resident_P000_Q3.block
0xB3F5F36B,animation,blocks\VZ\characternameanimgroup_chris_P000_Q3.block
0xB3F6F7A1,path,blocks\VZ\resident_P000_Q3.block
0xB3FAEAE7,effect,blocks\VZ\effects_P000_Q3.block
0xB3FE0D3E,path,blocks\VZ\resident_P000_Q3.block
0xB3FEBC44,lowresterrain,blocks\VZ\low_res_terrain_P000_Q3.block
0xB40B4341,scrub,blocks\VZ\c30714_P000_Q3.block
0xB40F6705,animation,blocks\VZ\characternameanimgroup_mattias_P000_Q3.block
0xB411C5BB,path,blocks\VZ\resident_P000_Q3.block
0xB413D209,animation,blocks\VZ\vehiclenameanimgroup_barco_P000_Q3.block
0xB41897D3,path,blocks\VZ\resident_P000_Q3.block
0xB4207719,animation,blocks\VZ\vehiclenameanimgroup_wz10_P000_Q3.block
0xB421E0B1,texture,blocks\Shell\scaleform_shell_P000_Q3.block
0xB4244565,animation,blocks\VZ\vehiclenameanimgroup_ka29b_P000_Q3.block
0xB4263269,model,blocks\VZ\c33305_P000_Q3.block
0xB430CFAA,path,blocks\VZ\resident_P000_Q3.block
0xB431E61E,scrub,blocks\VZ\c30819_P000_Q3.block
0xB4383844,animation,blocks\VZ\vehiclenameanimgroup_dinghy_P000_Q3.block
0xB4435382,animation,blocks\VZ\vehiclenameanimgroup_ka29b_P000_Q3.block
0xB4449F1B,lineregion,blocks\VZ\resident_P000_Q3.block
0xB445E2EF,path,blocks\VZ\resident_P000_Q3.block
0xB448382E,animation,blocks\VZ\characternameanimgroup_chris_P000_Q3.block
0xB449C15B,path,blocks\VZ\resident_P000_Q3.block
0xB44B0531,soundbank;sounddb,blocks\English\vo_resident_P000_Q3.block
0xB44C6F06,path,blocks\VZ\resident_P000_Q3.block
0xB4545C37,path,blocks\VZ\resident_P000_Q3.block
0xB454D9E2,animation,blocks\VZ\vehiclenameanimgroup_mi35_P000_Q3.block
0xB45A9241,animation,blocks\VZ\vehiclenameanimgroup_mtv_P000_Q3.block
0xB45AE746,lineregion,blocks\VZ\resident_P000_Q3.block
0xB4639518,terrainmesh,blocks\VZ\c30983_P000_Q3.block
0xB473C1E6,path,blocks\VZ\resident_P000_Q3.block
0xB4791530,terrainmesh,blocks\VZ\c31396_P000_Q3.block
0xB4810AF2,path,blocks\VZ\resident_P000_Q3.block
0xB4830FCF,terrainmesh,blocks\VZ\c30812_P000_Q3.block
0xB4837FE1,animation,blocks\VZ\vehiclenameanimgroup_mh53j_P000_Q3.block
0xB48BA0E1,path,blocks\VZ\resident_P000_Q3.block
0xB48F0822,lineregion,blocks\VZ\resident_P000_Q3.block
0xB49627F6,animation,blocks\VZ\vehiclenameanimgroup_type 14310_P000_Q3.block
0xB49C02AD,animation,blocks\VZ\vehiclenameanimgroup_mi26_P000_Q3.block
0xB4A6F76A,animation,blocks\VZ\vehiclenameanimgroup_ztz63a_P000_Q3.block
0xB4A941B3,scrub,blocks\VZ\c30901_P000_Q3.block
0xB4ABDC9A,terrainmesh,blocks\VZ\c30574_P000_Q3.block
0xB4B4643D,lineregion,blocks\VZ\resident_P000_Q3.block
0xB4B5AB86,texture,blocks\Shell\scaleform_shell_P000_Q3.block
0xB4B7B217,animation,blocks\VZ\vehicleclassanimgroup_automedium_P000_Q3.block
0xB4BC90CE,texture,blocks\Shell\scaleform_shell_P000_Q3.block
0xB4BE20DE,lineregion,blocks\VZ\resident_P000_Q3.block
0xB4C1B46E,path,blocks\VZ\resident_P000_Q3.block
0xB4CA7FFF,path,blocks\VZ\resident_P000_Q3.block
0xB4CE2E9E,animation,blocks\VZ\vehiclenameanimgroup_mh53j_P000_Q3.block
0xB4D7B342,scrub,blocks\VZ\c31259_P000_Q3.block
0xB4DC35D8,path,blocks\VZ\resident_P000_Q3.block
0xB4DE55B7,scrub,blocks\VZ\c30848_P000_Q3.block
0xB4E0BFEE,path,blocks\VZ\resident_P000_Q3.block
0xB4E0CCFA,path,blocks\VZ\resident_P000_Q3.block
0xB4E75823,animation,blocks\VZ\resident_P000_Q3.block
0xB4EC3FAB,animation,blocks\VZ\vehiclenameanimgroup_scorpion90_P000_Q3.block
0xB4ED8F65,path,blocks\VZ\resident_P000_Q3.block
0xB4F1D9A3,path,blocks\VZ\resident_P000_Q3.block
0xB4F533E8,terrainmesh,blocks\VZ\c30292_P000_Q3.block
0xB4FF6692,lowresterrain,blocks\VZ\low_res_terrain_P000_Q3.block
0xB5005570,effect,blocks\VZ\effects_P000_Q3.block
0xB508B3D7,animation,blocks\VZ\vehiclenameanimgroup_amx30_P000_Q3.block
0xB50C47AB,animation,blocks\VZ\characternameanimgroup_chris_P000_Q3.block
0xB510E2C5,animation,blocks\VZ\vehicleclassanimgroup_monument_P000_Q3.block
0xB51E46F8,path,blocks\VZ\resident_P000_Q3.block
0xB52BE943,path,blocks\VZ\resident_P000_Q3.block
0xB52F4418,scaleformgfx,blocks\Shell\scaleform_shell_P000_Q3.block
0xB533D26F,texture,blocks\VZ\c32063_P000_Q3.block
0xB534F44C,terrainmesh,blocks\VZ\c31071_P000_Q3.block
0xB53F6416,lineregion,blocks\VZ\resident_P000_Q3.block
0xB5425CA8,texture,blocks\Shell\scaleform_shell_P000_Q3.block
0xB542CE8F,path,blocks\VZ\resident_P000_Q3.block
0xB5478048,path,blocks\VZ\resident_P000_Q3.block
0xB549D357,scrub,blocks\VZ\c30075_P000_Q3.block
0xB54CBA4C,scrub,blocks\VZ\c30300_P000_Q3.block
0xB5529F38,model;path,blocks\VZ\c30503_P000_Q3.block;blocks\VZ\resident_P000_Q3.block
0xB5655D69,model,blocks\VZ\effects_P000_Q3.block
0xB5668BC8,path,blocks\VZ\resident_P000_Q3.block
0xB5679590,animation,blocks\VZ\characternameanimgroup_chris_P000_Q3.block
0xB56DE3EE,path,blocks\VZ\resident_P000_Q3.block
0xB56EC13A,animation,blocks\VZ\vehiclenameanimgroup_dragster_P000_Q3.block
0xB57346DA,terrainmesh,blocks\VZ\c30099_P000_Q3.block
0xB58533F6,animation,blocks\VZ\vehiclenameanimgroup_m151_P000_Q3.block
0xB5883D93,path,blocks\VZ\resident_P000_Q3.block
0xB58933B2,scrub,blocks\VZ\c31426_P000_Q3.block
0xB58BC741,texture,blocks\Shell\scaleform_shell_P000_Q3.block
0xB594EDD5,path,blocks\VZ\resident_P000_Q3.block
0xB59EF902,scrub,blocks\VZ\c30072_P000_Q3.block
0xB5A26BB5,effect,blocks\VZ\effects_P000_Q3.block
0xB5AD614F,path,blocks\VZ\resident_P000_Q3.block
0xB5AE3121,scrub,blocks\VZ\c30103_P000_Q3.block
0xB5B2631E,scrub,blocks\VZ\c30983_P000_Q3.block
0xB5B3BFDE,animation,blocks\VZ\characternameanimgroup_chris_P000_Q3.block
0xB5B72D8B,terrainmesh,blocks\VZ\c30443_P000_Q3.block
0xB5BDDA5C,animation,blocks\VZ\vehicleclassanimgroup_truckmid_P000_Q3.block
0xB5BFFE2F,path,blocks\VZ\resident_P000_Q3.block
0xB5C1C916,path,blocks\VZ\resident_P000_Q3.block
0xB5C2A427,path,blocks\VZ\resident_P000_Q3.block
0xB5CA3A46,path,blocks\VZ\resident_P000_Q3.block
0xB5E0C8C9,path,blocks\VZ\resident_P000_Q3.block
0xB5E17B66,animation,blocks\VZ\vehiclenameanimgroup_mh53j_P000_Q3.block
0xB5E1B282,lineregion,blocks\VZ\resident_P000_Q3.block
0xB5E7F936,lineregion,blocks\VZ\resident_P000_Q3.block
0xB5E981FB,scrub,blocks\VZ\c30104_P000_Q3.block
0xB5EB7E6F,animation,blocks\VZ\characternameanimgroup_jennifer_P000_Q3.block
0xB5F18661,texture,blocks\VZ\c32159_P000_Q3.block
0xB5F3AFC8,path,blocks\VZ\resident_P000_Q3.block
0xB5F45E55,path,blocks\VZ\resident_P000_Q3.block
0xB5F6C294,animation,blocks\VZ\vehiclenameanimgroup_f35_P000_Q3.block
0xB5F81D61,model,blocks\VZ\c30115_P000_Q3.block
0xB5FAD2F1,scrub,blocks\VZ\c30023_P000_Q3.block
0xB607E943,animation,blocks\VZ\vehiclenameanimgroup_mh53j_P000_Q3.block
0xB60B8AE7,path,blocks\VZ\resident_P000_Q3.block
0xB60C9486,path,blocks\VZ\resident_P000_Q3.block
0xB617813C,path,blocks\VZ\resident_P000_Q3.block
0xB61B2201,path,blocks\VZ\resident_P000_Q3.block
0xB626A7AD,animation,blocks\VZ\vehiclenameanimgroup_scorpion90_P000_Q3.block
0xB626B3F9,animation,blocks\VZ\vehiclenameanimgroup_amx30_P000_Q3.block
0xB626BEFE,path,blocks\VZ\resident_P000_Q3.block
0xB62BBC94,path,blocks\VZ\resident_P000_Q3.block
0xB63317C7,path,blocks\VZ\resident_P000_Q3.block
0xB636E08D,model,blocks\VZ\c32793_P000_Q3.block
0xB63794F5,path,blocks\VZ\resident_P000_Q3.block
0xB63AB558,animation,blocks\VZ\vehiclenameanimgroup_mi35_P000_Q3.block
0xB63EA25B,path,blocks\VZ\resident_P000_Q3.block
0xB63F9312,animation,blocks\VZ\vehicleclassanimgroup_automedium_P000_Q3.block
0xB642943A,lowresterrain,blocks\VZ\low_res_terrain_P000_Q3.block
0xB643A402,animation,blocks\VZ\vehicleclassanimgroup_tank_P000_Q3.block
0xB644D48F,animation,blocks\VZ\vehicleclassanimgroup_truckmid_P000_Q3.block
0xB64D0C0E,path,blocks\VZ\resident_P000_Q3.block
0xB6500620,path,blocks\VZ\resident_P000_Q3.block
0xB656264D,path,blocks\VZ\resident_P000_Q3.block
0xB656807F,path,blocks\VZ\resident_P000_Q3.block
0xB65697C4,animation,blocks\VZ\vehiclenameanimgroup_armwrestle_P000_Q3.block
0xB659DBA6,path,blocks\VZ\resident_P000_Q3.block
0xB65A50EF,path,blocks\VZ\resident_P000_Q3.block
0xB65E29CE,path,blocks\VZ\resident_P000_Q3.block
0xB6623D9D,path,blocks\VZ\resident_P000_Q3.block
0xB665775C,lowresterrain,blocks\VZ\low_res_terrain_P000_Q3.block
0xB6694C32,animation,blocks\VZ\vehicleclassanimgroup_autosmall_P000_Q3.block
0xB66A8542,path,blocks\VZ\resident_P000_Q3.block
0xB66CBB63,texture,blocks\Shell\scaleform_shell_P000_Q3.block
0xB66D9B18,path,blocks\VZ\resident_P000_Q3.block
0xB681AB84,path,blocks\VZ\resident_P000_Q3.block
0xB68628B2,path,blocks\VZ\resident_P000_Q3.block
0xB68702C8,path,blocks\VZ\resident_P000_Q3.block
0xB687B553,scrub,blocks\VZ\c30721_P000_Q3.block
0xB68CFF34,scrub,blocks\VZ\c30020_P000_Q3.block
0xB693CC74,lowresterrain,blocks\VZ\low_res_terrain_P000_Q3.block
0xB697E5A8,animation,blocks\VZ\vehiclenameanimgroup_f35_P000_Q3.block
0xB69D7FBC,path,blocks\VZ\resident_P000_Q3.block
0xB6A0CA38,animation,blocks\VZ\vehiclenameanimgroup_m2a3_P000_Q3.block
0xB6A39FBA,path,blocks\VZ\resident_P000_Q3.block
0xB6A4658B,texture,blocks\Shell\scaleform_shell_P000_Q3.block
0xB6A54758,lineregion,blocks\VZ\resident_P000_Q3.block
0xB6A8E2B9,texture,blocks\Shell\scaleform_shell_P000_Q3.block
0xB6AE1E24,terrainmesh,blocks\VZ\c30814_P000_Q3.block
0xB6AE4EEF,path,blocks\VZ\resident_P000_Q3.block
0xB6B2E5A3,lineregion,blocks\VZ\resident_P000_Q3.block
0xB6B7DE18,path,blocks\VZ\resident_P000_Q3.block
0xB6E3AE7C,animation,blocks\VZ\vehiclenameanimgroup_guerilla_P000_Q3.block
0xB6E431B4,path,blocks\VZ\resident_P000_Q3.block
0xB6E49B02,model,blocks\VZ\c31017_P000_Q3.block
0xB6E720C8,lowresterrain,blocks\VZ\low_res_terrain_P000_Q3.block
0xB6E8AEE2,path,blocks\VZ\resident_P000_Q3.block
0xB6EF095B,scrub,blocks\VZ\c30795_P000_Q3.block
0xB6F295DE,animation,blocks\VZ\vehiclenameanimgroup_dragster_P000_Q3.block
0xB6F595D8,animation,blocks\VZ\vehicleclassanimgroup_autolargeb_P000_Q3.block
0xB6F6E344,animation,blocks\VZ\vehiclenameanimgroup_mi26_P000_Q3.block
0xB6F96A7A,path,blocks\VZ\resident_P000_Q3.block
0xB702A21D,animation,blocks\VZ\vehiclenameanimgroup_md500_P000_Q3.block
0xB7085A4F,path,blocks\VZ\resident_P000_Q3.block
0xB70F516C,animation,blocks\VZ\resident_P000_Q3.block
0xB71817A7,path,blocks\VZ\resident_P000_Q3.block
0xB71A8CAE,animation,blocks\VZ\vehiclenameanimgroup_mh53j_P000_Q3.block
0xB728B087,path,blocks\VZ\resident_P000_Q3.block
0xB72D51F4,path,blocks\VZ\resident_P000_Q3.block
0xB73593DB,texture,blocks\Shell\scaleform_shell_P000_Q3.block
0xB73AF177,path,blocks\VZ\resident_P000_Q3.block
0xB73B42C4,animation,blocks\VZ\vehiclenameanimgroup_m551_P000_Q3.block
0xB740D5C9,animation,blocks\VZ\vehiclenameanimgroup_guerillaa_P000_Q3.block
0xB741A8F2,animation,blocks\VZ\vehiclenameanimgroup_ka29b_P000_Q3.block
0xB745E3CC,lineregion,blocks\VZ\resident_P000_Q3.block
0xB75B5B20,animation,blocks\VZ\resident_P000_Q3.block
0xB7687FBC,animation,blocks\VZ\vehiclenameanimgroup_wz551_P000_Q3.block
0xB76BAE9C,path,blocks\VZ\resident_P000_Q3.block
0xB76D2909,path,blocks\VZ\resident_P000_Q3.block
0xB7735AE1,path,blocks\VZ\resident_P000_Q3.block
0xB78B1A8A,effect,blocks\VZ\effects_P000_Q3.block
0xB79F2F01,animation,blocks\VZ\vehiclenameanimgroup_scorpiondpv_P000_Q3.block
0xB7A57AA3,soundbank;sounddb;wavebank,blocks\English\vo_job_pir_stoosh.english_P000_Q3.block
0xB7A66A7A,animation,blocks\VZ\resident_P000_Q3.block
0xB7A8B2AA,lineregion,blocks\VZ\resident_P000_Q3.block
0xB7AA55C4,model,blocks\VZ\c30897_P000_Q3.block
0xB7AD0BB1,animation,blocks\VZ\vehicleclassanimgroup_hmmwv_P000_Q3.block
0xB7B19EAB,animation,blocks\VZ\vehicleclassanimgroup_wall_P000_Q3.block
0xB7B1CDA3,lineregion,blocks\VZ\resident_P000_Q3.block
0xB7B265BE,path,blocks\VZ\resident_P000_Q3.block
0xB7B29FF1,path,blocks\VZ\resident_P000_Q3.block
0xB7B682EE,path,blocks\VZ\resident_P000_Q3.block
0xB7B8F44B,path,blocks\VZ\resident_P000_Q3.block
0xB7BC068F,path,blocks\VZ\resident_P000_Q3.block
0xB7BC70B5,animation,blocks\VZ\vehiclenameanimgroup_plz45_P000_Q3.block
0xB7C0602A,lineregion,blocks\VZ\resident_P000_Q3.block
0xB7C84329,animation,blocks\VZ\vehicleclassanimgroup_monstertruck_P000_Q3.block
0xB7CB91A4,effect,blocks\VZ\effects_P000_Q3.block
0xB7D2E3C7,path,blocks\VZ\resident_P000_Q3.block
0xB7D6C90E,lineregion,blocks\VZ\resident_P000_Q3.block
0xB7D6DE4C,animation,blocks\VZ\vehiclenameanimgroup_wz10_P000_Q3.block
0xB7D6F959,animation,blocks\VZ\vehicleclassanimgroup_autolargeb_P000_Q3.block
0xB7E1E9EE,lowresterrain,blocks\VZ\low_res_terrain_P000_Q3.block
0xB7E49898,path,blocks\VZ\resident_P000_Q3.block
0xB7E4CE1E,animation,blocks\VZ\vehicleclassanimgroup_autolargec_P000_Q3.block
0xB7E521E0,path,blocks\VZ\resident_P000_Q3.block
0xB7E5C105,path,blocks\VZ\resident_P000_Q3.block
0xB7E84DB6,animationtable,blocks\VZ\resident_P000_Q3.block
0xB7E9CBD0,path,blocks\VZ\resident_P000_Q3.block
0xB7EA0BA5,animation,blocks\VZ\resident_P000_Q3.block
0xB7EE6A1D,animation,blocks\VZ\vehiclenameanimgroup_turbosquid_P000_Q3.block
0xB7F05D1E,animation,blocks\VZ\vehicleclassanimgroup_autosmall_P000_Q3.block
0xB7F0D042,scrub,blocks\VZ\c31375_P000_Q3.block
0xB7F7EDB7,scrub,blocks\VZ\c30581_P000_Q3.block
0xB807E83B,path,blocks\VZ\resident_P000_Q3.block
0xB80C6569,path,blocks\VZ\resident_P000_Q3.block
0xB812EC92,lineregion,blocks\VZ\resident_P000_Q3.block
0xB817E4F8,path,blocks\VZ\resident_P000_Q3.block
0xB81C9178,path,blocks\VZ\resident_P000_Q3.block
0xB81EF99C,path,blocks\VZ\resident_P000_Q3.block
0xB8256AAC,model,blocks\VZ\c33296_P000_Q3.block
0xB82D8F8C,animation,blocks\VZ\vehiclenameanimgroup_alouette3_P000_Q3.block
0xB83C1CF3,path,blocks\VZ\resident_P000_Q3.block
0xB84041CE,path,blocks\VZ\resident_P000_Q3.block
0xB8433D53,path,blocks\VZ\resident_P000_Q3.block
0xB850DAFC,lowresterrain,blocks\VZ\low_res_terrain_P000_Q3.block
0xB85F3DDD,path,blocks\VZ\resident_P000_Q3.block
0xB8637237,animation,blocks\VZ\vehiclenameanimgroup_scorpion90_P000_Q3.block
0xB864A71C,scrub,blocks\VZ\c30768_P000_Q3.block
0xB873FE97,path,blocks\VZ\resident_P000_Q3.block
0xB877DF09,scrub,blocks\VZ\c30302_P000_Q3.block
0xB879819A,path,blocks\VZ\resident_P000_Q3.block
0xB87DBBA1,animation,blocks\VZ\vehiclenameanimgroup_eva_P000_Q3.block
0xB87F623E,lineregion,blocks\VZ\resident_P000_Q3.block
0xB87FBBD6,animation,blocks\VZ\vehiclenameanimgroup_f35_P000_Q3.block
0xB88358DD,animation,blocks\VZ\vehiclenameanimgroup_m551_P000_Q3.block
0xB884D68F,path,blocks\VZ\resident_P000_Q3.block
0xB8951313,path,blocks\VZ\resident_P000_Q3.block
0xB897A3D4,path,blocks\VZ\resident_P000_Q3.block
0xB899B1F7,path,blocks\VZ\resident_P000_Q3.block
0xB89D5B22,path,blocks\VZ\resident_P000_Q3.block
0xB8B0DBFB,animation,blocks\VZ\vehiclenameanimgroup_ztz98_P000_Q3.block
0xB8B4E0D5,effect,blocks\VZ\effects_P000_Q3.block
0xB8B62C90,path,blocks\VZ\resident_P000_Q3.block
0xB8B71852,terrainmesh,blocks\VZ\c31235_P000_Q3.block
0xB8CA0024,path,blocks\VZ\resident_P000_Q3.block
0xB8D9191C,lowresterrain,blocks\VZ\low_res_terrain_P000_Q3.block
0xB8DA004E,path,blocks\VZ\resident_P000_Q3.block
0xB8DFBF12,path,blocks\VZ\resident_P000_Q3.block
0xB8E854F8,path,blocks\VZ\resident_P000_Q3.block
0xB8EA05D8,animation,blocks\VZ\vehicleclassanimgroup_hmmwv_P000_Q3.block
0xB8F3418E,terrainmesh,blocks\VZ\c30721_P000_Q3.block
0xB8FBEE1B,animation,blocks\VZ\vehiclenameanimgroup_smallfishing_P000_Q3.block
0xB8FEE884,animation,blocks\VZ\vehiclenameanimgroup_m551_P000_Q3.block
0xB905C085,path,blocks\VZ\resident_P000_Q3.block
0xB9065B19,model,blocks\VZ\c31077_P000_Q3.block
0xB91B7514,path,blocks\VZ\resident_P000_Q3.block
0xB91CB436,path,blocks\VZ\resident_P000_Q3.block
0xB91DE356,path,blocks\VZ\resident_P000_Q3.block
0xB91EC9DE,lineregion,blocks\VZ\resident_P000_Q3.block
0xB921DEFD,animation,blocks\VZ\resident_P000_Q3.block
0xB92AA32E,chatter,blocks\VZ\resident_P000_Q3.block
0xB92CE300,path,blocks\VZ\resident_P000_Q3.block
0xB95875C9,scrub,blocks\VZ\c30547_P000_Q3.block
0xB963EF32,animation,blocks\VZ\characternameanimgroup_chris_P000_Q3.block
0xB9734A27,animation,blocks\VZ\resident_P000_Q3.block
0xB977766E,path,blocks\VZ\resident_P000_Q3.block
0xB985356C,path,blocks\VZ\resident_P000_Q3.block
0xB98E4A79,scrub,blocks\VZ\c31293_P000_Q3.block
0xB996BF6B,terrainmesh,blocks\VZ\c31408_P000_Q3.block
0xB997916C,terrainmesh,blocks\VZ\c30299_P000_Q3.block
0xB99B05C1,animation,blocks\VZ\characternameanimgroup_civilian_P000_Q3.block
0xB99E6C1B,path,blocks\VZ\resident_P000_Q3.block
0xB9A3DF0B,lineregion,blocks\VZ\resident_P000_Q3.block
0xB9A41E8C,path,blocks\VZ\resident_P000_Q3.block
0xB9A77239,animation,blocks\VZ\resident_P000_Q3.block
0xB9AC0C51,path,blocks\VZ\resident_P000_Q3.block
0xB9B5B995,path,blocks\VZ\resident_P000_Q3.block
0xB9BAC8B5,model,blocks\VZ\resident_P000_Q3.block
0xB9C44D98,animation,blocks\VZ\resident_P000_Q3.block
0xB9C902E6,model,blocks\VZ\c31207_P000_Q3.block
0xB9D42A55,animation,blocks\VZ\vehiclenameanimgroup_dinghy_P000_Q3.block
0xB9DFAF6D,path,blocks\VZ\resident_P000_Q3.block
0xB9EA1146,path,blocks\VZ\resident_P000_Q3.block
0xB9EC772F,path,blocks\VZ\resident_P000_Q3.block
0xB9EC9283,lineregion,blocks\VZ\resident_P000_Q3.block
0xB9FADCE8,lineregion,blocks\VZ\resident_P000_Q3.block
0xB9FCE482,model,blocks\VZ\c33288_P000_Q3.block
0xB9FD4248,path,blocks\VZ\resident_P000_Q3.block
0xBA092071,path,blocks\VZ\resident_P000_Q3.block
0xBA0A5B9B,model,blocks\VZ\effects_P000_Q3.block
0xBA0B1C2B,path,blocks\VZ\resident_P000_Q3.block
0xBA0F5491,terrainmesh,blocks\VZ\c31495_P000_Q3.block
0xBA0FC8AB,path,blocks\VZ\resident_P000_Q3.block
0xBA110407,path,blocks\VZ\resident_P000_Q3.block
0xBA11B26F,path,blocks\VZ\resident_P000_Q3.block
0xBA158135,path,blocks\VZ\resident_P000_Q3.block
0xBA17DA2F,path,blocks\VZ\resident_P000_Q3.block
0xBA18A1DF,model,blocks\VZ\c33296_P000_Q3.block
0xBA1912C8,path,blocks\VZ\resident_P000_Q3.block
0xBA1BFF45,animation,blocks\VZ\vehiclenameanimgroup_stingray_P000_Q3.block
0xBA3681D8,path,blocks\VZ\resident_P000_Q3.block
0xBA3FE3C5,path,blocks\VZ\resident_P000_Q3.block
0xBA44CEBC,animation,blocks\VZ\vehicleclassanimgroup_autolargec_P000_Q3.block
0xBA452949,scrub,blocks\VZ\c30440_P000_Q3.block
0xBA4E6177,animation,blocks\VZ\vehiclenameanimgroup_scorpiondpv_P000_Q3.block
0xBA52F59B,animation,blocks\VZ\characternameanimgroup_mattias_P000_Q3.block
0xBA54ACE8,lowresterrain,blocks\VZ\low_res_terrain_P000_Q3.block
0xBA6892F8,path,blocks\VZ\resident_P000_Q3.block
0xBA76416E,path,blocks\VZ\resident_P000_Q3.block
0xBA7B4C46,lowresterrain,blocks\VZ\low_res_terrain_P000_Q3.block
0xBA7ECF69,lineregion,blocks\VZ\resident_P000_Q3.block
0xBA85C659,effect,blocks\VZ\effects_P000_Q3.block
0xBA87E682,animation,blocks\VZ\resident_P000_Q3.block
0xBAA7BCC9,path,blocks\VZ\resident_P000_Q3.block
0xBAB0BCB3,animation,blocks\VZ\vehiclenameanimgroup_ks750_P000_Q3.block
0xBAB19371,path,blocks\VZ\resident_P000_Q3.block
0xBAB91E60,texture,blocks\Shell\scaleform_shell_P000_Q3.block
0xBABF08C1,animation,blocks\VZ\vehiclenameanimgroup_piranha_P000_Q3.block
0xBABFA1CE,animation,blocks\VZ\vehiclenameanimgroup_wz551_P000_Q3.block
0xBAC048D2,terrainmesh,blocks\VZ\c30583_P000_Q3.block
0xBAC108D4,lowresterrain,blocks\VZ\low_res_terrain_P000_Q3.block
0xBAC12A86,lowresterrain,blocks\VZ\low_res_terrain_P000_Q3.block
0xBAC5ECC7,path,blocks\VZ\resident_P000_Q3.block
0xBAC7E3F8,animation,blocks\VZ\resident_P000_Q3.block
0xBADB8C2B,path,blocks\VZ\resident_P000_Q3.block
0xBADDE308,effect,blocks\VZ\effects_P000_Q3.block
0xBAE099F4,path,blocks\VZ\resident_P000_Q3.block
0xBAECD8E9,lineregion,blocks\VZ\resident_P000_Q3.block
0xBAEECB33,animation,blocks\VZ\vehiclenameanimgroup_mi35_P000_Q3.block
0xBAF29CA8,path,blocks\VZ\resident_P000_Q3.block
0xBAF2A1B0,animation,blocks\VZ\resident_P000_Q3.block
0xBAF2DC00,path,blocks\VZ\resident_P000_Q3.block
0xBAF8E63D,animation,blocks\VZ\vehiclenameanimgroup_amx30aa_P000_Q3.block
0xBAF94726,lowresterrain,blocks\VZ\low_res_terrain_P000_Q3.block
0xBB011A35,path,blocks\VZ\resident_P000_Q3.block
0xBB052773,terrainmesh,blocks\VZ\c30795_P000_Q3.block
0xBB068DE2,animation,blocks\VZ\vehicleclassanimgroup_autolargec_P000_Q3.block
0xBB0EB685,lineregion,blocks\VZ\resident_P000_Q3.block
0xBB0ECB30,path,blocks\VZ\resident_P000_Q3.block
0xBB174DFA,texture,blocks\Shell\scaleform_shell_P000_Q3.block
0xBB19AE2F,animation,blocks\VZ\resident_P000_Q3.block
0xBB1A621D,path,blocks\VZ\resident_P000_Q3.block
0xBB22ADD8,animation,blocks\VZ\resident_P000_Q3.block
0xBB259CA0,animation,blocks\VZ\vehiclenameanimgroup_md500_P000_Q3.block
0xBB26594D,animation,blocks\VZ\resident_P000_Q3.block
0xBB2E7566,animation,blocks\VZ\vehiclenameanimgroup_mh53j_P000_Q3.block
0xBB41AA19,animation,blocks\VZ\vehiclenameanimgroup_ka29b_P000_Q3.block
0xBB45366F,model,blocks\VZ\c39998_P000_Q3.block
0xBB49AEEA,texture,blocks\Shell\scaleform_shell_P000_Q3.block
0xBB5309D2,soundbank;sounddb,blocks\English\vo_resident_P000_Q3.block
0xBB559600,path,blocks\VZ\resident_P000_Q3.block
0xBB58ADEA,path,blocks\VZ\resident_P000_Q3.block
0xBB58BE27,model,blocks\VZ\c30818_P000_Q3.block
0xBB5E58D6,scrub,blocks\VZ\c31407_P000_Q3.block
0xBB76FDE4,path,blocks\VZ\resident_P000_Q3.block
0xBB7D2326,animation,blocks\VZ\resident_P000_Q3.block
0xBB80561D,lineregion,blocks\VZ\resident_P000_Q3.block
0xBB86EA9B,effect,blocks\VZ\effects_P000_Q3.block
0xBB8B2DD5,lineregion,blocks\VZ\resident_P000_Q3.block
0xBB8DC144,path,blocks\VZ\resident_P000_Q3.block
0xBB8F46DD,path,blocks\VZ\resident_P000_Q3.block
0xBB9D72E6,animation,blocks\VZ\characternameanimgroup_mattias_P000_Q3.block
0xBB9E4014,path,blocks\VZ\resident_P000_Q3.block
0xBBA47DC4,animation,blocks\VZ\characternameanimgroup_mattias_P000_Q3.block
0xBBA48C87,lineregion,blocks\VZ\resident_P000_Q3.block
0xBBA53742,animation,blocks\VZ\pmc_interior_P000_Q3.block
0xBBA6F6C4,path,blocks\VZ\resident_P000_Q3.block
0xBBA909B5,lineregion,blocks\VZ\resident_P000_Q3.block
0xBBAAA090,lineregion,blocks\VZ\resident_P000_Q3.block
0xBBB0EDA5,path,blocks\VZ\resident_P000_Q3.block
0xBBB4722F,terrainmesh,blocks\VZ\c30904_P000_Q3.block
0xBBC5C5DE,animation,blocks\VZ\vehiclenameanimgroup_type 14310_P000_Q3.block
0xBBC97313,effect,blocks\VZ\effects_P000_Q3.block
0xBBD5C95C,animation,blocks\VZ\resident_P000_Q3.block
0xBBD659EE,path,blocks\VZ\resident_P000_Q3.block
0xBBD9E7BA,path,blocks\VZ\resident_P000_Q3.block
0xBBE03A64,texture,blocks\Shell\scaleform_shell_P000_Q3.block
0xBBE38C79,animation,blocks\VZ\characternameanimgroup_jennifer_P000_Q3.block
0xBBE45304,animation,blocks\VZ\vehiclenameanimgroup_huangfeng_P000_Q3.block
0xBBEADD39,scrub,blocks\VZ\c31009_P000_Q3.block
0xBBECB5D8,animation,blocks\VZ\resident_P000_Q3.block
0xBBF355DD,path,blocks\VZ\resident_P000_Q3.block
0xBBF35FC9,animation,blocks\VZ\resident_P000_Q3.block
0xBBF9EA38,terrainmesh,blocks\VZ\c30061_P000_Q3.block
0xBC063F66,animation,blocks\VZ\vehiclenameanimgroup_f35_P000_Q3.block
0xBC0C6F1F,animation,blocks\VZ\resident_P000_Q3.block
0xBC1A467F,animation,blocks\VZ\vehiclenameanimgroup_scorpion90_P000_Q3.block
0xBC1DE335,path,blocks\VZ\resident_P000_Q3.block
0xBC314807,scrub,blocks\VZ\c30902_P000_Q3.block
0xBC3389EC,animation,blocks\VZ\vehiclenameanimgroup_mercsbar_P000_Q3.block
0xBC346495,path,blocks\VZ\resident_P000_Q3.block
0xBC4350F1,path,blocks\VZ\resident_P000_Q3.block
0xBC442753,model,blocks\VZ\c31505_P000_Q3.block
0xBC48F07E,animation,blocks\VZ\vehiclenameanimgroup_mh53j_P000_Q3.block
0xBC49E569,animation,blocks\VZ\vehicleclassanimgroup_hmmwv_P000_Q3.block
0xBC51484C,path,blocks\VZ\resident_P000_Q3.block
0xBC5B7BB4,texture,blocks\Shell\scaleform_shell_P000_Q3.block
0xBC5C25C8,path,blocks\VZ\resident_P000_Q3.block
0xBC5DF554,animation,blocks\VZ\characternameanimgroup_soldier_P000_Q3.block
0xBC5F3B23,path,blocks\VZ\resident_P000_Q3.block
0xBC62C0C7,lineregion,blocks\VZ\resident_P000_Q3.block
0xBC65582A,model,blocks\VZ\c39998_P000_Q3.block
0xBC6681BD,path,blocks\VZ\resident_P000_Q3.block
0xBC67A330,animation,blocks\VZ\vehiclenameanimgroup_ztz98_P000_Q3.block
0xBC6867A5,animation,blocks\VZ\resident_P000_Q3.block
0xBC6CFCB9,animation,blocks\VZ\vehiclenameanimgroup_mh53j_P000_Q3.block
0xBC6D2BB1,animation,blocks\VZ\vehicleclassanimgroup_bench_P000_Q3.block
0xBC787B58,animation,blocks\VZ\resident_P000_Q3.block
0xBC7F61D1,animation,blocks\VZ\vehiclenameanimgroup_mh53j_P000_Q3.block
0xBC8420F3,texture,blocks\Shell\scaleform_shell_P000_Q3.block
0xBC866921,animation,blocks\VZ\vehiclenameanimgroup_saltonsea_P000_Q3.block
0xBC8D58FF,lowresterrain,blocks\VZ\low_res_terrain_P000_Q3.block
0xBC922ED2,path,blocks\VZ\resident_P000_Q3.block
0xBC938FD8,scrub,blocks\VZ\c30846_P000_Q3.block
0xBC99B80A,path,blocks\VZ\resident_P000_Q3.block
0xBC9FDA2A,animation,blocks\VZ\vehiclenameanimgroup_mi35_P000_Q3.block
0xBCAC5593,texture,blocks\Shell\scaleform_shell_P000_Q3.block
0xBCAC670B,path,blocks\VZ\resident_P000_Q3.block
0xBCB1D97B,scrub,blocks\VZ\c30358_P000_Q3.block
0xBCB213CB,animation,blocks\VZ\resident_P000_Q3.block
0xBCBA07EE,model,blocks\VZ\c30403_P000_Q3.block
0xBCC11A94,texture,blocks\Shell\scaleform_shell_P000_Q3.block
0xBCC49B58,path,blocks\VZ\resident_P000_Q3.block
0xBCC5BC0A,terrainmesh,blocks\VZ\c31237_P000_Q3.block
0xBCCF550B,path,blocks\VZ\resident_P000_Q3.block
0xBCD0F674,texture,blocks\Shell\scaleform_shell_P000_Q3.block
0xBCD4BAA3,path,blocks\VZ\resident_P000_Q3.block
0xBCD52F57,texture,blocks\Shell\scaleform_shell_P000_Q3.block
0xBCD573A2,texture,blocks\Shell\scaleform_shell_P000_Q3.block
0xBCD78C28,path,blocks\VZ\resident_P000_Q3.block
0xBCD89268,path,blocks\VZ\resident_P000_Q3.block
0xBCD9AC85,texture,blocks\Shell\scaleform_shell_P000_Q3.block
0xBCDDABF7,animation,blocks\VZ\vehiclenameanimgroup_mi35_P000_Q3.block
0xBCE5D3DB,path,blocks\VZ\resident_P000_Q3.block
0xBCE7B8E1,path,blocks\VZ\resident_P000_Q3.block
0xBCF06FC1,animation,blocks\VZ\vehiclenameanimgroup_mi35_P000_Q3.block
0xBCF1A12F,path,blocks\VZ\resident_P000_Q3.block
0xBCF3B204,animation,blocks\VZ\resident_P000_Q3.block
0xBCFC689C,animation,blocks\VZ\vehiclenameanimgroup_plz45_P000_Q3.block
0xBD0364DB,animation,blocks\VZ\vehiclenameanimgroup_mi35solano_P000_Q3.block
0xBD08DC61,path,blocks\VZ\resident_P000_Q3.block
0xBD0E2DA8,lineregion,blocks\VZ\resident_P000_Q3.block
0xBD0E6790,animation,blocks\VZ\vehicleclassanimgroup_autolargeb_P000_Q3.block
0xBD19072A,animation,blocks\VZ\vehicleclassanimgroup_hmmwv_P000_Q3.block
0xBD1A32CE,path,blocks\VZ\resident_P000_Q3.block
0xBD1CA41E,path,blocks\VZ\resident_P000_Q3.block
0xBD21ACAD,texture,blocks\Shell\scaleform_shell_P000_Q3.block
0xBD22E223,path,blocks\VZ\resident_P000_Q3.block
0xBD273987,path,blocks\VZ\resident_P000_Q3.block
0xBD2C3926,path,blocks\VZ\resident_P000_Q3.block
0xBD366625,scrub,blocks\VZ\c30218_P000_Q3.block
0xBD3ACD00,lowresterrain,blocks\VZ\low_res_terrain_P000_Q3.block
0xBD3C071E,path,blocks\VZ\resident_P000_Q3.block
0xBD3CE61D,texture,blocks\Shell\scaleform_shell_P000_Q3.block
0xBD3DF559,texture,blocks\Shell\scaleform_shell_P000_Q3.block
0xBD425473,model,blocks\VZ\resident2_P000_Q3.block
0xBD43BA76,animation,blocks\VZ\vehiclenameanimgroup_barco_P000_Q3.block
0xBD456171,path,blocks\VZ\resident_P000_Q3.block
0xBD4D0A98,model,blocks\VZ\c30484_P000_Q3.block
0xBD4D3856,lowresterrain,blocks\VZ\low_res_terrain_P000_Q3.block
0xBD540B32,lineregion,blocks\VZ\resident_P000_Q3.block
0xBD5CABDB,animation,blocks\VZ\vehiclenameanimgroup_dinghy_P000_Q3.block
0xBD5EBDE7,path,blocks\VZ\resident_P000_Q3.block
0xBD68CBFB,model,blocks\VZ\c30625_P000_Q3.block
0xBD6A3F84,animation,blocks\VZ\characternameanimgroup_soldier_P000_Q3.block
0xBD6A88A8,path,blocks\VZ\resident_P000_Q3.block
0xBD6D6E14,path,blocks\VZ\resident_P000_Q3.block
0xBD6F05D6,path,blocks\VZ\resident_P000_Q3.block
0xBD76568A,path,blocks\VZ\resident_P000_Q3.block
0xBD7CC6A5,animation,blocks\VZ\vehiclenameanimgroup_alouette3_P000_Q3.block
0xBD80254F,path,blocks\VZ\resident_P000_Q3.block
0xBD88FCA8,scrub,blocks\VZ\c31106_P000_Q3.block
0xBD89D0E5,animation,blocks\VZ\vehiclenameanimgroup_huey_P000_Q3.block
0xBDA0DA9F,path,blocks\VZ\resident_P000_Q3.block
0xBDA2AAD5,animation,blocks\VZ\vehiclenameanimgroup_m1a2_P000_Q3.block
0xBDA34586,model,blocks\VZ\c39998_P000_Q3.block
0xBDA50B2A,path,blocks\VZ\resident_P000_Q3.block
0xBDA71871,terrainmesh,blocks\VZ\c31297_P000_Q3.block
0xBDA89E9B,path,blocks\VZ\resident_P000_Q3.block
0xBDA8D619,path,blocks\VZ\resident_P000_Q3.block
0xBDAB0F2D,path,blocks\VZ\resident_P000_Q3.block
0xBDAD4487,path,blocks\VZ\resident_P000_Q3.block
0xBDB1C1B5,path,blocks\VZ\resident_P000_Q3.block
0xBDB8E736,terrainmesh,blocks\VZ\c30142_P000_Q3.block
0xBDB967DF,animation,blocks\VZ\characternameanimgroup_chris_P000_Q3.block
0xBDC26D33,animation,blocks\VZ\resident_P000_Q3.block
0xBDC3FFAF,animation,blocks\VZ\resident_P000_Q3.block
0xBDCF1123,path,blocks\VZ\resident_P000_Q3.block
0xBDD4FF4D,animation,blocks\VZ\resident_P000_Q3.block
0xBDD7278D,path,blocks\VZ\resident_P000_Q3.block
0xBDE06DCB,model,blocks\VZ\c30272_P000_Q3.block
0xBDE5528F,path,blocks\VZ\resident_P000_Q3.block
0xBDED097D,texture,blocks\Shell\scaleform_shell_P000_Q3.block
0xBDF04581,lineregion,blocks\VZ\resident_P000_Q3.block
0xBDF4698E,animation,blocks\VZ\vehiclenameanimgroup_wz551_P000_Q3.block
0xBDF7D4D0,animation,blocks\VZ\characternameanimgroup_occryingman_P000_Q3.block
0xBDF8281E,path,blocks\VZ\resident_P000_Q3.block
0xBDF8F29B,path,blocks\VZ\resident_P000_Q3.block
0xBE024142,scrub,blocks\VZ\c31107_P000_Q3.block
0xBE0C7D8C,animation,blocks\VZ\vehiclenameanimgroup_scorpiondpv_P000_Q3.block
0xBE0F782E,path,blocks\VZ\resident_P000_Q3.block
0xBE0FA8E7,path,blocks\VZ\resident_P000_Q3.block
0xBE160206,path,blocks\VZ\resident_P000_Q3.block
0xBE1ABA60,path,blocks\VZ\resident_P000_Q3.block
0xBE1F4423,model,blocks\VZ\c31289_P000_Q3.block
0xBE20D3DC,lowresterrain,blocks\VZ\low_res_terrain_P000_Q3.block
0xBE25DC0C,animation,blocks\VZ\resident_P000_Q3.block
0xBE285F0E,path,blocks\VZ\resident_P000_Q3.block
0xBE3BB065,scrub,blocks\VZ\c31295_P000_Q3.block
0xBE3CC9B4,path,blocks\VZ\resident_P000_Q3.block
0xBE3D7D96,animation,blocks\VZ\vehiclenameanimgroup_amx30_P000_Q3.block
0xBE448ED1,model,blocks\VZ\c33296_P000_Q3.block
0xBE48F177,path,blocks\VZ\resident_P000_Q3.block
0xBE4A54BB,animation,blocks\VZ\characternameanimgroup_jennifer_P000_Q3.block
0xBE4D504B,path,blocks\VZ\resident_P000_Q3.block
0xBE4D850B,terrainmesh,blocks\VZ\c31126_P000_Q3.block
0xBE51BAB7,animation,blocks\VZ\vehiclenameanimgroup_mh53j_P000_Q3.block
0xBE51CD79,path,blocks\VZ\resident_P000_Q3.block
0xBE5C02E8,path,blocks\VZ\resident_P000_Q3.block
0xBE5DC7E5,path,blocks\VZ\resident_P000_Q3.block
0xBE5E1765,path,blocks\VZ\resident_P000_Q3.block
0xBE5E2F5B,lineregion,blocks\VZ\resident_P000_Q3.block
0xBE69A9FC,animation,blocks\VZ\vehiclenameanimgroup_vanquish_P000_Q3.block
0xBE6D5C12,terrainmesh,blocks\VZ\c31356_P000_Q3.block
0xBE738D9A,path,blocks\VZ\resident_P000_Q3.block
0xBE795766,path,blocks\VZ\resident_P000_Q3.block
0xBE8064F8,path,blocks\VZ\resident_P000_Q3.block
0xBE809D97,path,blocks\VZ\resident_P000_Q3.block
0xBE887628,texture,blocks\Shell\scaleform_shell_P000_Q3.block
0xBE8975AF,lineregion,blocks\VZ\resident_P000_Q3.block
0xBE8F2CBD,scrub,blocks\VZ\c30554_P000_Q3.block
0xBE93DF9A,animation,blocks\VZ\characternameanimgroup_algolfer_P000_Q3.block
0xBE971F8F,animation,blocks\VZ\characternameanimgroup_jennifer_P000_Q3.block
0xBEA43078,animation,blocks\VZ\vehiclenameanimgroup_cutter_P000_Q3.block
0xBEAA6BC4,path,blocks\VZ\resident_P000_Q3.block
0xBEAD215B,animation,blocks\VZ\vehiclenameanimgroup_mi35_P000_Q3.block
0xBEBA5DD3,path,blocks\VZ\resident_P000_Q3.block
0xBEBD5E87,animation,blocks\VZ\resident_P000_Q3.block
0xBEC05BF8,model,blocks\VZ\c33028_P000_Q3.block
0xBEC0623D,soundbank;sounddb;wavebank,blocks\English\vo_jetrec001.english_P000_Q3.block
0xBECDE9AD,texture,blocks\Shell\scaleform_shell_P000_Q3.block
0xBED30D4D,path,blocks\VZ\resident_P000_Q3.block
0xBED5BB44,lineregion,blocks\VZ\resident_P000_Q3.block
0xBEDA593A,path,blocks\VZ\resident_P000_Q3.block
0xBEDE93C5,animation,blocks\VZ\vehiclenameanimgroup_mi35solano_P000_Q3.block
0xBEE769A1,path,blocks\VZ\resident_P000_Q3.block
0xBEE81BBE,path,blocks\VZ\resident_P000_Q3.block
0xBEEE47C1,path,blocks\VZ\resident_P000_Q3.block
0xBEF54FBB,path,blocks\VZ\resident_P000_Q3.block
0xBF0164DB,lineregion,blocks\VZ\resident_P000_Q3.block
0xBF04D82C,path,blocks\VZ\resident_P000_Q3.block
0xBF09E6F0,animation,blocks\VZ\resident_P000_Q3.block
0xBF136B8E,path,blocks\VZ\resident_P000_Q3.block
0xBF1CE5C4,scrub,blocks\VZ\c30911_P000_Q3.block
0xBF28C28D,animation,blocks\VZ\vehiclenameanimgroup_dinghy_P000_Q3.block
0xBF2C0BEF,scrub,blocks\VZ\c31103_P000_Q3.block
0xBF3A9FA7,animation,blocks\VZ\characternameanimgroup_chris_P000_Q3.block
0xBF3C3419,animation,blocks\VZ\resident_P000_Q3.block
0xBF3DCA1D,animation,blocks\VZ\vehiclenameanimgroup_highvoltage_P000_Q3.block
0xBF3E68C5,path,blocks\VZ\resident_P000_Q3.block
0xBF45516F,path,blocks\VZ\resident_P000_Q3.block
0xBF47C7A7,animation,blocks\VZ\vehiclenameanimgroup_ztz98_P000_Q3.block
0xBF4AFB8C,lowresterrain,blocks\VZ\low_res_terrain_P000_Q3.block
0xBF5FF2BF,path,blocks\VZ\resident_P000_Q3.block
0xBF6174D3,animation,blocks\VZ\vehiclenameanimgroup_scorpiondpv_P000_Q3.block
0xBF645CEF,path,blocks\VZ\resident_P000_Q3.block
0xBF6626ED,animation,blocks\VZ\vehiclenameanimgroup_patrol_P000_Q3.block
0xBF696C72,texture,blocks\Shell\spanish_P000_Q3.block
0xBF6D54E9,path,blocks\VZ\resident_P000_Q3.block
0xBF77B2F9,animation,blocks\VZ\vehicleclassanimgroup_autolargec_P000_Q3.block
0xBF7825AC,lineregion,blocks\VZ\resident_P000_Q3.block
0xBF7D50E6,animation,blocks\VZ\resident_P000_Q3.block
0xBF8559F3,animation,blocks\VZ\vehiclenameanimgroup_amx30aa_P000_Q3.block
0xBF8930F3,path,blocks\VZ\resident_P000_Q3.block
0xBF89F74F,path,blocks\VZ\resident_P000_Q3.block
0xBF8C51FE,scrub,blocks\VZ\c30842_P000_Q3.block
0xBF9608A1,animation,blocks\VZ\vehiclenameanimgroup_huangfeng_P000_Q3.block
0xBF9AF36B,model,blocks\VZ\c30268_P000_Q3.block
0xBFB58F12,animation,blocks\VZ\vehiclenameanimgroup_vanquish_P000_Q3.block
0xBFC96EC7,effect,blocks\VZ\effects_P000_Q3.block
0xBFCEF682,path,blocks\VZ\resident_P000_Q3.block
0xBFD321F5,path,blocks\VZ\resident_P000_Q3.block
0xBFD77566,animation,blocks\VZ\vehicleclassanimgroup_autolargea_P000_Q3.block
0xBFDB52D4,lineregion,blocks\VZ\resident_P000_Q3.block
0xBFDB9325,path,blocks\VZ\resident_P000_Q3.block
0xBFDBA17D,animation,blocks\VZ\characternameanimgroup_jennifer_P000_Q3.block
0xBFF600AC,path,blocks\VZ\resident_P000_Q3.block
0xBFF89CFE,path,blocks\VZ\resident_P000_Q3.block
0xBFF8AC1F,scrub,blocks\VZ\c31354_P000_Q3.block
0xC00BFD96,animation,blocks\VZ\vehiclenameanimgroup_plz45_P000_Q3.block
0xC00D38D6,path,blocks\VZ\resident_P000_Q3.block
0xC011A637,animation,blocks\VZ\vehiclenameanimgroup_alouette3_P000_Q3.block
0xC018ADBC,path,blocks\VZ\resident_P000_Q3.block
0xC01B9217,lowresterrain,blocks\VZ\low_res_terrain_P000_Q3.block
0xC01C7255,effect,blocks\VZ\effects_P000_Q3.block
0xC01DED65,path,blocks\VZ\resident_P000_Q3.block
0xC0216CB2,animation,blocks\VZ\resident_P000_Q3.block
0xC022754C,animation,blocks\VZ\resident2_P000_Q3.block
0xC02BCA2E,path,blocks\VZ\resident_P000_Q3.block
0xC035FD63,path,blocks\VZ\resident_P000_Q3.block
0xC037E486,model,blocks\VZ\c39998_P000_Q3.block
0xC03E03C4,animation,blocks\VZ\characternameanimgroup_mattias_P000_Q3.block
0xC03E40F7,path,blocks\VZ\resident_P000_Q3.block
0xC0414F7D,model,blocks\VZ\c30490_P000_Q3.block
0xC044FA3E,animation,blocks\VZ\characternameanimgroup_mattias_P000_Q3.block
0xC0451DE8,path,blocks\VZ\resident_P000_Q3.block
0xC04F1E84,animation,blocks\VZ\vehicleclassanimgroup_autosmall_P000_Q3.block
0xC04F3A1B,path,blocks\VZ\resident_P000_Q3.block
0xC052321C,path,blocks\VZ\resident_P000_Q3.block
0xC055C0FA,lowresterrain,blocks\VZ\low_res_terrain_P000_Q3.block
0xC056D6E8,animation,blocks\VZ\vehiclenameanimgroup_m151_P000_Q3.block
0xC065BC00,animation,blocks\VZ\vehiclenameanimgroup_cutter_P000_Q3.block
0xC066B757,path,blocks\VZ\resident_P000_Q3.block
0xC06B3485,path,blocks\VZ\resident_P000_Q3.block
0xC06F82AD,path,blocks\VZ\resident_P000_Q3.block
0xC0726AB5,animation,blocks\VZ\vehicleclassanimgroup_autosmall_P000_Q3.block
0xC0739C2B,path,blocks\VZ\resident_P000_Q3.block
0xC079033B,path,blocks\VZ\resident_P000_Q3.block
0xC07CB43F,terrainmesh,blocks\VZ\c31069_P000_Q3.block
0xC08219B9,animation,blocks\VZ\vehiclenameanimgroup_mi26_P000_Q3.block
0xC0825633,path,blocks\VZ\resident_P000_Q3.block
0xC0890899,animation,blocks\VZ\vehiclenameanimgroup_scorpion90_P000_Q3.block
0xC089591B,scrub,blocks\VZ\c31192_P000_Q3.block
0xC08CB416,path,blocks\VZ\resident_P000_Q3.block
0xC0964C0D,terrainmesh,blocks\VZ\c30059_P000_Q3.block
0xC09F46D7,animation,blocks\VZ\vehiclenameanimgroup_zu23aa_P000_Q3.block
0xC0AC17BB,animation,blocks\VZ\characternameanimgroup_chris_P000_Q3.block
0xC0AD5BC0,path,blocks\VZ\resident_P000_Q3.block
0xC0B09670,path,blocks\VZ\resident_P000_Q3.block
0xC0B5AF3F,path,blocks\VZ\resident_P000_Q3.block
0xC0C1B398,path,blocks\VZ\resident_P000_Q3.block
0xC0C31F96,path,blocks\VZ\resident_P000_Q3.block
0xC0EC3588,animation,blocks\VZ\vehiclenameanimgroup_armwrestle_P000_Q3.block
0xC0F33989,texture,blocks\Shell\scaleform_shell_P000_Q3.block
0xC0F840A3,path,blocks\VZ\resident_P000_Q3.block
0xC0FAA700,animation,blocks\VZ\vehiclenameanimgroup_sportbike_P000_Q3.block
0xC0FEEEAE,animation,blocks\VZ\vehiclenameanimgroup_ka29b_P000_Q3.block
0xC104640A,effect,blocks\VZ\effects_P000_Q3.block
0xC105E698,animation,blocks\VZ\vehiclenameanimgroup_riflewindow_P000_Q3.block
0xC10AC50F,path,blocks\VZ\resident_P000_Q3.block
0xC112CC47,animation,blocks\VZ\resident_P000_Q3.block
0xC128095A,animation,blocks\VZ\resident_P000_Q3.block
0xC12B67A1,path,blocks\VZ\resident_P000_Q3.block
0xC12C6565,animation,blocks\VZ\vehiclenameanimgroup_tow_P000_Q3.block
0xC1347AE4,path,blocks\VZ\resident_P000_Q3.block
0xC134F178,animation,blocks\VZ\vehiclenameanimgroup_ka29b_P000_Q3.block
0xC1367920,path,blocks\VZ\resident_P000_Q3.block
0xC13E4E87,scrub,blocks\VZ\c30501_P000_Q3.block
0xC141DB96,path,blocks\VZ\resident_P000_Q3.block
0xC1449C4D,animation,blocks\VZ\vehicleclassanimgroup_autolargea_P000_Q3.block
0xC14AFD58,lineregion,blocks\VZ\resident_P000_Q3.block
0xC1555010,path,blocks\VZ\resident_P000_Q3.block
0xC1558679,animation,blocks\VZ\resident_P000_Q3.block
0xC15C07D7,path,blocks\VZ\resident_P000_Q3.block
0xC16231D0,path,blocks\VZ\resident_P000_Q3.block
0xC1666E8F,terrainmesh,blocks\VZ\c30744_P000_Q3.block
0xC166FA37,path,blocks\VZ\resident_P000_Q3.block
0xC16BE771,path,blocks\VZ\resident_P000_Q3.block
0xC17055CB,scrub,blocks\VZ\c30012_P000_Q3.block
0xC1727A55,animation,blocks\VZ\characternameanimgroup_civilian_P000_Q3.block
0xC1764900,path,blocks\VZ\resident_P000_Q3.block
0xC176BEB1,path,blocks\VZ\resident_P000_Q3.block
0xC17A3E25,animation,blocks\VZ\vehiclenameanimgroup_alouette3_P000_Q3.block
0xC17F25CA,path,blocks\VZ\resident_P000_Q3.block
0xC181C75D,terrainmesh,blocks\VZ\c30209_P000_Q3.block
0xC18874A9,animation,blocks\VZ\vehiclenameanimgroup_saltonsea_P000_Q3.block
0xC18EDF52,path,blocks\VZ\resident_P000_Q3.block
0xC18FE9D0,lineregion,blocks\VZ\resident_P000_Q3.block
0xC19195D0,path,blocks\VZ\resident_P000_Q3.block
0xC195981A,path,blocks\VZ\resident_P000_Q3.block
0xC19B664D,terrainmesh,blocks\VZ\c30993_P000_Q3.block
0xC19D84B3,animation,blocks\VZ\vehiclenameanimgroup_mh53j_P000_Q3.block
0xC1A06996,lowresterrain,blocks\VZ\low_res_terrain_P000_Q3.block
0xC1A35222,animation,blocks\VZ\vehiclenameanimgroup_mi35solano_P000_Q3.block
0xC1B08DDD,animation,blocks\VZ\vehiclenameanimgroup_mi35_P000_Q3.block
0xC1B2E2CF,path,blocks\VZ\resident_P000_Q3.block
0xC1B330DC,font,blocks\Shell\spanish_P000_Q3.block
0xC1B82DE2,path,blocks\VZ\resident_P000_Q3.block
0xC1B889A8,path,blocks\VZ\resident_P000_Q3.block
0xC1BD0812,path,blocks\VZ\resident_P000_Q3.block
0xC1BE923D,scrub,blocks\VZ\c31070_P000_Q3.block
0xC1C0DBE9,path,blocks\VZ\resident_P000_Q3.block
0xC1C3BE9D,path,blocks\VZ\resident_P000_Q3.block
0xC1C5DB0D,path,blocks\VZ\resident_P000_Q3.block
0xC1CD473E,path,blocks\VZ\resident_P000_Q3.block
0xC1DC608F,animation,blocks\VZ\c30932_P000_Q3.block
0xC1E7B563,texture,blocks\Shell\scaleform_shell_P000_Q3.block
0xC1E821ED,lineregion,blocks\VZ\resident_P000_Q3.block
0xC1E91C0A,path,blocks\VZ\resident_P000_Q3.block
0xC1E939EC,animation,blocks\VZ\vehiclenameanimgroup_stingray_P000_Q3.block
0xC1ECB95D,scrub,blocks\VZ\c30177_P000_Q3.block
0xC1F1FAAE,animation,blocks\VZ\vehiclenameanimgroup_highvoltage_P000_Q3.block
0xC1F928BC,scrub,blocks\VZ\c30103_P000_Q3.block
0xC1FABCF6,animation,blocks\VZ\characternameanimgroup_soldier_P000_Q3.block
0xC1FBE9F8,path,blocks\VZ\resident_P000_Q3.block
0xC1FDDEC0,path,blocks\VZ\resident_P000_Q3.block
0xC201B09F,path,blocks\VZ\resident_P000_Q3.block
0xC20DAA37,path,blocks\VZ\resident_P000_Q3.block
0xC215F092,animation,blocks\VZ\vehiclenameanimgroup_m551_P000_Q3.block
0xC218BB11,path,blocks\VZ\resident_P000_Q3.block
0xC219EA80,animation,blocks\VZ\vehiclenameanimgroup_dragster_P000_Q3.block
0xC2235E7E,model,blocks\VZ\c30957_P000_Q3.block
0xC22A7E69,model,blocks\VZ\c30057_P000_Q3.block
0xC23B306A,path,blocks\VZ\resident_P000_Q3.block
0xC243B4BF,animation,blocks\VZ\resident_P000_Q3.block
0xC247F2F6,scrub,blocks\VZ\c30077_P000_Q3.block
0xC25406EA,path,blocks\VZ\resident_P000_Q3.block
0xC2587242,scrub,blocks\VZ\c30429_P000_Q3.block
0xC25AEAC4,path,blocks\VZ\resident_P000_Q3.block
0xC263C60E,scrub,blocks\VZ\c30795_P000_Q3.block
0xC26DC525,model,blocks\VZ\c31118_P000_Q3.block
0xC272E144,texture,blocks\Shell\scaleform_shell_P000_Q3.block
0xC273F66D,path,blocks\VZ\resident_P000_Q3.block
0xC27AFFC7,animation,blocks\VZ\vehiclenameanimgroup_mi26_P000_Q3.block
0xC27D6A35,font,blocks\Shell\italian_P000_Q3.block
0xC282CA30,scrub,blocks\VZ\c30284_P000_Q3.block
0xC2892490,path,blocks\VZ\resident_P000_Q3.block
0xC28D9EC4,animation,blocks\VZ\vehiclenameanimgroup_zbd2000_P000_Q3.block
0xC2932D2B,animation,blocks\VZ\vehiclenameanimgroup_pgz95_P000_Q3.block
0xC295A11D,path,blocks\VZ\resident_P000_Q3.block
0xC2960CB6,animation,blocks\VZ\resident_P000_Q3.block
0xC29F674B,path,blocks\VZ\resident_P000_Q3.block
0xC2ADE365,path,blocks\VZ\resident_P000_Q3.block
0xC2BAC470,scrub,blocks\VZ\c31273_P000_Q3.block
0xC2C151EB,path,blocks\VZ\resident_P000_Q3.block
0xC2C3A96F,scrub,blocks\VZ\c31102_P000_Q3.block
0xC2C76D36,animation,blocks\VZ\characternameanimgroup_chris_P000_Q3.block
0xC2CCC80D,path,blocks\VZ\resident_P000_Q3.block
0xC2CD6562,path,blocks\VZ\resident_P000_Q3.block
0xC2CE82B1,path,blocks\VZ\resident_P000_Q3.block
0xC2D3E7AF,scrub,blocks\VZ\c31243_P000_Q3.block
0xC2D85326,path,blocks\VZ\resident_P000_Q3.block
0xC2DB16B8,path,blocks\VZ\resident_P000_Q3.block
0xC2DB7453,path,blocks\VZ\resident_P000_Q3.block
0xC2DC97E1,model,blocks\VZ\effects_P000_Q3.block
0xC2DF443A,animation,blocks\VZ\vehiclenameanimgroup_wz10_P000_Q3.block
0xC2E393A2,lowresterrain,blocks\VZ\low_res_terrain_P000_Q3.block
0xC2EB592D,path,blocks\VZ\resident_P000_Q3.block
0xC2F0A8F1,path,blocks\VZ\resident_P000_Q3.block
0xC2F99652,path,blocks\VZ\resident_P000_Q3.block
0xC2FE2B05,path,blocks\VZ\resident_P000_Q3.block
0xC3003E89,animation,blocks\VZ\resident_P000_Q3.block
0xC302E489,path,blocks\VZ\resident_P000_Q3.block
0xC304B506,terrainmesh,blocks\VZ\c31191_P000_Q3.block
0xC304F0AE,model,blocks\VZ\c30456_P000_Q3.block
0xC3052914,path,blocks\VZ\resident_P000_Q3.block
0xC30E0B3D,path,blocks\VZ\resident_P000_Q3.block
0xC31495A9,path,blocks\VZ\resident_P000_Q3.block
0xC32EE67D,path,blocks\VZ\resident_P000_Q3.block
0xC3306255,effect,blocks\VZ\effects_P000_Q3.block
0xC330959B,path,blocks\VZ\resident_P000_Q3.block
0xC33114C4,model,blocks\VZ\resident2_P000_Q3.block
0xC337A85F,animation,blocks\VZ\vehiclenameanimgroup_ah1z_P000_Q3.block
0xC338F505,animation,blocks\VZ\vehiclenameanimgroup_ridgeline_P000_Q3.block
0xC3406234,animation,blocks\VZ\vehiclenameanimgroup_turbosquid_P000_Q3.block
0xC34091E7,animation,blocks\VZ\characternameanimgroup_jennifer_P000_Q3.block
0xC340B5D2,effect,blocks\VZ\effects_P000_Q3.block
0xC34149FD,path,blocks\VZ\resident_P000_Q3.block
0xC3474BDD,path,blocks\VZ\resident_P000_Q3.block
0xC34A15A1,animation,blocks\VZ\vehiclenameanimgroup_mh53j_P000_Q3.block
0xC34CDC2C,texture,blocks\Shell\scaleform_shell_P000_Q3.block
0xC351EC8E,scrub,blocks\VZ\c30813_P000_Q3.block
0xC3521F10,model,blocks\VZ\c33297_P000_Q3.block
0xC352E8B1,path,blocks\VZ\resident_P000_Q3.block
0xC3556903,path,blocks\VZ\resident_P000_Q3.block
0xC3596776,animation,blocks\VZ\characternameanimgroup_chris_P000_Q3.block
0xC35D766B,path,blocks\VZ\resident_P000_Q3.block
0xC35E1F00,path,blocks\VZ\resident_P000_Q3.block
0xC35F3B6A,path,blocks\VZ\resident_P000_Q3.block
0xC36C1700,path,blocks\VZ\resident_P000_Q3.block
0xC36C6D71,lowresterrain,blocks\VZ\low_res_terrain_P000_Q3.block
0xC36F3D0F,animation,blocks\VZ\vehiclenameanimgroup_ka29b_P000_Q3.block
0xC37698FD,animation,blocks\VZ\vehicleclassanimgroup_jetski_P000_Q3.block
0xC376B812,lineregion,blocks\VZ\resident_P000_Q3.block
0xC37EA0AF,path,blocks\VZ\resident_P000_Q3.block
0xC38107D0,animation,blocks\VZ\vehiclenameanimgroup_m1a2_P000_Q3.block
0xC3830F29,model,blocks\VZ\effects_P000_Q3.block
0xC3873D40,animation,blocks\VZ\resident_P000_Q3.block
0xC38904B5,path,blocks\VZ\resident_P000_Q3.block
0xC3891F45,lineregion,blocks\VZ\resident_P000_Q3.block
0xC3897B87,path,blocks\VZ\resident_P000_Q3.block
0xC390AEE0,animation,blocks\VZ\vehiclenameanimgroup_mi35solano_P000_Q3.block
0xC3BB86CD,animation,blocks\VZ\vehiclenameanimgroup_riflewindow_P000_Q3.block
0xC3BDD174,path,blocks\VZ\resident_P000_Q3.block
0xC3BEE7E3,path,blocks\VZ\resident_P000_Q3.block
0xC3CAE867,path,blocks\VZ\resident_P000_Q3.block
0xC3D2BADA,animation,blocks\VZ\vehiclenameanimgroup_mi35_P000_Q3.block
0xC3D716B0,animation,blocks\VZ\vehiclenameanimgroup_chopper_P000_Q3.block
0xC3DBD1C4,path,blocks\VZ\resident_P000_Q3.block
0xC3DCF861,animation,blocks\VZ\vehiclenameanimgroup_escort_P000_Q3.block
0xC3F0085E,path,blocks\VZ\resident_P000_Q3.block
0xC40C0646,path,blocks\VZ\resident_P000_Q3.block
0xC418D96A,path,blocks\VZ\resident_P000_Q3.block
0xC41C7B9E,texture,blocks\Shell\scaleform_shell_P000_Q3.block
0xC41D5E95,path,blocks\VZ\resident_P000_Q3.block
0xC41DBDD1,animation,blocks\VZ\characternameanimgroup_mattias_P000_Q3.block
0xC422217B,path,blocks\VZ\resident_P000_Q3.block
0xC4230D1F,animation,blocks\VZ\vehiclenameanimgroup_md500_P000_Q3.block
0xC4269EA9,path,blocks\VZ\resident_P000_Q3.block
0xC42F471F,animation,blocks\VZ\vehiclenameanimgroup_smallfishing_P000_Q3.block
0xC42F70EE,path,blocks\VZ\resident_P000_Q3.block
0xC4308C43,animation,blocks\VZ\vehiclenameanimgroup_m551_P000_Q3.block
0xC4380673,animation,blocks\VZ\vehiclenameanimgroup_m113_P000_Q3.block
0xC43E41E2,soundbank;sounddb,blocks\English\vo_resident_P000_Q3.block
0xC43F412A,animation,blocks\VZ\vehiclenameanimgroup_ka29b_P000_Q3.block
0xC447DAB7,path,blocks\VZ\resident_P000_Q3.block
0xC44C750E,path,blocks\VZ\resident_P000_Q3.block
0xC454D0FC,path,blocks\VZ\resident_P000_Q3.block
0xC45E70E5,animation,blocks\VZ\vehiclenameanimgroup_quid50_P000_Q3.block
0xC4635FF3,path,blocks\VZ\resident_P000_Q3.block
0xC46952C3,path,blocks\VZ\resident_P000_Q3.block
0xC479EBD7,path,blocks\VZ\resident_P000_Q3.block
0xC487BEC8,path,blocks\VZ\resident_P000_Q3.block
0xC48CEB94,lineregion,blocks\VZ\resident_P000_Q3.block
0xC49632F1,path,blocks\VZ\resident_P000_Q3.block
0xC499E90A,animation,blocks\VZ\vehicleclassanimgroup_autolargea_P000_Q3.block
0xC49B7769,path,blocks\VZ\resident_P000_Q3.block
0xC49B7F23,animation,blocks\VZ\characternameanimgroup_mattias_P000_Q3.block
0xC49F269C,animation,blocks\VZ\resident_P000_Q3.block
0xC49FE231,animation,blocks\VZ\vehiclenameanimgroup_cutter_P000_Q3.block
0xC4A7E456,path,blocks\VZ\resident_P000_Q3.block
0xC4AA5AFD,path,blocks\VZ\resident_P000_Q3.block
0xC4BDA963,animation,blocks\VZ\characternameanimgroup_mattias_P000_Q3.block
0xC4C52DE2,model,blocks\VZ\c30268_P000_Q3.block
0xC4C6BC45,effect,blocks\VZ\effects_P000_Q3.block
0xC4CA0291,scrub,blocks\VZ\c30720_P000_Q3.block
0xC4CC13E3,path,blocks\VZ\resident_P000_Q3.block
0xC4D21E0A,path,blocks\VZ\resident_P000_Q3.block
0xC4D8DAD0,scrub,blocks\VZ\c31107_P000_Q3.block
0xC4E12305,path,blocks\VZ\resident_P000_Q3.block
0xC4E3E385,scrub,blocks\VZ\c30234_P000_Q3.block
0xC4E84B73,path,blocks\VZ\resident_P000_Q3.block
0xC4EFD8A1,lowresterrain,blocks\VZ\low_res_terrain_P000_Q3.block
0xC4F4154D,scrub,blocks\VZ\c30813_P000_Q3.block
0xC4F88662,animation,blocks\VZ\vehicleclassanimgroup_truckmid_P000_Q3.block
0xC4FD0CC1,lineregion,blocks\VZ\resident_P000_Q3.block
0xC50872B5,path,blocks\VZ\resident_P000_Q3.block
0xC5096702,animation,blocks\VZ\vehiclenameanimgroup_dinghy_P000_Q3.block
0xC50D4780,animation,blocks\VZ\vehiclenameanimgroup_mh53j_P000_Q3.block
0xC50D6627,path,blocks\VZ\resident_P000_Q3.block
0xC5121C1A,scrub,blocks\VZ\c30103_P000_Q3.block
0xC516A587,path,blocks\VZ\resident_P000_Q3.block
0xC517B4E2,scrub,blocks\VZ\c30959_P000_Q3.block
0xC51853F0,animation,blocks\VZ\vehiclenameanimgroup_vanquish_P000_Q3.block
0xC5212DE4,path,blocks\VZ\resident_P000_Q3.block
0xC523DBB1,path,blocks\VZ\resident_P000_Q3.block
0xC533A4DA,path,blocks\VZ\resident_P000_Q3.block
0xC5362C60,path,blocks\VZ\resident_P000_Q3.block
0xC5411DE4,path,blocks\VZ\resident_P000_Q3.block
0xC5426E38,animation,blocks\VZ\vehiclenameanimgroup_wz10_P000_Q3.block
0xC5427F1F,texture,blocks\Shell\scaleform_shell_P000_Q3.block
0xC543C3A8,scrub,blocks\VZ\c31354_P000_Q3.block
0xC549EB37,path,blocks\VZ\resident_P000_Q3.block
0xC55017BB,texture,blocks\Shell\lti_precache_i5_P000_Q3.block
0xC550FF4B,path,blocks\VZ\resident_P000_Q3.block
0xC5551DE6,animation,blocks\VZ\vehicleclassanimgroup_autolargec_P000_Q3.block
0xC55A34AD,animation,blocks\VZ\characternameanimgroup_soldier_P000_Q3.block
0xC55B43DD,animation,blocks\VZ\characternameanimgroup_chris_P000_Q3.block
0xC5699DAA,animation,blocks\VZ\resident_P000_Q3.block
0xC56C274E,animation,blocks\VZ\vehiclenameanimgroup_recoilless_P000_Q3.block
0xC5736706,path,blocks\VZ\resident_P000_Q3.block
0xC574417C,terrainmesh,blocks\VZ\c31139_P000_Q3.block
0xC5787E1F,path,blocks\VZ\resident_P000_Q3.block
0xC57C6E72,path,blocks\VZ\resident_P000_Q3.block
0xC588439B,path,blocks\VZ\resident_P000_Q3.block
0xC58DE1C1,path,blocks\VZ\resident_P000_Q3.block
0xC5904CE9,path,blocks\VZ\resident_P000_Q3.block
0xC5923F1C,lowresterrain,blocks\VZ\low_res_terrain_P000_Q3.block
0xC5937567,model,blocks\VZ\resident2_P000_Q3.block
0xC59484D4,path,blocks\VZ\resident_P000_Q3.block
0xC5976D73,path,blocks\VZ\resident_P000_Q3.block
0xC5A629A6,path,blocks\VZ\resident_P000_Q3.block
0xC5A9570E,lowresterrain,blocks\VZ\low_res_terrain_P000_Q3.block
0xC5BDA44C,animation,blocks\VZ\vehiclenameanimgroup_m551_P000_Q3.block
0xC5BEC4CE,path,blocks\VZ\resident_P000_Q3.block
0xC5C112A9,path,blocks\VZ\resident_P000_Q3.block
0xC5C23603,model,blocks\VZ\c33693_P000_Q3.block
0xC5C8F9BE,path,blocks\VZ\resident_P000_Q3.block
0xC5CFBA32,path,blocks\VZ\resident_P000_Q3.block
0xC5E31B20,model,blocks\VZ\c30224_P000_Q3.block
0xC5E5C28D,animation,blocks\VZ\vehicleclassanimgroup_motorcycle_P000_Q3.block
0xC5F7FF52,lineregion,blocks\VZ\resident_P000_Q3.block
0xC5FCB1E4,path,blocks\VZ\resident_P000_Q3.block
0xC5FE3F43,scrub,blocks\VZ\c30174_P000_Q3.block
0xC605D1D3,path,blocks\VZ\resident_P000_Q3.block
0xC605F7FB,lineregion,blocks\VZ\resident_P000_Q3.block
0xC6066499,path,blocks\VZ\resident_P000_Q3.block
0xC60A8429,path,blocks\VZ\resident_P000_Q3.block
0xC60CAC7D,lowresterrain,blocks\VZ\low_res_terrain_P000_Q3.block
0xC60E6BC1,terrainmesh,blocks\VZ\c30158_P000_Q3.block
0xC6102811,effect,blocks\VZ\effects_P000_Q3.block
0xC61129C0,scrub,blocks\VZ\c30397_P000_Q3.block
0xC61A8BCC,path,blocks\VZ\resident_P000_Q3.block
0xC628723C,animation,blocks\VZ\vehiclenameanimgroup_huey_P000_Q3.block
0xC62EDFBA,path,blocks\VZ\resident_P000_Q3.block
0xC6324513,texture,blocks\Shell\scaleform_shell_P000_Q3.block
0xC634EE7B,lineregion,blocks\VZ\resident_P000_Q3.block
0xC637933E,scrub,blocks\VZ\c30071_P000_Q3.block
0xC63AA307,animation,blocks\VZ\resident_P000_Q3.block
0xC64490A8,path,blocks\VZ\resident_P000_Q3.block
0xC6490DD6,path,blocks\VZ\resident_P000_Q3.block
0xC64A2002,path,blocks\VZ\resident_P000_Q3.block
0xC64B0CBB,path,blocks\VZ\resident_P000_Q3.block
0xC64F89E9,path,blocks\VZ\resident_P000_Q3.block
0xC6502346,path,blocks\VZ\resident_P000_Q3.block
0xC659F6EF,path,blocks\VZ\resident_P000_Q3.block
0xC65CD800,scrub,blocks\VZ\c31276_P000_Q3.block
0xC65E8717,animation,blocks\VZ\resident_P000_Q3.block
0xC667B944,animation,blocks\VZ\vehiclenameanimgroup_scooter_P000_Q3.block
0xC668CCB1,path,blocks\VZ\resident_P000_Q3.block
0xC66F2040,scrub,blocks\VZ\c30198_P000_Q3.block
0xC6711684,path,blocks\VZ\resident_P000_Q3.block
0xC6748B87,lineregion,blocks\VZ\resident_P000_Q3.block
0xC67593B2,path,blocks\VZ\resident_P000_Q3.block
0xC67E7C74,animation,blocks\VZ\vehicleclassanimgroup_autolargeb_P000_Q3.block
0xC67EC042,texture,blocks\Shell\scaleform_shell_P000_Q3.block
0xC68ADB00,model,blocks\VZ\resident2_P000_Q3.block
0xC6944EDB,animation,blocks\VZ\vehicleclassanimgroup_autosmall_P000_Q3.block
0xC699BAAD,lineregion,blocks\VZ\resident_P000_Q3.block
0xC69D7DD8,lineregion,blocks\VZ\resident_P000_Q3.block
0xC6AA8583,scrub,blocks\VZ\c31061_P000_Q3.block
0xC6AEA247,animation,blocks\VZ\vehiclenameanimgroup_scorpiondpv_P000_Q3.block
0xC6AF06BC,path,blocks\VZ\resident_P000_Q3.block
0xC6B24BAF,animation,blocks\VZ\vehicleclassanimgroup_chair_P000_Q3.block
0xC6B24F44,effect,blocks\VZ\effects_P000_Q3.block
0xC6B35CDE,path,blocks\VZ\resident_P000_Q3.block
0xC6C5A80B,animation,blocks\VZ\vehicleclassanimgroup_truckmid_P000_Q3.block
0xC6CB4ACA,scrub,blocks\VZ\c31354_P000_Q3.block
0xC6D4FCBC,animation,blocks\VZ\vehiclenameanimgroup_mi35solano_P000_Q3.block
0xC6D83676,animation,blocks\VZ\vehiclenameanimgroup_huey_P000_Q3.block
0xC6D88BB9,lineregion,blocks\VZ\resident_P000_Q3.block
0xC6F9D5DE,terrainmesh,blocks\VZ\c30305_P000_Q3.block
0xC7031BCE,path,blocks\VZ\resident_P000_Q3.block
0xC7063D6A,path,blocks\VZ\resident_P000_Q3.block
0xC70C390F,animation,blocks\VZ\characternameanimgroup_jennifer_P000_Q3.block
0xC711EFFA,scrub,blocks\VZ\c31364_P000_Q3.block
0xC717F554,path,blocks\VZ\resident_P000_Q3.block
0xC71B6284,animation,blocks\VZ\vehiclenameanimgroup_mi35_P000_Q3.block
0xC71FAED0,path,blocks\VZ\resident_P000_Q3.block
0xC7229469,animation,blocks\VZ\resident_P000_Q3.block
0xC722FC1A,animation,blocks\VZ\vehiclenameanimgroup_stingray_P000_Q3.block
0xC725AE10,path,blocks\VZ\resident_P000_Q3.block
0xC72807AA,effect,blocks\VZ\effects_P000_Q3.block
0xC7296393,path,blocks\VZ\resident_P000_Q3.block
0xC73AD84D,animation,blocks\VZ\vehiclenameanimgroup_ztz63a_P000_Q3.block
0xC73D9205,path,blocks\VZ\resident_P000_Q3.block
0xC73DC8D3,model,blocks\VZ\c31075_P000_Q3.block
0xC73F4831,path,blocks\VZ\resident_P000_Q3.block
0xC74514A8,path,blocks\VZ\resident_P000_Q3.block
0xC746F55B,animation,blocks\VZ\characternameanimgroup_ocexecbox_P000_Q3.block
0xC749449F,effect,blocks\VZ\effects_P000_Q3.block
0xC74ADBBF,model,blocks\VZ\c30377_P000_Q3.block
0xC7537BFA,animation,blocks\VZ\resident_P000_Q3.block
0xC7541BDB,animation,blocks\VZ\resident_P000_Q3.block
0xC75F80EE,path,blocks\VZ\resident_P000_Q3.block
0xC75FEBCD,path,blocks\VZ\resident_P000_Q3.block
0xC76110C8,animation,blocks\VZ\resident_P000_Q3.block
0xC766A5D5,animation,blocks\VZ\vehiclenameanimgroup_dragster_P000_Q3.block
0xC769C779,scrub,blocks\VZ\c30209_P000_Q3.block
0xC76DCA3E,animation,blocks\VZ\vehiclenameanimgroup_highvoltage_P000_Q3.block
0xC7767BBE,path,blocks\VZ\resident_P000_Q3.block
0xC7829331,path,blocks\VZ\resident_P000_Q3.block
0xC78890D6,path,blocks\VZ\resident_P000_Q3.block
0xC7889776,texture,blocks\Shell\scaleform_shell_P000_Q3.block
0xC78D64D6,path,blocks\VZ\resident_P000_Q3.block
0xC7970777,lineregion,blocks\VZ\resident_P000_Q3.block
0xC79996B9,scrub,blocks\VZ\c30239_P000_Q3.block
0xC79C498E,animation,blocks\VZ\vehiclenameanimgroup_amx30_P000_Q3.block
0xC79EAD75,lineregion,blocks\VZ\resident_P000_Q3.block
0xC7B2975A,path,blocks\VZ\resident_P000_Q3.block
0xC7BAE23D,animation,blocks\VZ\vehiclenameanimgroup_barco_P000_Q3.block
0xC7BAE68D,animation,blocks\VZ\vehicleclassanimgroup_buggy_P000_Q3.block
0xC7BFFB0B,effect,blocks\VZ\effects_P000_Q3.block
0xC7C74C19,path,blocks\VZ\resident_P000_Q3.block
0xC7CA31BF,path,blocks\VZ\resident_P000_Q3.block
0xC7CF6F49,path,blocks\VZ\resident_P000_Q3.block
0xC7CF86D1,scrub,blocks\VZ\c30084_P000_Q3.block
0xC7D675B4,texture,blocks\Shell\scaleform_shell_P000_Q3.block
0xC7DAF2E2,texture,blocks\Shell\scaleform_shell_P000_Q3.block
0xC7DF3489,path,blocks\VZ\resident_P000_Q3.block
0xC7E194DB,path,blocks\VZ\resident_P000_Q3.block
0xC7E45FFD,animation,blocks\VZ\resident_P000_Q3.block
0xC7F568AD,animation,blocks\VZ\vehiclenameanimgroup_ka29b_P000_Q3.block
0xC7FD3FA9,path,blocks\VZ\resident_P000_Q3.block
0xC80AF46F,animation,blocks\VZ\vehiclenameanimgroup_amx30_P000_Q3.block
0xC810EED4,animation,blocks\VZ\vehiclenameanimgroup_wz10_P000_Q3.block
0xC81685EC,path,blocks\VZ\resident_P000_Q3.block
0xC81AAA8C,scrub,blocks\VZ\c31294_P000_Q3.block
0xC820D10D,path,blocks\VZ\resident_P000_Q3.block
0xC8275AE5,path,blocks\VZ\resident_P000_Q3.block
0xC8293468,animation,blocks\VZ\vehiclenameanimgroup_mi35solano_P000_Q3.block
0xC8311ED1,lineregion,blocks\VZ\resident_P000_Q3.block
0xC836EDB4,path,blocks\VZ\resident_P000_Q3.block
0xC839E04D,path,blocks\VZ\resident_P000_Q3.block
0xC83B6AE2,path,blocks\VZ\resident_P000_Q3.block
0xC83C6E4C,model,blocks\VZ\c39998_P000_Q3.block
0xC8430428,lowresterrain,blocks\VZ\low_res_terrain_P000_Q3.block
0xC844B0AD,animation,blocks\VZ\characternameanimgroup_jennifer_P000_Q3.block
0xC846E6FD,animation,blocks\VZ\resident_P000_Q3.block
0xC848FDBB,lineregion,blocks\VZ\resident_P000_Q3.block
0xC84FD067,path,blocks\VZ\resident_P000_Q3.block
0xC856C7AD,animation,blocks\VZ\characternameanimgroup_jennifer_P000_Q3.block
0xC86A7342,animation,blocks\VZ\vehicleclassanimgroup_autolargec_P000_Q3.block
0xC86FA65B,animation,blocks\VZ\vehiclenameanimgroup_scorpion90_P000_Q3.block
0xC880639E,path,blocks\VZ\resident_P000_Q3.block
0xC88158D8,model,blocks\VZ\c33297_P000_Q3.block
0xC883F649,lineregion,blocks\VZ\resident_P000_Q3.block
0xC88649D0,texture,blocks\Shell\scaleform_shell_P000_Q3.block
0xC88866FB,animation,blocks\VZ\vehiclenameanimgroup_cigarette_P000_Q3.block
0xC88AD6C1,animation,blocks\VZ\vehiclenameanimgroup_ztz63a_P000_Q3.block
0xC88D57B2,terrainmesh,blocks\VZ\c30296_P000_Q3.block
0xC88D9B0B,path,blocks\VZ\resident_P000_Q3.block
0xC88E9EDB,path,blocks\VZ\resident_P000_Q3.block
0xC88F173C,animation,blocks\VZ\vehiclenameanimgroup_swamp_P000_Q3.block
0xC892E887,path,blocks\VZ\resident_P000_Q3.block
0xC89399C9,path,blocks\VZ\resident_P000_Q3.block
0xC894A387,effect,blocks\VZ\effects_P000_Q3.block
0xC895432E,path,blocks\VZ\resident_P000_Q3.block
0xC89B0E4D,path,blocks\VZ\resident_P000_Q3.block
0xC89E5431,animation,blocks\VZ\vehiclenameanimgroup_turbosquid_P000_Q3.block
0xC8A945D9,path,blocks\VZ\resident_P000_Q3.block
0xC8AB3D9F,path,blocks\VZ\resident_P000_Q3.block
0xC8B49907,path,blocks\VZ\resident_P000_Q3.block
0xC8B68133,path,blocks\VZ\resident_P000_Q3.block
0xC8B81DEE,scrub,blocks\VZ\c30161_P000_Q3.block
0xC8BC819B,path,blocks\VZ\resident_P000_Q3.block
0xC8BFFDEC,animation,blocks\VZ\resident_P000_Q3.block
0xC8C1677A,lowresterrain,blocks\VZ\low_res_terrain_P000_Q3.block
0xC8D7B002,path,blocks\VZ\resident_P000_Q3.block
0xC8DDCAE4,animation,blocks\VZ\vehiclenameanimgroup_ah1z_P000_Q3.block
0xC8E3021D,texture,blocks\English\guilayouts_P000_Q3.block
0xC8E68701,animation,blocks\VZ\vehiclenameanimgroup_scorpiondpv_P000_Q3.block
0xC8E96E79,path,blocks\VZ\resident_P000_Q3.block
0xC8E9BC72,animation,blocks\VZ\vehiclenameanimgroup_alouette3_P000_Q3.block
0xC8EB37F7,path,blocks\VZ\resident_P000_Q3.block
0xC8EDE1DF,path,blocks\VZ\resident_P000_Q3.block
0xC8EDE46A,lineregion,blocks\VZ\resident_P000_Q3.block
0xC8F0D7BD,animation,blocks\VZ\vehiclenameanimgroup_alouette3_P000_Q3.block
0xC8F93B64,lineregion,blocks\VZ\resident_P000_Q3.block
0xC8F9749D,path,blocks\VZ\resident_P000_Q3.block
0xC901BEC3,lineregion,blocks\VZ\resident_P000_Q3.block
0xC9053325,path,blocks\VZ\resident_P000_Q3.block
0xC9087A2A,path,blocks\VZ\resident_P000_Q3.block
0xC9090A68,scrub,blocks\VZ\c30846_P000_Q3.block
0xC910607F,lowresterrain,blocks\VZ\low_res_terrain_P000_Q3.block
0xC910FBF8,animation,blocks\VZ\resident_P000_Q3.block
0xC911586E,model,blocks\VZ\effects_P000_Q3.block
0xC912E603,path,blocks\VZ\resident_P000_Q3.block
0xC918E543,path,blocks\VZ\resident_P000_Q3.block
0xC91E55A3,animation,blocks\VZ\characternameanimgroup_mattias_P000_Q3.block
0xC92433F3,path,blocks\VZ\resident_P000_Q3.block
0xC924C46D,path,blocks\VZ\resident_P000_Q3.block
0xC9299400,path,blocks\VZ\resident_P000_Q3.block
0xC930CB08,path,blocks\VZ\resident_P000_Q3.block
0xC931E3D4,scrub,blocks\VZ\c30547_P000_Q3.block
0xC9362D73,animation,blocks\VZ\characternameanimgroup_mattias_P000_Q3.block
0xC949ADEC,animation,blocks\VZ\vehiclenameanimgroup_scorpion90_P000_Q3.block
0xC94AD0E8,path,blocks\VZ\resident_P000_Q3.block
0xC957675F,animation,blocks\VZ\vehiclenameanimgroup_md500_P000_Q3.block
0xC95ECAA9,terrainmesh,blocks\VZ\c31028_P000_Q3.block
0xC95F9805,animation,blocks\VZ\vehiclenameanimgroup_piranha_P000_Q3.block
0xC975984D,animation,blocks\VZ\vehiclenameanimgroup_armwrestle_P000_Q3.block
0xC97E3277,path,blocks\VZ\resident_P000_Q3.block
0xC98130EC,animation,blocks\VZ\resident_P000_Q3.block
0xC98EDD62,animation,blocks\VZ\vehicleclassanimgroup_motorcycle_P000_Q3.block
0xC9943549,animation,blocks\VZ\vehiclenameanimgroup_ah1z_P000_Q3.block
0xC995555A,animation,blocks\VZ\resident_P000_Q3.block
0xC99D69BC,lowresterrain,blocks\VZ\low_res_terrain_P000_Q3.block
0xC99F6E8D,animation,blocks\VZ\resident_P000_Q3.block
0xC9A0FBBE,lineregion,blocks\VZ\resident_P000_Q3.block
0xC9A4328A,animation,blocks\VZ\vehiclenameanimgroup_vanquish_P000_Q3.block
0xC9B1B953,chatter,blocks\VZ\resident_P000_Q3.block
0xC9B22562,path,blocks\VZ\resident_P000_Q3.block
0xC9B41696,animation,blocks\VZ\vehiclenameanimgroup_m113_P000_Q3.block
0xC9B4F0DF,animation,blocks\VZ\vehicleclassanimgroup_hmmwv_P000_Q3.block
0xC9C0259A,path,blocks\VZ\resident_P000_Q3.block
0xC9C42E5C,lowresterrain,blocks\VZ\low_res_terrain_P000_Q3.block
0xC9C69D64,path,blocks\VZ\resident_P000_Q3.block
0xC9CBF988,model,blocks\VZ\c32475_P000_Q3.block
0xC9CDEC49,texture,blocks\Shell\scaleform_shell_P000_Q3.block
0xC9D4E9A3,path,blocks\VZ\resident_P000_Q3.block
0xC9D5F882,lowresterrain,blocks\VZ\low_res_terrain_P000_Q3.block
0xC9D785BF,lowresterrain,blocks\VZ\low_res_terrain_P000_Q3.block
0xC9DDEAB3,animation,blocks\VZ\resident_P000_Q3.block
0xC9E3F3B6,path,blocks\VZ\resident_P000_Q3.block
0xC9E7156C,path,blocks\VZ\resident_P000_Q3.block
0xC9E833AE,path,blocks\VZ\resident_P000_Q3.block
0xC9EFC7EC,animation,blocks\VZ\resident_P000_Q3.block
0xC9F75993,animation,blocks\VZ\vehicleclassanimgroup_autosmall_P000_Q3.block
0xCA04DB4B,path,blocks\VZ\resident_P000_Q3.block
0xCA066E08,path,blocks\VZ\resident_P000_Q3.block
0xCA0A7F45,lowresterrain,blocks\VZ\low_res_terrain_P000_Q3.block
0xCA0B4556,terrainmesh,blocks\VZ\c30307_P000_Q3.block
0xCA120618,path,blocks\VZ\resident_P000_Q3.block
0xCA1E2232,lineregion,blocks\VZ\resident_P000_Q3.block
0xCA1E91B5,path,blocks\VZ\resident_P000_Q3.block
0xCA270D1B,animation,blocks\VZ\vehiclenameanimgroup_alouette3_P000_Q3.block
0xCA2CA331,path,blocks\VZ\resident_P000_Q3.block
0xCA312724,animation,blocks\VZ\vehicleclassanimgroup_truckmid_P000_Q3.block
0xCA34E9BF,animation,blocks\VZ\vehiclenameanimgroup_ka29b_P000_Q3.block
0xCA37C424,path,blocks\VZ\resident_P000_Q3.block
0xCA39A3FC,effect,blocks\VZ\effects_P000_Q3.block
0xCA3B5C91,texture,blocks\Shell\scaleform_shell_P000_Q3.block
0xCA3D230D,path,blocks\VZ\resident_P000_Q3.block
0xCA480AF4,scrub,blocks\VZ\c30796_P000_Q3.block
0xCA491944,lineregion,blocks\VZ\resident_P000_Q3.block
0xCA4CA71C,lowresterrain,blocks\VZ\low_res_terrain_P000_Q3.block
0xCA4D438F,path,blocks\VZ\resident_P000_Q3.block
0xCA525117,animation,blocks\VZ\vehiclenameanimgroup_ka29b_P000_Q3.block
0xCA581314,path,blocks\VZ\resident_P000_Q3.block
0xCA5A3EA7,scrub,blocks\VZ\c30836_P000_Q3.block
0xCA5A97BA,terrainmesh,blocks\VZ\c30104_P000_Q3.block
0xCA643DB5,animation,blocks\VZ\vehiclenameanimgroup_sportbike_P000_Q3.block
0xCA673840,path,blocks\VZ\resident_P000_Q3.block
0xCA67630F,terrainmesh,blocks\VZ\c30746_P000_Q3.block
0xCA67E07B,terrainmesh,blocks\VZ\c30010_P000_Q3.block
0xCA6AD593,animation,blocks\VZ\vehiclenameanimgroup_wz10_P000_Q3.block
0xCA7346A9,model,blocks\VZ\c30790_P000_Q3.block
0xCA77AC6E,texture,blocks\Shell\scaleform_shell_P000_Q3.block
0xCA786014,animation,blocks\VZ\vehicleclassanimgroup_motorcycle_P000_Q3.block
0xCA78F631,lineregion,blocks\VZ\resident_P000_Q3.block
0xCA79488D,path,blocks\VZ\resident_P000_Q3.block
0xCA79B485,scrub,blocks\VZ\c30176_P000_Q3.block
0xCA7E8B1B,path,blocks\VZ\resident_P000_Q3.block
0xCA7EE99F,animation,blocks\VZ\vehiclenameanimgroup_scooter_P000_Q3.block
0xCA8922C8,animation,blocks\VZ\resident_P000_Q3.block
0xCA8C7730,animation,blocks\VZ\vehiclenameanimgroup_type 14310_P000_Q3.block
0xCA8F1ED3,scrub,blocks\VZ\c31411_P000_Q3.block
0xCA938349,path,blocks\VZ\resident_P000_Q3.block
0xCA9E0CF5,path,blocks\VZ\resident_P000_Q3.block
0xCAA12083,animation,blocks\VZ\resident_P000_Q3.block
0xCAA572D2,animation,blocks\VZ\resident_P000_Q3.block
0xCAB07977,model,blocks\VZ\c32487_P000_Q3.block
0xCAB7FB85,lineregion,blocks\VZ\resident_P000_Q3.block
0xCABDD6AE,path,blocks\VZ\resident_P000_Q3.block
0xCABF84BF,path,blocks\VZ\resident_P000_Q3.block
0xCAC578C6,path,blocks\VZ\resident_P000_Q3.block
0xCACB480B,lineregion,blocks\VZ\resident_P000_Q3.block
0xCAD1E0AF,scrub,blocks\VZ\c30398_P000_Q3.block
0xCAD47875,path,blocks\VZ\resident_P000_Q3.block
0xCAD8E867,path,blocks\VZ\resident_P000_Q3.block
0xCAD9279C,path,blocks\VZ\resident_P000_Q3.block
0xCADD25AE,path,blocks\VZ\resident_P000_Q3.block
0xCAE1EB8D,lineregion,blocks\VZ\resident_P000_Q3.block
0xCAE272C1,animation,blocks\VZ\vehiclenameanimgroup_huey_P000_Q3.block
0xCAE998A0,path,blocks\VZ\resident_P000_Q3.block
0xCAF08F66,path,blocks\VZ\resident_P000_Q3.block
0xCAF88D48,path,blocks\VZ\resident_P000_Q3.block
0xCAFD757A,path,blocks\VZ\resident_P000_Q3.block
0xCAFE197D,animation,blocks\VZ\resident_P000_Q3.block
0xCB076E4F,path,blocks\VZ\resident_P000_Q3.block
0xCB150A96,path,blocks\VZ\resident_P000_Q3.block
0xCB19C39D,animation,blocks\VZ\characternameanimgroup_soldier_P000_Q3.block
0xCB1EA0E6,path,blocks\VZ\resident_P000_Q3.block
0xCB206C2A,path,blocks\VZ\resident_P000_Q3.block
0xCB2BAA92,animation,blocks\VZ\vehiclenameanimgroup_ztz98_P000_Q3.block
0xCB3EEBBB,path,blocks\VZ\resident_P000_Q3.block
0xCB451D3C,path,blocks\VZ\resident_P000_Q3.block
0xCB4832FE,terrainmesh,blocks\VZ\c30723_P000_Q3.block
0xCB4BFF8D,path,blocks\VZ\resident_P000_Q3.block
0xCB4C6EAB,model,blocks\VZ\c30291_P000_Q3.block
0xCB4EB747,path,blocks\VZ\resident_P000_Q3.block
0xCB50CDF1,terrainmesh,blocks\VZ\c30834_P000_Q3.block
0xCB577277,path,blocks\VZ\resident_P000_Q3.block
0xCB59AE6A,path,blocks\VZ\resident_P000_Q3.block
0xCB64758B,path,blocks\VZ\resident_P000_Q3.block
0xCB68F2B9,path,blocks\VZ\resident_P000_Q3.block
0xCB6FE5A9,effect,blocks\VZ\effects_P000_Q3.block
0xCB70548B,animation,blocks\VZ\characternameanimgroup_chris_P000_Q3.block
0xCB71FF5D,path,blocks\VZ\resident_P000_Q3.block
0xCB8ECC76,path,blocks\VZ\resident_P000_Q3.block
0xCB960AE2,path,blocks\VZ\resident_P000_Q3.block
0xCB99EBF6,animation,blocks\VZ\vehiclenameanimgroup_ztz98_P000_Q3.block
0xCBA295EE,soundbank;sounddb,blocks\English\vo_resident_P000_Q3.block
0xCBA71EC0,animation,blocks\VZ\vehiclenameanimgroup_mi35_P000_Q3.block
0xCBA9E08C,scrub,blocks\VZ\c30074_P000_Q3.block
0xCBB2FEA5,path,blocks\VZ\resident_P000_Q3.block
0xCBBA724B,path,blocks\VZ\resident_P000_Q3.block
0xCBBEEF79,path,blocks\VZ\resident_P000_Q3.block
0xCBC0EB9A,animation,blocks\VZ\vehiclenameanimgroup_stingray_P000_Q3.block
0xCBCDABFF,path,blocks\VZ\resident_P000_Q3.block
0xCBD5AF5F,path,blocks\VZ\resident_P000_Q3.block
0xCBD6ACDE,lowresterrain,blocks\VZ\low_res_terrain_P000_Q3.block
0xCBDEA01D,path,blocks\VZ\resident_P000_Q3.block
0xCBDFB89E,path,blocks\VZ\resident_P000_Q3.block
0xCBE1D3BB,scrub,blocks\VZ\c30547_P000_Q3.block
0xCBE4BFBB,path,blocks\VZ\resident_P000_Q3.block
0xCBE5635D,animation,blocks\VZ\vehiclenameanimgroup_wz551_P000_Q3.block
0xCBE93CE9,path,blocks\VZ\resident_P000_Q3.block
0xCBEC0C55,scrub,blocks\VZ\c30576_P000_Q3.block
0xCC01B77B,path,blocks\VZ\resident_P000_Q3.block
0xCC0634A9,path,blocks\VZ\resident_P000_Q3.block
0xCC0FFED8,lineregion,blocks\VZ\resident_P000_Q3.block
0xCC10ACE1,path,blocks\VZ\resident_P000_Q3.block
0xCC1155E0,animation,blocks\VZ\vehiclenameanimgroup_laviii_P000_Q3.block
0xCC133D21,path,blocks\VZ\resident_P000_Q3.block
0xCC1433D9,path,blocks\VZ\resident_P000_Q3.block
0xCC17C380,animation,blocks\VZ\resident_P000_Q3.block
0xCC1A7320,animation,blocks\VZ\resident_P000_Q3.block
0xCC1ED531,path,blocks\VZ\resident_P000_Q3.block
0xCC20B3F1,path,blocks\VZ\resident_P000_Q3.block
0xCC275D0B,animation,blocks\VZ\vehiclenameanimgroup_turbosquid_P000_Q3.block
0xCC27AC41,path,blocks\VZ\resident_P000_Q3.block
0xCC2FEA13,path,blocks\VZ\resident_P000_Q3.block
0xCC3BC793,animation,blocks\VZ\vehiclenameanimgroup_ztz63a_P000_Q3.block
0xCC3C286E,effect,blocks\VZ\effects_P000_Q3.block
0xCC50FED4,path,blocks\VZ\resident_P000_Q3.block
0xCC5ABD9C,animation,blocks\VZ\resident_P000_Q3.block
0xCC6021A8,path,blocks\VZ\resident_P000_Q3.block
0xCC64E22D,path,blocks\VZ\resident_P000_Q3.block
0xCC6525CD,animation,blocks\VZ\vehiclenameanimgroup_scorpion90_P000_Q3.block
0xCC657AEC,animation,blocks\VZ\vehicleclassanimgroup_automedium_P000_Q3.block
0xCC711D3B,lineregion,blocks\VZ\resident_P000_Q3.block
0xCC72AF94,texture,blocks\Shell\italian_P000_Q3.block
0xCC759A69,lineregion,blocks\VZ\resident_P000_Q3.block
0xCC7F95B4,effect,blocks\VZ\effects_P000_Q3.block
0xCC83CD8F,animation,blocks\VZ\vehiclenameanimgroup_riflewindow_P000_Q3.block
0xCC91B4BA,animation,blocks\VZ\vehicleclassanimgroup_autolargeb_P000_Q3.block
0xCC9ABCB7,path,blocks\VZ\resident_P000_Q3.block
0xCC9ECD5D,path,blocks\VZ\resident_P000_Q3.block
0xCCA4C4C3,path,blocks\VZ\resident_P000_Q3.block
0xCCA4C8C9,animation,blocks\VZ\vehiclenameanimgroup_md500_P000_Q3.block
0xCCA57F7B,lineregion,blocks\VZ\resident_P000_Q3.block
0xCCA9FCA9,lineregion,blocks\VZ\resident_P000_Q3.block
0xCCAD6765,path,blocks\VZ\resident_P000_Q3.block
0xCCAEF65B,animation,blocks\VZ\characternameanimgroup_chris_P000_Q3.block
0xCCB22D75,path,blocks\VZ\resident_P000_Q3.block
0xCCB2E8B1,path,blocks\VZ\resident_P000_Q3.block
0xCCB6B257,animation,blocks\VZ\characternameanimgroup_chris_P000_Q3.block
0xCCBADE74,animation,blocks\VZ\vehiclenameanimgroup_zbd2000_P000_Q3.block
0xCCBE90E9,animation,blocks\VZ\vehiclenameanimgroup_mattiaschopper_P000_Q3.block
0xCCD6A7BD,path,blocks\VZ\resident_P000_Q3.block
0xCCDC177D,scrub,blocks\VZ\c30241_P000_Q3.block
0xCCDEAAA3,path,blocks\VZ\resident_P000_Q3.block
0xCCE52ED7,path,blocks\VZ\resident_P000_Q3.block
0xCCEE9FF9,scrub,blocks\VZ\c31386_P000_Q3.block
0xCCF00C89,terrainmesh,blocks\VZ\c31312_P000_Q3.block
0xCCFA78BD,path,blocks\VZ\resident_P000_Q3.block
0xCCFEA3C4,path,blocks\VZ\resident_P000_Q3.block
0xCD0320F2,path,blocks\VZ\resident_P000_Q3.block
0xCD069845,effect,blocks\VZ\effects_P000_Q3.block
0xCD08A465,terrainmesh,blocks\VZ\c30086_P000_Q3.block
0xCD0FEA77,animation,blocks\VZ\vehicleclassanimgroup_autolargea_P000_Q3.block
0xCD118345,model,blocks\VZ\c30618_P000_Q3.block
0xCD16EDDE,path,blocks\VZ\resident_P000_Q3.block
0xCD1EA8A6,animation,blocks\VZ\vehiclenameanimgroup_50cal_P000_Q3.block
0xCD241D16,animation,blocks\VZ\resident_P000_Q3.block
0xCD26847E,path,blocks\VZ\resident_P000_Q3.block
0xCD2731E6,animation,blocks\VZ\vehicleclassanimgroup_motorcycle_P000_Q3.block
0xCD29BA45,animation,blocks\VZ\vehiclenameanimgroup_armored bank truck_P000_Q3.block
0xCD33349F,animation,blocks\VZ\vehicleclassanimgroup_truckmid_P000_Q3.block
0xCD347926,path,blocks\VZ\resident_P000_Q3.block
0xCD3BF4E5,path,blocks\VZ\resident_P000_Q3.block
0xCD50171A,chatter,blocks\VZ\resident_P000_Q3.block
0xCD514B14,lowresterrain,blocks\VZ\low_res_terrain_P000_Q3.block
0xCD547895,terrainmesh,blocks\VZ\c30247_P000_Q3.block
0xCD59010A,path,blocks\VZ\resident_P000_Q3.block
0xCD59E603,animation,blocks\VZ\vehiclenameanimgroup_chopper_P000_Q3.block
0xCD5B8FC4,path,blocks\VZ\resident_P000_Q3.block
0xCD600CF2,path,blocks\VZ\resident_P000_Q3.block
0xCD688160,path,blocks\VZ\resident_P000_Q3.block
0xCD709060,path,blocks\VZ\resident_P000_Q3.block
0xCD73D08E,path,blocks\VZ\resident_P000_Q3.block
0xCD794F09,path,blocks\VZ\resident_P000_Q3.block
0xCD7AE2E1,animation,blocks\VZ\vehiclenameanimgroup_ka29b_P000_Q3.block
0xCD817BBA,animation,blocks\VZ\vehiclenameanimgroup_armored bank truck_P000_Q3.block
0xCD8D4EB8,path,blocks\VZ\resident_P000_Q3.block
0xCD8D7C94,animation,blocks\VZ\resident_P000_Q3.block
0xCD97356E,animation,blocks\VZ\characternameanimgroup_albatter_P000_Q3.block
0xCD9C64E8,path,blocks\VZ\resident_P000_Q3.block
0xCD9F16AA,scrub,blocks\VZ\c30281_P000_Q3.block
0xCDADCCF6,scrub,blocks\VZ\c31103_P000_Q3.block
0xCDC27847,path,blocks\VZ\resident_P000_Q3.block
0xCDCCBBFB,animation,blocks\VZ\vehiclenameanimgroup_m551_P000_Q3.block
0xCDE366CD,scrub,blocks\VZ\c30547_P000_Q3.block
0xCDE621CA,lineregion,blocks\VZ\resident_P000_Q3.block
0xCDEE11D2,path,blocks\VZ\resident_P000_Q3.block
0xCDF0AF42,terrainmesh,blocks\VZ\c31230_P000_Q3.block
0xCDFC0238,path,blocks\VZ\resident_P000_Q3.block
0xCE08E905,path,blocks\VZ\resident_P000_Q3.block
0xCE1A4F46,texture,blocks\Shell\scaleform_shell_P000_Q3.block
0xCE25DFE1,scrub,blocks\VZ\c31294_P000_Q3.block
0xCE28C977,path,blocks\VZ\resident_P000_Q3.block
0xCE2EE9AC,lineregion,blocks\VZ\resident_P000_Q3.block
0xCE3AC4CB,animation,blocks\VZ\resident_P000_Q3.block
0xCE458A60,path,blocks\VZ\resident_P000_Q3.block
0xCE5358DB,path,blocks\VZ\resident_P000_Q3.block
0xCE545B58,path,blocks\VZ\resident_P000_Q3.block
0xCE5B636E,path,blocks\VZ\resident_P000_Q3.block
0xCE5E4627,animation,blocks\VZ\vehicleclassanimgroup_hmmwv_P000_Q3.block
0xCE611961,animation,blocks\VZ\vehiclenameanimgroup_m2a3_P000_Q3.block
0xCE675828,path,blocks\VZ\resident_P000_Q3.block
0xCE688939,animation,blocks\VZ\vehicleclassanimgroup_motorcycle_P000_Q3.block
0xCE6CD38C,animation,blocks\VZ\characternameanimgroup_soldier_P000_Q3.block
0xCE6DB515,animation,blocks\VZ\vehiclenameanimgroup_mi35_P000_Q3.block
0xCE7E24FA,animation,blocks\VZ\vehicleclassanimgroup_drinkingfountain_P000_Q3.block
0xCE820EB9,path,blocks\VZ\resident_P000_Q3.block
0xCE832E85,lowresterrain,blocks\VZ\low_res_terrain_P000_Q3.block
0xCE87EA25,animation,blocks\VZ\resident_P000_Q3.block
0xCE8ACC96,path,blocks\VZ\resident_P000_Q3.block
0xCE8DD5B0,path,blocks\VZ\resident_P000_Q3.block
0xCE8FEE13,lineregion,blocks\VZ\resident_P000_Q3.block
0xCE98ACAA,path,blocks\VZ\resident_P000_Q3.block
0xCE99630D,model,blocks\VZ\c32793_P000_Q3.block
0xCE9EF0D5,terrainmesh,blocks\VZ\c31257_P000_Q3.block
0xCEA26E4B,path,blocks\VZ\resident_P000_Q3.block
0xCEA46A43,animation,blocks\VZ\resident_P000_Q3.block
0xCEA6EB79,path,blocks\VZ\resident_P000_Q3.block
0xCEA9FD6C,animation,blocks\VZ\vehiclenameanimgroup_mattiaschopper_P000_Q3.block
0xCEAAC4FD,path,blocks\VZ\resident_P000_Q3.block
0xCEAEB370,animation,blocks\VZ\vehiclenameanimgroup_m1a2_P000_Q3.block
0xCEBDF865,path,blocks\VZ\resident_P000_Q3.block
0xCEC0EA71,animation,blocks\VZ\vehiclenameanimgroup_tow_P000_Q3.block
0xCEC3B0E8,animation,blocks\VZ\vehiclenameanimgroup_m1a2_P000_Q3.block
0xCEC3D294,path,blocks\VZ\resident_P000_Q3.block
0xCEC4E8B1,scrub,blocks\VZ\c30092_P000_Q3.block
0xCED30994,animation,blocks\VZ\vehiclenameanimgroup_scorpiondpv_P000_Q3.block
0xCED56F2A,lowresterrain,blocks\VZ\low_res_terrain_P000_Q3.block
0xCED5C90F,lowresterrain,blocks\VZ\low_res_terrain_P000_Q3.block
0xCEDB48E8,lowresterrain,blocks\VZ\low_res_terrain_P000_Q3.block
0xCEDB955A,model,blocks\VZ\resident2_P000_Q3.block
0xCEDF9CE8,animation,blocks\VZ\vehiclenameanimgroup_m113_P000_Q3.block
0xCEE629E7,lineregion,blocks\VZ\resident_P000_Q3.block
0xCEE9F39B,path,blocks\VZ\resident_P000_Q3.block
0xCEF25873,scrub,blocks\VZ\c31377_P000_Q3.block
0xCF0AA2D6,animation,blocks\VZ\characternameanimgroup_jennifer_P000_Q3.block
0xCF0EAD5C,animation,blocks\VZ\vehiclenameanimgroup_huey_P000_Q3.block
0xCF10F33C,path,blocks\VZ\resident_P000_Q3.block
0xCF1C0331,path,blocks\VZ\resident_P000_Q3.block
0xCF1CAE51,animation,blocks\VZ\characternameanimgroup_soldier_P000_Q3.block
0xCF23D523,animation,blocks\VZ\vehicleclassanimgroup_autolargeb_P000_Q3.block
0xCF2C4DE4,animation,blocks\VZ\vehiclenameanimgroup_mh53j_P000_Q3.block
0xCF2CC1BD,animation,blocks\VZ\vehiclenameanimgroup_md500_P000_Q3.block
0xCF356083,effect,blocks\VZ\effects_P000_Q3.block
0xCF3DB7E0,terrainmesh,blocks\VZ\c31395_P000_Q3.block
0xCF42058C,scrub,blocks\VZ\c31272_P000_Q3.block
0xCF457A14,animation,blocks\VZ\resident_P000_Q3.block
0xCF520AC3,scrub,blocks\VZ\c30983_P000_Q3.block
0xCF52A55C,scrub,blocks\VZ\c30178_P000_Q3.block
0xCF5DFAA4,path,blocks\VZ\resident_P000_Q3.block
0xCF5F05F5,model,blocks\VZ\c30411_P000_Q3.block
0xCF6227C2,scrub,blocks\VZ\c31258_P000_Q3.block
0xCF63C793,path,blocks\VZ\resident_P000_Q3.block
0xCF668DA2,animation,blocks\VZ\vehiclenameanimgroup_scorpiondpv_P000_Q3.block
0xCF684A16,path,blocks\VZ\resident_P000_Q3.block
0xCF68F8F5,animation,blocks\VZ\resident_P000_Q3.block
0xCF6B5B56,path,blocks\VZ\resident_P000_Q3.block
0xCF744BD9,animation,blocks\VZ\characternameanimgroup_chris_P000_Q3.block
0xCF76573E,animation,blocks\VZ\vehiclenameanimgroup_dragster_P000_Q3.block
0xCF7D61B2,path,blocks\VZ\resident_P000_Q3.block
0xCF89C3CE,lowresterrain,blocks\VZ\low_res_terrain_P000_Q3.block
0xCF909B5F,animation,blocks\VZ\vehicleclassanimgroup_bench_P000_Q3.block
0xCF911D2A,texture,blocks\Shell\scaleform_shell_P000_Q3.block
0xCFAC6851,model,blocks\VZ\c30623_P000_Q3.block
0xCFB30557,path,blocks\VZ\resident_P000_Q3.block
0xCFB6A634,lowresterrain,blocks\VZ\low_res_terrain_P000_Q3.block
0xCFC6A2A4,animation,blocks\VZ\vehiclenameanimgroup_tow_P000_Q3.block
0xCFCBD5DF,path,blocks\VZ\resident_P000_Q3.block
0xCFD379BC,animation,blocks\VZ\characternameanimgroup_jennifer_P000_Q3.block
0xCFD7174C,animation,blocks\VZ\vehiclenameanimgroup_amx30aa_P000_Q3.block
0xCFDA529D,path,blocks\VZ\resident_P000_Q3.block
0xCFDC58AD,animation,blocks\VZ\resident_P000_Q3.block
0xCFDC8DF1,path,blocks\VZ\resident_P000_Q3.block
0xCFE1072E,animation,blocks\VZ\vehiclenameanimgroup_ztz63a_P000_Q3.block
0xCFE1147F,lowresterrain,blocks\VZ\low_res_terrain_P000_Q3.block
0xCFE18F7D,path,blocks\VZ\resident_P000_Q3.block
0xCFE19FAF,scrub,blocks\VZ\c30076_P000_Q3.block
0xCFE572AF,animation,blocks\VZ\vehiclenameanimgroup_m151_P000_Q3.block
0xCFE991CC,animation,blocks\VZ\vehiclenameanimgroup_md500_P000_Q3.block
0xCFEF396B,path,blocks\VZ\resident_P000_Q3.block
0xCFF1C997,path,blocks\VZ\resident_P000_Q3.block
0xCFF37E41,terrainmesh,blocks\VZ\c31051_P000_Q3.block
0xCFF60325,path,blocks\VZ\resident_P000_Q3.block
0xCFF6051F,animation,blocks\VZ\vehiclenameanimgroup_dragster_P000_Q3.block
0xCFF7DD49,animation,blocks\VZ\vehiclenameanimgroup_stingray_P000_Q3.block
0xCFF7E313,path,blocks\VZ\resident_P000_Q3.block
0xCFF7EFE7,path,blocks\VZ\resident_P000_Q3.block
0xCFFB97EB,model,blocks\VZ\c30690_P000_Q3.block
0xD003A5BE,path,blocks\VZ\resident_P000_Q3.block
0xD00433B5,path,blocks\VZ\resident_P000_Q3.block
0xD009094B,texture,blocks\Shell\scaleform_shell_P000_Q3.block
0xD00F4E40,animation,blocks\VZ\resident_P000_Q3.block
0xD014E1A0,animation,blocks\VZ\vehiclenameanimgroup_alouette3_P000_Q3.block
0xD0187C80,effect,blocks\VZ\effects_P000_Q3.block
0xD01B3039,path,blocks\VZ\resident_P000_Q3.block
0xD0294056,animation,blocks\VZ\vehiclenameanimgroup_md500_P000_Q3.block
0xD0353F1F,path,blocks\VZ\resident_P000_Q3.block
0xD039276C,texture,blocks\Shell\scaleform_shell_P000_Q3.block
0xD03DE1FA,path,blocks\VZ\resident_P000_Q3.block
0xD044A7C3,path,blocks\VZ\resident_P000_Q3.block
0xD052BD97,path,blocks\VZ\resident_P000_Q3.block
0xD0570CC7,path,blocks\VZ\resident_P000_Q3.block
0xD05C1EA2,animation,blocks\VZ\vehiclenameanimgroup_50cal_P000_Q3.block
0xD0673F8A,animation,blocks\VZ\vehiclenameanimgroup_ztz63a_P000_Q3.block
0xD0675E5A,scrub,blocks\VZ\c31245_P000_Q3.block
0xD06B1DB3,texture,blocks\Shell\scaleform_shell_P000_Q3.block
0xD06F5E8E,lineregion,blocks\VZ\resident_P000_Q3.block
0xD07720FA,path,blocks\VZ\resident_P000_Q3.block
0xD0841309,path,blocks\VZ\resident_P000_Q3.block
0xD084ED64,path,blocks\VZ\resident_P000_Q3.block
0xD0858ACC,lowresterrain,blocks\VZ\low_res_terrain_P000_Q3.block
0xD0859838,lowresterrain,blocks\VZ\low_res_terrain_P000_Q3.block
0xD0932DEB,animation,blocks\VZ\resident_P000_Q3.block
0xD095B549,animation,blocks\VZ\vehiclenameanimgroup_sportbike_P000_Q3.block
0xD0ADCF9F,path,blocks\VZ\resident_P000_Q3.block
0xD0AED38F,animation,blocks\VZ\vehicleclassanimgroup_autolargea_P000_Q3.block
0xD0B364DA,path,blocks\VZ\resident_P000_Q3.block
0xD0D1D06E,animation,blocks\VZ\resident_P000_Q3.block
0xD0D3754A,path,blocks\VZ\resident_P000_Q3.block
0xD0DDA990,animation,blocks\VZ\vehiclenameanimgroup_mi26_P000_Q3.block
0xD0E2F48D,terrainmesh,blocks\VZ\c30011_P000_Q3.block
0xD0E33400,effect,blocks\VZ\effects_P000_Q3.block
0xD0E65278,path,blocks\VZ\resident_P000_Q3.block
0xD0E6E419,path,blocks\VZ\resident_P000_Q3.block
0xD0E9C0E6,animation,blocks\VZ\vehiclenameanimgroup_scooter_P000_Q3.block
0xD0EB0477,path,blocks\VZ\resident_P000_Q3.block
0xD0F6DBC3,path,blocks\VZ\resident_P000_Q3.block
0xD0FC853D,terrainmesh,blocks\VZ\c30315_P000_Q3.block
0xD1079025,path,blocks\VZ\resident_P000_Q3.block
0xD10C9A90,lineregion,blocks\VZ\resident_P000_Q3.block
0xD10EB8B8,path,blocks\VZ\resident_P000_Q3.block
0xD1159F9B,animation,blocks\VZ\vehiclenameanimgroup_vanquish_P000_Q3.block
0xD1184628,path,blocks\VZ\resident_P000_Q3.block
0xD11CEAE7,path,blocks\VZ\resident_P000_Q3.block
0xD1216ADA,path,blocks\VZ\resident_P000_Q3.block
0xD125236A,path,blocks\VZ\resident_P000_Q3.block
0xD12529F9,path,blocks\VZ\resident_P000_Q3.block
0xD1286D7D,animation,blocks\VZ\vehicleclassanimgroup_bench_P000_Q3.block
0xD129899D,scrub,blocks\VZ\c31249_P000_Q3.block
0xD1327324,model,blocks\VZ\c30483_P000_Q3.block
0xD1398F03,animation,blocks\VZ\vehiclenameanimgroup_ka29b_P000_Q3.block
0xD14121B8,path,blocks\VZ\resident_P000_Q3.block
0xD1423774,lineregion,blocks\VZ\resident_P000_Q3.block
0xD14CDFB9,animation,blocks\VZ\vehiclenameanimgroup_huey_P000_Q3.block
0xD15361B8,path,blocks\VZ\resident_P000_Q3.block
0xD1551D71,path,blocks\VZ\resident_P000_Q3.block
0xD15A33FE,chatter,blocks\VZ\resident_P000_Q3.block
0xD15CCAD9,animation,blocks\VZ\vehiclenameanimgroup_md500_P000_Q3.block
0xD170D9CD,path,blocks\VZ\resident_P000_Q3.block
0xD17E3A28,lineregion,blocks\VZ\resident_P000_Q3.block
0xD1838C54,path,blocks\VZ\resident_P000_Q3.block
0xD187B669,lowresterrain,blocks\VZ\low_res_terrain_P000_Q3.block
0xD18D4BF9,animation,blocks\VZ\vehiclenameanimgroup_alouette3_P000_Q3.block
0xD18F262B,path,blocks\VZ\resident_P000_Q3.block
0xD199E9B5,path,blocks\VZ\resident_P000_Q3.block
0xD19A4087,path,blocks\VZ\resident_P000_Q3.block
0xD19BC312,path,blocks\VZ\resident_P000_Q3.block
0xD19C8B75,scrub,blocks\VZ\c30102_P000_Q3.block
0xD1A3E1CA,animation,blocks\VZ\vehicleclassanimgroup_jetski_P000_Q3.block
0xD1AA475C,path,blocks\VZ\resident_P000_Q3.block
0xD1AB2D1B,lineregion,blocks\VZ\resident_P000_Q3.block
0xD1AE55A5,terrainmesh,blocks\VZ\c30344_P000_Q3.block
0xD1B332FA,path,blocks\VZ\resident_P000_Q3.block
0xD1B80653,animation,blocks\VZ\resident_P000_Q3.block
0xD1BA9384,path,blocks\VZ\resident_P000_Q3.block
0xD1C1CC86,path,blocks\VZ\resident_P000_Q3.block
0xD1CCC763,path,blocks\VZ\resident_P000_Q3.block
0xD1D18449,scrub,blocks\VZ\c30904_P000_Q3.block
0xD1D2760F,texture,blocks\Shell\scaleform_shell_P000_Q3.block
0xD1D3AE4E,lineregion,blocks\VZ\resident_P000_Q3.block
0xD1D50DCF,path,blocks\VZ\resident_P000_Q3.block
0xD1DB1163,animation,blocks\VZ\vehiclenameanimgroup_turbosquid_P000_Q3.block
0xD1E5246D,path,blocks\VZ\resident_P000_Q3.block
0xD1E6E839,path,blocks\VZ\resident_P000_Q3.block
0xD1ECACFA,scrub,blocks\VZ\c31474_P000_Q3.block
0xD1ED8ED5,model,blocks\VZ\c33297_P000_Q3.block
0xD1EE3FF3,animation,blocks\VZ\characternameanimgroup_chris_P000_Q3.block
0xD1EF72E8,path,blocks\VZ\resident_P000_Q3.block
0xD1F53C2D,animation,blocks\VZ\vehiclenameanimgroup_huey_P000_Q3.block
0xD1F789D9,path,blocks\VZ\resident_P000_Q3.block
0xD1FD03F2,lineregion,blocks\VZ\resident_P000_Q3.block
0xD206555A,path,blocks\VZ\resident_P000_Q3.block
0xD20A0F39,animation,blocks\VZ\vehiclenameanimgroup_armwrestle_P000_Q3.block
0xD21DA53F,path,blocks\VZ\resident_P000_Q3.block
0xD22B9F20,animation,blocks\VZ\resident_P000_Q3.block
0xD22C5E9F,texture,blocks\Shell\scaleform_shell_P000_Q3.block
0xD230FF03,path,blocks\VZ\resident_P000_Q3.block
0xD2310634,lineregion,blocks\VZ\resident_P000_Q3.block
0xD23346BC,animation,blocks\VZ\characternameanimgroup_mattias_P000_Q3.block
0xD2358362,lineregion,blocks\VZ\resident_P000_Q3.block
0xD2378072,animation,blocks\VZ\vehicleclassanimgroup_truckmid_P000_Q3.block
0xD23FD014,animation,blocks\VZ\resident_P000_Q3.block
0xD2470EC4,animation,blocks\VZ\vehicleclassanimgroup_truckmid_P000_Q3.block
0xD24FC61C,animation,blocks\VZ\vehicleclassanimgroup_motorcycle_P000_Q3.block
0xD2524CDA,path,blocks\VZ\resident_P000_Q3.block
0xD256F95C,animation,blocks\VZ\resident_P000_Q3.block
0xD2599172,scrub,blocks\VZ\c31518_P000_Q3.block
0xD25A8722,animation,blocks\VZ\vehiclenameanimgroup_ah1z_P000_Q3.block
0xD261D6B4,animation,blocks\VZ\vehiclenameanimgroup_m151_P000_Q3.block
0xD26C361F,path,blocks\VZ\resident_P000_Q3.block
0xD27460E2,path,blocks\VZ\resident_P000_Q3.block
0xD274CAEA,animation,blocks\VZ\vehiclenameanimgroup_ztz98_P000_Q3.block
0xD27B1F48,path,blocks\VZ\resident_P000_Q3.block
0xD27D7FF7,lineregion,blocks\VZ\resident_P000_Q3.block
0xD27F29FF,model,blocks\VZ\c33297_P000_Q3.block
0xD2852803,lineregion,blocks\VZ\resident_P000_Q3.block
0xD292373E,lineregion,blocks\VZ\resident_P000_Q3.block
0xD2949FF1,path,blocks\VZ\resident_P000_Q3.block
0xD295E5EE,scrub,blocks\VZ\c31102_P000_Q3.block
0xD29B68F4,path,blocks\VZ\resident_P000_Q3.block
0xD29F0520,path,blocks\VZ\resident_P000_Q3.block
0xD2A38E95,animation,blocks\VZ\resident_P000_Q3.block
0xD2A69C0D,path,blocks\VZ\resident_P000_Q3.block
0xD2A99BB8,path,blocks\VZ\resident_P000_Q3.block
0xD2AB9A18,animation,blocks\VZ\resident_P000_Q3.block
0xD2AF89C4,animation,blocks\VZ\vehiclenameanimgroup_ztz63a_P000_Q3.block
0xD2B0A3D7,path,blocks\VZ\resident_P000_Q3.block
0xD2B1F822,path,blocks\VZ\resident_P000_Q3.block
0xD2B25EDD,model,blocks\VZ\c31372_P000_Q3.block
0xD2B7E258,animation,blocks\VZ\characternameanimgroup_mattias_P000_Q3.block
0xD2BDE13E,lineregion,blocks\VZ\resident_P000_Q3.block
0xD2BF04F7,lowresterrain,blocks\VZ\low_res_terrain_P000_Q3.block
0xD2E54786,effect,blocks\VZ\effects_P000_Q3.block
0xD2ED9A7B,animation,blocks\VZ\resident_P000_Q3.block
0xD2EDB2C0,path,blocks\VZ\resident_P000_Q3.block
0xD2EE5954,path,blocks\VZ\resident_P000_Q3.block
0xD2F324DE,path,blocks\VZ\resident_P000_Q3.block
0xD2F4F05B,terrainmesh,blocks\VZ\c30640_P000_Q3.block
0xD2F6E2F3,path,blocks\VZ\resident_P000_Q3.block
0xD2FB62DE,model;path,blocks\VZ\c30872_P000_Q3.block;blocks\VZ\resident_P000_Q3.block
0xD300123B,animation,blocks\VZ\characternameanimgroup_prdrinker_P000_Q3.block
0xD3093461,path,blocks\VZ\resident_P000_Q3.block
0xD309C821,animation,blocks\VZ\resident_P000_Q3.block
0xD315D243,path,blocks\VZ\resident_P000_Q3.block
0xD3181E78,path,blocks\VZ\resident_P000_Q3.block
0xD31CCD88,lineregion,blocks\VZ\resident_P000_Q3.block
0xD3208A19,lowresterrain,blocks\VZ\low_res_terrain_P000_Q3.block
0xD3259F36,animation,blocks\VZ\characternameanimgroup_jennifer_P000_Q3.block
0xD3295E45,lowresterrain,blocks\VZ\low_res_terrain_P000_Q3.block
0xD32BD2A3,lowresterrain,blocks\VZ\low_res_terrain_P000_Q3.block
0xD32D9D05,path,blocks\VZ\resident_P000_Q3.block
0xD32E9C2F,path,blocks\VZ\resident_P000_Q3.block
0xD333E4E0,texture,blocks\Shell\scaleform_shell_P000_Q3.block
0xD337442F,scrub,blocks\VZ\c30721_P000_Q3.block
0xD33ACA28,texture,blocks\Shell\scaleform_shell_P000_Q3.block
0xD33F4756,texture,blocks\Shell\scaleform_shell_P000_Q3.block
0xD343C4A7,path,blocks\VZ\resident_P000_Q3.block
0xD34698EB,path,blocks\VZ\resident_P000_Q3.block
0xD34AA63F,animation,blocks\VZ\characternameanimgroup_soldier_P000_Q3.block
0xD350A9A9,animation,blocks\VZ\vehiclenameanimgroup_riflewindow_P000_Q3.block
0xD3593CC1,scrub,blocks\VZ\c30848_P000_Q3.block
0xD35E6D25,path,blocks\VZ\resident_P000_Q3.block
0xD35EEFE7,path,blocks\VZ\resident_P000_Q3.block
0xD36AA54B,path,blocks\VZ\resident_P000_Q3.block
0xD3717DDD,path,blocks\VZ\resident_P000_Q3.block
0xD375627E,animation,blocks\VZ\vehiclenameanimgroup_mi35_P000_Q3.block
0xD376B591,path,blocks\VZ\resident_P000_Q3.block
0xD3790BDB,path,blocks\VZ\resident_P000_Q3.block
0xD3810393,animation,blocks\VZ\vehicleclassanimgroup_autolargea_P000_Q3.block
0xD3845317,terrainmesh,blocks\VZ\c31140_P000_Q3.block
0xD3862E36,path,blocks\VZ\resident_P000_Q3.block
0xD3898CDE,path,blocks\VZ\resident_P000_Q3.block
0xD393563C,path,blocks\VZ\resident_P000_Q3.block
0xD3968F8A,model;path,blocks\VZ\global_freewayelevated_P000_Q3.block;blocks\VZ\resident_P000_Q3.block
0xD3979BDE,chatter,blocks\VZ\resident_P000_Q3.block
0xD39F35DA,animation,blocks\VZ\vehicleclassanimgroup_hmmwv_P000_Q3.block
0xD3A208E3,path,blocks\VZ\resident_P000_Q3.block
0xD3AF8EDA,animation,blocks\VZ\vehiclenameanimgroup_dragster_P000_Q3.block
0xD3B14D7D,path,blocks\VZ\resident_P000_Q3.block
0xD3C45598,path,blocks\VZ\resident_P000_Q3.block
0xD3D6B7E5,animation,blocks\VZ\vehiclenameanimgroup_avenger_P000_Q3.block
0xD3D95E5C,path,blocks\VZ\resident_P000_Q3.block
0xD3E01681,animation,blocks\VZ\vehiclenameanimgroup_smallfishing_P000_Q3.block
0xD3E44264,path,blocks\VZ\resident_P000_Q3.block
0xD3E750E4,path,blocks\VZ\resident_P000_Q3.block
0xD3EA5803,animation,blocks\VZ\vehicleclassanimgroup_drinkingfountain_P000_Q3.block
0xD3EB4D86,texture,blocks\Shell\scaleform_shell_P000_Q3.block
0xD3F70BDE,scrub,blocks\VZ\c30576_P000_Q3.block
0xD3F98C8D,path,blocks\VZ\resident_P000_Q3.block
0xD3FA9A57,path,blocks\VZ\resident_P000_Q3.block
0xD4022A5C,model,blocks\VZ\c30483_P000_Q3.block
0xD404C219,animation,blocks\VZ\vehiclenameanimgroup_huangfeng_P000_Q3.block
0xD40EA4D3,scrub,blocks\VZ\c30896_P000_Q3.block
0xD41536A7,path,blocks\VZ\resident_P000_Q3.block
0xD4162C95,animation,blocks\VZ\vehicleclassanimgroup_truckmid_P000_Q3.block
0xD416786F,animation,blocks\VZ\vehiclenameanimgroup_stingray_P000_Q3.block
0xD416D382,animation,blocks\VZ\vehiclenameanimgroup_chopper_P000_Q3.block
0xD418BD9F,path,blocks\VZ\resident_P000_Q3.block
0xD4238E2F,path,blocks\VZ\resident_P000_Q3.block
0xD42444B2,animation,blocks\VZ\vehiclenameanimgroup_ka29b_P000_Q3.block
0xD427ED5D,path,blocks\VZ\resident_P000_Q3.block
0xD42F70D1,animation,blocks\VZ\vehicleclassanimgroup_autolargeb_P000_Q3.block
0xD4350485,animation,blocks\VZ\vehiclenameanimgroup_chopper_P000_Q3.block
0xD441200D,scrub,blocks\VZ\c31375_P000_Q3.block
0xD44350DA,path,blocks\VZ\resident_P000_Q3.block
0xD44805AC,path,blocks\VZ\resident_P000_Q3.block
0xD44E90A6,path,blocks\VZ\resident_P000_Q3.block
0xD44FC3A0,animation,blocks\VZ\vehiclenameanimgroup_pgz95_P000_Q3.block
0xD451DEC0,lowresterrain,blocks\VZ\low_res_terrain_P000_Q3.block
0xD4620C9F,path,blocks\VZ\resident_P000_Q3.block
0xD472DC31,scrub,blocks\VZ\c30896_P000_Q3.block
0xD478D9FF,animation,blocks\VZ\characternameanimgroup_jennifer_P000_Q3.block
0xD47EA54B,path,blocks\VZ\resident_P000_Q3.block
0xD482FED0,path,blocks\VZ\resident_P000_Q3.block
0xD4832279,path,blocks\VZ\resident_P000_Q3.block
0xD4923971,path,blocks\VZ\resident_P000_Q3.block
0xD497B9B9,path,blocks\VZ\resident_P000_Q3.block
0xD499173C,animation,blocks\VZ\resident_P000_Q3.block
0xD4B3C1D2,animation,blocks\VZ\vehiclenameanimgroup_m551_P000_Q3.block
0xD4B77277,path,blocks\VZ\resident_P000_Q3.block
0xD4B83E0C,path,blocks\VZ\resident_P000_Q3.block
0xD4B94293,animation,blocks\VZ\vehiclenameanimgroup_weightbench_P000_Q3.block
0xD4B9A432,animation,blocks\VZ\vehiclenameanimgroup_swamp_P000_Q3.block
0xD4BA57B0,animation,blocks\VZ\vehiclenameanimgroup_tow_P000_Q3.block
0xD4BE3D4C,path,blocks\VZ\resident_P000_Q3.block
0xD4C16D4A,path,blocks\VZ\resident_P000_Q3.block
0xD4C1DD7F,animation,blocks\VZ\resident_P000_Q3.block
0xD4C4D4F6,animation,blocks\VZ\resident_P000_Q3.block
0xD4C8AB80,path,blocks\VZ\resident_P000_Q3.block
0xD4C93F5B,path,blocks\VZ\resident_P000_Q3.block
0xD4CBDE9B,model,blocks\VZ\c32498_P000_Q3.block
0xD4D45C80,path,blocks\VZ\resident_P000_Q3.block
0xD4D62E53,path,blocks\VZ\resident_P000_Q3.block
0xD4DF300B,animation,blocks\VZ\characternameanimgroup_chris_P000_Q3.block
0xD4EE7E8D,path,blocks\VZ\resident_P000_Q3.block
0xD4F65E6F,path,blocks\VZ\resident_P000_Q3.block
0xD4F66A74,path,blocks\VZ\resident_P000_Q3.block
0xD4F7D25E,path,blocks\VZ\resident_P000_Q3.block
0xD4FAE7A2,path,blocks\VZ\resident_P000_Q3.block
0xD4FB286D,path,blocks\VZ\resident_P000_Q3.block
0xD4FD6B17,path,blocks\VZ\resident_P000_Q3.block
0xD4FF312C,scrub,blocks\VZ\c30082_P000_Q3.block
0xD501E845,path,blocks\VZ\resident_P000_Q3.block
0xD50B55AB,path,blocks\VZ\resident_P000_Q3.block
0xD5150D4B,path,blocks\VZ\resident_P000_Q3.block
0xD5151A84,animation,blocks\VZ\vehicleclassanimgroup_autolargea_P000_Q3.block
0xD51750B2,animation,blocks\VZ\vehiclenameanimgroup_highvoltage_P000_Q3.block
0xD5198A79,path,blocks\VZ\resident_P000_Q3.block
0xD51A64A0,path,blocks\VZ\resident_P000_Q3.block
0xD51CE2F6,path,blocks\VZ\resident_P000_Q3.block
0xD521E647,path,blocks\VZ\resident_P000_Q3.block
0xD524D015,animation,blocks\VZ\vehiclenameanimgroup_ridgeline_P000_Q3.block
0xD5271C13,texture,blocks\Shell\scaleform_shell_P000_Q3.block
0xD53F9527,lineregion,blocks\VZ\resident_P000_Q3.block
0xD54893D3,model,blocks\VZ\c30226_P000_Q3.block
0xD5532C84,scrub,blocks\VZ\c31234_P000_Q3.block
0xD558E212,path,blocks\VZ\resident_P000_Q3.block
0xD56EE691,lineregion,blocks\VZ\resident_P000_Q3.block
0xD5734452,texture,blocks\Shell\scaleform_shell_P000_Q3.block
0xD574C5A4,animation,blocks\VZ\vehiclenameanimgroup_wz10_P000_Q3.block
0xD5780164,animation,blocks\VZ\vehiclenameanimgroup_vanquish_P000_Q3.block
0xD5796569,path,blocks\VZ\resident_P000_Q3.block
0xD57DD8CF,path,blocks\VZ\resident_P000_Q3.block
0xD580E060,terrainmesh,blocks\VZ\c30337_P000_Q3.block
0xD59028C9,path,blocks\VZ\resident_P000_Q3.block
0xD59231A2,animation,blocks\VZ\characternameanimgroup_soldier_P000_Q3.block
0xD599F087,animation,blocks\VZ\vehicleclassanimgroup_autosmall_P000_Q3.block
0xD59CCDF4,scrub,blocks\VZ\c31295_P000_Q3.block
0xD59F5653,path,blocks\VZ\resident_P000_Q3.block
0xD5C16A3B,path,blocks\VZ\resident_P000_Q3.block
0xD5D5AD18,path,blocks\VZ\resident_P000_Q3.block
0xD5DA6CDB,path,blocks\VZ\resident_P000_Q3.block
0xD5DF44B8,lineregion,blocks\VZ\resident_P000_Q3.block
0xD5E2A1E9,texture,blocks\Shell\scaleform_shell_P000_Q3.block
0xD5E4683D,animation,blocks\VZ\resident_P000_Q3.block
0xD5E6F191,lineregion,blocks\VZ\resident_P000_Q3.block
0xD5EB3720,animation,blocks\VZ\characternameanimgroup_soldier_P000_Q3.block
0xD5F0A5C8,animation,blocks\VZ\resident_P000_Q3.block
0xD5F1117D,path,blocks\VZ\resident_P000_Q3.block
0xD5F4E6C6,lowresterrain,blocks\VZ\low_res_terrain_P000_Q3.block
0xD5F6AD84,path,blocks\VZ\resident_P000_Q3.block
0xD5F982B8,path,blocks\VZ\resident_P000_Q3.block
0xD5FB4502,effect,blocks\VZ\effects_P000_Q3.block
0xD600815B,path,blocks\VZ\resident_P000_Q3.block
0xD6066462,effect,blocks\VZ\effects_P000_Q3.block
0xD60AD8B7,terrainmesh,blocks\VZ\c30846_P000_Q3.block
0xD6116FD6,animation,blocks\VZ\vehiclenameanimgroup_mi35solano_P000_Q3.block
0xD613AB47,animation,blocks\VZ\vehiclenameanimgroup_alouette3_P000_Q3.block
0xD618F2D3,animation,blocks\VZ\vehiclenameanimgroup_chopper_P000_Q3.block
0xD61AA8A3,animation,blocks\VZ\vehiclenameanimgroup_quid50_P000_Q3.block
0xD61ED90C,texture,blocks\Shell\scaleform_shell_P000_Q3.block
0xD61FFCCF,scrub,blocks\VZ\c30581_P000_Q3.block
0xD62087DB,animation,blocks\VZ\vehiclenameanimgroup_mi35solano_P000_Q3.block
0xD63343C7,path,blocks\VZ\resident_P000_Q3.block
0xD6349DFA,path,blocks\VZ\resident_P000_Q3.block
0xD637C0F5,path,blocks\VZ\resident_P000_Q3.block
0xD638C6DA,animation,blocks\VZ\vehiclenameanimgroup_m2a3_P000_Q3.block
0xD6458F44,animation,blocks\VZ\vehiclenameanimgroup_cutter_P000_Q3.block
0xD64960DD,path,blocks\VZ\resident_P000_Q3.block
0xD64B1B08,animation,blocks\VZ\vehiclenameanimgroup_50cal_P000_Q3.block
0xD64EE323,path,blocks\VZ\resident_P000_Q3.block
0xD6503837,path,blocks\VZ\resident_P000_Q3.block
0xD6540A49,path,blocks\VZ\resident_P000_Q3.block
0xD6585754,path,blocks\VZ\resident_P000_Q3.block
0xD65EC2EE,path,blocks\VZ\resident_P000_Q3.block
0xD665B510,scrub,blocks\VZ\c31374_P000_Q3.block
0xD6679164,animation,blocks\VZ\vehicleclassanimgroup_automedium_P000_Q3.block
0xD6704376,texture,blocks\Shell\scaleform_shell_P000_Q3.block
0xD6765AAF,path,blocks\VZ\resident_P000_Q3.block
0xD6779937,animation,blocks\VZ\vehiclenameanimgroup_mh53j_P000_Q3.block
0xD67A78A2,animation,blocks\VZ\vehiclenameanimgroup_huey_P000_Q3.block
0xD680E274,path,blocks\VZ\resident_P000_Q3.block
0xD6868AAF,terrainmesh,blocks\VZ\c30547_P000_Q3.block
0xD6877C4A,animation,blocks\VZ\characternameanimgroup_chris_P000_Q3.block
0xD687BDF3,animation,blocks\VZ\vehiclenameanimgroup_saltonsea_P000_Q3.block
0xD687CFF9,path,blocks\VZ\resident_P000_Q3.block
0xD68C1C10,terrainmesh,blocks\VZ\c30098_P000_Q3.block
0xD690F24A,path,blocks\VZ\resident_P000_Q3.block
0xD69303B6,path,blocks\VZ\resident_P000_Q3.block
0xD693DFE7,scrub,blocks\VZ\c30162_P000_Q3.block
0xD69B4F10,animation,blocks\VZ\resident_P000_Q3.block
0xD6A63F7D,path,blocks\VZ\resident_P000_Q3.block
0xD6A905EE,path,blocks\VZ\resident_P000_Q3.block
0xD6B03230,animation,blocks\VZ\vehiclenameanimgroup_ext_P000_Q3.block
0xD6B03FE0,animation,blocks\VZ\resident_P000_Q3.block
0xD6B347BC,animation,blocks\VZ\vehiclenameanimgroup_recoilless_P000_Q3.block
0xD6BEF670,animation,blocks\VZ\vehiclenameanimgroup_ztz63a_P000_Q3.block
0xD6C06739,path,blocks\VZ\resident_P000_Q3.block
0xD6D0CF56,path,blocks\VZ\resident_P000_Q3.block
0xD6E53A24,path,blocks\VZ\resident_P000_Q3.block
0xD6EAF834,animation,blocks\VZ\vehicleclassanimgroup_truckmid_P000_Q3.block
0xD6F2B7A6,path,blocks\VZ\resident_P000_Q3.block
0xD6FF33F5,animation,blocks\VZ\vehiclenameanimgroup_mtv50cal_P000_Q3.block
0xD7031A26,animation,blocks\VZ\vehiclenameanimgroup_piranha_P000_Q3.block
0xD7045B15,animation,blocks\VZ\vehicleclassanimgroup_hmmwv_P000_Q3.block
0xD70485D9,animation,blocks\VZ\vehiclenameanimgroup_md500_P000_Q3.block
0xD7054160,path,blocks\VZ\resident_P000_Q3.block
0xD708A669,animation,blocks\VZ\characternameanimgroup_soldier_P000_Q3.block
0xD70CF33C,scrub,blocks\VZ\c30441_P000_Q3.block
0xD71DA7A5,path,blocks\VZ\resident_P000_Q3.block
0xD723CBB7,lineregion,blocks\VZ\resident_P000_Q3.block
0xD72846BD,path,blocks\VZ\resident_P000_Q3.block
0xD72971FD,path,blocks\VZ\resident_P000_Q3.block
0xD72F8403,path,blocks\VZ\resident_P000_Q3.block
0xD72FC094,scrub,blocks\VZ\c31413_P000_Q3.block
0xD7330CC8,animation,blocks\VZ\vehiclenameanimgroup_mh53j_P000_Q3.block
0xD736497A,animation,blocks\VZ\vehiclenameanimgroup_recoilless_P000_Q3.block
0xD737DD5D,path,blocks\VZ\resident_P000_Q3.block
0xD7381AC4,path,blocks\VZ\resident_P000_Q3.block
0xD73A4F67,effect,blocks\VZ\effects_P000_Q3.block
0xD74154D7,path,blocks\VZ\resident_P000_Q3.block
0xD745D205,path,blocks\VZ\resident_P000_Q3.block
0xD7479A35,path,blocks\VZ\resident_P000_Q3.block
0xD7494D9D,scrub,blocks\VZ\c31245_P000_Q3.block
0xD7545F26,path,blocks\VZ\resident_P000_Q3.block
0xD7595635,animation,blocks\VZ\resident_P000_Q3.block
0xD75F90F5,effect,blocks\VZ\effects_P000_Q3.block
0xD7626F46,path,blocks\VZ\resident_P000_Q3.block
0xD771F3B1,path,blocks\VZ\resident_P000_Q3.block
0xD7743722,scrub,blocks\VZ\c30014_P000_Q3.block
0xD77440E1,path,blocks\VZ\resident_P000_Q3.block
0xD774E834,animation,blocks\VZ\characternameanimgroup_chris_P000_Q3.block
0xD7803A65,path,blocks\VZ\resident_P000_Q3.block
0xD781F34A,path,blocks\VZ\resident_P000_Q3.block
0xD78D9FD6,animation,blocks\VZ\vehiclenameanimgroup_m1a2_P000_Q3.block
0xD791AD34,lineregion,blocks\VZ\resident_P000_Q3.block
0xD79BB453,animation,blocks\VZ\vehiclenameanimgroup_zbd2000_P000_Q3.block
0xD7A99F49,animation,blocks\VZ\vehiclenameanimgroup_huey_P000_Q3.block
0xD7BC68A5,animation,blocks\VZ\vehiclenameanimgroup_md500_P000_Q3.block
0xD7BD2C77,path,blocks\VZ\resident_P000_Q3.block
0xD7C171E1,animation,blocks\VZ\vehiclenameanimgroup_mi26_P000_Q3.block
0xD7C1A471,scrub,blocks\VZ\c31424_P000_Q3.block
0xD7D074CA,path,blocks\VZ\resident_P000_Q3.block
0xD7D5C06E,path,blocks\VZ\resident_P000_Q3.block
0xD7D7FC7C,path,blocks\VZ\resident_P000_Q3.block
0xD7EAA0BA,animation,blocks\VZ\characternameanimgroup_ocexecbox_P000_Q3.block
0xD7EF09A3,scrub,blocks\VZ\c31009_P000_Q3.block
0xD7F76846,animation,blocks\VZ\vehicleclassanimgroup_drinkingfountain_P000_Q3.block
0xD7FB085A,path,blocks\VZ\resident_P000_Q3.block
0xD7FCFD11,model,blocks\VZ\c39998_P000_Q3.block
0xD7FE649E,model,blocks\VZ\c30343_P000_Q3.block
0xD80773F2,path,blocks\VZ\resident_P000_Q3.block
0xD8090CCE,path,blocks\VZ\resident_P000_Q3.block
0xD80C216C,animation,blocks\VZ\vehiclenameanimgroup_pgz95_P000_Q3.block
0xD814B9AC,lineregion,blocks\VZ\resident_P000_Q3.block
0xD8169282,model,blocks\VZ\c33296_P000_Q3.block
0xD817FC5C,animation,blocks\VZ\vehiclenameanimgroup_omen_P000_Q3.block
0xD818DA1D,animation,blocks\VZ\vehiclenameanimgroup_mi35solano_P000_Q3.block
0xD81FF0DF,path,blocks\VZ\resident_P000_Q3.block
0xD8269136,animation,blocks\VZ\vehiclenameanimgroup_mi35solano_P000_Q3.block
0xD8272441,animation,blocks\VZ\vehicleclassanimgroup_automedium_P000_Q3.block
0xD82A1A3A,model,blocks\VZ\c33296_P000_Q3.block
0xD82BA825,texture,blocks\Shell\scaleform_shell_P000_Q3.block
0xD82CF018,animation,blocks\VZ\vehiclenameanimgroup_avenger_P000_Q3.block
0xD82D3F68,animation,blocks\VZ\vehiclenameanimgroup_stingray_P000_Q3.block
0xD8345191,scrub,blocks\VZ\c31245_P000_Q3.block
0xD8397207,animation,blocks\VZ\vehiclenameanimgroup_zbd2000_P000_Q3.block
0xD83C3D97,animation,blocks\VZ\vehiclenameanimgroup_mh53j_P000_Q3.block
0xD83CC590,path,blocks\VZ\resident_P000_Q3.block
0xD840CC81,path,blocks\VZ\resident_P000_Q3.block
0xD8521CF1,path,blocks\VZ\resident_P000_Q3.block
0xD8522C7F,path,blocks\VZ\resident_P000_Q3.block
0xD85484BA,scrub,blocks\VZ\c31349_P000_Q3.block
0xD85674D8,path,blocks\VZ\resident_P000_Q3.block
0xD85D9217,path,blocks\VZ\resident_P000_Q3.block
0xD85FD0ED,animation,blocks\VZ\resident_P000_Q3.block
0xD8612607,path,blocks\VZ\resident_P000_Q3.block
0xD8626885,path,blocks\VZ\resident_P000_Q3.block
0xD867D560,animation,blocks\VZ\vehiclenameanimgroup_huey_P000_Q3.block
0xD8683947,animation,blocks\VZ\vehiclenameanimgroup_m151_P000_Q3.block
0xD86CBB46,animation,blocks\VZ\resident_P000_Q3.block
0xD86DE13E,path,blocks\VZ\resident_P000_Q3.block
0xD873E854,lineregion,blocks\VZ\resident_P000_Q3.block
0xD87ECC26,animation,blocks\VZ\vehiclenameanimgroup_zbd2000_P000_Q3.block
0xD87F07CA,path,blocks\VZ\resident_P000_Q3.block
0xD885EABE,animation,blocks\VZ\vehiclenameanimgroup_stingray_P000_Q3.block
0xD8889CCF,path,blocks\VZ\resident_P000_Q3.block
0xD88DD74B,animation,blocks\VZ\vehiclenameanimgroup_huangfeng_P000_Q3.block
0xD88ED8A8,path,blocks\VZ\resident_P000_Q3.block
0xD88F65E3,texture,blocks\VZ\c34536_P000_Q3.block
0xD89380B4,scrub,blocks\VZ\c31423_P000_Q3.block
0xD8938528,path,blocks\VZ\resident_P000_Q3.block
0xD89EFC2A,animation,blocks\VZ\vehicleclassanimgroup_truckmid_P000_Q3.block
0xD8AAC146,effect,blocks\VZ\effects_P000_Q3.block
0xD8B36CB1,terrainmesh,blocks\VZ\c30769_P000_Q3.block
0xD8B8A0E6,animation,blocks\VZ\resident_P000_Q3.block
0xD8C55129,texture,blocks\VZ\oc_veh_truck_mtv_P000_Q3.block
0xD8C8DDE0,path,blocks\VZ\resident_P000_Q3.block
0xD8CC2E55,terrainmesh,blocks\VZ\c30077_P000_Q3.block
0xD8D722DF,lineregion,blocks\VZ\resident_P000_Q3.block
0xD8D962B4,path,blocks\VZ\resident_P000_Q3.block
0xD8D97CCE,path,blocks\VZ\resident_P000_Q3.block
0xD8F600B9,path,blocks\VZ\resident_P000_Q3.block
0xD8FA6F91,lowresterrain,blocks\VZ\low_res_terrain_P000_Q3.block
0xD8FCF6FB,lineregion,blocks\VZ\resident_P000_Q3.block
0xD904493C,animation,blocks\VZ\vehicleclassanimgroup_motorcycle_P000_Q3.block
0xD908314B,path,blocks\VZ\resident_P000_Q3.block
0xD90CAE79,path,blocks\VZ\resident_P000_Q3.block
0xD915897D,path,blocks\VZ\resident_P000_Q3.block
0xD91BD9F1,path,blocks\VZ\resident_P000_Q3.block
0xD91C0CCE,animation,blocks\VZ\vehiclenameanimgroup_ewan_P000_Q3.block
0xD91C26E0,animation,blocks\VZ\vehicleclassanimgroup_outhouse_P000_Q3.block
0xD91D38EB,terrainmesh,blocks\VZ\c31387_P000_Q3.block
0xD9287B49,animation,blocks\VZ\resident_P000_Q3.block
0xD92E7A7B,lineregion,blocks\VZ\resident_P000_Q3.block
0xD9390CCA,path,blocks\VZ\resident_P000_Q3.block
0xD945B3B9,animation,blocks\VZ\vehiclenameanimgroup_md500_P000_Q3.block
0xD94BD70B,path,blocks\VZ\resident_P000_Q3.block
0xD953EF57,animation,blocks\VZ\characternameanimgroup_mattias_P000_Q3.block
0xD9571D98,model,blocks\VZ\c30599_P000_Q3.block
0xD959A737,path,blocks\VZ\resident_P000_Q3.block
0xD95D3A73,scrub,blocks\VZ\c31411_P000_Q3.block
0xD960840C,path,blocks\VZ\resident_P000_Q3.block
0xD962BDD8,path,blocks\VZ\resident_P000_Q3.block
0xD967B7C6,lineregion,blocks\VZ\resident_P000_Q3.block
0xD96E8F1E,path,blocks\VZ\resident_P000_Q3.block
0xD97525C7,path,blocks\VZ\resident_P000_Q3.block
0xD981F153,path,blocks\VZ\resident_P000_Q3.block
0xD982BFE7,model,blocks\VZ\c33292_P000_Q3.block
0xD9843DE4,model,blocks\VZ\resident2_P000_Q3.block
0xD9870350,lineregion,blocks\VZ\resident_P000_Q3.block
0xD98B24D7,model,blocks\VZ\c33296_P000_Q3.block
0xD98CACC3,path,blocks\VZ\resident_P000_Q3.block
0xD98FA205,model,blocks\VZ\c33296_P000_Q3.block
0xD99353C1,soundbank;sounddb;wavebank,blocks\English\vo_pmccon002.english_P000_Q3.block
0xD998DD66,lowresterrain,blocks\VZ\low_res_terrain_P000_Q3.block
0xD99D1E43,animation,blocks\VZ\characternameanimgroup_soldier_P000_Q3.block
0xD9AEA670,path,blocks\VZ\resident_P000_Q3.block
0xD9AF9E0A,animation,blocks\VZ\vehiclenameanimgroup_m2a3_P000_Q3.block
0xD9AFE139,path,blocks\VZ\resident_P000_Q3.block
0xD9B0EFE6,path,blocks\VZ\resident_P000_Q3.block
0xD9B1C505,path,blocks\VZ\resident_P000_Q3.block
0xD9B4D9DB,path,blocks\VZ\resident_P000_Q3.block
0xD9BADBC3,animation,blocks\VZ\vehicleclassanimgroup_hmmwv_P000_Q3.block
0xD9C1AB08,path,blocks\VZ\resident_P000_Q3.block
0xD9C2D447,lineregion,blocks\VZ\resident_P000_Q3.block
0xD9D2A64E,path,blocks\VZ\resident_P000_Q3.block
0xD9D7AADD,path,blocks\VZ\resident_P000_Q3.block
0xD9DB4AA3,scrub,blocks\VZ\c31350_P000_Q3.block
0xD9DDDF7C,terrainmesh,blocks\VZ\c30217_P000_Q3.block
0xD9E0A316,animation,blocks\VZ\vehiclenameanimgroup_ztz63a_P000_Q3.block
0xD9EE30D4,texture,blocks\Shell\scaleform_shell_P000_Q3.block
0xD9F13356,scrub,blocks\VZ\c31359_P000_Q3.block
0xD9F6F679,path,blocks\VZ\resident_P000_Q3.block
0xD9F72DAA,path,blocks\VZ\resident_P000_Q3.block
0xDA0B0A50,lineregion,blocks\VZ\resident_P000_Q3.block
0xDA117B93,terrainmesh,blocks\VZ\c31255_P000_Q3.block
0xDA14FE9D,path,blocks\VZ\resident_P000_Q3.block
0xDA1B123C,path,blocks\VZ\resident_P000_Q3.block
0xDA1B48F4,lineregion,blocks\VZ\resident_P000_Q3.block
0xDA285C5C,effect,blocks\VZ\effects_P000_Q3.block
0xDA2CFE23,terrainmesh,blocks\VZ\c30211_P000_Q3.block
0xDA2ED476,animation,blocks\VZ\vehiclenameanimgroup_recoilless_P000_Q3.block
0xDA2FF34F,animation,blocks\VZ\vehiclenameanimgroup_wz10_P000_Q3.block
0xDA3C2E49,animation,blocks\VZ\vehiclenameanimgroup_ks750_P000_Q3.block
0xDA4A3BF0,path,blocks\VZ\resident_P000_Q3.block
0xDA4AA837,path,blocks\VZ\resident_P000_Q3.block
0xDA5C4A3F,path,blocks\VZ\resident_P000_Q3.block
0xDA603269,animation,blocks\VZ\vehiclenameanimgroup_vanquish_P000_Q3.block
0xDA60D183,animation,blocks\VZ\vehiclenameanimgroup_mi26_P000_Q3.block
0xDA6735F3,path,blocks\VZ\resident_P000_Q3.block
0xDA6913B8,lineregion,blocks\VZ\resident_P000_Q3.block
0xDA698E0D,animation,blocks\VZ\vehiclenameanimgroup_dinghy_P000_Q3.block
0xDA73B4F9,effect,blocks\VZ\effects_P000_Q3.block
0xDA78A394,animation,blocks\VZ\vehiclenameanimgroup_m551_P000_Q3.block
0xDA7CC253,path,blocks\VZ\resident_P000_Q3.block
0xDA7CFCDD,path,blocks\VZ\resident_P000_Q3.block
0xDA7E6EEB,path,blocks\VZ\resident_P000_Q3.block
0xDA80B76D,lineregion,blocks\VZ\resident_P000_Q3.block
0xDA80CB2E,animation,blocks\VZ\vehiclenameanimgroup_ah1z_P000_Q3.block
0xDA81D65B,lineregion,blocks\VZ\resident_P000_Q3.block
0xDA825FE6,animation,blocks\VZ\vehicleclassanimgroup_autolargea_P000_Q3.block
0xDA844422,lineregion,blocks\VZ\resident_P000_Q3.block
0xDA84B12A,path,blocks\VZ\resident_P000_Q3.block
0xDA84FE02,scrub,blocks\VZ\c31265_P000_Q3.block
0xDA885646,lineregion,blocks\VZ\resident_P000_Q3.block
0xDA8E94B0,path,blocks\VZ\resident_P000_Q3.block
0xDA8F07E0,texture,blocks\Shell\scaleform_shell_P000_Q3.block
0xDA9929B7,path,blocks\VZ\resident_P000_Q3.block
0xDA9F4CB9,path,blocks\VZ\resident_P000_Q3.block
0xDAA05ADA,effect,blocks\VZ\effects_P000_Q3.block
0xDAAA4636,texture,blocks\Shell\scaleform_shell_P000_Q3.block
0xDAAA6C59,animation,blocks\VZ\vehiclenameanimgroup_m101a_P000_Q3.block
0xDAAAADEC,animation,blocks\VZ\vehiclenameanimgroup_scorpion90_P000_Q3.block
0xDABAC390,path,blocks\VZ\resident_P000_Q3.block
0xDABC1513,path,blocks\VZ\resident_P000_Q3.block
0xDABE7E97,terrainmesh,blocks\VZ\c31398_P000_Q3.block
0xDAC14036,scrub,blocks\VZ\c30896_P000_Q3.block
0xDAC2C639,scrub,blocks\VZ\c31408_P000_Q3.block
0xDAC58956,animation,blocks\VZ\vehiclenameanimgroup_ka29b_P000_Q3.block
0xDACB3A5C,animation,blocks\VZ\vehiclenameanimgroup_vanquish_P000_Q3.block
0xDACFE9BB,terrainmesh,blocks\VZ\c30836_P000_Q3.block
0xDAD0B306,path,blocks\VZ\resident_P000_Q3.block
0xDAD17A80,path,blocks\VZ\resident_P000_Q3.block
0xDAD3A2B2,path,blocks\VZ\resident_P000_Q3.block
0xDAE2332F,path,blocks\VZ\resident_P000_Q3.block
0xDAEB8FDE,lineregion,blocks\VZ\resident_P000_Q3.block
0xDAF07360,path,blocks\VZ\resident_P000_Q3.block
0xDAF7966F,animation,blocks\VZ\characternameanimgroup_jennifer_P000_Q3.block
0xDAF7AEA4,path,blocks\VZ\resident_P000_Q3.block
0xDAFB34FA,scrub,blocks\VZ\c30813_P000_Q3.block
0xDAFE3948,path,blocks\VZ\resident_P000_Q3.block
0xDB0201C3,animation,blocks\VZ\vehiclenameanimgroup_mh53j_P000_Q3.block
0xDB02DCAA,path,blocks\VZ\resident_P000_Q3.block
0xDB08BD63,animation,blocks\VZ\resident_P000_Q3.block
0xDB0CF97F,animation,blocks\VZ\vehiclenameanimgroup_scorpion90_P000_Q3.block
0xDB1204A2,animation,blocks\VZ\characternameanimgroup_ocexecbox_P000_Q3.block
0xDB14D766,path,blocks\VZ\resident_P000_Q3.block
0xDB16CE6D,effect,blocks\VZ\effects_P000_Q3.block
0xDB1BCA9C,terrainmesh,blocks\VZ\c30207_P000_Q3.block
0xDB213DFB,lineregion,blocks\VZ\resident_P000_Q3.block
0xDB25D469,animation,blocks\VZ\vehiclenameanimgroup_vanquish_P000_Q3.block
0xDB2A5204,path,blocks\VZ\resident_P000_Q3.block
0xDB2E0A15,lineregion,blocks\VZ\resident_P000_Q3.block
0xDB2ECF32,path,blocks\VZ\resident_P000_Q3.block
0xDB3063EA,lowresterrain,blocks\VZ\low_res_terrain_P000_Q3.block
0xDB308220,lineregion,blocks\VZ\resident_P000_Q3.block
0xDB32653B,path,blocks\VZ\resident_P000_Q3.block
0xDB331999,effect,blocks\VZ\effects_P000_Q3.block
0xDB36E269,path,blocks\VZ\resident_P000_Q3.block
0xDB3A43B0,animation,blocks\VZ\vehiclenameanimgroup_fishing_P000_Q3.block
0xDB433ED6,animation,blocks\VZ\resident_P000_Q3.block
0xDB45093B,animation,blocks\VZ\vehiclenameanimgroup_amx30_P000_Q3.block
0xDB45B592,animation,blocks\VZ\vehiclenameanimgroup_weightbench_P000_Q3.block
0xDB467086,texture,blocks\Shell\scaleform_shell_P000_Q3.block
0xDB4B0447,animation,blocks\VZ\vehiclenameanimgroup_mh53j_P000_Q3.block
0xDB54D3D6,path,blocks\VZ\resident_P000_Q3.block
0xDB56CF56,scrub,blocks\VZ\c30796_P000_Q3.block
0xDB62AB2D,terrainmesh,blocks\VZ\c30963_P000_Q3.block
0xDB62D797,lineregion,blocks\VZ\resident_P000_Q3.block
0xDB72EAA0,path,blocks\VZ\resident_P000_Q3.block
0xDB7880BE,animation,blocks\VZ\resident_P000_Q3.block
0xDB79D111,scrub,blocks\VZ\c30581_P000_Q3.block
0xDB7D1021,path,blocks\VZ\resident_P000_Q3.block
0xDB83D99E,path,blocks\VZ\resident_P000_Q3.block
0xDB8AB7FC,path,blocks\VZ\resident_P000_Q3.block
0xDB8CFB9B,scrub,blocks\VZ\c31359_P000_Q3.block
0xDB8E16A4,path,blocks\VZ\resident_P000_Q3.block
0xDB9DB63E,path,blocks\VZ\resident_P000_Q3.block
0xDB9E0746,animation,blocks\VZ\resident_P000_Q3.block
0xDBA8C81B,animation,blocks\VZ\vehiclenameanimgroup_m113_P000_Q3.block
0xDBA968E9,path,blocks\VZ\resident_P000_Q3.block
0xDBB0CE71,scrub,blocks\VZ\c30815_P000_Q3.block
0xDBB74BD1,path,blocks\VZ\resident_P000_Q3.block
0xDBCC0C47,lineregion,blocks\VZ\resident_P000_Q3.block
0xDBD254D9,path,blocks\VZ\resident_P000_Q3.block
0xDBD6E5E7,terrainmesh,blocks\VZ\c31065_P000_Q3.block
0xDBD9F7F9,animation,blocks\VZ\vehiclenameanimgroup_ah1z_P000_Q3.block
0xDBE552DB,lineregion,blocks\VZ\resident_P000_Q3.block
0xDBE70661,path,blocks\VZ\resident_P000_Q3.block
0xDBE85C64,path,blocks\VZ\resident_P000_Q3.block
0xDBF80F3E,path,blocks\VZ\resident_P000_Q3.block
0xDBFA34D1,scrub,blocks\VZ\c30082_P000_Q3.block
0xDBFBBE5B,animation,blocks\VZ\vehicleclassanimgroup_autolargec_P000_Q3.block
0xDC01F2DE,animation,blocks\VZ\vehiclenameanimgroup_m1a2_P000_Q3.block
0xDC0B3291,scrub,blocks\VZ\c30138_P000_Q3.block
0xDC114575,animation,blocks\VZ\vehiclenameanimgroup_wz10_P000_Q3.block
0xDC1AA180,path,blocks\VZ\resident_P000_Q3.block
0xDC2454B7,animation,blocks\VZ\vehiclenameanimgroup_ztz98_P000_Q3.block
0xDC2500A0,path,blocks\VZ\resident_P000_Q3.block
0xDC2751D3,animation,blocks\VZ\resident_P000_Q3.block
0xDC2A9225,path,blocks\VZ\resident_P000_Q3.block
0xDC306316,path,blocks\VZ\resident_P000_Q3.block
0xDC32413F,animation,blocks\VZ\resident_P000_Q3.block
0xDC3967ED,animation,blocks\VZ\vehiclenameanimgroup_turbosquid_P000_Q3.block
0xDC4546E8,effect,blocks\VZ\effects_P000_Q3.block
0xDC4D58CC,scrub,blocks\VZ\c31402_P000_Q3.block
0xDC543C29,path,blocks\VZ\resident_P000_Q3.block
0xDC5718DB,animation,blocks\VZ\vehiclenameanimgroup_huey_P000_Q3.block
0xDC6611B3,scrub,blocks\VZ\c31224_P000_Q3.block
0xDC665CBC,animation,blocks\VZ\resident_P000_Q3.block
0xDC69C557,scrub,blocks\VZ\c30814_P000_Q3.block
0xDC6D49E9,animation,blocks\VZ\characternameanimgroup_chris_P000_Q3.block
0xDC6F65D6,animation,blocks\VZ\vehiclenameanimgroup_ah1z_P000_Q3.block
0xDC7548C9,texture,blocks\Shell\scaleform_shell_P000_Q3.block
0xDC7EE6A3,path,blocks\VZ\resident_P000_Q3.block
0xDC823F13,texture,blocks\Shell\scaleform_shell_P000_Q3.block
0xDC8328F8,path,blocks\VZ\resident_P000_Q3.block
0xDC8C7827,path,blocks\VZ\resident_P000_Q3.block
0xDCA6DFF4,texture,blocks\Shell\scaleform_shell_P000_Q3.block
0xDCA782C1,animation,blocks\VZ\vehiclenameanimgroup_md500_P000_Q3.block
0xDCAB5D22,texture,blocks\Shell\scaleform_shell_P000_Q3.block
0xDCAD2EE7,animation,blocks\VZ\vehiclenameanimgroup_alouette3_P000_Q3.block
0xDCB02F3F,path,blocks\VZ\resident_P000_Q3.block
0xDCB6988E,animation,blocks\VZ\resident_P000_Q3.block
0xDCBBE29F,scrub,blocks\VZ\c30824_P000_Q3.block
0xDCC3B3EF,path,blocks\VZ\resident_P000_Q3.block
0xDCCF3A1D,lineregion,blocks\VZ\resident_P000_Q3.block
0xDCD0FADE,path,blocks\VZ\resident_P000_Q3.block
0xDCD57CCC,animation,blocks\VZ\vehicleclassanimgroup_autolargec_P000_Q3.block
0xDCD8CDE2,animation,blocks\VZ\vehiclenameanimgroup_scorpion90_P000_Q3.block
0xDCEA721C,scrub,blocks\VZ\c30727_P000_Q3.block
0xDCEAF4C9,animation,blocks\VZ\resident_P000_Q3.block
0xDCED498F,path,blocks\VZ\resident_P000_Q3.block
0xDD088CF5,animation,blocks\VZ\resident_P000_Q3.block
0xDD09757E,animation,blocks\VZ\vehiclenameanimgroup_ah1z_P000_Q3.block
0xDD16484F,animation,blocks\VZ\vehiclenameanimgroup_ka29b_P000_Q3.block
0xDD17A3E7,path,blocks\VZ\resident_P000_Q3.block
0xDD18AE0A,model,blocks\VZ\c33280_P000_Q3.block
0xDD23B953,lineregion,blocks\VZ\resident_P000_Q3.block
0xDD265193,animation,blocks\VZ\vehiclenameanimgroup_mi35_P000_Q3.block
0xDD27AF3D,scrub,blocks\VZ\c31364_P000_Q3.block
0xDD2CAF74,animation,blocks\VZ\vehiclenameanimgroup_fishing_P000_Q3.block
0xDD337C49,model,blocks\VZ\resident2_P000_Q3.block
0xDD3668D8,path,blocks\VZ\resident_P000_Q3.block
0xDD3E326E,model,blocks\VZ\c39998_P000_Q3.block
0xDD415983,animation,blocks\VZ\vehiclenameanimgroup_mh53j_P000_Q3.block
0xDD4ADD7C,path,blocks\VZ\resident_P000_Q3.block
0xDD4C2307,texture,blocks\Shell\scaleform_shell_P000_Q3.block
0xDD50A035,texture,blocks\Shell\scaleform_shell_P000_Q3.block
0xDD65C9CB,path,blocks\VZ\resident_P000_Q3.block
0xDD6A46F9,path,blocks\VZ\resident_P000_Q3.block
0xDD7BE6A5,lineregion,blocks\VZ\resident_P000_Q3.block
0xDD7D6583,animation,blocks\VZ\vehiclenameanimgroup_mi26_P000_Q3.block
0xDD7DCCC3,animation,blocks\VZ\resident_P000_Q3.block
0xDD80D5E6,scrub,blocks\VZ\c31244_P000_Q3.block
0xDD882A21,lineregion,blocks\VZ\resident_P000_Q3.block
0xDD89795A,animation,blocks\VZ\vehiclenameanimgroup_mi26_P000_Q3.block
0xDD8DF1CA,path,blocks\VZ\resident_P000_Q3.block
0xDD9022EA,path,blocks\VZ\resident_P000_Q3.block
0xDD978715,path,blocks\VZ\resident_P000_Q3.block
0xDD9AE5BD,path,blocks\VZ\resident_P000_Q3.block
0xDD9B683F,path,blocks\VZ\resident_P000_Q3.block
0xDDB1FB9A,path,blocks\VZ\resident_P000_Q3.block
0xDDB6199E,path,blocks\VZ\resident_P000_Q3.block
0xDDB708C9,lineregion,blocks\VZ\resident_P000_Q3.block
0xDDB7A7AD,path,blocks\VZ\resident_P000_Q3.block
0xDDBAA4D7,animation,blocks\VZ\vehiclenameanimgroup_laviii_P000_Q3.block
0xDDC215C0,model,blocks\VZ\pmcoutpost_misc_P000_Q3.block
0xDDC2D5F0,animation,blocks\VZ\resident_P000_Q3.block
0xDDC57EBA,path,blocks\VZ\resident_P000_Q3.block
0xDDCE9532,path,blocks\VZ\resident_P000_Q3.block
0xDDD118A8,path,blocks\VZ\resident_P000_Q3.block
0xDDDCE94C,animation,blocks\VZ\characternameanimgroup_mattias_P000_Q3.block
0xDDE083C4,animation,blocks\VZ\vehiclenameanimgroup_vanquish_P000_Q3.block
0xDDE371E9,animation,blocks\VZ\resident_P000_Q3.block
0xDDE56460,lowresterrain,blocks\VZ\low_res_terrain_P000_Q3.block
0xDDFCA665,texture,blocks\Shell\scaleform_shell_P000_Q3.block
0xDDFD4C04,path,blocks\VZ\resident_P000_Q3.block
0xDDFD803B,animation,blocks\VZ\vehiclenameanimgroup_markv_P000_Q3.block
0xDE01C932,path,blocks\VZ\resident_P000_Q3.block
0xDE021196,path,blocks\VZ\resident_P000_Q3.block
0xDE0F90DB,animation,blocks\VZ\vehiclenameanimgroup_mi35solano_P000_Q3.block
0xDE12EBC0,path,blocks\VZ\resident_P000_Q3.block
0xDE14F7E3,path,blocks\VZ\resident_P000_Q3.block
0xDE15646A,lowresterrain,blocks\VZ\low_res_terrain_P000_Q3.block
0xDE17BB5D,animation,blocks\VZ\vehiclenameanimgroup_ztz63a_P000_Q3.block
0xDE1F920F,animation,blocks\VZ\vehiclenameanimgroup_md500_P000_Q3.block
0xDE215E66,animation,blocks\VZ\vehiclenameanimgroup_ah1z_P000_Q3.block
0xDE232035,path,blocks\VZ\resident_P000_Q3.block
0xDE28FD12,path,blocks\VZ\resident_P000_Q3.block
0xDE30A923,animation,blocks\VZ\vehicleclassanimgroup_truckmid_P000_Q3.block
0xDE3A9306,animation,blocks\VZ\characternameanimgroup_chris_P000_Q3.block
0xDE45B7BC,path,blocks\VZ\resident_P000_Q3.block
0xDE5B6C57,path,blocks\VZ\resident_P000_Q3.block
0xDE5DB661,terrainmesh,blocks\VZ\c30170_P000_Q3.block
0xDE5EF2DA,animation,blocks\VZ\vehiclenameanimgroup_huey_P000_Q3.block
0xDE5FE985,path,blocks\VZ\resident_P000_Q3.block
0xDE64F99A,terrainmesh,blocks\VZ\c30901_P000_Q3.block
0xDE6ADF11,scrub,blocks\VZ\c30397_P000_Q3.block
0xDE6E2CED,animation,blocks\VZ\vehiclenameanimgroup_50cal_P000_Q3.block
0xDE718CCE,path,blocks\VZ\resident_P000_Q3.block
0xDE76602B,path,blocks\VZ\resident_P000_Q3.block
0xDE79FC1A,lowresterrain,blocks\VZ\low_res_terrain_P000_Q3.block
0xDE8337B4,animation,blocks\VZ\resident_P000_Q3.block
0xDE84A86D,animation,blocks\VZ\vehiclenameanimgroup_md500_P000_Q3.block
0xDE86031E,path,blocks\VZ\resident_P000_Q3.block
0xDE8DD982,animation,blocks\VZ\characternameanimgroup_soldier_P000_Q3.block
0xDE8F6D2E,lineregion,blocks\VZ\resident_P000_Q3.block
0xDE901486,path,blocks\VZ\resident_P000_Q3.block
0xDE930606,effect,blocks\VZ\effects_P000_Q3.block
0xDE9C2C27,path,blocks\VZ\resident_P000_Q3.block
0xDEA0855E,path,blocks\VZ\resident_P000_Q3.block
0xDEA4889D,scrub,blocks\VZ\c31272_P000_Q3.block
0xDEABB05F,animation,blocks\VZ\vehiclenameanimgroup_highvoltage_P000_Q3.block
0xDEB3C91B,path,blocks\VZ\resident_P000_Q3.block
0xDECD5E8C,animation,blocks\VZ\vehiclenameanimgroup_plz45_P000_Q3.block
0xDED3A4E3,lowresterrain,blocks\VZ\low_res_terrain_P000_Q3.block
0xDED8ADAF,animation,blocks\VZ\resident_P000_Q3.block
0xDEE156A3,animation,blocks\VZ\vehiclenameanimgroup_dragster_P000_Q3.block
0xDEE333D5,lineregion,blocks\VZ\resident_P000_Q3.block
0xDEE46D59,lowresterrain,blocks\VZ\low_res_terrain_P000_Q3.block
0xDEE96D87,animation,blocks\VZ\characternameanimgroup_jennifer_P000_Q3.block
0xDEF0983B,animation,blocks\VZ\resident_P000_Q3.block
0xDEF47E40,lowresterrain,blocks\VZ\low_res_terrain_P000_Q3.block
0xDEF727DE,model,blocks\VZ\c30662_P000_Q3.block
0xDEF758A8,path,blocks\VZ\resident_P000_Q3.block
0xDF17BA9B,path,blocks\VZ\resident_P000_Q3.block
0xDF1B1FDD,lineregion,blocks\VZ\resident_P000_Q3.block
0xDF1F183B,path,blocks\VZ\resident_P000_Q3.block
0xDF228767,soundbank;sounddb;wavebank,blocks\English\vo_job_pmc.english_P000_Q3.block
0xDF239569,path,blocks\VZ\resident_P000_Q3.block
0xDF24277A,animation,blocks\VZ\characternameanimgroup_soldier_P000_Q3.block
0xDF2B3B3E,scrub,blocks\VZ\c30053_P000_Q3.block
0xDF30661F,scrub,blocks\VZ\c31293_P000_Q3.block
0xDF347976,path,blocks\VZ\resident_P000_Q3.block
0xDF39E357,effect,blocks\VZ\effects_P000_Q3.block
0xDF41AA90,lowresterrain,blocks\VZ\low_res_terrain_P000_Q3.block
0xDF41CDAC,path,blocks\VZ\resident_P000_Q3.block
0xDF438569,path,blocks\VZ\resident_P000_Q3.block
0xDF43C2DE,path,blocks\VZ\resident_P000_Q3.block
0xDF4A78F4,path,blocks\VZ\resident_P000_Q3.block
0xDF4AD145,animation,blocks\VZ\vehicleclassanimgroup_monstertruck_P000_Q3.block
0xDF4DCE49,animation,blocks\VZ\vehiclenameanimgroup_ka29b_P000_Q3.block
0xDF52616B,path,blocks\VZ\resident_P000_Q3.block
0xDF5AB0DB,path,blocks\VZ\resident_P000_Q3.block
0xDF66F90C,path,blocks\VZ\resident_P000_Q3.block
0xDF6ACBC3,model,blocks\VZ\resident2_P000_Q3.block
0xDF788C8D,path,blocks\VZ\resident_P000_Q3.block
0xDF78CAA7,path,blocks\VZ\resident_P000_Q3.block
0xDF7CEBC4,path,blocks\VZ\resident_P000_Q3.block
0xDF8093B0,path,blocks\VZ\resident_P000_Q3.block
0xDF837416,lineregion,blocks\VZ\resident_P000_Q3.block
0xDF8BE0CB,path,blocks\VZ\resident_P000_Q3.block
0xDF8D499F,path,blocks\VZ\resident_P000_Q3.block
0xDF8DE081,path,blocks\VZ\resident_P000_Q3.block
0xDF8E50EE,animation,blocks\VZ\vehiclenameanimgroup_guerilla_P000_Q3.block
0xDF9095D2,animation,blocks\VZ\vehiclenameanimgroup_guerilla_P000_Q3.block
0xDF9269AE,animation,blocks\VZ\resident_P000_Q3.block
0xDF94C4B3,effect,blocks\VZ\effects_P000_Q3.block
0xDF9C7086,animation,blocks\VZ\vehiclenameanimgroup_mi26_P000_Q3.block
0xDFA8DB3E,animation,blocks\VZ\vehicleclassanimgroup_autolargeb_P000_Q3.block
0xDFA92062,lineregion,blocks\VZ\resident_P000_Q3.block
0xDFB3B38F,animation,blocks\VZ\vehicleclassanimgroup_chair_P000_Q3.block
0xDFCD8FF8,animation,blocks\VZ\vehiclenameanimgroup_mh53j_P000_Q3.block
0xDFD1E82A,texture,blocks\Shell\scaleform_shell_P000_Q3.block
0xDFE39D48,lineregion,blocks\VZ\resident_P000_Q3.block
0xDFEDD253,animation,blocks\VZ\vehiclenameanimgroup_mh53j_P000_Q3.block
0xDFF84C76,scrub,blocks\VZ\c31248_P000_Q3.block
0xDFFF1969,path,blocks\VZ\resident_P000_Q3.block
0xE0003E5D,lineregion,blocks\VZ\resident_P000_Q3.block
0xE0008A04,lowresterrain,blocks\VZ\low_res_terrain_P000_Q3.block
0xE002D50A,lineregion,blocks\VZ\resident_P000_Q3.block
0xE002EE64,model,blocks\VZ\c30676_P000_Q3.block
0xE0031B2B,animation,blocks\VZ\vehiclenameanimgroup_mi35_P000_Q3.block
0xE00B080C,animationtable,blocks\VZ\resident_P000_Q3.block
0xE00B9ADA,path,blocks\VZ\resident_P000_Q3.block
0xE00F9E7B,path,blocks\VZ\resident_P000_Q3.block
0xE00FE452,path,blocks\VZ\resident_P000_Q3.block
0xE0125BB1,scrub,blocks\VZ\c31273_P000_Q3.block
0xE01328FA,path,blocks\VZ\resident_P000_Q3.block
0xE0162F01,animation,blocks\VZ\vehiclenameanimgroup_md500_P000_Q3.block
0xE01D2574,model,blocks\VZ\c31076_P000_Q3.block
0xE020EFB3,model,blocks\VZ\c33303_P000_Q3.block
0xE0276A94,animation,blocks\VZ\vehiclenameanimgroup_turbosquid_P000_Q3.block
0xE031CE8F,path,blocks\VZ\resident_P000_Q3.block
0xE043BA78,path,blocks\VZ\resident_P000_Q3.block
0xE045BBBB,animation,blocks\VZ\resident_P000_Q3.block
0xE04D5946,path,blocks\VZ\resident_P000_Q3.block
0xE056A6B7,path,blocks\VZ\resident_P000_Q3.block
0xE05A09A2,model,blocks\VZ\c31659_P000_Q3.block
0xE0642471,animation,blocks\VZ\characternameanimgroup_mattias_P000_Q3.block
0xE06D2D5A,animation,blocks\VZ\vehiclenameanimgroup_scorpiondpv_P000_Q3.block
0xE0701BCD,path,blocks\VZ\resident_P000_Q3.block
0xE0704B0E,animation,blocks\VZ\resident_P000_Q3.block
0xE0708EDE,path,blocks\VZ\resident_P000_Q3.block
0xE0737E09,path,blocks\VZ\resident_P000_Q3.block
0xE0786536,lineregion,blocks\VZ\resident_P000_Q3.block
0xE07D058E,animation,blocks\VZ\resident_P000_Q3.block
0xE081BFFD,animation,blocks\VZ\vehicleclassanimgroup_autolargea_P000_Q3.block
0xE0834BB9,path,blocks\VZ\resident_P000_Q3.block
0xE084BC88,lineregion,blocks\VZ\resident_P000_Q3.block
0xE0850B2A,animation,blocks\VZ\resident_P000_Q3.block
0xE0872200,path,blocks\VZ\resident_P000_Q3.block
0xE0895A36,terrainmesh,blocks\VZ\c30801_P000_Q3.block
0xE08AAD34,path,blocks\VZ\resident_P000_Q3.block
0xE08B89D3,animation,blocks\VZ\vehiclenameanimgroup_stingray_P000_Q3.block
0xE09ECDBE,path,blocks\VZ\resident_P000_Q3.block
0xE0A32118,path,blocks\VZ\resident_P000_Q3.block
0xE0A3A859,effect,blocks\VZ\effects_P000_Q3.block
0xE0A44392,animation,blocks\VZ\characternameanimgroup_jennifer_P000_Q3.block
0xE0A64900,effect,blocks\VZ\effects_P000_Q3.block
0xE0A67AB4,lineregion,blocks\VZ\resident_P000_Q3.block
0xE0AB2B99,animation,blocks\VZ\characternameanimgroup_chris_P000_Q3.block
0xE0ACE9FF,animation,blocks\VZ\resident_P000_Q3.block
0xE0B8CD6A,animation,blocks\VZ\vehiclenameanimgroup_amx30_P000_Q3.block
0xE0BA5ECD,path,blocks\VZ\resident_P000_Q3.block
0xE0BDAF98,animation,blocks\VZ\vehiclenameanimgroup_wz10_P000_Q3.block
0xE0BF2980,scrub,blocks\VZ\c31411_P000_Q3.block
0xE0C81A09,animation,blocks\VZ\vehiclenameanimgroup_m1a2_P000_Q3.block
0xE0CBE5DA,scrub,blocks\VZ\c31359_P000_Q3.block
0xE0D4C021,animation,blocks\VZ\resident_P000_Q3.block
0xE0D658D9,lineregion,blocks\VZ\resident_P000_Q3.block
0xE0DE0694,path,blocks\VZ\resident_P000_Q3.block
0xE0DE94D2,path,blocks\VZ\resident_P000_Q3.block
0xE0DEA0C5,path,blocks\VZ\resident_P000_Q3.block
0xE0EA8FDB,path,blocks\VZ\resident_P000_Q3.block
0xE0FE7813,lowresterrain,blocks\VZ\low_res_terrain_P000_Q3.block
0xE10006B3,animation,blocks\VZ\vehiclenameanimgroup_m2a3_P000_Q3.block
0xE10652AF,effect,blocks\VZ\effects_P000_Q3.block
0xE1076681,animation,blocks\VZ\resident_P000_Q3.block
0xE11E426F,animation,blocks\VZ\vehiclenameanimgroup_tow_P000_Q3.block
0xE11E99AD,model,blocks\VZ\c39998_P000_Q3.block
0xE123C369,path,blocks\VZ\resident_P000_Q3.block
0xE125ED6E,lowresterrain,blocks\VZ\low_res_terrain_P000_Q3.block
0xE12CA2EF,path,blocks\VZ\resident_P000_Q3.block
0xE1313790,terrainmesh,blocks\VZ\c30629_P000_Q3.block
0xE1315632,animation,blocks\VZ\vehiclenameanimgroup_wz10_P000_Q3.block
0xE135AD1F,animation,blocks\VZ\resident_P000_Q3.block
0xE14A7A65,animation,blocks\VZ\vehicleclassanimgroup_autolargea_P000_Q3.block
0xE14B570A,path,blocks\VZ\resident_P000_Q3.block
0xE158089D,animation,blocks\VZ\resident_P000_Q3.block
0xE15B9792,lineregion,blocks\VZ\resident_P000_Q3.block
0xE15DA1E1,path,blocks\VZ\resident_P000_Q3.block
0xE16BE416,soundbank;sounddb,blocks\English\vo_resident_P000_Q3.block
0xE16EF531,path,blocks\VZ\resident_P000_Q3.block
0xE173C825,path,blocks\VZ\resident_P000_Q3.block
0xE175F05A,lineregion,blocks\VZ\resident_P000_Q3.block
0xE1811A60,animation,blocks\VZ\vehicleclassanimgroup_outhouse_P000_Q3.block
0xE1828BDF,path,blocks\VZ\resident_P000_Q3.block
0xE184702C,path,blocks\VZ\resident_P000_Q3.block
0xE18DF185,terrainmesh,blocks\VZ\c31248_P000_Q3.block
0xE19D65F8,animation,blocks\VZ\characternameanimgroup_jennifer_P000_Q3.block
0xE1A30977,animation,blocks\VZ\vehicleclassanimgroup_truckmid_P000_Q3.block
0xE1A55F42,terrainmesh,blocks\VZ\c30768_P000_Q3.block
0xE1B516AC,path,blocks\VZ\resident_P000_Q3.block
0xE1D67421,path,blocks\VZ\resident_P000_Q3.block
0xE1DC8428,path,blocks\VZ\resident_P000_Q3.block
0xE1E33C03,animation,blocks\VZ\vehiclenameanimgroup_barco_P000_Q3.block
0xE1E5FC04,animation,blocks\VZ\vehiclenameanimgroup_mi35solano_P000_Q3.block
0xE1E905BA,effect,blocks\VZ\effects_P000_Q3.block
0xE1EA1A0E,path,blocks\VZ\resident_P000_Q3.block
0xE1EA5C9A,terrainmesh,blocks\VZ\c30203_P000_Q3.block
0xE1EF0696,path,blocks\VZ\resident_P000_Q3.block
0xE1EFDC67,path,blocks\VZ\resident_P000_Q3.block
0xE1F73519,path,blocks\VZ\resident_P000_Q3.block
0xE204DD19,scrub,blocks\VZ\c30444_P000_Q3.block
0xE205404B,animation,blocks\VZ\vehiclenameanimgroup_huey_P000_Q3.block
0xE20A787C,animation,blocks\VZ\vehiclenameanimgroup_scorpion90_P000_Q3.block
0xE20D6CBA,animation,blocks\VZ\vehicleclassanimgroup_autolargeb_P000_Q3.block
0xE2118761,animation,blocks\VZ\vehiclenameanimgroup_mi26_P000_Q3.block
0xE211FC1B,animation,blocks\VZ\characternameanimgroup_chris_P000_Q3.block
0xE213CDFE,path,blocks\VZ\resident_P000_Q3.block
0xE21E0AC6,scrub,blocks\VZ\c31107_P000_Q3.block
0xE221E33A,path,blocks\VZ\resident_P000_Q3.block
0xE238BACC,effect,blocks\VZ\effects_P000_Q3.block
0xE23C98CA,animation,blocks\VZ\vehiclenameanimgroup_stingray_P000_Q3.block
0xE23FEE4F,animation,blocks\VZ\vehiclenameanimgroup_mi35solano_P000_Q3.block
0xE2419AF9,animation,blocks\VZ\vehiclenameanimgroup_mh53j_P000_Q3.block
0xE245CB5A,path,blocks\VZ\resident_P000_Q3.block
0xE2515E06,model,blocks\VZ\c33374_P000_Q3.block
0xE253BA4E,animation,blocks\VZ\resident_P000_Q3.block
0xE25BF1F2,path,blocks\VZ\resident_P000_Q3.block
0xE25ED016,lineregion,blocks\VZ\resident_P000_Q3.block
0xE261F132,path,blocks\VZ\resident_P000_Q3.block
0xE263B13E,path,blocks\VZ\resident_P000_Q3.block
0xE270FF64,texture,blocks\Shell\scaleform_shell_P000_Q3.block
0xE2787B68,animation,blocks\VZ\vehicleclassanimgroup_automedium_P000_Q3.block
0xE27CD2F8,animation,blocks\VZ\vehiclenameanimgroup_chopper_P000_Q3.block
0xE27F3A1D,path,blocks\VZ\resident_P000_Q3.block
0xE2864380,path,blocks\VZ\resident_P000_Q3.block
0xE28B252A,lowresterrain,blocks\VZ\low_res_terrain_P000_Q3.block
0xE28C21F8,path,blocks\VZ\resident_P000_Q3.block
0xE28FAEC1,path,blocks\VZ\resident_P000_Q3.block
0xE2918BA1,lineregion,blocks\VZ\resident_P000_Q3.block
0xE2929815,path,blocks\VZ\resident_P000_Q3.block
0xE297032E,path,blocks\VZ\resident_P000_Q3.block
0xE29A9D17,texture,blocks\Shell\scaleform_shell_P000_Q3.block
0xE29DD91B,animation,blocks\VZ\vehiclenameanimgroup_huey_P000_Q3.block
0xE29F1A45,texture,blocks\Shell\scaleform_shell_P000_Q3.block
0xE2A00B65,animation,blocks\VZ\vehiclenameanimgroup_ka29b_P000_Q3.block
0xE2A0A776,scrub,blocks\VZ\c30284_P000_Q3.block
0xE2A9C8E2,animation,blocks\VZ\vehiclenameanimgroup_ka29b_P000_Q3.block
0xE2AB671B,path,blocks\VZ\resident_P000_Q3.block
0xE2AD133B,animation,blocks\VZ\resident_P000_Q3.block
0xE2AECFFC,texture,blocks\Shell\scaleform_shell_P000_Q3.block
0xE2B1A999,path,blocks\VZ\resident_P000_Q3.block
0xE2B7021B,animation,blocks\VZ\vehiclenameanimgroup_scorpion90_P000_Q3.block
0xE2C1BF91,terrainmesh,blocks\VZ\c30513_P000_Q3.block
0xE2C67FAD,animation,blocks\VZ\vehicleclassanimgroup_autolargeb_P000_Q3.block
0xE2D53CCC,path,blocks\VZ\resident_P000_Q3.block
0xE2DC3F06,model,blocks\VZ\resident2_P000_Q3.block
0xE2E209BB,path,blocks\VZ\resident_P000_Q3.block
0xE2E6CBCC,animation,blocks\VZ\vehiclenameanimgroup_saltonsea_P000_Q3.block
0xE2E79010,path,blocks\VZ\resident_P000_Q3.block
0xE2EAD5AD,path,blocks\VZ\resident_P000_Q3.block
0xE30549BF,animation,blocks\VZ\vehiclenameanimgroup_guerillac_P000_Q3.block
0xE30821DD,animation,blocks\VZ\characternameanimgroup_mattias_P000_Q3.block
0xE31751B3,texture,blocks\Shell\scaleform_shell_P000_Q3.block
0xE31BD928,path,blocks\VZ\resident_P000_Q3.block
0xE32AA36A,animation,blocks\VZ\characternameanimgroup_soldier_P000_Q3.block
0xE32F481E,animation,blocks\VZ\vehiclenameanimgroup_alouette3_P000_Q3.block
0xE33E917B,model,blocks\VZ\c30669_P000_Q3.block
0xE34014C3,animation,blocks\VZ\characternameanimgroup_jennifer_P000_Q3.block
0xE3406FC2,texture,blocks\Shell\scaleform_shell_P000_Q3.block
0xE34597F8,path,blocks\VZ\resident_P000_Q3.block
0xE345FE2D,effect,blocks\VZ\effects_P000_Q3.block
0xE34AFA4C,texture,blocks\Shell\scaleform_shell_P000_Q3.block
0xE34B8AB2,scrub,blocks\VZ\c30902_P000_Q3.block
0xE34F46D6,path,blocks\VZ\resident_P000_Q3.block
0xE353F77A,texture,blocks\Shell\scaleform_shell_P000_Q3.block
0xE356040F,path,blocks\VZ\resident_P000_Q3.block
0xE35D3ED6,path,blocks\VZ\resident_P000_Q3.block
0xE368747D,animation,blocks\VZ\characternameanimgroup_soldier_P000_Q3.block
0xE36C8586,model,blocks\VZ\c30545_P000_Q3.block
0xE37A5F06,lineregion,blocks\VZ\resident_P000_Q3.block
0xE37A834E,scrub,blocks\VZ\c30444_P000_Q3.block
0xE37FE7FD,path,blocks\VZ\resident_P000_Q3.block
0xE38199E7,path,blocks\VZ\resident_P000_Q3.block
0xE3861F0A,animation,blocks\VZ\vehiclenameanimgroup_chopper_P000_Q3.block
0xE3867EB8,path,blocks\VZ\resident_P000_Q3.block
0xE38CC3C2,path,blocks\VZ\resident_P000_Q3.block
0xE38D2827,animation,blocks\VZ\vehicleclassanimgroup_jetski_P000_Q3.block
0xE3931765,animation,blocks\VZ\vehiclenameanimgroup_highvoltage_P000_Q3.block
0xE39488AC,animation,blocks\VZ\characternameanimgroup_chris_P000_Q3.block
0xE3A3BE8C,path,blocks\VZ\resident_P000_Q3.block
0xE3A7BE0D,scrub,blocks\VZ\c30896_P000_Q3.block
0xE3ADD67E,path,blocks\VZ\resident_P000_Q3.block
0xE3AE8518,path,blocks\VZ\resident_P000_Q3.block
0xE3BF7C2F,path,blocks\VZ\resident_P000_Q3.block
0xE3C06B89,path,blocks\VZ\resident_P000_Q3.block
0xE3C126AF,scrub,blocks\VZ\c30638_P000_Q3.block
0xE3C248C5,path,blocks\VZ\resident_P000_Q3.block
0xE3C487BB,path,blocks\VZ\resident_P000_Q3.block
0xE3C66842,path,blocks\VZ\resident_P000_Q3.block
0xE3C74D0F,animation,blocks\VZ\vehiclenameanimgroup_md500_P000_Q3.block
0xE3C904E9,path,blocks\VZ\resident_P000_Q3.block
0xE3D13D01,path,blocks\VZ\resident_P000_Q3.block
0xE3D1F9D9,animation,blocks\VZ\vehicleclassanimgroup_truckmid_P000_Q3.block
0xE3D64960,animation,blocks\VZ\vehicleclassanimgroup_automedium_P000_Q3.block
0xE3DB4EFD,animation,blocks\VZ\vehicleclassanimgroup_autolargec_P000_Q3.block
0xE3EB9027,path,blocks\VZ\resident_P000_Q3.block
0xE3F35755,animation,blocks\VZ\vehiclenameanimgroup_stingray_P000_Q3.block
0xE414CA4E,animation,blocks\VZ\vehiclenameanimgroup_wz551_P000_Q3.block
0xE42662D0,animation,blocks\VZ\resident_P000_Q3.block
0xE42B2AB0,path,blocks\VZ\resident_P000_Q3.block
0xE42BCD07,lineregion,blocks\VZ\resident_P000_Q3.block
0xE43035B6,texture,blocks\Shell\scaleform_shell_P000_Q3.block
0xE439028D,path,blocks\VZ\resident_P000_Q3.block
0xE43A0BFD,animation,blocks\VZ\vehiclenameanimgroup_ah1z_P000_Q3.block
0xE43EBF46,animation,blocks\VZ\vehicleclassanimgroup_autolargea_P000_Q3.block
0xE4443D73,path,blocks\VZ\resident_P000_Q3.block
0xE44A54F9,animation,blocks\VZ\vehiclenameanimgroup_saltonsea_P000_Q3.block
0xE4635E51,path,blocks\VZ\resident_P000_Q3.block
0xE46B15B9,animation,blocks\VZ\vehiclenameanimgroup_v22_P000_Q3.block
0xE46B9001,lowresterrain,blocks\VZ\low_res_terrain_P000_Q3.block
0xE46F780A,effect,blocks\VZ\effects_P000_Q3.block
0xE46FDE62,animation,blocks\VZ\resident_P000_Q3.block
0xE470DE0B,animation,blocks\VZ\vehiclenameanimgroup_alouette3_P000_Q3.block
0xE471953C,path,blocks\VZ\resident_P000_Q3.block
0xE4766B51,path,blocks\VZ\resident_P000_Q3.block
0xE480240B,animationtable,blocks\VZ\resident_P000_Q3.block
0xE4857FC0,animation,blocks\VZ\vehiclenameanimgroup_markv_P000_Q3.block
0xE48B0325,path,blocks\VZ\resident_P000_Q3.block
0xE4A56360,scrub,blocks\VZ\c30346_P000_Q3.block
0xE4AE51C4,path,blocks\VZ\resident_P000_Q3.block
0xE4AE9BE6,path,blocks\VZ\resident_P000_Q3.block
0xE4AFDA1D,animation,blocks\VZ\characternameanimgroup_mattias_P000_Q3.block
0xE4BA720A,path,blocks\VZ\resident_P000_Q3.block
0xE4BB9F15,texture,blocks\Shell\scaleform_shell_P000_Q3.block
0xE4BC236E,lowresterrain,blocks\VZ\low_res_terrain_P000_Q3.block
0xE4BD7E00,path,blocks\VZ\resident_P000_Q3.block
0xE4BE20B3,animation,blocks\VZ\resident_P000_Q3.block
0xE4C74751,animation,blocks\VZ\vehicleclassanimgroup_truckmid_P000_Q3.block
0xE4C95D17,animation,blocks\VZ\characternameanimgroup_ocpapershredder_P000_Q3.block
0xE4CE021D,path,blocks\VZ\resident_P000_Q3.block
0xE4CFAA6D,effect,blocks\VZ\effects_P000_Q3.block
0xE4D1CFF1,path,blocks\VZ\resident_P000_Q3.block
0xE4D7866A,animation,blocks\VZ\resident_P000_Q3.block
0xE4D9EBF7,scrub,blocks\VZ\c30443_P000_Q3.block
0xE4DABC24,animation,blocks\VZ\resident_P000_Q3.block
0xE4DAC743,path,blocks\VZ\resident_P000_Q3.block
0xE4DB8BD3,animation,blocks\VZ\vehiclenameanimgroup_mh53j_P000_Q3.block
0xE4DCDE37,animation,blocks\VZ\characternameanimgroup_jennifer_P000_Q3.block
0xE4DE01AA,animation,blocks\VZ\vehiclenameanimgroup_recoilless_P000_Q3.block
0xE4E8BF43,path,blocks\VZ\resident_P000_Q3.block
0xE4EC172E,animation,blocks\VZ\vehiclenameanimgroup_mi35solano_P000_Q3.block
0xE4F28CEA,animation,blocks\VZ\resident_P000_Q3.block
0xE4F791F5,animation,blocks\VZ\vehiclenameanimgroup_dragster_P000_Q3.block
0xE4F94993,scrub,blocks\VZ\c30815_P000_Q3.block
0xE4FDA1FB,animation,blocks\VZ\characternameanimgroup_mattias_P000_Q3.block
0xE509016A,path,blocks\VZ\resident_P000_Q3.block
0xE510A8CB,scrub,blocks\VZ\c30191_P000_Q3.block
0xE511B0E5,animation,blocks\VZ\vehiclenameanimgroup_ext_P000_Q3.block
0xE51282DE,model,blocks\VZ\c32338_P000_Q3.block
0xE521B317,path,blocks\VZ\resident_P000_Q3.block
0xE524A6DF,path,blocks\VZ\resident_P000_Q3.block
0xE5263045,path,blocks\VZ\resident_P000_Q3.block
0xE5275436,path,blocks\VZ\resident_P000_Q3.block
0xE53310B1,path,blocks\VZ\resident_P000_Q3.block
0xE538060F,model,blocks\VZ\resident2_P000_Q3.block
0xE538CF2B,path,blocks\VZ\resident_P000_Q3.block
0xE53A8798,path,blocks\VZ\resident_P000_Q3.block
0xE53C9AAA,scrub,blocks\VZ\c30198_P000_Q3.block
0xE5420D7D,scrub,blocks\VZ\c31257_P000_Q3.block
0xE547D432,terrainmesh,blocks\VZ\c30073_P000_Q3.block
0xE54A7122,animation,blocks\VZ\vehicleclassanimgroup_truckmid_P000_Q3.block
0xE54CFF56,path,blocks\VZ\resident_P000_Q3.block
0xE557C965,texture,blocks\Shell\scaleform_shell_P000_Q3.block
0xE55816B5,path,blocks\VZ\resident_P000_Q3.block
0xE5582B02,lineregion,blocks\VZ\resident_P000_Q3.block
0xE55C07DE,texture,blocks\Shell\scaleform_shell_P000_Q3.block
0xE55C541A,model,blocks\VZ\c30001_P000_Q3.block
0xE55CE0F2,effect,blocks\VZ\effects_P000_Q3.block
0xE560D53E,path,blocks\VZ\resident_P000_Q3.block
0xE561AF87,path,blocks\VZ\resident_P000_Q3.block
0xE56209EC,path,blocks\VZ\resident_P000_Q3.block
0xE57685F5,scrub,blocks\VZ\c30579_P000_Q3.block
0xE5773334,path,blocks\VZ\resident_P000_Q3.block
0xE578487F,animation,blocks\VZ\vehicleclassanimgroup_autolargec_P000_Q3.block
0xE57CC485,animation,blocks\VZ\resident_P000_Q3.block
0xE57D80E5,lineregion,blocks\VZ\resident_P000_Q3.block
0xE57E9A20,texture,blocks\Shell\scaleform_shell_P000_Q3.block
0xE58502FF,path,blocks\VZ\resident_P000_Q3.block
0xE5892572,path,blocks\VZ\resident_P000_Q3.block
0xE58B8940,path,blocks\VZ\resident_P000_Q3.block
0xE58BAB5C,path,blocks\VZ\resident_P000_Q3.block
0xE58CB3E7,lineregion,blocks\VZ\resident_P000_Q3.block
0xE59B3E4E,animation,blocks\VZ\vehiclenameanimgroup_turbosquid_P000_Q3.block
0xE5A86604,path,blocks\VZ\resident_P000_Q3.block
0xE5AC13C1,scrub,blocks\VZ\c31228_P000_Q3.block
0xE5ADDF84,scrub,blocks\VZ\c30795_P000_Q3.block
0xE5AF0F1D,path,blocks\VZ\resident_P000_Q3.block
0xE5BAA364,path,blocks\VZ\resident_P000_Q3.block
0xE5BB1ABE,path,blocks\VZ\resident_P000_Q3.block
0xE5BE00E9,path,blocks\VZ\resident_P000_Q3.block
0xE5C2BC3C,scrub,blocks\VZ\c30576_P000_Q3.block
0xE5C459AB,animation,blocks\VZ\characternameanimgroup_jennifer_P000_Q3.block
0xE5D0048F,scrub,blocks\VZ\c31402_P000_Q3.block
0xE5EA998E,effect,blocks\VZ\effects_P000_Q3.block
0xE5EC50A2,path,blocks\VZ\resident_P000_Q3.block
0xE5F0D58F,animation,blocks\VZ\resident_P000_Q3.block
0xE5F2AF2B,animation,blocks\VZ\vehiclenameanimgroup_armored bank truck_P000_Q3.block
0xE600C760,path,blocks\VZ\resident_P000_Q3.block
0xE606410D,model,blocks\VZ\c30790_P000_Q3.block
0xE6091C85,path,blocks\VZ\resident_P000_Q3.block
0xE60E7B2A,path,blocks\VZ\resident_P000_Q3.block
0xE61FFC71,animation,blocks\VZ\resident_P000_Q3.block
0xE6236CE9,texture,blocks\Shell\scaleform_shell_P000_Q3.block
0xE63148C5,path,blocks\VZ\resident_P000_Q3.block
0xE647A844,animation,blocks\VZ\vehicleclassanimgroup_autosmall_P000_Q3.block
0xE651F7F1,path,blocks\VZ\resident_P000_Q3.block
0xE6569BBA,path,blocks\VZ\resident_P000_Q3.block
0xE65A4ECB,path,blocks\VZ\resident_P000_Q3.block
0xE663F039,path,blocks\VZ\resident_P000_Q3.block
0xE66C3202,lineregion,blocks\VZ\resident_P000_Q3.block
0xE66E0FDE,path,blocks\VZ\resident_P000_Q3.block
0xE67E6455,path,blocks\VZ\resident_P000_Q3.block
0xE68C9ACA,animation,blocks\VZ\vehiclenameanimgroup_mh53j_P000_Q3.block
0xE690A220,path,blocks\VZ\resident_P000_Q3.block
0xE6941471,model,blocks\VZ\c30229_P000_Q3.block
0xE69884CF,animation,blocks\VZ\vehiclenameanimgroup_scorpion90_P000_Q3.block
0xE69B3DD1,scrub,blocks\VZ\c30581_P000_Q3.block
0xE6AF338E,lineregion,blocks\VZ\resident_P000_Q3.block
0xE6B3E142,path,blocks\VZ\resident_P000_Q3.block
0xE6BD0BC5,path,blocks\VZ\resident_P000_Q3.block
0xE6BDD810,lowresterrain,blocks\VZ\low_res_terrain_P000_Q3.block
0xE6C7D4A2,path,blocks\VZ\resident_P000_Q3.block
0xE6C94BBE,scrub,blocks\VZ\c30911_P000_Q3.block
0xE6CC1879,path,blocks\VZ\resident_P000_Q3.block
0xE6CF2C4A,path,blocks\VZ\resident_P000_Q3.block
0xE6D0F5AE,path,blocks\VZ\resident_P000_Q3.block
0xE6D3C61A,animation,blocks\VZ\vehicleclassanimgroup_automedium_P000_Q3.block
0xE6E8A0E9,animation,blocks\VZ\vehiclenameanimgroup_huey_P000_Q3.block
0xE6E9289A,path,blocks\VZ\resident_P000_Q3.block
0xE6EBD282,path,blocks\VZ\resident_P000_Q3.block
0xE6ED65B0,path,blocks\VZ\resident_P000_Q3.block
0xE6FF751D,animation,blocks\VZ\vehiclenameanimgroup_zbd2000_P000_Q3.block
0xE7010B49,path,blocks\VZ\resident_P000_Q3.block
0xE7071C42,path,blocks\VZ\resident_P000_Q3.block
0xE7143817,scrub,blocks\VZ\c30726_P000_Q3.block
0xE71DD0E8,animation,blocks\VZ\vehicleclassanimgroup_autosmall_P000_Q3.block
0xE7362140,terrainmesh,blocks\VZ\c31072_P000_Q3.block
0xE73C8C7A,animation,blocks\VZ\vehiclenameanimgroup_ka29b_P000_Q3.block
0xE73CDDE0,path,blocks\VZ\resident_P000_Q3.block
0xE748668E,path,blocks\VZ\resident_P000_Q3.block
0xE74B5BBC,effect,blocks\VZ\effects_P000_Q3.block
0xE74D4130,path,blocks\VZ\resident_P000_Q3.block
0xE74F8B4D,model,blocks\VZ\c30479_P000_Q3.block
0xE7508E44,scrub,blocks\VZ\c30020_P000_Q3.block
0xE75FB885,lowresterrain,blocks\VZ\low_res_terrain_P000_Q3.block
0xE76E2740,animation,blocks\VZ\characternameanimgroup_mattias_P000_Q3.block
0xE7717F01,path,blocks\VZ\resident_P000_Q3.block
0xE77EE28F,path,blocks\VZ\resident_P000_Q3.block
0xE78080C9,scrub,blocks\VZ\c31272_P000_Q3.block
0xE7A19A9E,path,blocks\VZ\resident_P000_Q3.block
0xE7A89DC3,path,blocks\VZ\resident_P000_Q3.block
0xE7ABB085,path,blocks\VZ\resident_P000_Q3.block
0xE7AE7FA5,path,blocks\VZ\resident_P000_Q3.block
0xE7B98AD8,path,blocks\VZ\resident_P000_Q3.block
0xE7B9BA13,model,blocks\VZ\c33298_P000_Q3.block
0xE7BDBB7C,animation,blocks\VZ\resident_P000_Q3.block
0xE7C7727D,path,blocks\VZ\resident_P000_Q3.block
0xE7C8F502,animation,blocks\VZ\vehiclenameanimgroup_m551_P000_Q3.block
0xE7D3B446,animation,blocks\VZ\characternameanimgroup_jennifer_P000_Q3.block
0xE7D6462D,model,blocks\VZ\c32155_P000_Q3.block
0xE7E39F4D,lineregion,blocks\VZ\resident_P000_Q3.block
0xE7E5EEFD,animation,blocks\VZ\vehicleclassanimgroup_truckmid_P000_Q3.block
0xE7EA9112,path,blocks\VZ\resident_P000_Q3.block
0xE7F38766,lowresterrain,blocks\VZ\low_res_terrain_P000_Q3.block
0xE7F3FE93,path,blocks\VZ\resident_P000_Q3.block
0xE7F44686,path,blocks\VZ\resident_P000_Q3.block
0xE7F986E1,path,blocks\VZ\resident_P000_Q3.block
0xE7FA27DF,path,blocks\VZ\resident_P000_Q3.block
0xE7FA736F,lineregion,blocks\VZ\resident_P000_Q3.block
0xE7FDB6B8,path,blocks\VZ\resident_P000_Q3.block
0xE802F234,scrub,blocks\VZ\c30574_P000_Q3.block
0xE81B357A,path,blocks\VZ\resident_P000_Q3.block
0xE8243172,animation,blocks\VZ\resident_P000_Q3.block
0xE8411A0A,path,blocks\VZ\resident_P000_Q3.block
0xE85F9CAA,path,blocks\VZ\resident_P000_Q3.block
0xE8602C93,path,blocks\VZ\resident_P000_Q3.block
0xE8626D26,path,blocks\VZ\resident_P000_Q3.block
0xE868F7C4,path,blocks\VZ\resident_P000_Q3.block
0xE86C2A30,animation,blocks\VZ\vehiclenameanimgroup_ka29b_P000_Q3.block
0xE86D74F2,path,blocks\VZ\resident_P000_Q3.block
0xE86E4D57,lowresterrain,blocks\VZ\low_res_terrain_P000_Q3.block
0xE87518A4,path,blocks\VZ\resident_P000_Q3.block
0xE87AF06B,path,blocks\VZ\resident_P000_Q3.block
0xE87FE130,lineregion,blocks\VZ\resident_P000_Q3.block
0xE882E5AD,path,blocks\VZ\resident_P000_Q3.block
0xE883D953,path,blocks\VZ\resident_P000_Q3.block
0xE8869551,terrainmesh,blocks\VZ\c30959_P000_Q3.block
0xE88A39B5,animation,blocks\VZ\vehiclenameanimgroup_alouette3_P000_Q3.block
0xE88D4DA7,animation,blocks\VZ\vehicleclassanimgroup_truckmid_P000_Q3.block
0xE88D799C,path,blocks\VZ\resident_P000_Q3.block
0xE88E3466,path,blocks\VZ\resident_P000_Q3.block
0xE8946EE4,animation,blocks\VZ\vehicleclassanimgroup_automedium_P000_Q3.block
0xE897761C,path,blocks\VZ\resident_P000_Q3.block
0xE899B993,animation,blocks\VZ\vehiclenameanimgroup_ztz98_P000_Q3.block
0xE8A61B2D,path,blocks\VZ\resident_P000_Q3.block
0xE8B1DE3D,path,blocks\VZ\resident_P000_Q3.block
0xE8B30510,path,blocks\VZ\resident_P000_Q3.block
0xE8B9D119,path,blocks\VZ\resident_P000_Q3.block
0xE8BAC0CA,animation,blocks\VZ\resident_P000_Q3.block
0xE8BC9BAD,scrub,blocks\VZ\c31224_P000_Q3.block
0xE8BFDEC2,path,blocks\VZ\resident_P000_Q3.block
0xE8D1D64C,animation,blocks\VZ\resident_P000_Q3.block
0xE8D3D1B8,path,blocks\VZ\resident_P000_Q3.block
0xE8E73624,path,blocks\VZ\resident_P000_Q3.block
0xE8EA27B3,path,blocks\VZ\resident_P000_Q3.block
0xE8EF1618,path,blocks\VZ\resident_P000_Q3.block
0xE8F74CD8,path,blocks\VZ\resident_P000_Q3.block
0xE908B187,path,blocks\VZ\resident_P000_Q3.block
0xE90977E1,effect,blocks\VZ\effects_P000_Q3.block
0xE90BBE7C,animation,blocks\VZ\vehiclenameanimgroup_alouette3_P000_Q3.block
0xE912B905,lowresterrain,blocks\VZ\low_res_terrain_P000_Q3.block
0xE91571D2,path,blocks\VZ\resident_P000_Q3.block
0xE9203989,path,blocks\VZ\resident_P000_Q3.block
0xE9219C8A,model;path,blocks\VZ\global_freewayelevated_P000_Q3.block;blocks\VZ\resident_P000_Q3.block
0xE92B8110,path,blocks\VZ\resident_P000_Q3.block
0xE92C94EA,animation,blocks\VZ\resident_P000_Q3.block
0xE92D2B76,animation,blocks\VZ\vehiclenameanimgroup_fiona_P000_Q3.block
0xE93014B6,terrainmesh,blocks\VZ\c31116_P000_Q3.block
0xE930613A,terrainmesh,blocks\VZ\c30074_P000_Q3.block
0xE93A32E6,path,blocks\VZ\resident_P000_Q3.block
0xE93AE3DF,animation,blocks\VZ\characternameanimgroup_chris_P000_Q3.block
0xE93CD8D5,animation,blocks\VZ\resident_P000_Q3.block
0xE93FDED2,path,blocks\VZ\resident_P000_Q3.block
0xE940B3EB,animation,blocks\VZ\vehiclenameanimgroup_armwrestle_P000_Q3.block
0xE945AA9C,path,blocks\VZ\resident_P000_Q3.block
0xE9514F41,animation,blocks\VZ\c30893_P000_Q3.block
0xE955631A,path,blocks\VZ\resident_P000_Q3.block
0xE95BE4FB,path,blocks\VZ\resident_P000_Q3.block
0xE95F3630,animation,blocks\VZ\vehiclenameanimgroup_highvoltage_P000_Q3.block
0xE9606229,path,blocks\VZ\resident_P000_Q3.block
0xE9622BA7,path,blocks\VZ\resident_P000_Q3.block
0xE9746170,scrub,blocks\VZ\c31374_P000_Q3.block
0xE97A59C2,animation,blocks\VZ\vehiclenameanimgroup_smallfishing_P000_Q3.block
0xE97B8CC4,texture,blocks\Shell\scaleform_shell_P000_Q3.block
0xE98009F2,texture,blocks\Shell\scaleform_shell_P000_Q3.block
0xE9801CFC,path,blocks\VZ\resident_P000_Q3.block
0xE9893684,path,blocks\VZ\resident_P000_Q3.block
0xE98DB3B2,path,blocks\VZ\resident_P000_Q3.block
0xE98E8FBC,animation,blocks\VZ\resident_P000_Q3.block
0xE98F7354,path,blocks\VZ\resident_P000_Q3.block
0xE998463B,scrub,blocks\VZ\c30079_P000_Q3.block
0xE9990A87,animation,blocks\VZ\vehiclenameanimgroup_m551_P000_Q3.block
0xE99E8B70,path,blocks\VZ\resident_P000_Q3.block
0xE9A0CF2D,animation,blocks\VZ\vehiclenameanimgroup_misha_P000_Q3.block
0xE9A52671,path,blocks\VZ\resident_P000_Q3.block
0xE9AD9368,texture,blocks\Shell\russian_P000_Q3.block
0xE9B7C7E6,animation,blocks\VZ\vehiclenameanimgroup_vanquish_P000_Q3.block
0xE9BA02DF,animation,blocks\VZ\vehicleclassanimgroup_bench_P000_Q3.block
0xE9BAAC86,model,blocks\VZ\c39998_P000_Q3.block
0xE9BFC5F8,scrub,blocks\VZ\c31503_P000_Q3.block
0xE9D846C8,path,blocks\VZ\resident_P000_Q3.block
0xE9F0EDEB,path,blocks\VZ\resident_P000_Q3.block
0xE9F56ED6,path,blocks\VZ\resident_P000_Q3.block
0xE9F77A8A,path,blocks\VZ\resident_P000_Q3.block
0xE9FA4B30,path,blocks\VZ\resident_P000_Q3.block
0xEA030006,path,blocks\VZ\resident_P000_Q3.block
0xEA12AF05,path,blocks\VZ\resident_P000_Q3.block
0xEA156B90,animation,blocks\VZ\resident2_P000_Q3.block
0xEA25D168,path,blocks\VZ\resident_P000_Q3.block
0xEA2A4E96,path,blocks\VZ\resident_P000_Q3.block
0xEA2DDAB6,path,blocks\VZ\resident_P000_Q3.block
0xEA310536,animation,blocks\VZ\vehiclenameanimgroup_mh53j_P000_Q3.block
0xEA39BD11,path,blocks\VZ\resident_P000_Q3.block
0xEA3DF673,model,blocks\VZ\c30600_P000_Q3.block
0xEA490E1C,animation,blocks\VZ\vehiclenameanimgroup_alouette3_P000_Q3.block
0xEA586016,path,blocks\VZ\resident_P000_Q3.block
0xEA5CB4D4,path,blocks\VZ\resident_P000_Q3.block
0xEA5DF767,scrub,blocks\VZ\c30637_P000_Q3.block
0xEA5EB225,path,blocks\VZ\resident_P000_Q3.block
0xEA61292C,path,blocks\VZ\resident_P000_Q3.block
0xEA64B256,path,blocks\VZ\resident_P000_Q3.block
0xEA65DA5C,path,blocks\VZ\resident_P000_Q3.block
0xEA67F42A,path,blocks\VZ\resident_P000_Q3.block
0xEA68E4FC,path,blocks\VZ\resident_P000_Q3.block
0xEA74362C,path,blocks\VZ\resident_P000_Q3.block
0xEA76650E,animation,blocks\VZ\resident_P000_Q3.block
0xEA7B472B,scrub,blocks\VZ\c30100_P000_Q3.block
0xEA7F9F3F,model,blocks\VZ\c31090_P000_Q3.block
0xEA81D2EA,path,blocks\VZ\resident_P000_Q3.block
0xEA81E7BD,path,blocks\VZ\resident_P000_Q3.block
0xEA916B8E,animation,blocks\VZ\resident_P000_Q3.block
0xEA98AD5A,path,blocks\VZ\resident_P000_Q3.block
0xEA9B1210,animation,blocks\VZ\vehiclenameanimgroup_weightbench_P000_Q3.block
0xEAA2B1E9,path,blocks\VZ\resident_P000_Q3.block
0xEAA636F9,path,blocks\VZ\resident_P000_Q3.block
0xEAA71CCB,model,blocks\VZ\c33017_P000_Q3.block
0xEAAC7346,path,blocks\VZ\resident_P000_Q3.block
0xEAB0269D,path,blocks\VZ\resident_P000_Q3.block
0xEAB9D3B0,path,blocks\VZ\resident_P000_Q3.block
0xEAC32305,animation,blocks\VZ\vehiclenameanimgroup_piranha_P000_Q3.block
0xEAC98794,path,blocks\VZ\resident_P000_Q3.block
0xEACB9A55,animation,blocks\VZ\vehiclenameanimgroup_sportbike_P000_Q3.block
0xEACC0716,animation,blocks\VZ\vehiclenameanimgroup_alouette3_P000_Q3.block
0xEACFC715,animation,blocks\VZ\vehiclenameanimgroup_scorpiondpv_P000_Q3.block
0xEAD15FA1,path,blocks\VZ\resident_P000_Q3.block
0xEADA91D7,path,blocks\VZ\resident_P000_Q3.block
0xEADF9519,wavebank,blocks\English\vo_resident_P000_Q3.block
0xEAE8ACA1,animation,blocks\VZ\resident_P000_Q3.block
0xEAEA7AC8,terrainmesh,blocks\VZ\c31253_P000_Q3.block
0xEAF428D3,scrub,blocks\VZ\c30193_P000_Q3.block
0xEAF592C3,lineregion,blocks\VZ\resident_P000_Q3.block
0xEAF79FA0,animation,blocks\VZ\vehiclenameanimgroup_barco_P000_Q3.block
0xEAF837DE,scrub,blocks\VZ\c30970_P000_Q3.block
0xEAF98602,animation,blocks\VZ\vehiclenameanimgroup_md500_P000_Q3.block
0xEAFB56CB,animation,blocks\VZ\vehicleclassanimgroup_monstertruck_P000_Q3.block
0xEB004FD3,animation,blocks\VZ\vehiclenameanimgroup_f35_P000_Q3.block
0xEB072176,lineregion,blocks\VZ\resident_P000_Q3.block
0xEB10D87A,animation,blocks\VZ\vehiclenameanimgroup_ka29b_P000_Q3.block
0xEB11FA6A,path,blocks\VZ\resident_P000_Q3.block
0xEB12A6B5,terrainmesh,blocks\VZ\c30159_P000_Q3.block
0xEB19341F,path,blocks\VZ\resident_P000_Q3.block
0xEB1E0F6E,model,blocks\VZ\effects_P000_Q3.block
0xEB2276C5,animation;model,blocks\VZ\c31217_P000_Q3.block;blocks\VZ\resident_P000_Q3.block
0xEB305D7B,model,blocks\VZ\c30479_P000_Q3.block
0xEB31B8EB,effect,blocks\VZ\effects_P000_Q3.block
0xEB34FFF8,path,blocks\VZ\resident_P000_Q3.block
0xEB36DB0F,animation,blocks\VZ\characternameanimgroup_jennifer_P000_Q3.block
0xEB38E1CF,path,blocks\VZ\resident_P000_Q3.block
0xEB44D7DA,lineregion,blocks\VZ\resident_P000_Q3.block
0xEB59FEA5,animation,blocks\VZ\vehiclenameanimgroup_smallfishing_P000_Q3.block
0xEB6152D1,animation,blocks\VZ\vehiclenameanimgroup_f35_P000_Q3.block
0xEB68112D,path,blocks\VZ\resident_P000_Q3.block
0xEB72DF18,animation,blocks\VZ\vehiclenameanimgroup_v22_P000_Q3.block
0xEB73ADED,animation,blocks\VZ\vehiclenameanimgroup_mi35solano_P000_Q3.block
0xEB7E7B3A,path,blocks\VZ\resident_P000_Q3.block
0xEB982A24,lowresterrain,blocks\VZ\low_res_terrain_P000_Q3.block
0xEB9A60C6,animation,blocks\VZ\vehiclenameanimgroup_avenger_P000_Q3.block
0xEBA10C3A,animation,blocks\VZ\vehiclenameanimgroup_v22_P000_Q3.block
0xEBA37EA0,animation,blocks\VZ\vehiclenameanimgroup_ah1z_P000_Q3.block
0xEBB019B3,animation,blocks\VZ\vehiclenameanimgroup_smallfishing_P000_Q3.block
0xEBBC6B45,effect,blocks\VZ\effects_P000_Q3.block
0xEBBCA297,scrub,blocks\VZ\c30138_P000_Q3.block
0xEBC00302,animation,blocks\VZ\vehicleclassanimgroup_autolargeb_P000_Q3.block
0xEBC79D42,scrub,blocks\VZ\c31009_P000_Q3.block
0xEBD110E4,path,blocks\VZ\resident_P000_Q3.block
0xEBD442DD,lowresterrain,blocks\VZ\low_res_terrain_P000_Q3.block
0xEBD83F46,animation,blocks\VZ\characternameanimgroup_chris_P000_Q3.block
0xEBE43CD6,path,blocks\VZ\resident_P000_Q3.block
0xEBE8D605,animation,blocks\VZ\vehicleclassanimgroup_buggy_P000_Q3.block
0xEBF0821C,animation,blocks\VZ\vehiclenameanimgroup_pgz95_P000_Q3.block
0xEBF3C865,animation,blocks\VZ\vehiclenameanimgroup_mi35_P000_Q3.block
0xEBF81C59,path,blocks\VZ\resident_P000_Q3.block
0xEC005F75,path,blocks\VZ\resident_P000_Q3.block
0xEC07D239,lowresterrain,blocks\VZ\low_res_terrain_P000_Q3.block
0xEC0DAFF2,model,blocks\VZ\c30728_P000_Q3.block
0xEC0EE7D7,scrub,blocks\VZ\c31467_P000_Q3.block
0xEC0F1C9E,animation,blocks\VZ\vehiclenameanimgroup_nglv_P000_Q3.block
0xEC0F2620,animation,blocks\VZ\resident_P000_Q3.block
0xEC15CECD,animation,blocks\VZ\vehiclenameanimgroup_vanquish_P000_Q3.block
0xEC19D43E,path,blocks\VZ\resident_P000_Q3.block
0xEC20D5D2,path,blocks\VZ\resident_P000_Q3.block
0xEC2A11A2,animation,blocks\VZ\resident_P000_Q3.block
0xEC3860DF,animation,blocks\VZ\vehiclenameanimgroup_swamp_P000_Q3.block
0xEC3C702E,animation,blocks\VZ\vehiclenameanimgroup_mi35solano_P000_Q3.block
0xEC3E534C,animation,blocks\VZ\vehicleclassanimgroup_buggy_P000_Q3.block
0xEC457168,path,blocks\VZ\resident_P000_Q3.block
0xEC4744E8,path,blocks\VZ\resident_P000_Q3.block
0xEC4988A0,path,blocks\VZ\resident_P000_Q3.block
0xEC529970,path,blocks\VZ\resident_P000_Q3.block
0xEC542935,animation,blocks\VZ\characternameanimgroup_mattias_P000_Q3.block
0xEC5CE947,animation,blocks\VZ\vehiclenameanimgroup_ka29b_P000_Q3.block
0xEC615052,scrub,blocks\VZ\c31225_P000_Q3.block
0xEC6FFA31,animation,blocks\VZ\resident_P000_Q3.block
0xEC71D68D,path,blocks\VZ\resident_P000_Q3.block
0xEC84A576,path,blocks\VZ\resident_P000_Q3.block
0xEC8BF473,path,blocks\VZ\resident_P000_Q3.block
0xEC91C02A,path,blocks\VZ\resident_P000_Q3.block
0xECAAB151,path,blocks\VZ\resident_P000_Q3.block
0xECC06C4D,animation,blocks\VZ\vehicleclassanimgroup_monstertruck_P000_Q3.block
0xECC167B0,animation,blocks\VZ\vehiclenameanimgroup_m151_P000_Q3.block
0xECC70DE8,path,blocks\VZ\resident_P000_Q3.block
0xECCCFD1E,animation,blocks\VZ\vehiclenameanimgroup_mi35_P000_Q3.block
0xECCED30F,terrainmesh,blocks\VZ\c31352_P000_Q3.block
0xECD6D6AC,animation,blocks\VZ\resident_P000_Q3.block
0xECDBC98D,terrainmesh,blocks\VZ\c31496_P000_Q3.block
0xECDE84DD,effect,blocks\VZ\effects_P000_Q3.block
0xECEB14D2,path,blocks\VZ\resident_P000_Q3.block
0xECEC2822,texture,blocks\Shell\scaleform_shell_P000_Q3.block
0xECF1256E,animation,blocks\VZ\vehiclenameanimgroup_m113_P000_Q3.block
0xECF2CC93,animation,blocks\VZ\vehicleclassanimgroup_hmmwv_P000_Q3.block
0xECFE0AE2,binary,blocks\Shell\resident_P000_Q3.block;blocks\VZ\resident_P000_Q3.block
0xED021181,lineregion,blocks\VZ\resident_P000_Q3.block
0xED04FC3E,animation,blocks\VZ\vehiclenameanimgroup_cigarette_P000_Q3.block
0xED09A9F6,animation,blocks\VZ\vehiclenameanimgroup_wz551_P000_Q3.block
0xED09F0F4,animation,blocks\VZ\vehiclenameanimgroup_armwrestle_P000_Q3.block
0xED0A55DF,lowresterrain,blocks\VZ\low_res_terrain_P000_Q3.block
0xED0D1A8B,path,blocks\VZ\resident_P000_Q3.block
0xED1DAF4F,animation,blocks\VZ\resident_P000_Q3.block
0xED211503,path,blocks\VZ\resident_P000_Q3.block
0xED22EE30,path,blocks\VZ\resident_P000_Q3.block
0xED262CF0,lineregion,blocks\VZ\resident_P000_Q3.block
0xED276DA5,path,blocks\VZ\resident_P000_Q3.block
0xED2C2260,animation,blocks\VZ\vehicleclassanimgroup_autolargec_P000_Q3.block
0xED35C168,path,blocks\VZ\resident_P000_Q3.block
0xED37BC56,animation,blocks\VZ\characternameanimgroup_chris_P000_Q3.block
0xED3B682E,path,blocks\VZ\resident_P000_Q3.block
0xED3BCDBF,scrub,blocks\VZ\c30398_P000_Q3.block
0xED40433C,model,blocks\VZ\c31073_P000_Q3.block
0xED41250E,animation,blocks\VZ\vehiclenameanimgroup_mi35_P000_Q3.block
0xED41EFD5,lineregion,blocks\VZ\resident_P000_Q3.block
0xED43B610,path,blocks\VZ\resident_P000_Q3.block
0xED53E148,lowresterrain,blocks\VZ\low_res_terrain_P000_Q3.block
0xED54EC67,terrainmesh,blocks\VZ\c30502_P000_Q3.block
0xED563E19,path,blocks\VZ\resident_P000_Q3.block
0xED5CB844,animation,blocks\VZ\characternameanimgroup_jennifer_P000_Q3.block
0xED609FB5,path,blocks\VZ\resident_P000_Q3.block
0xED61B836,path,blocks\VZ\resident_P000_Q3.block
0xED668E23,model,blocks\VZ\c30607_P000_Q3.block
0xED69BAB7,animation,blocks\VZ\characternameanimgroup_jennifer_P000_Q3.block
0xED6BB899,animation,blocks\VZ\resident_P000_Q3.block
0xED6E97B5,path,blocks\VZ\resident_P000_Q3.block
0xED6F49DC,path,blocks\VZ\resident_P000_Q3.block
0xED6FEAED,animation,blocks\VZ\vehicleclassanimgroup_hmmwv_P000_Q3.block
0xED70E1CB,model,blocks\VZ\c30676_P000_Q3.block
0xED77E748,texture,blocks\Shell\scaleform_shell_P000_Q3.block
0xED7A7B46,path,blocks\VZ\resident_P000_Q3.block
0xED7E33B3,path,blocks\VZ\resident_P000_Q3.block
0xED8718AA,path,blocks\VZ\resident_P000_Q3.block
0xED8A3E97,animation,blocks\VZ\vehicleclassanimgroup_automedium_P000_Q3.block
0xED8D5CC2,animation,blocks\VZ\vehicleclassanimgroup_autosmall_P000_Q3.block
0xED8E1B0D,animation,blocks\VZ\resident_P000_Q3.block
0xED98729F,path,blocks\VZ\resident_P000_Q3.block
0xED9D25F3,animation,blocks\VZ\vehiclenameanimgroup_m2a3_P000_Q3.block
0xEDA0A873,path,blocks\VZ\resident_P000_Q3.block
0xEDAC563F,path,blocks\VZ\resident_P000_Q3.block
0xEDB96179,animation,blocks\VZ\vehiclenameanimgroup_stingray_P000_Q3.block
0xEDBB95CA,path,blocks\VZ\resident_P000_Q3.block
0xEDC69F2E,animation,blocks\VZ\vehiclenameanimgroup_mattiaschopper_P000_Q3.block
0xEDC9C682,path,blocks\VZ\resident_P000_Q3.block
0xEDD12913,path,blocks\VZ\resident_P000_Q3.block
0xEDD63A78,path,blocks\VZ\resident_P000_Q3.block
0xEDDDDFFD,path,blocks\VZ\resident_P000_Q3.block
0xEDE22CBB,path,blocks\VZ\resident_P000_Q3.block
0xEDEC954E,animation,blocks\VZ\resident_P000_Q3.block
0xEDF038C6,texture,blocks\Shell\scaleform_shell_P000_Q3.block
0xEDFEB853,animation,blocks\VZ\resident_P000_Q3.block
0xEDFEEC21,path,blocks\VZ\resident_P000_Q3.block
0xEDFF2C7E,path,blocks\VZ\resident_P000_Q3.block
0xEE01646C,animation,blocks\VZ\resident_P000_Q3.block
0xEE025FDB,scrub,blocks\VZ\c30813_P000_Q3.block
0xEE0F600C,path,blocks\VZ\resident_P000_Q3.block
0xEE13C094,animation,blocks\VZ\vehiclenameanimgroup_alouette3_P000_Q3.block
0xEE261EBA,path,blocks\VZ\resident_P000_Q3.block
0xEE2844FB,terrainmesh,blocks\VZ\c31060_P000_Q3.block
0xEE28D4C1,scrub,blocks\VZ\c30819_P000_Q3.block
0xEE31E69C,animation,blocks\VZ\characternameanimgroup_jennifer_P000_Q3.block
0xEE332FC2,path,blocks\VZ\resident_P000_Q3.block
0xEE388231,path,blocks\VZ\resident_P000_Q3.block
0xEE448DD7,path,blocks\VZ\resident_P000_Q3.block
0xEE522AF5,animation,blocks\VZ\resident_P000_Q3.block
0xEE54F6B9,path,blocks\VZ\resident_P000_Q3.block
0xEE5681B7,path,blocks\VZ\resident_P000_Q3.block
0xEE5A01D2,animation,blocks\VZ\vehiclenameanimgroup_markv_P000_Q3.block
0xEE5C2C19,terrainmesh,blocks\VZ\c30811_P000_Q3.block
0xEE604C90,path,blocks\VZ\resident_P000_Q3.block
0xEE685717,lowresterrain,blocks\VZ\low_res_terrain_P000_Q3.block
0xEE6C0391,animation,blocks\VZ\vehiclenameanimgroup_vanquish_P000_Q3.block
0xEE6CA28C,path,blocks\VZ\resident_P000_Q3.block
0xEE7604A0,texture,blocks\Shell\scaleform_shell_P000_Q3.block
0xEE81D203,path,blocks\VZ\resident_P000_Q3.block
0xEE820E08,animation,blocks\VZ\vehiclenameanimgroup_mh53j_P000_Q3.block
0xEE89E8B3,path,blocks\VZ\resident_P000_Q3.block
0xEE8EE506,animation,blocks\VZ\vehicleclassanimgroup_buggy_P000_Q3.block
0xEE9666B4,path,blocks\VZ\resident_P000_Q3.block
0xEE98023F,path,blocks\VZ\resident_P000_Q3.block
0xEE9F5302,lowresterrain,blocks\VZ\low_res_terrain_P000_Q3.block
0xEE9FBD27,path,blocks\VZ\resident_P000_Q3.block
0xEEA14CB5,animation,blocks\VZ\vehiclenameanimgroup_laviii_P000_Q3.block
0xEEB8AA11,path,blocks\VZ\resident_P000_Q3.block
0xEEBA451B,path,blocks\VZ\resident_P000_Q3.block
0xEED35833,path,blocks\VZ\resident_P000_Q3.block
0xEED49F59,path,blocks\VZ\resident_P000_Q3.block
0xEED7E61C,animation,blocks\VZ\vehiclenameanimgroup_huangfeng_P000_Q3.block
0xEEDD12B1,lineregion,blocks\VZ\resident_P000_Q3.block
0xEEE0EC88,path,blocks\VZ\resident_P000_Q3.block
0xEEE76BB4,path,blocks\VZ\resident_P000_Q3.block
0xEEE8014B,path,blocks\VZ\resident_P000_Q3.block
0xEEEBE8E2,path,blocks\VZ\resident_P000_Q3.block
0xEEF73936,animation,blocks\VZ\vehiclenameanimgroup_wz10_P000_Q3.block
0xEF006CBB,effect,blocks\VZ\effects_P000_Q3.block
0xEF05950F,path,blocks\VZ\resident_P000_Q3.block
0xEF066CD2,path,blocks\VZ\resident_P000_Q3.block
0xEF1961FB,path,blocks\VZ\resident_P000_Q3.block
0xEF1CE9AA,path,blocks\VZ\resident_P000_Q3.block
0xEF1DDF29,path,blocks\VZ\resident_P000_Q3.block
0xEF1ED564,path,blocks\VZ\resident_P000_Q3.block
0xEF1F3243,animation,blocks\VZ\vehiclenameanimgroup_ridgeline_P000_Q3.block
0xEF28F89B,path,blocks\VZ\resident_P000_Q3.block
0xEF2C6A97,animation,blocks\VZ\vehiclenameanimgroup_amx30aa_P000_Q3.block
0xEF2F4236,animation,blocks\VZ\vehiclenameanimgroup_weightbench_P000_Q3.block
0xEF36ED43,path,blocks\VZ\resident_P000_Q3.block
0xEF38AD15,path,blocks\VZ\resident_P000_Q3.block
0xEF398ABC,animation,blocks\VZ\vehicleclassanimgroup_truckmid_P000_Q3.block
0xEF47DF2D,path,blocks\VZ\resident_P000_Q3.block
0xEF48BE84,path,blocks\VZ\resident_P000_Q3.block
0xEF5B7527,path,blocks\VZ\resident_P000_Q3.block
0xEF5C0870,path,blocks\VZ\resident_P000_Q3.block
0xEF60B55D,animation,blocks\VZ\vehiclenameanimgroup_m551_P000_Q3.block
0xEF62810F,path,blocks\VZ\resident_P000_Q3.block
0xEF63C3AD,path,blocks\VZ\resident_P000_Q3.block
0xEF6780C9,animation,blocks\VZ\vehiclenameanimgroup_mi35solano_P000_Q3.block
0xEF6D60BD,texture,blocks\Shell\scaleform_shell_P000_Q3.block
0xEF6DB279,path,blocks\VZ\resident_P000_Q3.block
0xEF6F8FDB,scrub,blocks\VZ\c31237_P000_Q3.block
0xEF86928C,animation,blocks\VZ\vehicleclassanimgroup_jetski_P000_Q3.block
0xEF86B690,animation,blocks\VZ\vehiclenameanimgroup_smallfishing_P000_Q3.block
0xEF8D16CE,path,blocks\VZ\resident_P000_Q3.block
0xEF92CE44,terrainmesh,blocks\VZ\c31232_P000_Q3.block
0xEF95CA7E,path,blocks\VZ\resident_P000_Q3.block
0xEF9DD721,animation,blocks\VZ\vehiclenameanimgroup_m1a2_P000_Q3.block
0xEFA167EF,lowresterrain,blocks\VZ\low_res_terrain_P000_Q3.block
0xEFA62464,path,blocks\VZ\resident_P000_Q3.block
0xEFA81A50,animation,blocks\VZ\vehiclenameanimgroup_swamp_P000_Q3.block
0xEFB2690F,path,blocks\VZ\resident_P000_Q3.block
0xEFB85CC0,path,blocks\VZ\resident_P000_Q3.block
0xEFBC4729,animation,blocks\VZ\vehiclenameanimgroup_md500_P000_Q3.block
0xEFC19008,path,blocks\VZ\resident_P000_Q3.block
0xEFC9E559,path,blocks\VZ\resident_P000_Q3.block
0xEFCB34FC,path,blocks\VZ\resident_P000_Q3.block
0xEFCE4EE4,animation,blocks\VZ\vehiclenameanimgroup_avenger_P000_Q3.block
0xEFD37F81,path,blocks\VZ\resident_P000_Q3.block
0xEFD6D0DF,scrub,blocks\VZ\c30429_P000_Q3.block
0xEFDEF2CB,texture,blocks\Shell\scaleform_shell_P000_Q3.block
0xEFE36C51,path,blocks\VZ\resident_P000_Q3.block
0xEFF7F317,path,blocks\VZ\resident_P000_Q3.block
0xEFFA9751,animation,blocks\VZ\vehiclenameanimgroup_ztz98_P000_Q3.block
0xEFFC7045,path,blocks\VZ\resident_P000_Q3.block
0xEFFD64B2,path,blocks\VZ\resident_P000_Q3.block
0xF001292D,animation,blocks\VZ\characternameanimgroup_jennifer_P000_Q3.block
0xF008767B,scrub,blocks\VZ\c31277_P000_Q3.block
0xF008F385,path,blocks\VZ\resident_P000_Q3.block
0xF01C75AA,path,blocks\VZ\resident_P000_Q3.block
0xF01CC363,texture,blocks\Shell\scaleform_shell_P000_Q3.block
0xF027C76D,animation,blocks\VZ\vehiclenameanimgroup_ka29b_P000_Q3.block
0xF029E124,scrub,blocks\VZ\c30086_P000_Q3.block
0xF0364C0E,animation,blocks\VZ\vehiclenameanimgroup_ztz98_P000_Q3.block
0xF0382C3B,path,blocks\VZ\resident_P000_Q3.block
0xF0398C06,path,blocks\VZ\resident_P000_Q3.block
0xF03DD6FA,texture,blocks\Shell\scaleform_shell_P000_Q3.block
0xF03E80DA,animation,blocks\VZ\vehiclenameanimgroup_smallfishing_P000_Q3.block
0xF03FF78A,scrub,blocks\VZ\c30085_P000_Q3.block
0xF05149A6,scrub,blocks\VZ\c31059_P000_Q3.block
0xF053B714,terrainmesh,blocks\VZ\c31489_P000_Q3.block
0xF05603B7,scrub,blocks\VZ\c30191_P000_Q3.block
0xF0588296,path,blocks\VZ\resident_P000_Q3.block
0xF05900B0,animation,blocks\VZ\vehiclenameanimgroup_huangfeng_P000_Q3.block
0xF05F583B,animation,blocks\VZ\resident_P000_Q3.block
0xF0643F93,animation,blocks\VZ\vehiclenameanimgroup_smallfishing_P000_Q3.block
0xF0670F63,terrainmesh,blocks\VZ\c30100_P000_Q3.block
0xF0693BD3,texture,blocks\Shell\scaleform_shell_P000_Q3.block
0xF06A26C2,path,blocks\VZ\resident_P000_Q3.block
0xF06B4838,path,blocks\VZ\resident_P000_Q3.block
0xF0752EA2,binary,blocks\Shell\ps3saveassets_it_P000_Q3.block;blocks\VZ\ps3saveassets_it_P000_Q3.block
0xF07AE0E8,path,blocks\VZ\resident_P000_Q3.block
0xF07B709A,lineregion,blocks\VZ\resident_P000_Q3.block
0xF07D5D44,animation,blocks\VZ\vehiclenameanimgroup_ztz98_P000_Q3.block
0xF0829253,animation,blocks\VZ\vehiclenameanimgroup_mi26_P000_Q3.block
0xF08B3DE8,lineregion,blocks\VZ\resident_P000_Q3.block
0xF08C26E0,lowresterrain,blocks\VZ\low_res_terrain_P000_Q3.block
0xF08EDCA1,path,blocks\VZ\resident_P000_Q3.block
0xF08FBB16,lineregion,blocks\VZ\resident_P000_Q3.block
0xF090EFC3,path,blocks\VZ\resident_P000_Q3.block
0xF0967066,animation,blocks\VZ\vehiclenameanimgroup_ah1z_P000_Q3.block
0xF0999595,animation,blocks\VZ\vehiclenameanimgroup_omen_P000_Q3.block
0xF0A40B98,model,blocks\VZ\c33228_P000_Q3.block
0xF0A5EEE4,animation,blocks\VZ\vehiclenameanimgroup_ztz98_P000_Q3.block
0xF0A71444,path,blocks\VZ\resident_P000_Q3.block
0xF0B3D162,path,blocks\VZ\resident_P000_Q3.block
0xF0B5AB62,path,blocks\VZ\resident_P000_Q3.block
0xF0B5C5B5,animation,blocks\VZ\resident_P000_Q3.block
0xF0BE5ADF,path,blocks\VZ\resident_P000_Q3.block
0xF0CECB3E,path,blocks\VZ\resident_P000_Q3.block
0xF0D44A4D,animation,blocks\VZ\vehiclenameanimgroup_v22_P000_Q3.block
0xF0D4D222,animation,blocks\VZ\characternameanimgroup_soldier_P000_Q3.block
0xF0F6D8A7,animation,blocks\VZ\vehiclenameanimgroup_wz10_P000_Q3.block
0xF0F7DF40,path,blocks\VZ\resident_P000_Q3.block
0xF0F8E551,terrainmesh,blocks\VZ\c30576_P000_Q3.block
0xF0FB8BB6,path,blocks\VZ\resident_P000_Q3.block
0xF1024B10,scrub,blocks\VZ\c30787_P000_Q3.block
0xF1054246,effect,blocks\VZ\effects_P000_Q3.block
0xF111D42F,path,blocks\VZ\resident_P000_Q3.block
0xF113D9A8,terrainmesh,blocks\VZ\c30062_P000_Q3.block
0xF11AA6A6,animation,blocks\VZ\resident_P000_Q3.block
0xF11AF2CE,path,blocks\VZ\resident_P000_Q3.block
0xF11EDA7F,terrainmesh,blocks\VZ\c31530_P000_Q3.block
0xF124CA5D,animation,blocks\VZ\vehiclenameanimgroup_saltonsea_P000_Q3.block
0xF128C469,animation,blocks\VZ\vehicleclassanimgroup_jetski_P000_Q3.block
0xF13A14A6,effect,blocks\VZ\effects_P000_Q3.block
0xF1428314,animation,blocks\VZ\vehicleclassanimgroup_autolargec_P000_Q3.block
0xF1433CA8,animation,blocks\VZ\vehiclenameanimgroup_m113_P000_Q3.block
0xF1459CCD,animation,blocks\VZ\vehicleclassanimgroup_autolargec_P000_Q3.block
0xF1488F0D,path,blocks\VZ\resident_P000_Q3.block
0xF15A08F2,animation,blocks\VZ\vehiclenameanimgroup_highvoltage_P000_Q3.block
0xF16166D2,path,blocks\VZ\resident_P000_Q3.block
0xF16538D0,lineregion,blocks\VZ\resident_P000_Q3.block
0xF16BE295,path,blocks\VZ\resident_P000_Q3.block
0xF17FDDA1,path,blocks\VZ\resident_P000_Q3.block
0xF18223E5,animation,blocks\VZ\vehiclenameanimgroup_ztz63a_P000_Q3.block
0xF1890D2B,lowresterrain,blocks\VZ\low_res_terrain_P000_Q3.block
0xF1947589,lineregion,blocks\VZ\resident_P000_Q3.block
0xF195E71A,path,blocks\VZ\resident_P000_Q3.block
0xF1980E75,texture,blocks\Shell\scaleform_shell_P000_Q3.block
0xF1A667F9,lowresterrain,blocks\VZ\low_res_terrain_P000_Q3.block
0xF1AB1D6D,path,blocks\VZ\resident_P000_Q3.block
0xF1AE1DA5,animation,blocks\VZ\characternameanimgroup_soldier_P000_Q3.block
0xF1AF47E6,path,blocks\VZ\resident_P000_Q3.block
0xF1B22381,animation,blocks\VZ\vehiclenameanimgroup_cigarette_P000_Q3.block
0xF1B2F37D,path,blocks\VZ\resident_P000_Q3.block
0xF1B602C7,animation,blocks\VZ\characternameanimgroup_chris_P000_Q3.block
0xF1BCECB4,path,blocks\VZ\resident_P000_Q3.block
0xF1BF364C,model,blocks\VZ\c30464_P000_Q3.block
0xF1C4D480,scrub,blocks\VZ\c31192_P000_Q3.block
0xF1CE082A,path,blocks\VZ\resident_P000_Q3.block
0xF1D1A3ED,animation,blocks\VZ\vehiclenameanimgroup_ah1z_P000_Q3.block
0xF1D3DDAF,animation,blocks\VZ\vehiclenameanimgroup_ridgeline_P000_Q3.block
0xF1DE0F90,path,blocks\VZ\resident_P000_Q3.block
0xF1EA1BC5,path,blocks\VZ\resident_P000_Q3.block
0xF1F9885A,scrub,blocks\VZ\c30103_P000_Q3.block
0xF1F9FBBA,animation,blocks\VZ\vehiclenameanimgroup_armored bank truck_P000_Q3.block
0xF1FF3A71,path,blocks\VZ\resident_P000_Q3.block
0xF201FD31,animation,blocks\VZ\vehiclenameanimgroup_mh53j_P000_Q3.block
0xF21B015E,path,blocks\VZ\resident_P000_Q3.block
0xF222E238,path,blocks\VZ\resident_P000_Q3.block
0xF222E3E5,animation,blocks\VZ\vehiclenameanimgroup_huey_P000_Q3.block
0xF2275F66,path,blocks\VZ\resident_P000_Q3.block
0xF22E0C99,path,blocks\VZ\resident_P000_Q3.block
0xF237A8DA,animation,blocks\VZ\vehiclenameanimgroup_saltonsea_P000_Q3.block
0xF23B92C6,animation,blocks\VZ\characternameanimgroup_jennifer_P000_Q3.block
0xF2405AD1,animation,blocks\VZ\vehiclenameanimgroup_turbosquid_P000_Q3.block
0xF245AC63,model,blocks\VZ\c30952_P000_Q3.block
0xF25C0EF4,path,blocks\VZ\resident_P000_Q3.block
0xF25C98F8,scrub,blocks\VZ\c30328_P000_Q3.block
0xF2641B60,animation,blocks\VZ\vehiclenameanimgroup_mi26_P000_Q3.block
0xF265F9E5,animation,blocks\VZ\resident_P000_Q3.block
0xF26B2DE9,animation,blocks\VZ\resident_P000_Q3.block
0xF26E181B,path,blocks\VZ\resident_P000_Q3.block
0xF276E0CD,path,blocks\VZ\resident_P000_Q3.block
0xF2799999,terrainmesh,blocks\VZ\c31401_P000_Q3.block
0xF283D98D,model,blocks\VZ\c33297_P000_Q3.block
0xF2871627,path,blocks\VZ\resident_P000_Q3.block
0xF28C704E,lineregion,blocks\VZ\resident_P000_Q3.block
0xF2916EF4,terrainmesh,blocks\VZ\c30831_P000_Q3.block
0xF29255EE,scrub,blocks\VZ\c30305_P000_Q3.block
0xF2A385EE,path,blocks\VZ\resident_P000_Q3.block
0xF2A87C2C,path,blocks\VZ\resident_P000_Q3.block
0xF2B5631A,path,blocks\VZ\resident_P000_Q3.block
0xF2C13D9E,texture,blocks\Shell\scaleform_shell_P000_Q3.block
0xF2C18C5B,scrub,blocks\VZ\c30019_P000_Q3.block
0xF2CADE8B,scrub,blocks\VZ\c30092_P000_Q3.block
0xF2D1BB57,animation,blocks\VZ\vehiclenameanimgroup_m113_P000_Q3.block
0xF2D3ABBF,animation,blocks\VZ\vehiclenameanimgroup_dragster_P000_Q3.block
0xF2D5E967,path,blocks\VZ\resident_P000_Q3.block
0xF2DF4A3C,path,blocks\VZ\resident_P000_Q3.block
0xF2EBEF99,lineregion,blocks\VZ\resident_P000_Q3.block
0xF2ECE73F,path,blocks\VZ\resident_P000_Q3.block
0xF2EEC2E9,path,blocks\VZ\resident_P000_Q3.block
0xF2F51DFF,path,blocks\VZ\resident_P000_Q3.block
0xF2F61A15,model,blocks\VZ\c39998_P000_Q3.block
0xF2F87516,path,blocks\VZ\resident_P000_Q3.block
0xF2FF4368,path,blocks\VZ\resident_P000_Q3.block
0xF2FF5C46,path,blocks\VZ\resident_P000_Q3.block
0xF306AB06,path,blocks\VZ\resident_P000_Q3.block
0xF309464E,path,blocks\VZ\resident_P000_Q3.block
0xF309F1C4,path,blocks\VZ\resident_P000_Q3.block
0xF30C85FC,animation,blocks\VZ\characternameanimgroup_civilian_P000_Q3.block
0xF312CB98,animation,blocks\VZ\vehiclenameanimgroup_swamp_P000_Q3.block
0xF3155D90,animation,blocks\VZ\characternameanimgroup_jennifer_P000_Q3.block
0xF3196D9D,animation,blocks\VZ\vehiclenameanimgroup_m1a2_P000_Q3.block
0xF31B6592,effect,blocks\VZ\effects_P000_Q3.block
0xF31D442D,animation,blocks\VZ\characternameanimgroup_jennifer_P000_Q3.block
0xF323C47B,scrub,blocks\VZ\c30796_P000_Q3.block
0xF3279787,path,blocks\VZ\resident_P000_Q3.block
0xF32C14B5,path,blocks\VZ\resident_P000_Q3.block
0xF32CD493,animation,blocks\VZ\vehiclenameanimgroup_sportbike_P000_Q3.block
0xF3308D35,lowresterrain,blocks\VZ\low_res_terrain_P000_Q3.block
0xF33AF51E,path,blocks\VZ\resident_P000_Q3.block
0xF33BD04B,model,blocks\VZ\c32836_P000_Q3.block
0xF33FBF16,lineregion,blocks\VZ\resident_P000_Q3.block
0xF33FD8FF,animation,blocks\VZ\vehiclenameanimgroup_m1a2_P000_Q3.block
0xF34298C8,script,blocks\Shell\resident_P000_Q3.block
0xF3439BB1,model,blocks\VZ\effects_P000_Q3.block
0xF35117A7,animation,blocks\VZ\vehiclenameanimgroup_md500_P000_Q3.block
0xF35982C0,path,blocks\VZ\resident_P000_Q3.block
0xF35B413B,animation,blocks\VZ\characternameanimgroup_jennifer_P000_Q3.block
0xF35CB5F1,path,blocks\VZ\resident_P000_Q3.block
0xF3607066,scrub,blocks\VZ\c31249_P000_Q3.block
0xF36221B5,path,blocks\VZ\resident_P000_Q3.block
0xF36EAF7A,scrub,blocks\VZ\c30304_P000_Q3.block
0xF374465F,path,blocks\VZ\resident_P000_Q3.block
0xF374C4AC,animation,blocks\VZ\vehiclenameanimgroup_patrol_P000_Q3.block
0xF37CED60,path,blocks\VZ\resident_P000_Q3.block
0xF380A903,path,blocks\VZ\resident_P000_Q3.block
0xF3855287,effect,blocks\VZ\effects_P000_Q3.block
0xF386B18C,model,blocks\VZ\c31108_P000_Q3.block
0xF38F1228,path,blocks\VZ\resident_P000_Q3.block
0xF38F68C4,path,blocks\VZ\resident_P000_Q3.block
0xF38F91CC,texture,blocks\VZ\c32611_P000_Q3.block
0xF3902755,path,blocks\VZ\resident_P000_Q3.block
0xF3968645,animation,blocks\VZ\resident_P000_Q3.block
0xF397C056,model,blocks\VZ\c39998_P000_Q3.block
0xF39CBD80,animation,blocks\VZ\vehiclenameanimgroup_laviii_P000_Q3.block
0xF39D46F6,path,blocks\VZ\resident_P000_Q3.block
0xF39EBA3A,animation,blocks\VZ\vehiclenameanimgroup_m113_P000_Q3.block
0xF3A0ED2C,path,blocks\VZ\resident_P000_Q3.block
0xF3A27EE5,animation,blocks\VZ\vehiclenameanimgroup_mh53j_P000_Q3.block
0xF3ABD12F,scrub,blocks\VZ\c31275_P000_Q3.block
0xF3AF897C,lineregion,blocks\VZ\resident_P000_Q3.block
0xF3B10992,path,blocks\VZ\resident_P000_Q3.block
0xF3C440A3,path,blocks\VZ\resident_P000_Q3.block
0xF3C80C9C,model,blocks\VZ\c32567_P000_Q3.block
0xF3CD04AE,effect,blocks\VZ\effects_P000_Q3.block
0xF3D5566E,animation,blocks\VZ\resident_P000_Q3.block
0xF3D617EF,path,blocks\VZ\resident_P000_Q3.block
0xF3D90673,animation,blocks\VZ\vehicleclassanimgroup_jetski_P000_Q3.block
0xF3DB5445,lineregion,blocks\VZ\resident_P000_Q3.block
0xF3DB81DF,animation,blocks\VZ\characternameanimgroup_chris_P000_Q3.block
0xF3ECA369,animation,blocks\VZ\vehiclenameanimgroup_type 14310_P000_Q3.block
0xF3F1CA68,animation,blocks\VZ\characternameanimgroup_chris_P000_Q3.block
0xF3F398F8,lineregion,blocks\VZ\resident_P000_Q3.block
0xF3F49354,path,blocks\VZ\resident_P000_Q3.block
0xF3F67AC1,animation,blocks\VZ\vehiclenameanimgroup_huangfeng_P000_Q3.block
0xF3F81626,lineregion,blocks\VZ\resident_P000_Q3.block
0xF3FBCF72,terrainmesh,blocks\VZ\c31250_P000_Q3.block
0xF3FCF3D5,animation,blocks\VZ\vehiclenameanimgroup_ka29b_P000_Q3.block
0xF3FD4686,path,blocks\VZ\resident_P000_Q3.block
0xF40EEA27,path,blocks\VZ\resident_P000_Q3.block
0xF419FFEB,model,blocks\VZ\c30952_P000_Q3.block
0xF4294B15,effect,blocks\VZ\effects_P000_Q3.block
0xF42E9133,animation,blocks\VZ\vehiclenameanimgroup_mi35solano_P000_Q3.block
0xF4309A98,model,blocks\VZ\c31186_P000_Q3.block
0xF432F244,path,blocks\VZ\resident_P000_Q3.block
0xF4345606,path,blocks\VZ\resident_P000_Q3.block
0xF434E9EF,path,blocks\VZ\resident_P000_Q3.block
0xF4358256,model,blocks\VZ\c32476_P000_Q3.block
0xF4372A47,path,blocks\VZ\resident_P000_Q3.block
0xF449A345,animation,blocks\VZ\vehiclenameanimgroup_m551_P000_Q3.block
0xF4581CA2,animation,blocks\VZ\resident_P000_Q3.block
0xF45B4FBE,lineregion,blocks\VZ\resident_P000_Q3.block
0xF45B55EF,path,blocks\VZ\resident_P000_Q3.block
0xF45DCD90,path,blocks\VZ\resident_P000_Q3.block
0xF45EDEEC,path,blocks\VZ\resident_P000_Q3.block
0xF466174D,scrub,blocks\VZ\c31413_P000_Q3.block
0xF468DE58,animation,blocks\VZ\resident_P000_Q3.block
0xF46963AC,path,blocks\VZ\resident_P000_Q3.block
0xF4800BF4,path,blocks\VZ\resident_P000_Q3.block
0xF4892F3C,path,blocks\VZ\resident_P000_Q3.block
0xF49D63B9,animation,blocks\VZ\characternameanimgroup_soldier_P000_Q3.block
0xF4A1F6C4,path,blocks\VZ\resident_P000_Q3.block
0xF4A4449A,animation,blocks\VZ\vehiclenameanimgroup_huey_P000_Q3.block
0xF4A4E8B4,path,blocks\VZ\resident_P000_Q3.block
0xF4A965E2,path,blocks\VZ\resident_P000_Q3.block
0xF4AD777D,lineregion,blocks\VZ\resident_P000_Q3.block
0xF4AF3C5B,model,blocks\VZ\c30266_P000_Q3.block
0xF4AF6522,path,blocks\VZ\resident_P000_Q3.block
0xF4B9D356,path,blocks\VZ\resident_P000_Q3.block
0xF4B9EEFB,path,blocks\VZ\resident_P000_Q3.block
0xF4BEDDE5,scrub,blocks\VZ\c30815_P000_Q3.block
0xF4C0555B,lineregion,blocks\VZ\resident_P000_Q3.block
0xF4C58456,path,blocks\VZ\resident_P000_Q3.block
0xF4C77B5C,path,blocks\VZ\resident_P000_Q3.block
0xF4C7F0B2,terrainmesh,blocks\VZ\c30053_P000_Q3.block
0xF4C9B410,effect,blocks\VZ\effects_P000_Q3.block
0xF4CD949B,path,blocks\VZ\resident_P000_Q3.block
0xF4D9CFB8,path,blocks\VZ\resident_P000_Q3.block
0xF4DBA2B8,animation,blocks\VZ\vehiclenameanimgroup_ka29b_P000_Q3.block
0xF4DD761D,animation,blocks\VZ\vehiclenameanimgroup_ztz63a_P000_Q3.block
0xF4DD9918,lineregion,blocks\VZ\resident_P000_Q3.block
0xF4E5B8DB,animation,blocks\VZ\vehiclenameanimgroup_mi35solano_P000_Q3.block
0xF4EAC1F1,scrub,blocks\VZ\c31427_P000_Q3.block
0xF4F64F5C,animation,blocks\VZ\characternameanimgroup_ochqexecphone_P000_Q3.block
0xF5054BFC,animation,blocks\VZ\vehicleclassanimgroup_autosmall_P000_Q3.block
0xF50BB972,path,blocks\VZ\resident_P000_Q3.block
0xF513C460,effect,blocks\VZ\effects_P000_Q3.block
0xF514D88B,terrainmesh,blocks\VZ\c30310_P000_Q3.block
0xF51903E8,lineregion,blocks\VZ\resident_P000_Q3.block
0xF51A80DD,animation,blocks\VZ\vehiclenameanimgroup_fishing_P000_Q3.block
0xF51BF8D1,animation,blocks\VZ\vehiclenameanimgroup_m101a_P000_Q3.block
0xF52154B2,scrub,blocks\VZ\c31193_P000_Q3.block
0xF52E4062,scrub,blocks\VZ\c31248_P000_Q3.block
0xF5364FFE,animation,blocks\VZ\resident_P000_Q3.block
0xF5376162,animation,blocks\VZ\characternameanimgroup_jennifer_P000_Q3.block
0xF537B67E,lineregion,blocks\VZ\resident_P000_Q3.block
0xF53D8A4A,path,blocks\VZ\resident_P000_Q3.block
0xF5461103,lowresterrain,blocks\VZ\low_res_terrain_P000_Q3.block
0xF547A4B3,path,blocks\VZ\resident_P000_Q3.block
0xF547E6DF,path,blocks\VZ\resident_P000_Q3.block
0xF5492B84,path,blocks\VZ\resident_P000_Q3.block
0xF549CBF3,animation,blocks\VZ\vehiclenameanimgroup_mi26_P000_Q3.block
0xF550757D,animation,blocks\VZ\resident_P000_Q3.block
0xF559CAC3,animation,blocks\VZ\vehiclenameanimgroup_m1a2_P000_Q3.block
0xF55AC7DF,path,blocks\VZ\resident_P000_Q3.block
0xF55B4D59,path,blocks\VZ\resident_P000_Q3.block
0xF55C6DB8,path,blocks\VZ\resident_P000_Q3.block
0xF55CC85A,path,blocks\VZ\resident_P000_Q3.block
0xF5689AA0,path,blocks\VZ\resident_P000_Q3.block
0xF56D01E3,lineregion,blocks\VZ\resident_P000_Q3.block
0xF5702493,path,blocks\VZ\resident_P000_Q3.block
0xF57A8DEA,animation,blocks\VZ\characternameanimgroup_jennifer_P000_Q3.block
0xF57F050C,path,blocks\VZ\resident_P000_Q3.block
0xF582617F,path,blocks\VZ\resident_P000_Q3.block
0xF58554EA,model,blocks\VZ\c39998_P000_Q3.block
0xF588F172,animation,blocks\VZ\resident_P000_Q3.block
0xF589CA67,terrainmesh,blocks\VZ\c30103_P000_Q3.block
0xF58C00FB,path,blocks\VZ\resident_P000_Q3.block
0xF5907E29,path,blocks\VZ\resident_P000_Q3.block
0xF59770C9,path,blocks\VZ\resident_P000_Q3.block
0xF59EAC7E,animation,blocks\VZ\resident_P000_Q3.block
0xF5B0D703,effect,blocks\VZ\effects_P000_Q3.block
0xF5B47005,animation,blocks\VZ\vehiclenameanimgroup_alouette3_P000_Q3.block
0xF5B75609,animation,blocks\VZ\resident_P000_Q3.block
0xF5BE8102,terrainmesh,blocks\VZ\c30896_P000_Q3.block
0xF5C2811E,lowresterrain,blocks\VZ\low_res_terrain_P000_Q3.block
0xF5C2F4F2,model,blocks\VZ\c31438_P000_Q3.block
0xF5CB97C2,animation,blocks\VZ\vehiclenameanimgroup_m151_P000_Q3.block
0xF5CEDCD6,model,blocks\VZ\c33014_P000_Q3.block
0xF5D17C20,lineregion,blocks\VZ\resident_P000_Q3.block
0xF5E11933,path,blocks\VZ\resident_P000_Q3.block
0xF5E1372C,path,blocks\VZ\resident_P000_Q3.block
0xF5E20DDB,path,blocks\VZ\resident_P000_Q3.block
0xF5E30C0B,path,blocks\VZ\resident_P000_Q3.block
0xF5E78939,path,blocks\VZ\resident_P000_Q3.block
0xF5EDC1A3,texture,blocks\Shell\scaleform_shell_P000_Q3.block
0xF5F1B3D4,path,blocks\VZ\resident_P000_Q3.block
0xF5F2296D,path,blocks\VZ\resident_P000_Q3.block
0xF5F4C28C,texture,blocks\Shell\scaleform_shell_P000_Q3.block
0xF5FE2268,lineregion,blocks\VZ\resident_P000_Q3.block
0xF6029F96,lineregion,blocks\VZ\resident_P000_Q3.block
0xF602D79B,animation,blocks\VZ\vehicleclassanimgroup_outhouse_P000_Q3.block
0xF60761BE,texture,blocks\VZ\c32622_P000_Q3.block
0xF6082739,path,blocks\VZ\resident_P000_Q3.block
0xF60AA54A,path,blocks\VZ\resident_P000_Q3.block
0xF60B24BA,animation,blocks\VZ\vehicleclassanimgroup_truckmid_P000_Q3.block
0xF6192D74,path,blocks\VZ\resident_P000_Q3.block
0xF61BC13D,terrainmesh,blocks\VZ\c31503_P000_Q3.block
0xF61F435E,lineregion,blocks\VZ\resident_P000_Q3.block
0xF6278D39,path,blocks\VZ\resident_P000_Q3.block
0xF631693A,path,blocks\VZ\resident_P000_Q3.block
0xF631DDB0,effect,blocks\VZ\effects_P000_Q3.block
0xF63ADA6B,path,blocks\VZ\resident_P000_Q3.block
0xF63E7184,path,blocks\VZ\resident_P000_Q3.block
0xF641D5A0,lineregion,blocks\VZ\resident_P000_Q3.block
0xF6428F99,path,blocks\VZ\resident_P000_Q3.block
0xF642EEB2,path,blocks\VZ\resident_P000_Q3.block
0xF64D4079,path,blocks\VZ\resident_P000_Q3.block
0xF65104C3,path,blocks\VZ\resident_P000_Q3.block
0xF652161F,path,blocks\VZ\resident_P000_Q3.block
0xF6544A0C,path,blocks\VZ\resident_P000_Q3.block
0xF6682C3D,animation,blocks\VZ\characternameanimgroup_soldier_P000_Q3.block
0xF66BE91B,animation,blocks\VZ\vehicleclassanimgroup_automedium_P000_Q3.block
0xF66D981C,texture,blocks\Shell\scaleform_shell_P000_Q3.block
0xF66E9F67,animation,blocks\VZ\characternameanimgroup_mattias_P000_Q3.block
0xF6717D6A,scrub,blocks\VZ\c31375_P000_Q3.block
0xF67394DC,scrub,blocks\VZ\c30281_P000_Q3.block
0xF6764F00,animation,blocks\VZ\vehiclenameanimgroup_mi35solano_P000_Q3.block
0xF6788299,texture,blocks\Shell\scaleform_shell_P000_Q3.block
0xF67DC660,scrub,blocks\VZ\c31413_P000_Q3.block
0xF6807C58,path,blocks\VZ\resident_P000_Q3.block
0xF685D395,animation,blocks\VZ\vehiclenameanimgroup_amx30_P000_Q3.block
0xF68B4892,animation,blocks\VZ\characternameanimgroup_chris_P000_Q3.block
0xF68C0A51,texture,blocks\Shell\scaleform_shell_P000_Q3.block
0xF68D4637,path,blocks\VZ\resident_P000_Q3.block
0xF690508C,scrub,blocks\VZ\c30727_P000_Q3.block
0xF692A232,animation,blocks\VZ\vehicleclassanimgroup_autosmall_P000_Q3.block
0xF695FE55,path,blocks\VZ\resident_P000_Q3.block
0xF69A6EDB,animation,blocks\VZ\vehiclenameanimgroup_ah1z_P000_Q3.block
0xF69E0118,effect,blocks\VZ\effects_P000_Q3.block
0xF6A09E09,scrub,blocks\VZ\c30072_P000_Q3.block
0xF6A31E3F,path,blocks\VZ\resident_P000_Q3.block
0xF6AF1DFD,animation,blocks\VZ\vehiclenameanimgroup_ah1z_P000_Q3.block
0xF6BD74F8,animation,blocks\VZ\resident_P000_Q3.block
0xF6BE1A12,animation,blocks\VZ\vehiclenameanimgroup_smallfishing_P000_Q3.block
0xF6C3B7A7,animation,blocks\VZ\vehiclenameanimgroup_fishing_P000_Q3.block
0xF6C9C92A,animation,blocks\VZ\vehiclenameanimgroup_ztz98_P000_Q3.block
0xF6CA6AA1,model,blocks\VZ\c30536_P000_Q3.block
0xF6D0D183,animation,blocks\VZ\vehiclenameanimgroup_m35_P000_Q3.block
0xF6D9291F,path,blocks\VZ\resident_P000_Q3.block
0xF6DD85F4,terrainmesh,blocks\VZ\c30295_P000_Q3.block
0xF6DDAEA2,terrainmesh,blocks\VZ\c31413_P000_Q3.block
0xF6E2404F,path,blocks\VZ\resident_P000_Q3.block
0xF6E3C5CA,path,blocks\VZ\resident_P000_Q3.block
0xF6E946EE,animation,blocks\VZ\vehiclenameanimgroup_mi26_P000_Q3.block
0xF6EA6831,lineregion,blocks\VZ\resident_P000_Q3.block
0xF6EC5CFA,scrub,blocks\VZ\c31374_P000_Q3.block
0xF6EDFD59,texture,blocks\Shell\scaleform_shell_P000_Q3.block
0xF6EE1766,lowresterrain,blocks\VZ\low_res_terrain_P000_Q3.block
0xF6F17D52,path,blocks\VZ\resident_P000_Q3.block
0xF6F30537,path,blocks\VZ\resident_P000_Q3.block
0xF6FEC3A9,path,blocks\VZ\resident_P000_Q3.block
0xF7010860,animation,blocks\VZ\resident_P000_Q3.block
0xF7018511,texture,blocks\Shell\scaleform_shell_P000_Q3.block
0xF70891A8,terrainmesh,blocks\VZ\c31252_P000_Q3.block
0xF71B305B,scrub,blocks\VZ\c30197_P000_Q3.block
0xF71FF3D7,lineregion,blocks\VZ\resident_P000_Q3.block
0xF721601D,animation,blocks\VZ\vehiclenameanimgroup_ztz63a_P000_Q3.block
0xF72422B9,scrub,blocks\VZ\c30220_P000_Q3.block
0xF72768D1,lineregion,blocks\VZ\resident_P000_Q3.block
0xF732FEF1,path,blocks\VZ\resident_P000_Q3.block
0xF7365246,texture,blocks\Shell\scaleform_shell_P000_Q3.block
0xF74470E7,path,blocks\VZ\resident_P000_Q3.block
0xF744D7B7,scrub,blocks\VZ\c30104_P000_Q3.block
0xF74BF111,animation,blocks\VZ\vehiclenameanimgroup_md500_P000_Q3.block
0xF75797DA,path,blocks\VZ\resident_P000_Q3.block
0xF75C155C,effect,blocks\VZ\effects_P000_Q3.block
0xF7639C10,path,blocks\VZ\resident_P000_Q3.block
0xF76E2660,animation,blocks\VZ\resident_P000_Q3.block
0xF76EDDE7,path,blocks\VZ\resident_P000_Q3.block
0xF7731115,path,blocks\VZ\resident_P000_Q3.block
0xF775B86F,texture,blocks\Shell\scaleform_shell_P000_Q3.block
0xF77700FD,animation,blocks\VZ\resident_P000_Q3.block
0xF778E28C,path,blocks\VZ\resident_P000_Q3.block
0xF77FE1F6,path,blocks\VZ\resident_P000_Q3.block
0xF7845622,animation,blocks\VZ\vehicleclassanimgroup_monstertruck_P000_Q3.block
0xF785F433,animation,blocks\VZ\characternameanimgroup_chris_P000_Q3.block
0xF78BD425,path,blocks\VZ\resident_P000_Q3.block
0xF78BDC21,path,blocks\VZ\resident_P000_Q3.block
0xF7910445,animation,blocks\VZ\resident_P000_Q3.block
0xF79581D8,path,blocks\VZ\resident_P000_Q3.block
0xF79AFEF0,animation,blocks\VZ\vehiclenameanimgroup_m151_P000_Q3.block
0xF7AD6502,path,blocks\VZ\resident_P000_Q3.block
0xF7AE7E11,model,blocks\VZ\c31017_P000_Q3.block
0xF7B22902,soundbank;sounddb;wavebank,blocks\English\vo_helirec001.english_P000_Q3.block
0xF7B79853,path,blocks\VZ\resident_P000_Q3.block
0xF7B9BB32,lowresterrain,blocks\VZ\low_res_terrain_P000_Q3.block
0xF7BAA7FA,scrub,blocks\VZ\c30292_P000_Q3.block
0xF7BC01C2,animation,blocks\VZ\resident_P000_Q3.block
0xF7C2C019,path,blocks\VZ\resident_P000_Q3.block
0xF7C6919A,scrub,blocks\VZ\c30328_P000_Q3.block
0xF7CE6F1F,path,blocks\VZ\resident_P000_Q3.block
0xF7CF1370,path,blocks\VZ\resident_P000_Q3.block
0xF7D46E5F,path,blocks\VZ\resident_P000_Q3.block
0xF7D962F6,path,blocks\VZ\resident_P000_Q3.block
0xF7E5E611,path,blocks\VZ\resident_P000_Q3.block
0xF7E6F64E,soundbank;sounddb,blocks\English\vo_resident_P000_Q3.block
0xF7E82C37,path,blocks\VZ\resident_P000_Q3.block
0xF7EF74E5,effect,blocks\VZ\effects_P000_Q3.block
0xF7F3B73D,animation,blocks\VZ\characternameanimgroup_mattias_P000_Q3.block
0xF7F5814D,animation,blocks\VZ\resident_P000_Q3.block
0xF7F8112C,path,blocks\VZ\resident_P000_Q3.block
0xF7F91B02,lowresterrain,blocks\VZ\low_res_terrain_P000_Q3.block
0xF7FE82ED,path,blocks\VZ\resident_P000_Q3.block
0xF7FFB389,path,blocks\VZ\resident_P000_Q3.block
0xF80191A5,texture,blocks\Shell\scaleform_shell_P000_Q3.block
0xF8085FD0,path,blocks\VZ\resident_P000_Q3.block
0xF8166336,animation,blocks\VZ\vehiclenameanimgroup_plz45_P000_Q3.block
0xF817A41F,scrub,blocks\VZ\c30136_P000_Q3.block
0xF81E47B9,path,blocks\VZ\resident_P000_Q3.block
0xF826468D,path,blocks\VZ\resident_P000_Q3.block
0xF8342936,path,blocks\VZ\resident_P000_Q3.block
0xF841949E,model,blocks\VZ\c33297_P000_Q3.block
0xF8481142,animation,blocks\VZ\characternameanimgroup_chris_P000_Q3.block
0xF849A960,animation,blocks\VZ\characternameanimgroup_soldier_P000_Q3.block
0xF84B606D,animation,blocks\VZ\vehiclenameanimgroup_pgz95_P000_Q3.block
0xF8561028,model,blocks\VZ\c30876_P000_Q3.block
0xF85845D2,path,blocks\VZ\resident_P000_Q3.block
0xF85CE0A7,path,blocks\VZ\resident_P000_Q3.block
0xF86CFAD3,path,blocks\VZ\resident_P000_Q3.block
0xF877B44A,animation,blocks\VZ\resident_P000_Q3.block
0xF8810855,animation,blocks\VZ\vehiclenameanimgroup_mi26_P000_Q3.block
0xF882B99A,path,blocks\VZ\resident_P000_Q3.block
0xF883D3F9,lineregion,blocks\VZ\resident_P000_Q3.block
0xF884DF3B,lineregion,blocks\VZ\resident_P000_Q3.block
0xF8853CFA,lowresterrain,blocks\VZ\low_res_terrain_P000_Q3.block
0xF88A8AB9,path,blocks\VZ\resident_P000_Q3.block
0xF88D6BE3,effect,blocks\VZ\effects_P000_Q3.block
0xF88E54A7,animation,blocks\VZ\vehiclenameanimgroup_md500_P000_Q3.block
0xF89072BF,path,blocks\VZ\resident_P000_Q3.block
0xF8936667,path,blocks\VZ\resident_P000_Q3.block
0xF8971A5A,path,blocks\VZ\resident_P000_Q3.block
0xF897788D,path,blocks\VZ\resident_P000_Q3.block
0xF89B4BF4,lowresterrain,blocks\VZ\low_res_terrain_P000_Q3.block
0xF8B820C9,animation,blocks\VZ\characternameanimgroup_mattias_P000_Q3.block
0xF8B9C16E,animation,blocks\VZ\vehiclenameanimgroup_huey_P000_Q3.block
0xF8BA05B6,path,blocks\VZ\resident_P000_Q3.block
0xF8C806C1,animation,blocks\VZ\vehiclenameanimgroup_dragster_P000_Q3.block
0xF8CF1995,animation,blocks\VZ\vehiclenameanimgroup_swamp_P000_Q3.block
0xF8D2EA6E,animation,blocks\VZ\vehiclenameanimgroup_scorpion90_P000_Q3.block
0xF8D30940,effect,blocks\VZ\effects_P000_Q3.block
0xF8E337C8,path,blocks\VZ\resident_P000_Q3.block
0xF8E3A470,lowresterrain,blocks\VZ\low_res_terrain_P000_Q3.block
0xF8E5C512,terrainmesh,blocks\VZ\c31486_P000_Q3.block
0xF8EA0746,animation,blocks\VZ\vehiclenameanimgroup_scooter_P000_Q3.block
0xF8F06F18,effect,blocks\VZ\effects_P000_Q3.block
0xF8F24567,path,blocks\VZ\resident_P000_Q3.block
0xF8F36EAA,path,blocks\VZ\resident_P000_Q3.block
0xF8F95D5C,path,blocks\VZ\resident_P000_Q3.block
0xF8FAC4FA,animation,blocks\VZ\vehiclenameanimgroup_mh53j_P000_Q3.block
0xF901E7A1,path,blocks\VZ\resident_P000_Q3.block
0xF90EBAB4,animation,blocks\VZ\resident_P000_Q3.block
0xF91971E2,animation,blocks\VZ\vehiclenameanimgroup_smallfishing_P000_Q3.block
0xF9236EBA,effect,blocks\VZ\effects_P000_Q3.block
0xF92AC64F,animation,blocks\VZ\resident_P000_Q3.block
0xF937AB40,path,blocks\VZ\resident_P000_Q3.block
0xF93FB13A,animation,blocks\VZ\vehicleclassanimgroup_truckmid_P000_Q3.block
0xF9491354,path,blocks\VZ\resident_P000_Q3.block
0xF956D343,path,blocks\VZ\resident_P000_Q3.block
0xF9591961,path,blocks\VZ\resident_P000_Q3.block
0xF95EDA23,lineregion,blocks\VZ\resident_P000_Q3.block
0xF96279B0,effect,blocks\VZ\effects_P000_Q3.block
0xF964E363,path,blocks\VZ\resident_P000_Q3.block
0xF9693B20,animation,blocks\VZ\vehicleclassanimgroup_monstertruck_P000_Q3.block
0xF96B862A,path,blocks\VZ\resident_P000_Q3.block
0xF96E1F3E,lineregion,blocks\VZ\resident_P000_Q3.block
0xF96E8C53,animation,blocks\VZ\vehiclenameanimgroup_md500_P000_Q3.block
0xF97A6E9A,lowresterrain,blocks\VZ\low_res_terrain_P000_Q3.block
0xF98F0C06,scrub,blocks\VZ\c31245_P000_Q3.block
0xF9976B4D,animation,blocks\VZ\characternameanimgroup_jennifer_P000_Q3.block
0xF99DDD29,scrub,blocks\VZ\c30074_P000_Q3.block
0xF99E6FAD,path,blocks\VZ\resident_P000_Q3.block
0xF9A666C9,scrub,blocks\VZ\c31423_P000_Q3.block
0xF9A7235D,path,blocks\VZ\resident_P000_Q3.block
0xF9A86038,lowresterrain,blocks\VZ\low_res_terrain_P000_Q3.block
0xF9B9301E,animation,blocks\VZ\vehiclenameanimgroup_vanquish_P000_Q3.block
0xF9CCFF27,animation,blocks\VZ\vehiclenameanimgroup_ka29b_P000_Q3.block
0xF9D2E8E7,path,blocks\VZ\resident_P000_Q3.block
0xF9D97E0A,lineregion,blocks\VZ\resident_P000_Q3.block
0xF9EA3B44,model,blocks\VZ\c30791_P000_Q3.block
0xF9EAF8CE,path,blocks\VZ\resident_P000_Q3.block
0xF9F217DF,animation,blocks\VZ\vehiclenameanimgroup_m113_P000_Q3.block
0xF9F47B38,path,blocks\VZ\resident_P000_Q3.block
0xF9F577EA,path,blocks\VZ\resident_P000_Q3.block
0xF9F6F4BE,path,blocks\VZ\resident_P000_Q3.block
0xF9F939F7,path,blocks\VZ\resident_P000_Q3.block
0xF9F9F5D9,animation,blocks\VZ\vehiclenameanimgroup_m551_P000_Q3.block
0xF9FCFB2C,lowresterrain,blocks\VZ\low_res_terrain_P000_Q3.block
0xF9FE8D30,texture,blocks\Shell\scaleform_shell_P000_Q3.block
0xFA00D8BB,model,blocks\VZ\c31239_P000_Q3.block
0xFA03C437,path,blocks\VZ\resident_P000_Q3.block
0xFA0D9487,animation,blocks\VZ\characternameanimgroup_jennifer_P000_Q3.block
0xFA120B57,terrainmesh,blocks\VZ\c31399_P000_Q3.block
0xFA13AACF,animation,blocks\VZ\vehiclenameanimgroup_huey_P000_Q3.block
0xFA141739,animation,blocks\VZ\resident_P000_Q3.block
0xFA14EE60,lineregion,blocks\VZ\resident_P000_Q3.block
0xFA189EF5,animation,blocks\VZ\vehicleclassanimgroup_autolargea_P000_Q3.block
0xFA1C8529,path,blocks\VZ\resident_P000_Q3.block
0xFA1F8B24,path,blocks\VZ\resident_P000_Q3.block
0xFA270264,animation,blocks\VZ\resident_P000_Q3.block
0xFA2F4423,animation,blocks\VZ\resident_P000_Q3.block
0xFA34B931,animation,blocks\VZ\vehiclenameanimgroup_amx30_P000_Q3.block
0xFA3C40DA,path,blocks\VZ\resident_P000_Q3.block
0xFA3E81F0,scrub,blocks\VZ\c31415_P000_Q3.block
0xFA457A29,animation,blocks\VZ\vehiclenameanimgroup_amx30_P000_Q3.block
0xFA47E0D5,animation,blocks\VZ\characternameanimgroup_jennifer_P000_Q3.block
0xFA480B53,texture,blocks\Shell\russian_P000_Q3.block
0xFA4AE4E5,path,blocks\VZ\resident_P000_Q3.block
0xFA4F4753,animation,blocks\VZ\resident_P000_Q3.block
0xFA54D441,lineregion,blocks\VZ\resident_P000_Q3.block
0xFA565328,path,blocks\VZ\resident_P000_Q3.block
0xFA585DC9,path,blocks\VZ\resident_P000_Q3.block
0xFA5957D6,path,blocks\VZ\resident_P000_Q3.block
0xFA5EC52E,effect,blocks\VZ\effects_P000_Q3.block
0xFA6CE6C8,lowresterrain,blocks\VZ\low_res_terrain_P000_Q3.block
0xFA7132F4,animation,blocks\VZ\vehiclenameanimgroup_m551_P000_Q3.block
0xFA7BF6C5,path,blocks\VZ\resident_P000_Q3.block
0xFA7EF1C6,animation,blocks\VZ\vehicleclassanimgroup_autosmall_P000_Q3.block
0xFA802FB6,texture,blocks\Shell\scaleform_shell_P000_Q3.block
0xFA811FB4,path,blocks\VZ\resident_P000_Q3.block
0xFA817BE7,path,blocks\VZ\resident_P000_Q3.block
0xFA850000,terrainmesh,blocks\VZ\c31415_P000_Q3.block
0xFA8BC02B,lowresterrain,blocks\VZ\low_res_terrain_P000_Q3.block
0xFA9BAC97,path,blocks\VZ\resident_P000_Q3.block
0xFAA191CE,terrainmesh,blocks\VZ\c30162_P000_Q3.block
0xFAA29363,animation,blocks\VZ\vehicleclassanimgroup_buggy_P000_Q3.block
0xFAA37E52,scrub,blocks\VZ\c30444_P000_Q3.block
0xFAA7AD70,animation,blocks\VZ\vehiclenameanimgroup_scooter_P000_Q3.block
0xFAAD7CA6,animation,blocks\VZ\vehiclenameanimgroup_armored bank truck_P000_Q3.block
0xFAB40D8D,scrub,blocks\VZ\c30142_P000_Q3.block
0xFAC3C801,lowresterrain,blocks\VZ\low_res_terrain_P000_Q3.block
0xFAD3E6C6,terrainmesh,blocks\VZ\c31425_P000_Q3.block
0xFAD4F227,path,blocks\VZ\resident_P000_Q3.block
0xFAD8A8BC,path,blocks\VZ\resident_P000_Q3.block
0xFAD8CC26,path,blocks\VZ\resident_P000_Q3.block
0xFADFE1ED,animation,blocks\VZ\characternameanimgroup_soldier_P000_Q3.block
0xFAE0B2F0,lineregion,blocks\VZ\resident_P000_Q3.block
0xFAEAA9D1,animation,blocks\VZ\vehiclenameanimgroup_mattiaschopper_P000_Q3.block
0xFAEC4871,path,blocks\VZ\resident_P000_Q3.block
0xFAF5BEE7,animation,blocks\VZ\vehiclenameanimgroup_scorpiondpv_P000_Q3.block
0xFAF67FA7,animation,blocks\VZ\vehicleclassanimgroup_motorcycle_P000_Q3.block
0xFAF73685,animation,blocks\VZ\resident_P000_Q3.block
0xFB001C57,animation,blocks\VZ\vehiclenameanimgroup_armored bank truck_P000_Q3.block
0xFB029129,path,blocks\VZ\resident_P000_Q3.block
0xFB066550,scrub,blocks\VZ\c30328_P000_Q3.block
0xFB0A4A4C,animation,blocks\VZ\characternameanimgroup_mattias_P000_Q3.block
0xFB0B1822,texture,blocks\Shell\italian_P000_Q3.block
0xFB0DD014,path,blocks\VZ\resident_P000_Q3.block
0xFB0EDBFD,lineregion,blocks\VZ\resident_P000_Q3.block
0xFB11396D,path,blocks\VZ\resident_P000_Q3.block
0xFB12C9E7,model,blocks\VZ\effects_P000_Q3.block
0xFB181ED7,lowresterrain,blocks\VZ\low_res_terrain_P000_Q3.block
0xFB1C04E2,path,blocks\VZ\resident_P000_Q3.block
0xFB234563,animation,blocks\VZ\characternameanimgroup_jennifer_P000_Q3.block
0xFB241450,path,blocks\VZ\resident_P000_Q3.block
0xFB27274E,path,blocks\VZ\resident_P000_Q3.block
0xFB27F92F,path,blocks\VZ\resident_P000_Q3.block
0xFB29967C,texture,blocks\Shell\scaleform_shell_P000_Q3.block
0xFB2C79AA,path,blocks\VZ\resident_P000_Q3.block
0xFB2EA94E,animation,blocks\VZ\vehiclenameanimgroup_scorpiondpv_P000_Q3.block
0xFB355059,lowresterrain,blocks\VZ\low_res_terrain_P000_Q3.block
0xFB393F97,animation,blocks\VZ\characternameanimgroup_chris_P000_Q3.block
0xFB3B98B2,path,blocks\VZ\resident_P000_Q3.block
0xFB3BC646,animation,blocks\VZ\vehicleclassanimgroup_apc_P000_Q3.block
0xFB3C0474,path,blocks\VZ\resident_P000_Q3.block
0xFB3C1982,path,blocks\VZ\resident_P000_Q3.block
0xFB3EB1C2,animation,blocks\VZ\vehiclenameanimgroup_ridgeline_P000_Q3.block
0xFB3F7EE4,path,blocks\VZ\resident_P000_Q3.block
0xFB465F27,effect,blocks\VZ\effects_P000_Q3.block
0xFB5173EE,path,blocks\VZ\resident_P000_Q3.block
0xFB5D4985,terrainmesh,blocks\VZ\c30765_P000_Q3.block
0xFB61A9ED,effect,blocks\VZ\effects_P000_Q3.block
0xFB6AD427,animation,blocks\VZ\vehicleclassanimgroup_autolargeb_P000_Q3.block
0xFB6EB716,animation,blocks\VZ\vehiclenameanimgroup_smallfishing_P000_Q3.block
0xFB729F78,animation,blocks\VZ\vehiclenameanimgroup_m1a2_P000_Q3.block
0xFB7C7389,soundbank;sounddb,blocks\English\vo_resident_P000_Q3.block
0xFB81FF0C,terrainmesh,blocks\VZ\c31276_P000_Q3.block
0xFB897164,model,blocks\VZ\c33288_P000_Q3.block
0xFB9A0024,lineregion,blocks\VZ\resident_P000_Q3.block
0xFBB36403,path,blocks\VZ\resident_P000_Q3.block
0xFBB48124,path,blocks\VZ\resident_P000_Q3.block
0xFBB552AE,lowresterrain,blocks\VZ\low_res_terrain_P000_Q3.block
0xFBBA0A04,animation,blocks\VZ\vehiclenameanimgroup_vanquish_P000_Q3.block
0xFBBBD4B7,animation,blocks\VZ\vehiclenameanimgroup_markv_P000_Q3.block
0xFBBC513F,animation,blocks\VZ\vehiclenameanimgroup_stingray_P000_Q3.block
0xFBBDC880,path,blocks\VZ\resident_P000_Q3.block
0xFBBE2CAD,animation,blocks\VZ\vehiclenameanimgroup_quid50_P000_Q3.block
0xFBC0A0C5,path,blocks\VZ\resident_P000_Q3.block
0xFBC5DC25,path,blocks\VZ\resident_P000_Q3.block
0xFBC73DE5,effect,blocks\VZ\effects_P000_Q3.block
0xFBC74E3C,lowresterrain,blocks\VZ\low_res_terrain_P000_Q3.block
0xFBCC5440,lineregion,blocks\VZ\resident_P000_Q3.block
0xFBCDA227,lowresterrain,blocks\VZ\low_res_terrain_P000_Q3.block
0xFBD3D064,scrub,blocks\VZ\c31282_P000_Q3.block
0xFBE1D79A,path,blocks\VZ\resident_P000_Q3.block
0xFBE26004,path,blocks\VZ\resident_P000_Q3.block
0xFBE75220,scrub,blocks\VZ\c30010_P000_Q3.block
0xFBEDAAB6,animation,blocks\VZ\vehiclenameanimgroup_fishing_P000_Q3.block
0xFBF2E98D,path,blocks\VZ\resident_P000_Q3.block
0xFBF982B7,path,blocks\VZ\resident_P000_Q3.block
0xFBF9A1C7,path,blocks\VZ\resident_P000_Q3.block
0xFC01D04C,path,blocks\VZ\resident_P000_Q3.block
0xFC08B0BF,animation,blocks\VZ\vehicleclassanimgroup_autolargea_P000_Q3.block
0xFC151E59,animation,blocks\VZ\vehiclenameanimgroup_alouette3_P000_Q3.block
0xFC16DDEC,animation,blocks\VZ\vehiclenameanimgroup_m551_P000_Q3.block
0xFC1794F9,animation,blocks\VZ\vehiclenameanimgroup_smallfishing_P000_Q3.block
0xFC1C6737,animation,blocks\VZ\vehiclenameanimgroup_md500_P000_Q3.block
0xFC1E711E,path,blocks\VZ\resident_P000_Q3.block
0xFC1E8A9F,path,blocks\VZ\resident_P000_Q3.block
0xFC1F28B0,path,blocks\VZ\resident_P000_Q3.block
0xFC21BA30,lowresterrain,blocks\VZ\low_res_terrain_P000_Q3.block
0xFC2273AA,path,blocks\VZ\resident_P000_Q3.block
0xFC26DA74,path,blocks\VZ\resident_P000_Q3.block
0xFC3059D8,animationtable,blocks\VZ\resident_P000_Q3.block
0xFC3184FB,path,blocks\VZ\resident_P000_Q3.block
0xFC343B17,path,blocks\VZ\resident_P000_Q3.block
0xFC36AEDD,animation,blocks\VZ\characternameanimgroup_chris_P000_Q3.block
0xFC378D48,path,blocks\VZ\resident_P000_Q3.block
0xFC38B845,path,blocks\VZ\resident_P000_Q3.block
0xFC38DFCC,path,blocks\VZ\resident_P000_Q3.block
0xFC396BB1,animation,blocks\VZ\vehiclenameanimgroup_omen_P000_Q3.block
0xFC3E1D72,animation,blocks\VZ\vehiclenameanimgroup_md500_P000_Q3.block
0xFC3EF3B6,lowresterrain,blocks\VZ\low_res_terrain_P000_Q3.block
0xFC42CC4F,terrainmesh,blocks\VZ\c31238_P000_Q3.block
0xFC494889,path,blocks\VZ\resident_P000_Q3.block
0xFC59F72A,lineregion,blocks\VZ\resident_P000_Q3.block
0xFC5B828F,path,blocks\VZ\resident_P000_Q3.block
0xFC62E04A,path,blocks\VZ\resident_P000_Q3.block
0xFC6A1AA3,animation,blocks\VZ\vehiclenameanimgroup_guerilla_P000_Q3.block
0xFC700B3F,scrub,blocks\VZ\c31225_P000_Q3.block
0xFC7366E9,texture,blocks\Shell\scaleform_shell_P000_Q3.block
0xFC80EFA4,animation,blocks\VZ\resident_P000_Q3.block
0xFC8345F8,path,blocks\VZ\resident_P000_Q3.block
0xFC850D5E,path,blocks\VZ\resident_P000_Q3.block
0xFC881305,model,blocks\VZ\c30487_P000_Q3.block
0xFC89D52C,texture,blocks\Shell\scaleform_shell_P000_Q3.block
0xFC9E325D,path,blocks\VZ\resident_P000_Q3.block
0xFCA87828,animation,blocks\VZ\characternameanimgroup_civilian_P000_Q3.block
0xFCA899A4,animation,blocks\VZ\vehiclenameanimgroup_m113_P000_Q3.block
0xFCAFE3C7,animation,blocks\VZ\vehiclenameanimgroup_mi26_P000_Q3.block
0xFCB4DECD,path,blocks\VZ\resident_P000_Q3.block
0xFCB8C254,path,blocks\VZ\resident_P000_Q3.block
0xFCBEFB99,texture,blocks\Shell\scaleform_shell_P000_Q3.block
0xFCC0C835,texture,blocks\Shell\scaleform_shell_P000_Q3.block
0xFCC2600C,animation,blocks\VZ\vehicleclassanimgroup_truckmid_P000_Q3.block
0xFCC5C024,effect,blocks\VZ\effects_P000_Q3.block
0xFCC8B460,path,blocks\VZ\resident_P000_Q3.block
0xFCCA5C3B,animation,blocks\VZ\vehicleclassanimgroup_autosmall_P000_Q3.block
0xFCCB7FD4,animation,blocks\VZ\vehiclenameanimgroup_ztz63a_P000_Q3.block
0xFCD389EC,path,blocks\VZ\resident_P000_Q3.block
0xFCD616CF,path,blocks\VZ\resident_P000_Q3.block
0xFCD79D6D,model,blocks\VZ\c34502_P000_Q3.block
0xFCDA05A1,animation,blocks\VZ\resident_P000_Q3.block
0xFCDA2E40,model,blocks\VZ\c33297_P000_Q3.block
0xFCDD1344,scrub,blocks\VZ\c31415_P000_Q3.block
0xFCE20EF0,animation,blocks\VZ\vehicleclassanimgroup_tank_P000_Q3.block
0xFCE27257,lineregion,blocks\VZ\resident_P000_Q3.block
0xFCE368E5,animation,blocks\VZ\vehiclenameanimgroup_huey_P000_Q3.block
0xFCE4D27E,scrub,blocks\VZ\c30443_P000_Q3.block
0xFCEAFCBE,path,blocks\VZ\resident_P000_Q3.block
0xFCF1D6DD,path,blocks\VZ\resident_P000_Q3.block
0xFCFB1D5F,animation,blocks\VZ\vehiclenameanimgroup_alouette3_P000_Q3.block
0xFCFF14D2,path,blocks\VZ\resident_P000_Q3.block
0xFCFF4FEC,texture,blocks\Shell\scaleform_shell_P000_Q3.block
0xFD0229C3,model,blocks\VZ\c30510_P000_Q3.block
0xFD0550C7,path,blocks\VZ\resident_P000_Q3.block
0xFD0E4DE0,path,blocks\VZ\resident_P000_Q3.block
0xFD174B83,path,blocks\VZ\resident_P000_Q3.block
0xFD1803E5,path,blocks\VZ\resident_P000_Q3.block
0xFD19B056,path,blocks\VZ\resident_P000_Q3.block
0xFD1A9F2D,path,blocks\VZ\resident_P000_Q3.block
0xFD2533AC,lineregion,blocks\VZ\resident_P000_Q3.block
0xFD27F7B7,animation,blocks\VZ\vehicleclassanimgroup_automedium_P000_Q3.block
0xFD3624D3,animation,blocks\VZ\resident_P000_Q3.block
0xFD366595,texture,blocks\Shell\scaleform_shell_P000_Q3.block
0xFD3678C6,animation,blocks\VZ\vehiclenameanimgroup_dragster_P000_Q3.block
0xFD48E4A3,texture,blocks\Shell\scaleform_shell_P000_Q3.block
0xFD4C4DFD,path,blocks\VZ\resident_P000_Q3.block
0xFD4D6641,animation,blocks\VZ\vehiclenameanimgroup_dragster_P000_Q3.block
0xFD5126B3,path,blocks\VZ\resident_P000_Q3.block
0xFD5354C2,animation,blocks\VZ\vehiclenameanimgroup_ks750_P000_Q3.block
0xFD5CE427,lowresterrain,blocks\VZ\low_res_terrain_P000_Q3.block
0xFD5FBF28,animation,blocks\VZ\vehiclenameanimgroup_zbd2000_P000_Q3.block
0xFD614A17,path,blocks\VZ\resident_P000_Q3.block
0xFD63718A,lineregion,blocks\VZ\resident_P000_Q3.block
0xFD6846D9,path,blocks\VZ\resident_P000_Q3.block
0xFD747180,path,blocks\VZ\resident_P000_Q3.block
0xFD84C099,path,blocks\VZ\resident_P000_Q3.block
0xFD88CA16,texture,blocks\VZ\c32611_P000_Q3.block
0xFD8EB8FD,animation,blocks\VZ\c31440_P000_Q3.block
0xFD9C3006,path,blocks\VZ\resident_P000_Q3.block
0xFD9FE712,animation,blocks\VZ\vehiclenameanimgroup_alouette3_P000_Q3.block
0xFDA02A5B,path,blocks\VZ\resident_P000_Q3.block
0xFDA1A8E3,path,blocks\VZ\resident_P000_Q3.block
0xFDB03C5A,animation,blocks\VZ\vehiclenameanimgroup_alouette3_P000_Q3.block
0xFDB92E1B,animation,blocks\VZ\vehiclenameanimgroup_turbosquid_P000_Q3.block
0xFDBB0F5D,chatter,blocks\VZ\resident_P000_Q3.block
0xFDBE1CC0,lowresterrain,blocks\VZ\low_res_terrain_P000_Q3.block
0xFDC0938C,lineregion,blocks\VZ\resident_P000_Q3.block
0xFDC157C9,lowresterrain,blocks\VZ\low_res_terrain_P000_Q3.block
0xFDC5B686,path,blocks\VZ\resident_P000_Q3.block
0xFDCEBFE0,animation,blocks\VZ\vehiclenameanimgroup_ka29b_P000_Q3.block
0xFDD4EB8E,terrainmesh,blocks\VZ\c30304_P000_Q3.block
0xFDE3B0EC,path,blocks\VZ\resident_P000_Q3.block
0xFDEAFCB2,animation,blocks\VZ\vehicleclassanimgroup_automedium_P000_Q3.block
0xFDF1A03E,path,blocks\VZ\resident_P000_Q3.block
0xFDF1E1C3,effect,blocks\VZ\effects_P000_Q3.block
0xFDF8818C,path,blocks\VZ\resident_P000_Q3.block
0xFDFB6395,lineregion,blocks\VZ\resident_P000_Q3.block
0xFDFD0BA1,lowresterrain,blocks\VZ\low_res_terrain_P000_Q3.block
0xFE031DC0,animation,blocks\VZ\vehiclenameanimgroup_turbosquid_P000_Q3.block
0xFE04E27B,path,blocks\VZ\resident_P000_Q3.block
0xFE0D4E17,animation,blocks\VZ\characternameanimgroup_jennifer_P000_Q3.block
0xFE0D5186,scrub,blocks\VZ\c30970_P000_Q3.block
0xFE0E96B1,path,blocks\VZ\resident_P000_Q3.block
0xFE10B04E,animation,blocks\VZ\characternameanimgroup_jennifer_P000_Q3.block
0xFE141A76,path,blocks\VZ\resident_P000_Q3.block
0xFE145C01,lowresterrain,blocks\VZ\low_res_terrain_P000_Q3.block
0xFE19BD4D,path,blocks\VZ\resident_P000_Q3.block
0xFE1E4C4F,texture,blocks\Shell\scaleform_shell_P000_Q3.block
0xFE1E7109,effect,blocks\VZ\effects_P000_Q3.block
0xFE2537AA,terrainmesh,blocks\VZ\c31103_P000_Q3.block
0xFE27400E,path,blocks\VZ\resident_P000_Q3.block
0xFE34478E,animation,blocks\VZ\characternameanimgroup_mattias_P000_Q3.block
0xFE36A419,path,blocks\VZ\resident_P000_Q3.block
0xFE43D7AE,lowresterrain,blocks\VZ\low_res_terrain_P000_Q3.block
0xFE45AEE5,path,blocks\VZ\resident_P000_Q3.block
0xFE47371E,animation,blocks\VZ\resident_P000_Q3.block
0xFE4EB324,lineregion,blocks\VZ\resident_P000_Q3.block
0xFE4F67EB,animation,blocks\VZ\vehiclenameanimgroup_recoilless_P000_Q3.block
0xFE54975A,path,blocks\VZ\resident_P000_Q3.block
0xFE58FC17,path,blocks\VZ\resident_P000_Q3.block
0xFE606AEC,animation,blocks\VZ\resident_P000_Q3.block
0xFE62017A,effect,blocks\VZ\effects_P000_Q3.block
0xFE6E32E7,path,blocks\VZ\resident_P000_Q3.block
0xFE74BE4F,animation,blocks\VZ\vehiclenameanimgroup_ztz63a_P000_Q3.block
0xFE7A375E,path,blocks\VZ\resident_P000_Q3.block
0xFE7ED6E8,path,blocks\VZ\resident_P000_Q3.block
0xFE8428E7,model,blocks\VZ\c39998_P000_Q3.block
0xFE88FFCC,path,blocks\VZ\resident_P000_Q3.block
0xFE893954,lowresterrain,blocks\VZ\low_res_terrain_P000_Q3.block
0xFE8BE18C,model,blocks\VZ\resident2_P000_Q3.block
0xFE8D33B9,path,blocks\VZ\resident_P000_Q3.block
0xFE99C61C,effect,blocks\VZ\effects_P000_Q3.block
0xFEA01CFF,scrub,blocks\VZ\c31237_P000_Q3.block
0xFEA5E8F1,lineregion,blocks\VZ\resident_P000_Q3.block
0xFEA9E879,scrub,blocks\VZ\c30428_P000_Q3.block
0xFEB0EBAA,path,blocks\VZ\resident_P000_Q3.block
0xFEB729DB,animation,blocks\VZ\resident_P000_Q3.block
0xFEBA6D85,path,blocks\VZ\resident_P000_Q3.block
0xFEBBEB93,path,blocks\VZ\resident_P000_Q3.block
0xFEC15FC4,animation,blocks\VZ\vehiclenameanimgroup_amx30_P000_Q3.block
0xFEC6AF07,path,blocks\VZ\resident_P000_Q3.block
0xFECA9E12,path,blocks\VZ\resident_P000_Q3.block
0xFECB2C35,path,blocks\VZ\resident_P000_Q3.block
0xFED26007,path,blocks\VZ\resident_P000_Q3.block
0xFED6DD35,path,blocks\VZ\resident_P000_Q3.block
0xFED84AFA,animation,blocks\VZ\vehiclenameanimgroup_laviii_P000_Q3.block
0xFEDA1A51,effect,blocks\VZ\effects_P000_Q3.block
0xFEDBA286,path,blocks\VZ\resident_P000_Q3.block
0xFEDF8933,path,blocks\VZ\resident_P000_Q3.block
0xFEE06165,animation,blocks\VZ\resident_P000_Q3.block
0xFEE122ED,path,blocks\VZ\resident_P000_Q3.block
0xFEEEF1F7,lineregion,blocks\VZ\resident_P000_Q3.block
0xFEF0FDA5,animation,blocks\VZ\vehicleclassanimgroup_autolargea_P000_Q3.block
0xFEF17101,soundbank;sounddb;wavebank,blocks\English\vo_job_up_wahlquist.english_P000_Q3.block
0xFEF2871F,texture,blocks\Shell\scaleform_shell_P000_Q3.block
0xFF000CC4,texture,blocks\Shell\scaleform_shell_P000_Q3.block
0xFF018513,path,blocks\VZ\resident_P000_Q3.block
0xFF03D85F,animation,blocks\VZ\vehiclenameanimgroup_mh53j_P000_Q3.block
0xFF1040EA,soundbank;sounddb,blocks\English\vo_resident_P000_Q3.block
0xFF129FAA,path,blocks\VZ\resident_P000_Q3.block
0xFF1A15A0,path,blocks\VZ\resident_P000_Q3.block
0xFF29B3CF,path,blocks\VZ\resident_P000_Q3.block
0xFF2C47DE,effect,blocks\VZ\effects_P000_Q3.block
0xFF2D8A41,animation,blocks\VZ\vehiclenameanimgroup_mi35_P000_Q3.block
0xFF2EF70E,animation,blocks\VZ\vehiclenameanimgroup_stingray_P000_Q3.block
0xFF37813F,path,blocks\VZ\resident_P000_Q3.block
0xFF3AF841,animation,blocks\VZ\resident_P000_Q3.block
0xFF460618,animation,blocks\VZ\vehiclenameanimgroup_ztz98_P000_Q3.block
0xFF48661A,animation,blocks\VZ\vehiclenameanimgroup_vanquish_P000_Q3.block
0xFF6DA754,animation,blocks\VZ\vehicleclassanimgroup_autosmall_P000_Q3.block
0xFF6DC38B,path,blocks\VZ\resident_P000_Q3.block
0xFF7129BE,animation,blocks\VZ\vehiclenameanimgroup_zbd2000_P000_Q3.block
0xFF72EFC8,animation,blocks\VZ\vehiclenameanimgroup_ah1z_P000_Q3.block
0xFF7D1480,animation,blocks\VZ\resident_P000_Q3.block
0xFF7D20AB,path,blocks\VZ\resident_P000_Q3.block
0xFF7DDF08,effect,blocks\VZ\effects_P000_Q3.block
0xFF7F7992,path,blocks\VZ\resident_P000_Q3.block
0xFF846BBC,path,blocks\VZ\resident_P000_Q3.block
0xFF8B8B5C,terrainmesh,blocks\VZ\c30720_P000_Q3.block
0xFF9065E7,path,blocks\VZ\resident_P000_Q3.block
0xFF9CCBC3,path,blocks\VZ\resident_P000_Q3.block
0xFFA20473,path,blocks\VZ\resident_P000_Q3.block
0xFFA619C4,path,blocks\VZ\resident_P000_Q3.block
0xFFAB48B7,lineregion,blocks\VZ\resident_P000_Q3.block
0xFFAE8FFD,animation,blocks\VZ\vehiclenameanimgroup_mi26_P000_Q3.block
0xFFB1CE7A,model,blocks\VZ\c32612_P000_Q3.block
0xFFBA164D,soundbank;sounddb;wavebank,blocks\English\vo_job_gur_rojas.english_P000_Q3.block
0xFFBD0AE9,path,blocks\VZ\resident_P000_Q3.block
0xFFC64AE3,animation,blocks\VZ\vehiclenameanimgroup_ka29b_P000_Q3.block
0xFFC77243,model,blocks\VZ\resident2_P000_Q3.block
0xFFCADDF2,path,blocks\VZ\resident_P000_Q3.block
0xFFCCA770,animation,blocks\VZ\vehiclenameanimgroup_wz551_P000_Q3.block
0xFFCD62A5,lineregion,blocks\VZ\resident_P000_Q3.block
0xFFD14F72,path,blocks\VZ\resident_P000_Q3.block
0xFFD56BCB,terrainmesh,blocks\VZ\c30210_P000_Q3.block
0xFFDDECBC,path,blocks\VZ\resident_P000_Q3.block
0xFFDECCAD,animation,blocks\VZ\vehiclenameanimgroup_amx30_P000_Q3.block
0xFFE00BD5,animation,blocks\VZ\vehiclenameanimgroup_scooter_P000_Q3.block
0xFFE1C56D,lineregion,blocks\VZ\resident_P000_Q3.block
0xFFE3FDEC,animation,blocks\VZ\resident_P000_Q3.block
0xFFE43EC5,animation,blocks\VZ\vehiclenameanimgroup_chopper_P000_Q3.block
0xFFEEDBBB,lineregion,blocks\VZ\resident_P000_Q3.block
0xFFF970E2,path,blocks\VZ\resident_P000_Q3.block
0xFFFEA595,scrub,blocks\VZ\c30794_P000_Q3.block
