hash,name,name_source,name_candidates,n_models,as_root,in_swit,as_leaf,anim_tracks,anim_skel,depth_min,depth_max,max_bbox,offset,states,example_models
0x86DE6639,pristine,rainbow,1,1161,1147,0,1161,0,0,0,1,390.71,0,,0x0045B675|0x007080F4|0x009E1117
0xB5D7712F,ruin,rainbow,1,1024,963,61,1001,0,0,0,1,350.52,0,break_piece,0x001616F7|0x0045B675|0x009E1117
0x206376F6,piece1a_pristine,rainbow,1,890,10,835,524,0,0,0,2,228.42,1,break_piece|intact,0x0077334E|0x00978EE4|0x01029B24
0x501D5FD7,piece1a,rainbow,1,829,7,0,8,0,0,0,1,211.35,1,static,0x0077334E|0x00978EE4|0x01029B24
0x8C314A58,piece1a_ruin,rainbow,1,737,0,746,12,0,0,1,2,138.59,0,break_piece|intact,0x0077334E|0x00978EE4|0x01029B24
0x1B385A41,piece1a_propdebris01,rainbow,1,353,0,354,348,0,0,2,3,88.89,1,break_piece|intact,0x00978EE4|0x0189C80A|0x019EDBFE
0x2136251C,piece1a_propdebris00,rainbow,1,349,0,350,342,0,0,2,5,57.61,1,break_piece|intact,0x00978EE4|0x01029B24|0x01DAB4AF
0x8DCB305A,piece1a_propdebris11,rainbow,1,337,0,338,297,0,0,3,3,55.14,1,break_piece|intact,0x00978EE4|0x0189C80A|0x019EDBFE
0x9930D1D6,piece1a_propdebris02,rainbow,1,316,0,316,311,0,0,3,3,67.89,1,break_piece|intact,0x00978EE4|0x01029B24|0x0189C80A
0xEFD28665,piece1a_propdebris12,rainbow,1,291,0,292,251,0,0,3,3,63.31,1,break_piece|intact,0x00978EE4|0x0189C80A|0x019EDBFE
0xFB33AAB3,piece1a_propdebris03,rainbow,1,283,0,283,279,0,0,3,3,67.73,1,break_piece|intact,0x00978EE4|0x01029B24|0x0189C80A
0x85CFA0F0,piece1a_propdebris13,rainbow,1,279,4,285,248,0,0,0,3,68.75,1,break_piece|intact,0x00978EE4|0x019EDBFE|0x019FE5AE
0x793FAA00,piece1a_propdebris04,rainbow,1,258,0,258,255,0,0,3,3,69.05,1,break_piece|intact,0x00978EE4|0x01029B24|0x0189C80A
0x07C3A1A3,piece1a_propdebris14,rainbow,1,248,0,248,215,0,0,3,3,50.60,1,break_piece|intact,0x00978EE4|0x019EDBFE|0x019FE5AE
0xA3422AB5,piece1a_propdebris05,rainbow,1,218,0,218,215,0,0,3,3,29.09,1,break_piece|intact,0x00978EE4|0x0189C80A|0x02FC21A1
0xE5C12D86,piece1a_propdebris15,rainbow,1,217,0,217,193,0,0,3,3,47.80,1,break_piece|intact,0x00978EE4|0x019EDBFE|0x019FE5AE
0x6FCD3FB7,piece1a_propdebris10,rainbow,1,208,0,208,204,0,0,3,3,56.82,1,break_piece|intact,0x00978EE4|0x0189C80A|0x019EDBFE
0x813B396A,piece1a_propdebris06,rainbow,1,205,0,205,201,0,0,3,3,23.64,1,break_piece|intact,0x00978EE4|0x0189C80A|0x02FC21A1
0xFAD780B2,slice1a_pristine,rainbow,1,202,0,187,29,0,0,1,2,244.29,0,break_piece|intact,0x036E4F11|0x0499A0F1|0x06D5DB5A
0x5E3BCF7B,slice1a,rainbow,1,187,0,0,0,0,0,1,1,0.03,0,static,0x036E4F11|0x0499A0F1|0x06D5DB5A
0xA33DAD87,piece1a_propdebris07,rainbow,1,186,0,186,183,0,0,3,3,24.15,1,break_piece|intact,0x00978EE4|0x0189C80A|0x02FC21A1
0x67C8B5F1,piece1a_propdebris16,rainbow,1,179,0,179,159,0,0,3,3,43.05,1,break_piece|intact,0x00978EE4|0x019EDBFE|0x04E1DED8
0x01226B04,piece1a_propdebris08,rainbow,1,173,0,173,170,0,0,3,3,26.76,1,break_piece|intact,0x00978EE4|0x0189C80A|0x02FC21A1
0x5D27E761,,,0,173,0,0,175,0,0,1,3,0.03,1,break_piece|intact|static,0x020E5BB4|0x036E4F11|0x04549112
0x255EAB53,,,0,172,0,172,0,0,0,2,4,53.03,1,break_piece|intact,0x0065B09D|0x02195587|0x02D1FC23
0x75F1F74D,,,0,172,0,172,3,0,0,1,3,43.92,1,break_piece|intact,0x0065B09D|0x02195587|0x02D1FC23
0x765CD254,,,0,172,0,0,0,0,0,1,3,0.03,0,static,0x0065B09D|0x02195587|0x02D1FC23
0x1B24D289,piece1a_propdebris09,rainbow,1,165,0,165,163,0,0,3,3,34.74,1,break_piece,0x00978EE4|0x0189C80A|0x02FC21A1
0x125C0227,hp_fx_light,rainbow,1,152,0,0,152,0,0,1,6,0.03,1,break_piece|intact|static,0x00978EE4|0x01B52044|0x020E5BB4
0xEDC5B74C,piece1a_propdebris17,rainbow,1,150,0,150,143,0,0,3,3,50.92,1,break_piece|intact,0x019FE5AE|0x056B331D|0x05D426D7
0x56055623,slice1b_pristine,rainbow,1,147,0,144,8,0,0,1,2,175.16,0,break_piece|intact,0x036E4F11|0x0499A0F1|0x06D5DB5A
0x443DE524,slice1b,rainbow,1,144,0,0,0,0,0,1,1,0.03,0,static,0x036E4F11|0x0499A0F1|0x06D5DB5A
0x6FB9B7FF,piece1a_propdebris18,rainbow,1,140,0,140,136,0,0,2,3,43.22,1,break_piece|intact,0x019FE5AE|0x056B331D|0x05D426D7
0xEBBF5043,,,0,139,0,0,141,0,0,1,3,0.03,1,break_piece|intact|static,0x00978EE4|0x036E4F11|0x04549112
0x4FDCA56A,slice1a_interior,rainbow,1,137,0,137,74,0,0,3,3,162.19,0,break_piece|intact,0x036E4F11|0x0499A0F1|0x06D5DB5A
0x671227EB,slice1b_interior,rainbow,1,134,0,134,74,0,0,3,3,162.45,0,break_piece|intact,0x036E4F11|0x0499A0F1|0x06D5DB5A
0xFAEFB386,bone_root,rainbow,2,132,4,0,1,6556,267,0,2,0.03,1,static,0x01ED3D6F|0x03C70F0A|0x055E9085
0x20F635D9,Bone_RBicep,rainbow,1,132,4,0,3,6549,266,0,7,0.39,1,static,0x01ED3D6F|0x03C70F0A|0x055E9085
0x23F6F598,Bone_RForearm,rainbow,1,132,4,0,5,6549,266,0,8,0.40,1,static,0x01ED3D6F|0x03C70F0A|0x055E9085
0x4C7733ED,Bone_Chest,rainbow,2,132,4,0,3,6549,266,0,5,0.58,1,static,0x01ED3D6F|0x03C70F0A|0x055E9085
0x66A26CFF,Bone_Spine2,rainbow,1,132,4,0,4,6549,266,0,4,0.44,1,static,0x01ED3D6F|0x03C70F0A|0x055E9085
0x705C4508,Bone_Head,rainbow,1,132,4,0,43,6549,266,0,7,0.56,1,static,0x01ED3D6F|0x03C70F0A|0x055E9085
0xB2C9CE63,Bone_LBicep,rainbow,1,132,4,0,3,6549,266,0,7,0.39,1,static,0x01ED3D6F|0x03C70F0A|0x055E9085
0xBEFC09A2,Bone_LForearm,rainbow,1,132,4,0,5,6549,266,0,8,0.38,1,static,0x01ED3D6F|0x03C70F0A|0x055E9085
0x24C5009C,Bone_Hips,rainbow,1,132,0,0,4,6492,266,1,3,0.59,1,static,0x01ED3D6F|0x03C70F0A|0x055E9085
0x0163705C,Bone_RShin,rainbow,1,132,4,0,4,6236,266,0,5,0.58,1,static,0x01ED3D6F|0x03C70F0A|0x055E9085
0x76853D12,Bone_LThigh,rainbow,1,132,0,0,0,6236,266,1,4,0.48,1,static,0x01ED3D6F|0x03C70F0A|0x055E9085
0xA76C9842,Bone_LShin,rainbow,1,132,4,0,4,6236,266,0,5,0.58,1,static,0x01ED3D6F|0x03C70F0A|0x055E9085
0xC2299AC4,Bone_RThigh,rainbow,1,132,4,0,0,6236,266,0,4,0.48,1,static,0x01ED3D6F|0x03C70F0A|0x055E9085
0x03719EEF,bone_lforearmroll,rainbow,1,131,0,0,134,6549,266,1,9,0.03,1,static,0x01ED3D6F|0x03C70F0A|0x055E9085
0x328C1F25,bone_rforearmroll,rainbow,1,131,0,0,134,6549,266,1,9,0.03,1,static,0x01ED3D6F|0x03C70F0A|0x055E9085
0x5CA49BD8,bone_spine1,rainbow,2,131,4,0,0,6549,266,0,3,0.03,0,static,0x01ED3D6F|0x03C70F0A|0x055E9085
0xA3A5094A,bone_lshoulder,rainbow,2,131,0,0,0,6549,266,1,6,0.03,1,static,0x01ED3D6F|0x03C70F0A|0x055E9085
0xA6EFDD4F,bone_attach_chest,rainbow,1,131,0,0,130,6549,266,1,6,0.03,1,static,0x01ED3D6F|0x03C70F0A|0x055E9085
0xBA8CA3A8,bone_rshoulder,rainbow,2,131,4,0,0,6549,266,0,6,0.03,1,static,0x01ED3D6F|0x03C70F0A|0x055E9085
0xC187105B,bone_neck,rainbow,2,131,0,0,0,6549,266,1,6,0.30,1,static,0x01ED3D6F|0x03C70F0A|0x055E9085
0xD34F7713,bone_rhand,rainbow,2,131,4,0,0,6549,266,0,9,0.03,1,static,0x01ED3D6F|0x03C70F0A|0x055E9085
0xEB6F1B2D,bone_lhand,rainbow,2,131,4,0,0,6549,266,0,9,0.03,1,static,0x01ED3D6F|0x03C70F0A|0x055E9085
0xF450ED0D,bone_attach_rhand,rainbow,3,131,0,0,134,6549,266,1,10,0.03,1,static,0x01ED3D6F|0x03C70F0A|0x055E9085
0xFA761573,bone_attach_lhand,rainbow,2,131,0,0,134,6549,266,1,10,0.03,1,static,0x01ED3D6F|0x03C70F0A|0x055E9085
0x02C94E18,bone_lthumb2,rainbow,1,131,4,0,4,6489,264,0,11,0.03,1,static,0x01ED3D6F|0x03C70F0A|0x055E9085
0x05EA68FE,bone_rmiddle3,rainbow,1,131,4,0,134,6489,264,0,12,0.03,1,static,0x01ED3D6F|0x03C70F0A|0x055E9085
0x07628784,bone_lmiddle3,rainbow,1,131,4,0,134,6489,264,0,12,0.03,1,static,0x01ED3D6F|0x03C70F0A|0x055E9085
0x0CC71F3F,bone_lthumb1,rainbow,1,131,4,0,0,6489,264,0,10,0.03,1,static,0x01ED3D6F|0x03C70F0A|0x055E9085
0x163F93BD,bone_rthumb1,rainbow,1,131,4,0,0,6489,264,0,10,0.03,1,static,0x01ED3D6F|0x03C70F0A|0x055E9085
0x1CE73684,bone_lpinky1,rainbow,1,131,0,0,0,6489,264,1,10,0.03,1,static,0x01ED3D6F|0x03C70F0A|0x055E9085
0x2164EF09,bone_lmiddle2,rainbow,1,131,4,0,4,6489,264,0,11,0.03,1,static,0x01ED3D6F|0x03C70F0A|0x055E9085
0x248E1087,bone_rring1,rainbow,1,131,0,0,0,6489,264,1,10,0.03,1,static,0x01ED3D6F|0x03C70F0A|0x055E9085
0x24928DB5,bone_rring3,rainbow,1,131,4,0,134,6489,264,0,12,0.03,1,static,0x01ED3D6F|0x03C70F0A|0x055E9085
0x27ECDD1B,bone_rmiddle2,rainbow,1,131,4,0,4,6489,264,0,11,0.03,1,static,0x01ED3D6F|0x03C70F0A|0x055E9085
0x2CCBCECD,bone_lthumb3,rainbow,1,131,4,0,134,6489,264,0,12,0.03,1,static,0x01ED3D6F|0x03C70F0A|0x055E9085
0x49FB1AF7,bone_lring3,rainbow,1,131,4,0,134,6489,264,0,12,0.03,1,static,0x01ED3D6F|0x03C70F0A|0x055E9085
0x54C6C05E,bone_rpinky1,rainbow,1,131,0,0,0,6489,264,1,10,0.03,1,static,0x01ED3D6F|0x03C70F0A|0x055E9085
0x5CCB4A24,bone_rpinky3,rainbow,1,131,4,0,134,6489,264,0,12,0.03,1,static,0x01ED3D6F|0x03C70F0A|0x055E9085
0x5FB3BEC6,bone_rindex2,rainbow,1,131,4,0,4,6489,264,0,11,0.03,1,static,0x01ED3D6F|0x03C70F0A|0x055E9085
0x67F90B9A,bone_lring2,rainbow,1,131,4,0,4,6489,264,0,11,0.03,1,static,0x01ED3D6F|0x03C70F0A|0x055E9085
0x76CDB1A9,bone_rpinky2,rainbow,1,131,4,0,4,6489,264,0,11,0.03,1,static,0x01ED3D6F|0x03C70F0A|0x055E9085
0x7F5D343E,bone_lmiddle1,rainbow,1,131,0,0,0,6489,264,1,10,0.03,1,static,0x01ED3D6F|0x03C70F0A|0x055E9085
0x81B632E3,bone_rindex3,rainbow,1,131,4,0,134,6489,264,0,12,0.03,1,static,0x01ED3D6F|0x03C70F0A|0x055E9085
0x8C243564,bone_lindex2,rainbow,1,131,4,0,4,6489,264,0,11,0.03,1,static,0x01ED3D6F|0x03C70F0A|0x055E9085
0x8DEFBC44,bone_rmiddle1,rainbow,1,131,0,0,0,6489,264,1,10,0.03,1,static,0x01ED3D6F|0x03C70F0A|0x055E9085
0x94380B52,bone_rthumb2,rainbow,1,131,4,0,4,6489,264,0,11,0.03,1,static,0x01ED3D6F|0x03C70F0A|0x055E9085
0x94E1E33E,bone_lpinky3,rainbow,1,131,4,0,134,6489,264,0,12,0.03,1,static,0x01ED3D6F|0x03C70F0A|0x055E9085
0xA6221FBB,bone_lindex1,rainbow,1,131,0,0,0,6489,264,1,10,0.03,1,static,0x01ED3D6F|0x03C70F0A|0x055E9085
0xA6269CE9,bone_lindex3,rainbow,1,131,4,0,134,6489,264,0,12,0.03,1,static,0x01ED3D6F|0x03C70F0A|0x055E9085
0xB63A7F6F,bone_rthumb3,rainbow,1,131,4,0,134,6489,264,0,12,0.03,1,static,0x01ED3D6F|0x03C70F0A|0x055E9085
0xB6E4575B,bone_lpinky2,rainbow,1,131,4,0,4,6489,264,0,11,0.03,1,static,0x01ED3D6F|0x03C70F0A|0x055E9085
0xCA0061A5,bone_lring1,rainbow,1,131,0,0,0,6489,264,1,10,0.03,1,static,0x01ED3D6F|0x03C70F0A|0x055E9085
0xE1BB4731,bone_rindex1,rainbow,1,131,0,0,0,6489,264,1,10,0.03,1,static,0x01ED3D6F|0x03C70F0A|0x055E9085
0xFA900D00,bone_rring2,rainbow,1,131,4,0,4,6489,264,0,11,0.03,1,static,0x01ED3D6F|0x03C70F0A|0x055E9085
0x3120671B,Bone_RFootBone1,rainbow,1,131,4,0,4,6236,266,0,6,0.03,1,static,0x01ED3D6F|0x03C70F0A|0x055E9085
0x31DB4F50,Bone_Attach_Root,rainbow,1,131,0,0,130,6236,266,1,2,0.03,0,static,0x01ED3D6F|0x03C70F0A|0x055E9085
0x97234644,Bone_RFootBone2,rainbow,1,131,4,0,134,6236,266,0,7,0.03,1,static,0x01ED3D6F|0x03C70F0A|0x055E9085
0xCBC1EB51,GlobalSRT,rainbow,1,131,133,0,4,6236,266,0,1,768.24,0,static,0x01ED3D6F|0x03C70F0A|0x055E9085
0x1226F58D,Bone_LFootBone1,rainbow,1,131,4,0,4,6235,266,0,6,0.03,1,static,0x01ED3D6F|0x03C70F0A|0x055E9085
0x901F6D22,Bone_LFootBone2,rainbow,1,131,4,0,134,6235,266,0,7,0.03,1,static,0x01ED3D6F|0x03C70F0A|0x055E9085
0x8869E876,hp_dock_fl,rainbow,1,131,0,0,131,0,0,3,4,0.03,1,break_piece|intact,0x0065B09D|0x02195587|0x02D1FC23
0x8F27AA8C,slice1a_ruin,rainbow,1,123,0,123,73,0,0,2,2,146.16,0,break_piece|intact,0x0499A0F1|0x0859EA8A|0x086666D2
0xD721FC8C,hp_seat_fl,rainbow,1,123,0,0,123,0,0,3,4,0.03,1,break_piece|intact,0x0065B09D|0x02195587|0x0307555E
0xFE1F4EA3,,,0,119,0,119,119,0,0,3,7,1.00,1,break_piece|intact,0x0065B09D|0x02195587|0x0307555E
0x688C4858,hp_dock_fr,rainbow,1,117,0,0,117,0,0,3,4,0.03,1,break_piece|intact,0x0065B09D|0x02195587|0x02D1FC23
0x0DB6DF22,piece1a_propdebris19,rainbow,1,115,0,115,111,0,0,2,3,27.36,1,break_piece|intact,0x019FE5AE|0x056B331D|0x05D426D7
0xDBF393BD,hp_fx_exhaust_a,rainbow,1,113,0,0,113,0,0,1,5,0.03,1,break_piece|intact,0x0065B09D|0x02195587|0x0307555E
0x2C3EDC3C,,,0,112,0,112,104,0,0,2,4,11.92,1,break_piece|intact,0x0307555E|0x044EDB9C|0x07B982D6
0x4119F5A8,,,0,112,0,112,112,0,0,3,7,5.93,1,break_piece|intact,0x0065B09D|0x02195587|0x0307555E
0x663986DE,,,0,111,111,0,111,0,0,0,0,17024078281948790784.00,0,,0x00426AB6|0x0042E9B3|0x020CC5C0
0x8BC21F85,,,0,110,0,110,110,0,0,3,7,1.00,1,break_piece|intact,0x0065B09D|0x02195587|0x0307555E
0xD6EBE292,hp_seat_fr,rainbow,1,108,0,0,108,0,0,3,5,0.03,1,break_piece|intact,0x0065B09D|0x02195587|0x0E9502CF
0x8B36C275,bone_frame,rainbow,1,107,0,0,0,0,0,1,1,70.60,1,static,0x0065B09D|0x02195587|0x02D1FC23
0x98B76A82,,,0,103,0,103,103,0,0,3,7,5.93,1,break_piece|intact,0x0065B09D|0x02195587|0x0307555E
0x3846CB35,bone_attach_backright,rainbow,1,102,0,0,102,592,76,1,6,0.03,1,static,0x03C70F0A|0x07B30024|0x07FC456B
0xDF2D0826,bone_attach_backleft,rainbow,1,102,0,0,101,592,76,1,6,0.03,1,static,0x03C70F0A|0x07B30024|0x07FC456B
0x38660D52,bone_wheel_rr,rainbow,1,101,0,0,6,3,1,3,5,1.82,1,break_piece|intact,0x0065B09D|0x02195587|0x0307555E
0x389C274C,bone_wheel_rl,rainbow,1,101,0,0,6,3,1,3,5,1.82,1,break_piece|intact,0x0065B09D|0x02195587|0x0307555E
0xD871B369,,,0,101,0,101,101,0,0,3,7,4.77,1,break_piece|intact,0x0065B09D|0x02195587|0x0307555E
0xFA92EE23,,,0,101,0,101,101,0,0,3,7,4.77,1,break_piece|intact,0x0065B09D|0x02195587|0x0307555E
0xBD7008F2,slice1a_propattach00,rainbow,1,100,0,0,0,0,0,3,3,0.03,1,break_piece|intact,0x06D5DB5A|0x0859EA8A|0x086666D2
0xCC5594BD,slice1a_propattach00_pristine,rainbow,1,100,0,100,54,0,0,4,4,93.00,1,break_piece|intact,0x06D5DB5A|0x0859EA8A|0x086666D2
0x1C2E8837,bone_attach_hipright,rainbow,1,99,0,0,101,261,34,1,4,0.03,1,static,0x03C70F0A|0x07B30024|0x07FC456B
0x629B2990,bone_attach_hipleft,rainbow,1,99,0,0,98,261,34,1,4,0.03,1,static,0x03C70F0A|0x07B30024|0x07FC456B
0xA641DAE1,,,0,99,0,99,89,0,0,2,4,22.80,1,break_piece|intact,0x0307555E|0x07B982D6|0x080D83D1
0x26CA2A92,piece1a_propdebris20,rainbow,1,97,0,97,96,0,0,2,3,26.04,1,break_piece|intact,0x019FE5AE|0x056B331D|0x05ED45FC
0xCF72A7E9,piece1a_propattach00_pristine,rainbow,1,97,0,97,44,0,0,4,5,16.45,1,break_piece|intact,0x0077334E|0x00978EE4|0x0189C80A
0xF59F79C6,piece1a_propattach00,rainbow,1,97,0,0,0,0,0,3,4,0.03,1,break_piece|intact,0x0077334E|0x00978EE4|0x0189C80A
0x94F6BFFE,bone_wheel_fr,rainbow,1,96,0,0,2,3,1,4,5,1.36,1,break_piece|intact,0x0065B09D|0x02195587|0x0307555E
0x35415D90,bone_wheel_fl,rainbow,1,95,0,0,1,3,1,4,5,1.36,1,break_piece|intact,0x0065B09D|0x02195587|0x0307555E
0x8C1E881E,bone_hub_fr,rainbow,1,95,0,0,0,3,1,3,4,0.86,1,break_piece|intact,0x0065B09D|0x02195587|0x0307555E
0xAC685C30,bone_hub_fl,rainbow,1,95,0,0,0,3,1,3,4,0.86,1,break_piece|intact,0x0065B09D|0x02195587|0x0307555E
0xAF8D0BF2,bone_hub_rr,rainbow,1,95,0,0,1,3,1,3,4,4.81,1,break_piece|intact,0x0065B09D|0x02195587|0x0307555E
0x2FC3EF6C,bone_hub_rl,rainbow,1,94,0,0,0,3,1,3,4,0.70,1,break_piece|intact,0x0065B09D|0x02195587|0x0307555E
0xB2BB48FC,bone_jaw,rainbow,1,93,2,0,2,8,6,0,8,0.10,1,static,0x03C70F0A|0x07B30024|0x07FC456B
0x07607CCE,bone_mouth_corner_right,rainbow,1,91,0,0,90,8,6,1,8,0.03,1,static,0x03C70F0A|0x07B30024|0x07FC456B
0x0A1CF9F9,bone_mouth_top_left,rainbow,1,91,0,0,90,8,6,1,8,0.03,1,static,0x03C70F0A|0x07B30024|0x07FC456B
0x2FC9942F,bone_mouth_corner_left,rainbow,1,91,0,0,91,8,6,1,8,0.03,1,static,0x03C70F0A|0x07B30024|0x07FC456B
0x30103344,bone_cheek_left,rainbow,1,91,0,0,90,8,6,1,8,0.03,1,static,0x03C70F0A|0x07B30024|0x07FC456B
0x3E776EB4,bone_tongue_tip,rainbow,1,91,1,0,93,8,6,0,9,0.03,1,static,0x03C70F0A|0x07B30024|0x07FC456B
0x52CD1E0C,bone_nose_right,rainbow,1,91,1,0,91,8,6,0,8,0.03,1,static,0x03C70F0A|0x07B30024|0x07FC456B
0x572ADCB8,bone_mouth_bottom_right,rainbow,1,91,0,0,90,8,6,1,9,0.03,1,static,0x03C70F0A|0x07B30024|0x07FC456B
0x6DE365F5,bone_eyebrow_left,rainbow,1,91,0,0,90,8,6,1,8,0.03,1,static,0x03C70F0A|0x07B30024|0x07FC456B
0x88D26F3C,bone_eyelid_top_left,rainbow,1,91,0,0,90,8,6,1,8,0.03,1,static,0x03C70F0A|0x07B30024|0x07FC456B
0x9AB50943,bone_cheek_right,rainbow,1,91,0,0,90,8,6,1,8,0.03,1,static,0x03C70F0A|0x07B30024|0x07FC456B
0xA16DF454,bone_eyebrow_right,rainbow,1,91,0,0,90,8,6,1,8,0.03,1,static,0x03C70F0A|0x07B30024|0x07FC456B
0xA86FE57B,bone_eyelid_top_right,rainbow,1,91,0,0,90,8,6,1,8,0.03,1,static,0x03C70F0A|0x07B30024|0x07FC456B
0xB061703D,bone_eyebrow_center,rainbow,1,91,0,0,90,8,6,1,8,0.03,1,static,0x03C70F0A|0x07B30024|0x07FC456B
0xB308786D,bone_nose_left,rainbow,1,91,0,0,90,8,6,1,8,0.03,1,static,0x03C70F0A|0x07B30024|0x07FC456B
0xB98D69C9,bone_eyeball_right,rainbow,1,91,0,0,90,8,6,1,8,0.05,1,static,0x03C70F0A|0x07B30024|0x07FC456B
0xC65682D2,bone_eyeball_left,rainbow,1,91,0,0,90,8,6,1,8,0.05,1,static,0x03C70F0A|0x07B30024|0x07FC456B
0xC98F0F51,bone_mouth_bottom_left,rainbow,1,91,2,0,91,8,6,0,9,0.03,1,static,0x03C70F0A|0x07B30024|0x07FC456B
0xCF6D1860,bone_mouth_top_right,rainbow,1,91,0,0,90,8,6,1,8,0.03,1,static,0x03C70F0A|0x07B30024|0x07FC456B
0xD5864118,bone_brow_center,rainbow,1,91,0,0,91,8,6,1,8,0.03,1,static,0x03C70F0A|0x07B30024|0x07FC456B
0xB2C8BB5D,slice1b_ruin,rainbow,1,89,0,89,54,0,0,2,2,87.66,0,break_piece|intact,0x0499A0F1|0x0859EA8A|0x086666D2
0x712FB5D7,,,0,85,85,0,85,0,0,0,0,18118925128564736.00,0,,0x0042E9B3|0x02776826|0x05F3A51C
0x063C61D3,,,0,84,0,84,84,0,0,2,4,10.23,1,break_piece|intact,0x0307555E|0x044EDB9C|0x07B982D6
0xB84640BD,slice1a_propdebris01,rainbow,1,82,0,82,81,0,0,3,4,15.95,1,break_piece|intact,0x036E4F11|0x06D5DB5A|0x0859EA8A
0x962C4871,,,0,81,0,0,6,44,4,3,5,2.67,1,break_piece|intact,0x0065B09D|0x02195587|0x0E9502CF
0x3DF5A3EF,,,0,81,0,0,6,5,1,3,5,2.67,1,break_piece|intact,0x0065B09D|0x02195587|0x0E9502CF
0x52385AE5,,,0,81,0,0,81,0,0,5,6,0.03,1,break_piece|intact,0x00978EE4|0x04549112|0x05D62268
0x715F5613,,,0,81,0,0,0,0,0,3,4,0.03,1,break_piece,0x0065B09D|0x02195587|0x0E9502CF
0xB1486EF3,hp_barreltip_a,rainbow,1,80,0,0,84,0,0,1,11,0.03,1,break_piece|intact|static,0x006243A4|0x00E01065|0x0307555E
0x48CC9EAF,piece1a_propdebris21,rainbow,1,79,0,79,79,0,0,2,3,20.27,1,break_piece|intact,0x056B331D|0x05ED45FC|0x06B7DF09
0x4E435B48,slice1a_propdebris00,rainbow,1,79,0,79,77,0,0,3,4,18.11,1,break_piece|intact,0x036E4F11|0x06D5DB5A|0x086666D2
0x0BFB95AC,hp_dock_rr,rainbow,1,77,0,0,76,0,0,3,4,0.03,1,break_piece|intact,0x0065B09D|0x02D1FC23|0x0307555E
0xDB205EF6,,,0,77,0,0,77,0,0,2,3,0.03,1,break_piece|intact,0x036E4F11|0x0499A0F1|0x09E169B3
0x51C22F6C,,,0,76,0,0,76,0,0,3,3,0.03,1,break_piece|intact,0x00978EE4|0x0499A0F1|0x06D5DB5A
0x899E3B08,hp_fx_light1,rainbow,1,76,0,0,76,0,0,1,5,0.18,1,break_piece|intact,0x020E5BB4|0x04549112|0x07135D3C
0x4205CFD0,,,0,75,0,75,75,0,0,5,6,3.22,1,break_piece|intact,0x0065B09D|0x02195587|0x0E9502CF
0x46A08F9E,slice1a_propattach01_pristine,rainbow,1,75,0,75,42,0,0,4,4,53.21,1,break_piece|intact,0x0859EA8A|0x086666D2|0x140400C1
0x913633E4,,,0,75,0,75,69,0,0,5,6,3.23,1,break_piece|intact,0x0065B09D|0x02195587|0x0E9502CF
0xA529917E,,,0,75,0,75,69,0,0,5,6,3.23,1,break_piece|intact,0x0065B09D|0x02195587|0x0E9502CF
0xDD2E46E2,,,0,75,0,75,75,0,0,5,6,3.23,0,break_piece|intact,0x0065B09D|0x02195587|0x0E9502CF
0xDF727D0F,slice1a_propattach01,rainbow,1,75,0,0,0,0,0,3,3,0.03,1,break_piece|intact,0x0859EA8A|0x086666D2|0x140400C1
0x0CA1E5DC,,,0,72,0,72,39,0,0,5,6,3.09,1,break_piece|intact,0x02195587|0x0E9502CF|0x0F9B9B04
0x14886128,village_bld_farming03_gyxbb5,rainbow,1,72,0,0,85,0,0,1,3,0.03,1,break_piece|intact|static,0x05D62268|0x06D5DB5A|0x086666D2
0x89EA902A,,,0,72,0,72,72,0,0,5,6,3.48,1,break_piece|intact,0x02195587|0x0E9502CF|0x0F9B9B04
0xD14291B9,,,0,72,0,0,0,0,0,4,5,0.03,1,break_piece,0x02195587|0x0E9502CF|0x0F9B9B04
0x363EB852,slice1a_propdebris02,rainbow,1,71,0,71,70,0,0,3,4,8.36,1,break_piece|intact,0x09E169B3|0x0A6269EA|0x13BFAF0E
0x2E048617,slice1b_propattach00,rainbow,1,70,0,0,0,0,0,3,4,0.03,1,break_piece|intact,0x06D5DB5A|0x0859EA8A|0x086666D2
0xBCF01D36,slice1b_propattach00_pristine,rainbow,1,70,0,70,33,0,0,4,5,18.92,1,break_piece|intact,0x06D5DB5A|0x0859EA8A|0x086666D2
0x3ECECD88,piece1a_propdebris22,rainbow,1,69,0,69,69,0,0,3,3,14.53,1,break_piece|intact,0x056B331D|0x06B7DF09|0x1923143C
0x5382B35E,,,0,69,0,0,71,0,0,1,3,0.03,1,break_piece|intact|static,0x04CC21CD|0x14400F0B|0x149FC407
0xF17F52EC,slice1b_propdebris01,rainbow,1,69,0,69,69,0,0,3,5,13.26,1,break_piece|intact,0x036E4F11|0x06D5DB5A|0x0A6269EA
0x8BC4B232,hp_dock_rl,rainbow,1,68,0,0,68,0,0,3,5,0.03,1,break_piece|intact,0x0065B09D|0x02D1FC23|0x0307555E
0xB38E2FF0,,,0,68,0,0,70,0,0,1,5,0.03,1,break_piece|intact,0x036E4F11|0x04549112|0x04CC21CD
0xEB818811,slice1b_propdebris00,rainbow,1,66,0,66,65,0,0,3,5,6.93,1,break_piece|intact,0x036E4F11|0x06D5DB5A|0x0A6269EA
0x2CE53661,,,0,64,0,0,0,0,0,4,5,0.03,1,break_piece,0x0065B09D|0x0E9502CF|0x0F9B9B04
0x2FD85212,,,0,64,0,64,64,0,0,5,6,2.88,0,break_piece|intact,0x0065B09D|0x0E9502CF|0x0F9B9B04
0x9E8568CF,village_bld_farming03_gyxbb6,rainbow,1,64,0,0,64,0,0,1,3,0.03,1,break_piece|intact|static,0x05D62268|0x06D5DB5A|0x086666D2
0xFA23E154,,,0,64,0,64,14,0,0,5,6,2.82,1,break_piece|intact,0x0065B09D|0x0E9502CF|0x0F9B9B04
0x8B7C73C3,slice1b_propdebris02,rainbow,1,62,0,62,61,0,0,3,5,8.30,1,break_piece|intact,0x06D5DB5A|0x0A6269EA|0x13BFAF0E
0xA8D1B2FD,piece1a_propdebris23,rainbow,1,62,0,62,62,0,0,3,3,15.45,1,break_piece|intact,0x056B331D|0x06B7DF09|0x0F2DEF5E
0x243A5276,,,0,61,0,61,58,0,0,2,4,13.96,1,break_piece|intact,0x07B982D6|0x080D83D1|0x08E25CDC
0x9EC05A1E,piece1a_propdebris24,rainbow,1,60,0,60,60,0,0,3,3,13.25,1,break_piece|intact,0x056B331D|0x0DDED923|0x0F2DEF5E
0xA40B15D4,,,0,60,0,0,60,0,0,4,7,0.03,1,break_piece|intact,0x0065B09D|0x02195587|0x0E9502CF
0xC45E0BFF,hp_winch_top,rainbow,1,60,0,0,60,0,0,3,6,0.03,1,break_piece|intact,0x0065B09D|0x0307555E|0x07F4EE74
0xB2D620B8,hp_ladder_top_a,rainbow,1,59,0,0,59,0,0,1,4,0.03,1,break_piece|intact|static,0x019EDBFE|0x02FC21A1|0x0BB034DD
0xC053166E,hp_ladder_bottom_a,rainbow,1,59,0,0,59,0,0,1,4,0.03,1,break_piece|intact|static,0x019EDBFE|0x02FC21A1|0x0BB034DD
0x59EC0B52,hp_fx_exhaust_b,rainbow,1,57,0,0,57,0,0,1,5,0.03,1,break_piece,0x0065B09D|0x02195587|0x0E9502CF
0x6237F34C,slice1c_pristine,rainbow,1,57,1,56,4,0,0,0,2,164.44,0,break_piece|intact,0x09E169B3|0x0A6269EA|0x179FB150
0x2217B0F7,piece1b_pristine,rainbow,1,56,0,56,27,0,0,2,2,209.52,1,break_piece|intact,0x020E5BB4|0x07135D3C|0x09E169B3
0x3CC2A6BB,slice1a_propattach00_ruin,rainbow,1,56,0,56,16,0,0,4,4,8.31,1,break_piece|intact,0x06D5DB5A|0x1946F361|0x1C793E11
0x5E404CA9,slice1c,rainbow,1,56,0,0,0,0,0,1,1,0.03,0,static,0x09E169B3|0x0A6269EA|0x179FB150
0x661FC110,piece1b,rainbow,1,56,0,0,0,0,0,1,1,0.03,1,static,0x020E5BB4|0x07135D3C|0x09E169B3
0x939C0C2F,hp_fx_light2,rainbow,1,56,0,0,56,0,0,1,5,0.18,1,break_piece|intact,0x04549112|0x07135D3C|0x0859EA8A
0xC88A3631,,,0,55,0,0,55,0,0,3,4,0.03,1,break_piece|intact,0x0065B09D|0x02195587|0x0F9B9B04
0xFDCBD8D9,piece1b_ruin,rainbow,1,55,0,55,1,0,0,2,2,182.39,0,break_piece|intact,0x020E5BB4|0x07135D3C|0x09E169B3
0x58412C6F,slice1a_propdebris03,rainbow,1,54,0,54,53,0,0,3,4,16.95,1,break_piece|intact,0x0A6269EA|0x13BFAF0E|0x1C793E11
0xC0C2CE3B,piece1a_propdebris25,rainbow,1,54,0,54,54,0,0,3,3,20.31,1,break_piece|intact,0x0DDED923|0x0F2DEF5E|0x156157E7
0x14D8F03E,,,0,52,0,52,52,0,0,5,6,2.77,1,break_piece|intact,0x0065B09D|0x02195587|0x0E9502CF
0x17A1EDE3,piece1a_propattach01,rainbow,1,52,0,0,0,0,0,3,4,0.03,1,break_piece|intact,0x00978EE4|0x05D62268|0x074EC106
0x592552BD,,,0,52,0,0,0,0,0,4,5,0.03,1,break_piece,0x0065B09D|0x02195587|0x0E9502CF
0x5B6A410A,piece1a_propattach01_pristine,rainbow,1,52,0,52,17,0,0,4,5,9.36,1,break_piece|intact,0x00978EE4|0x05D62268|0x074EC106
0x79FD3B48,slice1c_interior,rainbow,1,52,0,52,22,0,0,3,3,162.26,0,break_piece|intact,0x09E169B3|0x0A6269EA|0x14219A70
0xC3290D88,,,0,52,0,52,42,0,0,5,6,2.73,1,break_piece|intact,0x0065B09D|0x02195587|0x0E9502CF
0x35F6FE3E,hp_seat_rr,rainbow,1,51,0,0,51,0,0,3,5,0.03,1,break_piece|intact,0x0065B09D|0x07B982D6|0x0B76A8FC
0x55757568,slice1a_propattach02,rainbow,1,51,0,0,0,0,0,3,3,0.03,1,break_piece|intact,0x0859EA8A|0x140400C1|0x14219A70
0x9709979F,slice1a_propattach02_pristine,rainbow,1,51,0,51,28,0,0,4,4,15.93,0,break_piece|intact,0x0859EA8A|0x140400C1|0x14219A70
0xF03104DA,,,0,51,0,0,51,0,0,5,5,0.03,1,break_piece|intact,0x00978EE4|0x04549112|0x0859EA8A
0xD12B39F0,,,0,50,0,0,50,0,0,4,4,0.03,1,break_piece|intact,0x036E4F11|0x06D5DB5A|0x0A6269EA
0x79834A37,,,0,49,0,0,49,0,0,4,4,0.03,1,break_piece|intact,0x036E4F11|0x06D5DB5A|0x0A6269EA
0x7C82F4B2,village_bld_farming03_gyxbb7,rainbow,1,49,0,0,49,0,0,1,3,0.03,1,break_piece|intact|static,0x05D62268|0x086666D2|0x0E844C45
0x80802775,slice1b_propattach01_pristine,rainbow,1,49,0,49,29,0,0,4,4,23.34,1,break_piece|intact,0x0859EA8A|0x086666D2|0x14219A70
0xCC01AD3A,slice1b_propattach01,rainbow,1,49,0,0,0,0,0,3,3,0.03,1,break_piece|intact,0x0859EA8A|0x086666D2|0x14219A70
0x05CFAD1F,,,0,47,0,0,47,0,0,4,4,0.03,1,break_piece|intact,0x036E4F11|0x06D5DB5A|0x0A6269EA
0xF7B86732,,,0,46,0,0,46,0,0,4,4,0.03,1,break_piece|intact,0x036E4F11|0x06D5DB5A|0x0A6269EA
0x43402C0A,,,0,45,0,37,0,0,0,4,4,0.03,1,break_piece|intact,0x036E4F11|0x06D5DB5A|0x0A6269EA
0x6979FFA6,slice1b_propdebris03,rainbow,1,45,0,45,45,0,0,3,5,9.00,1,break_piece|intact,0x0859EA8A|0x0A6269EA|0x13BFAF0E
0xBB28D8B7,,,0,45,0,0,45,0,0,4,4,0.03,1,break_piece|intact,0x036E4F11|0x06D5DB5A|0x0A6269EA
0xD6419BD0,hp_seat_rl,rainbow,1,45,0,0,45,0,0,3,5,0.03,1,break_piece|intact,0x0065B09D|0x07B982D6|0x0E9502CF
0x846B4EC9,slice2a_pristine,rainbow,1,44,0,43,0,0,0,1,2,344.81,0,break_piece|intact,0x036E4F11|0x06D5DB5A|0x0B7CC1B7
0x024BE2A6,slice2a,rainbow,2,43,0,0,0,0,0,1,1,0.03,0,static,0x036E4F11|0x06D5DB5A|0x0B7CC1B7
0xA6C4E3E4,piece1a_propdebris26,rainbow,1,43,0,43,43,0,0,3,3,19.79,1,break_piece,0x0DDED923|0x156157E7|0x160AAD5B
0xD926C95A,,,0,43,0,0,43,0,0,4,4,0.03,1,break_piece|intact,0x036E4F11|0x06D5DB5A|0x0A6269EA
0x84536B11,slice2b,rainbow,2,42,0,0,0,0,0,1,1,0.03,0,static,0x036E4F11|0x06D5DB5A|0x0B7CC1B7
0x86B3D504,bone_trunk,rainbow,1,42,0,0,41,0,0,1,4,1.47,1,break_piece|intact,0x04817CD7|0x0485FA05|0x04E1DED8
0xC1BB01D3,,,0,42,0,0,42,0,0,5,5,0.03,1,break_piece|intact,0x036E4F11|0x06D5DB5A|0x0A6269EA
0xD5447B84,slice2b_pristine,rainbow,1,42,0,42,1,0,0,2,2,146.39,0,break_piece|intact,0x036E4F11|0x06D5DB5A|0x0B7CC1B7
0x3F77915D,slice1a_propattach03,rainbow,1,41,0,0,0,0,0,3,3,0.03,1,break_piece,0x14219A70|0x1946F361|0x199ABE01
0x4A403E02,bone_skinned,rainbow,1,41,0,0,0,0,0,3,3,100.48,0,break_piece|intact,0x04817CD7|0x0485FA05|0x04E1DED8
0x874AEE1B,bone_rigid,rainbow,1,41,0,0,6,0,0,3,3,100.48,0,break_piece|intact,0x04817CD7|0x0485FA05|0x04E1DED8
0x8F85AB70,,,0,41,0,0,41,0,0,4,4,0.03,1,break_piece|intact,0x036E4F11|0x06D5DB5A|0x0A6269EA
0xB48B89A5,bone_wind1,rainbow,1,41,0,0,42,0,0,4,6,0.03,1,break_piece|intact,0x04817CD7|0x0485FA05|0x04E1DED8
0xB63971A4,slice1a_propdebris04,rainbow,1,41,0,41,41,0,0,3,4,8.33,1,break_piece|intact,0x13BFAF0E|0x1E359C2F|0x227708EC
0xCD22E928,slice1a_propattach03_pristine,rainbow,1,41,0,41,15,0,0,4,4,15.50,0,break_piece|intact,0x14219A70|0x1946F361|0x199ABE01
0xCD4A3516,,,0,41,0,0,41,0,0,5,5,0.03,1,break_piece|intact,0x036E4F11|0x06D5DB5A|0x0A6269EA
0x6F373D1F,piece1a_propattach00_ruin,rainbow,1,40,0,40,11,0,0,4,5,16.53,1,break_piece|intact,0x0077334E|0x074EC106|0x10170967
0x8EE9CC77,hp_dock_left,rainbow,1,40,0,0,45,0,0,1,3,0.03,1,intact|static,0x006243A4|0x00E01065|0x076BED6B
0xE03385F6,hp_dock_right,rainbow,1,40,0,0,45,0,0,1,3,0.03,1,intact|static,0x006243A4|0x00E01065|0x076BED6B
0x13444B20,slice1b_propattach02_pristine,rainbow,1,39,0,39,25,0,0,4,4,22.55,0,break_piece|intact,0x0859EA8A|0x086666D2|0x14219A70
0x2E090345,slice1b_propattach02,rainbow,1,39,0,0,0,0,0,3,3,0.03,1,break_piece,0x0859EA8A|0x086666D2|0x14219A70
0x4C9F8D30,slice2b_interior,rainbow,1,39,0,39,16,0,0,3,3,162.30,0,break_piece|intact,0x036E4F11|0x06D5DB5A|0x0B7CC1B7
0x738B5885,slice1b_propdebris04,rainbow,1,39,0,39,39,0,0,3,5,7.41,1,break_piece|intact,0x0859EA8A|0x0A6269EA|0x13BFAF0E
0xBA7D3585,slice2a_interior,rainbow,1,39,0,39,14,0,0,3,3,162.47,0,break_piece|intact,0x036E4F11|0x06D5DB5A|0x0B7CC1B7
0xF98890E5,,,0,39,0,0,39,0,0,4,4,0.03,1,break_piece|intact,0x036E4F11|0x06D5DB5A|0x0A6269EA
0x423D5BE1,,,0,38,0,38,38,0,0,4,6,2.83,0,break_piece|intact,0x1125CB99|0x179A7702|0x3CAC72AB
0x73A31898,,,0,38,0,0,0,0,0,3,5,0.03,1,break_piece,0x1125CB99|0x179A7702|0x3CAC72AB
0xABD9AD8F,,,0,38,0,38,35,0,0,4,6,2.29,1,break_piece|intact,0x1125CB99|0x179A7702|0x3CAC72AB
0xECCFC098,slice1b_propattach00_ruin,rainbow,1,38,0,38,7,0,0,4,5,6.34,1,break_piece|intact,0x06D5DB5A|0x1946F361|0x1A1B848F
0x0D85F419,,,0,37,0,37,34,0,0,4,6,2.38,1,break_piece|intact,0x1125CB99|0x179A7702|0x3CAC72AB
0x3D106439,hp_shelleject,rainbow,1,37,0,0,41,0,0,1,5,0.03,1,intact|static,0x00E01065|0x076BED6B|0x0A069B4D
0x4FC5DB37,piece1b_propdebris02,rainbow,1,37,0,37,36,0,0,3,3,13.13,1,break_piece,0x020E5BB4|0x07135D3C|0x09E169B3
0x9380B8B6,,,0,37,0,0,0,0,0,3,5,0.03,1,break_piece,0x1125CB99|0x179A7702|0x3CAC72AB
0xB581D08F,,,0,37,0,37,37,0,0,4,6,2.41,0,break_piece|intact,0x1125CB99|0x179A7702|0x3CAC72AB
0xD2331437,,,0,37,0,0,37,0,0,5,5,0.03,1,break_piece,0x00978EE4|0x04549112|0x0859EA8A
0xB164A5B3,,,0,36,0,0,5,17,1,3,5,3.07,1,break_piece,0x0065B09D|0x02195587|0x0E9502CF
0x65C83C70,piece1b_propdebris01,rainbow,1,36,0,36,35,0,0,3,3,16.16,1,break_piece,0x020E5BB4|0x07135D3C|0x09E169B3
0x6DC3CBDA,piece1b_propdebris03,rainbow,1,36,0,36,35,0,0,3,3,8.95,1,break_piece,0x020E5BB4|0x07135D3C|0x09E169B3
0xA5F8253C,hp_CenterOfMass,rainbow,1,36,0,0,41,0,0,1,3,0.03,1,break_piece|static,0x00E01065|0x076BED6B|0x0A069B4D
0x19098C70,slice1a_propattach01_ruin,rainbow,1,35,0,35,7,0,0,4,4,8.31,1,break_piece|intact,0x086666D2|0x140400C1|0x1946F361
0x26DDB24A,piece1a_propdebris28,rainbow,1,35,0,35,35,0,0,3,3,18.01,1,break_piece,0x056B331D|0x156157E7|0x1923143C
0x33C9D423,,,0,35,0,35,29,0,0,5,5,17.28,1,break_piece,0x06D5DB5A|0x1C793E11|0x232B1C7C
0x71999812,hp_fx_light3,rainbow,1,35,0,0,35,0,0,1,5,0.35,1,break_piece|intact|static,0x04ED3522|0x07135D3C|0x0859EA8A
0xD98776ED,,,0,35,0,0,4,0,0,3,5,3.06,1,break_piece,0x0065B09D|0x02195587|0x0E9502CF
0x130F3AFA,,,0,33,0,33,32,0,0,5,5,7.02,1,break_piece|intact,0x12181179|0x155C8246|0x179A7702
0x47C15171,piece1b_propdebris04,rainbow,1,33,0,33,32,0,0,3,3,11.25,1,break_piece,0x020E5BB4|0x07135D3C|0x09E169B3
0x5284339A,bone_wind2,rainbow,1,33,0,0,34,0,0,4,6,0.03,1,intact,0x04817CD7|0x04E1DED8|0x0A362710
0x5615C7EC,,,0,33,0,33,16,0,0,5,5,6.99,1,break_piece|intact,0x12181179|0x155C8246|0x179A7702
0x70B6D66B,,,0,33,0,0,33,0,0,3,4,0.03,1,break_piece|intact,0x080D83D1|0x0E9502CF|0x1125CB99
0xC0C74B69,piece1a_propdebris27,rainbow,1,33,0,33,33,0,0,3,3,20.31,1,break_piece,0x056B331D|0x156157E7|0x1923143C
0xFF7065C9,,,0,33,0,0,0,0,0,4,4,0.03,1,break_piece,0x12181179|0x155C8246|0x179A7702
0x770765E4,bone_yaw_turret,rainbow,1,32,0,0,0,8,3,3,5,7.66,1,break_piece|intact,0x0065B09D|0x0307555E|0x11640B62
0x2F735D37,slice1b_propattach03_pristine,rainbow,1,32,0,32,17,0,0,4,4,27.65,0,break_piece|intact,0x0859EA8A|0x086666D2|0x14219A70
0x4406E750,slice1b_propattach03,rainbow,1,32,0,0,0,0,0,3,3,0.03,1,break_piece,0x0859EA8A|0x086666D2|0x14219A70
0x9680DF09,village_bld_farming03_gyxbb0,rainbow,1,32,0,0,33,0,0,1,3,0.03,1,break_piece|intact|static,0x05D62268|0x0E844C45|0x14400F0B
0xA60978DC,,,0,32,0,0,32,0,0,3,3,0.03,1,static,0x01ED3D6F|0x055E9085|0x09139BCD
0xBA39E05B,,,0,32,0,0,32,0,0,1,3,0.03,1,break_piece|intact,0x0307555E|0x080D83D1|0x11640B62
0xBF4AAD1B,,,0,32,0,0,32,0,0,3,3,0.03,1,static,0x01ED3D6F|0x055E9085|0x09139BCD
0xC28A0C3F,slice1c_propdebris01,rainbow,1,32,0,32,31,0,0,3,4,9.50,1,break_piece|intact,0x09E169B3|0x0A6269EA|0x1E359C2F
0xCFCB21E5,piece1b_propdebris00,rainbow,1,32,0,32,31,0,0,3,3,7.68,1,break_piece|intact,0x020E5BB4|0x09E169B3|0x0A5D9EA3
0xD0B0CDDE,aloutpost_bld_garage01_door_boothrental_a2,rainbow,1,32,0,0,32,0,0,3,3,0.03,1,break_piece|intact,0x06B7DF09|0x0FFDE8C8|0x1A2F151C
0x08C73C5A,,,0,31,0,31,27,0,0,5,6,2.54,1,break_piece|intact,0x0065B09D|0x02195587|0x0E9502CF
0x2AE33DB8,,,0,31,0,31,27,0,0,5,6,2.54,1,break_piece|intact,0x0065B09D|0x02195587|0x0E9502CF
0x4001D72E,,,0,31,0,31,31,0,0,5,6,2.55,1,break_piece|intact,0x0065B09D|0x02195587|0x0E9502CF
0x48E02667,piece1a_propdebris29,rainbow,1,31,0,31,31,0,0,3,3,16.18,1,break_piece,0x156157E7|0x1DAC7011|0x21484E8F
0x60873362,slice1c_propdebris00,rainbow,1,31,0,31,29,0,0,3,4,9.90,1,break_piece|intact,0x09E169B3|0x0A6269EA|0x1E359C2F
0xA0858BA4,,,0,31,0,31,31,0,0,5,6,2.55,1,break_piece|intact,0x0065B09D|0x02195587|0x0E9502CF
0xB69EDE6D,piece1a_propdebris30,rainbow,1,31,0,31,31,0,0,3,3,20.69,1,break_piece,0x156157E7|0x1DAC7011|0x21484E8F
0x62135037,bone_attach_root_b,rainbow,1,30,0,0,33,1966,153,1,2,0.03,0,static,0x03C70F0A|0x0BBA3066|0x0F1C9C51
0x306D4FAF,bone_hub_mr,rainbow,1,30,0,0,0,3,1,3,4,0.03,1,break_piece|intact,0x0307555E|0x1125CB99|0x1282963C
0x3945878F,bone_wheel_mr,rainbow,1,30,0,0,0,3,1,4,5,0.03,0,break_piece|intact,0x0307555E|0x1125CB99|0x1282963C
0x88A3F431,bone_hub_ml,rainbow,1,30,0,0,0,3,1,3,4,0.03,1,break_piece|intact,0x0307555E|0x1125CB99|0x1282963C
0x917C2C11,bone_wheel_ml,rainbow,1,30,0,0,0,3,1,4,5,0.03,0,break_piece|intact,0x0307555E|0x1125CB99|0x1282963C
0x15C02DA4,magazineA,rainbow,1,30,0,0,0,0,0,1,7,0.03,1,break_piece|static,0x00E01065|0x076BED6B|0x0A069B4D
0x2D7DFEDA,slice1c_ruin,rainbow,1,30,0,30,15,0,0,2,2,41.74,0,break_piece|intact,0x09E169B3|0x179FB150|0x2A68DAEF
0x2E4BAB55,,,0,30,0,30,29,0,0,2,4,13.29,1,break_piece|intact,0x080D83D1|0x08E25CDC|0x0B76A8FC
0x3DF6AA10,magazineA_loaded,rainbow,1,30,0,34,31,0,0,2,8,2.91,1,break_piece|intact,0x00E01065|0x076BED6B|0x0A069B4D
0x96E38F39,,,0,30,0,0,30,0,0,3,3,0.03,1,break_piece|intact,0x0307555E|0x080D83D1|0x11640B62
0x9D8BCEB7,,,0,30,0,0,30,0,0,1,5,0.03,1,break_piece|intact,0x036E4F11|0x04549112|0x04CC21CD
0xB88C3B18,slice1c_propdebris02,rainbow,1,30,0,30,29,0,0,3,4,7.58,1,break_piece|intact,0x09E169B3|0x0A6269EA|0x1E359C2F
0xCF37044A,foundation,rainbow,1,30,0,1,29,0,0,1,1,183.86,0,break_piece|static,0x04549112|0x04CC21CD|0x0B7CC1B7
0x1627E091,,,0,29,0,0,29,0,0,5,5,0.03,1,static,0x01ED3D6F|0x055E9085|0x09139BCD
0x203CBF84,,,0,29,0,0,29,0,0,1,3,0.03,1,intact,0x0307555E|0x080D83D1|0x11640B62
0x3566387E,slice1a_propattach04,rainbow,1,29,0,0,0,0,0,3,3,0.03,1,break_piece,0x14219A70|0x1946F361|0x1A1B848F
0x4B01AB4F,,,0,29,0,0,29,0,0,3,3,0.03,1,break_piece|intact,0x0859EA8A|0x09E169B3|0x14219A70
0x7C13A6F1,slice1a_propattach04_pristine,rainbow,1,29,0,29,12,0,0,4,4,14.18,0,break_piece|intact,0x14219A70|0x1946F361|0x1A1B848F
0x84FDD93A,,,0,29,0,0,29,0,0,5,5,0.03,1,static,0x01ED3D6F|0x055E9085|0x09139BCD
0x8C9C5DB8,piece1a_propdebris31,rainbow,1,29,0,29,29,0,0,3,3,16.31,1,break_piece,0x156157E7|0x21484E8F|0x2A5FF32E
0xB6C4645B,piece1a_propattach02_pristine,rainbow,1,29,0,29,8,0,0,4,4,4.04,0,break_piece|intact,0x00978EE4|0x10170967|0x1F746ABF
0xBD226E53,,,0,29,0,0,30,0,0,2,3,0.03,1,break_piece|intact|static,0x25FE00A7|0x2B503BD0|0x2F4F8F3E
0xCDBE52CC,piece1b_propdebris05,rainbow,1,29,0,29,28,0,0,3,3,9.67,1,break_piece,0x020E5BB4|0x07135D3C|0x09E169B3
0xFDA4038C,piece1a_propattach02,rainbow,1,29,0,0,0,0,0,3,3,0.03,1,break_piece|intact,0x00978EE4|0x10170967|0x1F746ABF
0x2E776E19,bone_suspension,rainbow,1,28,0,0,1,8,3,3,4,8.26,1,break_piece,0x0307555E|0x080D83D1|0x11640B62
0x8A62EF6B,,,0,28,0,0,28,0,0,3,3,0.03,1,break_piece|intact,0x0307555E|0x11640B62|0x12732DD2
0x31A498CD,piece2a_pristine,rainbow,1,27,0,27,13,0,0,2,2,100.69,0,break_piece|intact,0x0A5D9EA3|0x0AAE6D5A|0x165F7C10
0x5021DD05,piece1c,rainbow,1,27,0,0,0,0,0,1,1,0.03,0,static,0x020E5BB4|0x07135D3C|0x086666D2
0x506302D2,,,0,27,0,0,0,0,0,3,3,0.03,1,break_piece,0x0307555E|0x080D83D1|0x11640B62
0x7893A99D,,,0,27,0,27,0,0,0,4,4,0.03,0,break_piece,0x0307555E|0x080D83D1|0x11640B62
0x838B8286,piece1c_ruin,rainbow,1,27,0,27,1,0,0,2,2,36.44,0,break_piece|intact,0x020E5BB4|0x07135D3C|0x086666D2
0xA930085D,,,0,27,0,0,27,0,0,5,5,0.03,1,break_piece,0x0307555E|0x080D83D1|0x11640B62
0xB325D2E0,piece1c_pristine,rainbow,1,27,0,27,16,0,0,2,2,42.37,0,break_piece|intact,0x020E5BB4|0x07135D3C|0x086666D2
0xB609A682,piece2a,rainbow,1,27,0,0,0,0,0,1,1,0.03,0,static,0x0A5D9EA3|0x0AAE6D5A|0x165F7C10
0xB7D7B2F2,,,0,27,0,27,27,0,0,6,6,2.09,0,break_piece|intact,0x0F9B9B04|0x3CAC72AB|0x46C5012C
0xBEE2CEC1,,,0,27,0,0,0,0,0,5,5,0.03,1,break_piece,0x0F9B9B04|0x3CAC72AB|0x46C5012C
0xC043B7C5,hp_seat_rm,rainbow,1,27,0,0,27,0,0,3,6,0.03,1,break_piece|intact,0x02D1FC23|0x044EDB9C|0x10A1D397
0xC15EFEE7,,,0,27,0,0,27,0,0,3,3,0.03,1,break_piece|intact,0x0FFDE8C8|0x1CFDCEC5|0x1D5D24CE
0xC436EC3D,,,0,27,0,0,27,0,0,5,5,0.03,1,break_piece,0x0307555E|0x080D83D1|0x11640B62
0xCADD5E5C,,,0,27,0,27,22,0,0,5,6,8.95,1,break_piece,0x06D5DB5A|0x1946F361|0x1A1B848F
0xD56198B4,,,0,27,0,27,22,0,0,6,6,2.10,0,break_piece|intact,0x0F9B9B04|0x3CAC72AB|0x46C5012C
0xD8092CF6,,,0,27,0,27,27,0,0,3,7,7.13,1,break_piece|intact,0x02195587|0x0E9502CF|0x10A1D397
0xE7BC3D23,piece1b_propdebris06,rainbow,1,27,0,27,26,0,0,3,3,13.58,1,break_piece,0x07135D3C|0x09E169B3|0x0A5D9EA3
0x1699655F,piece1a_propdebris32,rainbow,1,26,0,26,26,0,0,3,3,15.02,1,break_piece,0x156157E7|0x21484E8F|0x2A5FF32E
0x16BACC34,,,0,26,0,0,26,0,0,5,6,13.19,0,break_piece|intact,0x00978EE4|0x020E5BB4|0x05D62268
0x3E98F9C2,slice2a_propdebris01,rainbow,1,26,0,26,26,0,0,3,4,10.22,1,break_piece|intact,0x036E4F11|0x06D5DB5A|0x1976B149
0x4A88A430,bone_wind0,rainbow,1,26,0,0,18,0,0,4,5,0.03,1,intact,0x04817CD7|0x0485FA05|0x04E1DED8
0x85F3B787,slice2b_propdebris01,rainbow,1,26,0,26,26,0,0,3,4,6.52,1,break_piece|intact,0x036E4F11|0x06D5DB5A|0x1976B149
0xC5B9C906,piece1b_propdebris07,rainbow,1,26,0,26,24,0,0,3,3,12.30,1,break_piece,0x07135D3C|0x09E169B3|0x0A5D9EA3
0xD74AE95C,hp_barreltip_b,rainbow,1,26,0,0,26,0,0,1,6,0.03,1,break_piece|intact,0x0307555E|0x0C95FF35|0x11640B62
0x502B8BCC,,,0,25,0,0,25,0,0,5,5,0.03,1,break_piece,0x00978EE4|0x0859EA8A|0x199ABE01
0x518DB502,L12_big1,rainbow,1,25,0,0,25,0,0,5,6,13.19,0,break_piece|intact,0x00978EE4|0x020E5BB4|0x05D62268
0x57187C9D,,,0,25,0,0,25,0,0,3,4,0.03,1,break_piece|intact,0x02D1FC23|0x044EDB9C|0x0C95FF35
0x6DF16930,,,0,25,0,0,26,0,0,4,4,0.03,1,break_piece,0x0485FA05|0x04E1DED8|0x0A362710
0xA468D3CD,,,0,25,0,0,25,0,0,5,5,0.03,1,break_piece,0x0A6269EA|0x149FC407|0x1E359C2F
0xD510F432,,,0,25,0,0,25,0,0,3,4,0.03,1,break_piece|intact,0x02D1FC23|0x044EDB9C|0x0C95FF35
0xE7BD7C3C,,,0,25,0,0,25,0,0,5,5,0.03,1,break_piece|intact,0x149FC407|0x1E359C2F|0x2F967F03
0x064C8A45,,,0,24,0,0,24,0,0,4,4,0.03,1,break_piece,0x036E4F11|0x06D5DB5A|0x149FC407
0x0735B220,,,0,24,0,0,0,0,0,4,5,0.03,1,break_piece,0x02195587|0x12181179|0x1282963C
0x2EB34FC4,slice1c_propattach00,rainbow,1,24,0,0,0,0,0,3,3,0.03,1,break_piece|intact,0x2A68DAEF|0x2B503BD0|0x2F1F099B
0x43E3FA2A,,,0,24,0,0,24,0,0,4,4,0.03,1,break_piece|intact,0x0A6269EA|0x149FC407|0x1E359C2F
0x4EBED574,,,0,24,0,24,16,0,0,5,5,17.75,1,break_piece,0x086666D2|0x140400C1|0x1946F361
0x6A6BF7D3,hp_dock_fm,rainbow,1,24,0,0,24,0,0,1,4,0.03,1,break_piece|intact,0x02D1FC23|0x044EDB9C|0x080D83D1
0x7C7E7784,village_bld_farming03_gyxbb1,rainbow,1,24,0,0,24,0,0,3,3,0.03,1,break_piece|intact,0x05D62268|0x0E844C45|0x2A6E963C
0x7DA20487,,,0,24,0,24,12,0,0,5,6,2.34,1,break_piece|intact,0x02195587|0x12181179|0x1282963C
0x83364907,piece1b_propdebris11,rainbow,1,24,0,24,23,0,0,3,3,7.97,1,break_piece|intact,0x07135D3C|0x09E169B3|0x167D449D
0x951DE16C,,,0,24,0,0,24,0,0,4,4,0.03,1,break_piece,0x036E4F11|0x06D5DB5A|0x149FC407
0x99F51FD4,piece1a_propattach01_ruin,rainbow,1,24,0,24,1,0,0,4,5,1.70,1,break_piece,0x1F746ABF|0x274DBD01|0x37DC6DFD
0xB22F2169,,,0,24,0,24,24,0,0,5,6,2.34,1,break_piece|intact,0x02195587|0x12181179|0x1282963C
0xC327E809,piece3a,rainbow,1,24,0,0,0,0,0,1,1,0.03,1,static,0x184188DA|0x199ABE01|0x2EB3F3AE
0xC9E4272C,piece3a_pristine,rainbow,1,24,0,24,22,0,0,2,2,20.86,0,break_piece|intact,0x184188DA|0x199ABE01|0x2EB3F3AE
0xCCD03ACB,piece2a_ruin,rainbow,1,24,0,24,2,0,0,2,2,87.50,0,break_piece|intact,0x0A5D9EA3|0x165F7C10|0x199ABE01
0xF8A9D6C3,slice1c_propattach00_pristine,rainbow,1,24,0,24,8,0,0,4,4,12.96,0,break_piece|intact,0x2A68DAEF|0x2B503BD0|0x2F1F099B
0x11C76006,,,0,23,0,23,20,0,0,5,5,27.78,1,break_piece,0x1C793E11|0x25BB5EA6|0x2C31E48A
0x1B239F64,hp_wheel_fr,rainbow,1,23,0,0,23,0,0,3,3,0.03,1,break_piece,0x080D83D1|0x11640B62|0x12732DD2
0x209B091F,slice2a_propdebris00,rainbow,1,23,0,23,23,0,0,3,4,8.41,1,break_piece|intact,0x036E4F11|0x06D5DB5A|0x1976B149
0x2C4AB49F,,,0,23,0,0,27,0,0,1,1,0.03,1,static,0x00E01065|0x076BED6B|0x0A069B4D
0x3944CD23,,,0,23,0,0,24,0,0,4,4,0.03,1,break_piece,0x0485FA05|0x04E1DED8|0x0A362710
0x3B64791A,hp_wheel_fl,rainbow,1,23,0,0,23,0,0,3,3,0.03,1,break_piece,0x080D83D1|0x11640B62|0x12732DD2
0x43FB8CD9,hp_wheel_mr,rainbow,1,23,0,0,23,0,0,3,3,0.03,1,break_piece,0x080D83D1|0x11640B62|0x12732DD2
0x45FA1E83,slice1b_propattach04,rainbow,1,23,0,0,0,0,0,3,3,0.03,1,break_piece,0x0859EA8A|0x086666D2|0x14219A70
0x5124FB31,hp_seat_fm,rainbow,1,23,0,0,23,0,0,1,4,0.03,1,break_piece|intact,0x02D1FC23|0x044EDB9C|0x0C95FF35
0x51CD703F,,,0,23,0,23,20,0,0,5,6,9.36,1,break_piece,0x35762845|0x37C55962|0x37DC6DFD
0x529144D4,,,0,23,0,0,23,0,0,4,6,2.44,1,break_piece|intact,0x12181179|0x1A221527|0x1CE8F54F
0x5768AC9B,slice1a_propattach05,rainbow,1,23,0,0,0,0,0,3,3,0.03,1,break_piece,0x1946F361|0x1A1B848F|0x2171B6D7
0x5BF5B400,slice2b_propdebris02,rainbow,1,23,0,23,23,0,0,3,4,6.51,1,break_piece|intact,0x036E4F11|0x06D5DB5A|0x1976B149
0x61C07AE1,,,0,23,0,0,23,0,0,5,5,0.03,1,break_piece|intact,0x0A6269EA|0x149FC407|0x1E359C2F
0x63F1436A,slice2b_propdebris00,rainbow,1,23,0,23,23,0,0,3,4,9.00,1,break_piece|intact,0x036E4F11|0x06D5DB5A|0x1976B149
0x648EA53A,piece3a_ruin,rainbow,1,23,0,23,2,0,0,2,2,15.61,1,break_piece,0x184188DA|0x199ABE01|0x2EB3F3AE
0x6BECC147,hp_wheel_ml,rainbow,1,23,0,0,23,0,0,3,3,0.03,1,break_piece,0x080D83D1|0x11640B62|0x12732DD2
0x8DE5AD74,magazineA_prop,rainbow,1,23,0,25,26,0,0,1,2,0.74,1,break_piece|intact,0x00E01065|0x0A069B4D|0x0ECC2929
0x9A7E9F50,hp_wheel_rr,rainbow,1,23,0,0,23,0,0,3,3,0.03,1,break_piece,0x080D83D1|0x11640B62|0x12732DD2
0x9C0662AA,slice1b_propattach04_pristine,rainbow,1,23,0,23,17,0,0,4,4,26.00,0,break_piece|intact,0x0859EA8A|0x086666D2|0x14219A70
0xAC7D2769,,,0,23,0,0,24,0,0,4,4,0.03,1,break_piece,0x04E1DED8|0x0A362710|0x0EDFAFFF
0xC0A0822D,slice2a_propdebris02,rainbow,1,23,0,23,23,0,0,3,4,9.93,1,break_piece|intact,0x036E4F11|0x06D5DB5A|0x1976B149
0xD6136FD2,slice1a_propattach05_pristine,rainbow,1,23,0,23,6,0,0,4,4,10.50,0,break_piece|intact,0x1946F361|0x1A1B848F|0x2171B6D7
0xE28EBBCD,slice1c_propdebris03,rainbow,1,23,0,23,22,0,0,3,4,6.59,1,break_piece|intact,0x09E169B3|0x0A6269EA|0x1E359C2F
0xF2B7BF29,aloutpost_bld_garage01_door_boothrental_a1,rainbow,1,23,0,0,23,0,0,3,3,0.03,1,break_piece|intact,0x0FFDE8C8|0x1A2F151C|0x1CFDCEC5
0xFA3401BE,hp_wheel_rl,rainbow,1,23,0,0,23,0,0,3,3,0.03,1,break_piece,0x080D83D1|0x11640B62|0x12732DD2
0x16555E9E,,,0,22,0,0,0,0,0,4,5,0.03,1,break_piece,0x0F9B9B04|0x155C8246|0x1623BB16
0x18E82AF4,,,0,22,0,17,0,0,0,4,4,0.03,1,break_piece,0x0A6269EA|0x149FC407|0x1E359C2F
0x34975602,piece1a_propdebris33,rainbow,1,22,0,22,22,0,0,3,3,22.46,1,break_piece,0x156157E7|0x21484E8F|0x2A5FF32E
0x369F32B0,,,0,22,0,0,0,0,0,4,5,0.03,1,break_piece,0x0F9B9B04|0x155C8246|0x1623BB16
0x45B48258,piece1b_propdebris09,rainbow,1,22,0,22,21,0,0,3,3,11.23,1,break_piece,0x07135D3C|0x09E169B3|0x11C2DEF9
0x510DCB96,,,0,22,0,22,1,0,0,2,2,6.57,0,break_piece|intact,0x0307555E|0x11640B62|0x12732DD2
0x519A6957,,,0,22,0,22,22,0,0,5,6,0.73,0,intact,0x0F9B9B04|0x155C8246|0x1623BB16
0x54C595F0,,,0,22,0,22,0,0,0,2,2,0.03,1,break_piece|intact,0x0307555E|0x11640B62|0x12732DD2
0x86F3AF11,,,0,22,0,22,0,0,0,5,6,0.69,1,break_piece,0x0F9B9B04|0x155C8246|0x1623BB16
0xAB1C12F9,,,0,22,0,22,22,0,0,5,6,0.72,0,intact,0x0F9B9B04|0x155C8246|0x1623BB16
0xC851B695,,,0,22,0,0,0,0,0,1,1,0.03,0,static,0x0307555E|0x11640B62|0x12732DD2
0xD813B095,,,0,22,0,0,22,0,0,4,4,0.03,1,break_piece|intact,0x0A6269EA|0x149FC407|0x1E359C2F
0xDAA69FE4,,,0,22,0,0,22,0,0,5,5,0.03,1,break_piece,0x0A6269EA|0x149FC407|0x1E359C2F
0xF3052D7D,,,0,22,0,0,22,0,0,4,4,0.03,1,break_piece|intact,0x036E4F11|0x06D5DB5A|0x149FC407
0xFBF9E897,,,0,22,0,22,0,0,0,5,6,0.69,0,break_piece,0x0F9B9B04|0x155C8246|0x1623BB16
0x0B96B8E9,hp_fx_light4,rainbow,1,21,0,0,21,0,0,1,5,0.03,1,break_piece|intact,0x0859EA8A|0x149FC407|0x199ABE01
0x1CA2D2DE,,,0,21,0,0,21,0,0,5,6,1.61,1,break_piece|intact,0x19676216|0x3CAC72AB|0x46C5012C
0x225A6C79,hp_ladder_bottom_b,rainbow,1,21,0,0,21,0,0,1,4,0.03,1,break_piece|intact,0x13A86EF7|0x16970F43|0x1A74D3EE
0x2C8ECA6B,,,0,21,0,0,21,0,0,4,6,2.44,1,break_piece|intact,0x12181179|0x1A221527|0x1CE8F54F
0x3CD3285F,hp_ladder_top_b,rainbow,1,21,0,0,21,0,0,1,4,0.03,1,break_piece|intact,0x13A86EF7|0x16970F43|0x1A74D3EE
0x4A8CBB0E,,,0,21,0,0,21,0,0,4,6,2.44,1,break_piece|intact,0x12181179|0x1A221527|0x1CE8F54F
0x4BC46491,,,0,21,0,0,21,0,0,3,3,0.03,1,break_piece|intact,0x086666D2|0x1A1B848F|0x232B1C7C
0x590DD043,slice1b_propattach01_ruin,rainbow,1,21,0,21,6,0,0,4,4,19.69,1,break_piece|intact,0x1946F361|0x232B1C7C|0x2B503BD0
0x6133D4EA,piece1b_propdebris10,rainbow,1,21,0,21,20,0,0,3,3,9.93,1,break_piece|intact,0x07135D3C|0x09E169B3|0x23AA3AEC
0x6FB7030D,piece1b_propdebris08,rainbow,1,21,0,21,20,0,0,3,3,12.53,1,break_piece,0x07135D3C|0x09E169B3|0x23AA3AEC
0x98F9228D,,,0,21,0,0,21,0,0,3,4,0.03,1,break_piece,0x04817CD7|0x0485FA05|0x04E1DED8
0xA445343A,,,0,21,0,0,21,0,0,4,4,0.03,1,break_piece,0x036E4F11|0x06D5DB5A|0x149FC407
0xDC46ECEA,,,0,21,0,0,22,0,0,4,4,79.06,0,intact,0x04817CD7|0x0485FA05|0x156B1738
0xE63328C2,,,0,21,0,0,21,0,0,4,4,0.03,1,break_piece|intact,0x036E4F11|0x06D5DB5A|0x149FC407
0xEA779C71,slice1a_propattach02_ruin,rainbow,1,21,0,21,2,0,0,4,4,5.84,1,break_piece,0x0859EA8A|0x140400C1|0x1946F361
0x21E03734,bone_hub_l_01,rainbow,1,20,0,0,0,5,2,4,4,0.03,1,break_piece,0x080D83D1|0x11640B62|0x12732DD2
0x3CAF167F,bone_hub_r_04,rainbow,1,20,0,0,0,5,2,4,4,0.03,1,break_piece,0x080D83D1|0x11640B62|0x12732DD2
0x52A26D2E,bone_hub_r_01,rainbow,1,20,0,0,0,5,2,4,4,0.03,1,break_piece,0x080D83D1|0x11640B62|0x12732DD2
0x6E51170E,bone_wheel_r_01,rainbow,1,20,0,0,0,5,2,5,5,0.03,0,break_piece,0x080D83D1|0x11640B62|0x12732DD2
0x7655A0D4,bone_wheel_r_03,rainbow,1,20,0,0,0,5,2,5,5,0.03,0,break_piece,0x080D83D1|0x11640B62|0x12732DD2
0x79E9BC18,bone_hub_l_05,rainbow,1,20,0,0,0,5,2,4,4,0.03,1,break_piece,0x080D83D1|0x11640B62|0x12732DD2
0x959865F8,bone_wheel_l_05,rainbow,1,20,0,0,0,5,2,5,5,0.03,0,break_piece,0x080D83D1|0x11640B62|0x12732DD2
0x99DAE3EE,bone_hub_l_03,rainbow,1,20,0,0,0,5,2,4,4,0.03,1,break_piece,0x080D83D1|0x11640B62|0x12732DD2
0xA3EC3CCD,bone_hub_l_04,rainbow,1,20,0,0,0,5,2,4,4,0.03,1,break_piece,0x080D83D1|0x11640B62|0x12732DD2
0xB4A9C339,bone_hub_r_02,rainbow,1,20,0,0,0,5,2,4,4,0.03,1,break_piece,0x080D83D1|0x11640B62|0x12732DD2
0xB5898DCE,bone_wheel_l_03,rainbow,1,20,0,0,0,5,2,5,5,0.03,0,break_piece,0x080D83D1|0x11640B62|0x12732DD2
0xBD8E1794,bone_wheel_l_01,rainbow,1,20,0,0,0,5,2,5,5,0.03,0,break_piece,0x080D83D1|0x11640B62|0x12732DD2
0xBF9AE6AD,bone_wheel_l_04,rainbow,1,20,0,0,0,5,2,5,5,0.03,0,break_piece,0x080D83D1|0x11640B62|0x12732DD2
0xD0586D19,bone_wheel_r_02,rainbow,1,20,0,0,0,5,2,5,5,0.03,0,break_piece,0x080D83D1|0x11640B62|0x12732DD2
0xD85CF6DF,bone_wheel_r_04,rainbow,1,20,0,0,0,5,2,5,5,0.03,0,break_piece,0x080D83D1|0x11640B62|0x12732DD2
0xDAA7C074,bone_hub_r_03,rainbow,1,20,0,0,0,5,2,4,4,0.03,1,break_piece,0x080D83D1|0x11640B62|0x12732DD2
0xDAAC3DA2,bone_hub_r_05,rainbow,1,20,0,0,0,5,2,4,4,0.03,1,break_piece,0x080D83D1|0x11640B62|0x12732DD2
0xF65AE782,bone_wheel_r_05,rainbow,1,20,0,0,0,5,2,5,5,0.03,0,break_piece,0x080D83D1|0x11640B62|0x12732DD2
0xFBDDBCCB,bone_hub_l_02,rainbow,1,20,0,0,0,5,2,4,4,0.03,1,break_piece,0x080D83D1|0x11640B62|0x12732DD2
0x978B9D2B,bone_wheel_l_02,rainbow,1,20,0,0,0,1,1,5,5,0.03,0,break_piece,0x080D83D1|0x11640B62|0x12732DD2
0x0E94DB99,piece1a_propdebris34,rainbow,1,20,0,20,20,0,0,3,3,13.79,1,break_piece|intact,0x156157E7|0x2A5FF32E|0x2FC38412
0x22614B62,,,0,20,0,0,20,0,0,5,5,0.03,1,break_piece,0x0A6269EA|0x149FC407|0x1E359C2F
0x3E383078,,,0,20,0,0,20,0,0,4,4,0.03,1,break_piece|intact,0x036E4F11|0x06D5DB5A|0x149FC407
0x59384580,piece1b_propdebris12,rainbow,1,20,0,20,19,0,0,3,3,8.28,1,break_piece|intact,0x09E169B3|0x167D449D|0x3649DBF2
0x59DB5579,hp_gunmount_a,rainbow,1,20,0,0,19,0,0,4,8,0.43,1,break_piece|intact,0x0065B09D|0x0927AEBC|0x12181179
0x6BFD7FA4,piece1a_propattach03_pristine,rainbow,1,20,0,20,7,0,0,4,4,4.84,0,break_piece|intact,0x00978EE4|0x27D928EF|0x3FF2692D
0x77A70231,piece1a_propattach03,rainbow,1,20,0,0,0,0,0,3,3,0.03,1,break_piece|intact,0x00978EE4|0x27D928EF|0x3FF2692D
0xADC7264F,hp_dock_rm,rainbow,1,20,0,0,20,0,0,3,5,0.03,1,break_piece|intact,0x02D1FC23|0x044EDB9C|0x12181179
0xB3FC7889,oilrig_details_01_ia_551,rainbow,1,20,0,0,20,0,0,5,5,1.13,0,break_piece,0x00978EE4|0x020E5BB4|0x05D62268
0xB7F60973,L1_big,rainbow,1,20,0,0,20,0,0,5,5,1.13,0,break_piece,0x00978EE4|0x020E5BB4|0x05D62268
0xC945B282,slice2b_ruin,rainbow,1,20,0,20,11,0,0,2,2,86.52,0,break_piece|intact,0x0B7CC1B7|0x14448C39|0x4F3C5FBE
0xD4CE4AB0,,,0,20,0,20,17,0,0,5,6,9.36,1,break_piece,0x1F746ABF|0x274DBD01|0x37DC6DFD
0x029BC1C6,,,0,19,0,0,19,0,0,4,4,0.03,1,break_piece,0x04E1DED8|0x0A362710|0x0EDFAFFF
0x04492AA0,,,0,19,0,19,19,0,0,2,4,13.22,1,break_piece|intact,0x07B982D6|0x08E25CDC|0x0B76A8FC
0x06480D17,,,0,19,0,0,19,0,0,4,4,0.03,1,break_piece,0x036E4F11|0x06D5DB5A|0x149FC407
0x1D1A949D,slice1d_pristine,rainbow,1,19,0,19,4,0,0,2,2,158.21,0,break_piece|intact,0x04CC21CD|0x09E169B3|0x1A74D3EE
0x3D78CE21,,,0,19,0,0,19,0,0,5,5,0.03,1,break_piece,0x036E4F11|0x06D5DB5A|0x149FC407
0x44A2FFFF,slice2a_ruin,rainbow,1,19,0,19,9,0,0,2,2,48.05,0,break_piece|intact,0x0B7CC1B7|0x14448C39|0x2171B6D7
0x65EAEB75,,,0,19,0,0,19,0,0,4,4,0.03,1,break_piece,0x0A6269EA|0x149FC407|0x1E359C2F
0x683AB12D,,,0,19,0,0,19,0,0,4,4,0.03,1,break_piece|intact,0x036E4F11|0x06D5DB5A|0x149FC407
0x7E8ACAC3,slice1a_propattach06_pristine,rainbow,1,19,0,19,9,0,0,4,4,2.19,0,break_piece|intact,0x1946F361|0x1A1B848F|0x2171B6D7
0x833AC635,piece1b_propdebris13,rainbow,1,19,0,19,18,0,0,3,3,27.82,1,break_piece|intact,0x09E169B3|0x167D449D|0x3649DBF2
0x93CEE871,,,0,19,0,19,16,0,0,5,5,11.88,1,break_piece,0x1C793E11|0x25BB5EA6|0x2E3C0B49
0x98B7F07C,,,0,19,0,17,0,0,0,4,4,0.03,0,break_piece,0x036E4F11|0x06D5DB5A|0x149FC407
0xB7190B95,,,0,19,0,0,19,0,0,1,3,0.03,1,break_piece|intact,0x38274BD1|0x3A1B2723|0x3B2D59B4
0xBD6B8BC4,slice1a_propattach06,rainbow,1,19,0,0,0,0,0,3,3,0.03,1,break_piece,0x1946F361|0x1A1B848F|0x2171B6D7
0xC4432BD2,slice1d,rainbow,1,19,0,0,0,0,0,1,1,0.03,0,static,0x04CC21CD|0x09E169B3|0x1A74D3EE
0xC4DF9381,,,0,19,0,19,15,0,0,5,6,7.86,1,break_piece,0x06D5DB5A|0x232B1C7C|0x2BD9F929
0xCA2E8A71,,,0,19,0,0,19,0,0,5,5,0.03,1,break_piece,0x00978EE4|0x0859EA8A|0x199ABE01
0xCC0E3F83,bone_pitch_barrel,rainbow,1,18,0,0,0,8,3,4,7,8.19,1,break_piece|intact,0x0307555E|0x11640B62|0x12732DD2
0x083EC7C4,,,0,18,0,0,18,0,0,5,5,0.03,1,break_piece,0x036E4F11|0x06D5DB5A|0x149FC407
0x1A951889,slice1b_propattach05_pristine,rainbow,1,18,0,18,10,0,0,4,4,23.88,0,break_piece|intact,0x0859EA8A|0x086666D2|0x1A1B848F
0x1EF1DFCA,,,0,18,0,0,18,0,0,3,4,0.03,1,break_piece,0x04817CD7|0x0485FA05|0x04E1DED8
0x201ED1FD,,,0,18,0,18,10,0,0,5,5,5.70,1,break_piece,0x0859EA8A|0x140400C1|0x1946F361
0x23F7AA66,slice1b_propattach05,rainbow,1,18,0,0,0,0,0,3,3,0.03,1,break_piece,0x0859EA8A|0x086666D2|0x1A1B848F
0x24A6A428,,,0,18,0,17,0,0,0,4,4,0.03,0,break_piece,0x036E4F11|0x06D5DB5A|0x149FC407
0x342C3BB7,,,0,18,0,18,18,0,0,6,7,2.29,1,break_piece,0x0E9502CF|0x0F9B9B04|0x179A7702
0x348642F7,bone_wind3,rainbow,1,18,0,0,18,0,0,4,6,0.03,1,intact,0x04E1DED8|0x0EDFAFFF|0x24D306AE
0x38112EED,piece2b,rainbow,1,18,0,0,0,0,0,1,1,0.03,0,static,0x0A5D9EA3|0x199ABE01|0x23AA3AEC
0x4CC628FA,bone_bluron,rainbow,1,18,0,0,18,0,0,2,8,47.03,1,break_piece|intact,0x07B982D6|0x0B76A8FC|0x1CE8F54F
0x79296D56,piece1b_propdebris14,rainbow,1,18,0,18,17,0,0,3,3,27.82,1,break_piece|intact,0x09E169B3|0x167D449D|0x3649DBF2
0x7CF0FF2E,piece2b_ruin,rainbow,1,18,0,18,2,0,0,2,2,51.84,0,break_piece|intact,0x0A5D9EA3|0x199ABE01|0x23AA3AEC
0xA947A202,,,0,18,0,0,18,0,0,3,3,0.03,1,break_piece,0x11640B62|0x12732DD2|0x13709C60
0xF1945164,hp_fx_light5,rainbow,1,18,0,0,18,0,0,1,5,0.03,1,break_piece|intact|static,0x04ED3522|0x149FC407|0x2C31E48A
0xF19CE5B8,piece2b_pristine,rainbow,1,18,0,18,6,0,0,2,2,52.34,0,break_piece|intact,0x0A5D9EA3|0x199ABE01|0x23AA3AEC
0xFE4DDE35,,,0,18,0,0,19,0,0,4,4,75.83,0,intact,0x04817CD7|0x0485FA05|0x156B1738
0x63484DB7,bone_door_fl,rainbow,1,17,0,0,17,23,3,1,5,4.34,1,break_piece|intact,0x07B982D6|0x13A86EF7|0x1CE8F54F
0x167B985B,village_bld_farming03_gyxbb2,rainbow,1,17,0,0,17,0,0,3,3,0.03,1,break_piece|intact,0x05D62268|0x0E844C45|0x2A6E963C
0x183BA002,,,0,17,0,0,0,0,0,4,5,0.03,1,break_piece,0x0F9B9B04|0x12181179|0x1623BB16
0x24A75CA4,,,0,17,0,0,17,0,0,5,6,1.61,1,break_piece|intact,0x19676216|0x3CAC72AB|0x4A579010
0x2C9F4CEC,bone_bluroff,rainbow,1,17,0,0,17,0,0,5,8,42.12,1,break_piece|intact,0x07B982D6|0x0B76A8FC|0x1CE8F54F
0x3793C74B,,,0,17,0,17,17,0,0,5,6,2.19,0,break_piece|intact,0x0F9B9B04|0x12181179|0x1623BB16
0x3EA9C429,,,0,17,0,0,17,0,0,5,6,1.61,1,break_piece|intact,0x19676216|0x3CAC72AB|0x4A579010
0x48E8FDAB,,,0,17,0,17,12,0,0,5,6,2.08,0,break_piece|intact,0x0F9B9B04|0x12181179|0x1623BB16
0x61CC5241,,,0,17,0,0,17,0,0,3,4,0.03,1,break_piece|intact,0x07B982D6|0x08E25CDC|0x0E9502CF
0x6278B755,,,0,17,0,17,17,0,0,5,6,2.19,0,break_piece|intact,0x0F9B9B04|0x12181179|0x1623BB16
0x8AEFFE2D,,,0,17,0,0,17,0,0,5,5,0.03,1,break_piece,0x036E4F11|0x06D5DB5A|0x149FC407
0x8E346D4D,,,0,17,0,17,12,0,0,5,6,2.08,0,break_piece|intact,0x0F9B9B04|0x12181179|0x1623BB16
0x9822D19C,,,0,17,0,0,0,0,0,4,5,0.03,1,break_piece,0x0F9B9B04|0x12181179|0x1623BB16
0x99C5121B,,,0,17,0,0,17,0,0,5,6,1.92,0,break_piece|intact,0x1A221527|0x32150ACF|0x3CAC72AB
0xA92E4168,bone_wheel_f,rainbow,1,17,0,0,16,0,0,3,7,1.87,1,break_piece|intact,0x10A1D397|0x18674F1F|0x19E2962E
0xB4920F54,piece1a_propdebris35,rainbow,1,17,0,17,17,0,0,3,3,16.51,1,break_piece|intact,0x156157E7|0x2A5FF32E|0x2FC38412
0xBB89BF5A,,,0,17,0,0,17,0,0,1,5,0.03,1,break_piece|intact,0x036E4F11|0x04CC21CD|0x1946F361
0xC50199B0,,,0,17,0,0,17,0,0,5,5,0.03,1,break_piece,0x036E4F11|0x06D5DB5A|0x149FC407
0xD8D845C7,piece1b_interior,rainbow,1,17,0,17,17,0,0,3,3,36.80,0,break_piece|intact,0x020E5BB4|0x09E169B3|0x23AA3AEC
0xF096CB62,,,0,17,0,0,17,0,0,3,3,0.03,1,break_piece|intact,0x0307555E|0x11640B62|0x12732DD2
0x7B07CC29,bone_door_fr,rainbow,1,16,0,0,16,42,3,1,5,4.30,1,break_piece|intact,0x07B982D6|0x13A86EF7|0x1CE8F54F
0x012EC09C,piece1b_propdebris16,rainbow,1,16,0,16,15,0,0,3,3,27.82,1,break_piece|intact,0x167D449D|0x3649DBF2|0x493FD997
0x041259C2,,,0,16,0,0,16,0,0,5,5,0.03,1,break_piece,0x036E4F11|0x06D5DB5A|0x149FC407
0x05F65F7E,bone_tailbluroff,rainbow,1,16,0,0,16,0,0,5,8,11.47,0,break_piece|intact,0x07B982D6|0x0B76A8FC|0x1CE8F54F
0x151150CA,,,0,16,0,0,16,0,0,1,3,0.03,1,break_piece|intact,0x38274BD1|0x3A1B2723|0x3B2D59B4
0x19CA58C9,,,0,16,0,0,16,0,0,5,6,1.92,1,break_piece|intact,0x1A221527|0x32150ACF|0x3CAC72AB
0x30833E3B,HP_INT_A,rainbow,1,16,0,0,16,0,0,1,1,0.03,1,static,0x1096C128|0x1CC5014C|0x1D20E058
0x3A08AFD8,slice2a_propattach00_pristine,rainbow,1,16,0,16,4,0,0,4,4,10.41,0,break_piece|intact,0x2171B6D7|0x2F4F8F3E|0x36A0A401
0x3BE86AC0,,,0,16,0,0,16,0,0,4,4,0.03,1,break_piece,0x0A6269EA|0x149FC407|0x1E359C2F
0x42D80B16,,,0,16,0,16,12,0,0,5,6,8.61,1,break_piece,0x06D5DB5A|0x232B1C7C|0x2BD9F929
0x48B5B749,slice1c_propattach01,rainbow,1,16,0,0,0,0,0,3,3,0.03,1,break_piece|intact,0x2A68DAEF|0x2B503BD0|0x2F1F099B
0x4C02246C,slice1c_propattach01_pristine,rainbow,1,16,0,16,7,0,0,4,4,4.84,0,break_piece|intact,0x2A68DAEF|0x2B503BD0|0x2F1F099B
0x750A4CAD,,,0,16,0,0,16,0,0,2,4,0.03,1,break_piece|intact,0x1CE8F54F|0x22435EEA|0x24E160F5
0x8464243F,,,0,16,0,0,16,0,0,5,5,0.03,1,break_piece,0x0A6269EA|0x149FC407|0x1E359C2F
0x892CF579,hp_grapple,rainbow,1,16,0,0,16,0,0,3,4,0.03,1,break_piece|intact,0x07B982D6|0x1CE8F54F|0x22435EEA
0x9B47BF8D,slice2a_propattach00,rainbow,1,16,0,0,0,0,0,3,3,0.03,1,break_piece|intact,0x2171B6D7|0x2F4F8F3E|0x36A0A401
0xBB2F3720,,,0,16,0,0,16,0,0,2,3,0.03,1,break_piece|intact,0x25FE00A7|0x2B503BD0|0x2F4F8F3E
0xBFC7929E,,,0,16,0,15,0,0,0,4,4,0.03,0,break_piece,0x036E4F11|0x06D5DB5A|0x149FC407
0xC0657B1C,bone_tailbluron,rainbow,1,16,0,0,16,0,0,5,8,12.20,0,break_piece|intact,0x07B982D6|0x0B76A8FC|0x1CE8F54F
0xC9495047,,,0,16,0,0,16,0,0,4,4,0.03,1,break_piece,0x04E1DED8|0x0EDFAFFF|0x156B1738
0xC99DC09D,,,0,16,0,0,16,0,0,2,4,0.03,1,break_piece|intact,0x1CE8F54F|0x22435EEA|0x24E160F5
0xD03BD929,slice1a_propdebris05,rainbow,1,16,0,16,16,0,0,3,4,7.88,1,break_piece|intact,0x1E359C2F|0x227708EC|0x2B64CF66
0xDB2C4633,piece1b_propdebris15,rainbow,1,16,0,16,15,0,0,3,3,27.82,1,break_piece|intact,0x167D449D|0x3649DBF2|0x6B3A45A6
0xF302C442,,,0,16,0,0,16,0,0,2,4,0.03,1,break_piece|intact,0x1CE8F54F|0x22435EEA|0x24E160F5
0xFACD3A87,,,0,16,0,0,16,0,0,5,5,0.03,1,break_piece,0x036E4F11|0x06D5DB5A|0x149FC407
0xFFC7F144,,,0,16,0,0,16,0,0,5,6,1.92,0,break_piece|intact,0x1A221527|0x32150ACF|0x3CAC72AB
0x8C0EE937,bone_door_ruin,rainbow,1,15,0,0,15,1,1,3,4,2.16,1,break_piece|intact,0x07B982D6|0x13709C60|0x16497BF1
0x1367778B,,,0,15,0,15,12,0,0,5,5,8.07,1,break_piece,0x1946F361|0x232B1C7C|0x2B503BD0
0x17664A2B,,,0,15,0,15,0,0,0,4,6,19.76,0,intact,0x1CE8F54F|0x22435EEA|0x3177639B
0x1D4F731C,,,0,15,0,0,0,0,0,3,5,0.03,1,break_piece,0x1CE8F54F|0x22435EEA|0x3177639B
0x33289B09,,,0,15,0,0,15,0,0,5,8,0.03,1,break_piece,0x1CE8F54F|0x22435EEA|0x3177639B
0x34A47484,L3_medium,rainbow,1,15,0,0,15,0,0,5,6,1.61,1,break_piece|intact,0x3CAC72AB|0x46C5012C|0x4A6BC856
0x3D309B49,piece1d_pristine,rainbow,1,15,0,15,8,0,0,2,2,80.73,0,break_piece|intact,0x020E5BB4|0x07135D3C|0x14219A70
0x46108426,piece1d,rainbow,1,15,0,0,0,0,0,1,1,0.03,0,static,0x020E5BB4|0x07135D3C|0x14219A70
0x6C4F57DE,slice1a_propattach03_ruin,rainbow,1,15,0,15,1,0,0,4,4,2.61,0,break_piece|intact,0x1946F361|0x1A1B848F|0x25BB5EA6
0x7589A4A9,,,0,15,0,0,15,0,0,1,3,0.03,1,break_piece|intact|static,0x14400F0B|0x383D01E1|0x5D108EF2
0x78CCA6A3,,,0,15,0,15,15,0,0,4,6,7.81,1,intact,0x1CE8F54F|0x22435EEA|0x3177639B
0x87D972A4,,,0,15,0,0,0,0,0,3,5,0.03,1,break_piece,0x1CE8F54F|0x22435EEA|0x3177639B
0x87F15893,,,0,15,0,0,15,0,0,5,5,0.03,1,break_piece|intact,0x25BB5EA6|0x2F1F099B|0x4F3C5FBE
0x8D2E3FB7,slice1a_propattach04_ruin,rainbow,1,15,0,15,0,0,0,4,4,0.03,0,break_piece,0x1946F361|0x1A1B848F|0x2A68DAEF
0x8E8F94EB,piece1a_propdebris36,rainbow,1,15,0,15,15,0,0,3,3,15.02,1,break_piece|intact,0x056B331D|0x156157E7|0x2FC38412
0x8EC23BD5,,,0,15,0,15,0,0,0,4,6,7.82,0,break_piece,0x1CE8F54F|0x22435EEA|0x3177639B
0x8F96690F,,,0,15,0,15,0,0,0,4,7,18.28,1,break_piece,0x1CE8F54F|0x22435EEA|0x3177639B
0x9120E03E,,,0,15,0,0,15,0,0,5,8,0.03,1,break_piece,0x1CE8F54F|0x22435EEA|0x3177639B
0x9DA97C9A,piece1a_propattach04,rainbow,1,15,0,0,0,0,0,3,3,0.03,1,break_piece|intact,0x00978EE4|0x10170967|0x27D928EF
0xA4FA927D,slice1c_propattach00_ruin,rainbow,1,15,0,15,0,0,0,4,4,0.03,0,break_piece,0x2B503BD0|0x35992F99|0x383D01E1
0xA50403DD,,,0,15,0,15,0,0,0,4,6,7.70,1,break_piece,0x1CE8F54F|0x22435EEA|0x3177639B
0xA998B636,,,0,15,0,0,0,0,0,3,6,0.03,1,break_piece,0x1CE8F54F|0x22435EEA|0x3177639B
0xB7B74863,hp_winch,rainbow,1,15,0,0,15,0,0,3,4,0.03,1,break_piece|intact,0x07B982D6|0x0B76A8FC|0x1CE8F54F
0xD06B9499,,,0,15,0,15,0,0,0,4,7,19.93,1,intact,0x1CE8F54F|0x22435EEA|0x3177639B
0xD5B2C61F,hp_civilian,rainbow,1,15,0,0,15,0,0,1,3,0.03,1,intact|static,0x0DE7E622|0x1C9503F3|0x516E145E
0xD7936361,piece2a_propdebris02,rainbow,1,15,0,15,15,0,0,3,3,7.17,1,break_piece|intact,0x0A5D9EA3|0x165F7C10|0x2FB6CCDD
0xD8B557A4,aloutpost_bld_garage01_door_boothrental_a0,rainbow,1,15,0,0,15,0,0,3,3,0.03,1,break_piece|intact,0x1A2F151C|0x1CFDCEC5|0x1D5D24CE
0xE0E7ABB2,,,0,15,0,15,15,0,0,5,8,9.63,1,break_piece,0x1CE8F54F|0x22435EEA|0x3177639B
0xF0B851CB,,,0,15,0,0,15,0,0,5,6,4.04,0,break_piece|intact,0x00978EE4|0x27D928EF|0x4F3C5FBE
0xF9950155,piece1a_propattach04_pristine,rainbow,1,15,0,15,7,0,0,4,4,4.84,0,break_piece|intact,0x00978EE4|0x10170967|0x27D928EF
0xFC7BA7CC,,,0,15,0,0,15,0,0,5,7,0.03,1,break_piece,0x1CE8F54F|0x22435EEA|0x3177639B
0x19355372,bone_driverhatch,rainbow,1,14,0,0,14,80,9,3,4,1.17,1,break_piece|intact,0x080D83D1|0x340B1CB8|0x40858AFC
0x01435921,slice1d_interior,rainbow,1,14,0,14,9,0,0,3,3,156.41,0,break_piece|intact,0x09E169B3|0x1E359C2F|0x2F1F099B
0x0203DE52,hp_fx_leaves_green_b,rainbow,1,14,0,0,14,0,0,3,3,0.03,1,break_piece,0x04817CD7|0x0485FA05|0x156B1738
0x02EA1FCF,,,0,14,0,14,14,0,0,6,8,10.38,1,break_piece,0x1CE8F54F|0x22435EEA|0x3177639B
0x1E4D9E94,piece2b_propdebris02,rainbow,1,14,0,14,14,0,0,3,3,8.97,1,break_piece,0x0A5D9EA3|0x23AA3AEC|0x2FB6CCDD
0x2406526F,hp_fx_leaves_green_c,rainbow,1,14,0,0,14,0,0,3,3,0.03,1,break_piece,0x04817CD7|0x0485FA05|0x156B1738
0x4B3A5E93,hp_seat_mr,rainbow,1,14,0,0,14,0,0,3,4,0.03,1,break_piece|intact,0x07B982D6|0x1903A169|0x40858AFC
0x558BDAF6,piece2a_propdebris01,rainbow,1,14,0,14,14,0,0,3,3,7.89,1,break_piece|intact,0x0A5D9EA3|0x165F7C10|0x2FB6CCDD
0x57BBC016,,,0,14,0,14,14,0,0,3,7,1.63,1,break_piece,0x18674F1F|0x19E2962E|0x2B97DD31
0x60E4B819,slice1b_propattach03_ruin,rainbow,1,14,0,14,3,0,0,4,4,19.69,0,break_piece|intact,0x0859EA8A|0x1946F361|0x1A1B848F
0x64ABA4BB,slice2b_propattach00_pristine,rainbow,1,14,0,14,5,0,0,4,4,10.41,0,break_piece|intact,0x4F3C5FBE|0x539FF827|0x6B1DE27D
0x735D2FCD,hp_seat_ml,rainbow,1,14,0,0,14,0,0,3,4,0.03,1,break_piece|intact,0x07B982D6|0x1903A169|0x40858AFC
0x76943CCF,,,0,14,0,0,14,0,0,5,7,0.03,1,break_piece,0x1CE8F54F|0x22435EEA|0x3177639B
0x7B39746C,slice2b_propattach00,rainbow,1,14,0,0,0,0,0,3,3,0.03,1,break_piece,0x4F3C5FBE|0x539FF827|0x6B1DE27D
0x840B66BD,hp_fx_leaves_green_a,rainbow,1,14,0,0,14,0,0,3,3,0.03,1,break_piece,0x04817CD7|0x0485FA05|0x156B1738
0x8EECAB36,,,0,14,0,14,14,0,0,3,3,3.36,1,break_piece|intact,0x11640B62|0x12732DD2|0x13709C60
0x9C1568A6,slice1a_propdebris11,rainbow,1,14,0,14,13,0,0,3,4,15.85,1,break_piece|intact,0x3649DBF2|0x3BF3DA2E|0x585A9008
0xA2A012CF,,,0,14,0,0,14,0,0,4,4,0.03,0,intact,0x04E1DED8|0x0A362710|0x0EDFAFFF
0xA5FF32D1,slice1b_propattach06,rainbow,1,14,0,0,0,0,0,3,3,0.03,1,break_piece,0x086666D2|0x1A1B848F|0x2171B6D7
0xA8A17B68,,,0,14,0,0,14,0,0,5,7,0.03,1,break_piece,0x1CE8F54F|0x22435EEA|0x3177639B
0xAC8D858E,piece1a_propdebris37,rainbow,1,14,0,14,14,0,0,3,3,15.02,1,break_piece|intact,0x156157E7|0x2FC38412|0x4EC9BB2A
0xD1E3186C,slice1a_propattach07_pristine,rainbow,1,14,0,14,6,0,0,4,4,4.02,0,break_piece|intact,0x1946F361|0x1A1B848F|0x2171B6D7
0xD50C7704,,,0,14,0,0,14,0,0,3,4,0.03,1,intact,0x0C95FF35|0x13A86EF7|0x4FC2D374
0xD76DF349,slice1a_propattach07,rainbow,1,14,0,0,0,0,0,3,3,0.03,1,break_piece,0x1946F361|0x1A1B848F|0x2171B6D7
0xDCEC65A0,,,0,14,0,0,14,0,0,4,4,0.03,0,intact,0x04E1DED8|0x0A362710|0x0EDFAFFF
0xE290B0C2,,,0,14,0,0,14,0,0,5,8,0.03,1,break_piece,0x1CE8F54F|0x22435EEA|0x3177639B
0xE49CB644,slice1b_propattach06_pristine,rainbow,1,14,0,14,7,0,0,4,4,5.33,0,break_piece|intact,0x086666D2|0x1A1B848F|0x2171B6D7
0xF713684F,,,0,14,0,0,14,0,0,3,4,0.03,1,intact,0x0C95FF35|0x13A86EF7|0x4FC2D374
0xF86A43FB,hp_playerA_enter,rainbow,1,14,0,0,13,0,0,1,3,0.03,1,break_piece,0x23522367|0x39AF17DC|0x7513C27E
0xFB30F5C1,piece1b_propdebris17,rainbow,1,14,0,14,13,0,0,3,3,27.82,1,break_piece|intact,0x167D449D|0x3649DBF2|0x493FD997
0xFFB0CCD7,,,0,14,0,14,8,0,0,5,5,4.04,1,break_piece,0x1946F361|0x1A1B848F|0x2A68DAEF
0xCEA4A847,bone_pistol,rainbow,1,13,0,0,13,91,8,3,5,0.03,1,break_piece|intact,0x080D83D1|0x11640B62|0x342EDDD4
0x655D7FE5,bone_door_rr,rainbow,1,13,0,0,13,21,2,3,4,2.47,1,break_piece|intact,0x0B76A8FC|0x13A86EF7|0x22435EEA
0x08EC87B1,piece3b_pristine,rainbow,1,13,0,13,6,0,0,2,2,34.19,0,break_piece|intact,0x199ABE01|0x2FB6CCDD|0x4FC18E5C
0x1473D33B,,,0,13,0,13,13,0,0,5,6,0.53,0,intact,0x0F9B9B04|0x46C5012C|0x9302194B
0x14DB3DDA,,,0,13,0,0,24,0,0,1,5,0.03,1,break_piece|intact,0x020E5BB4|0x26A095BE|0x2E3C0B49
0x164914CE,piece2b_propdebris00,rainbow,1,13,0,13,13,0,0,3,5,6.38,1,break_piece,0x0A5D9EA3|0x23AA3AEC|0x2FB6CCDD
0x16F19A22,,,0,13,0,0,13,0,0,3,4,0.03,1,break_piece,0x04817CD7|0x0485FA05|0x156B1738
0x16FA1CF6,piece1a_interior,rainbow,1,13,0,13,12,0,0,3,3,32.79,0,break_piece|intact,0x22C8D632|0x23AA3AEC|0x2F4F8F3E
0x1B8194A7,hp_seat_gunner,rainbow,1,13,0,0,13,0,0,3,6,0.03,1,break_piece|intact,0x0065B09D|0x0927AEBC|0x22CE9B7B
0x21202D3E,piece3b,rainbow,1,13,0,0,0,0,0,1,1,0.03,0,static,0x199ABE01|0x2FB6CCDD|0x4FC18E5C
0x22276254,,,0,13,0,0,13,0,0,5,6,0.03,1,break_piece|intact,0x06D5DB5A|0x086666D2|0x199ABE01
0x239580C6,slice1b_propattach02_ruin,rainbow,1,13,0,13,5,0,0,4,4,19.69,1,break_piece|intact,0x232B1C7C|0x2B503BD0|0x35992F99
0x241ABBEC,slice1a_propdebris13,rainbow,1,13,0,13,13,0,0,3,4,15.85,1,break_piece|intact,0x3649DBF2|0x3BF3DA2E|0x585A9008
0x2B44052D,,,0,13,0,0,13,0,0,3,5,0.03,1,break_piece|intact,0x044EDB9C|0x0C95FF35|0x10A1D397
0x34E077B3,,,0,13,0,13,7,0,0,5,6,2.52,0,break_piece|intact,0x4A579010|0x4C998949|0x717EB6DA
0x39C3E272,,,0,13,0,0,0,0,0,4,5,0.03,1,break_piece,0x0F9B9B04|0x46C5012C|0x9302194B
0x47391176,,,0,13,0,0,13,0,0,3,4,0.03,1,intact,0x0C95FF35|0x13A86EF7|0x60E7FFEB
0x549E13ED,,,0,13,0,0,13,0,0,4,6,2.44,1,break_piece|intact,0x1A221527|0x1CE8F54F|0x32150ACF
0x56D6AE31,,,0,13,0,13,11,0,0,5,5,6.29,1,break_piece,0x2B503BD0|0x383D01E1|0x539FF827
0x5F0D093D,,,0,13,0,13,0,0,0,5,6,0.53,0,break_piece,0x0F9B9B04|0x46C5012C|0x9302194B
0x5F4C013B,,,0,13,0,13,0,0,0,5,6,2.65,0,break_piece,0x0F9B9B04|0x46C5012C|0x9302194B
0x602DCCF5,,,0,13,0,0,13,0,0,3,3,0.03,1,break_piece|intact,0x01029B24|0x129F3BA9|0x1B00857B
0x6EEFA921,,,0,13,0,0,13,0,0,3,3,0.03,1,break_piece|intact,0x16970F43|0x299798D8|0x3601FC68
0x71C6A079,Hp_starter,rainbow,2,13,0,0,12,0,0,1,3,0.03,1,break_piece,0x23522367|0x7513C27E|0x804425B3
0x766F93C4,,,0,13,0,0,13,0,0,2,4,18.28,1,break_piece|intact,0x07B982D6|0x1CE8F54F|0x22435EEA
0x787876AD,,,0,13,0,13,12,0,0,5,6,2.53,0,break_piece|intact,0x4A579010|0x4C998949|0x717EB6DA
0x797A6B4A,,,0,13,0,0,0,0,0,4,5,0.03,1,break_piece,0x4A579010|0x4C998949|0x717EB6DA
0x946415E5,,,0,13,0,13,13,0,0,5,6,2.65,0,intact,0x0F9B9B04|0x46C5012C|0x9302194B
0x969E0178,slice2a_propdebris03,rainbow,1,13,0,13,13,0,0,3,4,6.10,1,break_piece|intact,0x2F4F8F3E|0x551A0FF1|0x6AB0E73B
0x96B233C5,piece1a_propdebris38,rainbow,1,13,0,13,13,0,0,3,3,25.65,1,break_piece|intact,0x2FC38412|0x4EC9BB2A|0x5436A936
0x9989A834,,,0,13,0,0,0,0,0,4,5,0.03,1,break_piece,0x4A579010|0x4C998949|0x717EB6DA
0x9DB6DE85,,,0,13,0,13,6,0,0,5,6,2.52,0,break_piece|intact,0x4A579010|0x4C998949|0x717EB6DA
0xAE34E7DE,slice1a_propdebris06,rainbow,1,13,0,13,13,0,0,3,4,10.93,1,break_piece|intact,0x1E359C2F|0x227708EC|0x2E3C0B49
0xAE4664A7,,,0,13,0,13,11,0,0,2,4,20.06,1,break_piece|intact,0x07B982D6|0x08E25CDC|0x0B76A8FC
0xB9FAC5EC,,,0,13,0,0,0,0,0,4,5,0.03,1,break_piece,0x0F9B9B04|0x46C5012C|0x9302194B
0xBE17DCC3,slice1a_propdebris10,rainbow,1,13,0,13,13,0,0,3,4,9.95,1,break_piece|intact,0x3BF3DA2E|0x585A9008|0x624F3CEA
0xC6B4847F,piece1d_ruin,rainbow,1,13,0,13,0,0,0,2,2,36.48,0,break_piece,0x020E5BB4|0x07135D3C|0x37B0103D
0xCBDE6977,piece3b_ruin,rainbow,1,13,0,13,3,0,0,2,2,33.24,0,break_piece|intact,0x199ABE01|0x2FB6CCDD|0x4FC18E5C
0xD87D62EE,slice1c_propdebris04,rainbow,1,13,0,13,13,0,0,3,4,7.76,1,break_piece|intact,0x09E169B3|0x1E359C2F|0x45EC5734
0xDB9FE88C,piece1c_propdebris02,rainbow,1,13,0,13,13,0,0,3,3,7.23,1,break_piece,0x020E5BB4|0x07135D3C|0x086666D2
0xDE8EA493,,,0,13,0,13,13,0,0,5,6,2.53,0,break_piece|intact,0x4A579010|0x4C998949|0x717EB6DA
0xEDADDF1E,slice1a_propattach05_akdk47,rainbow,1,13,0,13,6,0,0,5,5,4.04,1,break_piece,0x1A1B848F|0x25BB5EA6|0x2B503BD0
0xF479243E,village_bld_farming03_gyxbb3,rainbow,1,13,0,0,13,0,0,3,3,0.03,1,break_piece|intact,0x05D62268|0x0E844C45|0x2A6E963C
0xF84B242B,piece2b_propdebris01,rainbow,1,13,0,13,13,0,0,3,5,6.64,1,break_piece,0x0A5D9EA3|0x23AA3AEC|0x2FB6CCDD
0xFB8D21D8,hp_playerA,rainbow,2,13,0,0,12,0,0,1,3,0.03,1,break_piece,0x23522367|0x7513C27E|0x804425B3
0x4F2B567E,bone_flagb,rainbow,1,12,0,0,3,7,7,3,4,0.03,1,intact,0x100C51C7|0x2ED32429|0x30B8A010
0xF1331149,bone_flaga,rainbow,1,12,0,0,4,7,7,3,3,0.03,1,intact,0x100C51C7|0x2ED32429|0x30B8A010
0x1761C4E0,,,0,12,0,0,12,0,0,3,3,0.03,1,break_piece|intact,0x1CFDCEC5|0x1D5D24CE|0x4B9C42F1
0x1E1CF111,slice1a_propdebris12,rainbow,1,12,0,12,11,0,0,3,4,17.66,1,break_piece|intact,0x3649DBF2|0x3BF3DA2E|0x585A9008
0x238B2B6C,,,0,12,0,12,12,0,0,5,7,2.16,1,break_piece,0x1CE8F54F|0x3177639B|0x342EDDD4
0x3DCEBDE9,hp_shelleject_a,rainbow,1,12,0,0,12,0,0,4,11,0.03,1,break_piece|intact,0x0307555E|0x0C95FF35|0x191D5D76
0x3E47F5EF,hp_mount_antenna_a,rainbow,1,12,0,0,12,0,0,3,4,0.03,1,break_piece|intact,0x080D83D1|0x11640B62|0x12181179
0x4F98004C,bone_wind,rainbow,1,12,0,0,11,0,0,4,5,0.03,1,break_piece|intact,0x0A362710|0x1A2F151C|0x2C324EBF
0x59748439,,,0,12,0,0,0,0,0,3,5,0.48,1,break_piece|intact,0x1CE8F54F|0x22435EEA|0x3177639B
0x5A3406C8,,,0,12,0,0,12,0,0,5,5,0.03,1,break_piece,0x080D83D1|0x16497BF1|0x40858AFC
0x5D9064BC,piece2a_propdebris03,rainbow,1,12,0,12,12,0,0,3,3,9.80,1,break_piece,0x0A5D9EA3|0x165F7C10|0x39DC69DC
0x73AB3434,,,0,12,0,0,12,0,0,3,3,0.03,1,break_piece|intact,0x3601FC68|0x37F5339B|0x79835204
0x78506AD9,piece2b_propdebris03,rainbow,1,12,0,12,12,0,0,3,3,7.10,1,break_piece,0x0A5D9EA3|0x23AA3AEC|0x39DC69DC
0x81FE97A4,hp_fx_leaves_green_d,rainbow,1,12,0,0,12,0,0,3,3,0.03,1,break_piece,0x04817CD7|0x156B1738|0x3F6D97ED
0x85F834B5,slice2b_propdebris03,rainbow,1,12,0,12,12,0,0,3,4,6.84,1,break_piece|intact,0x551A0FF1|0x6AB0E73B|0x8B73A257
0x8834CCCD,hp_dock_gunner,rainbow,1,12,0,0,12,0,0,1,4,0.03,1,break_piece|intact,0x0065B09D|0x0927AEBC|0x22CE9B7B
0x89893C90,slice1b_propdebris05,rainbow,1,12,0,12,12,0,0,3,4,5.73,1,break_piece|intact,0x1E359C2F|0x227708EC|0x2F967F03
0x958744F1,,,0,12,0,0,12,0,0,3,5,0.03,1,break_piece|intact,0x036E4F11|0x1976B149|0x1C793E11
0x9E52E542,piece2b_propdebris04,rainbow,1,12,0,12,12,0,0,3,3,6.64,1,break_piece,0x0A5D9EA3|0x23AA3AEC|0x39DC69DC
0xACB017D0,piece1a_propdebris39,rainbow,1,12,0,12,12,0,0,3,3,20.46,1,break_piece|intact,0x4EC9BB2A|0x5436A936|0x7EB24570
0xAD8F149B,slice1d_ruin,rainbow,1,12,0,12,5,0,0,2,2,38.37,0,break_piece|intact,0x04CC21CD|0x09E169B3|0x2F1F099B
0xB27EBA8C,bone_wind4,rainbow,1,12,0,0,12,0,0,4,6,0.03,1,intact,0x04E1DED8|0x0EDFAFFF|0x24D306AE
0xB323545B,,,0,12,0,0,12,0,0,5,8,0.03,1,break_piece,0x1CE8F54F|0x22435EEA|0x3177639B
0xB366B8C7,,,0,12,0,0,0,0,0,3,3,1.46,1,break_piece,0x1CE8F54F|0x22435EEA|0x3177639B
0xBC6AD0E6,slice1d_propdebris01,rainbow,1,12,0,12,12,0,0,3,4,9.43,1,break_piece|intact,0x04CC21CD|0x09E169B3|0x1E359C2F
0xC689A15C,,,0,12,0,0,12,0,0,3,3,0.03,1,break_piece|intact,0x22C8D632|0x44CB4A4F|0x6A41FBB4
0xC8817E29,,,0,12,0,12,12,0,0,5,6,10.44,1,break_piece,0x22435EEA|0x3177639B|0x4A95F55C
0xD0375BFB,slice1a_propdebris07,rainbow,1,12,0,12,12,0,0,3,4,10.18,1,break_piece|intact,0x1E359C2F|0x2E3C0B49|0x2F967F03
0xD39B5EC6,piece1c_propdebris00,rainbow,1,12,0,12,12,0,0,3,3,8.48,1,break_piece,0x020E5BB4|0x086666D2|0x2FB6CCDD
0xDE6D4503,slice1d_propdebris00,rainbow,1,12,0,12,12,0,0,3,4,7.31,1,break_piece|intact,0x04CC21CD|0x09E169B3|0x1E359C2F
0xEA5342F7,,,0,12,0,0,12,0,0,3,4,0.03,1,intact,0x0C95FF35|0x13A86EF7|0x60E7FFEB
0xEFCA9762,,,0,12,0,12,9,0,0,5,6,6.08,1,break_piece,0x35762845|0x37DC6DFD|0x3E7D2911
0x712DCA9B,bone_flagc,rainbow,1,11,0,0,11,6,6,3,5,0.03,1,intact,0x100C51C7|0x2ED32429|0x30B8A010
0xC9F161F3,bone_yaw,rainbow,1,11,0,0,0,1,1,3,5,4.09,1,break_piece|intact,0x0927AEBC|0x12181179|0x191D5D76
0x03DD7400,hp_dock_rf,rainbow,1,11,0,0,11,0,0,3,4,0.03,1,break_piece|intact,0x0307555E|0x07B982D6|0x13709C60
0x058AF2FF,hp_playerb,rainbow,1,11,0,0,10,0,0,1,3,0.03,1,break_piece,0x23522367|0x7513C27E|0x804425B3
0x11C1CA54,hp_playerb_enter,rainbow,1,11,0,0,10,0,0,1,3,0.03,1,break_piece,0x23522367|0x7513C27E|0x804425B3
0x12F43B22,L1_closeup,rainbow,1,11,0,0,11,0,0,5,6,1.62,0,break_piece|intact,0x12181179|0x3CAC72AB|0x46C5012C
0x1E9E3735,,,0,11,0,0,11,0,0,3,3,0.03,1,intact,0x05D62268|0x0E844C45|0x964145CD
0x28C0D839,,,0,11,0,11,8,0,0,5,5,11.88,1,break_piece,0x140400C1|0x25BB5EA6|0x2C31E48A
0x30526D28,,,0,11,0,0,11,0,0,5,5,0.03,1,break_piece|intact,0x1903A169|0x191D5D76|0x1A221527
0x378DEA53,piece2a_propdebris00,rainbow,1,11,0,11,11,0,0,3,3,6.61,1,break_piece,0x0A5D9EA3|0x2FB6CCDD|0x39DC69DC
0x3E26DBAA,,,0,11,0,0,11,0,0,3,3,0.03,1,break_piece|intact,0x01029B24|0x129F3BA9|0x1B00857B
0x4A735367,hp_dock_cf,rainbow,1,11,0,0,11,0,0,3,4,0.03,1,break_piece|intact,0x11640B62|0x12732DD2|0x16497BF1
0x5DA770F7,piece1c_propdebris05,rainbow,1,11,0,11,11,0,0,3,3,12.53,1,break_piece,0x020E5BB4|0x07135D3C|0x3571AB17
0x5E99F424,bone_pitch,rainbow,1,11,0,0,2,0,0,4,6,3.76,1,break_piece|intact,0x0927AEBC|0x12181179|0x191D5D76
0x62EF341D,,,0,11,0,11,11,0,0,5,8,11.84,1,break_piece,0x1CE8F54F|0x22435EEA|0x3177639B
0x7558513B,slice2c_pristine,rainbow,1,11,0,11,1,0,0,2,2,162.60,0,break_piece|intact,0x0B7CC1B7|0x319D840A|0x39AF17DC
0x7AD9BC48,hp_dock_lt,rainbow,1,11,0,0,11,0,0,3,4,0.03,1,break_piece|intact,0x11640B62|0x12732DD2|0x40858AFC
0x818416CE,slice2a_propattach00_ruin,rainbow,1,11,0,11,3,0,0,4,4,3.61,0,break_piece|intact,0x2171B6D7|0x36A0A401|0x6AB0E73B
0x82747812,bone_drivewheel_l,rainbow,1,11,0,0,11,0,0,3,4,1.23,1,break_piece,0x080D83D1|0x12732DD2|0x40858AFC
0x82AA920C,bone_drivewheel_r,rainbow,1,11,0,0,11,0,0,3,4,1.23,1,break_piece,0x080D83D1|0x12732DD2|0x40858AFC
0x8A5135EC,slice2c,rainbow,2,11,0,0,0,0,0,1,1,0.03,0,static,0x0B7CC1B7|0x319D840A|0x39AF17DC
0x8EB578EE,,,0,11,0,0,11,0,0,5,5,4.03,0,break_piece|intact,0x00978EE4|0x27D928EF|0x4F3C5FBE
0xA6224457,slice1a_propdebris14,rainbow,1,11,0,11,10,0,0,3,4,11.99,1,break_piece|intact,0x3BF3DA2E|0x585A9008|0x624F3CEA
0xA6ADFC7E,slice1c_propattach02,rainbow,1,11,0,0,0,0,0,3,3,0.03,1,break_piece|intact,0x2A68DAEF|0x2B503BD0|0x2F1F099B
0xAE577A20,slice1a_propdebris08,rainbow,1,11,0,11,11,0,0,3,4,7.45,1,break_piece|intact,0x1E359C2F|0x2E3C0B49|0x3BF3DA2E
0xB1867295,L2_closeup,rainbow,1,11,0,0,11,0,0,5,6,1.62,0,break_piece|intact,0x3CAC72AB|0x46C5012C|0x4A6BC856
0xBD95790A,piece2a_propdebris05,rainbow,1,11,0,11,11,0,0,3,3,12.37,1,break_piece|intact,0x0A5D9EA3|0x165F7C10|0x39DC69DC
0xC6B9822E,,,0,11,0,11,8,0,0,5,5,17.76,1,break_piece,0x140400C1|0x25BB5EA6|0x2C31E48A
0xC8DE1983,,,0,11,0,0,11,0,0,3,4,0.03,1,break_piece|intact,0x08E25CDC|0x13A86EF7|0x7366155A
0xD297E005,piece1a_propattach02_ruin,rainbow,1,11,0,11,2,0,0,4,4,1.70,1,break_piece|intact,0x10170967|0x1F746ABF|0x274DBD01
0xD859FAD5,slice1a_propdebris09,rainbow,1,11,0,11,11,0,0,3,4,9.37,1,break_piece|intact,0x1E359C2F|0x2E3C0B49|0x3BF3DA2E
0xDF97ED27,piece2a_propdebris04,rainbow,1,11,0,11,11,0,0,3,3,9.74,1,break_piece|intact,0x0A5D9EA3|0x165F7C10|0x39DC69DC
0xE11F83B2,piece1b_propdebris18,rainbow,1,11,0,11,11,0,0,3,3,27.82,1,break_piece|intact,0x3649DBF2|0x6B3A45A6|0x8FCA6118
0xE98FC79E,hp_fx_light7,rainbow,1,11,0,0,11,0,0,1,4,0.03,1,break_piece|intact|static,0x04ED3522|0x2C31E48A|0x2CE290F9
0xECE820B6,,,0,11,0,0,11,0,0,3,3,0.03,1,break_piece|intact,0x299798D8|0x3601FC68|0x3D8AA814
0xF59DD2E3,piece1c_propdebris01,rainbow,1,11,0,11,11,0,0,3,3,9.85,1,break_piece,0x020E5BB4|0x07135D3C|0x086666D2
0xF632B2F1,slice1c_propattach02_pristine,rainbow,1,11,0,11,4,0,0,4,4,3.15,0,break_piece|intact,0x2A68DAEF|0x2B503BD0|0x2F1F099B
0xFD133A7B,bone_door_rl,rainbow,1,11,0,0,11,0,0,3,4,2.47,1,break_piece|intact,0x13A86EF7|0x22435EEA|0x3177639B
0xAB34F409,bone_hatch_driver,rainbow,1,10,0,0,10,25,4,3,4,1.29,1,break_piece|intact,0x0307555E|0x11640B62|0x13709C60
0x03F1D480,,,0,10,0,0,10,0,0,3,4,0.03,1,break_piece|intact,0x07B982D6|0x08E25CDC|0x0B76A8FC
0x09AEF125,,,0,10,0,10,9,0,0,5,5,6.29,0,break_piece,0x0859EA8A|0x1946F361|0x1A1B848F
0x11F4BDBE,oilrig_details_01_ia_552,rainbow,1,10,0,0,10,0,0,5,5,1.13,0,break_piece,0x00978EE4|0x27D928EF|0x4F3C5FBE
0x1D8D6091,,,0,10,0,10,10,0,0,5,7,3.86,1,break_piece,0x1CE8F54F|0x3177639B|0x342EDDD4
0x1F6A3D5D,slice3a,rainbow,1,10,0,0,0,0,0,1,1,0.03,0,static,0x1A74D3EE|0x2F4F8F3E|0x319D840A
0x22050798,slice1a_propattach11,rainbow,1,10,0,0,0,0,0,3,3,0.03,1,break_piece,0x1946F361|0x2CE290F9|0x38381266
0x25CBD3FB,slice1b_propattach07_pristine,rainbow,1,10,0,10,7,0,0,4,4,5.35,0,break_piece|intact,0x086666D2|0x1A1B848F|0x2171B6D7
0x2B31861D,piece3e,rainbow,1,10,0,0,0,0,0,1,1,0.03,0,static,0x199ABE01|0x2CE290F9|0x7604B190
0x314B9994,bone_wheel_r,rainbow,1,10,0,0,10,0,0,4,7,1.36,1,break_piece|intact,0x10A1D397|0x18674F1F|0x25B3F7BC
0x321E42B6,,,0,10,0,0,0,0,0,3,5,273.53,1,break_piece|intact,0x299798D8|0x2CE290F9|0x38274BD1
0x33F731DB,oilrig_details_01_ia_553,rainbow,1,10,0,0,10,0,0,5,5,1.13,0,break_piece,0x00978EE4|0x27D928EF|0x4F3C5FBE
0x35103FCF,slice2a_propattach01_pristine,rainbow,1,10,0,10,6,0,0,4,4,11.70,0,break_piece|intact,0x2171B6D7|0x2F4F8F3E|0x36A0A401
0x35B7BE41,,,0,10,0,10,10,0,0,4,5,7.21,0,break_piece|intact,0x1282963C|0x1903A169|0x191D5D76
0x3E725951,slice1d_propdebris02,rainbow,1,10,0,10,10,0,0,3,4,6.06,1,break_piece|intact,0x04CC21CD|0x09E169B3|0x1E359C2F
0x41644595,,,0,10,0,0,10,0,0,3,3,0.03,1,break_piece|intact,0x1CFDCEC5|0x1D5D24CE|0x4B9C42F1
0x485869B4,hp_ladder_bottom_c,rainbow,1,10,0,0,10,0,0,2,4,0.03,1,break_piece|intact,0x1A74D3EE|0x37F5339B|0x4FC2D374
0x5210DD74,slice1b_propattach04_ruin,rainbow,1,10,0,10,3,0,0,4,4,19.69,0,break_piece,0x0859EA8A|0x1946F361|0x2171B6D7
0x55A2E731,piece1c_propdebris03,rainbow,1,10,0,10,10,0,0,3,3,9.47,1,break_piece,0x020E5BB4|0x07135D3C|0x3571AB17
0x599C3F4C,piece2b_interior,rainbow,1,10,0,10,10,0,0,3,3,42.57,0,intact,0x0A5D9EA3|0x23AA3AEC|0x2FB6CCDD
0x5AD11902,hp_ladder_top_c,rainbow,1,10,0,0,10,0,0,2,4,0.03,1,break_piece|intact,0x1A74D3EE|0x37F5339B|0x4FC2D374
0x71453ED8,slice2a_propattach01,rainbow,1,10,0,0,0,0,0,3,3,0.03,1,break_piece|intact,0x2171B6D7|0x2F4F8F3E|0x36A0A401
0x7386DB57,slice1b_propdebris06,rainbow,1,10,0,10,10,0,0,3,4,5.73,1,break_piece|intact,0x1E359C2F|0x227708EC|0x2B64CF66
0x764417D3,,,0,10,0,0,10,0,0,3,3,0.03,1,break_piece|intact,0x3601FC68|0x37F5339B|0x79835204
0x7A5E5324,,,0,10,0,0,10,0,0,5,6,1.71,1,break_piece,0x02195587|0x1282963C|0x228FE801
0x7BA5619A,piece1c_propdebris04,rainbow,1,10,0,10,10,0,0,3,3,12.32,1,break_piece,0x020E5BB4|0x07135D3C|0x3571AB17
0x7FE2C591,,,0,10,0,0,10,0,0,1,4,0.03,1,break_piece|intact,0x223593E1|0x24E160F5|0x25B3F7BC
0x95C6BC0A,hp_dock_f,rainbow,1,10,0,0,10,0,0,4,4,0.03,1,break_piece|intact,0x0F9B9B04|0x3CAC72AB|0x4A579010
0x9C46923C,,,0,10,0,0,10,0,0,3,3,0.03,1,break_piece|intact,0x3601FC68|0x37F5339B|0x79835204
0x9DC932DF,piece5e,rainbow,1,10,0,0,0,0,0,1,1,0.03,0,static,0x04CC21CD|0x0BEF7E7B|0x2CE290F9
0xA079BD40,piece5e_ruin,rainbow,1,10,0,10,1,0,0,2,2,18.61,0,break_piece|intact,0x04CC21CD|0x0BEF7E7B|0x2CE290F9
0xA626C185,slice1a_propdebris16,rainbow,1,10,0,10,10,0,0,3,4,15.85,1,break_piece|intact,0x3649DBF2|0x3BF3DA2E|0x585A9008
0xABFCFDAC,slice1b_propattach07,rainbow,1,10,0,0,0,0,0,3,3,0.03,1,break_piece,0x086666D2|0x1A1B848F|0x2171B6D7
0xB1301D28,,,0,10,0,0,10,0,0,5,8,0.03,1,break_piece,0x1CE8F54F|0x3177639B|0x342EDDD4
0xB66865C7,,,0,10,0,10,4,0,0,4,5,7.21,0,break_piece|intact,0x1282963C|0x1903A169|0x191D5D76
0xBC24A590,slice1a_propdebris17,rainbow,1,10,0,10,10,0,0,3,4,15.85,1,break_piece|intact,0x3649DBF2|0x3BF3DA2E|0x585A9008
0xC104A3A8,,,0,10,0,0,10,0,0,3,3,0.03,1,break_piece|intact,0x1946F361|0x2EB3F3AE|0x4FC18E5C
0xC17C2D28,slice3a_pristine,rainbow,1,10,0,10,0,0,0,2,2,162.41,0,break_piece|intact,0x1A74D3EE|0x2F4F8F3E|0x319D840A
0xC77E0259,,,0,10,0,0,10,0,0,3,3,0.03,1,intact,0x03931F17|0x6A41FBB4|0x7E6BEF2C
0xC8A579E8,piece3e_pristine,rainbow,1,10,0,10,9,0,0,2,2,16.12,0,break_piece|intact,0x199ABE01|0x2CE290F9|0x7604B190
0xCE3543EA,,,0,10,0,0,10,0,0,3,3,0.03,1,break_piece,0x12B2BD31|0x16970F43|0x37F5339B
0xDE0F8A8F,slice1a_propattach11_pristine,rainbow,1,10,0,10,6,0,0,4,4,42.48,0,break_piece|intact,0x1946F361|0x2CE290F9|0x38381266
0xE579CB4E,,,0,10,0,0,0,0,0,3,4,0.03,0,break_piece,0x1282963C|0x1903A169|0x191D5D76
0xF84305AE,piece5e_pristine,rainbow,1,10,0,10,10,0,0,2,2,25.77,0,break_piece|intact,0x04CC21CD|0x0BEF7E7B|0x2CE290F9
0xFDDB3D26,,,0,10,0,0,10,0,0,1,4,0.03,1,break_piece|intact,0x223593E1|0x24E160F5|0x25B3F7BC
0xFF088165,slice2b_propattach00_ruin,rainbow,1,10,0,10,3,0,0,4,4,10.07,0,break_piece,0x539FF827|0x6B1DE27D|0x718C019B
0xEFE13EB0,bone_cigar,rainbow,1,9,0,0,1,53,16,1,8,0.05,1,,0x39F47E08|0x76C37A7E|0x77E59F1F
0x1F956D9F,bone_wheel_l_06,rainbow,1,9,0,0,0,4,1,5,5,0.03,0,break_piece,0x16497BF1|0x461F1A3A|0x56EE6A1F
0x5CB3C60D,bone_hub_r_06,rainbow,1,9,0,0,0,4,1,4,4,0.03,1,break_piece,0x16497BF1|0x461F1A3A|0x56EE6A1F
0x78626FED,bone_wheel_r_06,rainbow,1,9,0,0,0,4,1,5,5,0.03,0,break_piece,0x16497BF1|0x461F1A3A|0x56EE6A1F
0x83E78D3F,bone_hub_l_06,rainbow,1,9,0,0,0,4,1,4,4,0.03,1,break_piece,0x16497BF1|0x461F1A3A|0x56EE6A1F
0xAB8D5192,bone_yaw_mg,rainbow,1,9,0,0,0,1,1,4,5,1.30,1,break_piece|intact,0x1282963C|0x19676216|0x228FE801
0xE5F44CCF,bone_pitch_mg,rainbow,1,9,0,0,0,1,1,5,6,0.53,1,break_piece|intact,0x1282963C|0x19676216|0x228FE801
0x08E875C2,,,0,9,0,0,9,0,0,5,5,0.03,1,break_piece,0x149FC407|0x319D840A|0x52BFCBFD
0x0B923BBB,hp_fx_light6,rainbow,1,9,0,0,9,0,0,1,5,0.03,1,break_piece|intact,0x35992F99|0x4F3C5FBE|0x713ED3DB
0x0F8D34BC,piece5a_ruin,rainbow,1,9,0,9,0,0,0,2,2,13.67,0,break_piece,0x2CE290F9|0x3BF3DA2E|0x4CFB0AA7
0x12540AE0,hp_snap_a,rainbow,1,9,0,0,9,0,0,1,2,0.03,0,static,0x0A1F9DFB|0x12B2BD31|0x16970F43
0x13B4DA95,hp_fx_light8,rainbow,1,9,0,0,9,0,0,1,4,0.03,1,break_piece|intact|static,0x04ED3522|0x2CE290F9|0x33AC0183
0x158CD1A2,piece5a_pristine,rainbow,1,9,0,9,9,0,0,2,2,81.97,0,intact,0x2CE290F9|0x3BF3DA2E|0x4CFB0AA7
0x15BF626B,piece5a,rainbow,1,9,0,0,0,0,0,1,1,0.03,0,static,0x2CE290F9|0x3BF3DA2E|0x4CFB0AA7
0x166FA74C,,,0,9,0,0,0,0,0,4,5,0.03,1,break_piece,0x0E9502CF|0x12181179|0x1623BB16
0x168553E4,HP_INT_B,rainbow,1,9,0,0,9,0,0,1,1,0.03,1,static,0x3F4FA6DF|0x70D6FBD9|0xA0EAF095
0x1BC7CC9E,hp_shelleject_b,rainbow,1,9,0,0,9,0,0,4,6,0.03,1,break_piece|intact,0x0C95FF35|0x191D5D76|0x1A221527
0x20D5A5AC,slice1a_propattach05_ruin,rainbow,1,9,0,9,0,0,0,4,4,0.03,0,break_piece,0x1946F361|0x35992F99|0x6B1DE27D
0x3AACC056,,,0,9,0,0,0,0,0,3,4,0.03,1,break_piece,0x155C8246|0x5B172306|0x7D0B00CB
0x3B1B315B,,,0,9,0,0,9,0,0,5,6,1.58,1,break_piece,0x1903A169|0x191D5D76|0x2DD31CFB
0x3D5F0473,bone_axle_rr,rainbow,1,9,0,0,7,0,0,4,5,2.12,1,break_piece|intact,0x19676216|0x2255CE3E|0x2D1D4D03
0x4322A15B,piece3c,rainbow,1,9,0,0,0,0,0,1,1,0.03,0,static,0x199ABE01|0x7604B190|0x90B6CC8B
0x441F6B7A,slice1a_propdebris15,rainbow,1,9,0,9,9,0,0,3,4,15.85,1,break_piece|intact,0x3649DBF2|0x3BF3DA2E|0x585A9008
0x46F74FDD,,,0,9,0,0,0,0,0,4,5,0.03,1,break_piece,0x4C998949|0x717EB6DA|0x7D0B00CB
0x48270206,,,0,9,0,0,9,0,0,5,5,0.03,1,break_piece,0x4F3C5FBE|0x6871E4C5|0x6F4B9CA8
0x53544793,slice2c_interior,rainbow,1,9,0,9,5,0,0,3,3,162.48,0,break_piece|intact,0x0B7CC1B7|0x319D840A|0x4F3C5FBE
0x56063B28,hp_seat_rt,rainbow,1,9,0,0,9,0,0,4,5,0.03,1,intact,0x0C95FF35|0x11640B62|0x12732DD2
0x56AF331B,,,0,9,0,9,9,0,0,5,6,2.08,0,break_piece|intact,0x0E9502CF|0x12181179|0x1623BB16
0x5A708CCB,,,0,9,0,0,9,0,0,1,3,0.03,1,intact,0x314049E6|0x5436A936|0x6270A601
0x5B30D171,piece2a_interior,rainbow,1,9,0,9,9,0,0,3,3,24.81,0,break_piece|intact,0x0A5D9EA3|0x2FB6CCDD|0x39DC69DC
0x5E28DA02,hp_seat_rf,rainbow,1,9,0,0,9,0,0,3,4,0.03,1,break_piece|intact,0x0307555E|0x07B982D6|0x13709C60
0x5E72CA2B,bone_propeller,rainbow,1,9,0,0,7,0,0,1,5,10.46,1,break_piece|intact,0x13A86EF7|0x223593E1|0x22BA44C8
0x5F770AC5,,,0,9,0,9,9,0,0,5,6,2.09,0,break_piece|intact,0x0E9502CF|0x12181179|0x1623BB16
0x5F9D33D5,piece2a_propdebris06,rainbow,1,9,0,9,9,0,0,3,3,9.80,1,break_piece,0x0A5D9EA3|0x165F7C10|0x39DC69DC
0x6581D5AD,bone_axle_rl,rainbow,1,9,0,0,9,0,0,4,5,0.81,1,break_piece|intact,0x19676216|0x2255CE3E|0x2D1D4D03
0x6812F843,piece1e,rainbow,1,9,0,0,0,0,0,1,1,0.03,0,static,0x4B9C42F1|0x7604B190|0x77F7E8C3
0x71C6DEFA,,,0,9,0,0,9,0,0,3,3,0.03,1,break_piece|intact,0x2B503BD0|0x5F6F6450|0x9A7642ED
0x73873FEE,piece1c_propdebris08,rainbow,1,9,0,9,9,0,0,3,3,13.72,1,break_piece,0x07135D3C|0x7DB2E527|0x8C674939
0x73A9D230,piece1c_propdebris06,rainbow,1,9,0,9,9,0,0,3,3,12.53,1,break_piece,0x07135D3C|0x7DB2E527|0x8C674939
0x74FA1F37,hp_winch_bottom,rainbow,1,9,0,0,9,0,0,3,4,0.03,1,break_piece|intact,0x07F4EE74|0x07F96BA2|0x1125CB99
0x753BA991,slice2b_propattach01,rainbow,1,9,0,0,0,0,0,3,3,0.03,1,break_piece,0x4F3C5FBE|0x539FF827|0x6B1DE27D
0x789B532F,,,0,9,0,9,9,0,0,4,5,1.83,1,break_piece|intact,0x155C8246|0x5B172306|0x7D0B00CB
0x7BE6DBD6,slice2b_propdebris04,rainbow,1,9,0,9,9,0,0,3,4,6.37,1,break_piece|intact,0x551A0FF1|0x9D1BA658|0x9DF6B30B
0x8054F49F,piece2b_propdebris05,rainbow,1,9,0,9,9,0,0,3,3,6.44,1,break_piece,0x0A5D9EA3|0x23AA3AEC|0x6BDE4B9D
0x82116101,,,0,9,0,0,9,0,0,3,4,0.03,1,intact,0x10A1D397|0x18674F1F|0x19E2962E
0x827E6839,,,0,9,0,9,5,0,0,4,5,1.83,0,break_piece|intact,0x155C8246|0x5B172306|0x7D0B00CB
0x8C485C92,piece3c_pristine,rainbow,1,9,0,9,9,0,0,2,2,15.95,0,break_piece|intact,0x199ABE01|0x7604B190|0x90B6CC8B
0x937DD96C,,,0,9,0,0,9,0,0,5,5,0.03,1,break_piece|intact,0x140400C1|0x2171B6D7|0x25BB5EA6
0x945C3D7B,,,0,9,0,0,9,0,0,5,6,1.71,1,break_piece,0x02195587|0x1282963C|0x19676216
0x98C6D1CD,,,0,9,0,0,9,0,0,5,5,4.03,0,break_piece|intact,0x00978EE4|0x27D928EF|0x4F3C5FBE
0x9B01C402,piece1b_propattach00_pristine,rainbow,1,9,0,9,3,0,0,4,4,4.84,0,break_piece|intact,0x020E5BB4|0x165F7C10|0x6B3A45A6
0x9D735513,,,0,9,0,0,9,0,0,5,5,0.03,1,break_piece,0x319D840A|0x52BFCBFD|0x539FF827
0xA08726F3,,,0,9,0,0,9,0,0,3,3,0.03,1,intact,0x6A41FBB4|0x8F7192B8|0x96218D77
0xA69E865D,,,0,9,0,0,29,0,0,1,5,0.03,1,break_piece|intact|static,0x27EDD04A|0x2CE290F9|0x50AACA22
0xA6C4D463,,,0,9,0,0,9,0,0,3,4,0.03,1,intact,0x10A1D397|0x18674F1F|0x19E2962E
0xA99F98B3,,,0,9,0,0,9,0,0,1,5,0.03,1,break_piece|intact|static,0x190DE84C|0x23AC7DAC|0x42A2B320
0xAAFF819E,piece3e_ruin,rainbow,1,9,0,9,2,0,0,2,2,15.86,0,break_piece,0x199ABE01|0x2CE290F9|0x7604B190
0xAE7F16A4,,,0,9,0,9,9,0,0,5,7,7.82,1,break_piece,0x1CE8F54F|0x22435EEA|0x342EDDD4
0xBA3BE9F9,,,0,9,0,9,9,0,0,5,5,4.04,0,break_piece,0x1F746ABF|0x274DBD01|0x3FF2692D
0xC497CF04,slice2b_propattach01_pristine,rainbow,1,9,0,9,1,0,0,4,4,16.80,0,break_piece|intact,0x4F3C5FBE|0x539FF827|0x6B1DE27D
0xCD05FB4B,piece1b_propattach00,rainbow,1,9,0,0,0,0,0,3,3,0.03,1,break_piece|intact,0x020E5BB4|0x165F7C10|0x6B3A45A6
0xCE44BCA8,,,0,9,0,9,9,0,0,5,6,3.03,0,break_piece|intact,0x4C998949|0x717EB6DA|0x7D0B00CB
0xD0CF3700,,,0,9,0,0,9,0,0,5,5,0.03,1,break_piece,0x149FC407|0x319D840A|0x539FF827
0xD14D1E81,hp_barreltip_c,rainbow,1,9,0,0,9,0,0,5,6,0.03,1,break_piece|intact,0x191D5D76|0x1A221527|0x2DD31CFB
0xD347E4FD,global_diw518,rainbow,1,9,0,0,9,0,0,1,10,4.84,1,break_piece|intact,0x14D94B9B|0x1CE8F54F|0x1FBFBB4B
0xD3953D6D,L12_big2,rainbow,1,9,0,0,9,0,0,5,6,6.75,0,break_piece|intact,0x149FC407|0x7C77ACCB|0x8166C6A6
0xD58A18CB,piece1c_propdebris09,rainbow,1,9,0,9,9,0,0,3,3,9.76,1,break_piece,0x07135D3C|0x7DB2E527|0x8C674939
0xD5F2F35E,,,0,9,0,9,9,0,0,5,6,3.03,0,break_piece|intact,0x4C998949|0x717EB6DA|0x7D0B00CB
0xDCD3AF8C,,,0,9,0,9,8,0,0,5,5,7.75,1,break_piece,0x2B503BD0|0x539FF827|0x9132806D
0xDF392D5C,,,0,9,0,0,9,0,0,2,3,0.03,1,break_piece|intact,0x25FE00A7|0x3B2D59B4|0x6CBE86D9
0xE2509E59,hp_fx_cigar,rainbow,1,9,1,0,9,0,0,0,9,0.03,1,,0x39F47E08|0x76C37A7E|0x77E59F1F
0xE5AA166A,piece1e_pristine,rainbow,1,9,0,9,7,0,0,2,2,18.16,0,break_piece|intact,0x4B9C42F1|0x7604B190|0x77F7E8C3
0xE5EAA510,piece1a_propdebris40,rainbow,1,9,0,9,9,0,0,3,3,12.81,1,break_piece,0x4EC9BB2A|0x5436A936|0x7EB24570
0xE68BCD4D,,,0,9,0,0,9,0,0,1,5,0.03,1,break_piece|intact|static,0x190DE84C|0x23AC7DAC|0x42A2B320
0xED228583,,,0,9,0,0,9,0,0,3,3,0.03,1,break_piece,0x0189C80A|0x3601FC68|0x37F5339B
0xF657ECF8,piece2b_propdebris06,rainbow,1,9,0,9,9,0,0,3,3,5.04,1,break_piece,0x0A5D9EA3|0x23AA3AEC|0x6BDE4B9D
0xF6D199E3,,,0,9,0,9,8,0,0,5,5,6.99,1,break_piece,0x2B503BD0|0x539FF827|0x9132806D
0x0321F7CF,piece1b_propdebris19,rainbow,1,8,0,8,8,0,0,3,3,27.82,1,break_piece|intact,0x3649DBF2|0x6B3A45A6|0x98B8D75B
0x0395E7AC,,,0,8,0,0,8,0,0,5,5,1.57,1,break_piece,0x1903A169|0x191D5D76|0x2DD31CFB
0x04B25B1A,hp_seat_lt,rainbow,1,8,0,0,8,0,0,4,4,0.03,1,intact,0x11640B62|0x12732DD2|0x461F1A3A
0x06B863E8,,,0,8,0,8,4,0,0,5,5,6.29,0,break_piece,0x1946F361|0x6B1DE27D|0x7C77ACCB
0x0A973685,,,0,8,0,0,8,0,0,1,5,0.03,1,,0x15D89832|0x4A773F60|0xC6B57C66
0x0D236BE5,slice1a_propattach08_pristine,rainbow,1,8,0,8,2,0,0,4,4,4.12,0,break_piece|intact,0x1946F361|0x38381266|0x7C77ACCB
0x0E0EAE38,piece2c,rainbow,1,8,0,0,0,0,0,1,1,0.03,0,static,0x020E5BB4|0x2FB6CCDD|0x7DB2E527
0x0F848E8D,,,0,8,0,0,8,0,0,3,4,0.03,1,break_piece,0x0307555E|0x13709C60|0x3397DE30
0x205A6DAD,piece2b_propdebris07,rainbow,1,8,0,8,8,0,0,3,3,5.58,1,break_piece,0x0A5D9EA3|0x23AA3AEC|0x6BDE4B9D
0x239A973A,,,0,8,0,0,8,0,0,5,5,1.57,1,break_piece,0x1903A169|0x191D5D76|0x2DD31CFB
0x2463B612,floor01.piece1a,rainbow,1,8,0,0,0,0,0,1,1,0.03,0,static,0x04549112|0x13417609|0x601A1292
0x258863AF,piece2c_pristine,rainbow,1,8,0,8,4,0,0,2,2,26.22,0,intact,0x020E5BB4|0x2FB6CCDD|0x7DB2E527
0x2A07E8B3,,,0,8,0,0,8,0,0,5,5,1.58,1,break_piece,0x1903A169|0x191D5D76|0x2DD31CFB
0x2C00453A,hp_dock_rt,rainbow,1,8,0,0,8,0,0,4,5,0.03,1,intact,0x11640B62|0x12732DD2|0x461F1A3A
0x3050C0EC,,,0,8,0,0,8,0,0,3,4,0.03,1,break_piece,0x10A1D397|0x18674F1F|0x19E2962E
0x3087BB69,HP_INT_C,rainbow,1,8,0,0,8,0,0,1,1,0.03,1,static,0x1096C128|0x1CC5014C|0x1D20E058
0x3A803BCB,slice1c_propdebris05,rainbow,1,8,0,8,8,0,0,3,4,6.43,1,break_piece|intact,0x09E169B3|0x1E359C2F|0x87ED6900
0x3D845A2A,slice1a_propattach08,rainbow,1,8,0,0,0,0,0,3,3,0.03,1,break_piece,0x1946F361|0x38381266|0x7C77ACCB
0x44877F6E,,,0,8,0,8,6,0,0,5,5,6.29,1,break_piece,0x2171B6D7|0x36A0A401|0x6AB0E73B
0x46391A6C,piece3c_ruin,rainbow,1,8,0,8,2,0,0,2,2,7.62,0,break_piece|intact,0x199ABE01|0x7604B190|0x90B6CC8B
0x47FDA884,hp_parachute_d,rainbow,1,8,0,0,8,0,0,3,3,0.03,1,intact,0x2E4A3730|0x43DCA001|0x81C71C96
0x480225B2,hp_parachute_b,rainbow,1,8,0,0,8,0,0,3,3,0.03,1,intact,0x2E4A3730|0x43DCA001|0x81C71C96
0x4D0723BE,,,0,8,0,0,8,0,0,4,4,0.03,1,intact,0x13A86EF7|0x7366155A|0x74EB59B1
0x500A631C,,,0,8,0,0,8,0,0,5,5,1.58,1,break_piece,0x1903A169|0x191D5D76|0x2DD31CFB
0x50327BD2,slice1c_propattach03_pristine,rainbow,1,8,0,8,2,0,0,4,4,1.14,0,break_piece,0x2A68DAEF|0x2F1F099B|0x383D01E1
0x51405C92,,,0,8,0,0,8,0,0,1,10,12.76,1,break_piece|intact,0x14D94B9B|0x1CE8F54F|0x1FBFBB4B
0x5B4D74F5,,,0,8,0,0,8,0,0,5,5,0.03,1,break_piece|intact,0x0859EA8A|0x140400C1|0x25BB5EA6
0x5F86CE47,slice1a_propattach09,rainbow,1,8,0,0,0,0,0,3,3,0.03,1,break_piece,0x1946F361|0x38381266|0x7C77ACCB
0x612DF481,piece2c_ruin,rainbow,1,8,0,8,0,0,0,2,2,26.42,0,break_piece,0x020E5BB4|0x2FB6CCDD|0x7DB2E527
0x663C3B0C,global_bullettracer,rainbow,1,8,14,0,14,0,0,0,0,34.62,0,,0x39074F35|0x3BD642AF|0x52FB71D3
0x6A0499CF,hp_parachute_c,rainbow,1,8,0,0,8,0,0,3,3,0.03,1,intact,0x2E4A3730|0x43DCA001|0x81C71C96
0x6A297623,,,0,8,0,0,8,0,0,5,5,0.03,1,break_piece,0x4F3C5FBE|0x6871E4C5|0x713ED3DB
0x78ED1828,,,0,8,0,8,8,0,0,5,8,6.88,1,break_piece,0x1CE8F54F|0x3177639B|0x342EDDD4
0x7ABD126F,aloutpost_bld_garage01_door_boothrental_a7,rainbow,1,8,0,0,8,0,0,3,3,0.03,1,break_piece|intact,0x1A2F151C|0x1CFDCEC5|0x49D0C1EE
0x7F40D826,slice1a_propattach09_pristine,rainbow,1,8,0,8,3,0,0,4,4,4.03,0,break_piece|intact,0x1946F361|0x38381266|0x7C77ACCB
0x82FC5B22,hp_dock_lf,rainbow,1,8,0,0,8,0,0,3,4,0.03,1,break_piece|intact,0x07B982D6|0x0B76A8FC|0x6D394A7B
0x83DC5BDE,slice3a_ruin,rainbow,1,8,0,8,3,0,0,2,2,32.85,0,break_piece|intact,0x2F4F8F3E|0x4F3C5FBE|0x7C77ACCB
0x859D7017,,,0,8,0,0,8,0,0,5,5,1.57,1,break_piece,0x1903A169|0x191D5D76|0x2DD31CFB
0x85A1ED45,,,0,8,0,0,8,0,0,5,5,1.57,1,break_piece,0x1903A169|0x191D5D76|0x2DD31CFB
0x86A977F1,,,0,8,0,0,8,0,0,4,4,0.03,1,break_piece|intact,0x02D1FC23|0x044EDB9C|0x299E2340
0x9C00FF29,hp_fx_leaves_green_e,rainbow,1,8,0,0,8,0,0,3,3,0.03,1,break_piece,0x04817CD7|0x54DB2EBE|0x5AB8A933
0x9E0422AB,slice1a_propdebris18,rainbow,1,8,0,8,8,0,0,3,4,9.19,1,break_piece,0x3BF3DA2E|0x624F3CEA|0x8C674939
0xA11E1084,,,0,8,0,0,8,0,0,5,5,1.58,1,break_piece,0x1903A169|0x191D5D76|0x2DD31CFB
0xA1228DB2,,,0,8,0,0,8,0,0,5,5,1.58,1,break_piece,0x1903A169|0x191D5D76|0x2DD31CFB
0xA18987EB,,,0,8,0,0,8,0,0,3,4,0.03,1,break_piece|intact,0x07B982D6|0x08E25CDC|0x0B76A8FC
0xA28A25A2,piece1a_propattach03_ruin,rainbow,1,8,0,8,0,0,0,4,4,0.03,0,break_piece,0x3FF2692D|0x4594D8DA|0x65D46951
0xA68A584B,,,0,8,0,8,6,0,0,5,5,7.15,1,break_piece,0x2171B6D7|0x36A0A401|0x6AB0E73B
0xA813E800,,,0,8,0,0,8,0,0,5,5,1.58,1,break_piece,0x1903A169|0x191D5D76|0x2DD31CFB
0xAE501B46,bone_hatch_gunner,rainbow,1,8,0,0,8,0,0,4,5,1.84,1,break_piece|intact,0x11640B62|0x16497BF1|0x3397DE30
0xAF8C7634,piece1e_ruin,rainbow,1,8,0,8,0,0,0,2,2,11.94,0,break_piece|intact,0x4B9C42F1|0x7604B190|0x77F7E8C3
0xB3E23323,,,0,8,0,0,8,0,0,5,6,6.75,0,break_piece|intact,0x149FC407|0x8166C6A6|0x9132806D
0xB3EE6418,,,0,8,0,0,8,0,0,3,4,6.57,0,intact,0x044EDB9C|0x299E2340|0x36B43DD1
0xB6C427DD,floor01.piece1a_pristine,rainbow,1,8,0,8,2,0,0,2,2,86.90,0,break_piece|intact,0x04549112|0x13417609|0x601A1292
0xB92CBF8E,,,0,8,0,0,8,0,0,5,5,0.03,1,break_piece|intact,0x2171B6D7|0x36A0A401|0x6AB0E73B
0xBB207809,,,0,8,0,0,8,0,0,5,5,1.58,1,break_piece,0x1903A169|0x191D5D76|0x2DD31CFB
0xC32501CF,,,0,8,0,0,8,0,0,5,5,1.58,1,break_piece,0x1903A169|0x191D5D76|0x2DD31CFB
0xC8050FD6,,,0,8,0,0,8,0,0,5,5,1.58,1,break_piece,0x1903A169|0x191D5D76|0x2DD31CFB
0xC8B0709B,slice1c_propattach03,rainbow,1,8,0,0,0,0,0,3,3,0.03,1,break_piece|intact,0x2A68DAEF|0x2F1F099B|0x383D01E1
0xCA09AE1D,hp_parachute_a,rainbow,1,8,0,0,8,0,0,3,3,0.03,1,intact,0x2E4A3730|0x43DCA001|0x81C71C96
0xCFECC105,piece1a_propdebris41,rainbow,1,8,0,8,8,0,0,3,3,7.96,1,break_piece,0x4EC9BB2A|0x5436A936|0x7EB24570
0xD21668B5,,,0,8,0,0,8,0,0,5,5,1.58,1,break_piece,0x1903A169|0x191D5D76|0x2DD31CFB
0xD580875C,slice3a_interior,rainbow,1,8,0,8,5,0,0,3,3,162.12,0,break_piece|intact,0x2F4F8F3E|0x319D840A|0x4F3C5FBE
0xDACB48DE,hp_dock_lr,rainbow,1,8,0,0,8,0,0,3,3,0.03,1,break_piece,0x11640B62|0x12732DD2|0x461F1A3A
0xDDACB7A5,piece1c_propdebris07,rainbow,1,8,0,8,8,0,0,3,3,12.30,1,break_piece,0x07135D3C|0x7DB2E527|0x8C674939
0xE1B0A0A5,,,0,8,0,0,8,0,0,6,7,0.03,1,intact,0x11640B62|0x16497BF1|0x340B1CB8
0xE1C734BF,slice1b_propattach05_ruin,rainbow,1,8,0,8,1,0,0,4,4,5.30,0,break_piece,0x1A1B848F|0x2A68DAEF|0x2F1F099B
0xE531B7D5,,,0,8,0,0,8,0,0,2,3,0.03,1,break_piece|intact,0x25FE00A7|0xAC3CD893|0xC56B1A44
0xE9B259E0,hp_fx_light9,rainbow,1,8,0,0,8,0,0,1,4,0.03,1,break_piece|intact,0x2CE290F9|0x33AC0183|0x3B2D59B4
0xEB6E0059,slice1b_propdebris08,rainbow,1,8,0,8,8,0,0,3,4,8.30,1,break_piece|intact,0x1E359C2F|0x2B64CF66|0x3BF3DA2E
0xEF0EDE89,,,0,8,0,0,8,0,0,4,4,0.03,1,intact,0x13A86EF7|0x7366155A|0x74EB59B1
0xEFF28D04,piece1c_interior,rainbow,1,8,0,8,8,0,0,3,3,36.46,0,intact,0x020E5BB4|0x086666D2|0x2FB6CCDD
0xF3D12F3C,,,0,8,0,0,7,0,0,1,5,0.03,1,,0x15D89832|0x4A773F60|0xC6B57C66
0xFAD1B7B5,,,0,8,0,0,8,0,0,5,5,0.03,1,break_piece,0x149FC407|0x319D840A|0x52BFCBFD
0xFD981CD1,,,0,8,0,0,8,0,0,5,5,1.57,1,break_piece,0x1903A169|0x191D5D76|0x2DD31CFB
0xFE03ED52,L1_closeup13,rainbow,1,8,0,0,8,0,0,6,6,1.71,1,break_piece,0x1282963C|0x19676216|0x228FE801
0x0997FD5F,,,0,7,0,0,0,0,0,3,3,0.92,1,intact,0x299798D8|0x38274BD1|0x3DF98450
0x0A33FA7C,piece1a_propattach11,rainbow,1,7,0,0,0,0,0,3,3,0.03,1,break_piece|intact,0x04ED3522|0x2A5FF32E|0x384DEECA
0x0D365D2B,,,0,7,0,0,7,0,0,3,3,0.03,1,break_piece|intact,0x3601FC68|0x79835204|0x9DFC8FF2
0x0D3CFED9,,,0,7,0,7,4,0,0,5,5,6.29,1,break_piece,0x539FF827|0x6B1DE27D|0x8166C6A6
0x1128A39F,slice1c_propattach04_pristine,rainbow,1,7,0,7,3,0,0,4,4,4.04,0,break_piece|intact,0x2A68DAEF|0x2F1F099B|0x964451A0
0x1184027A,slice1b_propdebris07,rainbow,1,7,0,7,7,0,0,3,4,6.54,1,break_piece|intact,0x1E359C2F|0x2B64CF66|0x3BF3DA2E
0x126E8CAC,,,0,7,0,0,7,0,0,6,6,1.56,0,break_piece,0x1623BB16|0x2D1D4D03|0x80659E62
0x143A725A,hp_dock_driver,rainbow,1,7,0,0,7,0,0,3,4,0.03,1,break_piece|intact,0x25FE00A7|0x299E2340|0x36B43DD1
0x17844D7C,,,0,7,0,0,7,0,0,3,4,0.03,1,break_piece,0x0307555E|0x13709C60|0x3397DE30
0x185EDE43,piece2b_propdebris09,rainbow,1,7,0,7,7,0,0,3,3,4.86,1,break_piece,0x23AA3AEC|0x6BDE4B9D|0x8FCA6118
0x18A0198B,piece1a_propattach11_pristine,rainbow,1,7,0,7,6,0,0,4,4,25.02,1,break_piece|intact,0x04ED3522|0x2A5FF32E|0x384DEECA
0x19403722,slice2a_propattach03,rainbow,1,7,0,0,0,0,0,3,3,0.03,1,break_piece|intact,0x2171B6D7|0x2F4F8F3E|0x7C77ACCB
0x2374B04E,hp_seat_br,rainbow,1,7,0,0,7,0,0,3,4,0.03,1,break_piece|intact,0x07B982D6|0x1903A169|0x5111F8CA
0x291F68E1,slice1a_propattach11_ruin,rainbow,1,7,0,7,2,0,0,4,4,5.74,1,break_piece|intact,0x2CE290F9|0x50AACA22|0x618526A4
0x2A9B9338,,,0,7,0,0,7,0,0,4,6,2.44,1,break_piece|intact,0x1A221527|0x1CE8F54F|0x32150ACF
0x2B259EB0,hp_fx_leaves_palm_a,rainbow,1,7,0,0,7,0,0,3,4,0.03,1,break_piece,0x04E1DED8|0x0EDFAFFF|0x24D306AE
0x2EF1BB00,,,0,7,0,0,7,0,0,4,4,0.03,1,intact,0x044EDB9C|0x0C95FF35|0x4D72B2BC
0x2FBE17FB,magazineb,rainbow,1,7,0,0,0,0,0,4,7,0.03,1,break_piece,0x1CE8F54F|0x22435EEA|0x342EDDD4
0x318CEC77,bone_waterplane,rainbow,1,7,0,0,6,0,0,4,4,38.78,0,intact,0x0C95FF35|0x4FC2D374|0x74EB59B1
0x31CCDE2D,,,0,7,0,0,7,0,0,3,3,0.03,1,intact,0x299798D8|0x38274BD1|0x3DF98450
0x3203FAA8,oilrig_details_01_ia_554,rainbow,1,7,0,0,7,0,0,5,5,1.13,0,break_piece,0x00978EE4|0x27D928EF|0x4F3C5FBE
0x34C2388A,,,0,7,0,7,7,0,0,5,5,4.04,1,break_piece,0x3FF2692D|0x4594D8DA|0x65D46951
0x357820DE,piece2a_propdebris09,rainbow,1,7,0,7,7,0,0,3,3,8.47,1,break_piece,0x165F7C10|0x39DC69DC|0x6BDE4B9D
0x359AB320,piece2a_propdebris07,rainbow,1,7,0,7,7,0,0,3,3,8.47,1,break_piece,0x0A5D9EA3|0x165F7C10|0x39DC69DC
0x35A8533C,,,0,7,0,0,7,0,0,4,4,0.03,1,intact,0x044EDB9C|0x0C95FF35|0x4D72B2BC
0x3CC48250,,,0,7,0,7,7,0,0,5,5,4.04,1,break_piece,0x0859EA8A|0x1946F361|0x2171B6D7
0x3ED13025,,,0,7,0,7,4,0,0,5,6,1.04,1,break_piece,0x37DC6DFD|0x58E907BE|0x711874AE
0x41387791,,,0,7,0,0,7,0,0,3,3,0.03,1,break_piece|intact,0x1D5D24CE|0x4B9C42F1|0x69B776FC
0x4470242C,slice1d_propdebris03,rainbow,1,7,0,7,7,0,0,3,4,8.30,1,break_piece,0x04CC21CD|0x1E359C2F|0x35992F99
0x47CF9F18,,,0,7,0,7,7,0,0,5,5,4.53,1,break_piece,0x35762845|0x3E7D2911|0x3F79F561
0x4D27F359,slice2c_propdebris00,rainbow,1,7,0,7,7,0,0,3,4,8.11,1,break_piece|intact,0x319D840A|0x52BFCBFD|0x539FF827
0x4D6F2772,piece3a_propdebris13,rainbow,1,7,0,7,7,0,0,3,3,12.27,1,break_piece,0x2EB3F3AE|0x6B3A45A6|0x6F4B9CA8
0x5044E6A4,slice1d_propattach00_pristine,rainbow,1,7,0,7,1,0,0,4,4,13.22,0,break_piece|intact,0x2F1F099B|0x35992F99|0x448774F6
0x50790E97,piece3b_propdebris00,rainbow,1,7,0,7,7,0,0,3,3,6.69,1,break_piece,0x2FB6CCDD|0x4FC18E5C|0x95FB5377
0x51E8906D,slice2a_propattach03_pristine,rainbow,1,7,0,7,6,0,0,4,4,4.03,0,break_piece|intact,0x2171B6D7|0x2F4F8F3E|0x7C77ACCB
0x540F635A,,,0,7,0,0,0,0,0,5,5,0.03,1,break_piece,0x1125CB99|0x1282963C|0x228FE801
0x577A94FB,piece2a_propdebris08,rainbow,1,7,0,7,7,0,0,3,3,8.47,1,break_piece,0x165F7C10|0x39DC69DC|0x6BDE4B9D
0x65026CDE,,,0,7,0,0,7,0,0,5,5,0.03,1,break_piece|intact,0x25BB5EA6|0x38381266|0x6B1DE27D
0x6576AC4E,,,0,7,0,0,7,0,0,3,3,0.03,1,intact,0x6A41FBB4|0x7E6BEF2C|0x96218D77
0x6CC4514C,,,0,7,0,0,7,0,0,5,6,1.71,1,break_piece,0x02195587|0x1282963C|0x19676216
0x6F32B5E1,,,0,7,0,0,7,0,0,5,6,1.83,1,break_piece,0x1125CB99|0x19E2962E|0x461F1A3A
0x6F719B8F,piece3a_propdebris12,rainbow,1,7,0,7,7,0,0,3,3,9.24,1,break_piece,0x2EB3F3AE|0x6B3A45A6|0x6F4B9CA8
0x716248FB,,,0,7,0,0,7,0,0,5,5,0.03,1,break_piece|intact,0x2BD9F929|0x35992F99|0x4E2B373E
0x71D21FCD,,,0,7,0,7,7,0,0,5,5,6.56,1,break_piece,0x35762845|0x3E7D2911|0x3F79F561
0x7259C95E,,,0,7,0,0,7,0,0,5,6,1.71,1,break_piece,0x1282963C|0x19676216|0x228FE801
0x73BEA249,slice2b_propattach02_pristine,rainbow,1,7,0,7,2,0,0,4,4,3.97,0,break_piece|intact,0x4F3C5FBE|0x6B1DE27D|0x718C019B
0x76576709,,,0,7,0,0,7,0,0,3,4,0.03,1,intact,0x0C95FF35|0x60E7FFEB|0x79905D82
0x7717095B,slice1a_propdebris21,rainbow,1,7,0,7,7,0,0,3,4,9.58,1,break_piece,0x624F3CEA|0x8C674939|0x9F747C53
0x78393CDD,,,0,7,0,0,7,0,0,4,6,0.03,0,break_piece|intact,0x1CE8F54F|0x22435EEA|0x342EDDD4
0x78778379,hp_menu_camera,rainbow,1,7,0,0,7,0,0,1,3,0.03,1,break_piece,0x23522367|0x39AF17DC|0x8456CC17
0x7A7BED75,,,0,7,0,0,7,0,0,6,6,1.56,0,break_piece,0x0E9502CF|0x2B97DD31|0x807D1C3B
0x7B430FFF,slice2a_propattach02,rainbow,1,7,0,0,0,0,0,3,3,0.03,1,break_piece|intact,0x2171B6D7|0x2F4F8F3E|0x7C77ACCB
0x7DAF4853,slice1b_propdebris11,rainbow,1,7,0,7,7,0,0,3,4,19.69,1,break_piece|intact,0x2B64CF66|0x3BF3DA2E|0x5436A936
0x7DB9B0E3,,,0,7,0,7,7,0,0,6,6,2.64,1,break_piece|intact,0x1125CB99|0x1282963C|0x228FE801
0x7EB2C415,,,0,7,0,7,4,0,0,6,6,2.64,1,break_piece|intact,0x1125CB99|0x1282963C|0x228FE801
0x831DD250,,,0,7,0,0,7,0,0,3,3,0.03,1,break_piece|intact,0x1D5D24CE|0x4B9C42F1|0x69B776FC
0x836F3740,hp_seat_bl,rainbow,1,7,0,0,7,0,0,3,4,0.03,1,break_piece|intact,0x07B982D6|0x1903A169|0x5111F8CA
0x8D257319,magazineb_loaded,rainbow,1,7,0,7,4,0,0,5,8,2.91,0,break_piece,0x1CE8F54F|0x22435EEA|0x342EDDD4
0x95944BDB,floor01.piece1a_ruin,rainbow,1,7,0,7,0,0,0,2,2,78.81,0,break_piece,0x13417609|0x601A1292|0x7D766FA6
0x95DC8CF0,,,0,7,0,0,7,0,0,4,4,0.03,1,break_piece|intact,0x02D1FC23|0x044EDB9C|0x299E2340
0x989138AB,slice2a_propdebris04,rainbow,1,7,0,7,7,0,0,3,4,5.90,1,break_piece,0x551A0FF1|0x652F1208|0x9D1BA658
0x99E448CC,,,0,7,0,0,7,0,0,5,6,6.75,0,break_piece|intact,0x7C77ACCB|0x9132806D|0xA26387A9
0x9EC479C6,bone_door_cr,rainbow,1,7,0,0,7,0,0,3,3,2.14,1,break_piece,0x0307555E|0x13709C60|0x16497BF1
0xA62FE04E,slice2a_propattach02_pristine,rainbow,1,7,0,7,5,0,0,4,4,4.12,0,break_piece|intact,0x2171B6D7|0x2F4F8F3E|0x7C77ACCB
0xB220245D,,,0,7,0,0,7,0,0,5,5,0.03,1,intact,0x2B503BD0|0x539FF827|0x9A7642ED
0xB33A3294,,,0,7,0,7,4,0,0,5,5,7.15,1,break_piece,0x539FF827|0x6B1DE27D|0x8166C6A6
0xB5C121A2,,,0,7,0,0,7,0,0,4,4,0.03,1,intact,0x044EDB9C|0x0C95FF35|0x4D72B2BC
0xBB7145B6,,,0,7,0,0,7,0,0,5,5,0.03,1,break_piece,0x319D840A|0x539FF827|0x6AB0E73B
0xBBD8AA7E,,,0,7,0,0,14,0,0,3,3,0.03,1,break_piece|intact,0x2171B6D7|0x818E5819|0xA76D0DA1
0xBC02134E,slice1a_propdebris19,rainbow,1,7,0,7,7,0,0,3,4,9.19,1,break_piece,0x624F3CEA|0x8C674939|0x9F747C53
0xBDFF6658,,,0,7,0,0,6,0,0,1,7,0.03,1,,0x15D89832|0x4A773F60|0xD0C6D545
0xBF0AC6C0,,,0,7,0,0,0,0,0,3,5,0.03,1,break_piece|intact,0x1CE8F54F|0x22435EEA|0x342EDDD4
0xBF2DEC68,,,0,7,0,0,7,0,0,5,5,0.03,1,break_piece,0x080D83D1|0x40858AFC|0x80C357EC
0xC0F99A95,,,0,7,0,0,7,0,0,4,4,0.03,1,break_piece,0x04E1DED8|0x0EDFAFFF|0x24D306AE
0xC6AF176F,,,0,7,0,0,7,0,0,6,6,1.61,1,break_piece|intact,0x19676216|0x4A579010|0x5B172306
0xC6BD3968,slice1c_propattach04,rainbow,1,7,0,0,0,0,0,3,3,0.03,1,break_piece|intact,0x2A68DAEF|0x2F1F099B|0x964451A0
0xC949C773,hp_dock_ml,rainbow,1,7,0,0,7,0,0,3,4,0.03,1,break_piece|intact,0x07B982D6|0x22435EEA|0x71DC712E
0xCCF6F8E0,,,0,7,0,0,7,0,0,3,3,0.03,1,break_piece|intact,0x299798D8|0x3601FC68|0x9DFC8FF2
0xCEEA3013,,,0,7,0,0,7,0,0,3,3,0.03,1,break_piece|intact,0x299798D8|0x3601FC68|0x9DFC8FF2
0xCEF7340E,,,0,7,0,0,7,0,0,4,4,0.03,1,intact,0x044EDB9C|0x0C95FF35|0x4D72B2BC
0xDCB288BC,,,0,7,0,0,7,0,0,5,5,0.32,1,intact,0x0077334E|0x1F746ABF|0x274DBD01
0xDF086F30,bone_pitch_front,rainbow,1,7,0,0,1,0,0,3,6,3.56,1,break_piece,0x722BEA76|0x968CE876|0xAACA3CFB
0xE02B55B6,piece1c_propdebris13,rainbow,1,7,0,7,7,0,0,3,3,8.10,1,break_piece,0x7DB2E527|0x8C674939|0xC1527544
0xE1E0F7AD,piece2c_propdebris00,rainbow,1,7,0,7,7,0,0,3,3,4.53,1,break_piece,0x020E5BB4|0x2FB6CCDD|0x7DB2E527
0xE57493E8,piece3a_propdebris11,rainbow,1,7,0,7,7,0,0,3,3,20.35,1,break_piece,0x2EB3F3AE|0x6B3A45A6|0x6F4B9CA8
0xE783BF31,slice1d_propattach00,rainbow,1,7,0,0,0,0,0,3,3,0.03,1,break_piece,0x2F1F099B|0x35992F99|0x448774F6
0xE82FDF7C,piece1c_propdebris11,rainbow,1,7,0,7,7,0,0,3,3,8.23,1,break_piece,0x7DB2E527|0x8C674939|0xC1527544
0xF16C98AD,hp_dock_mr,rainbow,1,7,0,0,7,0,0,3,4,0.03,1,break_piece|intact,0x07B982D6|0x71DC712E|0x89D8DE72
0xF31A6F06,,,0,7,0,7,5,0,0,5,5,8.95,0,break_piece,0x232B1C7C|0x2B503BD0|0x383D01E1
0xF3252714,slice2c_propdebris01,rainbow,1,7,0,7,7,0,0,3,4,5.81,1,break_piece|intact,0x319D840A|0x52BFCBFD|0x539FF827
0xF3342126,slice2b_propattach02,rainbow,1,7,0,0,0,0,0,3,3,0.03,1,break_piece,0x4F3C5FBE|0x6B1DE27D|0x718C019B
0xF65C6A26,piece2b_propdebris08,rainbow,1,7,0,7,7,0,0,3,3,5.06,1,break_piece,0x0A5D9EA3|0x23AA3AEC|0x6BDE4B9D
0xF7D3FF6E,hp_gunmount_b,rainbow,1,7,0,0,7,0,0,4,8,0.03,1,break_piece|intact,0x0065B09D|0x0E9502CF|0x2255CE3E
0xFA03C291,,,0,7,0,0,7,0,0,1,5,12.96,1,intact,0x149FC407|0x14D94B9B|0x1FBFBB4B
0xFFCC6E72,,,0,7,0,0,7,0,0,5,6,1.92,0,break_piece|intact,0x1A221527|0x32150ACF|0x6BDD88C3
0x0D29320C,,,0,6,1,0,0,8,6,0,8,0.03,1,,0x03C70F0A|0x0BBA3066|0x1DC4F961
0x1E4780FA,,,0,6,1,0,1,8,6,0,9,0.03,1,,0x03C70F0A|0x0BBA3066|0x1DC4F961
0x409403C6,,,0,6,0,0,0,8,6,1,8,0.03,1,,0x03C70F0A|0x0BBA3066|0x1DC4F961
0xA3EEDAF2,,,0,6,1,0,6,8,6,0,10,0.03,1,,0x03C70F0A|0x0BBA3066|0x1DC4F961
0xFBFA3B2C,,,0,6,1,0,1,8,6,0,9,0.03,1,,0x03C70F0A|0x0BBA3066|0x1DC4F961
0xFE747044,,,0,6,1,0,6,8,6,0,10,0.03,1,,0x03C70F0A|0x0BBA3066|0x1DC4F961
0x020FBEA2,bone_hub_br,rainbow,1,6,0,0,0,3,1,4,4,0.03,1,break_piece,0x0307555E|0x13709C60|0x3397DE30
0x0ACFF19C,bone_wheel_bl,rainbow,1,6,0,0,0,3,1,5,5,0.03,0,break_piece,0x0307555E|0x13709C60|0x3397DE30
0x81F6F03C,bone_hub_bl,rainbow,1,6,0,0,0,3,1,4,4,0.03,1,break_piece,0x0307555E|0x13709C60|0x3397DE30
0x8AE8C002,bone_wheel_br,rainbow,1,6,0,0,0,3,1,5,5,0.03,0,break_piece,0x0307555E|0x13709C60|0x3397DE30
0x02ED8861,,,0,6,0,0,6,0,0,6,6,1.04,0,break_piece,0x25BB5EA6|0x36A0A401|0x6BDE4B9D
0x07BBFF80,hp_seat_driver,rainbow,1,6,0,0,6,0,0,3,4,0.03,1,break_piece|intact,0x25FE00A7|0x299E2340|0x36B43DD1
0x0CC9CA5A,,,0,6,0,0,6,0,0,5,6,1.71,1,break_piece,0x1282963C|0x19676216|0x228FE801
0x0DBBA3DE,magazinec,rainbow,1,6,0,0,0,0,0,4,7,0.03,1,break_piece,0x1CE8F54F|0x342EDDD4|0x6D394A7B
0x1325BC4C,hp_seat_right,rainbow,1,6,0,0,6,0,0,3,3,0.03,1,intact,0x32A33D98|0x606ACAAB|0x6A16F3CC
0x13C0965E,hp_antenna_r,rainbow,1,6,0,0,6,0,0,3,3,0.03,1,break_piece,0x0307555E|0x13709C60|0x3397DE30
0x156FF09E,,,0,6,0,0,6,0,0,6,6,0.89,0,break_piece,0x080D83D1|0x40858AFC|0x56EE6A1F
0x159282E0,,,0,6,0,0,6,0,0,6,6,0.89,0,break_piece,0x080D83D1|0x40858AFC|0x56EE6A1F
0x15DC2CC5,bone_frontwheel_l,rainbow,1,6,0,0,6,0,0,3,4,1.05,1,break_piece,0x12732DD2|0x461F1A3A|0xB645EE21
0x1785BA13,,,0,6,0,0,6,0,0,6,6,0.89,0,break_piece,0x080D83D1|0x40858AFC|0x56EE6A1F
0x17CCFCBD,magazined,rainbow,1,6,0,0,0,0,0,4,7,0.03,1,break_piece,0x1CE8F54F|0x342EDDD4|0x6D394A7B
0x18138FD0,slice3a_propattach00,rainbow,1,6,0,0,0,0,0,3,3,0.03,1,break_piece,0x2F4F8F3E|0x319D840A|0x4F3C5FBE
0x1E99BA07,,,0,6,0,0,6,0,0,3,3,0.03,1,intact,0xAD473926|0xB1EFE9B5|0xC7328A6E
0x1EC9EBAE,slice1b_propattach08_pristine,rainbow,1,6,0,6,5,0,0,4,4,5.35,0,break_piece|intact,0x086666D2|0x1A1B848F|0x2171B6D7
0x2136B2C6,magazinec_loaded,rainbow,1,6,0,6,3,0,0,5,8,1.54,0,break_piece,0x1CE8F54F|0x342EDDD4|0x6D394A7B
0x21597282,,,0,6,0,0,6,0,0,4,6,5.53,0,break_piece,0x149FC407|0x74474CB1|0x9132806D
0x21FC2F90,,,0,6,0,0,6,0,0,5,5,0.03,1,break_piece|intact,0x389678CF|0x3FF2692D|0xBC09ECF1
0x2226A731,bone_axle_fl,rainbow,1,6,0,0,6,0,0,4,5,0.54,1,break_piece,0x19676216|0x31F0FE47|0x4C998949
0x23EE1ADF,,,0,6,0,0,6,0,0,6,6,1.62,0,break_piece,0x179A7702|0x2915F4A0|0x2B97DD31
0x29EC7EDD,piece1b_propdebris22,rainbow,1,6,0,6,6,0,0,3,3,24.72,1,break_piece|intact,0x6B3A45A6|0xA7A6799D|0xA948DDA6
0x2B2EC544,slice1a_propattach00_zxxye5,rainbow,1,6,0,0,6,0,0,5,5,1.96,0,intact,0x25BB5EA6|0x36A0A401|0x6BDE4B9D
0x2C02D8BF,slice1a_propattach12,rainbow,1,6,0,0,0,0,0,3,3,0.03,1,break_piece,0x1946F361|0x2CE290F9|0x50AACA22
0x2C828DD1,,,0,6,0,0,6,0,0,2,2,49.82,0,break_piece,0x036E4F11|0x0A6269EA|0x1976B149
0x2E4D64F0,,,0,6,0,0,6,0,0,6,6,1.68,0,break_piece,0x0307555E|0x13709C60|0x3397DE30
0x2EFEF06D,L3_medium1,rainbow,1,6,0,0,6,0,0,5,6,1.81,0,break_piece|intact,0x08E25CDC|0x2255CE3E|0x9C318A56
0x2FFACFD4,,,0,6,0,0,6,0,0,5,5,0.32,1,intact,0x1F746ABF|0x274DBD01|0x4594D8DA
0x340A6A70,hp_antenna_l,rainbow,1,6,0,0,6,0,0,3,3,0.03,1,break_piece,0x0307555E|0x13709C60|0x3397DE30
0x34DC8D96,piece1a_propattach05_pristine,rainbow,1,6,0,6,4,0,0,4,4,4.04,0,break_piece|intact,0x3FF2692D|0x65D46951|0xE3CCE0E6
0x3713C4E7,,,0,6,0,0,6,0,0,1,3,0.03,1,break_piece|intact,0x38274BD1|0x3DF98450|0xABFC92EE
0x374FFDAA,hp_barreltip_d,rainbow,1,6,0,0,6,0,0,5,6,0.03,1,break_piece|intact,0x191D5D76|0x1A221527|0x2DD31CFB
0x377264BB,,,0,6,0,0,6,0,0,6,6,0.89,0,break_piece,0x080D83D1|0x40858AFC|0x56EE6A1F
0x37868E42,piece1d_propdebris01,rainbow,1,6,0,6,6,0,0,3,3,8.30,1,break_piece,0x020E5BB4|0x07135D3C|0x37B0103D
0x385D503C,bone_pitch_cannon,rainbow,1,6,0,0,0,0,0,4,6,9.10,1,break_piece|intact,0x13709C60|0x25FE00A7|0x79905D82
0x39F0837A,slice1a_propattach07_ruin,rainbow,1,6,0,6,0,0,0,4,4,0.03,0,break_piece,0x1A1B848F|0x2171B6D7|0x38381266
0x3A84B8F9,slice1c_propdebris07,rainbow,1,6,0,6,6,0,0,3,4,6.65,1,break_piece,0x09E169B3|0x1E359C2F|0x87ED6900
0x3A878C5F,,,0,6,0,0,6,0,0,6,6,1.68,0,break_piece,0x0307555E|0x13709C60|0x3397DE30
0x3AF9D39E,slice3c_pristine,rainbow,1,6,0,6,2,0,0,2,2,162.45,0,break_piece|intact,0x319D840A|0x6F4B9CA8|0x9DF6B30B
0x3C8F6538,,,0,6,0,0,6,0,0,6,6,1.68,0,break_piece,0x0307555E|0x13709C60|0x3397DE30
0x3D2340B0,,,0,6,0,0,6,0,0,4,4,0.03,1,break_piece,0x149FC407|0x1E359C2F|0x35992F99
0x3D88347C,,,0,6,0,0,6,0,0,6,6,0.89,0,break_piece,0x080D83D1|0x40858AFC|0x56EE6A1F
0x3DCA40BB,hp_shelleject_c,rainbow,1,6,0,0,6,0,0,5,6,0.03,1,break_piece|intact,0x191D5D76|0x1A221527|0x2DD31CFB
0x3F019E43,,,0,6,0,0,6,0,0,6,6,1.68,0,break_piece,0x0307555E|0x13709C60|0x3397DE30
0x3F50C9A0,,,0,6,0,0,6,0,0,6,6,1.68,0,break_piece,0x0307555E|0x13709C60|0x3397DE30
0x3F950395,,,0,6,0,0,6,0,0,6,6,0.89,0,break_piece,0x080D83D1|0x40858AFC|0x56EE6A1F
0x415C4184,,,0,6,0,0,6,0,0,3,3,0.03,1,break_piece,0x0307555E|0x13709C60|0x3397DE30
0x42346D28,,,0,6,0,0,6,0,0,6,6,1.68,0,break_piece,0x0307555E|0x13709C60|0x3397DE30
0x43F099EE,,,0,6,0,0,6,0,0,6,6,1.68,0,break_piece,0x0307555E|0x13709C60|0x3397DE30
0x441E47F8,,,0,6,0,0,6,0,0,5,5,0.03,1,break_piece|intact,0x1946F361|0x2A68DAEF|0x6B1DE27D
0x4615C57E,slice1e_pristine,rainbow,1,6,0,6,0,0,0,2,2,164.08,0,break_piece,0x1E359C2F|0x35992F99|0x6871E4C5
0x4741F528,slice1c_propattach05_pristine,rainbow,1,6,0,6,3,0,0,4,4,4.04,0,break_piece|intact,0x2A68DAEF|0x2F1F099B|0xA26387A9
0x4759719E,,,0,6,0,0,6,0,0,5,5,1.96,0,intact,0x25BB5EA6|0x36A0A401|0x6BDE4B9D
0x47C2908A,,,0,6,0,0,6,0,0,5,5,0.03,1,break_piece,0x1E359C2F|0x319D840A|0x539FF827
0x49611214,,,0,6,0,0,5,0,0,1,4,3.51,1,break_piece,0x23522367|0x757EAE95|0x804425B3
0x4A7E9595,,,0,6,0,0,6,0,0,1,1,0.03,1,static,0xA0EAF095|0xA79EE18C|0xA7A6799D
0x4C07884D,slice1a_propattach10,rainbow,1,6,0,0,0,0,0,3,3,0.03,1,break_piece,0x1946F361|0x38381266|0x7C77ACCB
0x4CFB9B1E,,,0,6,0,0,6,0,0,6,6,1.68,0,break_piece,0x0307555E|0x13709C60|0x3397DE30
0x4D29B600,,,0,6,0,0,6,0,0,4,4,0.03,1,intact,0x13A86EF7|0x74EB59B1|0x9387F335
0x4DA8B9CB,,,0,6,0,0,6,0,0,3,3,0.03,1,break_piece|intact,0x79835204|0x9DF812C4|0x9DFC8FF2
0x4DAA485F,,,0,6,0,6,1,0,0,4,5,5.68,0,break_piece|intact,0x02195587|0x1A221527|0x32150ACF
0x4F4B65E5,slice2c_ruin,rainbow,1,6,0,6,2,0,0,2,2,60.75,0,break_piece|intact,0x0B7CC1B7|0x4F3C5FBE|0x5F6F6450
0x507D8BC5,piece3b_propdebris02,rainbow,1,6,0,6,6,0,0,3,3,3.78,1,break_piece,0x2FB6CCDD|0x95FB5377|0x99C8323F
0x51DA67B4,piece2a_propattach00_pristine,rainbow,1,6,0,6,3,0,0,4,4,5.44,0,break_piece|intact,0x199ABE01|0x6BDE4B9D|0x91E2FC68
0x5242815E,piece3g_pristine,rainbow,1,6,0,6,6,0,0,2,2,16.11,0,break_piece|intact,0x90B6CC8B|0xA1A48E75|0xA2AF8D66
0x5244CBFB,,,0,6,0,0,6,0,0,5,5,0.03,1,intact,0x1C793E11|0x36A0A401|0x9A7642ED
0x524CA898,slice1a_propattach10_pristine,rainbow,1,6,0,6,3,0,0,4,4,1.88,0,break_piece|intact,0x1946F361|0x38381266|0x7C77ACCB
0x5514953E,slice1a_propdebris20,rainbow,1,6,0,6,6,0,0,3,4,9.79,1,break_piece,0x624F3CEA|0x8C674939|0x9F747C53
0x561B2A40,,,0,6,0,0,6,0,0,6,6,1.68,0,break_piece,0x0307555E|0x13709C60|0x3397DE30
0x5795F0BD,,,0,6,0,0,6,0,0,6,6,1.68,0,break_piece,0x0307555E|0x13709C60|0x3397DE30
0x58857D02,,,0,6,0,0,6,0,0,6,6,1.68,0,break_piece,0x0307555E|0x13709C60|0x3397DE30
0x5A72B321,,,0,6,0,0,6,0,0,4,4,0.03,1,break_piece,0x149FC407|0x1E359C2F|0x35992F99
0x60294FC7,,,0,6,0,0,6,0,0,3,3,0.03,1,intact,0x129F3BA9|0x3B5A5AD2|0x99A6E9E6
0x6077097E,,,0,6,0,0,6,0,0,6,6,1.62,0,break_piece,0x080D83D1|0x40858AFC|0x8D7C78FF
0x6082B634,slice1c_propdebris06,rainbow,1,6,0,6,6,0,0,3,4,6.05,1,break_piece,0x09E169B3|0x1E359C2F|0x87ED6900
0x62E1A49F,piece3a_propdebris01,rainbow,1,6,0,6,6,0,0,3,3,5.13,1,break_piece,0x3BF3DA2E|0x6E81561C|0x8E8ED4C0
0x64619EB2,piece2a_propdebris27,rainbow,1,6,0,6,6,0,0,3,3,20.31,1,break_piece,0x1D20E058|0x68838B41|0x8757B5FE
0x661F1DF1,hp_trailerhitch,rainbow,1,6,0,0,6,0,0,3,4,0.03,1,break_piece,0x1125CB99|0x155C8246|0x228FE801
0x6691E5ED,,,0,6,0,0,6,0,0,6,6,1.68,0,break_piece,0x0307555E|0x13709C60|0x3397DE30
0x66ACC70F,vzoutpost_bld_agp406,rainbow,1,6,0,0,6,0,0,3,3,0.03,1,intact,0x38274BD1|0x3DF98450|0x53980DF1
0x69534A55,,,0,6,0,0,6,0,0,6,6,1.68,0,break_piece,0x0307555E|0x13709C60|0x3397DE30
0x69C504A7,,,0,6,0,0,6,0,0,5,5,0.03,1,break_piece,0x1E359C2F|0x319D840A|0x539FF827
0x6D1B7117,,,0,6,0,0,6,0,0,3,3,0.03,1,break_piece|intact,0x1D5D24CE|0x4B9C42F1|0x69B776FC
0x6F0997DB,,,0,6,0,0,6,0,0,4,4,0.03,1,intact,0x13A86EF7|0x74EB59B1|0x9387F335
0x70EEBA93,,,0,6,0,6,6,0,0,3,3,1.78,1,break_piece|intact,0x11640B62|0x12732DD2|0x16497BF1
0x75E9E558,floor02.piece1a_pristine,rainbow,1,6,0,6,1,0,0,2,2,51.37,0,intact,0x13417609|0x261F62BF|0x601A1292
0x77FC3A26,,,0,6,0,0,6,0,0,1,5,12.96,1,intact,0x149FC407|0x14D94B9B|0x1FBFBB4B
0x78F472FF,,,0,6,0,0,6,0,0,3,4,0.03,1,break_piece,0x1A83DE10|0x40D1E566|0x5AB8A933
0x7902CE02,slice2b_propattach01_ruin,rainbow,1,6,0,6,1,0,0,4,4,6.00,0,break_piece|intact,0x539FF827|0x6B1DE27D|0x718C019B
0x7C6B223D,,,0,6,0,0,6,0,0,5,6,1.71,1,break_piece,0x1282963C|0x19676216|0x228FE801
0x7F0DC121,slice2a_propattach01_ruin,rainbow,1,6,0,6,3,0,0,4,4,3.61,0,break_piece|intact,0x2171B6D7|0x36A0A401|0x551A0FF1
0x7FAB8BF7,piece1a_propattach05,rainbow,1,6,0,0,0,0,0,3,3,0.03,1,break_piece,0x3FF2692D|0x65D46951|0xE3CCE0E6
0x80DF9542,piece3a_propdebris00,rainbow,1,6,0,6,6,0,0,3,3,5.23,1,break_piece,0x3BF3DA2E|0x6E81561C|0x8E8ED4C0
0x82797D9B,,,0,6,0,0,6,0,0,6,6,1.62,0,break_piece,0x080D83D1|0x40858AFC|0x8D7C78FF
0x84187A73,,,0,6,0,0,6,0,0,5,5,0.03,1,break_piece,0x149FC407|0x1E359C2F|0x35992F99
0x866412CF,piece2a_propdebris26,rainbow,1,6,0,6,6,0,0,3,3,19.79,1,break_piece,0x1D20E058|0x68838B41|0x8757B5FE
0x86C23BA3,,,0,6,0,0,6,0,0,5,6,1.71,1,break_piece,0x02195587|0x1282963C|0x228FE801
0x8983C8D5,,,0,6,0,0,6,0,0,3,3,0.03,1,break_piece,0x0307555E|0x13709C60|0x3397DE30
0x8BFC4DCE,slice1e_interior,rainbow,1,6,0,6,4,0,0,3,3,159.56,0,break_piece,0x1E359C2F|0x35992F99|0x6871E4C5
0x8C3CA2BF,magazined_loaded,rainbow,1,6,0,6,3,0,0,5,8,1.54,0,break_piece,0x1CE8F54F|0x342EDDD4|0x6D394A7B
0x8C43F08A,,,0,6,0,6,6,0,0,3,3,8.57,1,break_piece|intact,0x08E25CDC|0x0B76A8FC|0x22435EEA
0x8F8B95F8,piece1d_propdebris03,rainbow,1,6,0,6,6,0,0,3,3,9.92,1,break_piece,0x020E5BB4|0x07135D3C|0x37B0103D
0x916B3414,slice1b_propdebris09,rainbow,1,6,0,6,6,0,0,3,4,6.20,1,break_piece|intact,0x1E359C2F|0x2B64CF66|0x3BF3DA2E
0x9597708A,piece5c_ruin,rainbow,1,6,0,6,0,0,0,2,2,13.81,0,break_piece,0x50AACA22|0x7604B190|0x9DF6B30B
0x95C4A919,piece5c,rainbow,1,6,0,0,0,0,0,1,1,0.03,0,static,0x50AACA22|0x7604B190|0x9DF6B30B
0x95DB21E9,,,0,6,0,0,6,0,0,6,6,1.68,0,break_piece,0x0307555E|0x13709C60|0x3397DE30
0x979D1BE2,,,0,6,0,0,6,0,0,3,3,0.03,1,break_piece,0x0307555E|0x13709C60|0x3397DE30
0x9ADB9EDA,oilrig_troi91,rainbow,1,6,0,0,6,0,0,3,4,0.03,1,break_piece,0x37F5339B|0x613D6CEC|0x786ECF9F
0x9B1FD0A5,slice1b_propattach07_ruin,rainbow,1,6,0,6,2,0,0,4,4,5.30,0,break_piece|intact,0x1A1B848F|0x2F1F099B|0x74474CB1
0x9BAD38F6,slice1b_propdebris10,rainbow,1,6,0,6,6,0,0,3,4,19.69,1,break_piece|intact,0x2B64CF66|0x3BF3DA2E|0x7E3AB07D
0x9D62B4F2,slice3b,rainbow,1,6,0,0,0,0,0,1,1,0.03,0,static,0x319D840A|0x6F4B9CA8|0xBFC09F3E
0x9D8D48CA,,,0,6,0,0,6,0,0,6,6,0.89,0,break_piece,0x080D83D1|0x40858AFC|0x56EE6A1F
0x9FF0593C,piece5c_pristine,rainbow,1,6,0,6,6,0,0,2,2,14.04,0,intact,0x50AACA22|0x7604B190|0x9DF6B30B
0xA01F2FD5,L1_closeup18,rainbow,1,6,0,0,6,0,0,5,6,1.58,1,break_piece,0x191D5D76|0x2DD31CFB|0x5111F8CA
0xA0895008,merida_bld_ifano4,rainbow,1,6,0,0,6,0,0,6,6,1.04,0,break_piece,0x25BB5EA6|0x36A0A401|0x6BDE4B9D
0xA1AF925E,piece1d_propdebris12,rainbow,1,6,0,6,6,0,0,3,3,7.97,1,break_piece,0x37B0103D|0x70D6FBD9|0x7DB2E527
0xA32971FE,slice1a_propattach00_zxxye7,rainbow,1,6,0,0,6,0,0,6,6,1.04,0,break_piece,0x25BB5EA6|0x36A0A401|0x6BDE4B9D
0xA360FAED,,,0,6,0,0,6,0,0,4,6,5.53,0,break_piece,0x149FC407|0x74474CB1|0x9132806D
0xA5F372CB,,,0,6,0,0,6,0,0,6,6,1.68,0,break_piece,0x0307555E|0x13709C60|0x3397DE30
0xA5F7EFF9,,,0,6,0,0,6,0,0,6,6,1.68,0,break_piece,0x0307555E|0x13709C60|0x3397DE30
0xA635F86D,,,0,6,0,0,6,0,0,3,3,0.03,1,break_piece,0x129F3BA9|0x3B5A5AD2|0x99A6E9E6
0xA7E4F672,piece1b_propdebris21,rainbow,1,6,0,6,6,0,0,3,3,24.72,1,break_piece|intact,0x3649DBF2|0x6B3A45A6|0xA7A6799D
0xA876DACA,,,0,6,0,0,6,0,0,1,1,0.03,1,static,0xA0EAF095|0xA79EE18C|0xA7A6799D
0xA9B41C24,piece1d_propdebris10,rainbow,1,6,0,6,6,0,0,3,3,24.72,1,break_piece,0x37B0103D|0x70D6FBD9|0x7DB2E527
0xAA2F00B2,,,0,6,0,0,6,0,0,6,6,1.68,0,break_piece,0x0307555E|0x13709C60|0x3397DE30
0xAAFCF582,,,0,6,0,6,3,0,0,5,5,4.02,1,break_piece,0x1A1B848F|0x2171B6D7|0x38381266
0xAB597184,,,0,6,0,0,6,0,0,5,5,0.32,1,intact,0x1F746ABF|0x274DBD01|0x4594D8DA
0xAB674EBF,bone_ruin_barrel,rainbow,1,6,0,0,6,0,0,3,3,4.39,1,break_piece,0x11640B62|0x12732DD2|0x16497BF1
0xAD91E75B,bone_frontwheel_r,rainbow,1,6,0,0,6,0,0,3,4,1.05,1,break_piece,0x12732DD2|0x461F1A3A|0xB645EE21
0xADD31BDF,,,0,6,0,6,6,0,0,5,5,4.04,1,break_piece,0x1A1B848F|0x2A68DAEF|0x2F1F099B
0xADF034DF,slice1b_propattach08,rainbow,1,6,0,0,0,0,0,3,3,0.03,1,break_piece,0x086666D2|0x1A1B848F|0x2171B6D7
0xAF2ECA36,hp_dock_tr,rainbow,1,6,0,0,6,0,0,4,4,0.03,1,break_piece|intact,0x16497BF1|0x340B1CB8|0x40858AFC
0xB08A84B8,,,0,6,0,0,6,0,0,6,6,1.68,0,break_piece,0x0307555E|0x13709C60|0x3397DE30
0xB0BF555D,slice1c_propattach05,rainbow,1,6,0,0,0,0,0,3,3,0.03,1,break_piece|intact,0x2A68DAEF|0x2F1F099B|0xA26387A9
0xB1649EAE,,,0,6,0,6,5,0,0,5,5,2.53,1,break_piece,0x2BD9F929|0x35992F99|0x45EC5734
0xB49B2931,,,0,6,0,6,2,0,0,4,5,5.70,0,break_piece|intact,0x02195587|0x1A221527|0x32150ACF
0xB78B3321,,,0,6,0,0,6,0,0,6,6,0.89,0,break_piece,0x080D83D1|0x40858AFC|0x56EE6A1F
0xB7DE76F8,piece2c_propdebris01,rainbow,1,6,0,6,6,0,0,3,3,5.03,1,break_piece,0x020E5BB4|0x2FB6CCDD|0x7DB2E527
0xB8475E0E,slice1a_propattach12_pristine,rainbow,1,6,0,6,5,0,0,4,4,20.14,0,break_piece|intact,0x1946F361|0x2CE290F9|0x50AACA22
0xB9302868,,,0,6,0,0,6,0,0,3,3,0.03,1,break_piece,0x614FAE88|0x6B4D7FAF|0xC1413B1E
0xB93757B5,piece1a_propattach11_ruin,rainbow,1,6,0,6,3,0,0,4,4,25.02,1,break_piece|intact,0x04ED3522|0x2A5FF32E|0x384DEECA
0xBA6D3A13,,,0,6,0,0,6,0,0,4,4,0.03,1,break_piece,0x149FC407|0x1E359C2F|0x35992F99
0xBBD64008,hp_shelleject_d,rainbow,1,6,0,0,6,0,0,5,6,0.03,1,break_piece|intact,0x191D5D76|0x1A221527|0x2DD31CFB
0xBCA0827E,vzoutpost_bld_agp403,rainbow,1,6,0,0,6,0,0,3,3,0.03,1,intact,0x38274BD1|0x3DF98450|0x53980DF1
0xBDEDD757,slice1b_propattach10_dyrp18,rainbow,1,6,0,0,6,0,0,5,5,0.03,1,break_piece,0x4F3C5FBE|0x6871E4C5|0x818E5819
0xBF30EF26,,,0,6,0,0,6,0,0,3,3,0.03,1,break_piece|intact,0x1D5D24CE|0x4B9C42F1|0x69B776FC
0xBF65290F,slice3c,rainbow,1,6,0,0,0,0,0,1,1,0.03,0,static,0x319D840A|0x6F4B9CA8|0x9DF6B30B
0xBF8FBCE7,,,0,6,0,0,6,0,0,6,6,0.89,0,break_piece,0x080D83D1|0x40858AFC|0x56EE6A1F
0xC0AED8BD,slice3b_pristine,rainbow,1,6,0,6,0,0,0,2,2,162.68,0,break_piece|intact,0x319D840A|0x6F4B9CA8|0xBFC09F3E
0xC22D6513,piece1c_propdebris12,rainbow,1,6,0,6,6,0,0,3,3,7.58,1,break_piece,0x7DB2E527|0x8C674939|0xC1527544
0xC50F9E18,,,0,6,0,0,6,0,0,4,4,0.03,1,break_piece,0x5AB8A933|0x799C0CA2|0x7ABD58C1
0xC52BE61B,slice1a_propattach00_zxxye6,rainbow,1,6,0,0,6,0,0,6,6,1.04,0,break_piece,0x25BB5EA6|0x36A0A401|0x6BDE4B9D
0xC677AC97,slice1d_propdebris04,rainbow,1,6,0,6,6,0,0,3,4,5.92,1,break_piece,0x04CC21CD|0x1E359C2F|0xA8CD6FA7
0xC6857228,,,0,6,0,0,0,0,0,3,4,0.03,1,break_piece,0x02195587|0x1A221527|0x32150ACF
0xC6B1DB5D,vzoutpost_bld_agp404,rainbow,1,6,0,0,6,0,0,3,3,0.03,1,intact,0x38274BD1|0x3DF98450|0x53980DF1
0xC821BB58,,,0,6,0,0,6,0,0,5,5,0.03,1,break_piece,0x4F3C5FBE|0x6871E4C5|0x818E5819
0xC9E76A8F,piece1b_propdebris20,rainbow,1,6,0,6,6,0,0,3,3,27.82,1,break_piece|intact,0x3649DBF2|0x6B3A45A6|0xA7A6799D
0xC9F002AF,bone_axle_fr,rainbow,1,6,0,0,2,0,0,4,5,1.97,1,break_piece,0x19676216|0x31F0FE47|0x4C998949
0xCB2C71CF,piece3g,rainbow,1,6,0,0,0,0,0,1,1,0.03,0,static,0x90B6CC8B|0xA1A48E75|0xA2AF8D66
0xCC3174CF,,,0,6,0,0,6,0,0,6,6,1.68,0,break_piece,0x0307555E|0x13709C60|0x3397DE30
0xCC4BBAAD,hp_seat_left,rainbow,1,6,0,0,6,0,0,3,3,0.03,1,intact,0x32A33D98|0x606ACAAB|0x6A16F3CC
0xCC8CD2B4,,,0,6,0,6,5,0,0,5,5,6.98,1,break_piece,0x36A0A401|0x6AB0E73B|0x8A6DEF3D
0xCD22ACAB,slice2c_propdebris02,rainbow,1,6,0,6,6,0,0,3,4,6.47,1,break_piece|intact,0x52BFCBFD|0x539FF827|0x9DF6B30B
0xCFE843D7,piece1a_propdebris43,rainbow,1,6,0,6,6,0,0,3,3,7.25,1,break_piece,0x5436A936|0x7EB24570|0x97A96272
0xD23E640E,,,0,6,0,0,6,0,0,6,6,1.68,0,break_piece,0x0307555E|0x13709C60|0x3397DE30
0xD478E15F,,,0,6,0,0,6,0,0,5,5,0.03,1,break_piece|intact,0x1946F361|0x2171B6D7|0x38381266
0xD58E6852,,,0,6,0,0,6,0,0,6,6,1.68,0,break_piece,0x0307555E|0x13709C60|0x3397DE30
0xD75BECE4,slice3a_propdebris02,rainbow,1,6,0,6,6,0,0,3,4,7.63,1,break_piece|intact,0x2F4F8F3E|0x319D840A|0x9DF6B30B
0xD8326C21,slice1b_propattach11,rainbow,1,6,0,0,0,0,0,3,3,0.03,1,break_piece,0x2171B6D7|0x2F1F099B|0x37B0103D
0xD86B2AB6,,,0,6,0,0,6,0,0,4,4,0.03,1,break_piece,0x149FC407|0x1E359C2F|0x35992F99
0xD9D74EB7,slice3a_propattach00_pristine,rainbow,1,6,0,6,3,0,0,4,4,16.80,0,break_piece|intact,0x2F4F8F3E|0x319D840A|0x4F3C5FBE
0xDAE0DEAF,,,0,6,0,0,6,0,0,1,1,0.03,1,,0x1B388028|0x41D7AC6F|0x738993DF
0xDC57CE3E,piece2a_propdebris23,rainbow,1,6,0,6,6,0,0,3,3,5.76,1,break_piece,0x1D20E058|0x68838B41|0x8757B5FE
0xDCAFBF68,vzoutpost_bld_agp405,rainbow,1,6,0,0,6,0,0,3,3,0.03,1,intact,0x38274BD1|0x3DF98450|0x53980DF1
0xDD19E884,slice1a_propdebris22,rainbow,1,6,0,6,6,0,0,3,4,11.29,1,break_piece,0x624F3CEA|0x8C674939|0x9F747C53
0xDD1E65B2,slice1a_propdebris24,rainbow,1,6,0,6,6,0,0,3,4,10.35,1,break_piece,0x624F3CEA|0x8C674939|0x9F747C53
0xDE03AD2F,bone_steering,rainbow,1,6,0,0,6,0,0,3,5,1.71,1,break_piece|intact,0x31F0FE47|0x4C998949|0x5B3458E9
0xDFD4F44E,floor02.piece1a_ruin,rainbow,1,6,0,6,0,0,0,2,2,34.67,0,break_piece,0x13417609|0x261F62BF|0x601A1292
0xDFEDB1B1,,,0,6,0,0,6,0,0,6,6,1.62,0,break_piece,0x179A7702|0x2915F4A0|0x2B97DD31
0xE188D08B,,,0,6,0,0,6,0,0,3,3,0.03,1,break_piece,0x0307555E|0x13709C60|0x3397DE30
0xE19C51BA,,,0,6,0,0,6,0,0,3,3,0.03,1,break_piece,0x0307555E|0x13709C60|0x3397DE30
0xE326D514,slice1b_propattach11_pristine,rainbow,1,6,0,6,5,0,0,4,4,23.00,0,break_piece|intact,0x2171B6D7|0x2F1F099B|0x37B0103D
0xE48A5D82,,,0,6,0,0,6,0,0,6,6,1.68,0,break_piece,0x0307555E|0x13709C60|0x3397DE30
0xE6459FEF,slice1e,rainbow,1,6,0,0,0,0,0,1,1,0.03,0,static,0x1E359C2F|0x35992F99|0x6871E4C5
0xE669271D,piece2a_propdebris24,rainbow,1,6,0,6,6,0,0,3,3,5.76,1,break_piece,0x1D20E058|0x68838B41|0x8757B5FE
0xE693140D,floor02.piece1a,rainbow,1,6,0,0,0,0,0,1,1,0.03,0,static,0x13417609|0x261F62BF|0x601A1292
0xE6C74FF1,,,0,6,0,0,6,0,0,5,6,1.71,1,break_piece,0x1282963C|0x19676216|0x228FE801
0xE761BD53,,,0,6,0,0,6,0,0,3,3,0.03,1,break_piece,0x0307555E|0x13709C60|0x3397DE30
0xE87C5CC4,,,0,6,0,0,6,0,0,6,6,1.62,0,break_piece,0x080D83D1|0x40858AFC|0x8D7C78FF
0xE94E03A7,,,0,6,0,0,6,0,0,6,6,1.68,0,break_piece,0x0307555E|0x13709C60|0x3397DE30
0xEAEA851F,,,0,6,0,0,6,0,0,5,5,0.03,1,break_piece,0x149FC407|0x319D840A|0x539FF827
0xEBA5E0EE,,,0,6,0,0,6,0,0,3,3,0.03,1,break_piece|intact,0x37F5339B|0x9DF812C4|0x9DFC8FF2
0xEBA7D912,,,0,6,0,6,0,0,0,4,4,0.03,0,break_piece,0x149FC407|0x1E359C2F|0x35992F99
0xEBA7F901,,,0,6,0,0,6,0,0,6,6,1.55,0,break_piece,0x25BB5EA6|0x36A0A401|0x6BDE4B9D
0xED930B48,,,0,6,0,0,6,0,0,6,6,1.68,0,break_piece,0x0307555E|0x13709C60|0x3397DE30
0xEE7635BA,piece3b_propdebris01,rainbow,1,6,0,6,6,0,0,3,3,5.03,1,break_piece,0x2FB6CCDD|0x4FC18E5C|0x95FB5377
0xF16CBDB6,,,0,6,0,0,6,0,0,5,5,0.03,1,break_piece,0x149FC407|0x1E359C2F|0x35992F99
0xF2243C0D,,,0,6,0,0,6,0,0,5,5,0.03,1,break_piece,0x4F3C5FBE|0x6871E4C5|0x818E5819
0xF227A43B,,,0,6,0,0,6,0,0,6,6,1.55,0,break_piece,0x25BB5EA6|0x36A0A401|0x6BDE4B9D
0xF49BB680,,,0,6,0,0,6,0,0,3,3,0.03,1,intact,0xAD473926|0xB1EFE9B5|0xC7328A6E
0xF78A9E23,,,0,6,0,0,6,0,0,5,6,1.81,0,break_piece|intact,0x08E25CDC|0x2255CE3E|0x9C318A56
0xF825027B,,,0,6,0,0,6,0,0,6,6,1.56,0,break_piece,0x0E9502CF|0x2B97DD31|0x807D1C3B
0xFC670B28,piece2a_propdebris25,rainbow,1,6,0,6,6,0,0,3,3,20.31,1,break_piece,0x1D20E058|0x68838B41|0x8757B5FE
0xFDE283C1,piece2a_propattach00,rainbow,1,6,0,0,0,0,0,3,3,0.03,1,break_piece|intact,0x199ABE01|0x6BDE4B9D|0x91E2FC68
0xFE08E44C,,,0,6,0,0,6,0,0,5,5,0.32,1,intact,0x1F746ABF|0x274DBD01|0x4594D8DA
0x0EFC7F7C,bone_grenade,rainbow,1,5,0,0,5,67,4,4,4,0.03,1,intact,0x11640B62|0x461F1A3A|0x8CA421C3
0x2C3C46E2,bone_rotor,rainbow,1,5,0,0,0,15,1,3,5,1.51,1,break_piece|intact,0x07B982D6|0x0B76A8FC|0x342EDDD4
0x7EC75420,bone_tailrotor,rainbow,1,5,0,0,0,13,1,4,7,0.03,1,break_piece|intact,0x07B982D6|0x0B76A8FC|0x342EDDD4
0x11815D82,,,0,5,0,0,5,9,7,1,5,0.03,1,,0x03C70F0A|0x0BBA3066|0x25C98327
0xFAADBFFF,,,0,5,0,0,5,9,7,1,4,0.03,1,,0x03C70F0A|0x0BBA3066|0x25C98327
0xEB221048,,,0,5,0,0,4,8,6,1,7,0.03,1,,0x03C70F0A|0x0BBA3066|0x1DC4F961
0xACA8B402,bone_fana,rainbow,1,5,0,0,0,3,3,1,3,1.33,1,break_piece,0x23522367|0x757EAE95|0x804425B3
0x3620B905,bone_door_r,rainbow,1,5,0,0,5,1,1,3,4,2.80,1,break_piece|intact,0x340B1CB8|0x7366155A|0x74EB59B1
0x0215ABC5,slice3a_propattach01,rainbow,1,5,0,0,0,0,0,3,3,0.03,1,break_piece,0x2F4F8F3E|0x4F3C5FBE|0x7C77ACCB
0x02924C01,,,0,5,0,0,5,0,0,6,6,0.87,0,break_piece,0x080D83D1|0x40858AFC|0x8D7C78FF
0x02B87F7D,,,0,5,0,0,5,0,0,5,5,0.03,1,break_piece,0x149FC407|0x319D840A|0x52BFCBFD
0x02E71DAD,piece3a_propdebris03,rainbow,1,5,0,5,5,0,0,3,3,7.40,1,break_piece,0x3BF3DA2E|0x6E81561C|0x8E8ED4C0
0x05FB0FD1,,,0,5,0,5,5,0,0,5,6,5.67,0,break_piece|intact,0x0065B09D|0x9F2D315C|0xAC990539
0x079C4075,,,0,5,0,0,5,0,0,3,4,0.03,1,break_piece,0x0C95FF35|0x60E7FFEB|0x7366155A
0x083053E1,,,0,5,0,0,5,0,0,3,3,0.03,1,intact,0x12B2BD31|0x3D8AA814|0x54557BF3
0x089016DC,,,0,5,0,0,5,0,0,6,6,0.87,0,break_piece,0x080D83D1|0x40858AFC|0x8D7C78FF
0x0A69DF64,,,0,5,0,0,5,0,0,4,4,0.66,1,break_piece,0x080D83D1|0x40858AFC|0x8D7C78FF
0x0A834E0F,,,0,5,0,0,5,0,0,6,6,0.87,0,break_piece,0x080D83D1|0x40858AFC|0x8D7C78FF
0x0ACA49B5,floor01.slice1b,rainbow,1,5,0,0,0,0,0,1,1,0.03,0,static,0x149FC407|0x261F62BF|0x77A20DC0
0x0AD8C217,,,0,5,0,0,5,0,0,6,6,1.65,1,break_piece,0x11640B62|0x2915F4A0|0xB6EDE80B
0x0C58BE57,slice2d,rainbow,2,5,0,0,0,0,0,1,1,0.03,0,static,0x0B7CC1B7|0x1A74D3EE|0x39AF17DC
0x0F6B2767,,,0,5,0,0,5,0,0,4,4,0.03,1,intact,0x13A86EF7|0x7366155A|0x74EB59B1
0x0FA95FB7,bone_strut_fr,rainbow,1,5,0,0,5,0,0,4,5,0.47,1,break_piece|intact,0x19676216|0x2255CE3E|0x2D1D4D03
0x0FDB1131,piece3d_ruin,rainbow,1,5,0,5,2,0,0,2,2,8.20,0,break_piece,0x199ABE01|0x91E2FC68|0xA517D4A3
0x10C925CD,slice1b_propattach09_pristine,rainbow,1,5,0,5,3,0,0,4,4,5.33,0,break_piece|intact,0x1A1B848F|0x2171B6D7|0x2F1F099B
0x11990F7E,L12_1,rainbow,1,5,0,0,5,0,0,6,6,6.29,0,break_piece,0x149FC407|0x35992F99|0x585A9008
0x136BF4B9,,,0,5,0,5,4,0,0,5,5,2.98,1,break_piece,0x2BD9F929|0x35992F99|0x45EC5734
0x17169E5A,,,0,5,0,0,5,0,0,3,3,0.03,1,break_piece|intact,0x4B9C42F1|0x7604B190|0x77F7E8C3
0x1741E5C1,slice3b_interior,rainbow,1,5,0,5,4,0,0,3,3,162.56,0,break_piece|intact,0x319D840A|0x6F4B9CA8|0xBFC09F3E
0x183A5FBA,,,0,5,0,0,5,0,0,4,4,0.03,1,break_piece,0x149FC407|0x319D840A|0x52BFCBFD
0x187F601E,bone_steering_fr,rainbow,1,5,0,0,5,0,0,4,5,0.74,1,break_piece|intact,0x19676216|0x2255CE3E|0x2D1D4D03
0x18A9E282,bone_steering_fr_attach,rainbow,1,5,0,0,5,0,0,3,4,0.03,1,break_piece|intact,0x19676216|0x2255CE3E|0x2D1D4D03
0x193C4862,,,0,5,0,5,5,0,0,5,5,3.95,0,intact,0x0F9B9B04|0x9302194B|0xA4937D58
0x19970A5D,hp_barreltip_rocket_R,rainbow,1,5,0,0,5,0,0,4,6,0.03,1,break_piece|intact,0x0B76A8FC|0x22435EEA|0x6D394A7B
0x1BFAF79B,L2_close1,rainbow,1,5,0,0,5,0,0,4,6,1.83,1,break_piece,0x1125CB99|0x19E2962E|0xB37E7DB3
0x207C14E0,,,0,5,0,0,5,0,0,1,1,0.03,1,static,0xA0EAF095|0xA79EE18C|0xA7A6799D
0x20DB2350,,,0,5,0,0,5,0,0,6,6,1.65,0,break_piece,0x11640B62|0x2915F4A0|0xB6EDE80B
0x21CEE28F,,,0,5,0,0,5,0,0,5,6,1.92,0,break_piece|intact,0x1A221527|0x32150ACF|0x6BDD88C3
0x24064EEA,,,0,5,0,5,2,0,0,5,5,8.95,1,break_piece,0x539FF827|0x6B1DE27D|0x718C019B
0x24445241,bone_rudder_l,rainbow,1,5,0,0,5,0,0,3,4,2.58,1,intact,0x13A86EF7|0x60E7FFEB|0x7366155A
0x2768DE29,bone_strut_fl,rainbow,1,5,0,0,5,0,0,4,5,0.47,1,break_piece|intact,0x19676216|0x2255CE3E|0x2D1D4D03
0x276E03DD,,,0,5,0,0,1,0,0,7,7,1.49,0,break_piece|intact,0x0E9502CF|0x2915F4A0|0x31F0FE47
0x27EA681D,bone_shock_fl,rainbow,1,5,0,0,5,0,0,3,5,0.69,1,break_piece|intact,0x19676216|0x2255CE3E|0x2D1D4D03
0x2AAAB91A,,,0,5,0,0,5,0,0,4,4,0.66,1,break_piece,0x080D83D1|0x40858AFC|0x8D7C78FF
0x2EB7CCF2,slice1c_propattach06,rainbow,1,5,0,0,0,0,0,3,3,0.03,1,break_piece|intact,0x2F1F099B|0xA26387A9|0xCA20C1D9
0x2F4F6789,bone_pitch_rear,rainbow,1,5,0,0,0,0,0,4,7,3.56,1,break_piece|intact,0x0C95FF35|0x968CE876|0xAACA3CFB
0x2F63FD4B,,,0,5,0,0,5,0,0,4,4,0.03,1,break_piece,0x13A86EF7|0x7366155A|0xC142F94B
0x30969070,slice3c_ruin,rainbow,1,5,0,5,2,0,0,2,2,28.17,0,break_piece,0x6F4B9CA8|0x9DF6B30B|0xA27EA462
0x313B7264,floor02.piece1a_propdebris11,rainbow,1,5,0,5,5,0,0,3,3,13.81,1,break_piece,0x13417609|0x601A1292|0x7D766FA6
0x31FA66A1,,,0,5,0,0,5,0,0,4,4,0.03,1,intact,0x13A86EF7|0x7366155A|0x74EB59B1
0x33A90F08,,,0,5,0,0,5,0,0,4,4,0.03,1,break_piece,0x149FC407|0x319D840A|0x52BFCBFD
0x344A24C8,hp_mount_antenna_b,rainbow,1,5,0,0,5,0,0,4,4,0.03,1,break_piece|intact,0x11640B62|0x12181179|0x4BE3E7C4
0x34CE9E99,hp_ladder_top_d,rainbow,1,5,0,0,5,0,0,2,3,0.03,1,break_piece|intact,0x1A74D3EE|0x79835204|0xA807713E
0x36CD5927,,,0,5,0,5,5,0,0,1,1,0.46,0,intact,0x09139BCD|0x0D0B8CF5|0x45CC35FE
0x38C93430,bone_steering_fl,rainbow,1,5,0,0,5,0,0,4,5,0.74,1,break_piece|intact,0x19676216|0x2255CE3E|0x2D1D4D03
0x3BC1DCD4,piece5b,rainbow,1,5,0,0,0,0,0,1,1,0.03,0,static,0x3BF3DA2E|0x95FB5377|0x9DF6B30B
0x3DA6E02F,,,0,5,0,0,5,0,0,4,4,0.03,1,break_piece,0x149FC407|0x319D840A|0x52BFCBFD
0x412F6A28,piece3d,rainbow,1,5,0,0,0,0,0,1,1,0.03,0,static,0x199ABE01|0x91E2FC68|0xA517D4A3
0x41592E42,slice1b_propattach06_ruin,rainbow,1,5,0,5,1,0,0,4,4,5.29,0,break_piece,0x2F1F099B|0x74474CB1|0xCA20C1D9
0x41DB7E9F,piece2c_propdebris02,rainbow,1,5,0,5,5,0,0,3,3,4.26,1,break_piece,0x2FB6CCDD|0x7DB2E527|0x95FB5377
0x4329FD0A,,,0,5,0,0,5,0,0,2,3,0.03,1,break_piece|intact,0x25FE00A7|0xC56B1A44|0xD1968AF1
0x44DAC356,,,0,5,0,0,5,0,0,3,3,0.18,1,,0x15D89832|0xA3C1FABC|0xC6B57C66
0x4608C307,,,0,5,0,5,2,0,0,5,5,6.09,1,break_piece,0x539FF827|0x6B1DE27D|0x718C019B
0x466C32E6,piece3b_propdebris05,rainbow,1,5,0,5,5,0,0,3,3,5.67,1,break_piece,0x2FB6CCDD|0x95FB5377|0xABFDB4B0
0x4674A0BD,slice1c_propattach06_pristine,rainbow,1,5,0,5,4,0,0,4,4,4.04,0,break_piece|intact,0x2F1F099B|0xA26387A9|0xCA20C1D9
0x46F6CF7A,slice1c_propattach01_ruin,rainbow,1,5,0,5,0,0,0,4,4,0.03,0,break_piece,0x2B503BD0|0x383D01E1|0x9A7642ED
0x47E2F091,piece1a_propdebris45,rainbow,1,5,0,5,5,0,0,3,3,7.10,1,break_piece,0x5436A936|0x8B69284B|0x97A96272
0x47F0F428,,,0,5,0,0,5,0,0,6,6,3.80,1,break_piece,0x149FC407|0x9132806D|0xDDE0070C
0x48A57048,floor01.piece1b_pristine,rainbow,1,5,0,5,1,0,0,2,2,60.58,0,intact,0x7D766FA6|0xAC3CD893|0xCA3AC936
0x4BE585A6,,,0,5,0,0,5,0,0,6,6,2.10,0,break_piece,0x149FC407|0x9132806D|0xDDE0070C
0x4C7D5153,piece5b_propdebris02,rainbow,1,5,0,5,5,0,0,3,3,3.99,1,break_piece,0x3BF3DA2E|0x95FB5377|0x9DF6B30B
0x4CF9177C,,,0,5,0,5,4,0,0,5,5,3.93,0,break_piece,0x0F9B9B04|0x9302194B|0xA4937D58
0x4DBE8594,,,0,5,0,0,5,0,0,5,5,0.03,1,break_piece,0x149FC407|0x319D840A|0x52BFCBFD
0x4F8D4077,,,0,5,0,0,0,0,0,7,7,1.49,0,break_piece|intact,0x0E9502CF|0x2915F4A0|0x31F0FE47
0x50BA410F,slice1c_propattach07,rainbow,1,5,0,0,0,0,0,3,3,0.03,1,break_piece|intact,0x2F1F099B|0xA26387A9|0xCA20C1D9
0x5164A412,,,0,5,0,5,0,0,0,4,4,2.87,1,break_piece,0x0065B09D|0x12181179|0x19676216
0x544FAABB,slice3b_ruin,rainbow,1,5,0,5,3,0,0,2,2,40.14,0,break_piece|intact,0x6F4B9CA8|0xBFC09F3E|0xDDE0070C
0x552C2B2B,,,0,5,0,0,0,0,0,4,4,0.03,0,break_piece,0x0F9B9B04|0x9302194B|0xA4937D58
0x55FE1443,bone_barrel_ruin,rainbow,1,5,0,0,5,0,0,3,3,4.26,1,break_piece,0x40858AFC|0x461F1A3A|0x80C357EC
0x5619263D,,,0,5,0,0,5,0,0,5,5,0.03,1,break_piece|intact,0x0859EA8A|0x6B1DE27D|0x74474CB1
0x5663559D,,,0,5,0,0,5,0,0,3,3,0.18,1,,0x15D89832|0xA3C1FABC|0xC6B57C66
0x5859DB48,,,0,5,0,0,0,0,0,4,5,0.03,1,break_piece,0x0065B09D|0x9F2D315C|0xAC990539
0x5871D997,bone_axle_rl_attach,rainbow,1,5,0,0,5,0,0,3,4,0.03,1,break_piece|intact,0x19676216|0x2255CE3E|0x2D1D4D03
0x5ADD1AD9,piece3a_propdebris07,rainbow,1,5,0,5,5,0,0,3,3,5.41,1,break_piece,0x3BF3DA2E|0x6E81561C|0x8E8ED4C0
0x5BEAFE7A,slice1b_propattach10_dyrp19,rainbow,1,5,0,0,5,0,0,5,5,0.03,1,break_piece,0x4F3C5FBE|0x6871E4C5|0x818E5819
0x5C03DF5C,hp_dock_br,rainbow,1,5,0,0,5,0,0,3,4,0.03,1,break_piece|intact,0x07B982D6|0x71DC712E|0x89D8DE72
0x5E2F6D7C,slice1b_propattach10,rainbow,1,5,0,0,0,0,0,3,3,0.03,1,break_piece,0x1A1B848F|0x2171B6D7|0x2F1F099B
0x5F2AB868,,,0,5,0,0,5,0,0,6,6,2.98,0,break_piece,0x149FC407|0x9132806D|0xDDE0070C
0x6232DE21,piece1c_propdebris10,rainbow,1,5,0,5,5,0,0,3,3,7.35,1,break_piece,0x7DB2E527|0x8C674939|0xC1527544
0x631F49E6,,,0,5,0,0,5,0,0,6,6,3.81,1,break_piece,0x149FC407|0x9132806D|0xDDE0070C
0x639277D2,,,0,5,0,0,5,0,0,5,5,0.03,1,break_piece|intact,0x086666D2|0x383D01E1|0x6B1DE27D
0x648B8BA2,floor02.piece1b,rainbow,1,5,0,0,0,0,0,1,1,0.03,0,static,0x7D766FA6|0xAC3CD893|0xCA3AC936
0x652C7127,,,0,5,0,0,5,0,0,2,3,0.03,1,break_piece|intact,0x25FE00A7|0xC56B1A44|0xD1968AF1
0x661AFA98,,,0,5,0,5,0,0,0,4,4,0.03,0,break_piece,0x149FC407|0x319D840A|0x52BFCBFD
0x667B6FD0,piece3b_propdebris03,rainbow,1,5,0,5,5,0,0,3,3,6.69,1,break_piece,0x2FB6CCDD|0x95FB5377|0xABFDB4B0
0x676D11C9,piece3a_propdebris14,rainbow,1,5,0,5,5,0,0,3,3,7.53,1,break_piece,0x2EB3F3AE|0x6B3A45A6|0x6F4B9CA8
0x679E2A76,slice2d_pristine,rainbow,1,5,0,5,1,0,0,2,2,227.66,0,break_piece|intact,0x0B7CC1B7|0x1A74D3EE|0x39AF17DC
0x67C0C6EE,,,0,5,0,5,5,0,0,5,5,3.66,1,break_piece,0x35762845|0x3E7D2911|0x559F909D
0x682ADAD3,,,0,5,0,0,5,0,0,3,3,0.03,1,intact,0x12B2BD31|0x3D8AA814|0x54557BF3
0x696AC17C,,,0,5,0,0,5,0,0,5,5,0.03,1,break_piece,0x149FC407|0x319D840A|0x52BFCBFD
0x6A88625D,,,0,5,0,0,5,0,0,6,6,0.87,0,break_piece,0x080D83D1|0x40858AFC|0x8D7C78FF
0x6BB03514,floor01.slice1b_interior,rainbow,1,5,0,5,4,0,0,3,3,129.37,0,break_piece|intact,0x149FC407|0x261F62BF|0x77A20DC0
0x6C8AF13A,L2_closeup18,rainbow,1,5,0,0,5,0,0,5,5,1.58,1,break_piece,0x191D5D76|0x2DD31CFB|0x5111F8CA
0x6D7B2521,bone_axle_rr_attach,rainbow,1,5,0,0,5,0,0,3,4,0.03,1,break_piece|intact,0x19676216|0x2255CE3E|0x2D1D4D03
0x6D7D0993,,,0,5,0,0,0,0,0,4,5,0.03,1,break_piece,0x968CE876|0xAACA3CFB|0xB187C134
0x6D80C08C,slice1d_propattach01,rainbow,1,5,0,0,0,0,0,3,3,0.03,1,break_piece,0x2F1F099B|0x35992F99|0x539FF827
0x6DE56AFA,piece1a_propdebris42,rainbow,1,5,0,5,5,0,0,3,3,7.96,1,break_piece,0x5436A936|0x7EB24570|0x9DF812C4
0x6E7E4945,,,0,5,0,0,5,0,0,3,3,0.03,1,break_piece,0x1903A169|0x191D5D76|0x2DD31CFB
0x706A9496,,,0,5,0,0,5,0,0,6,6,1.65,0,break_piece,0x11640B62|0x2915F4A0|0xB6EDE80B
0x708E6093,,,0,5,0,0,5,0,0,5,5,13.20,0,break_piece|intact,0x35992F99|0x8166C6A6|0xA113D98D
0x727FCBBC,piece5b_propdebris01,rainbow,1,5,0,5,5,0,0,3,3,4.24,1,break_piece,0x3BF3DA2E|0x95FB5377|0x9DF6B30B
0x72E40EC3,slice3d_pristine,rainbow,1,5,0,5,0,0,0,2,2,58.96,0,break_piece|intact,0x04CC21CD|0x1A74D3EE|0x6F4B9CA8
0x7342D0AF,,,0,5,0,0,5,0,0,1,10,12.76,1,break_piece,0x14D94B9B|0x1CE8F54F|0x1FBFBB4B
0x77239500,bone_steering_fl_attach,rainbow,1,5,0,0,5,0,0,3,4,0.03,1,break_piece|intact,0x19676216|0x2255CE3E|0x2D1D4D03
0x79FA0DDE,hp_fx_leaves_green_f,rainbow,1,5,0,0,5,0,0,3,3,0.03,1,break_piece,0x04817CD7|0x54DB2EBE|0x5AB8A933
0x7A10A764,bone_recoil,rainbow,1,5,0,0,3,0,0,5,5,3.77,1,intact,0x22CE9B7B|0x3B4F3D70|0x80C357EC
0x7B00C182,,,0,5,0,5,3,0,0,5,5,3.47,1,break_piece,0x2B503BD0|0x383D01E1|0x9A7642ED
0x7D59FC91,,,0,5,0,5,5,0,0,4,7,3.61,1,break_piece,0x1623BB16|0x2915F4A0|0x2B97DD31
0x7E7310C1,piece2a_propdebris28,rainbow,1,5,0,5,5,0,0,3,3,19.79,1,break_piece,0x1D20E058|0x8757B5FE|0x91E2FC68
0x800B75BD,L1_closeup10,rainbow,1,5,0,0,5,0,0,6,6,0.89,0,break_piece,0x40858AFC|0x56EE6A1F|0x8D7C78FF
0x80864668,,,0,5,0,0,5,0,0,6,6,0.87,0,break_piece,0x080D83D1|0x40858AFC|0x8D7C78FF
0x80F31CFA,piece3a_propdebris08,rainbow,1,5,0,5,5,0,0,3,3,5.94,1,break_piece,0x2EB3F3AE|0x3BF3DA2E|0x6E81561C
0x8628CB76,,,0,5,0,0,5,0,0,3,3,0.03,1,intact,0x12B2BD31|0x3D8AA814|0x54557BF3
0x86A8475F,hp_spawn_c,rainbow,1,5,0,0,5,0,0,3,3,0.03,1,break_piece|intact,0x2F4F8F3E|0x47BDD2C3|0x88612024
0x86D2E231,,,0,5,0,5,2,0,0,5,5,1.88,0,break_piece,0x2A68DAEF|0x7C77ACCB|0x8A6DEF3D
0x88D2DF33,slice1a_propattach15_pristine,rainbow,1,5,0,5,4,0,0,4,4,5.44,0,break_piece|intact,0x1946F361|0x618526A4|0xB358951D
0x8AF50D7F,,,0,5,0,5,5,0,0,5,6,5.64,0,break_piece|intact,0x0065B09D|0x9F2D315C|0xAC990539
0x8C5CFADF,bone_rudder_r,rainbow,1,5,0,0,5,0,0,3,4,2.58,1,intact,0x13A86EF7|0x60E7FFEB|0x7366155A
0x8DC9C5ED,floor02.piece1b_pristine,rainbow,1,5,0,5,1,0,0,2,2,51.48,0,break_piece|intact,0x7D766FA6|0xAC3CD893|0xCA3AC936
0x917ECD2B,piece1d_propdebris04,rainbow,1,5,0,5,5,0,0,3,3,8.67,1,break_piece,0x020E5BB4|0x07135D3C|0x37B0103D
0x927B9B46,bone_pitch_rocket_l,rainbow,1,5,0,0,0,0,0,3,5,2.17,1,break_piece|intact,0x0B76A8FC|0x22435EEA|0x6D394A7B
0x9353DE70,,,0,5,0,0,5,0,0,3,3,0.03,1,break_piece,0x18674F1F|0x4A41B9BA|0x51F277BD
0x96F134FC,,,0,5,0,5,5,0,0,3,3,4.94,1,break_piece|intact,0x11640B62|0x16497BF1|0xB6EDE80B
0x96F719E0,,,0,5,0,0,5,0,0,4,4,0.03,1,break_piece,0x0EDFAFFF|0x24D306AE|0x54DB2EBE
0x9705AFBA,,,0,5,0,0,5,0,0,6,6,2.07,1,break_piece,0x149FC407|0x9132806D|0xCDC5617A
0x97F4467D,slice1a_propattach06_ruin,rainbow,1,5,0,5,0,0,0,4,4,0.03,0,break_piece,0x2A68DAEF|0x7C77ACCB|0x8A6DEF3D
0x9998A208,,,0,5,0,0,0,0,0,3,6,0.20,1,break_piece|intact,0x0C95FF35|0x968CE876|0xAACA3CFB
0x9A130F3F,,,0,5,0,0,5,0,0,4,4,0.03,1,intact,0x13A86EF7|0x7366155A|0x74EB59B1
0x9B07F553,,,0,5,0,0,0,0,0,3,4,3.15,1,break_piece,0x968CE876|0xAACA3CFB|0xB187C134
0x9B0BCB5B,slice1d_propattach01_pristine,rainbow,1,5,0,5,1,0,0,4,4,16.24,0,break_piece|intact,0x2F1F099B|0x35992F99|0x539FF827
0x9B32391D,,,0,5,0,0,5,0,0,5,8,0.03,1,break_piece,0x1CE8F54F|0x342EDDD4|0x6D394A7B
0x9BFC81FB,hp_fx_leaves_green_g,rainbow,1,5,0,0,5,0,0,3,3,0.03,1,break_piece,0x04817CD7|0x54DB2EBE|0x5AB8A933
0x9D5E37C4,slice3d,rainbow,1,5,0,0,0,0,0,1,1,0.03,0,static,0x04CC21CD|0x1A74D3EE|0x6F4B9CA8
0x9D90C12D,slice1a_propattach13_pristine,rainbow,1,5,0,5,4,0,0,4,4,11.31,0,break_piece|intact,0x1946F361|0x50AACA22|0x618526A4
0x9DABF47D,,,0,5,0,0,5,0,0,4,4,0.03,1,break_piece,0x149FC407|0x319D840A|0x52BFCBFD
0xA24ECECA,,,0,5,0,0,5,0,0,3,3,0.03,1,break_piece,0x06B7DF09|0x27C46DD1|0x6EC17D1D
0xA2B36B2F,,,0,5,0,0,5,0,0,5,5,0.03,1,break_piece,0x149FC407|0x319D840A|0x52BFCBFD
0xA32C4E9F,,,0,5,0,5,5,0,0,1,1,0.42,0,break_piece|intact,0x01ED3D6F|0x1A9D89DF|0x4AB6F9B6
0xA3B1C2BC,slice1b_propdebris12,rainbow,1,5,0,5,5,0,0,3,4,5.73,1,break_piece,0x3BF3DA2E|0x5436A936|0x7E3AB07D
0xA3FD8579,slice1a_propattach14,rainbow,1,5,0,0,0,0,0,3,3,0.03,1,break_piece|intact,0x1946F361|0x618526A4|0xB358951D
0xA41D2A01,,,0,5,0,0,5,0,0,5,5,0.03,1,break_piece,0x149FC407|0x35992F99|0x539FF827
0xA4A63802,hp_spawn_b,rainbow,1,5,0,0,5,0,0,3,3,0.03,1,break_piece|intact,0x2F4F8F3E|0x47BDD2C3|0x88612024
0xA4CCC69C,slice1a_propattach14_pristine,rainbow,1,5,0,5,4,0,0,4,4,11.31,0,break_piece|intact,0x1946F361|0x618526A4|0xB358951D
0xA66B3E7D,floor01.piece1b,rainbow,1,5,0,0,0,0,0,1,1,0.03,0,static,0x7D766FA6|0xAC3CD893|0xCA3AC936
0xA8D5E93A,,,0,5,0,0,5,0,0,6,6,1.65,1,break_piece,0x11640B62|0x2915F4A0|0xB6EDE80B
0xAA1AF4DC,,,0,5,0,0,5,0,0,5,5,0.03,1,break_piece,0x149FC407|0x35992F99|0x539FF827
0xAA5FBFBF,hp_ladder_bottom_d,rainbow,1,5,0,0,5,0,0,2,3,0.03,1,break_piece|intact,0x1A74D3EE|0x79835204|0xA807713E
0xAC58A7D4,,,0,5,0,5,0,0,0,4,4,0.03,0,break_piece,0x149FC407|0x319D840A|0x52BFCBFD
0xAC6BAD83,,,0,5,0,0,5,0,0,6,6,1.44,1,break_piece,0x1623BB16|0x2D1D4D03|0x80659E62
0xAF7CBDCE,piece1d_propdebris05,rainbow,1,5,0,5,5,0,0,3,3,11.23,1,break_piece,0x020E5BB4|0x07135D3C|0x37B0103D
0xB15276CD,piece5b_ruin,rainbow,1,5,0,5,0,0,0,2,2,33.46,0,break_piece,0x3BF3DA2E|0x95FB5377|0x9DF6B30B
0xB1C38643,hp_barreltip_rocket_L,rainbow,1,5,0,0,5,0,0,4,6,0.03,1,break_piece|intact,0x0B76A8FC|0x22435EEA|0x6D394A7B
0xB24EAE08,bone_pitch_rocket_r,rainbow,1,5,0,0,0,0,0,3,5,2.17,1,break_piece|intact,0x0B76A8FC|0x22435EEA|0x6D394A7B
0xB390B932,piece1a_ijhtf7,rainbow,1,5,0,0,5,0,0,3,4,0.03,1,break_piece|intact,0x5890600C|0x71145D98|0x7B122EBF
0xB50C3C7C,,,0,5,0,0,5,0,0,1,3,0.03,1,break_piece|intact,0x38274BD1|0x3DF98450|0xABFC92EE
0xB931616F,bone_ramp_ruin,rainbow,1,5,0,0,5,0,0,3,3,2.32,1,intact,0x080D83D1|0x40858AFC|0x8D7C78FF
0xB98E16AD,piece1d_propdebris02,rainbow,1,5,0,5,5,0,0,3,3,8.67,1,break_piece,0x07135D3C|0x37B0103D|0x7DB2E527
0xBDA83CA0,slice3a_propattach01_pristine,rainbow,1,5,0,5,3,0,0,4,4,2.61,0,break_piece|intact,0x2F4F8F3E|0x4F3C5FBE|0x7C77ACCB
0xBDF25485,,,0,5,0,0,5,0,0,5,5,0.03,1,break_piece,0x4F3C5FBE|0x6871E4C5|0x818E5819
0xBE8E428B,slice1b_propattach10_pristine,rainbow,1,5,0,5,3,0,0,4,4,5.35,0,break_piece|intact,0x1A1B848F|0x2171B6D7|0x2F1F099B
0xBFE64FFE,floor01.piece1b_ruin,rainbow,1,5,0,5,0,0,0,2,2,58.52,0,break_piece,0x7D766FA6|0xAC3CD893|0xCA3AC936
0xC016E403,bone_shock_fr,rainbow,1,5,0,0,5,0,0,3,5,0.69,1,break_piece|intact,0x19676216|0x2255CE3E|0x2D1D4D03
0xC027A2D3,piece5b_pristine,rainbow,1,5,0,5,5,0,0,2,2,33.07,0,intact,0x3BF3DA2E|0x95FB5377|0x9DF6B30B
0xC0BF9B9E,slice1c_propattach07_pristine,rainbow,1,5,0,5,4,0,0,4,4,4.04,0,break_piece|intact,0x2F1F099B|0xA26387A9|0xCA20C1D9
0xC15364A6,,,0,5,0,0,5,0,0,5,5,0.03,1,break_piece|intact,0x2B503BD0|0x6B1DE27D|0x74474CB1
0xC3112EA4,,,0,5,0,0,5,0,0,2,3,0.03,1,break_piece|intact,0x25FE00A7|0xC56B1A44|0xD1968AF1
0xC3B683A9,piece1d_propdebris11,rainbow,1,5,0,5,5,0,0,3,3,5.47,1,break_piece,0x37B0103D|0x7DB2E527|0x91E2FC68
0xC5D6EAF8,piece1a_propdebris48,rainbow,1,5,0,5,5,0,0,3,3,7.10,1,break_piece,0x5436A936|0x8B69284B|0x97A96272
0xC64BB6DC,slice2a_propattach04_pristine,rainbow,1,5,0,5,4,0,0,4,4,4.03,0,break_piece|intact,0x2171B6D7|0x2F4F8F3E|0x7C77ACCB
0xC873BB51,piece3b_propdebris06,rainbow,1,5,0,5,5,0,0,3,3,6.64,1,break_piece,0x2FB6CCDD|0x95FB5377|0xABFDB4B0
0xC9C39FCB,,,0,5,0,5,5,0,0,5,5,5.06,1,break_piece,0x35762845|0x3E7D2911|0x559F909D
0xC9FB82B4,slice1a_propattach15,rainbow,1,5,0,0,0,0,0,3,3,0.03,1,break_piece|intact,0x1946F361|0x618526A4|0xB358951D
0xC9FFFFE2,slice1a_propattach13,rainbow,1,5,0,0,0,0,0,3,3,0.03,1,break_piece,0x1946F361|0x50AACA22|0x618526A4
0xCB7A846B,floor02.piece1b_ruin,rainbow,1,5,0,5,0,0,0,2,2,41.57,0,break_piece|intact,0x7D766FA6|0xAC3CD893|0xCA3AC936
0xCBEE2582,slice1b_propattach09,rainbow,1,5,0,0,0,0,0,3,3,0.03,1,break_piece,0x1A1B848F|0x2171B6D7|0x2F1F099B
0xCDED0E11,,,0,5,0,0,5,0,0,6,6,2.10,0,break_piece,0x149FC407|0x9132806D|0xDDE0070C
0xCF2D3CD3,,,0,5,0,0,5,0,0,6,7,1.83,1,break_piece,0x1125CB99|0x19E2962E|0x461F1A3A
0xCF6DB252,L3_1,rainbow,1,5,0,0,5,0,0,6,6,6.15,0,break_piece,0x149FC407|0x35992F99|0x585A9008
0xD1EDFBCF,,,0,5,0,0,5,0,0,6,6,3.80,1,break_piece,0x149FC407|0x9132806D|0xDDE0070C
0xD3F03890,,,0,5,0,0,5,0,0,5,5,0.03,1,break_piece,0x4F3C5FBE|0x6871E4C5|0x818E5819
0xD4590BA1,,,0,5,0,0,5,0,0,5,5,0.03,1,break_piece|intact,0x2B503BD0|0x539FF827|0xC0B3C611
0xD4910739,floor01.piece1b_propdebris10,rainbow,1,5,0,5,5,0,0,3,3,13.81,1,break_piece,0x7D766FA6|0xAC3CD893|0xCA3AC936
0xD4A10C18,piece5a_propdebris00,rainbow,1,5,0,5,5,0,0,3,3,41.49,1,break_piece,0x3BF3DA2E|0x4CFB0AA7|0x9DF6B30B
0xD8073E10,floor01.slice1b_pristine,rainbow,1,5,0,5,0,0,0,2,2,136.41,0,break_piece|intact,0x149FC407|0x261F62BF|0x77A20DC0
0xD8E49CF8,piece3a_propdebris02,rainbow,1,5,0,5,5,0,0,3,3,5.74,1,break_piece,0x3BF3DA2E|0x6E81561C|0xB88CD847
0xD9BA5417,,,0,5,0,0,5,0,0,5,5,0.03,1,break_piece,0x389678CF|0x3FF2692D|0xAE997128
0xDC8F89E0,hp_seat_lf,rainbow,1,5,0,0,5,0,0,3,4,0.03,1,break_piece|intact,0x07B982D6|0x0B76A8FC|0x6D394A7B
0xDE436D20,L3_small2,rainbow,1,5,0,0,5,0,0,5,6,6.85,0,break_piece|intact,0x149FC407|0x8166C6A6|0x9132806D
0xDF0C7B6A,,,0,5,0,0,5,0,0,6,7,0.03,1,break_piece,0x968CE876|0xAACA3CFB|0xB187C134
0xE09B849A,slice1c_propdebris08,rainbow,1,5,0,5,5,0,0,3,4,3.91,1,break_piece,0x09E169B3|0x1E359C2F|0x87ED6900
0xE1336343,,,0,5,0,0,5,0,0,3,3,0.03,1,break_piece|intact,0x1D5D24CE|0x4B9C42F1|0x7604B190
0xE2281C07,L3_medium18,rainbow,1,5,0,0,5,0,0,5,5,1.57,1,break_piece,0x191D5D76|0x2DD31CFB|0x5111F8CA
0xE2622264,,,0,5,0,0,5,0,0,6,6,5.51,0,break_piece,0x149FC407|0x9132806D|0xDDE0070C
0xE526D251,,,0,5,0,0,5,0,0,6,6,3.81,1,break_piece,0x149FC407|0x9132806D|0xDDE0070C
0xE779F2F9,,,0,5,0,0,5,0,0,4,4,0.03,1,intact,0x13A86EF7|0x7366155A|0x74EB59B1
0xE7DDDC43,piece1a_propdebris47,rainbow,1,5,0,5,5,0,0,3,3,14.06,1,break_piece,0x5436A936|0x8B69284B|0x97A96272
0xE8750830,piece3g_ruin,rainbow,1,5,0,5,0,0,0,2,2,8.20,0,break_piece,0x90B6CC8B|0xA1A48E75|0xB0D4E642
0xE880D9F2,,,0,5,0,0,5,0,0,6,6,0.87,0,break_piece,0x080D83D1|0x40858AFC|0x8D7C78FF
0xE927C00F,,,0,5,0,0,5,0,0,6,6,2.98,0,break_piece,0x149FC407|0x9132806D|0xDDE0070C
0xEA31DFDC,,,0,5,0,5,5,0,0,3,3,3.18,0,break_piece,0x22435EEA|0x4A95F55C|0x71DC712E
0xEA3CAE95,piece1c_propdebris14,rainbow,1,5,0,5,5,0,0,3,3,5.96,1,break_piece,0x8C674939|0xC1527544|0xE2068412
0xEC82CA61,piece5b_propdebris00,rainbow,1,5,0,5,5,0,0,3,3,6.61,1,break_piece,0x3BF3DA2E|0x95FB5377|0x9DF6B30B
0xED2B2D76,,,0,5,0,0,5,0,0,5,6,1.83,1,break_piece,0x1125CB99|0x19E2962E|0x461F1A3A
0xEDA015E0,slice2a_propattach02_ruin,rainbow,1,5,0,5,2,0,0,4,4,2.39,0,break_piece|intact,0x2171B6D7|0x7C77ACCB|0x9DF6B30B
0xEE7EF1ED,L2_closeup13,rainbow,1,5,0,0,5,0,0,6,6,1.71,1,break_piece,0x1282963C|0x19676216|0x228FE801
0xEFD96BAD,piece1a_propdebris49,rainbow,1,5,0,5,5,0,0,3,3,7.10,1,break_piece,0x5436A936|0x8B69284B|0x97A96272
0xF03C3535,,,0,5,0,0,5,0,0,3,3,0.03,1,break_piece,0x16970F43|0x8566262E|0x9DF812C4
0xF159D73B,slice3a_propdebris01,rainbow,1,5,0,5,5,0,0,3,4,5.11,1,break_piece|intact,0x2F4F8F3E|0x319D840A|0x9DF6B30B
0xF20D8C62,,,0,5,0,0,5,0,0,5,6,6.85,0,break_piece|intact,0x149FC407|0x8166C6A6|0x9132806D
0xF2F91E0D,piece2a_propdebris11,rainbow,1,5,0,5,5,0,0,3,3,7.57,1,break_piece,0x39DC69DC|0x6BDE4B9D|0x874D4EFA
0xF33DBCB9,slice2a_propattach04,rainbow,1,5,0,0,0,0,0,3,3,0.03,1,break_piece,0x2171B6D7|0x2F4F8F3E|0x7C77ACCB
0xF4601B7F,slice2b_propattach02_ruin,rainbow,1,5,0,5,1,0,0,4,4,3.90,0,break_piece,0x6B1DE27D|0x718C019B|0x80CE4CA3
0xF700B05F,piece3d_pristine,rainbow,1,5,0,5,4,0,0,2,2,16.11,0,intact,0x199ABE01|0x91E2FC68|0xA517D4A3
0xF71C5009,slice1a_propdebris23,rainbow,1,5,0,5,5,0,0,3,4,11.14,1,break_piece,0x624F3CEA|0x8C674939|0x9F747C53
0xF7E9535C,,,0,5,0,0,5,0,0,1,4,0.20,1,,0x39F47E08|0x76C37A7E|0x786ADB07
0xF90D05C5,,,0,5,0,0,5,0,0,6,6,2.07,1,break_piece,0x149FC407|0x9132806D|0xCDC5617A
0xFC600CBB,,,0,5,0,0,5,0,0,6,6,5.51,0,break_piece,0x149FC407|0x9132806D|0xDDE0070C
0xFD388AC9,,,0,5,0,5,5,0,0,5,5,8.30,1,break_piece,0x2A5FF32E|0x3E7D2911|0x56451E9E
0xFE5A425B,piece2a_propdebris22,rainbow,1,5,0,5,5,0,0,3,3,5.76,1,break_piece,0x1D20E058|0x68838B41|0x8757B5FE
0xFEA38CCD,piece5a_propdebris01,rainbow,1,5,0,5,5,0,0,3,3,42.87,1,break_piece,0x3BF3DA2E|0x4CFB0AA7|0x9DF6B30B
0x491E8967,,,0,4,0,0,4,9,7,1,3,0.15,1,,0x03C70F0A|0x0BBA3066|0x25C98327
0x7D2C9CA4,,,0,4,0,0,4,9,7,1,6,0.03,1,,0x03C70F0A|0x0BBA3066|0x25C98327
0x87E8C062,,,0,4,0,0,4,9,7,1,6,0.03,1,,0x03C70F0A|0x0BBA3066|0x25C98327
0xE6FF1D72,,,0,4,0,0,3,9,7,1,3,0.27,1,,0x03C70F0A|0x0BBA3066|0x25C98327
0x00A8F086,,,0,4,1,0,3,8,6,0,7,0.03,1,,0x03C70F0A|0x0BBA3066|0x25C98327
0x4C6D7573,bone_wheel_return_r,rainbow,1,4,0,0,4,4,1,3,4,0.78,1,break_piece,0x16497BF1|0x56EE6A1F|0x80C357EC
0x749046AD,bone_wheel_return_l,rainbow,1,4,0,0,4,4,1,3,4,0.78,1,break_piece,0x16497BF1|0x56EE6A1F|0x80C357EC
0xA1AAC233,bone_wheel_drive_l,rainbow,1,4,0,0,4,4,1,3,4,0.86,1,break_piece,0x16497BF1|0x56EE6A1F|0x80C357EC
0xC9CD936D,bone_wheel_drive_r,rainbow,1,4,0,0,4,4,1,3,4,0.86,1,break_piece,0x16497BF1|0x56EE6A1F|0x80C357EC
0x3766EF3D,bone_return_l,rainbow,1,4,0,0,4,1,1,4,4,0.98,1,break_piece,0x11640B62|0x340B1CB8|0xB6EDE80B
0x482C35FD,bone_drive_r,rainbow,1,4,0,0,4,1,1,4,4,1.00,1,break_piece,0x11640B62|0x340B1CB8|0xB6EDE80B
0xCF936B23,bone_return_r,rainbow,1,4,0,0,4,1,1,4,4,0.99,1,break_piece,0x11640B62|0x340B1CB8|0xB6EDE80B
0xE058B1E3,bone_drive_l,rainbow,1,4,0,0,4,1,1,4,4,1.00,1,break_piece,0x11640B62|0x340B1CB8|0xB6EDE80B
0x00018D6C,,,0,4,0,0,4,0,0,1,5,12.96,1,intact,0x149FC407|0x14D94B9B|0x1FBFBB4B
0x00691A87,,,0,4,0,0,4,0,0,5,5,0.03,1,break_piece|intact,0x383D01E1|0x4181A5E6|0x6B1DE27D
0x01307818,,,0,4,0,0,4,0,0,3,4,0.03,1,break_piece|intact,0x08E25CDC|0x4A6BC856|0x7A5DCB7C
0x02714414,,,0,4,0,0,4,0,0,6,6,1.73,1,break_piece,0x4AEE11CE|0x926D9ECB|0xD64E8456
0x03E04E9C,piece2a_propattach01,rainbow,1,4,0,0,0,0,0,3,3,0.03,1,break_piece|intact,0x199ABE01|0x91E2FC68|0x97933596
0x048610B4,,,0,4,0,4,4,0,0,5,6,3.03,0,break_piece|intact,0x7E013B43|0xCBABA641|0xDA219845
0x05480108,,,0,4,0,4,0,0,0,6,6,1.82,0,break_piece,0x73E8C0A4|0x80659E62|0x95F4BA55
0x074CEC0B,slice3d_interior,rainbow,1,4,0,4,3,0,0,3,3,24.44,0,break_piece|intact,0x04CC21CD|0x1A74D3EE|0x7DB2E527
0x081BC290,,,0,4,0,4,4,0,0,6,6,2.17,0,intact,0x4AEE11CE|0x70DACFC5|0xD64E8456
0x08A1D17D,bone_pitch_turret,rainbow,1,4,0,0,0,0,0,4,9,2.90,1,break_piece|intact,0x19E2962E|0x7A9E926A|0x807D1C3B
0x09D6C3D0,slice1e_ruin,rainbow,1,4,0,4,4,0,0,2,2,28.85,0,intact,0x6871E4C5|0x713ED3DB|0xC5F8F636
0x0A6A5C39,slice3c_propdebris01,rainbow,1,4,0,4,4,0,0,3,4,6.05,1,break_piece,0x319D840A|0x9DF6B30B|0xA76D0DA1
0x0A84728E,bone_hub_legl,rainbow,1,4,0,0,0,0,0,3,4,0.03,1,break_piece|intact,0x08E25CDC|0x4A6BC856|0x7A5DCB7C
0x0AD340FF,,,0,4,0,0,4,0,0,5,5,1.90,0,break_piece,0x1A221527|0x32150ACF|0x6BDD88C3
0x0BE7ABBE,,,0,4,0,4,4,0,0,6,6,1.85,0,intact,0x73E8C0A4|0x80659E62|0x95F4BA55
0x0C99BD94,,,0,4,0,0,4,0,0,4,4,0.03,1,break_piece,0x63BD9B82|0xDCE08204|0xF433C5D7
0x0CB17EB4,,,0,4,0,0,4,0,0,8,8,0.03,1,intact,0x0E9502CF|0x2915F4A0|0x31F0FE47
0x0DBE4340,slice1b_propattach08_ruin,rainbow,1,4,0,4,1,0,0,4,4,5.30,1,break_piece|intact,0x086666D2|0x1A1B848F|0x2F1F099B
0x0FB0533B,slice1a_propattach05_akdk46,rainbow,1,4,0,4,2,0,0,5,5,1.73,1,break_piece,0x6BDE4B9D|0x7A06DFEA|0xCA20C1D9
0x105994E0,,,0,4,0,0,4,0,0,4,5,0.03,1,break_piece|intact,0x08E25CDC|0x4A6BC856|0x7A5DCB7C
0x11392F0C,piece4b_ruin,rainbow,1,4,0,4,0,0,0,2,2,39.83,0,break_piece|intact,0x7604B190|0x95FB5377|0xABFDB4B0
0x118413D9,piece1d_propdebris06,rainbow,1,4,0,4,4,0,0,3,3,10.34,1,break_piece,0x07135D3C|0x37B0103D|0x7DB2E527
0x12683CC8,,,0,4,0,0,4,0,0,6,6,1.71,0,break_piece,0x1282963C|0x228FE801|0xA2EB8265
0x133BCDEC,global_env_each0,rainbow,1,4,0,4,1,0,0,5,5,4.03,0,break_piece,0x1946F361|0x7C77ACCB|0xCDC5617A
0x13770EF2,L2_closeup9,rainbow,1,4,0,0,4,0,0,6,6,0.87,0,break_piece,0x40858AFC|0x8D7C78FF|0xBDA1507E
0x16A8BAB7,,,0,4,0,0,4,0,0,6,6,1.64,1,break_piece,0x2B97DD31|0xB32053A7|0xCDDC96EC
0x16ED1CF4,,,0,4,0,0,4,0,0,3,4,0.03,1,break_piece,0x40D1E566|0x5AB8A933|0x62D45983
0x16F1E2B5,,,0,4,0,0,4,0,0,3,3,0.03,1,intact,0x8566262E|0x8E4E954A|0xBD858E29
0x170DC592,,,0,4,0,0,4,0,0,1,4,0.24,1,,0x39F47E08|0x786ADB07|0x80D4D35D
0x17CCC5D4,piece2a_propdebris32,rainbow,1,4,0,4,4,0,0,3,3,3.77,1,break_piece,0x2FB6CCDD|0x5DC2D1E2|0x8757B5FE
0x191F0807,,,0,4,0,0,4,0,0,2,3,8.20,1,break_piece,0x3177639B|0xA2AB2E44|0xADE3CED6
0x19889D9F,piece1d_propdebris00,rainbow,1,4,0,4,4,0,0,3,3,6.26,1,break_piece,0x020E5BB4|0x37B0103D|0x7DB2E527
0x19CBE9CC,,,0,4,0,4,3,0,0,5,5,10.85,1,break_piece,0x2E3C0B49|0x45CA9B90|0x8C674939
0x1BBC1EC0,L12_closeup,rainbow,1,4,0,0,4,0,0,5,6,10.41,0,break_piece|intact,0x149FC407|0x35992F99|0x9A7642ED
0x1BD53073,,,0,4,0,0,0,0,0,4,4,0.03,1,break_piece,0x0E9502CF|0x2915F4A0|0x31F0FE47
0x1C0ABF80,,,0,4,0,4,1,0,0,5,5,8.61,0,break_piece,0x539FF827|0x718C019B|0x80CE4CA3
0x1DB4C161,slice1b_propdebris13,rainbow,1,4,0,4,4,0,0,3,4,19.69,1,break_piece,0x3BF3DA2E|0x5436A936|0xD506BE7E
0x1DD10731,attachments,rainbow,1,4,0,0,0,0,0,3,3,0.03,1,break_piece|intact,0x37DC6DFD|0x58E907BE|0x79752F8D
0x1E1DC7E8,bone_propeller_r,rainbow,1,4,0,0,4,0,0,2,4,15.56,1,break_piece|intact,0x25B3F7BC|0x3A1CB5C0|0x54E9C345
0x20AFAF72,,,0,4,0,0,4,0,0,5,5,0.03,1,intact,0x539FF827|0x718C019B|0x80CE4CA3
0x20C43C36,,,0,4,0,4,4,0,0,6,6,2.15,0,break_piece,0x4AEE11CE|0x70DACFC5|0xD64E8456
0x213DE2BD,,,0,4,0,0,4,0,0,5,7,1.54,1,break_piece|intact,0x79905D82|0x8C58E7EB|0xD4E88AFD
0x224E27AD,,,0,4,0,0,4,0,0,4,4,0.03,1,break_piece,0x156B1738|0x63BD9B82|0xF433C5D7
0x225CCE34,,,0,4,0,0,4,0,0,5,5,0.03,1,break_piece,0x1E359C2F|0x319D840A|0x539FF827
0x2476F92A,,,0,4,0,4,4,0,0,5,5,4.04,0,break_piece,0x2F1F099B|0x74474CB1|0xCA20C1D9
0x26ADC06D,hp_spawn_a,rainbow,1,4,0,0,4,0,0,3,3,0.03,1,break_piece|intact,0x2F4F8F3E|0x47BDD2C3|0xD1574A09
0x2840BF61,floor01.piece1a_interior,rainbow,1,4,0,4,4,0,0,3,3,40.15,0,intact,0xAC3CD893|0xCA3AC936|0xD23F52FC
0x286CE2F3,,,0,4,0,4,4,0,0,1,1,0.59,0,intact,0x055E9085|0x3C9A5987|0x4761451B
0x28BC5B0B,,,0,4,0,4,3,0,0,5,5,11.88,1,break_piece,0x2C31E48A|0x2E3C0B49|0xCA20C1D9
0x28FAA04A,,,0,4,0,0,4,0,0,5,5,0.03,1,break_piece,0x319D840A|0x52BFCBFD|0x539FF827
0x2936E89E,floor02.piece1a_propdebris13,rainbow,1,4,0,4,4,0,0,3,3,13.81,1,break_piece,0x13417609|0x7D766FA6|0xCA3AC936
0x2A0C80DD,,,0,4,0,4,4,0,0,4,5,15.02,1,break_piece,0x25FE00A7|0xC56B1A44|0xD1968AF1
0x2AE418F5,slice3a_propattach02_pristine,rainbow,1,4,0,4,2,0,0,4,4,3.48,0,break_piece|intact,0x2F4F8F3E|0x4F3C5FBE|0xC939089F
0x2B55F5D4,,,0,4,0,0,4,0,0,5,5,1.90,0,break_piece,0x1A221527|0x32150ACF|0x6BDD88C3
0x2C35C761,bone_attach_rod_rr_b,rainbow,1,4,0,0,4,0,0,4,4,1.69,1,break_piece,0x31F0FE47|0x4C998949|0x5B3458E9
0x2C6F0619,,,0,4,0,0,4,0,0,2,2,47.74,0,break_piece,0x036E4F11|0x1976B149|0x9337E2DF
0x2C8F1D65,magazinef_loaded,rainbow,1,4,0,4,2,0,0,5,8,1.54,0,break_piece,0x1CE8F54F|0x342EDDD4|0x6D394A7B
0x2D0FBD07,,,0,4,0,0,4,0,0,4,5,0.95,1,break_piece|intact,0x461F1A3A|0x8CA421C3|0x8D7C78FF
0x2D62C4ED,,,0,4,0,0,4,0,0,5,5,1.90,0,break_piece,0x1A221527|0x32150ACF|0x6BDD88C3
0x2DE35B2C,,,0,4,0,0,4,0,0,6,6,1.47,1,break_piece,0x149FC407|0x9132806D|0xE2068412
0x305E446E,,,0,4,0,0,4,0,0,4,5,0.03,0,break_piece|intact,0x08E25CDC|0x4A6BC856|0x7A5DCB7C
0x30685974,slice3c_propdebris00,rainbow,1,4,0,4,4,0,0,3,4,5.54,1,break_piece,0x319D840A|0x9DF6B30B|0xA76D0DA1
0x31A12CF9,floor01.slice1a_interior,rainbow,1,4,0,4,3,0,0,3,3,129.58,0,break_piece,0x149FC407|0x261F62BF|0x77A20DC0
0x31EA0604,piece1a_propattach12_ruin,rainbow,1,4,0,4,3,0,0,4,4,25.02,1,break_piece|intact,0x04ED3522|0x95BF0E21|0xD2FB62DE
0x325AB183,,,0,4,0,0,4,0,0,6,6,2.36,1,break_piece,0x31F0FE47|0x4C998949|0x5B3458E9
0x36D4F017,piece1a_propattach06_pristine,rainbow,1,4,0,4,4,0,0,4,4,4.04,0,break_piece|intact,0x3FF2692D|0xE5133554|0xE6027C27
0x36FE137C,floor01.piece1b_interior,rainbow,1,4,0,4,4,0,0,3,3,57.75,0,intact,0xAC3CD893|0xCA3AC936|0xD23F52FC
0x37258EC2,,,0,4,0,0,4,0,0,8,8,0.03,1,break_piece|intact,0x0E9502CF|0x2915F4A0|0x31F0FE47
0x395BA500,,,0,4,0,0,4,0,0,6,6,0.03,1,break_piece,0x0E9502CF|0x2915F4A0|0x31F0FE47
0x39C6E139,,,0,4,0,0,0,0,0,5,6,0.23,1,intact,0x11640B62|0x16497BF1|0x80C357EC
0x39D71817,bone_attach_rod_fl_b,rainbow,1,4,0,0,4,0,0,4,4,1.52,1,break_piece,0x31F0FE47|0x4C998949|0x5B3458E9
0x3A403D66,global_prop_exist_34,rainbow,1,4,0,0,4,0,0,5,6,1.83,0,break_piece|intact,0x08E25CDC|0x2255CE3E|0x5B172306
0x3FEA62E8,piece1b_propdebris23,rainbow,1,4,0,4,4,0,0,3,3,8.59,1,break_piece|intact,0x6B3A45A6|0x8D26B965|0xE110E2D3
0x400A64E8,,,0,4,0,4,4,0,0,4,5,8.62,1,break_piece,0x25FE00A7|0xC56B1A44|0xD1968AF1
0x402D31AD,bone_fan,rainbow,1,4,0,0,4,0,0,4,5,0.42,1,break_piece|intact,0x2255CE3E|0x2D1D4D03|0xAC990539
0x41228361,piece1b_propattach01_pristine,rainbow,1,4,0,4,2,0,0,4,4,4.84,0,break_piece|intact,0x165F7C10|0x6B3A45A6|0xB9B36E17
0x415C884E,,,0,4,0,0,3,0,0,1,3,3.30,1,,0x23522367|0x804425B3|0x8185C0A5
0x4191A8A7,,,0,4,0,0,4,0,0,1,8,11.80,1,break_piece,0x1125CB99|0x1FBFBB4B|0x461F1A3A
0x41DD9A1B,piece1b_propdebris24,rainbow,1,4,0,4,4,0,0,3,3,7.87,1,break_piece|intact,0x6B3A45A6|0xA948DDA6|0xE110E2D3
0x426C2895,,,0,4,0,0,4,0,0,5,5,0.71,0,break_piece,0x26A095BE|0x5C412F85|0xA26387A9
0x42736D5E,,,0,4,0,0,4,0,0,3,3,2.57,1,break_piece,0x96218D77|0xA0DE5F82|0xB32D136C
0x44D09430,,,0,4,0,0,4,0,0,6,6,1.68,0,break_piece,0x1282963C|0x228FE801|0xA2EB8265
0x45DBB5DE,hp_fx_light12,rainbow,1,4,0,0,4,0,0,1,3,0.03,1,break_piece|static,0x04ED3522|0x4F3C5FBE|0x713ED3DB
0x464512B4,,,0,4,0,0,1,0,0,5,5,3.34,1,intact,0x12732DD2|0x40858AFC|0x461F1A3A
0x4910D335,,,0,4,0,0,0,0,0,5,5,0.03,1,break_piece,0x4AEE11CE|0x70DACFC5|0xD64E8456
0x495AAF18,hp_seat_mm,rainbow,1,4,0,0,4,0,0,4,6,0.03,1,break_piece|intact,0x044EDB9C|0x4D72B2BC|0xBDED558F
0x49FBBBC7,piece1b_propdebris28,rainbow,1,4,0,4,4,0,0,3,3,8.26,1,break_piece|intact,0x493FD997|0x6B3A45A6|0x8D26B965
0x4A75C249,bone_yaw_cannon,rainbow,1,4,0,0,0,0,0,4,5,8.88,1,break_piece|intact,0x25FE00A7|0x8C58E7EB|0xD4E88AFD
0x4AD228D1,piece1d_propdebris37,rainbow,1,4,0,4,4,0,0,3,3,27.82,1,break_piece,0x70D6FBD9|0xA0EAF095|0xA79EE18C
0x4B395CBB,floor02.piece1a_propdebris12,rainbow,1,4,0,4,4,0,0,3,3,8.20,1,break_piece,0x13417609|0x7D766FA6|0xCA3AC936
0x4B3DD9E9,floor02.piece1a_propdebris10,rainbow,1,4,0,4,4,0,0,3,3,11.95,1,break_piece,0x13417609|0x601A1292|0x7D766FA6
0x4B573702,piece1g_ruin,rainbow,1,4,0,4,0,0,0,2,2,0.03,0,break_piece,0x4B9C42F1|0xC808E35C|0xD7FCFD11
0x4CCC239A,,,0,4,0,0,4,0,0,6,6,1.68,0,break_piece,0x1282963C|0x228FE801|0xA2EB8265
0x4D4E3074,,,0,4,0,4,4,0,0,4,6,0.27,1,break_piece|intact,0x2255CE3E|0x2D1D4D03|0x8C58E7EB
0x4DE03FA4,hp_fx_light10,rainbow,1,4,0,0,4,0,0,1,3,0.03,1,break_piece|static,0x04ED3522|0x4F3C5FBE|0x713ED3DB
0x4DF1178A,,,0,4,0,4,0,0,0,3,4,38.00,0,break_piece,0x25FE00A7|0xC56B1A44|0xD1968AF1
0x4E6F5D5C,,,0,4,0,4,4,0,0,1,1,0.48,0,break_piece|intact,0x055E9085|0x3C9A5987|0x4761451B
0x4EB34DE8,hp_winch_sidea,rainbow,1,4,0,0,4,0,0,3,3,0.03,1,intact,0x07F4EE74|0x07F96BA2|0x69FC447F
0x4F520BC6,,,0,4,0,4,4,0,0,4,6,0.27,1,break_piece|intact,0x2255CE3E|0x2D1D4D03|0x8C58E7EB
0x4F686BA4,L3_7,rainbow,1,4,0,0,4,0,0,6,6,7.15,1,break_piece,0x149FC407|0x35992F99|0x585A9008
0x50A22024,,,0,4,0,0,4,0,0,6,6,6.15,0,break_piece,0x149FC407|0x35992F99|0x585A9008
0x51AA1E41,bone_attach_rod_fl_t,rainbow,1,4,0,0,4,0,0,4,4,1.27,1,break_piece,0x31F0FE47|0x4C998949|0x5B3458E9
0x523932F2,magazineg_loaded,rainbow,1,4,0,4,2,0,0,5,8,1.54,0,break_piece,0x1CE8F54F|0x342EDDD4|0x6D394A7B
0x5285083A,,,0,4,0,0,4,0,0,2,2,51.90,0,break_piece,0x036E4F11|0x1976B149|0x9337E2DF
0x52988958,floor01.piece1b_propdebris15,rainbow,1,4,0,4,4,0,0,3,3,8.38,1,break_piece,0x7D766FA6|0xAC3CD893|0xD23F52FC
0x52C32ADF,piece1d_propdebris39,rainbow,1,4,0,4,4,0,0,3,3,27.82,1,break_piece,0x70D6FBD9|0xA0EAF095|0xA79EE18C
0x530D3CE5,piece2a_propdebris19,rainbow,1,4,0,4,4,0,0,3,3,5.76,1,break_piece,0x1D20E058|0x91E2FC68|0xB3EFDFAC
0x5525456A,,,0,4,0,0,4,0,0,4,4,0.03,1,intact,0x13A86EF7|0x9387F335|0xC142F94B
0x56279F72,bone_suspension_f,rainbow,1,4,0,0,2,0,0,3,4,0.62,1,break_piece,0x4A41B9BA|0x51F277BD|0xCAC9D01F
0x56B0F619,,,0,4,0,0,0,0,0,2,3,0.03,0,break_piece,0x25FE00A7|0xC56B1A44|0xD1968AF1
0x56E69BE4,hp_seat_ft,rainbow,1,4,0,0,4,0,0,4,4,0.03,1,intact,0x0C95FF35|0x60E7FFEB|0xC142F94B
0x57903433,bone_rod_rl_t,rainbow,1,4,0,0,4,0,0,5,6,0.03,1,break_piece,0x31F0FE47|0x4C998949|0x5B3458E9
0x580D3A4D,bone_pitch_sensor,rainbow,1,4,0,0,4,0,0,4,6,0.60,1,break_piece|intact,0x1CE8F54F|0x342EDDD4|0xB645EE21
0x585FE988,,,0,4,0,0,4,0,0,6,6,6.29,0,break_piece,0x149FC407|0x35992F99|0x585A9008
0x5874FC2A,L1_closeup31,rainbow,1,4,0,0,4,0,0,4,6,1.56,1,break_piece,0x1623BB16|0x2D1D4D03|0xA4937D58
0x58BA9E52,aloutpost_bld_garage01_door_boothrental_a6,rainbow,1,4,0,0,4,0,0,3,3,0.03,1,break_piece|intact,0x49D0C1EE|0x815DB6F0|0xABD39ACB
0x5997CF6E,slice3c_interior,rainbow,1,4,0,4,3,0,0,3,3,162.16,0,break_piece|intact,0x319D840A|0x9DF6B30B|0xA76D0DA1
0x5B30CFFE,,,0,4,0,4,4,0,0,5,5,4.56,1,break_piece,0x2A5FF32E|0x56451E9E|0xA2EB5412
0x5BF879AB,bone_rotor_ruin,rainbow,1,4,0,0,4,0,0,3,4,8.42,1,intact,0x0B76A8FC|0x6D394A7B|0x994E1953
0x5C42B183,global_prop_exist_35,rainbow,1,4,0,0,4,0,0,5,6,1.83,0,break_piece|intact,0x08E25CDC|0x2255CE3E|0x5B172306
0x5C741059,,,0,4,0,0,4,0,0,6,6,1.83,0,break_piece,0x4AEE11CE|0x926D9ECB|0xD64E8456
0x5CC3A94F,piece2c_interior,rainbow,1,4,0,4,4,0,0,3,3,18.84,0,intact,0x2FB6CCDD|0x7DB2E527|0x95FB5377
0x5DFB713D,,,0,4,0,0,0,0,0,5,5,0.03,1,break_piece,0x73E8C0A4|0x80659E62|0x95F4BA55
0x5E057167,bone_rod_rr_b,rainbow,1,4,0,0,4,0,0,5,6,0.03,1,break_piece,0x31F0FE47|0x4C998949|0x5B3458E9
0x5E34D076,slice2d_interior,rainbow,1,4,0,4,3,0,0,3,3,146.12,0,break_piece|intact,0x0B7CC1B7|0x1A74D3EE|0x539FF827
0x5F25EE1D,slice1a_propdebris27,rainbow,1,4,0,4,4,0,0,3,4,16.81,1,break_piece,0x624F3CEA|0x770E7949|0xB358951D
0x5F5EFA15,bone_attach_rod_fr_b,rainbow,1,4,0,0,4,0,0,4,4,1.52,1,break_piece,0x31F0FE47|0x4C998949|0x5B3458E9
0x5FC65AC5,bone_rod_rl_b,rainbow,1,4,0,0,4,0,0,5,6,0.03,1,break_piece,0x31F0FE47|0x4C998949|0x5B3458E9
0x5FD96F42,piece2c_propdebris03,rainbow,1,4,0,4,4,0,0,3,3,5.67,1,break_piece,0x7DB2E527|0x95FB5377|0xABFDB4B0
0x63266BF3,slice1a_propattach08_ruin,rainbow,1,4,0,4,0,0,0,4,4,0.03,0,break_piece,0x7C77ACCB|0x8A6DEF3D|0xCDC5617A
0x645D2184,piece2a_propdebris21,rainbow,1,4,0,4,4,0,0,3,3,5.76,1,break_piece,0x1D20E058|0x68838B41|0x91E2FC68
0x6469CDE8,,,0,4,0,0,4,0,0,4,4,0.03,1,break_piece,0x40D1E566|0x5AB8A933|0x62D45983
0x6475E17B,,,0,4,0,0,4,0,0,3,3,1.43,1,break_piece,0x96218D77|0xA0DE5F82|0xB32D136C
0x653AD620,hp_beacon,rainbow,1,4,0,0,5,0,0,1,3,0.03,1,,0x0D4FA498|0x67641496|0x849972EE
0x6746EE96,hp_dock_mm,rainbow,1,4,0,0,4,0,0,4,4,0.03,1,break_piece|intact,0x044EDB9C|0x4D72B2BC|0xBDED558F
0x67E2A729,hp_fx_light11,rainbow,1,4,0,0,4,0,0,3,3,0.03,1,break_piece,0x2C31E48A|0x4F3C5FBE|0x713ED3DB
0x686EA703,piece3b_propdebris04,rainbow,1,4,0,4,4,0,0,3,3,5.30,1,break_piece,0x2FB6CCDD|0x95FB5377|0xABFDB4B0
0x6A7EF980,bone_hub_legr,rainbow,1,4,0,0,0,0,0,3,4,0.03,1,break_piece|intact,0x08E25CDC|0x4A6BC856|0x7A5DCB7C
0x6B03226E,piece1b_propattach01,rainbow,1,4,0,0,0,0,0,3,3,0.03,1,break_piece|intact,0x165F7C10|0x6B3A45A6|0xB9B36E17
0x6BCB7C64,,,0,4,0,4,0,0,0,1,2,162.39,0,break_piece,0x25FE00A7|0xC56B1A44|0xD1968AF1
0x6CC9CFA4,hp_hijack,rainbow,1,4,0,0,4,0,0,3,4,0.03,1,break_piece|intact,0x3177639B|0xADE3CED6|0xCE77D4CB
0x6E40D21B,,,0,4,0,0,0,0,0,3,3,0.03,1,break_piece|intact,0x149FC407|0x261F62BF|0x77A20DC0
0x6E66FFB6,floor01.slice1b_ruin,rainbow,1,4,0,4,3,0,0,2,2,21.89,0,break_piece|intact,0x261F62BF|0x77A20DC0|0xCB4C6EAB
0x6EE040C8,floor01.piece1a_propdebris10,rainbow,1,4,0,4,4,0,0,3,3,8.38,1,break_piece,0x601A1292|0xAC3CD893|0xD23F52FC
0x6F909FA8,,,0,4,0,0,4,0,0,8,8,0.03,1,break_piece|intact,0x0E9502CF|0x2915F4A0|0x31F0FE47
0x70C11B82,piece1d_propdebris38,rainbow,1,4,0,4,4,0,0,3,3,27.82,1,break_piece,0x70D6FBD9|0xA0EAF095|0xA79EE18C
0x7289B12E,floor01.piece1b_propdebris13,rainbow,1,4,0,4,4,0,0,3,3,13.84,1,break_piece,0x7D766FA6|0xCA3AC936|0xD23F52FC
0x7340A164,,,0,4,0,0,3,0,0,3,4,0.03,1,break_piece,0x10A1D397|0x18674F1F|0xC25E48DB
0x73EB119A,,,0,4,0,4,4,0,0,7,7,1.53,1,break_piece,0x0F9B9B04|0xA4937D58|0xBBDC51DD
0x7523D228,slice1a_propdebris26,rainbow,1,4,0,4,4,0,0,3,4,16.75,1,break_piece,0x624F3CEA|0x8C674939|0xB358951D
0x75284F56,slice1a_propdebris28,rainbow,1,4,0,4,4,0,0,3,4,16.77,1,break_piece,0x383D01E1|0x624F3CEA|0xB358951D
0x772C36B5,,,0,4,0,0,4,0,0,4,4,0.03,1,intact,0x13A86EF7|0x9387F335|0xC142F94B
0x791DF465,,,0,4,0,0,4,0,0,3,3,0.03,1,break_piece|intact,0x4B9C42F1|0x7604B190|0x77F7E8C3
0x794993ED,,,0,4,0,0,4,0,0,3,4,0.03,1,break_piece|intact,0x11755AC4|0x43E676BB|0x9F2BCEBE
0x7A1CA020,hp_fx_leaves_green_h,rainbow,1,4,0,0,4,0,0,3,3,0.03,1,break_piece,0x04817CD7|0x54DB2EBE|0x5AB8A933
0x7AE04F5B,,,0,4,0,4,4,0,0,5,8,8.57,1,break_piece,0x1CE8F54F|0x342EDDD4|0x9FCAE910
0x7BEE7F6F,hp_fx_exhaust_c,rainbow,1,4,0,0,4,0,0,4,5,0.03,1,break_piece,0x80C357EC|0x9302194B|0x9C3D4104
0x7C9B0A0D,floor01.piece1b_propdebris14,rainbow,1,4,0,4,4,0,0,3,3,13.93,1,break_piece,0x7D766FA6|0xAC3CD893|0xD23F52FC
0x7C9C0462,piece5a_propdebris02,rainbow,1,4,0,4,4,0,0,3,3,3.01,1,break_piece,0x3BF3DA2E|0x9DF6B30B|0xA76D0DA1
0x7D2D821B,hp_flare_r,rainbow,1,4,0,0,4,0,0,3,3,0.03,1,break_piece,0x3177639B|0x994E1953|0xADE3CED6
0x7E1B85F6,,,0,4,0,0,4,0,0,3,3,0.03,1,break_piece,0x2EB3F3AE|0x90B6CC8B|0xB6B946F4
0x7E49EBA6,bone_propeller_l,rainbow,1,4,0,0,4,0,0,2,4,15.57,1,break_piece|intact,0x25B3F7BC|0x3A1CB5C0|0x54E9C345
0x7F12730F,,,0,4,0,0,4,0,0,4,4,0.03,1,break_piece,0x40D1E566|0x5AB8A933|0x62D45983
0x80B0F712,,,0,4,0,0,4,0,0,5,5,0.03,1,break_piece,0x149FC407|0x319D840A|0x539FF827
0x81585F80,piece1a_propattach07_pristine,rainbow,1,4,0,4,4,0,0,4,4,4.04,0,break_piece|intact,0x3FF2692D|0xE5133554|0xE6027C27
0x84E061C9,piece2b_propdebris10,rainbow,1,4,0,4,4,0,0,3,3,4.70,1,break_piece,0x6BDE4B9D|0x8FCA6118|0xC576F6BC
0x850488F8,,,0,4,0,0,4,0,0,6,6,1.73,1,break_piece,0x1125CB99|0x4A579010|0x70DACFC5
0x8542D8EA,,,0,4,0,4,4,0,0,5,6,3.03,0,break_piece|intact,0x7E013B43|0xCBABA641|0xDA219845
0x8558C219,,,0,4,0,0,4,0,0,5,5,1.90,0,break_piece,0x1A221527|0x32150ACF|0x6BDD88C3
0x85A7F6D2,slice1b_propattach11_ruin,rainbow,1,4,0,4,1,0,0,4,4,5.30,1,break_piece,0x2F1F099B|0x37B0103D|0x818E5819
0x8788EECC,magazinee_loaded,rainbow,1,4,0,4,2,0,0,5,8,1.54,0,break_piece,0x1CE8F54F|0x342EDDD4|0x6D394A7B
0x887D702E,hp_dock_ft,rainbow,1,4,0,0,4,0,0,3,4,0.03,1,intact,0x0C95FF35|0x60E7FFEB|0xC142F94B
0x8A693966,,,0,4,0,0,4,0,0,6,6,1.31,1,break_piece,0x1623BB16|0x2D1D4D03|0x80659E62
0x8BCBD214,L1_closeup28,rainbow,1,4,0,0,4,0,0,6,6,1.73,0,break_piece,0x4AEE11CE|0x926D9ECB|0xD64E8456
0x8D37B82B,,,0,4,0,4,2,0,0,5,5,6.98,1,break_piece,0x539FF827|0x9A7642ED|0xC68EFD61
0x8D5D4BDF,,,0,4,0,0,4,0,0,5,5,1.90,0,break_piece,0x1A221527|0x32150ACF|0x6BDD88C3
0x8E09C804,piece1g_pristine,rainbow,1,4,0,4,4,0,0,2,2,18.41,0,intact,0x4B9C42F1|0xC808E35C|0xD7FCFD11
0x8F2BAC2D,floor02.piece1b_propdebris11,rainbow,1,4,0,4,4,0,0,3,3,13.81,1,break_piece|intact,0x7D766FA6|0xAC3CD893|0xCA3AC936
0x8F512A18,hp_dock_tl,rainbow,1,4,0,0,4,0,0,3,3,0.03,1,break_piece,0x340B1CB8|0x56EE6A1F|0xBDA1507E
0x8F724568,bone_yaw_sensor,rainbow,1,4,0,0,0,0,0,3,5,4.27,1,break_piece|intact,0x1CE8F54F|0x342EDDD4|0xB645EE21
0x9113A602,,,0,4,0,0,4,0,0,5,6,10.41,0,break_piece|intact,0x149FC407|0x35992F99|0x9A7642ED
0x91972A1E,slice1e_propattach00,rainbow,1,4,0,0,0,0,0,3,3,0.03,1,break_piece,0x35992F99|0x6871E4C5|0x713ED3DB
0x93B7EF43,,,0,4,0,0,4,0,0,4,4,0.03,1,break_piece,0x1A83DE10|0x70D2FBFA|0x88D09B0C
0x9461F7B7,bone_attach_rod_rr_t,rainbow,1,4,0,0,4,0,0,4,4,1.43,1,break_piece,0x31F0FE47|0x4C998949|0x5B3458E9
0x94B6B38B,,,0,4,0,0,0,0,0,3,4,2.33,1,break_piece,0x10A1D397|0x19E2962E|0x4A41B9BA
0x95771B02,slice1a_propattach16_pristine,rainbow,1,4,0,4,4,0,0,4,4,5.42,0,break_piece|intact,0x1946F361|0x618526A4|0xB358951D
0x95A1C89D,bone_hatch_ruin,rainbow,1,4,0,0,4,0,0,3,3,0.96,1,break_piece|intact,0x12732DD2|0x80C357EC|0x8D7C78FF
0x95ADED30,piece1a_propattach06,rainbow,1,4,0,0,0,0,0,3,3,0.03,1,break_piece,0x3FF2692D|0xE5133554|0xE6027C27
0x95C57452,magazineg,rainbow,1,4,0,0,0,0,0,4,7,0.03,1,break_piece,0x1CE8F54F|0x342EDDD4|0x6D394A7B
0x966F7957,,,0,4,0,0,4,0,0,4,4,0.55,1,break_piece,0x31F0FE47|0x4C998949|0x5B3458E9
0x97D1DAE8,,,0,4,0,0,4,0,0,5,5,1.92,0,break_piece,0x1A221527|0x32150ACF|0x6BDD88C3
0x99867335,,,0,4,0,0,4,0,0,3,3,0.03,1,break_piece|intact,0x03931F17|0x507A547E|0xA190463A
0x999CEED7,piece1d_propdebris08,rainbow,1,4,0,4,4,0,0,3,3,10.28,1,break_piece,0x07135D3C|0x37B0103D|0x7DB2E527
0x999E62C4,L12_3,rainbow,1,4,0,0,4,0,0,6,6,6.90,1,break_piece,0x149FC407|0x35992F99|0x585A9008
0x99F11338,,,0,4,0,0,4,0,0,6,6,1.62,1,break_piece,0x179A7702|0x2915F4A0|0x2B97DD31
0x9A5C7464,bone_hatch,rainbow,1,4,0,0,4,0,0,2,3,4.17,1,intact,0x33C8B389|0x722BEA76|0xB98FB059
0x9A96321B,magazineh_loaded,rainbow,1,4,0,4,2,0,0,5,8,1.54,0,break_piece,0x1CE8F54F|0x342EDDD4|0x6D394A7B
0x9B07D991,slice1e_propattach00_pristine,rainbow,1,4,0,4,1,0,0,4,4,12.39,0,break_piece|intact,0x35992F99|0x6871E4C5|0x713ED3DB
0x9B53AE52,,,0,4,0,4,4,0,0,5,5,13.93,1,break_piece,0x2C31E48A|0x2E3C0B49|0x35992F99
0x9DADAC49,,,0,4,0,0,0,0,0,7,7,0.96,0,intact,0x0E9502CF|0x2915F4A0|0x31F0FE47
0x9DADF3FA,,,0,4,0,4,1,0,0,5,5,1.04,1,break_piece,0x6B1DE27D|0x6BDE4B9D|0xCDC5617A
0x9F1563EA,,,0,4,0,0,4,0,0,2,3,54.00,0,break_piece,0x036E4F11|0x1976B149|0x9337E2DF
0xA00E55BA,slice3a_propattach02,rainbow,1,4,0,0,0,0,0,3,3,0.03,1,break_piece,0x2F4F8F3E|0x4F3C5FBE|0xC939089F
0xA062A696,bone_ramp,rainbow,1,4,0,0,4,0,0,3,3,2.32,1,break_piece,0x40858AFC|0x8D7C78FF|0xBDA1507E
0xA0646DCA,,,0,4,0,0,4,0,0,5,5,2.25,0,break_piece|intact,0x26A095BE|0x5C412F85|0xA26387A9
0xA0AC27BF,slice2c_propattach00,rainbow,1,4,0,0,0,0,0,3,3,0.03,1,break_piece|intact,0x0B7CC1B7|0x4F3C5FBE|0x9DF6B30B
0xA0CAEA97,slice4a_pristine,rainbow,1,4,0,4,1,0,0,2,2,53.86,0,break_piece,0x0B7CC1B7|0x1A74D3EE|0x2F4F8F3E
0xA1FD703C,,,0,4,0,4,1,0,0,3,4,33.33,0,intact,0x25FE00A7|0xC56B1A44|0xD1968AF1
0xA20070FB,piece4b,rainbow,1,4,0,0,0,0,0,1,1,0.03,0,static,0x7604B190|0x95FB5377|0xABFDB4B0
0xA278060A,,,0,4,0,0,4,0,0,5,5,0.63,1,break_piece,0x31F0FE47|0x4C998949|0x5B3458E9
0xA3F9084B,slice1a_propattach16,rainbow,1,4,0,0,0,0,0,3,3,0.03,1,break_piece|intact,0x1946F361|0x618526A4|0xB358951D
0xA4C220C6,,,0,4,0,0,4,0,0,6,6,1.68,0,break_piece,0x1282963C|0x228FE801|0xA2EB8265
0xA4DAE3F3,,,0,4,0,4,2,0,0,5,5,4.50,1,break_piece,0x35992F99|0x9132806D|0xE2068412
0xA5EA2A23,piece1a_propattach04_ruin,rainbow,1,4,0,4,1,0,0,4,4,0.76,1,break_piece,0x10170967|0x65D46951|0xC1527544
0xA7947B9D,piece3b_interior,rainbow,1,4,0,4,4,0,0,3,3,34.19,0,intact,0x2FB6CCDD|0x95FB5377|0xABFDB4B0
0xA804F872,,,0,4,0,4,4,0,0,4,5,8.54,1,break_piece,0x25FE00A7|0xC56B1A44|0xD1968AF1
0xA83D5B0E,slice2c_propattach00_pristine,rainbow,1,4,0,4,3,0,0,4,4,14.10,0,break_piece|intact,0x0B7CC1B7|0x4F3C5FBE|0x9DF6B30B
0xA863062E,slice3c_propdebris02,rainbow,1,4,0,4,4,0,0,3,4,7.78,1,break_piece,0x319D840A|0x9DF6B30B|0xA76D0DA1
0xA992BCB8,L12_big3,rainbow,1,4,0,0,4,0,0,5,5,0.71,0,break_piece,0x26A095BE|0x5C412F85|0xA26387A9
0xAB5B3C82,,,0,4,0,0,4,0,0,5,5,1.90,0,break_piece,0x1A221527|0x32150ACF|0x6BDD88C3
0xAD178F12,slice1c_propdebris13,rainbow,1,4,0,4,4,0,0,3,4,8.93,1,break_piece|intact,0x09E169B3|0xC3F92D74|0xD506BE7E
0xAD5F0852,,,0,4,0,4,3,0,0,4,4,2.03,0,break_piece|intact,0x149FC407|0x261F62BF|0x77A20DC0
0xADCA1748,magazinee,rainbow,1,4,0,0,0,0,0,4,7,0.03,1,break_piece,0x1CE8F54F|0x342EDDD4|0x6D394A7B
0xAED379A5,,,0,4,0,0,4,0,0,6,6,1.68,0,break_piece,0x1282963C|0x228FE801|0xA2EB8265
0xAF814A7D,slice3d_ruin,rainbow,1,4,0,4,2,0,0,2,2,58.57,0,break_piece|intact,0x04CC21CD|0x6F4B9CA8|0x7DB2E527
0xAFD6E661,magazineh,rainbow,1,4,0,0,0,0,0,4,7,0.03,1,break_piece,0x1CE8F54F|0x342EDDD4|0x6D394A7B
0xAFDE68CC,,,0,4,0,0,4,0,0,5,6,0.03,1,intact,0x585A9008|0x8B73A257|0xC6B190EC
0xB140B912,floor02.piece1a_propdebris17,rainbow,1,4,0,4,4,0,0,3,3,11.29,1,break_piece,0x13417609|0x601A1292|0x7D766FA6
0xB3244EF1,,,0,4,0,0,4,0,0,4,4,0.03,1,break_piece,0x770E7949|0xA8CD6FA7|0xD506BE7E
0xB39CCD32,piece4b_pristine,rainbow,1,4,0,4,2,0,0,2,2,39.98,0,break_piece|intact,0x7604B190|0x95FB5377|0xABFDB4B0
0xB432D74B,piece1a_propdebris50,rainbow,1,4,0,4,4,0,0,3,3,13.95,1,break_piece,0x5436A936|0x97A96272|0x9DF812C4
0xB441611B,,,0,4,0,4,1,0,0,5,5,3.28,0,break_piece,0x7C77ACCB|0x8A6DEF3D|0xCDC5617A
0xB487E117,,,0,4,0,0,4,0,0,2,2,45.77,0,break_piece,0x036E4F11|0x1976B149|0x9337E2DF
0xB48C5E45,,,0,4,0,0,4,0,0,2,2,56.41,0,break_piece,0x036E4F11|0x1976B149|0x9337E2DF
0xB4989ADF,,,0,4,0,0,4,0,0,5,5,1.92,0,break_piece,0x1A221527|0x32150ACF|0x6BDD88C3
0xB61BEC88,,,0,4,0,4,2,0,0,5,5,2.53,1,break_piece,0x0859EA8A|0x6BDE4B9D|0xCA20C1D9
0xB6288E31,bone_rod_rr_t,rainbow,1,4,0,0,4,0,0,5,6,0.03,1,break_piece,0x31F0FE47|0x4C998949|0x5B3458E9
0xB6E7F788,slice1a_propattach09_ruin,rainbow,1,4,0,4,0,0,0,4,4,0.03,0,break_piece,0x1946F361|0x7C77ACCB|0xCDC5617A
0xB719183D,L12_big,rainbow,1,4,0,0,4,0,0,5,5,13.20,0,break_piece|intact,0x35992F99|0x8166C6A6|0xA26387A9
0xB7814794,piece1d_propdebris07,rainbow,1,4,0,4,4,0,0,3,3,8.27,1,break_piece,0x07135D3C|0x37B0103D|0x7DB2E527
0xB7C7E86F,magazinef,rainbow,1,4,0,0,0,0,0,4,7,0.03,1,break_piece,0x1CE8F54F|0x342EDDD4|0x6D394A7B
0xB7CC6B9D,,,0,4,0,0,4,0,0,7,7,0.03,1,break_piece|intact,0x4A579010|0x8C83F560|0x9B994D39
0xB9A0C454,hp_gunmount_rr,rainbow,1,4,0,0,4,0,0,6,7,0.03,1,break_piece|intact,0x22435EEA|0x4A95F55C|0xC142F94B
0xB9A869BA,,,0,4,0,0,4,0,0,4,4,0.55,1,break_piece,0x31F0FE47|0x4C998949|0x5B3458E9
0xB9D1AE2B,piece2c_propdebris06,rainbow,1,4,0,4,4,0,0,3,3,4.46,1,break_piece,0x7DB2E527|0x95FB5377|0xABFDB4B0
0xBB0CA4DE,,,0,4,0,0,4,0,0,2,3,0.03,1,break_piece,0x25FE00A7|0xC56B1A44|0xD1968AF1
0xBB8FC4E4,,,0,4,0,0,4,0,0,3,3,0.03,1,break_piece|intact,0x4B9C42F1|0x7604B190|0x77F7E8C3
0xBBA5540F,L12_4,rainbow,1,4,0,0,4,0,0,6,6,7.75,0,break_piece,0x149FC407|0x35992F99|0x585A9008
0xBDEEF35A,,,0,4,0,4,4,0,0,1,1,0.44,0,intact,0x09139BCD|0x0D0B8CF5|0x45CC35FE
0xBEB1A2FB,bone_attach_rod_rl_b,rainbow,1,4,0,0,4,0,0,4,4,1.69,1,break_piece,0x31F0FE47|0x4C998949|0x5B3458E9
0xBEC8C46E,,,0,4,0,0,0,0,0,4,4,1.61,1,intact,0x11640B62|0x16497BF1|0x80C357EC
0xBFF31054,,,0,4,0,4,4,0,0,1,1,1.35,0,intact,0x09139BCD|0x45CC35FE|0x4AB6F9B6
0xC070687F,,,0,4,0,4,4,0,0,1,1,1.48,0,intact,0x09139BCD|0x0D0B8CF5|0x4AB6F9B6
0xC215972F,fx_missile_trail,rainbow,1,4,4,0,4,0,0,0,0,1.41,0,,0x64B36887|0x845FD1E9|0xC3830F29
0xC24590AC,global_prop_exist_36,rainbow,1,4,0,0,4,0,0,5,6,1.83,0,break_piece|intact,0x08E25CDC|0x2255CE3E|0x5B172306
0xC29D93F7,slice1c_propdebris09,rainbow,1,4,0,4,4,0,0,3,4,7.99,1,break_piece,0x09E169B3|0x1E359C2F|0x87ED6900
0xC34565B9,,,0,4,0,0,4,0,0,5,5,0.03,1,break_piece|intact,0x389678CF|0x3FF2692D|0xAE997128
0xC3B2067B,piece1d_propdebris13,rainbow,1,4,0,4,4,0,0,3,3,7.87,1,break_piece,0x37B0103D|0x70D6FBD9|0xA26387A9
0xC3F393ED,,,0,4,0,0,4,0,0,6,6,1.62,1,break_piece,0x179A7702|0x2915F4A0|0x2B97DD31
0xC53FFAF1,,,0,4,0,0,4,0,0,4,4,0.03,1,break_piece,0x40D1E566|0x5AB8A933|0x62D45983
0xC5DB6826,piece1a_propdebris46,rainbow,1,4,0,4,4,0,0,3,3,15.73,1,break_piece,0x5436A936|0x8B69284B|0x9DF812C4
0xC60AD5A4,,,0,4,0,0,0,0,0,3,3,1.51,1,break_piece,0x18674F1F|0xC1EEB3B3|0xC25E48DB
0xC66A0A16,,,0,4,0,4,4,0,0,1,1,0.53,0,break_piece|intact,0x055E9085|0x3C9A5987|0x4761451B
0xC6C494E3,,,0,4,0,0,4,0,0,6,6,1.68,0,break_piece,0x1282963C|0x228FE801|0xA2EB8265
0xC6E7C98D,bone_attach_rod_rl_t,rainbow,1,4,0,0,4,0,0,4,4,1.43,1,break_piece,0x31F0FE47|0x4C998949|0x5B3458E9
0xC7E07C03,,,0,4,0,0,4,0,0,6,6,1.47,1,break_piece,0x149FC407|0x9132806D|0xE2068412
0xC8180C91,piece1g,rainbow,1,4,0,0,0,0,0,1,1,0.03,0,static,0x4B9C42F1|0xC808E35C|0xD7FCFD11
0xC8F6E1DD,,,0,4,0,0,4,0,0,4,4,0.03,1,break_piece,0x7366155A|0x9387F335|0xC733E65D
0xC9368C1E,,,0,4,0,0,4,0,0,1,10,12.76,1,break_piece,0x14D94B9B|0x1CE8F54F|0x1FBFBB4B
0xC9591E60,global_diw511,rainbow,1,4,0,0,4,0,0,1,10,2.55,1,break_piece,0x14D94B9B|0x1CE8F54F|0x1FBFBB4B
0xC9C81CF9,,,0,4,0,4,4,0,0,5,5,4.53,1,break_piece,0x35762845|0x3E7D2911|0x559F909D
0xCA076C8F,,,0,4,0,4,4,0,0,4,5,8.48,1,break_piece,0x25FE00A7|0xC56B1A44|0xD1968AF1
0xCA7B1213,,,0,4,0,4,4,0,0,1,1,0.49,0,break_piece|intact,0x7CB86FC9|0xBC65582A|0xBCBA07EE
0xCB025B15,,,0,4,0,0,4,0,0,5,5,0.03,1,break_piece,0x319D840A|0x52BFCBFD|0x539FF827
0xCC7D7983,,,0,4,0,0,4,0,0,2,2,51.17,0,break_piece,0x036E4F11|0x1976B149|0x9337E2DF
0xCCC43E1E,,,0,4,0,0,4,0,0,5,6,1.83,0,break_piece,0x340B1CB8|0xA35416A8|0xD7BB0643
0xCDBF69A9,piece5e_propdebris01,rainbow,1,4,0,4,4,0,0,3,3,17.15,1,break_piece,0x04CC21CD|0x4E0F5715|0xAC079C4A
0xCF57631E,slice3a_propdebris00,rainbow,1,4,0,4,4,0,0,3,4,5.31,1,break_piece,0x319D840A|0x9DF6B30B|0xA76D0DA1
0xCF76AFDD,piece3a_propdebris10,rainbow,1,4,0,4,4,0,0,3,3,3.55,1,break_piece,0x2EB3F3AE|0x3BF3DA2E|0xC4B20183
0xD064BD5F,piece3b_propdebris08,rainbow,1,4,0,4,4,0,0,3,3,3.08,1,break_piece,0x2FB6CCDD|0x95FB5377|0xABFDB4B0
0xD13B15E4,,,0,4,0,0,4,0,0,1,10,12.76,1,break_piece,0x14D94B9B|0x1CE8F54F|0x1FBFBB4B
0xD3432D2F,floor02.piece1a_propdebris16,rainbow,1,4,0,4,4,0,0,3,3,10.19,1,break_piece,0x13417609|0x601A1292|0x7D766FA6
0xD386A4AB,piece2a_propattach01_pristine,rainbow,1,4,0,4,2,0,0,4,4,3.12,0,break_piece|intact,0x199ABE01|0x91E2FC68|0x97933596
0xD48C8A0B,floor01.piece1b_propdebris12,rainbow,1,4,0,4,4,0,0,3,3,8.37,1,break_piece,0x7D766FA6|0xAC3CD893|0xCA3AC936
0xD4C8C7E4,,,0,4,0,0,4,0,0,5,6,1.83,0,break_piece,0x340B1CB8|0xA35416A8|0xD7BB0643
0xD58DAF3B,,,0,4,0,0,4,0,0,3,3,0.03,1,break_piece|intact,0x4B9C42F1|0x7604B190|0x77F7E8C3
0xD5922C69,,,0,4,0,0,4,0,0,3,3,0.03,1,break_piece|intact,0x4B9C42F1|0x7604B190|0x77F7E8C3
0xD5E36FC3,,,0,4,0,0,4,0,0,5,5,0.03,1,break_piece,0x4F3C5FBE|0x6871E4C5|0xCA20C1D9
0xD6D65724,floor01.piece1a_propdebris14,rainbow,1,4,0,4,4,0,0,3,3,8.38,1,break_piece,0xAC3CD893|0xCA3AC936|0xD23F52FC
0xD777BBE3,bone_attach_rod_fr_t,rainbow,1,4,0,0,4,0,0,4,4,1.27,1,break_piece,0x31F0FE47|0x4C998949|0x5B3458E9
0xD816C328,L3_medium13,rainbow,1,4,0,0,4,0,0,6,6,1.68,0,break_piece,0x1282963C|0x228FE801|0xA2EB8265
0xD8B0558F,hp_winch_sideb,rainbow,1,4,0,0,4,0,0,3,3,0.03,1,intact,0x07F4EE74|0x07F96BA2|0x69FC447F
0xD8B06174,,,0,4,0,0,4,0,0,3,3,0.18,1,,0x15D89832|0xA3C1FABC|0xC6B57C66
0xD8E3263D,floor01.piece1a_propdebris11,rainbow,1,4,0,4,4,0,0,3,3,13.81,1,break_piece,0xAC3CD893|0xCA3AC936|0xD23F52FC
0xD973B75D,bone_attach_steering,rainbow,1,4,0,0,4,0,0,5,5,0.03,1,break_piece,0x31F0FE47|0x4C998949|0x5B3458E9
0xDC1CADC2,hp_dock_bl,rainbow,1,4,0,0,4,0,0,3,4,0.03,1,break_piece|intact,0x07B982D6|0x71DC712E|0x89D8DE72
0xDCFFE913,piece1d_propdebris40,rainbow,1,4,0,4,4,0,0,3,3,27.82,1,break_piece,0x70D6FBD9|0xA0EAF095|0xA79EE18C
0xDD139629,,,0,4,0,0,4,0,0,2,3,0.03,1,break_piece,0x25FE00A7|0xC56B1A44|0xD1968AF1
0xDF23CBC3,,,0,4,0,0,0,0,0,4,5,0.03,1,break_piece,0x7E013B43|0xCBABA641|0xDA219845
0xDFD42894,piece2c_propdebris05,rainbow,1,4,0,4,4,0,0,3,3,4.52,1,break_piece,0x7DB2E527|0x95FB5377|0xABFDB4B0
0xE0B0149F,,,0,4,0,4,2,0,0,5,5,1.55,0,break_piece,0x6B1DE27D|0x718C019B|0x80CE4CA3
0xE140C51A,,,0,4,0,4,0,0,0,5,5,6.07,0,break_piece,0x0E9502CF|0x2915F4A0|0x31F0FE47
0xE3362344,,,0,4,0,4,4,0,0,5,5,4.33,1,break_piece,0x3E7D2911|0x56451E9E|0xA2EB5412
0xE37C5A25,floor01.slice1a_pristine,rainbow,1,4,0,4,0,0,0,2,2,129.57,0,break_piece,0x149FC407|0x261F62BF|0x77A20DC0
0xE4318013,piece1a_propattach12,rainbow,1,4,0,0,0,0,0,3,3,0.03,1,break_piece|intact,0x04ED3522|0x95BF0E21|0xD2FB62DE
0xE577C785,hp_flare_l,rainbow,1,4,0,0,4,0,0,3,3,0.03,1,break_piece,0x3177639B|0x994E1953|0xADE3CED6
0xE8A3D6E8,,,0,4,0,0,4,0,0,6,6,0.03,1,break_piece,0x31F0FE47|0x4C998949|0x5B3458E9
0xE8AD15FF,,,0,4,0,0,0,0,0,6,6,0.18,1,break_piece,0x1282963C|0x228FE801|0xA2EB8265
0xE8C3586A,floor01.slice1a,rainbow,1,4,0,0,0,0,0,1,1,0.03,0,static,0x149FC407|0x261F62BF|0x77A20DC0
0xE9A9DF74,slice1a_propdebris31,rainbow,1,4,0,4,4,0,0,3,4,10.60,1,break_piece,0x624F3CEA|0x770E7949|0xB358951D
0xEA670D2B,,,0,4,0,0,0,0,0,7,7,0.96,0,break_piece|intact,0x0E9502CF|0x2915F4A0|0x31F0FE47
0xEB39003B,,,0,4,0,0,4,0,0,1,10,2.55,1,break_piece,0x14D94B9B|0x1CE8F54F|0x1FBFBB4B
0xEB3D7D69,,,0,4,0,0,4,0,0,1,10,12.76,1,break_piece,0x14D94B9B|0x1CE8F54F|0x1FBFBB4B
0xEC0F76AB,,,0,4,0,0,3,0,0,3,5,0.77,1,break_piece,0x4A41B9BA|0x51F277BD|0xC1EEB3B3
0xEE62AE02,piece3b_propdebris09,rainbow,1,4,0,4,4,0,0,3,3,4.59,1,break_piece,0x2FB6CCDD|0x95FB5377|0xABFDB4B0
0xEEC6B23B,,,0,4,0,0,4,0,0,5,6,1.83,0,break_piece,0x340B1CB8|0xA35416A8|0xD7BB0643
0xEECBD9B7,,,0,4,0,0,4,0,0,6,6,1.71,0,break_piece,0x1282963C|0x228FE801|0xA2EB8265
0xEF773806,,,0,4,0,0,4,0,0,4,4,0.03,1,break_piece,0x149FC407|0x770E7949|0xD506BE7E
0xF0EF1FB9,,,0,4,0,0,4,0,0,3,4,0.03,1,break_piece,0x40D1E566|0x62D45983|0xC2D96DD1
0xF12DD399,,,0,4,0,0,4,0,0,2,3,8.20,1,break_piece,0x3177639B|0xA2AB2E44|0xADE3CED6
0xF183AE27,L3_8,rainbow,1,4,0,0,4,0,0,6,6,7.75,0,break_piece,0x149FC407|0x35992F99|0x585A9008
0xF4D65364,,,0,4,0,4,4,0,0,5,5,6.05,1,intact,0x0E9502CF|0x2915F4A0|0x31F0FE47
0xF5B268E4,slice1a_propattach05_akdk45,rainbow,1,4,0,4,2,0,0,5,5,3.81,1,break_piece,0x6BDE4B9D|0x7A06DFEA|0xCA20C1D9
0xF6CFBD3A,piece1a_propattach12_pristine,rainbow,1,4,0,4,4,0,0,4,4,25.02,1,break_piece|intact,0x04ED3522|0x95BF0E21|0xD2FB62DE
0xFA205A3E,,,0,4,0,0,4,0,0,8,8,0.03,1,break_piece|intact,0x0E9502CF|0x2915F4A0|0x31F0FE47
0xFA6CBA4E,,,0,4,0,0,4,0,0,6,6,1.83,1,break_piece,0x4AEE11CE|0x926D9ECB|0xD64E8456
0xFA8F0474,floor01.piece1b_propdebris11,rainbow,1,4,0,4,4,0,0,3,3,13.81,1,break_piece,0x7D766FA6|0xCA3AC936|0xD23F52FC
0xFAFDD9B6,piece1d_propdebris41,rainbow,1,4,0,4,4,0,0,3,3,27.82,1,break_piece,0x70D6FBD9|0xA0EAF095|0xA79EE18C
0xFB7AA8B0,slice4a,rainbow,2,4,0,0,0,0,0,1,1,0.03,0,static,0x0B7CC1B7|0x1A74D3EE|0x2F4F8F3E
0xFDF49CB0,L3_medium31,rainbow,1,4,0,0,4,0,0,6,6,1.52,0,break_piece,0x0E9502CF|0x8C58E7EB|0xB5C2D9F8
0xFE3B67FA,,,0,4,0,0,4,0,0,3,3,0.03,1,break_piece|intact,0x0A1F9DFB|0x974B46E8|0x97A96272
0xFECC5319,,,0,4,0,4,4,0,0,5,5,4.04,0,break_piece,0x1A1B848F|0x2F1F099B|0x74474CB1
0xFF20D9CF,slice1a_propdebris25,rainbow,1,4,0,4,4,0,0,3,4,10.66,1,break_piece,0x624F3CEA|0x8C674939|0xD506BE7E
0xFFB0D2A5,piece1a_propattach07,rainbow,1,4,0,0,0,0,0,3,3,0.03,1,break_piece,0x3FF2692D|0xE5133554|0xE6027C27
0x9EC352CF,,,0,3,0,0,3,6,4,1,1,0.18,0,,0xB58E1BB8|0xDAB9FE00|0xFF61AB75
0x0ECB0F26,bone_yaw_radar,rainbow,1,3,0,0,2,4,1,3,4,5.43,1,break_piece|intact,0x56EE6A1F|0xC142F94B|0xE8E58109
0x714FDB15,bone_pitch_radar,rainbow,1,3,0,0,3,4,1,4,5,1.75,1,intact,0x40858AFC|0x56EE6A1F|0xD745E58F
0x04ADBBB8,bone_fanc,rainbow,1,3,0,0,0,2,2,1,2,1.33,1,,0x23522367|0x804425B3|0xAA4DEC8B
0x00C76938,,,0,3,0,0,3,0,0,6,6,1.07,0,break_piece,0x11640B62|0xB6EDE80B|0xCC84A986
0x00CBE666,,,0,3,0,0,3,0,0,6,6,1.07,0,break_piece,0x11640B62|0xB6EDE80B|0xCC84A986
0x00DA4E94,piece3a_propdebris06,rainbow,1,3,0,3,3,0,0,3,3,3.28,1,break_piece,0x3BF3DA2E|0x6E81561C|0xE2068412
0x020CEE4C,,,0,3,0,0,3,0,0,3,3,0.03,1,break_piece,0x4B9C42F1|0xD7FCFD11|0xE59723FD
0x02112E97,slice3a_propattach03,rainbow,1,3,0,0,0,0,0,3,3,0.03,1,break_piece,0x4F3C5FBE|0xC939089F|0xE6027C27
0x0217660A,hp_fx_leaves_green_j,rainbow,1,3,0,0,3,0,0,3,3,0.03,1,break_piece,0x54DB2EBE|0x5AB8A933|0xF6E2E989
0x028611F4,slice1c_propattach09_pristine,rainbow,1,3,0,3,2,0,0,4,4,4.04,0,break_piece|intact,0x2F1F099B|0xCA20C1D9|0xFB84E548
0x03157B3D,hp_barreltip_cannon,rainbow,1,3,0,0,3,0,0,5,7,0.03,1,intact,0x25FE00A7|0x79905D82|0xE54047D5
0x031A4590,,,0,3,0,0,3,0,0,4,4,0.03,1,intact,0x299E2340|0x36B43DD1|0xEC6C211D
0x0337A96D,,,0,3,0,0,3,0,0,7,8,0.03,1,break_piece,0x968CE876|0xAACA3CFB|0xD7BB0643
0x03B6D70A,slice1b_propdebris14,rainbow,1,3,0,3,3,0,0,3,4,19.69,1,break_piece,0x3BF3DA2E|0x5436A936|0xD506BE7E
0x05E4A402,,,0,3,0,0,3,0,0,6,6,1.14,0,break_piece,0x9B994D39|0x9C3D4104|0xC159BBC9
0x05FD1F0B,,,0,3,0,0,3,0,0,6,6,1.08,0,break_piece,0x8C83F560|0xB645EE21|0xB98FB059
0x06920A95,hp_seat_lg,rainbow,1,3,0,0,3,0,0,3,3,0.03,1,break_piece,0x71DC712E|0x89D8DE72|0x905B2A87
0x07501210,,,0,3,0,3,3,0,0,6,6,2.15,0,break_piece|intact,0x4C998949|0x717EB6DA|0xB37E7DB3
0x07D4EC10,,,0,3,0,3,3,0,0,1,1,0.47,0,break_piece|intact,0x7CB86FC9|0xB0A0930E|0xF9EA3B44
0x09C82343,,,0,3,0,3,3,0,0,1,1,0.48,0,break_piece|intact,0x7CB86FC9|0xB0A0930E|0xF9EA3B44
0x0A20092A,,,0,3,0,0,3,0,0,5,5,0.03,1,break_piece,0x1E359C2F|0x539FF827|0xFC332812
0x0AA551AB,L2_close27,rainbow,1,3,0,0,3,0,0,4,6,1.32,1,break_piece,0x1623BB16|0x2D1D4D03|0xC23032BC
0x0B18983A,,,0,3,0,0,3,0,0,3,3,0.03,1,break_piece|intact,0x1D5D24CE|0x4B9C42F1|0xE59723FD
0x0B26991D,,,0,3,0,0,3,0,0,3,3,0.03,1,break_piece,0xAEE44824|0xC58C4F27|0xCD0494F0
0x0B7460D1,,,0,3,0,3,3,0,0,1,1,0.47,0,intact,0x45CC35FE|0x4D4F42B5|0xE05A09A2
0x0B8F3A84,,,0,3,0,3,3,0,0,1,1,0.56,0,intact,0x949187D0|0xBCBA07EE|0xE7D6462D
0x0CD4DB66,hp_barreltip_hellfire_D,rainbow,1,3,0,0,3,0,0,4,4,0.03,1,break_piece,0x6D394A7B|0x994E1953|0xC23032BC
0x0D2423C2,floor02.piece1b_propdebris12,rainbow,1,3,0,3,3,0,0,3,3,8.38,1,break_piece,0x7D766FA6|0xCA3AC936|0xD23F52FC
0x0D9EBAE5,bone_strut_rl,rainbow,1,3,0,0,3,0,0,4,4,0.55,1,break_piece|intact,0x2255CE3E|0x2D1D4D03|0xC23032BC
0x0DEBE27A,,,0,3,0,0,3,0,0,3,3,0.03,1,break_piece,0x40D1E566|0x62D45983|0xC2D96DD1
0x0E0E97AD,L3_closeup1,rainbow,1,3,0,0,3,0,0,6,6,1.12,0,break_piece,0x4AEE11CE|0xD64E8456|0xE9E253D5
0x0E640A42,,,0,3,0,0,4,0,0,3,3,0.03,1,break_piece,0x7ABD58C1|0x88D09B0C|0xA2CE8563
0x0F01909F,,,0,3,0,0,3,0,0,6,6,1.18,1,break_piece,0x4A579010|0x70DACFC5|0x9F5A4DB7
0x0FBDA1DF,,,0,3,0,0,3,0,0,6,6,1.89,0,intact,0x37DC6DFD|0x58E907BE|0x79752F8D
0x1046F001,piece2e_pristine,rainbow,1,3,0,3,2,0,0,2,2,19.72,0,intact,0x45C7E99D|0x69B776FC|0xF51C01DD
0x1177AAD5,,,0,3,0,0,3,0,0,4,4,25.70,0,intact,0x3F6D97ED|0x5281D1E2|0xF6E2E989
0x11BB90E7,slice4a_interior,rainbow,1,3,0,3,1,0,0,3,3,28.58,0,break_piece,0x1A74D3EE|0x2F4F8F3E|0xE6027C27
0x11E04980,,,0,3,0,0,0,0,0,3,4,0.03,1,break_piece,0x968CE876|0xAACA3CFB|0xD7BB0643
0x124E8964,,,0,3,0,3,3,0,0,4,5,3.76,0,intact,0x1623BB16|0x19676216|0x720F3948
0x13E74771,,,0,3,0,0,3,0,0,6,6,4.04,0,break_piece,0x7C77ACCB|0xA26387A9|0xFA83AC18
0x1413B8BC,,,0,3,0,3,0,0,0,3,4,1.76,1,break_piece|intact,0x22435EEA|0x9FCAE910|0xF6DEC8EA
0x142C6222,,,0,3,0,3,3,0,0,5,5,1.95,0,break_piece,0x0065B09D|0xAC990539|0xEC0DAFF2
0x14D8BF2E,,,0,3,0,0,3,0,0,4,4,0.03,1,break_piece,0x770E7949|0xD506BE7E|0xF515FB68
0x150340A6,,,0,3,0,0,3,0,0,6,6,1.32,0,break_piece,0x1623BB16|0x2D1D4D03|0xC23032BC
0x15080D4E,,,0,3,0,0,3,0,0,1,2,0.03,1,,0x33C8B389|0x722BEA76|0xC1E0DE18
0x151CE323,,,0,3,0,3,3,0,0,5,5,6.09,0,break_piece,0x2B503BD0|0x74474CB1|0x9D2E1B21
0x15369543,slice2b_propattach03,rainbow,1,3,0,0,0,0,0,3,3,0.03,1,break_piece,0x6B1DE27D|0x88612024|0xDDE0070C
0x15468E96,L2_close31,rainbow,1,3,0,0,3,0,0,6,6,1.56,0,break_piece,0x2B97DD31|0x8C58E7EB|0xC7C3C08C
0x15735823,slice3b_propdebris00,rainbow,1,3,0,3,3,0,0,3,4,7.12,1,break_piece,0x319D840A|0xDDE0070C|0xF51C01DD
0x15CCD744,,,0,3,0,0,3,0,0,5,5,0.03,1,break_piece,0x770E7949|0xD506BE7E|0xF515FB68
0x16E63445,hp_barreltip_hellfire_C,rainbow,1,3,0,0,3,0,0,4,4,0.03,1,break_piece,0x6D394A7B|0x994E1953|0xC23032BC
0x16EE350D,piece7a,rainbow,1,3,0,0,0,0,0,1,1,0.03,1,static,0x3BF3DA2E|0xBFC09F3E|0xCE866A6A
0x1755073A,piece2a_propattach14,rainbow,1,3,0,0,0,0,0,3,3,0.03,0,intact,0x1D20E058|0x91E2FC68|0xB3EFDFAC
0x17755A46,slice3a_propattach01_ruin,rainbow,1,3,0,3,1,0,0,4,4,2.61,0,break_piece|intact,0x7C77ACCB|0xC939089F|0xE6027C27
0x17AFCD2D,slice1c_propattach11_pristine,rainbow,1,3,0,3,2,0,0,4,4,22.70,0,break_piece|intact,0x2F1F099B|0x818E5819|0xCA20C1D9
0x18A3628E,slice1a_propattach10_ruin,rainbow,1,3,0,3,0,0,0,4,4,0.03,0,break_piece,0x38381266|0x7C77ACCB|0xCDC5617A
0x192FCBB1,,,0,3,0,0,3,0,0,6,6,1.12,0,break_piece,0x4AEE11CE|0xD64E8456|0xE9E253D5
0x193BB9F4,slice2a_propattach05,rainbow,1,3,0,0,0,0,0,3,3,0.03,1,break_piece,0x2171B6D7|0x8A6DEF3D|0xE6027C27
0x1975E6E5,,,0,3,0,0,3,0,0,6,6,7.75,0,break_piece,0x149FC407|0x35992F99|0x585A9008
0x1A0F9B7F,slice1f_interior,rainbow,1,3,0,3,1,0,0,3,3,153.86,0,break_piece,0x1E359C2F|0x35992F99|0x713ED3DB
0x1A8CEAD9,,,0,3,0,0,3,0,0,3,3,0.30,1,,0x15D89832|0xA3C1FABC|0xD0C6D545
0x1AD0C898,,,0,3,0,0,3,0,0,8,10,3.69,0,break_piece,0x1CE8F54F|0x342EDDD4|0xB6EDE80B
0x1AE136F6,,,0,3,0,0,3,0,0,7,7,0.61,1,break_piece,0x37DC6DFD|0x58E907BE|0x79752F8D
0x1B0664D4,,,0,3,0,0,3,0,0,4,4,0.03,1,break_piece,0x40D1E566|0x62D45983|0xC2D96DD1
0x1C381D6A,slice2b_propattach03_pristine,rainbow,1,3,0,3,2,0,0,4,4,10.11,0,break_piece|intact,0x6B1DE27D|0x88612024|0xDDE0070C
0x1C5196EC,,,0,3,0,3,3,0,0,5,6,2.14,0,break_piece|intact,0x4C998949|0x717EB6DA|0x968CE876
0x1CC122F7,,,0,3,0,0,3,0,0,7,7,0.56,1,break_piece,0x37DC6DFD|0x58E907BE|0x79752F8D
0x1D9747F7,,,0,3,0,0,3,0,0,5,7,1.83,1,break_piece|intact,0x08E25CDC|0x19E2962E|0xB37E7DB3
0x1DA14106,,,0,3,0,0,3,0,0,6,6,1.25,0,break_piece,0x0E9502CF|0xA4937D58|0xB5C2D9F8
0x1EEA180D,,,0,3,0,0,3,0,0,4,4,0.03,1,break_piece,0x770E7949|0xD506BE7E|0xF515FB68
0x1F07387E,,,0,3,0,0,3,0,0,6,6,1.07,0,break_piece,0x0F9B9B04|0xBBDC51DD|0xCAAF4D42
0x1F19662D,,,0,3,0,0,3,0,0,1,2,0.03,1,,0x33C8B389|0x722BEA76|0xC1E0DE18
0x1F5CA963,,,0,3,0,0,0,0,0,3,6,0.79,1,break_piece,0x4A41B9BA|0x51F277BD|0x807D1C3B
0x1FA15128,hp_ladder_top,rainbow,1,3,0,0,3,0,0,2,3,0.03,1,break_piece|intact,0x79835204|0xA807713E|0xD1968AF1
0x1FDB25FE,piece1b_propdebris25,rainbow,1,3,0,3,3,0,0,3,3,6.85,1,break_piece|intact,0x6B3A45A6|0x8D26B965|0xFB3F09AE
0x200F8FF1,,,0,3,0,0,3,0,0,6,6,1.08,0,break_piece,0x8C83F560|0xB645EE21|0xB98FB059
0x20B5E759,,,0,3,0,0,3,0,0,4,4,0.03,1,break_piece,0x770E7949|0xD506BE7E|0xF515FB68
0x21B5682E,,,0,3,0,0,3,0,0,4,4,0.03,1,break_piece,0x1A2F151C|0x6C2E7291|0xE43A561C
0x226F4C13,,,0,3,0,0,3,0,0,1,1,0.03,1,static,0xA7A6799D|0xB5529F38|0xD3968F8A
0x22CE5A83,,,0,3,0,0,3,0,0,6,6,1.07,0,break_piece,0x11640B62|0xB6EDE80B|0xCC84A986
0x233D4E7D,,,0,3,0,0,3,0,0,6,6,1.42,0,break_piece,0x0E9502CF|0x8C58E7EB|0xB5C2D9F8
0x235E97AB,,,0,3,0,0,2,0,0,1,3,3.29,1,,0x23522367|0x8185C0A5|0xAA4DEC8B
0x236C8D3F,floor01.piece1c_pristine,rainbow,1,3,0,3,0,0,0,2,2,41.92,0,break_piece|intact,0xCA3AC936|0xD1574A09|0xD44C2215
0x2458F819,,,0,3,0,3,3,0,0,5,5,1.11,1,break_piece,0x56451E9E|0xA2EB5412|0xC26DC525
0x24A0F154,hp_spawn_d,rainbow,1,3,0,0,3,0,0,3,3,0.03,1,break_piece|intact,0x2F4F8F3E|0x88612024|0xD1574A09
0x24C324BE,bone_chestleft,rainbow,1,3,0,0,5,0,0,5,5,0.03,1,,0x0F1C9C51|0x2B5BA84C|0xB4CA6F67
0x24D041CD,,,0,3,0,0,3,0,0,6,6,1.89,0,intact,0x37DC6DFD|0x58E907BE|0x79752F8D
0x251B4D17,,,0,3,0,0,3,0,0,5,5,0.94,0,break_piece,0x713ED3DB|0x818E5819|0x833030CA
0x25AEC831,,,0,3,0,0,3,0,0,4,4,0.03,1,break_piece|intact,0xA176803B|0xB1EB099F|0xFB89A3B1
0x25B94B27,slice1b_propdebris15,rainbow,1,3,0,3,3,0,0,3,4,10.74,1,break_piece,0x3BF3DA2E|0x5436A936|0xF515FB68
0x26CAD85B,bone_flap,rainbow,1,3,0,0,3,0,0,2,3,10.97,1,break_piece,0x066F550B|0x3A1CB5C0|0x54E9C345
0x2703E138,,,0,3,0,0,3,0,0,3,3,0.03,1,break_piece,0x3BD2A4F8|0xC5CFAC9F|0xE3CD9D42
0x27822391,floor01.piece1c_ruin,rainbow,1,3,0,3,0,0,0,2,2,33.93,0,break_piece|intact,0xCA3AC936|0xD1574A09|0xD44C2215
0x27F947AA,piece1b_propdebris29,rainbow,1,3,0,3,3,0,0,3,3,8.26,1,break_piece|intact,0x493FD997|0x6B3A45A6|0xFB3F09AE
0x28A6A315,,,0,3,0,0,3,0,0,7,7,0.56,1,break_piece,0x37DC6DFD|0x58E907BE|0x79752F8D
0x2904833B,,,0,3,0,0,3,0,0,4,4,0.40,1,break_piece|intact,0x2255CE3E|0x2D1D4D03|0xC23032BC
0x29A567C3,bone_ramp_rl,rainbow,1,3,0,0,3,0,0,4,4,1.97,1,break_piece,0x3177639B|0xADE3CED6|0xFCD79D6D
0x29B962D2,piece1d_propdebris16,rainbow,1,3,0,3,3,0,0,3,3,27.82,1,break_piece,0x37B0103D|0x70D6FBD9|0xE9219C8A
0x2A077B7E,bone_propeller_rr,rainbow,1,3,0,0,3,0,0,2,4,15.55,1,intact,0x3A1CB5C0|0x54E9C345|0xC733E65D
0x2AC9E9ED,,,0,3,0,0,3,0,0,6,6,1.07,0,break_piece,0x11640B62|0xB6EDE80B|0xCC84A986
0x2B80B63E,,,0,3,0,0,0,0,0,4,4,1.37,1,intact,0x299E2340|0x36B43DD1|0xEC6C211D
0x2C227D47,,,0,3,0,0,3,0,0,5,5,0.03,1,break_piece,0x1E359C2F|0x539FF827|0xFC332812
0x2C64D7E9,floor01.piece2b_ruin,rainbow,1,3,0,3,0,0,0,2,2,29.73,0,break_piece|intact,0xAC3CD893|0xD23F52FC|0xFD0229C3
0x2CE8837B,,,0,3,0,0,3,0,0,6,6,0.58,0,intact,0x37DC6DFD|0x58E907BE|0x79752F8D
0x2CFF8142,,,0,3,0,0,3,0,0,6,6,1.18,1,break_piece,0x4A579010|0x70DACFC5|0x9F5A4DB7
0x2D2D1AB2,,,0,3,0,3,3,0,0,5,5,11.61,1,break_piece,0x2E3C0B49|0xA67A960D|0xF2391F54
0x2D429E70,,,0,3,0,0,3,0,0,4,4,0.03,1,break_piece,0x70D2FBFA|0x849BFE28|0x88D09B0C
0x2D962BCF,,,0,3,0,3,3,0,0,1,1,0.53,0,intact,0x949187D0|0xBCBA07EE|0xE7D6462D
0x2DDFF4B5,hp_dock_rg,rainbow,1,3,0,0,3,0,0,3,3,0.03,1,break_piece,0x71DC712E|0x89D8DE72|0x905B2A87
0x2DFFD60E,piece2e,rainbow,1,3,0,0,0,0,0,1,1,0.03,0,static,0x45C7E99D|0x69B776FC|0xF51C01DD
0x2ED024E1,piece1a_propattach08_pristine,rainbow,1,3,0,3,2,0,0,4,4,4.04,0,break_piece|intact,0x3FF2692D|0xE5133554|0xF03E0102
0x2F1F177D,slice1c_propdebris10,rainbow,1,3,0,3,3,0,0,3,3,6.35,1,break_piece|intact,0x09E169B3|0x87ED6900|0xC3F92D74
0x30189BF2,,,0,3,0,0,3,0,0,5,5,0.03,1,intact,0x9A7642ED|0xA9E17B48|0xFC950DF2
0x308C2112,,,0,3,0,3,1,0,0,5,6,2.13,0,break_piece|intact,0x4C998949|0x717EB6DA|0x968CE876
0x311CA307,floor01.piece2b_pristine,rainbow,1,3,0,3,0,0,0,2,2,33.48,0,break_piece|intact,0xAC3CD893|0xD23F52FC|0xFD0229C3
0x31A075B8,,,0,3,0,0,0,0,0,3,3,0.88,1,break_piece,0x18674F1F|0xC25E48DB|0xCAC9D01F
0x324C7273,,,0,3,0,3,3,0,0,1,1,0.48,0,intact,0x1066F684|0x60497640|0xBC65582A
0x3286F76F,,,0,3,0,3,1,0,0,4,4,1.93,0,break_piece|intact,0x149FC407|0x261F62BF|0x77A20DC0
0x32C38430,,,0,3,0,0,3,0,0,7,7,1.38,1,break_piece,0x37DC6DFD|0x58E907BE|0x79752F8D
0x32EE393E,piece4d_ruin,rainbow,1,3,0,3,1,0,0,2,2,20.22,0,break_piece|intact,0x04CC21CD|0x7604B190|0x97933596
0x333E611C,slice1a_propattach16_ruin,rainbow,1,3,0,3,0,0,0,4,4,2.01,0,break_piece,0x618526A4|0xB358951D|0xDDBA557D
0x3348417D,floor02.piece1a_propdebris14,rainbow,1,3,0,3,3,0,0,3,3,7.90,1,break_piece,0x13417609|0x601A1292|0x7D766FA6
0x34AC3DD2,,,0,3,0,0,3,0,0,4,4,0.47,1,break_piece|intact,0x2255CE3E|0x2D1D4D03|0xC23032BC
0x34E257CC,,,0,3,0,0,3,0,0,4,4,0.47,1,break_piece|intact,0x2255CE3E|0x2D1D4D03|0xC23032BC
0x3514EA7A,,,0,3,0,0,3,0,0,6,6,1.05,0,break_piece,0x0F9B9B04|0xBBDC51DD|0xCAAF4D42
0x35F269E7,,,0,3,0,0,3,0,0,6,6,1.06,0,break_piece,0xB9CAAC7B|0xE8E58109|0xF2BEF3FF
0x3640D98B,,,0,3,0,0,3,0,0,3,3,0.03,1,break_piece,0x90B6CC8B|0xB6B946F4|0xBE2C617B
0x36967CCA,,,0,3,0,0,3,0,0,4,4,0.03,1,break_piece,0x71DC712E|0x89D8DE72|0x905B2A87
0x3705B4C3,,,0,3,0,0,3,0,0,6,6,1.32,0,break_piece,0x1623BB16|0x2D1D4D03|0xC23032BC
0x379A15FA,piece1d_propdebris09,rainbow,1,3,0,3,3,0,0,3,3,7.39,1,break_piece,0x37B0103D|0x7DB2E527|0xA67A960D
0x37FFD72A,,,0,3,0,0,3,0,0,4,4,0.03,1,break_piece,0x156B1738|0x63BD9B82|0xF433C5D7
0x3846E1A4,,,0,3,0,0,3,0,0,5,5,0.03,1,intact,0x1C793E11|0x36A0A401|0xC68EFD61
0x38732FFF,slice1f_pristine,rainbow,1,3,0,3,0,0,0,2,2,158.22,0,break_piece,0x1E359C2F|0x35992F99|0x713ED3DB
0x3927FA28,,,0,3,0,0,3,0,0,5,5,1.58,1,break_piece,0x1903A169|0x968CE876|0xAACA3CFB
0x39D6F4D9,piece2c_propdebris04,rainbow,1,3,0,3,3,0,0,3,3,4.48,1,break_piece,0x7DB2E527|0x95FB5377|0xABFDB4B0
0x3B47C3E2,slice1c_propattach11,rainbow,1,3,0,0,0,0,0,3,3,0.03,1,break_piece,0x2F1F099B|0x818E5819|0xCA20C1D9
0x3B728564,,,0,3,0,0,3,0,0,6,6,1.83,0,break_piece,0x12181179|0x4BE3E7C4|0x926D9ECB
0x3B929E2B,,,0,3,0,0,3,0,0,4,4,0.03,1,break_piece,0x1A2F151C|0x2C324EBF|0xF405EF93
0x3B95389A,,,0,3,0,0,3,0,0,5,6,1.83,1,break_piece|intact,0x08E25CDC|0x19E2962E|0xB37E7DB3
0x3BEB925D,,,0,3,0,3,3,0,0,5,5,0.36,1,break_piece,0x11640B62|0x12732DD2|0xCC84A986
0x3C3CA7BF,piece1a_propdebris54,rainbow,1,3,0,3,3,0,0,3,3,16.71,1,break_piece,0x3601FC68|0x5436A936|0xF4E636CC
0x3C44667E,,,0,3,0,0,3,0,0,6,6,1.26,0,break_piece,0x1623BB16|0x2D1D4D03|0xC23032BC
0x3C685908,floor01.piece1c,rainbow,1,3,0,0,0,0,0,1,1,0.03,0,static,0xCA3AC936|0xD1574A09|0xD44C2215
0x3C9C7C89,,,0,3,0,0,3,0,0,6,6,1.39,0,break_piece,0x807D1C3B|0xAC990539|0xB4FE2B80
0x3EA94EE2,slice2c_propattach01,rainbow,1,3,0,0,0,0,0,3,3,0.03,1,break_piece|intact,0x4F3C5FBE|0x9DF6B30B|0xA76D0DA1
0x3EF833EB,slice1c_propattach08_pristine,rainbow,1,3,0,3,2,0,0,4,4,3.15,0,break_piece,0x2F1F099B|0xCA20C1D9|0xFB84E548
0x3FB5A57B,,,0,3,0,0,3,0,0,4,4,0.03,1,intact,0x13A86EF7|0x7366155A|0x9387F335
0x402AE95F,hp_seat_rg,rainbow,1,3,0,0,3,0,0,3,3,0.03,1,break_piece,0x71DC712E|0x89D8DE72|0x905B2A87
0x406D3CB6,,,0,3,0,0,3,0,0,1,1,0.03,1,static,0xA7A6799D|0xB5529F38|0xD3968F8A
0x42043D41,bone_shock_rl,rainbow,1,3,0,0,3,0,0,5,5,0.65,1,break_piece|intact,0x2255CE3E|0x2D1D4D03|0xC23032BC
0x4242A598,slice2c_propattach02_pristine,rainbow,1,3,0,3,2,0,0,4,4,2.39,0,break_piece|intact,0x4F3C5FBE|0x9DF6B30B|0xA76D0DA1
0x425AC8C1,bone_radar_b,rainbow,1,3,0,0,4,0,0,2,4,1.71,1,intact,0x7366155A|0x80725FF4|0xC733E65D
0x43387286,,,0,3,0,0,3,0,0,4,4,0.03,1,break_piece,0x40D1E566|0x62D45983|0xC2D96DD1
0x433C25CE,,,0,3,0,0,1,0,0,4,4,0.61,1,break_piece|intact,0x2255CE3E|0x2D1D4D03|0xC23032BC
0x43A6FCC5,hp_barreltip_ba,rainbow,1,3,0,0,3,0,0,5,6,0.03,1,break_piece|intact,0x13709C60|0x86A7C828|0xAC990539
0x440C24B3,,,0,3,0,0,3,0,0,6,6,1.07,0,break_piece,0x11640B62|0xB6EDE80B|0xCC84A986
0x44D3494D,,,0,3,0,0,3,0,0,8,10,3.69,0,break_piece,0x1CE8F54F|0x342EDDD4|0xB6EDE80B
0x45590A05,,,0,3,0,0,3,0,0,1,3,0.03,1,,0x33C8B389|0x722BEA76|0xC1E0DE18
0x459EAE5B,hp_cargo_b,rainbow,1,3,0,0,3,0,0,3,3,0.03,1,break_piece,0x3177639B|0xADE3CED6|0xFCD79D6D
0x479D9E62,,,0,3,0,0,3,0,0,6,6,1.48,0,break_piece,0x80C357EC|0xCE77D4CB|0xE31521AD
0x47DBD52E,,,0,3,0,3,1,0,0,5,5,1.88,0,break_piece,0x38381266|0x7C77ACCB|0xCDC5617A
0x4858939C,bone_radar_c,rainbow,1,3,0,0,4,0,0,2,4,2.93,1,intact,0x7366155A|0x80725FF4|0xC733E65D
0x4898E777,,,0,3,0,0,3,0,0,3,3,0.03,1,intact,0x6B432F1C|0xBEC05BF8|0xEA5253E7
0x48C93F01,slice1c_propattach09,rainbow,1,3,0,0,0,0,0,3,3,0.03,1,break_piece,0x2F1F099B|0xCA20C1D9|0xFB84E548
0x48D84332,,,0,3,0,0,3,0,0,5,6,1.83,0,break_piece,0x340B1CB8|0xA35416A8|0xD7BB0643
0x4A8A1A20,piece5b_propdebris05,rainbow,1,3,0,3,3,0,0,3,3,2.87,1,break_piece,0x3BF3DA2E|0x95FB5377|0xABFDB4B0
0x4AA8633E,,,0,3,0,0,3,0,0,3,5,0.99,1,break_piece|intact,0x23AC7DAC|0x36550AFF|0x946F6A0A
0x4ADD7A83,,,0,3,0,0,0,0,0,3,4,3.23,1,break_piece,0x22435EEA|0x4A95F55C|0xF6DEC8EA
0x4AE9F92B,,,0,3,0,0,3,0,0,6,6,2.37,1,break_piece,0x4C998949|0x5B3458E9|0x717EB6DA
0x4AFD1467,,,0,3,0,0,3,0,0,5,5,0.03,1,break_piece,0x319D840A|0x539FF827|0xD0B84392
0x4B5639EC,bone_pitch_missile_l,rainbow,1,3,0,0,0,0,0,3,5,1.14,1,break_piece,0x1CE8F54F|0x22435EEA|0x342EDDD4
0x4D8C5187,,,0,3,0,3,3,0,0,1,1,1.36,0,break_piece|intact,0x055E9085|0x3C9A5987|0xEA7F9F3F
0x4E602BCB,,,0,3,0,0,3,0,0,6,6,1.04,1,break_piece,0x80659E62|0xCDDC96EC|0xEB20325A
0x4EC709DC,slice1c_propattach08,rainbow,1,3,0,0,0,0,0,3,3,0.03,1,break_piece,0x2F1F099B|0xCA20C1D9|0xFB84E548
0x51895F78,,,0,3,0,3,3,0,0,5,5,3.47,1,break_piece,0x8D26B965|0xC1527544|0xC6E266D0
0x51924120,,,0,3,0,0,3,0,0,6,6,1.04,0,break_piece,0x0F9B9B04|0xBBDC51DD|0xCAAF4D42
0x51AAC579,,,0,3,0,0,3,0,0,5,5,0.31,0,break_piece,0x26A095BE|0x5C412F85|0xBA098D46
0x522FFE6E,piece1a_propdebris51,rainbow,1,3,0,3,3,0,0,3,3,7.68,1,break_piece,0x5436A936|0x97A96272|0xF4E636CC
0x534B93CE,piece1b_propdebris32,rainbow,1,3,0,3,3,0,0,3,3,8.30,1,break_piece|intact,0x493FD997|0x6B3A45A6|0xFB3F09AE
0x537B6E26,,,0,3,0,0,3,0,0,4,4,0.03,1,break_piece,0x770E7949|0xD506BE7E|0xF515FB68
0x54C49199,slice3a_propattach00_ruin,rainbow,1,3,0,3,0,0,0,4,4,0.03,0,break_piece,0x319D840A|0x7C77ACCB|0xC939089F
0x552C7D1F,slice2c_propdebris06,rainbow,1,3,0,3,3,0,0,3,3,2.47,1,break_piece|intact,0x9DF6B30B|0xA76D0DA1|0xB1EFE9B5
0x558A7A33,floor01.piece1a_propattach11,rainbow,1,3,0,0,0,0,0,3,3,0.03,1,intact,0xAC3CD893|0xD23F52FC|0xD44C2215
0x56587483,bone_pitch_rr,rainbow,1,3,0,0,0,0,0,3,4,3.23,1,break_piece,0x22435EEA|0x4A95F55C|0xF6DEC8EA
0x5672849D,,,0,3,0,0,3,0,0,6,6,7.75,0,break_piece,0x149FC407|0x35992F99|0x585A9008
0x56DB9DD2,floor01.piece1a_propdebris12,rainbow,1,3,0,3,3,0,0,3,3,13.81,1,break_piece,0xAC3CD893|0xCA3AC936|0xD44C2215
0x57621FC1,piece1d_propdebris24,rainbow,1,3,0,3,3,0,0,3,3,7.97,1,break_piece,0x70D6FBD9|0x91E2FC68|0xE9219C8A
0x578FB271,,,0,3,0,0,3,0,0,5,6,1.81,0,break_piece|intact,0x08E25CDC|0x2255CE3E|0xB37E7DB3
0x582732D8,,,0,3,0,0,3,0,0,3,3,0.03,1,break_piece,0x086666D2|0x2171B6D7|0xA26387A9
0x58911E4A,,,0,3,0,0,3,0,0,5,5,0.03,1,intact,0x6AB0E73B|0xA9A2BE20|0xFBADCB43
0x58D4F718,,,0,3,0,3,2,0,0,5,5,7.75,0,break_piece,0x2171B6D7|0x36A0A401|0x551A0FF1
0x59067DB0,,,0,3,0,0,3,0,0,7,7,0.61,1,break_piece,0x37DC6DFD|0x58E907BE|0x79752F8D
0x597325B5,,,0,3,0,0,0,0,0,5,5,0.03,1,break_piece,0x4C998949|0x717EB6DA|0xB37E7DB3
0x5A27F8A0,,,0,3,0,0,0,0,0,3,4,7.51,1,break_piece|intact,0x0B76A8FC|0x6D394A7B|0x994E1953
0x5A31AFEB,,,0,3,0,0,0,0,0,4,4,0.03,1,break_piece,0x0065B09D|0xAC990539|0xEC0DAFF2
0x5B191CA2,slice1d_propattach00_ruin,rainbow,1,3,0,3,0,0,0,4,4,0.03,0,break_piece,0x35992F99|0x539FF827|0x9132806D
0x5B1B1848,,,0,3,0,0,3,0,0,2,3,0.03,1,break_piece,0xC56B1A44|0xD1968AF1|0xE54047D5
0x5B501D94,piece1b_propdebris30,rainbow,1,3,0,3,3,0,0,3,3,8.26,1,break_piece|intact,0x493FD997|0x6B3A45A6|0xFB3F09AE
0x5D5FEA9C,piece1d_propdebris25,rainbow,1,3,0,3,3,0,0,3,3,7.87,1,break_piece,0x70D6FBD9|0x91E2FC68|0xE9219C8A
0x5DE9ABB8,,,0,3,0,0,3,0,0,6,6,1.14,0,break_piece,0x9B994D39|0x9C3D4104|0xC159BBC9
0x5DF355F5,,,0,3,0,0,3,0,0,4,4,0.03,1,break_piece,0x88D09B0C|0xBD660F82|0xF6E2E989
0x5E46DA9B,,,0,3,0,0,3,0,0,6,6,1.26,0,break_piece,0x1623BB16|0x2D1D4D03|0xC23032BC
0x5EBA013E,,,0,3,0,0,3,0,0,5,5,0.03,1,break_piece,0x2F4F8F3E|0x319D840A|0xE6027C27
0x61C51759,,,0,3,0,0,3,0,0,5,5,0.03,1,break_piece|intact,0x2255CE3E|0x2D1D4D03|0xC23032BC
0x633C9456,,,0,3,0,0,3,0,0,3,3,0.03,1,break_piece,0x6F4707FE|0xC977839E|0xEB7E74E9
0x6410D441,,,0,3,0,0,3,0,0,6,6,1.07,0,break_piece,0x11640B62|0xB6EDE80B|0xCC84A986
0x64199A8C,,,0,3,0,0,3,0,0,4,4,0.03,1,break_piece,0x7366155A|0x9387F335|0xC733E65D
0x6474D3BA,slice1d_propdebris05,rainbow,1,3,0,3,3,0,0,3,4,5.85,1,break_piece,0x1E359C2F|0xF51C01DD|0xFC332812
0x64DF59A7,,,0,3,0,3,3,0,0,4,4,7.80,1,break_piece,0x73033C9F|0x8B310BBB|0xC304F0AE
0x65292B78,floor02.piece1b_propdebris10,rainbow,1,3,0,3,3,0,0,3,3,11.95,1,break_piece,0x7D766FA6|0xCA3AC936|0xD23F52FC
0x65AE39EA,bone_pitch_turret_b,rainbow,1,3,0,0,1,0,0,4,5,1.49,1,break_piece|intact,0x3397DE30|0x994E1953|0xCE77D4CB
0x65E1DFA6,,,0,3,0,0,3,0,0,3,3,0.03,1,break_piece,0x40D1E566|0x62D45983|0xC2D96DD1
0x662C84E6,,,0,3,0,3,3,0,0,3,3,3.93,0,break_piece,0x71DC712E|0x89D8DE72|0x905B2A87
0x6637A3A0,,,0,3,0,0,3,0,0,3,3,0.03,1,intact,0x3D8AA814|0x54557BF3|0x6FF480E8
0x666D8F26,,,0,3,0,0,4,0,0,3,3,0.03,1,break_piece,0x7ABD58C1|0x88D09B0C|0xA2CE8563
0x671C62AB,floor02.piece1b_propdebris17,rainbow,1,3,0,3,3,0,0,3,3,9.85,1,break_piece,0x7D766FA6|0xCA3AC936|0xD23F52FC
0x674027F7,,,0,3,0,0,3,0,0,5,5,2.29,1,intact,0x044EDB9C|0x4D72B2BC|0xA176803B
0x67540EB6,slice3a_propattach03_pristine,rainbow,1,3,0,3,2,0,0,4,4,4.84,0,break_piece|intact,0x4F3C5FBE|0xC939089F|0xE6027C27
0x69A6A47E,,,0,3,0,0,3,0,0,6,6,7.15,1,break_piece,0x149FC407|0x35992F99|0x585A9008
0x69CD3791,,,0,3,0,3,3,0,0,1,1,0.46,0,intact,0x7CB86FC9|0xB0A0930E|0xF9EA3B44
0x6A0E9F1C,,,0,3,0,0,3,0,0,6,6,1.07,0,break_piece,0x11640B62|0xB6EDE80B|0xCC84A986
0x6A10E6C8,piece2c_propdebris12,rainbow,1,3,0,3,3,0,0,3,3,5.44,1,break_piece,0x95FB5377|0xE2068412|0xFB3F09AE
0x6A2B232D,hp_gunmount_front,rainbow,1,3,0,0,3,0,0,6,7,0.03,1,intact,0x299E2340|0x60E7FFEB|0xEC6C211D
0x6A3767E7,piece1c_propdebris16,rainbow,1,3,0,3,3,0,0,3,3,8.16,1,break_piece,0xC1527544|0xE2068412|0xFB3F09AE
0x6A7B41F6,piece5b_propdebris03,rainbow,1,3,0,3,3,0,0,3,3,8.88,1,break_piece,0x3BF3DA2E|0x95FB5377|0xABFDB4B0
0x6ADAB74F,,,0,3,0,0,3,0,0,5,6,1.83,0,break_piece,0x340B1CB8|0xA35416A8|0xD7BB0643
0x6ADDFA44,piece2b_propdebris11,rainbow,1,3,0,3,3,0,0,3,3,5.39,1,break_piece,0x6BDE4B9D|0xAE7FFC96|0xC576F6BC
0x6C776982,L2_closeup10,rainbow,1,3,0,0,3,0,0,6,6,1.39,0,break_piece,0x56EE6A1F|0xE31521AD|0xE8E58109
0x6C9DF8A3,,,0,3,0,0,3,0,0,3,3,0.03,1,intact,0x22C8D632|0x44CB4A4F|0x8F552915
0x6CD2B188,,,0,3,0,0,3,0,0,5,6,1.83,0,break_piece,0x340B1CB8|0xA35416A8|0xF88147A1
0x6D29A6EB,slice2a_propattach03_ruin,rainbow,1,3,0,3,2,0,0,4,4,3.61,0,break_piece|intact,0x7C77ACCB|0x9DF6B30B|0xA76D0DA1
0x6D58BE44,slice3b_propattach00_pristine,rainbow,1,3,0,3,0,0,0,4,4,0.93,0,break_piece|intact,0x6F4B9CA8|0xBFC09F3E|0xFA83AC18
0x6D8632F1,piece1a_propdebris63,rainbow,1,3,0,3,3,0,0,3,3,10.02,1,break_piece,0x1923143C|0x1DAC7011|0x3601FC68
0x6E418973,slice2a_propattach05_pristine,rainbow,1,3,0,3,3,0,0,4,4,4.03,0,break_piece|intact,0x2171B6D7|0x8A6DEF3D|0xE6027C27
0x6EC45118,,,0,3,0,0,3,0,0,5,5,4.03,0,break_piece|intact,0x4F3C5FBE|0x7C77ACCB|0xFA83AC18
0x6EEA9989,,,0,3,0,0,3,0,0,3,3,0.03,1,intact,0x36A9F3D4|0x98B149DF|0xB6AF3A82
0x6F3F0185,floor02.piece1b_propdebris19,rainbow,1,3,0,3,3,0,0,3,3,8.37,1,break_piece,0x7D766FA6|0xCA3AC936|0xD23F52FC
0x6FCB026C,,,0,3,0,3,3,0,0,1,1,0.47,0,intact,0x7CB86FC9|0xB0A0930E|0xF9EA3B44
0x6FEEBB57,,,0,3,0,0,3,0,0,3,3,0.03,1,break_piece,0x40D1E566|0x62D45983|0xC2D96DD1
0x6FF33885,,,0,3,0,0,3,0,0,3,3,0.03,1,break_piece,0x40D1E566|0x62D45983|0xC2D96DD1
0x70276CAC,,,0,3,0,3,3,0,0,1,1,1.34,0,break_piece|intact,0x5C6315A6|0x7CB86FC9|0xB0A0930E
0x707EE805,,,0,3,0,0,4,0,0,3,3,0.03,1,break_piece,0x7ABD58C1|0x88D09B0C|0xA2CE8563
0x70EC7394,,,0,3,0,0,3,0,0,6,6,2.37,0,break_piece,0x4C998949|0x5B3458E9|0x717EB6DA
0x70F195A2,piece2a_propdebris12,rainbow,1,3,0,3,3,0,0,3,3,7.58,1,break_piece,0x39DC69DC|0x91E2FC68|0xE2068412
0x718C17C3,L1_big2,rainbow,1,3,0,0,3,0,0,5,5,0.31,0,break_piece,0x26A095BE|0x5C412F85|0xBA098D46
0x71BB7498,bone_tail,rainbow,1,3,0,0,3,0,0,3,3,0.03,1,,0x77E59F1F|0xD9588A21|0xDFDF5B5D
0x71CF9219,piece2a_propdebris33,rainbow,1,3,0,3,3,0,0,3,3,4.74,1,break_piece,0x5DC2D1E2|0x8757B5FE|0x91E2FC68
0x720AA71A,,,0,3,0,3,3,0,0,1,1,0.49,0,intact,0x45CC35FE|0x4D4F42B5|0xE05A09A2
0x73428205,piece1d_interior,rainbow,1,3,0,3,3,0,0,3,3,30.03,0,intact,0x020E5BB4|0x37B0103D|0x7DB2E527
0x740EB7EF,piece2c_propdebris11,rainbow,1,3,0,3,3,0,0,3,3,7.94,1,break_piece,0x95FB5377|0xE2068412|0xFB3F09AE
0x748C9AD5,piece5b_propdebris04,rainbow,1,3,0,3,3,0,0,3,3,3.37,1,break_piece,0x3BF3DA2E|0x95FB5377|0xABFDB4B0
0x749CBD3C,,,0,3,0,3,3,0,0,5,5,2.01,0,intact,0x0065B09D|0xAC990539|0xEC0DAFF2
0x74C07AA5,,,0,3,0,3,3,0,0,5,5,8.95,0,break_piece,0x319D840A|0x7C77ACCB|0xC939089F
0x75786C71,slice3b_propdebris02,rainbow,1,3,0,3,3,0,0,3,4,6.34,1,break_piece,0x319D840A|0xDDE0070C|0xF51C01DD
0x7600F4F9,slice4a_ruin,rainbow,1,3,0,3,0,0,0,2,2,52.40,0,intact,0x0B7CC1B7|0x2F4F8F3E|0xE6027C27
0x78DE11EF,floor01.piece1a_propdebris13,rainbow,1,3,0,3,3,0,0,3,3,13.81,1,break_piece,0xAC3CD893|0xCA3AC936|0xD23F52FC
0x7947C37D,,,0,3,0,0,3,0,0,5,5,0.03,1,break_piece|intact,0x319D840A|0x4F3C5FBE|0xE6027C27
0x794BE3F2,L3_medium28,rainbow,1,3,0,0,3,0,0,4,6,1.26,1,break_piece,0x1623BB16|0x2D1D4D03|0xC23032BC
0x7955A3DE,slice1c_propattach05_ruin,rainbow,1,3,0,3,0,0,0,4,4,0.03,0,break_piece,0x2A68DAEF|0x2F1F099B|0xA26387A9
0x795E7A38,,,0,3,0,0,3,0,0,4,6,5.53,0,break_piece,0x74474CB1|0x9132806D|0xEAA1C080
0x79FB8553,state_pristine,rainbow,1,3,0,0,1,0,0,1,2,18.59,0,,0x54BC61A2|0x62661F6C|0xF88503ED
0x7B909466,,,0,3,0,0,3,0,0,5,5,1.57,1,break_piece,0x1903A169|0x968CE876|0xAACA3CFB
0x7C0FF1DA,floor01.piece1a_propattach11_pristine,rainbow,1,3,0,3,3,0,0,4,4,31.83,0,break_piece|intact,0xAC3CD893|0xD23F52FC|0xD44C2215
0x7C4B662D,slice1a_propattach15_ruin,rainbow,1,3,0,3,0,0,0,4,4,2.01,0,break_piece,0x618526A4|0xB358951D|0xDDBA557D
0x7C4EEA79,,,0,3,0,0,3,0,0,4,4,0.23,1,,0x39F47E08|0x76C37A7E|0x98C5EE9B
0x7DA3D256,bone_pitch_turret_f,rainbow,1,3,0,0,0,0,0,5,5,2.51,1,intact,0x4FC2D374|0xC142F94B|0xC733E65D
0x7E5F8909,piece2a_propdebris20,rainbow,1,3,0,3,3,0,0,3,3,5.76,1,break_piece,0x1D20E058|0x91E2FC68|0xB3EFDFAC
0x7F13ED1F,,,0,3,0,0,2,0,0,1,2,0.03,1,,0x33C8B389|0x722BEA76|0xC1E0DE18
0x7F4CE62C,,,0,3,0,0,3,0,0,5,5,0.03,1,break_piece|intact,0x2255CE3E|0x2D1D4D03|0xC23032BC
0x7F87336F,piece3e_propdebris05,rainbow,1,3,0,3,3,0,0,3,3,3.61,1,break_piece,0x90B6CC8B|0xBE2C617B|0xF51C01DD
0x7FE89D63,,,0,3,0,0,3,0,0,6,6,1.64,0,break_piece,0x155C8246|0x807D1C3B|0xB4FE2B80
0x8009A62C,slice3a_propattach04,rainbow,1,3,0,0,0,0,0,3,3,0.03,1,break_piece,0x4F3C5FBE|0xC939089F|0xE6027C27
0x80D40348,,,0,3,0,0,3,0,0,4,4,0.03,1,break_piece|intact,0x2255CE3E|0x2D1D4D03|0xC23032BC
0x8266174E,piece7a_ruin,rainbow,1,3,0,3,0,0,0,2,2,11.01,1,break_piece,0x3BF3DA2E|0xBFC09F3E|0xCE866A6A
0x82D36ED1,,,0,3,0,0,3,0,0,6,6,1.07,0,break_piece,0x11640B62|0xB6EDE80B|0xCC84A986
0x82D777CD,,,0,3,0,3,2,0,0,5,5,5.37,0,break_piece,0x2171B6D7|0x36A0A401|0x551A0FF1
0x8389E73E,,,0,3,0,3,3,0,0,1,1,0.53,0,intact,0x949187D0|0xBCBA07EE|0xE7D6462D
0x83C9637B,,,0,3,0,0,3,0,0,5,6,1.29,0,break_piece,0x63E4703A|0x9F2D315C|0xBD552CD3
0x846297DB,,,0,3,0,0,3,0,0,4,4,0.03,1,break_piece,0x770E7949|0xD506BE7E|0xF515FB68
0x84B7C9F8,swinger,rainbow,1,3,0,0,3,0,0,3,3,1.28,0,break_piece,0x01102117|0x17128250|0x9F0D483A
0x851A534E,floor02.piece1b_propdebris16,rainbow,1,3,0,3,3,0,0,3,3,9.65,1,break_piece,0x7D766FA6|0xCA3AC936|0xD23F52FC
0x853CE590,floor02.piece1b_propdebris18,rainbow,1,3,0,3,3,0,0,3,3,11.46,1,break_piece,0x7D766FA6|0xCA3AC936|0xD23F52FC
0x85DF156F,,,0,3,0,0,3,0,0,7,7,1.41,1,break_piece,0x37DC6DFD|0x58E907BE|0x79752F8D
0x85F11C90,,,0,3,0,0,3,0,0,3,3,0.03,1,break_piece,0x40D1E566|0x62D45983|0xC2D96DD1
0x864CEADB,,,0,3,0,0,0,0,0,4,5,0.03,1,break_piece,0x4C998949|0x717EB6DA|0x968CE876
0x866AAB1E,,,0,3,0,0,3,0,0,5,5,0.03,1,break_piece,0x770E7949|0xD506BE7E|0xF515FB68
0x867CCC10,,,0,3,0,0,4,0,0,3,3,0.03,1,break_piece,0x7ABD58C1|0x88D09B0C|0xA2CE8563
0x86C50FEE,HP_Truckbed,rainbow,1,3,0,0,3,0,0,3,4,0.03,1,break_piece,0x1623BB16|0x19676216|0x720F3948
0x873E8C33,slice1c_propdebris41,rainbow,1,3,0,3,3,0,0,4,4,5.09,1,break_piece,0x383D01E1|0x770E7949|0xB6357976
0x87B52B35,bone_pitch_turret_a,rainbow,1,3,0,0,0,0,0,4,5,1.65,1,break_piece|intact,0x3397DE30|0x36550AFF|0xFFB1CE7A
0x87E453C3,,,0,3,0,0,3,0,0,3,3,0.03,1,break_piece,0x40D1E566|0x62D45983|0xC2D96DD1
0x87EC2C6D,,,0,3,0,0,3,0,0,6,6,1.20,0,break_piece,0x9B994D39|0x9C3D4104|0xC159BBC9
0x8838AD50,,,0,3,0,0,3,0,0,6,6,1.56,0,break_piece,0x2B97DD31|0x8C58E7EB|0xC7C3C08C
0x88629FE7,L1_closeup1,rainbow,1,3,0,0,3,0,0,4,6,1.83,1,break_piece|intact,0x08E25CDC|0x19E2962E|0xB37E7DB3
0x88700343,,,0,3,0,0,4,0,0,3,3,0.03,1,break_piece,0x7ABD58C1|0x88D09B0C|0xA2CE8563
0x88AF6582,piece1a_propattach09_pristine,rainbow,1,3,0,3,2,0,0,4,4,4.04,0,break_piece|intact,0x3FF2692D|0xE5133554|0xF03E0102
0x88C2F14E,,,0,3,0,3,3,0,0,6,6,1.97,0,break_piece|intact,0x0065B09D|0xCBABA641|0xEC0DAFF2
0x88D139AC,,,0,3,0,0,3,0,0,6,6,1.07,0,break_piece,0x11640B62|0xB6EDE80B|0xCC84A986
0x892F5031,,,0,3,0,0,0,0,0,3,3,5.08,1,break_piece,0x3177639B|0xADE3CED6|0xFCD79D6D
0x8A0F55BD,piece4d,rainbow,1,3,0,0,0,0,0,1,1,0.03,0,static,0x04CC21CD|0x7604B190|0x97933596
0x8B6A8BAE,piece1a_propdebris68,rainbow,1,3,0,3,3,0,0,3,3,25.01,1,break_piece,0x1923143C|0x1DAC7011|0x3601FC68
0x8B89E688,piece4d_pristine,rainbow,1,3,0,3,3,0,0,2,2,22.74,0,break_piece|intact,0x04CC21CD|0x7604B190|0x97933596
0x8C150AD1,slice3b_propattach00,rainbow,1,3,0,0,0,0,0,3,3,0.03,1,break_piece,0x6F4B9CA8|0xBFC09F3E|0xFA83AC18
0x8C355A72,slice1e_propattach01_pristine,rainbow,1,3,0,3,1,0,0,4,4,20.07,0,break_piece|intact,0x35992F99|0x6871E4C5|0xF1441A89
0x8CDDAB70,,,0,3,0,0,3,0,0,6,6,1.95,0,intact,0x37DC6DFD|0x58E907BE|0x79752F8D
0x8CDFE367,,,0,3,0,0,0,0,0,4,4,0.49,1,break_piece,0x0E9502CF|0x8D7C78FF|0xBDA1507E
0x8CE1894B,,,0,3,0,0,3,0,0,5,5,0.03,1,break_piece,0x2F4F8F3E|0x319D840A|0xE6027C27
0x8D093A18,,,0,3,0,0,4,0,0,3,3,0.03,1,break_piece|intact,0x039D1770|0x1B00857B|0x5183C4FB
0x8D815E43,piece2a_propattach14_ruin,rainbow,1,3,0,3,3,0,0,4,4,8.85,1,break_piece,0x1D20E058|0x91E2FC68|0xB3EFDFAC
0x8D86BE2D,slice2c_propattach01_pristine,rainbow,1,3,0,3,2,0,0,4,4,3.61,0,break_piece|intact,0x4F3C5FBE|0x9DF6B30B|0xA76D0DA1
0x8D9B401D,,,0,3,0,3,3,0,0,1,1,0.51,0,intact,0x949187D0|0xBCBA07EE|0xE7D6462D
0x903A2455,,,0,3,0,0,3,0,0,3,3,0.03,1,intact,0x3D8AA814|0x54557BF3|0x6FF480E8
0x90580CB2,,,0,3,0,3,3,0,0,1,1,0.84,0,intact,0x3511CCE7|0x759BDE16|0x8BC154D7
0x914EC8A5,,,0,3,0,0,3,0,0,4,4,0.40,1,break_piece|intact,0x2255CE3E|0x2D1D4D03|0xC23032BC
0x9178EBDD,bone_ramp_rr,rainbow,1,3,0,0,3,0,0,4,4,1.97,1,break_piece,0x3177639B|0xADE3CED6|0xFCD79D6D
0x9212D5AC,slice3b_propattach01,rainbow,1,3,0,0,0,0,0,3,3,0.03,1,break_piece,0x6F4B9CA8|0xBFC09F3E|0xFA83AC18
0x92274E52,L2_closeup29,rainbow,1,3,0,0,3,0,0,6,6,1.12,0,break_piece,0x4AEE11CE|0xD64E8456|0xE9E253D5
0x938B602A,L2_closeup1,rainbow,1,3,0,0,3,0,0,5,6,1.83,0,break_piece|intact,0x08E25CDC|0x2255CE3E|0x7D0B00CB
0x942C8722,,,0,3,0,3,0,0,0,3,4,1.76,1,break_piece|intact,0x22435EEA|0x9FCAE910|0xF6DEC8EA
0x947A9245,,,0,3,0,0,3,0,0,6,6,1.31,1,break_piece,0x2D1D4D03|0x80659E62|0xC23032BC
0x94807A1C,piece1b_propattach00_ruin,rainbow,1,3,0,3,0,0,0,4,4,0.03,0,break_piece,0x8D26B965|0xC1527544|0xC6E266D0
0x958B5AEE,piece1a_propattach08,rainbow,1,3,0,0,0,0,0,3,3,0.03,1,break_piece,0x3FF2692D|0xE5133554|0xF03E0102
0x9615BB6D,bone_chestright,rainbow,1,3,0,0,5,0,0,5,5,0.03,1,,0x0F1C9C51|0x2B5BA84C|0xB4CA6F67
0x9690DAFC,,,0,3,0,0,3,0,0,5,5,2.61,0,break_piece|intact,0x35992F99|0xA113D98D|0xA26387A9
0x96AE5698,slice2c_propattach03,rainbow,1,3,0,0,0,0,0,3,3,0.03,1,break_piece|intact,0x4F3C5FBE|0x9DF6B30B|0xA76D0DA1
0x96DA4591,,,0,3,0,0,3,0,0,5,6,0.41,1,break_piece|intact,0x8C58E7EB|0xD4E88AFD|0xFB89A3B1
0x970AC911,,,0,3,0,0,3,0,0,6,6,1.32,0,break_piece,0x1623BB16|0x2D1D4D03|0xC23032BC
0x9717C357,,,0,3,0,0,3,0,0,6,6,1.05,0,break_piece,0x0F9B9B04|0xBBDC51DD|0xCAAF4D42
0x971C4085,,,0,3,0,0,3,0,0,6,6,1.05,0,break_piece,0x0F9B9B04|0xBBDC51DD|0xCAAF4D42
0x97946EA0,,,0,3,0,0,3,0,0,1,8,3.70,1,break_piece,0x1FBFBB4B|0x461F1A3A|0xB6EDE80B
0x97B1BDA0,slice1a_propattach12_ruin,rainbow,1,3,0,3,2,0,0,4,4,5.90,1,break_piece|intact,0x2CE290F9|0x50AACA22|0x618526A4
0x98010E29,L1_closeup14,rainbow,1,3,0,0,3,0,0,6,6,1.06,0,break_piece,0xB9CAAC7B|0xE8E58109|0xF2BEF3FF
0x9894B62E,,,0,3,0,0,0,0,0,5,5,0.50,1,break_piece,0x0E9502CF|0x8D7C78FF|0xBDA1507E
0x98D972F8,floor01.slice2b,rainbow,1,3,0,0,0,0,0,1,1,0.03,0,static,0x149FC407|0xCB4C6EAB|0xD1574A09
0x99DB55A0,,,0,3,0,0,3,0,0,4,5,0.03,1,break_piece,0x25FE00A7|0xC56B1A44|0xE54047D5
0x9A932CB5,caracas_bld_theater01_pile_xx4,rainbow,1,3,0,3,3,0,0,1,1,1.33,0,intact,0x055E9085|0x3C9A5987|0xEA7F9F3F
0x9A9DE3A5,bone_stabilizer,rainbow,1,3,0,0,3,0,0,1,2,7.15,1,,0x223593E1|0x3A1CB5C0|0x54E9C345
0x9AB67817,bone_yaw_turret_f,rainbow,1,3,0,0,0,0,0,4,4,11.15,1,intact,0x4FC2D374|0xC142F94B|0xC733E65D
0x9AD0E4B1,,,0,3,0,0,3,0,0,3,3,0.03,1,break_piece,0x402B00E9|0x5EA88695|0xBCA0CBCA
0x9B38CD0E,,,0,3,0,0,3,0,0,4,4,0.03,1,break_piece,0x2F4F8F3E|0x319D840A|0xE6027C27
0x9CE8BF61,,,0,3,0,0,3,0,0,7,7,1.41,1,break_piece,0x37DC6DFD|0x58E907BE|0x79752F8D
0x9D9C8EA5,,,0,3,0,0,3,0,0,5,6,1.83,1,break_piece|intact,0x08E25CDC|0x19E2962E|0xB37E7DB3
0x9E080786,,,0,3,0,0,3,0,0,6,6,1.08,0,break_piece,0x8C83F560|0xB645EE21|0xB98FB059
0x9E186452,,,0,3,0,3,0,0,0,3,3,0.03,0,break_piece,0x71DC712E|0x89D8DE72|0x905B2A87
0x9EDDB5AA,,,0,3,0,0,3,0,0,6,6,2.36,0,break_piece,0x31F0FE47|0x4C998949|0x717EB6DA
0x9F2CCD0C,,,0,3,0,0,3,0,0,6,6,1.12,0,break_piece,0x4AEE11CE|0xD64E8456|0xE9E253D5
0x9FAC0BB0,,,0,3,0,3,3,0,0,5,5,7.15,0,break_piece,0x0859EA8A|0x74474CB1|0xF3DD9D32
0xA135C612,,,0,3,0,0,3,0,0,6,6,1.52,0,break_piece,0x0E9502CF|0xB5C2D9F8|0xC7C3C08C
0xA17592D8,bone_flap_r,rainbow,1,3,0,0,3,0,0,2,3,13.66,1,,0x33C8B389|0x3A1CB5C0|0x54E9C345
0xA2F6858D,,,0,3,0,3,1,0,0,5,5,4.03,0,break_piece,0x7C77ACCB|0xCDC5617A|0xDDBA557D
0xA33D56D4,,,0,3,0,0,3,0,0,4,4,0.03,1,break_piece,0x2F4F8F3E|0x319D840A|0xE6027C27
0xA3992428,,,0,3,0,3,3,0,0,1,1,0.51,0,intact,0x949187D0|0xBCBA07EE|0xE7D6462D
0xA41F20D5,hp_fx_leaves_green_i,rainbow,1,3,0,0,3,0,0,3,3,0.03,1,break_piece,0x54DB2EBE|0x5AB8A933|0xF6E2E989
0xA453B16B,,,0,3,0,3,3,0,0,5,5,0.85,1,break_piece,0x56451E9E|0xA2EB5412|0xC26DC525
0xA554757B,bone_strut_rr,rainbow,1,3,0,0,3,0,0,4,4,0.55,1,break_piece|intact,0x2255CE3E|0x2D1D4D03|0xC23032BC
0xA583681A,hp_ladder_bottom,rainbow,1,3,0,0,3,0,0,2,3,0.03,1,break_piece|intact,0x79835204|0xA807713E|0xD1968AF1
0xA58C5B5B,,,0,3,0,3,3,0,0,1,1,0.51,0,intact,0x949187D0|0xBCBA07EE|0xE7D6462D
0xA5BE91D5,slice1b_propdebris17,rainbow,1,3,0,3,3,0,0,3,4,11.51,1,break_piece,0x5436A936|0x770E7949|0xF515FB68
0xA678E240,,,0,3,0,3,3,0,0,1,1,0.54,0,intact,0x3C9A5987|0x4761451B|0xEA7F9F3F
0xA6AD289D,,,0,3,0,0,3,0,0,6,6,1.04,1,break_piece,0x46C5012C|0xCDDC96EC|0xEB20325A
0xA70C8BC4,,,0,3,0,0,3,0,0,6,6,1.07,0,break_piece,0x0F9B9B04|0xBBDC51DD|0xCAAF4D42
0xA7E07944,piece1b_propdebris27,rainbow,1,3,0,3,3,0,0,3,3,6.85,1,break_piece|intact,0x6B3A45A6|0xB6B946F4|0xFB3F09AE
0xA8480127,,,0,3,0,0,3,0,0,5,5,0.03,1,intact,0x718C019B|0x80CE4CA3|0x9A7642ED
0xA8719C69,,,0,3,0,0,3,0,0,5,5,0.03,1,break_piece,0x770E7949|0xD506BE7E|0xF515FB68
0xA9874979,,,0,3,0,3,2,0,0,4,4,1.93,0,break_piece|intact,0x149FC407|0x261F62BF|0x77A20DC0
0xAA1CE5DF,bone_shock_rr,rainbow,1,3,0,0,3,0,0,5,5,0.65,1,break_piece|intact,0x2255CE3E|0x2D1D4D03|0xC23032BC
0xAA335896,,,0,3,0,0,0,0,0,3,3,0.03,1,break_piece,0x149FC407|0x261F62BF|0x77A20DC0
0xAA7B0566,,,0,3,0,0,3,0,0,2,2,47.55,0,break_piece,0x036E4F11|0x1976B149|0x9337E2DF
0xABA18D84,hp_cargo_a,rainbow,1,3,0,0,3,0,0,3,3,0.03,1,break_piece,0x3177639B|0xADE3CED6|0xFCD79D6D
0xABB8785E,piece5e_propdebris02,rainbow,1,3,0,3,3,0,0,3,3,17.15,1,break_piece,0x04CC21CD|0x4E0F5715|0xAC079C4A
0xAE87DBFB,slice3b_propattach01_pristine,rainbow,1,3,0,3,0,0,0,4,4,0.93,0,break_piece|intact,0x6F4B9CA8|0xBFC09F3E|0xFA83AC18
0xAE9A4536,slice1a_propattach22,rainbow,1,3,0,0,0,0,0,3,3,0.03,1,break_piece,0x1946F361|0x50AACA22|0xDDBA557D
0xAEF2900C,,,0,3,0,0,3,0,0,4,5,0.03,1,break_piece,0xC56B1A44|0xD1968AF1|0xE54047D5
0xAF34A31D,,,0,3,0,3,3,0,0,5,5,6.72,1,break_piece,0x2E3C0B49|0x35992F99|0xA67A960D
0xAF4B0DFE,,,0,3,0,0,3,0,0,6,6,1.81,0,break_piece,0x12181179|0x4BE3E7C4|0x926D9ECB
0xAFEA530D,,,0,3,0,0,0,0,0,5,5,0.03,1,break_piece,0x0065B09D|0xCBABA641|0xEC0DAFF2
0xB05871C0,,,0,3,0,3,3,0,0,1,1,0.47,0,intact,0x1066F684|0x60497640|0xBC65582A
0xB0D45A87,piece2e_ruin,rainbow,1,3,0,3,0,0,0,2,2,17.71,0,break_piece,0x45C7E99D|0x69B776FC|0xF51C01DD
0xB100E8DF,,,0,3,0,0,3,0,0,3,3,0.03,1,break_piece,0x3BD2A4F8|0xC5CFAC9F|0xE3CD9D42
0xB136C880,piece2b_propattach00,rainbow,1,3,0,0,0,0,0,3,3,0.03,1,break_piece|intact,0x199ABE01|0x6BDE4B9D|0x99C8323F
0xB1863E71,,,0,3,0,0,0,0,0,4,4,0.33,1,break_piece|intact,0x2255CE3E|0x2D1D4D03|0xC23032BC
0xB20A93B6,,,0,3,0,3,3,0,0,6,6,2.14,0,break_piece|intact,0x4C998949|0x717EB6DA|0xB37E7DB3
0xB2AC1083,bone_yaw_turret_b,rainbow,1,3,0,0,0,0,0,3,4,2.25,1,break_piece|intact,0x3397DE30|0xCE77D4CB|0xFFB1CE7A
0xB2D191F2,piece2a_propattach00_ruin,rainbow,1,3,0,3,1,0,0,4,4,4.18,0,break_piece,0x6BDE4B9D|0x91E2FC68|0xAA61A555
0xB365B992,,,0,3,0,0,3,0,0,7,7,1.38,1,break_piece,0x37DC6DFD|0x58E907BE|0x79752F8D
0xB3865B1A,,,0,3,0,3,0,0,0,4,5,3.75,0,break_piece,0x1623BB16|0x19676216|0x720F3948
0xB3999E3B,slice1e_propattach01,rainbow,1,3,0,0,0,0,0,3,3,0.03,1,break_piece,0x35992F99|0x6871E4C5|0xF1441A89
0xB3BD0224,piece5e_propdebris00,rainbow,1,3,0,3,3,0,0,3,3,17.10,1,break_piece,0x04CC21CD|0xAC079C4A|0xCE0A1067
0xB3E0FBA6,,,0,3,0,0,3,0,0,5,5,0.03,1,break_piece,0x4F3C5FBE|0xCA20C1D9|0xF1441A89
0xB4375479,piece1a_propdebris52,rainbow,1,3,0,3,3,0,0,3,3,15.73,1,break_piece,0x5436A936|0x9DF812C4|0xF4E636CC
0xB4C21A14,,,0,3,0,3,3,0,0,1,1,1.37,0,intact,0x09139BCD|0x0D0B8CF5|0x60497640
0xB552E9D9,piece1b_propdebris31,rainbow,1,3,0,3,3,0,0,3,3,8.26,1,break_piece|intact,0x493FD997|0x6B3A45A6|0xFB3F09AE
0xB5696F80,piece1d_propdebris21,rainbow,1,3,0,3,3,0,0,3,3,7.87,1,break_piece,0x70D6FBD9|0x91E2FC68|0xE9219C8A
0xB5A7F821,,,0,3,0,0,3,0,0,4,4,0.03,1,intact,0x13A86EF7|0x7366155A|0x9387F335
0xB60BCA71,,,0,3,0,0,0,0,0,4,5,1.58,1,break_piece|intact,0x0B76A8FC|0x6D394A7B|0x994E1953
0xB70BBACD,,,0,3,0,0,3,0,0,3,3,0.03,1,break_piece,0x4DA84CB7|0xB6B946F4|0xC58C4F27
0xB854012A,,,0,3,0,3,3,0,0,1,1,0.47,0,intact,0x1066F684|0x60497640|0xBC65582A
0xB862EC6C,bone_yaw_rudder,rainbow,1,3,0,0,3,0,0,2,4,9.17,1,break_piece|intact,0x74EB59B1|0xC56B1A44|0xD1968AF1
0xB8694675,,,0,3,0,0,3,0,0,6,6,0.58,0,intact,0x37DC6DFD|0x58E907BE|0x79752F8D
0xB90818A4,hp_barrel,rainbow,1,3,0,0,3,0,0,1,1,0.03,1,static,0x186EE929|0x23AC7DAC|0xF3C80C9C
0xB92AB763,,,0,3,0,0,3,0,0,6,6,1.12,1,break_piece,0x4AEE11CE|0xD64E8456|0xE9E253D5
0xB95C66DD,,,0,3,0,0,3,0,0,6,6,1.71,1,break_piece,0x12181179|0x4BE3E7C4|0x926D9ECB
0xBAE21FA0,,,0,3,0,3,3,0,0,4,4,8.62,1,break_piece,0x73033C9F|0x8B310BBB|0xC304F0AE
0xBAFAB258,,,0,3,0,3,3,0,0,6,6,1.97,0,break_piece|intact,0x0065B09D|0xCBABA641|0xEC0DAFF2
0xBB77CC12,,,0,3,0,0,3,0,0,6,6,1.83,0,break_piece,0x12181179|0x4BE3E7C4|0x926D9ECB
0xBC8F03A5,,,0,3,0,0,3,0,0,5,5,0.03,1,break_piece|intact,0x2171B6D7|0x36A0A401|0xE6027C27
0xBD56226F,,,0,3,0,3,3,0,0,5,5,15.39,1,break_piece,0x2C31E48A|0x2E3C0B49|0xA67A960D
0xBD64FEEA,piece1d_propdebris23,rainbow,1,3,0,3,3,0,0,3,3,7.87,1,break_piece,0x70D6FBD9|0x91E2FC68|0xE9219C8A
0xBDB1AB1E,,,0,3,0,3,2,0,0,5,5,4.04,0,break_piece,0x2A68DAEF|0x2F1F099B|0xA26387A9
0xBDD4C649,,,0,3,0,0,3,0,0,5,5,0.03,1,break_piece|intact,0x539FF827|0x9A7642ED|0xBFC09F3E
0xBE4B4A65,,,0,3,0,0,3,0,0,3,3,0.03,1,break_piece,0x4B9C42F1|0xD7FCFD11|0xE59723FD
0xBE56BEEF,L12_close,rainbow,1,3,0,0,3,0,0,1,5,12.76,1,break_piece,0x14D94B9B|0x1FBFBB4B|0xF3FF5133
0xBEAE914E,,,0,3,0,0,3,0,0,4,4,0.03,1,break_piece,0x770E7949|0xD506BE7E|0xF515FB68
0xBF407188,,,0,3,0,0,3,0,0,6,6,2.37,1,break_piece,0x4C998949|0x5B3458E9|0x717EB6DA
0xC00A7BA3,,,0,3,0,0,3,0,0,6,6,1.08,0,break_piece,0x8C83F560|0xB645EE21|0xB98FB059
0xC019BDAF,,,0,3,0,3,1,0,0,5,5,2.98,1,break_piece,0x6BDE4B9D|0xCA20C1D9|0xEAA1C080
0xC03A2DE0,piece1c_propdebris15,rainbow,1,3,0,3,3,0,0,3,3,6.18,1,break_piece,0xC1527544|0xE2068412|0xFB3F09AE
0xC0534056,bone_radar_a,rainbow,1,3,0,0,2,0,0,1,4,2.93,1,intact,0x7366155A|0x80725FF4|0xC733E65D
0xC0A3A7A5,floor01.piece2b_propdebris13,rainbow,1,3,0,3,3,0,0,3,3,13.93,1,break_piece|intact,0xAC3CD893|0xD23F52FC|0xFD0229C3
0xC0B0D74D,slice2c_propattach02,rainbow,1,3,0,0,0,0,0,3,3,0.03,1,break_piece|intact,0x4F3C5FBE|0x9DF6B30B|0xA76D0DA1
0xC10EF349,,,0,3,0,0,3,0,0,6,6,1.07,0,break_piece,0x0F9B9B04|0xBBDC51DD|0xCAAF4D42
0xC117D807,,,0,3,0,0,3,0,0,2,3,50.23,0,break_piece,0x036E4F11|0x1976B149|0x9337E2DF
0xC15332F6,bone_flap_l,rainbow,1,3,0,0,3,0,0,2,3,13.66,1,,0x33C8B389|0x3A1CB5C0|0x54E9C345
0xC196EF55,,,0,3,0,0,3,0,0,1,8,11.80,1,break_piece,0x1FBFBB4B|0x461F1A3A|0xB6EDE80B
0xC1E2E0C9,piece1b_propdebris26,rainbow,1,3,0,3,3,0,0,3,3,6.85,1,break_piece|intact,0x6B3A45A6|0x8D26B965|0xFB3F09AE
0xC1F44D05,piece2c_propdebris08,rainbow,1,3,0,3,3,0,0,3,3,2.21,1,break_piece,0x95FB5377|0xABFDB4B0|0xE2068412
0xC251A20E,,,0,3,0,3,3,0,0,5,5,0.89,1,break_piece,0x56451E9E|0xA2EB5412|0xC26DC525
0xC2CBC0E2,,,0,3,0,0,3,0,0,8,10,3.69,0,break_piece,0x1CE8F54F|0x342EDDD4|0xB6EDE80B
0xC30B0E36,,,0,3,0,0,0,0,0,5,5,0.43,1,break_piece|intact,0x2255CE3E|0x2D1D4D03|0xC23032BC
0xC3ABE239,slice1a_propdebris30,rainbow,1,3,0,3,3,0,0,3,4,17.91,1,break_piece,0x624F3CEA|0xB358951D|0xEAA1C080
0xC449B9C4,,,0,3,0,0,3,0,0,6,6,1.26,0,break_piece,0x1623BB16|0x2D1D4D03|0xC23032BC
0xC51C3208,slice1c_propdebris11,rainbow,1,3,0,3,3,0,0,3,4,4.95,1,break_piece|intact,0x09E169B3|0xC3F92D74|0xF515FB68
0xC567CA08,,,0,3,0,0,3,0,0,5,5,0.03,1,intact,0x299E2340|0x36B43DD1|0xEC6C211D
0xC6711236,,,0,3,0,0,3,0,0,5,5,0.03,1,break_piece|intact,0x2255CE3E|0x2D1D4D03|0xC23032BC
0xC67C29C5,slice1d_propdebris06,rainbow,1,3,0,3,3,0,0,3,4,5.92,1,break_piece,0x1E359C2F|0xF51C01DD|0xFC332812
0xC6C5E924,floor01.piece1a_propattach11_ruin,rainbow,1,3,0,3,1,0,0,4,4,7.65,1,break_piece|intact,0xAC3CD893|0xD23F52FC|0xD44C2215
0xC81C2564,piece1c_propdebris19,rainbow,1,3,0,3,3,0,0,3,3,6.33,1,break_piece,0x8FCA6118|0xC1527544|0xE110E2D3
0xC8692367,piece2b_propattach00_pristine,rainbow,1,3,0,3,2,0,0,4,4,8.17,0,break_piece|intact,0x199ABE01|0x6BDE4B9D|0x99C8323F
0xC8F69D58,piece2a_propdebris10,rainbow,1,3,0,3,3,0,0,3,3,4.66,1,break_piece,0x39DC69DC|0x6BDE4B9D|0x874D4EFA
0xC9455C08,floor02.piece1a_propdebris15,rainbow,1,3,0,3,3,0,0,3,3,9.09,1,break_piece,0x13417609|0x7D766FA6|0xCA3AC936
0xCA13B36A,,,0,3,0,0,3,0,0,6,6,1.07,0,break_piece,0x11640B62|0xB6EDE80B|0xCC84A986
0xCADFCB9D,,,0,3,0,0,3,0,0,5,6,1.83,0,break_piece,0x340B1CB8|0xA35416A8|0xD7BB0643
0xCB08CC33,floor01.slice1a_ruin,rainbow,1,3,0,3,2,0,0,2,2,22.67,0,intact,0x261F62BF|0x77A20DC0|0xCB4C6EAB
0xCB2F7578,slice2c_propdebris05,rainbow,1,3,0,3,3,0,0,3,3,2.89,1,break_piece|intact,0x9DF6B30B|0xA76D0DA1|0xB1EFE9B5
0xCB522B21,floor02.piece1a_propdebris18,rainbow,1,3,0,3,3,0,0,3,3,10.23,1,break_piece,0x601A1292|0x7D766FA6|0xCA3AC936
0xCB7C6AF3,hp_dock_ai_rl,rainbow,1,3,0,0,3,0,0,3,4,0.03,1,break_piece,0x968CE876|0xAACA3CFB|0xD7BB0643
0xCB903E4B,,,0,3,0,0,3,0,0,4,4,0.23,1,,0x39F47E08|0x76C37A7E|0x98C5EE9B
0xCC06EA9D,,,0,3,0,0,3,0,0,6,6,1.07,0,break_piece,0x11640B62|0xB6EDE80B|0xCC84A986
0xCC21434D,,,0,3,0,0,3,0,0,1,5,0.03,1,,0x39F47E08|0x786ADB07|0x80D4D35D
0xCC95CB33,,,0,3,0,3,3,0,0,1,1,0.48,0,intact,0x45CC35FE|0x4D4F42B5|0xE05A09A2
0xCD6EC273,,,0,3,0,0,0,0,0,3,4,0.03,1,break_piece,0x1623BB16|0x19676216|0x720F3948
0xCE05878F,slice2c_propattach03_pristine,rainbow,1,3,0,3,2,0,0,4,4,3.61,0,break_piece,0x4F3C5FBE|0x9DF6B30B|0xA76D0DA1
0xCE075950,piece1c_propdebris20,rainbow,1,3,0,3,3,0,0,3,3,8.50,1,break_piece,0x8FCA6118|0xC1527544|0xE110E2D3
0xCE71862C,piece3b_propdebris07,rainbow,1,3,0,3,3,0,0,3,3,3.62,1,break_piece,0x2FB6CCDD|0x95FB5377|0xABFDB4B0
0xCE8DCA17,L2_closeup19,rainbow,1,3,0,0,3,0,0,6,6,1.07,0,break_piece,0x11640B62|0xB6EDE80B|0xCC84A986
0xCF0D6F3F,,,0,3,0,0,3,0,0,4,4,0.03,1,break_piece,0x799C0CA2|0x7ABD58C1|0xDBA727BB
0xCF5A4AE8,,,0,3,0,0,3,0,0,6,6,1.81,0,break_piece,0x12181179|0x4BE3E7C4|0x926D9ECB
0xD02FC57B,slice3a_propattach04_pristine,rainbow,1,3,0,3,2,0,0,4,4,2.61,0,break_piece,0x4F3C5FBE|0xC939089F|0xE6027C27
0xD07B62F5,,,0,3,0,3,3,0,0,1,1,0.48,0,intact,0x3C9A5987|0x4761451B|0xEA7F9F3F
0xD211EB87,,,0,3,0,0,3,0,0,5,5,1.58,1,break_piece,0x1903A169|0x968CE876|0xAACA3CFB
0xD26C39D4,,,0,3,0,0,3,0,0,2,2,54.25,0,break_piece,0x036E4F11|0x1976B149|0xD0B84392
0xD26D6D73,,,0,3,0,0,3,0,0,6,6,1.39,0,break_piece,0x807D1C3B|0xAC990539|0xB4FE2B80
0xD284E00A,piece5b_propdebris07,rainbow,1,3,0,3,3,0,0,3,3,5.93,1,break_piece,0x3BF3DA2E|0x95FB5377|0xABFDB4B0
0xD2F46E7F,piece2a_propdebris13,rainbow,1,3,0,3,3,0,0,3,3,7.57,1,break_piece,0x39DC69DC|0x91E2FC68|0xE2068412
0xD316925E,,,0,3,0,0,3,0,0,6,6,1.12,0,break_piece,0x4AEE11CE|0xD64E8456|0xE9E253D5
0xD32F2E5C,,,0,3,0,0,3,0,0,5,6,0.03,1,break_piece|intact,0x0B76A8FC|0x6D394A7B|0x994E1953
0xD3C9B7D7,,,0,3,0,0,3,0,0,3,3,0.03,1,break_piece|intact,0x2B503BD0|0xB1EFE9B5|0xF51C01DD
0xD3CE1545,,,0,3,0,3,3,0,0,1,1,0.86,0,intact,0x4AB6F9B6|0x759BDE16|0xF245AC63
0xD41E9575,piece2a_propattach14_pristine,rainbow,1,3,0,3,3,0,0,4,4,8.85,0,intact,0x1D20E058|0x91E2FC68|0xB3EFDFAC
0xD4CF25C6,,,0,3,0,3,2,0,0,5,5,5.12,1,break_piece,0x35992F99|0x9132806D|0xCA20C1D9
0xD582F691,,,0,3,0,0,3,0,0,4,4,0.03,1,break_piece,0x770E7949|0xD506BE7E|0xF515FB68
0xD6D596FD,,,0,3,0,0,3,0,0,5,6,1.83,0,break_piece,0x340B1CB8|0xA35416A8|0xF88147A1
0xD6F439A0,floor01.piece2b,rainbow,1,3,0,0,0,0,0,1,1,0.03,0,static,0xAC3CD893|0xD23F52FC|0xFD0229C3
0xD72B2833,slice1a_propdebris29,rainbow,1,3,0,3,3,0,0,3,4,16.94,1,break_piece,0x624F3CEA|0xB358951D|0xEAA1C080
0xD7ACBD9E,hp_gunmount_r,rainbow,1,3,0,0,3,0,0,6,7,0.03,1,break_piece|intact,0x4FC2D374|0x79905D82|0xB993D852
0xD7CF9ECE,piece2c_propdebris07,rainbow,1,3,0,3,3,0,0,3,3,2.90,1,break_piece,0x7DB2E527|0x95FB5377|0xABFDB4B0
0xD7F23110,piece2c_propdebris09,rainbow,1,3,0,3,3,0,0,3,3,3.78,1,break_piece,0x95FB5377|0xABFDB4B0|0xE2068412
0xD89E3795,,,0,3,0,0,3,0,0,4,4,0.03,1,break_piece,0x71DC712E|0x89D8DE72|0x905B2A87
0xD92AD319,,,0,3,0,0,3,0,0,6,6,1.64,0,break_piece,0x155C8246|0x807D1C3B|0xB4FE2B80
0xD92F59B8,,,0,3,0,0,3,0,0,5,5,0.03,1,break_piece,0x2A68DAEF|0x383D01E1|0x964451A0
0xD98D070A,,,0,3,0,0,3,0,0,6,6,1.04,0,break_piece,0x0F9B9B04|0xBBDC51DD|0xCAAF4D42
0xD9E6C4A4,hp_fx_exhaust_d,rainbow,1,3,0,0,3,0,0,4,4,0.03,1,break_piece,0x9302194B|0x9C3D4104|0x9F5A4DB7
0xDA5AF275,,,0,3,0,3,3,0,0,1,1,0.46,0,break_piece,0x1066F684|0x60497640|0xBC65582A
0xDAD7D42B,piece3a_propdebris05,rainbow,1,3,0,3,3,0,0,3,3,3.22,1,break_piece,0x3BF3DA2E|0x6E81561C|0xE2068412
0xDB1B1C24,,,0,3,0,0,3,0,0,6,6,1.12,1,break_piece,0x4AEE11CE|0xD64E8456|0xE9E253D5
0xDB8D86AA,,,0,3,0,0,3,0,0,4,4,0.03,1,intact,0x299E2340|0x36B43DD1|0xEC6C211D
0xDBB914FF,,,0,3,0,0,3,0,0,5,5,0.03,1,break_piece|intact,0x2255CE3E|0x2D1D4D03|0xC23032BC
0xDC47CEC8,slice1f,rainbow,1,3,0,0,0,0,0,1,1,0.03,0,static,0x1E359C2F|0x35992F99|0x713ED3DB
0xDC7A0DD0,slice1d_propdebris07,rainbow,1,3,0,3,3,0,0,3,4,5.85,1,break_piece,0x1E359C2F|0xF51C01DD|0xFC332812
0xDCC9DA1A,,,0,3,0,3,3,0,0,5,5,1.04,0,break_piece,0xBC09ECF1|0xE55B11A1|0xE9CF9E3E
0xDD0F18FB,,,0,3,0,0,3,0,0,2,3,0.03,1,break_piece,0xC56B1A44|0xD1968AF1|0xE54047D5
0xDD7A402F,,,0,3,0,0,3,0,0,6,6,1.73,1,break_piece,0x12181179|0x4BE3E7C4|0x926D9ECB
0xDD8CB3CC,,,0,3,0,0,3,0,0,5,6,1.81,0,break_piece|intact,0x08E25CDC|0x2255CE3E|0xB37E7DB3
0xDE271824,,,0,3,0,0,3,0,0,6,6,1.44,0,break_piece,0x0E9502CF|0x8C58E7EB|0xB5C2D9F8
0xDEB34878,,,0,3,0,0,3,0,0,3,3,0.03,1,break_piece,0x90B6CC8B|0xB6B946F4|0xBE2C617B
0xDEC03BF2,,,0,3,0,1,0,0,0,4,4,0.03,0,break_piece,0x2F4F8F3E|0x319D840A|0xE6027C27
0xDF677307,piece1d_propdebris22,rainbow,1,3,0,3,3,0,0,3,3,7.97,1,break_piece,0x70D6FBD9|0x91E2FC68|0xE9219C8A
0xDF6BF035,piece1d_propdebris20,rainbow,1,3,0,3,3,0,0,3,3,7.97,1,break_piece,0x70D6FBD9|0x91E2FC68|0xE9219C8A
0xE1344B68,,,0,3,0,0,0,0,0,4,5,1.76,0,break_piece,0x968CE876|0xAACA3CFB|0xD7BB0643
0xE19FA6BA,hp_barreltip_bb,rainbow,1,3,0,0,3,0,0,5,6,0.03,1,break_piece|intact,0x13709C60|0x86A7C828|0xAC990539
0xE204CEA8,,,0,3,0,0,3,0,0,6,6,1.07,0,break_piece,0x11640B62|0xB6EDE80B|0xCC84A986
0xE2094BD6,,,0,3,0,0,3,0,0,6,6,1.07,0,break_piece,0x11640B62|0xB6EDE80B|0xCC84A986
0xE24A3DA6,,,0,3,0,0,3,0,0,4,4,0.03,1,break_piece,0x1A83DE10|0x88D09B0C|0xBD660F82
0xE2935FB5,,,0,3,0,0,3,0,0,5,5,0.94,0,break_piece,0x713ED3DB|0x818E5819|0x833030CA
0xE3407149,,,0,3,0,3,3,0,0,1,1,1.51,0,intact,0x5C6315A6|0x7CB86FC9|0xB0A0930E
0xE351B3FA,,,0,3,0,0,3,0,0,1,2,0.03,1,,0x33C8B389|0x722BEA76|0xC1E0DE18
0xE40017C4,,,0,3,0,3,3,0,0,5,5,4.03,0,break_piece,0x2171B6D7|0x7C77ACCB|0xE6027C27
0xE4FF33FF,hp_dock_lg,rainbow,1,3,0,0,3,0,0,3,3,0.03,1,break_piece,0x71DC712E|0x89D8DE72|0x905B2A87
0xE5CE9E59,L1_closeup29,rainbow,1,3,0,0,3,0,0,6,6,1.64,0,break_piece,0x2B97DD31|0xCDDC96EC|0xEB20325A
0xE62D8D3A,,,0,3,0,0,3,0,0,4,4,0.03,1,break_piece|intact,0x07B982D6|0x0B76A8FC|0xFFB1CE7A
0xE7A8C82B,,,0,3,0,0,3,0,0,5,5,0.03,1,break_piece|intact,0x6F98CA68|0xD0C7814B|0xFEDA4BF0
0xE7C5AF26,,,0,3,0,3,3,0,0,1,1,0.53,0,intact,0x7CB86FC9|0xB0A0930E|0xF9EA3B44
0xE7E96811,,,0,3,0,0,3,0,0,3,3,0.03,1,break_piece,0x40D1E566|0x62D45983|0xC2D96DD1
0xE8751791,,,0,3,0,0,4,0,0,3,3,0.03,1,break_piece,0x7ABD58C1|0x88D09B0C|0xA2CE8563
0xE99AD4B4,,,0,3,0,0,3,0,0,6,6,1.39,0,break_piece,0x56EE6A1F|0xE31521AD|0xE8E58109
0xEA657704,,,0,3,0,0,3,0,0,4,4,0.03,1,break_piece,0x770E7949|0xD506BE7E|0xF515FB68
0xEA7C7C6F,floor01.slice2b_pristine,rainbow,1,3,0,3,1,0,0,2,2,140.43,0,break_piece|intact,0x149FC407|0xCB4C6EAB|0xD1574A09
0xEC162787,,,0,3,0,0,3,0,0,6,6,1.07,0,break_piece,0x11640B62|0xB6EDE80B|0xCC84A986
0xEC1AA4B5,,,0,3,0,0,3,0,0,6,6,1.07,0,break_piece,0x11640B62|0xB6EDE80B|0xCC84A986
0xECDAFEE9,L1_close,rainbow,1,3,0,0,3,0,0,6,8,3.70,0,break_piece,0x1125CB99|0x461F1A3A|0xB6EDE80B
0xED5452D2,,,0,3,0,0,3,0,0,6,6,1.95,0,intact,0x37DC6DFD|0x58E907BE|0x79752F8D
0xED6D648B,piece1a_propdebris69,rainbow,1,3,0,3,3,0,0,3,3,21.68,1,break_piece,0x1923143C|0x1DAC7011|0x3601FC68
0xEE66D58F,,,0,3,0,0,3,0,0,4,4,0.03,1,break_piece,0x40D1E566|0x62D45983|0xC2D96DD1
0xEE710F17,,,0,3,0,3,3,0,0,1,1,0.46,0,intact,0x45CC35FE|0x4D4F42B5|0xE05A09A2
0xEE72E26C,,,0,3,0,0,4,0,0,3,3,0.03,1,break_piece,0x7ABD58C1|0x88D09B0C|0xA2CE8563
0xEF26331F,floor02.piece1b_propdebris13,rainbow,1,3,0,3,3,0,0,3,3,13.81,1,break_piece,0x7D766FA6|0xCA3AC936|0xD23F52FC
0xEFA36F6E,,,0,3,0,0,3,0,0,5,5,0.31,0,break_piece,0x26A095BE|0x5C412F85|0xBA098D46
0xF060B62C,,,0,3,0,3,2,0,0,4,4,1.93,0,break_piece,0x149FC407|0x261F62BF|0xD1574A09
0xF066199F,,,0,3,0,0,4,0,0,3,3,0.03,1,break_piece,0x7ABD58C1|0x88D09B0C|0xA2CE8563
0xF0BA7FDD,,,0,3,0,3,2,0,0,5,5,7.15,0,break_piece,0x6B1DE27D|0xCDC5617A|0xEAA1C080
0xF0C98E6B,,,0,3,0,3,3,0,0,5,5,4.04,1,break_piece,0x65D46951|0xC1527544|0xF03E0102
0xF0D8BEA9,floor01.piece1a_propdebris15,rainbow,1,3,0,3,3,0,0,3,3,8.39,1,break_piece,0xAC3CD893|0xCA3AC936|0xD23F52FC
0xF15E5469,slice3a_propdebris03,rainbow,1,3,0,3,3,0,0,3,3,4.35,1,break_piece|intact,0x2F4F8F3E|0x9DF6B30B|0xF51C01DD
0xF1CA4B6B,piece2a_propdebris31,rainbow,1,3,0,3,3,0,0,3,3,3.83,1,break_piece,0x2FB6CCDD|0x8757B5FE|0x91E2FC68
0xF1D28AD7,,,0,3,0,3,3,0,0,1,1,0.50,0,intact,0x7CB86FC9|0xB0A0930E|0xF9EA3B44
0xF1D70805,,,0,3,0,3,3,0,0,1,1,0.48,0,intact,0x7CB86FC9|0xB0A0930E|0xF9EA3B44
0xF26755E0,,,0,3,0,0,3,0,0,6,6,1.25,0,break_piece,0x0E9502CF|0xA4937D58|0xB5C2D9F8
0xF291EAA0,slice2c_propattach00_ruin,rainbow,1,3,0,3,2,0,0,4,4,3.61,0,break_piece|intact,0x0B7CC1B7|0x9DF6B30B|0xA76D0DA1
0xF370E406,slice3b_propdebris01,rainbow,1,3,0,3,3,0,0,3,4,7.55,1,break_piece,0x319D840A|0xDDE0070C|0xF51C01DD
0xF39F3C2D,hp_dock_ai_rr,rainbow,1,3,0,0,3,0,0,3,4,0.03,1,break_piece,0x968CE876|0xAACA3CFB|0xD7BB0643
0xF4265199,slice1a_propattach22_pristine,rainbow,1,3,0,3,3,0,0,4,4,3.57,0,break_piece|intact,0x1946F361|0x50AACA22|0xDDBA557D
0xF4875427,piece5b_propdebris06,rainbow,1,3,0,3,3,0,0,3,3,3.03,1,break_piece,0x3BF3DA2E|0x95FB5377|0xABFDB4B0
0xF4D1FB85,,,0,3,0,0,3,0,0,6,6,1.04,1,break_piece,0x46C5012C|0xCDDC96EC|0xEB20325A
0xF4E79758,,,0,3,0,0,3,0,0,4,4,0.03,1,break_piece,0x770E7949|0xD506BE7E|0xF515FB68
0xF516E578,,,0,3,0,0,3,0,0,1,2,0.03,1,,0x33C8B389|0x722BEA76|0xC1E0DE18
0xF519067B,,,0,3,0,0,3,0,0,6,6,1.12,0,break_piece,0x4AEE11CE|0xD64E8456|0xE9E253D5
0xF54770DD,,,0,3,0,0,0,0,0,4,4,0.03,1,break_piece,0x770E7949|0xD506BE7E|0xF515FB68
0xF5B739CD,,,0,3,0,0,3,0,0,3,3,0.03,1,break_piece|intact,0x3601FC68|0x37F5339B|0xFF7ABB3B
0xF6AFEB23,bone_crest,rainbow,1,3,0,0,3,0,0,7,7,0.03,1,,0x77E59F1F|0xD9588A21|0xDFDF5B5D
0xF6D730E2,,,0,3,0,2,0,0,0,4,4,0.03,0,break_piece|intact,0x6F98CA68|0xD0C7814B|0xFEDA4BF0
0xF7403B12,,,0,3,0,0,3,0,0,5,5,0.03,1,break_piece|intact,0x319D840A|0x4F3C5FBE|0xE6027C27
0xF78E33CB,piece1a_propattach09,rainbow,1,3,0,0,0,0,0,3,3,0.03,1,break_piece,0x3FF2692D|0xE5133554|0xF03E0102
0xF79C6DA0,L34_far,rainbow,1,3,0,0,3,0,0,8,10,3.69,0,break_piece,0x1CE8F54F|0x342EDDD4|0xB6EDE80B
0xF8A08F72,,,0,3,0,0,3,0,0,4,5,0.03,1,break_piece,0x60E7FFEB|0xC142F94B|0xFB89A3B1
0xF8D5C4CE,piece3a_propdebris04,rainbow,1,3,0,3,3,0,0,3,3,4.36,1,break_piece,0x3BF3DA2E|0x6E81561C|0x8E8ED4C0
0xFA9381A2,floor01.piece1b_propdebris17,rainbow,1,3,0,3,3,0,0,3,3,8.38,1,break_piece,0x7D766FA6|0xAC3CD893|0xD44C2215
0xFAA6F4A1,piece3b_propdebris11,rainbow,1,3,0,3,3,0,0,3,3,4.13,1,break_piece,0xCE99630D|0xE2068412|0xF4AF3C5B
0xFB1A6C93,,,0,3,0,0,0,0,0,1,1,24.39,0,static,0x299E2340|0x722BEA76|0xC1E0DE18
0xFB1EF8CC,,,0,3,0,3,3,0,0,5,5,8.61,0,break_piece,0x2B503BD0|0x74474CB1|0x9D2E1B21
0xFB8F7B27,,,0,3,0,0,3,0,0,6,6,1.04,0,break_piece,0x0F9B9B04|0xBBDC51DD|0xCAAF4D42
0xFC5ED0F9,,,0,3,0,0,3,0,0,5,5,0.03,1,break_piece,0x1E359C2F|0x539FF827|0xFC332812
0xFCE2F4E5,oilrig_troi92,rainbow,1,3,0,0,3,0,0,3,4,0.03,1,break_piece,0x786ECF9F|0x8E4E954A|0x9A6F6587
0xFD2A3858,piece7a_pristine,rainbow,1,3,0,3,3,0,0,2,2,10.69,1,intact,0x3BF3DA2E|0xBFC09F3E|0xCE866A6A
0xFD402319,,,0,3,0,0,3,0,0,4,4,0.03,1,break_piece,0x2F4F8F3E|0x319D840A|0xE6027C27
0xFD4C4824,,,0,3,0,3,3,0,0,5,5,4.04,0,break_piece,0x086666D2|0x1A1B848F|0x2F1F099B
0xFEE5687F,,,0,3,0,0,3,0,0,4,4,0.03,1,break_piece,0x770E7949|0xD506BE7E|0xF515FB68
0xFF300B1E,,,0,3,0,0,3,0,0,6,6,6.90,1,break_piece,0x149FC407|0x35992F99|0x585A9008
0xFFA743DF,,,0,3,0,0,3,0,0,6,6,2.37,0,break_piece,0x4C998949|0x5B3458E9|0x717EB6DA
0xFFB54A05,,,0,3,0,3,1,0,0,5,5,1.04,1,break_piece,0x6B1DE27D|0x6BDE4B9D|0xEAA1C080
0x81C5C8E5,bone_door_rr_bottom,rainbow,1,2,0,0,2,15,1,3,5,1.57,1,break_piece,0x1CE8F54F|0x342EDDD4
0x8AC4D031,bone_door_rr_top,rainbow,1,2,0,0,2,15,1,3,5,1.54,1,break_piece,0x1CE8F54F|0x342EDDD4
0x1889F398,bone_lb,rainbow,1,2,0,0,2,6,4,1,1,1.32,0,,0x0BBA3066|0x25C98327
0x93C7C0A9,bone_chain,rainbow,1,2,0,0,2,6,4,1,1,0.45,0,,0x0BBA3066|0x25C98327
0xE84602DE,bone_necklace,rainbow,1,2,0,0,2,6,4,1,1,0.26,0,,0x0BBA3066|0x25C98327
0x2EB03C6D,bone_fanb,rainbow,1,2,0,0,0,2,2,1,2,1.33,1,,0x23522367|0xAA4DEC8B
0x6F3A9368,bone_flagd,rainbow,1,2,0,0,2,2,2,3,4,0.03,1,intact,0x6500A0AE|0xEE385D45
0x3CF0A7E9,bone_gun_ruin,rainbow,1,2,0,0,2,1,1,3,3,2.89,1,break_piece,0x340B1CB8|0xA35416A8
0x00132B3C,piece1a_propdebris71,rainbow,1,2,0,2,2,0,0,3,3,21.68,1,break_piece,0x1923143C|0x3601FC68
0x0040DA52,,,0,2,0,0,2,0,0,6,6,0.79,0,break_piece,0xB645EE21|0xB98FB059
0x004F9D85,,,0,2,0,0,2,0,0,1,8,10.96,1,break_piece,0x1FBFBB4B|0xB6EDE80B
0x0054620A,,,0,2,0,0,2,0,0,6,6,0.79,0,break_piece,0xB645EE21|0xB98FB059
0x010F3D82,,,0,2,0,0,2,0,0,3,3,0.03,1,break_piece,0x7604B190|0xE59723FD
0x01BC1A6F,,,0,2,0,0,2,0,0,3,3,0.03,1,break_piece,0x7604B190|0xE59723FD
0x021FFA55,piece1a_propdebris74,rainbow,1,2,0,2,2,0,0,3,3,7.10,1,break_piece,0x1923143C|0x3601FC68
0x0302637C,piece1d_propdebris43,rainbow,1,2,0,2,2,0,0,3,3,27.82,1,break_piece,0x70D6FBD9|0xE9219C8A
0x0349F1B6,,,0,2,0,0,2,0,0,4,4,0.03,1,break_piece,0x149FC407|0x539FF827
0x03CDA023,,,0,2,0,2,2,0,0,5,5,4.04,0,break_piece,0x2F1F099B|0xFB84E548
0x040EA785,,,0,2,0,2,2,0,0,5,5,1.66,1,break_piece|intact,0xCBABA641|0xDA219845
0x04A43972,bone_rearhatch,rainbow,1,2,0,0,2,0,0,3,3,1.97,1,break_piece,0xB645EE21|0xB98FB059
0x04E9F24A,,,0,2,0,0,2,0,0,5,5,1.23,0,break_piece,0x165F7C10|0xA5B1C357
0x050CA3A0,,,0,2,0,0,2,0,0,6,6,1.05,0,break_piece,0x80C357EC|0xCE77D4CB
0x050F3295,piece1d_propdebris46,rainbow,1,2,0,2,2,0,0,3,3,27.82,1,break_piece,0xA0EAF095|0xA79EE18C
0x053B2B2E,hp_barreltip_sam_h,rainbow,1,2,0,0,2,0,0,7,7,0.03,1,intact,0x25FE00A7|0xC142F94B
0x05426087,L3_far3,rainbow,1,2,0,0,2,0,0,6,6,2.07,1,break_piece,0xCDC5617A|0xEAA1C080
0x05430199,,,0,2,0,0,2,0,0,5,5,0.03,1,break_piece,0x89D8DE72|0x905B2A87
0x054A8B80,slice1c_propdebris46,rainbow,1,2,0,2,2,0,0,4,4,6.50,1,break_piece,0x383D01E1|0xB6357976
0x055DBD70,hp_barreltip_sam_f,rainbow,1,2,0,0,2,0,0,7,7,0.03,1,intact,0x25FE00A7|0xC142F94B
0x058AAA30,slice1d_propattach05,rainbow,1,2,0,0,0,0,0,3,3,0.03,1,break_piece,0x6871E4C5|0xF1441A89
0x059B0B3F,,,0,2,0,2,0,0,0,3,4,18.98,0,break_piece,0x25FE00A7|0xE54047D5
0x05DF1B24,,,0,2,0,0,2,0,0,7,7,0.03,1,break_piece,0x89D8DE72|0x905B2A87
0x05F02C1A,,,0,2,0,0,2,0,0,6,6,1.11,0,break_piece,0x9B994D39|0x9C3D4104
0x0654EB73,,,0,2,0,0,3,0,0,1,1,0.03,0,,0x421B5FA3|0x93533353
0x06756CF0,,,0,2,0,2,0,0,0,3,3,0.03,1,break_piece,0x89D8DE72|0x905B2A87
0x06793B41,bone_shaft_r,rainbow,1,2,0,0,2,0,0,4,6,0.45,1,break_piece,0x1CE8F54F|0x342EDDD4
0x06FD06D9,,,0,2,0,0,2,0,0,6,6,1.18,1,break_piece,0x4A579010|0x9F5A4DB7
0x078E8D36,hp_seat_ciwsrl,rainbow,1,2,0,0,2,0,0,3,6,0.03,1,break_piece|intact,0x25FE00A7|0xE54047D5
0x07ABC92A,,,0,2,0,0,0,0,0,4,4,0.03,1,intact,0x0C95FF35|0xE54047D5
0x07DA7FD4,,,0,2,0,2,2,0,0,5,5,4.21,0,intact,0x1125CB99|0x926D9ECB
0x07E3634D,,,0,2,0,0,2,0,0,6,6,1.99,0,break_piece,0x31F0FE47|0x5B3458E9
0x0842761F,bone_propeller_a,rainbow,1,2,0,0,1,0,0,1,3,4.37,1,intact,0x223593E1|0x24E160F5
0x0847080C,global_weapon_fraggrenade,rainbow,1,2,3,0,1,0,0,0,0,0.16,0,,0x018A04DE|0x0847080C
0x086B6B8F,,,0,2,0,0,0,0,0,4,6,0.03,1,break_piece,0x9F2D315C|0xFCAE37AB
0x087751E3,slice3d_propdebris02,rainbow,1,2,0,2,2,0,0,3,4,1.90,1,break_piece,0x04CC21CD|0x7DB2E527
0x08A1F1EA,piece4b_interior,rainbow,1,2,0,2,2,0,0,3,3,37.46,0,intact,0x95FB5377|0xABFDB4B0
0x08E4910D,white_o24625,rainbow,1,2,0,0,0,0,0,3,3,0.03,1,break_piece,0x04549112|0xFD0229C3
0x09E53CDD,,,0,2,0,0,2,0,0,4,4,0.03,1,break_piece,0x40D1E566|0x62D45983
0x09E77E5B,,,0,2,0,0,2,0,0,4,4,0.03,1,break_piece,0x1E359C2F|0x35992F99
0x0A0D8266,slice3b_propattach03,rainbow,1,2,0,0,0,0,0,3,3,0.03,1,break_piece,0xBFC09F3E|0xFA83AC18
0x0A1FC5D8,slice2d_ruin,rainbow,1,2,0,2,0,0,0,2,2,52.22,0,break_piece|intact,0x0B7CC1B7|0xF51C01DD
0x0A3B288C,hp_barreltip_archer_b,rainbow,1,2,0,0,2,0,0,5,7,0.03,1,break_piece,0x1CE8F54F|0x342EDDD4
0x0A5CD3A7,bone_sideskirt_rf,rainbow,1,2,0,0,2,0,0,3,3,1.33,1,break_piece,0x461F1A3A|0xF88147A1
0x0A65DF0B,slice3c_propdebris03,rainbow,1,2,0,2,2,0,0,3,3,2.05,1,break_piece,0x9DF6B30B|0xA76D0DA1
0x0A79A38C,,,0,2,0,0,2,0,0,4,5,0.03,1,break_piece,0xC142F94B|0xC733E65D
0x0A7C5CDD,slice1f_propdebris00,rainbow,1,2,0,2,2,0,0,4,4,5.58,1,break_piece,0x1E359C2F|0x35992F99
0x0A9866EA,slice1a_propattach14_ruin,rainbow,1,2,0,2,0,0,0,4,4,0.03,0,break_piece,0x618526A4|0xB358951D
0x0B4D90BC,,,0,2,0,0,2,0,0,4,5,0.59,1,break_piece,0x19676216|0x720F3948
0x0B4E7B7C,,,0,2,0,0,2,0,0,4,4,0.03,1,break_piece,0x149FC407|0x539FF827
0x0B573111,bone_yaw_gun_fl,rainbow,1,2,0,0,0,0,0,5,5,0.31,0,intact,0x7366155A|0xD4E88AFD
0x0B7CA9A4,,,0,2,0,2,0,0,0,5,5,1.80,0,break_piece,0x4A579010|0x9F5A4DB7
0x0B7D18F9,,,0,2,0,2,2,0,0,6,6,0.75,0,break_piece,0x5B172306|0x7D0B00CB
0x0B944E3B,,,0,2,0,0,2,0,0,5,5,0.03,1,break_piece,0x89D8DE72|0x905B2A87
0x0BA02DB8,bone_flap2_r,rainbow,1,2,0,0,2,0,0,2,2,5.14,1,,0x722BEA76|0xC1E0DE18
0x0BAE5F49,,,0,2,0,0,2,0,0,6,6,7.15,0,break_piece,0x149FC407|0x9A7642ED
0x0BFA464F,,,0,2,0,0,0,0,0,4,4,2.41,0,break_piece,0x89D8DE72|0x905B2A87
0x0C2B2224,,,0,2,0,2,2,0,0,3,3,5.14,1,intact,0x22435EEA|0x4A95F55C
0x0C363173,,,0,2,0,0,0,0,0,3,3,0.03,1,break_piece,0x261F62BF|0x77A20DC0
0x0C47F7A5,hp_barreltip_archer_g,rainbow,1,2,0,0,2,0,0,5,7,0.03,1,break_piece,0x1CE8F54F|0x342EDDD4
0x0CB04032,slice2a_propattach10,rainbow,1,2,0,0,0,0,0,3,3,0.03,1,break_piece,0x2171B6D7|0xE6027C27
0x0CC2DBDC,,,0,2,0,0,2,0,0,3,3,0.03,1,intact,0x125512D6|0x6B432F1C
0x0CD05E38,hp_barreltip_hellfire_j,rainbow,1,2,0,0,2,0,0,4,4,0.03,1,break_piece,0x6D394A7B|0x994E1953
0x0D28FEAC,bone_susp_rl_attach,rainbow,1,2,0,0,2,0,0,4,5,0.03,1,break_piece,0x19676216|0x720F3948
0x0D488E81,,,0,2,0,0,2,0,0,5,5,0.03,1,break_piece,0x149FC407|0x539FF827
0x0D594CDA,hp_barreltip_sam_d,rainbow,1,2,0,0,2,0,0,7,7,0.03,1,intact,0x25FE00A7|0xC142F94B
0x0D716106,,,0,2,0,0,2,0,0,4,4,1.91,1,break_piece,0x89D8DE72|0x905B2A87
0x0D71F647,bone_pitch_barrel_a,rainbow,1,2,0,0,0,0,0,4,4,3.38,1,intact,0x81758ACC|0x86A7C828
0x0D86399A,slice1d_propattach07,rainbow,1,2,0,0,0,0,0,3,3,0.03,1,break_piece,0x6871E4C5|0xF1441A89
0x0D8D57DA,,,0,2,0,2,2,0,0,1,1,0.48,0,intact,0x01ED3D6F|0x1A9D89DF
0x0D9AC53E,,,0,2,0,0,2,0,0,6,6,1.30,0,break_piece,0x2D1D4D03|0xC23032BC
0x0E1483EA,,,0,2,0,2,1,0,0,5,5,1.91,0,break_piece,0x149FC407|0xD1574A09
0x0E269F13,,,0,2,0,0,2,0,0,3,4,0.03,1,break_piece,0x63E4703A|0xA35416A8
0x0E5E6282,,,0,2,0,2,2,0,0,5,6,0.65,0,intact,0x9F2D315C|0xFCAE37AB
0x0E7791FA,,,0,2,0,0,2,0,0,3,3,0.03,1,break_piece,0x7ABD58C1|0x88D09B0C
0x0ECAA2A3,piece4a_pristine,rainbow,1,2,0,2,1,0,0,2,2,4.99,0,break_piece|intact,0x7DB2E527|0x8E8ED4C0
0x0F1B0EF0,,,0,2,0,0,2,0,0,3,3,0.03,1,break_piece|intact,0x4B9C42F1|0xE59723FD
0x0F2C7C3B,,,0,2,0,0,0,0,0,4,4,1.44,1,intact,0x461F1A3A|0x8CA421C3
0x0F3F085E,bone_yaw_ciwsrl,rainbow,1,2,0,0,0,0,0,5,5,8.35,0,intact,0x25FE00A7|0xE54047D5
0x0FB4D069,slice1a_propattach05_akdk44,rainbow,1,2,0,2,1,0,0,5,5,3.81,1,break_piece,0xCA20C1D9|0xEAA1C080
0x0FC83C0E,piece2a_propdebris30,rainbow,1,2,0,2,2,0,0,3,3,3.77,1,break_piece,0x8757B5FE|0x91E2FC68
0x0FD16D53,magazinej,rainbow,1,2,0,0,0,0,0,4,4,0.03,1,break_piece,0x6D394A7B|0x994E1953
0x0FD566AB,,,0,2,0,0,2,0,0,6,6,1.04,1,break_piece,0xCDDC96EC|0xEB20325A
0x1001E56B,piece2d,rainbow,1,2,0,0,0,0,0,1,1,0.03,0,static,0x04CC21CD|0x7604B190
0x100AAFA2,,,0,2,0,2,2,0,0,5,5,1.81,0,intact,0x4A579010|0x9F5A4DB7
0x1093D9A1,,,0,2,0,0,2,0,0,5,5,1.25,0,break_piece,0x35992F99|0xA26387A9
0x10B0E651,,,0,2,0,0,0,0,0,3,4,2.28,1,break_piece,0x6BDD88C3|0xA2EB8265
0x10EBDBB6,,,0,2,0,0,2,0,0,6,6,0.03,1,break_piece,0x89D8DE72|0x905B2A87
0x11E3EB3D,,,0,2,0,0,2,0,0,3,4,0.03,1,intact,0x60E7FFEB|0x96195816
0x11FA73D4,,,0,2,0,2,0,0,0,3,3,0.03,1,break_piece,0x22435EEA|0x9FCAE910
0x125170CD,,,0,2,0,0,2,0,0,6,6,1.48,0,break_piece,0x8CA421C3|0xE31521AD
0x126E8D38,,,0,2,0,0,2,0,0,5,5,1.23,0,break_piece,0x165F7C10|0xA5B1C357
0x12AEBFDD,,,0,2,0,2,2,0,0,3,3,1.85,0,break_piece,0x89D8DE72|0x905B2A87
0x12C7F085,L2_close29,rainbow,1,2,0,0,2,0,0,6,6,1.04,0,break_piece,0xCDDC96EC|0xEB20325A
0x12DA2133,,,0,2,0,0,2,0,0,5,5,0.03,1,break_piece,0x1E359C2F|0x35992F99
0x131754A9,piece3a_propattach01,rainbow,1,2,0,0,0,0,0,3,3,0.03,1,intact,0x6B3A45A6|0x6F4B9CA8
0x13435E10,slice2b_propattach04,rainbow,1,2,0,0,0,0,0,3,3,0.03,1,break_piece,0x6B1DE27D|0xDDE0070C
0x1346595C,,,0,2,0,0,2,0,0,5,5,0.03,1,break_piece,0x149FC407|0x539FF827
0x136D0EFB,,,0,2,0,0,2,0,0,5,5,0.28,1,intact,0x299E2340|0xEC6C211D
0x13CC2B38,piece5f,rainbow,1,2,0,0,0,0,0,1,1,0.03,0,static,0xBFE24A41|0xDA50B276
0x1409678B,,,0,2,0,0,2,0,0,3,3,0.03,1,break_piece|intact,0x79835204|0xF03E0102
0x14988DFF,floor03.piece1a_propdebris15,rainbow,1,2,0,2,2,0,0,3,3,32.40,1,break_piece,0x13417609|0xCA3AC936
0x14DCF6A8,hp_barreltip_rcketlgR,rainbow,1,2,0,0,2,0,0,5,5,0.03,1,break_piece,0x89D8DE72|0x905B2A87
0x154C3115,,,0,2,0,0,2,0,0,6,6,1.25,0,break_piece,0x02195587|0x80C357EC
0x15CD74BC,,,0,2,0,0,2,0,0,4,6,2.44,1,break_piece,0x1CE8F54F|0x342EDDD4
0x1614B81A,,,0,2,0,2,1,0,0,4,4,1.93,0,break_piece|intact,0x261F62BF|0x77A20DC0
0x164D8190,,,0,2,0,0,2,0,0,1,8,10.96,1,break_piece,0x1FBFBB4B|0xB6EDE80B
0x16665DF0,,,0,2,0,0,2,0,0,3,3,0.03,1,break_piece,0xB645EE21|0xB98FB059
0x1676AF95,,,0,2,0,0,2,0,0,6,6,1.54,0,break_piece,0x2B97DD31|0xC159BBC9
0x16917E5D,,,0,2,0,2,2,0,0,6,6,1.34,0,break_piece|intact,0x807D1C3B|0xB4FE2B80
0x16BF4962,,,0,2,0,0,2,0,0,5,5,4.03,0,intact,0x7C77ACCB|0xFA83AC18
0x16C0A144,,,0,2,0,0,2,0,0,3,3,0.03,1,break_piece,0x7604B190|0xE59723FD
0x16FA354B,hp_seat_gun_rr,rainbow,1,2,0,0,2,0,0,4,4,0.03,1,intact,0xC142F94B|0xD4E88AFD
0x1712EC38,floor02.piece1a_propdebris20,rainbow,1,2,0,2,2,0,0,3,3,9.85,1,break_piece,0x601A1292|0x7D766FA6
0x1735489B,,,0,2,0,0,2,0,0,6,6,1.13,0,break_piece,0x807D1C3B|0xB4FE2B80
0x175BE5AC,,,0,2,0,2,0,0,0,3,3,0.03,1,break_piece,0x89D8DE72|0x905B2A87
0x178DB739,,,0,2,2,0,1,0,0,0,0,0.36,0,,0x178DB739|0x922D69A7
0x17BC4C00,piece1i_ruin,rainbow,1,2,0,2,0,0,0,2,2,0.03,0,break_piece|intact,0x4B9C42F1|0xD7FCFD11
0x17BF6D8D,,,0,2,0,2,2,0,0,5,5,3.80,1,intact,0x1125CB99|0x926D9ECB
0x18AEEFAC,bone_yaw_turret_a,rainbow,1,2,0,0,0,0,0,3,4,2.07,1,break_piece,0x3397DE30|0xFFB1CE7A
0x1923F496,slice1d_propattach06_pristine,rainbow,1,2,0,2,0,0,0,4,4,0.93,0,break_piece,0x6871E4C5|0xF1441A89
0x1953342A,,,0,2,0,0,0,0,0,5,5,0.03,1,break_piece,0x4C998949|0x717EB6DA
0x199250EA,hp_gunmount_rl,rainbow,1,2,0,0,2,0,0,7,7,0.03,1,intact,0xC142F94B|0xD4E88AFD
0x19B2A6A3,,,0,2,0,0,2,0,0,3,3,0.03,1,break_piece,0x7604B190|0xE59723FD
0x19D84358,,,0,2,0,0,2,0,0,6,6,1.05,0,break_piece,0x16497BF1|0xCE77D4CB
0x19D994ED,piece2a_propdebris37,rainbow,1,2,0,2,2,0,0,3,3,2.70,1,break_piece,0x5DC2D1E2|0x91E2FC68
0x19E830FC,,,0,2,0,0,2,0,0,2,2,5.74,1,,0x722BEA76|0xC1E0DE18
0x1A524C61,,,0,2,0,0,2,0,0,6,6,0.79,0,break_piece,0xB645EE21|0xB98FB059
0x1B1663DA,piece3k_pristine,rainbow,1,2,0,2,2,0,0,2,2,16.11,0,intact,0xB0D4E642|0xE59723FD
0x1B1C5717,slice1d_propattach05_pristine,rainbow,1,2,0,2,0,0,0,4,4,0.93,0,break_piece,0x6871E4C5|0xF1441A89
0x1B255594,slice2b_propattach08,rainbow,1,2,0,0,0,0,0,3,3,0.03,1,break_piece,0x6B1DE27D|0xDDE0070C
0x1B52BCBF,slice3b_propattach03_ruin,rainbow,1,2,0,2,0,0,0,4,4,0.03,0,break_piece,0xBFC09F3E|0xFA83AC18
0x1B5D092B,floor00.slice2a_ruin,rainbow,1,2,0,2,2,0,0,2,2,37.01,0,intact,0x04549112|0xFD0229C3
0x1B84464C,,,0,2,0,0,2,0,0,3,3,0.03,1,break_piece|intact,0x52BFCBFD|0x9D1BA658
0x1BDE49A0,,,0,2,0,2,1,0,0,5,5,6.98,1,break_piece,0x539FF827|0x9132806D
0x1BE51271,,,0,2,0,0,2,0,0,6,6,1.05,0,break_piece,0x16497BF1|0xCE77D4CB
0x1BEBD137,,,0,2,0,0,2,0,0,6,6,4.03,0,break_piece,0x7C77ACCB|0xFA83AC18
0x1C0AD8A3,,,0,2,0,0,2,0,0,3,3,0.03,1,break_piece,0x4B9C42F1|0xE59723FD
0x1C184A81,,,0,2,0,0,2,0,0,4,4,0.03,1,break_piece,0x1A2F151C|0xE43A561C
0x1C38238A,,,0,2,0,0,2,0,0,6,6,0.03,1,break_piece,0x89D8DE72|0x905B2A87
0x1C784588,floor01.slice2a_propdebris04,rainbow,1,2,0,2,2,0,0,3,4,5.73,1,break_piece|intact,0x149FC407|0xD1574A09
0x1CE4A7B8,,,0,2,0,0,2,0,0,6,6,0.03,1,break_piece,0x89D8DE72|0x905B2A87
0x1CE8EE63,,,0,2,0,2,2,0,0,1,1,1.36,0,intact,0x0D0B8CF5|0x60497640
0x1CE8F54F,vz_veh_helicopter_mi35hind,rainbow,1,2,2,0,0,0,0,0,0,0.03,0,static,0x1CE8F54F|0x342EDDD4
0x1D0C9714,,,0,2,0,0,2,0,0,1,2,0.03,1,,0x722BEA76|0xC1E0DE18
0x1D2DC401,,,0,2,0,2,2,0,0,3,3,2.03,0,break_piece,0x89D8DE72|0x905B2A87
0x1D3B9C4B,,,0,2,0,0,2,0,0,3,3,0.03,1,break_piece,0x7604B190|0xE59723FD
0x1D5B36BD,,,0,2,0,2,2,0,0,5,5,11.53,1,break_piece,0x2E3C0B49|0xA67A960D
0x1DEC281E,,,0,2,0,2,2,0,0,4,4,0.60,0,break_piece,0x261F62BF|0x77A20DC0
0x1E2240EB,,,0,2,0,2,2,0,0,5,5,3.80,1,intact,0x1125CB99|0x926D9ECB
0x1EC2A174,,,0,2,0,2,2,0,0,5,5,4.04,0,break_piece,0x2F1F099B|0xA26387A9
0x1EE9DFA4,,,0,2,0,0,2,0,0,6,6,1.07,0,break_piece,0x0F9B9B04|0xCAAF4D42
0x1F1324FD,hp_barreltip_rocket_rb,rainbow,1,2,0,0,2,0,0,4,6,0.03,1,break_piece,0x1CE8F54F|0x342EDDD4
0x1F7BACD2,,,0,2,0,0,2,0,0,1,6,1.71,1,break_piece,0x1FBFBB4B|0x461F1A3A
0x1FFFF4B2,L4_medium29,rainbow,1,2,0,0,2,0,0,4,6,1.30,1,break_piece,0x2D1D4D03|0xC23032BC
0x20063CFA,,,0,2,0,0,2,0,0,1,3,12.96,1,,0x14D94B9B|0x1FBFBB4B
0x204A87AF,,,0,2,0,0,0,0,0,4,4,0.03,1,break_piece,0x1125CB99|0x926D9ECB
0x2070597F,,,0,2,0,2,0,0,0,3,3,0.03,1,break_piece,0x89D8DE72|0x905B2A87
0x207A40E8,slice1f_propdebris01,rainbow,1,2,0,2,2,0,0,4,4,6.06,1,break_piece,0x1E359C2F|0x35992F99
0x2090503C,,,0,2,0,2,0,0,0,4,4,1.01,1,break_piece|intact,0x8C58E7EB|0xD4E88AFD
0x209B7313,piece3a_propdebris34,rainbow,1,2,0,2,2,0,0,3,3,5.28,1,break_piece,0x184188DA|0xB6B946F4
0x20C49CB1,,,0,2,0,0,2,0,0,6,6,0.89,0,break_piece,0x080D83D1|0x56EE6A1F
0x20CF1344,,,0,2,0,0,2,0,0,6,6,0.03,1,break_piece,0x89D8DE72|0x905B2A87
0x20FCAC14,,,0,2,0,0,2,0,0,1,3,0.03,1,break_piece|static,0x04ED3522|0x97A96272
0x211480B2,,,0,2,0,0,2,0,0,3,3,0.03,1,break_piece,0x7604B190|0xE59723FD
0x211A5DEE,,,0,2,0,0,2,0,0,5,5,0.03,1,break_piece,0x149FC407|0x539FF827
0x2136FC69,,,0,2,0,0,2,0,0,6,6,6.90,0,break_piece,0x149FC407|0x9A7642ED
0x2196A6CB,,,0,2,0,0,2,0,0,6,6,1.05,0,break_piece,0x80C357EC|0xCE77D4CB
0x219B23F9,,,0,2,0,0,2,0,0,6,6,1.05,0,break_piece,0x80C357EC|0xCE77D4CB
0x21A4A9E1,,,0,2,0,0,2,0,0,6,6,2.37,0,break_piece,0x4C998949|0x717EB6DA
0x2229512A,slice2a_propattach04_ruin,rainbow,1,2,0,2,0,0,0,4,4,0.03,0,break_piece,0x2171B6D7|0x7C77ACCB
0x2236EBF1,,,0,2,0,0,2,0,0,5,5,1.93,0,break_piece|intact,0x6F98CA68|0xFEDA4BF0
0x22434E6F,,,0,2,0,0,2,0,0,6,6,0.79,0,break_piece,0xB645EE21|0xB98FB059
0x224AC5C1,slice2d_propdebris01,rainbow,1,2,0,2,2,0,0,3,4,7.40,1,break_piece,0x539FF827|0xF51C01DD
0x22991FF7,,,0,2,0,0,2,0,0,5,5,0.03,1,break_piece,0x89D8DE72|0x905B2A87
0x22D67A9F,floor01.slice2a,rainbow,1,2,0,0,0,0,0,1,1,0.03,0,static,0x149FC407|0xD1574A09
0x2313E748,bone_head4,rainbow,1,2,0,0,2,0,0,1,1,0.45,0,,0x0BBA3066|0x25C98327
0x2347B8A4,,,0,2,0,0,2,0,0,3,3,0.03,1,intact,0x125512D6|0x6B432F1C
0x2352C4DC,,,0,2,0,2,2,0,0,1,1,1.37,0,intact,0x0D0B8CF5|0x60497640
0x23769590,,,0,2,0,2,1,0,0,5,5,2.50,0,break_piece|intact,0x1125CB99|0x926D9ECB
0x238E4E00,,,0,2,0,2,2,0,0,1,1,1.34,0,break_piece|intact,0x3C9A5987|0xEA7F9F3F
0x23DA1BE7,hp_seat_gun_fr,rainbow,1,2,0,0,2,0,0,4,4,0.03,1,intact,0x7366155A|0xD4E88AFD
0x23E13A5B,,,0,2,0,2,2,0,0,6,6,1.37,0,break_piece|intact,0x807D1C3B|0xB4FE2B80
0x23E99C37,,,0,2,0,0,2,0,0,6,6,1.05,0,break_piece,0x16497BF1|0xCE77D4CB
0x2418D289,,,0,2,0,0,2,0,0,3,3,0.03,1,break_piece,0x7604B190|0xE59723FD
0x243912E3,hp_barreltip_archer_a,rainbow,1,2,0,0,2,0,0,5,7,0.03,1,break_piece,0x1CE8F54F|0x342EDDD4
0x247EE2D4,,,0,2,0,0,0,0,0,5,6,0.51,1,intact,0x461F1A3A|0x8CA421C3
0x24B55720,,,0,2,0,2,2,0,0,5,5,5.20,1,break_piece,0x37B0103D|0x818E5819
0x24C26AAA,slice3b_propattach02_pristine,rainbow,1,2,0,2,1,0,0,4,4,2.61,0,intact,0xBFC09F3E|0xFA83AC18
0x24C50CEE,,,0,2,0,2,1,0,0,6,6,1.84,0,break_piece,0x12181179|0xBDED558F
0x2500937E,bone_roll_ciwsrl,rainbow,1,2,0,0,2,0,0,7,7,2.63,1,intact,0x25FE00A7|0xE54047D5
0x250DBE9E,slice1c_propdebris17,rainbow,1,2,0,2,2,0,0,3,4,9.79,1,break_piece,0x09E169B3|0xF515FB68
0x25162D90,,,0,2,0,0,2,0,0,6,6,3.80,0,break_piece,0xDDE0070C|0xEAA1C080
0x2567CF0B,slice1a_propattach20_pristine,rainbow,1,2,0,2,2,0,0,4,4,1.06,0,break_piece,0x1946F361|0xDDBA557D
0x2583EE80,,,0,2,0,2,2,0,0,6,6,1.84,0,intact,0x12181179|0xBDED558F
0x25BDB8A7,,,0,2,0,0,0,0,0,4,4,0.03,1,break_piece,0x1125CB99|0x926D9ECB
0x25FC59E5,,,0,2,0,2,0,0,0,6,6,2.23,0,break_piece,0x4C998949|0x717EB6DA
0x260FD870,slice1c_propattach07_ruin,rainbow,1,2,0,2,0,0,0,4,4,0.03,0,break_piece,0x2F1F099B|0xA26387A9
0x261FF4DA,,,0,2,0,0,2,0,0,7,7,0.03,1,break_piece,0x89D8DE72|0x905B2A87
0x268F8E53,bone_yaw_gun_rr,rainbow,1,2,0,0,0,0,0,5,5,0.47,0,intact,0xC142F94B|0xD4E88AFD
0x26F69968,slice2a_propattach13_pristine,rainbow,1,2,0,2,2,0,0,4,4,2.19,0,break_piece,0x2171B6D7|0xE6027C27
0x272A3E33,floor01.slice1b_propdebris01,rainbow,1,2,0,2,2,0,0,3,4,6.00,1,break_piece,0x149FC407|0xD1574A09
0x275C0162,floor00.slice2a,rainbow,1,2,0,0,0,0,0,1,1,0.03,0,static,0x04549112|0xFD0229C3
0x2764A4F4,,,0,2,0,2,2,0,0,1,1,0.34,0,intact,0x09139BCD|0x759BDE16
0x27C61D42,slice2a_propattach06_pristine,rainbow,1,2,0,2,2,0,0,4,4,4.04,0,break_piece|intact,0x2171B6D7|0xE6027C27
0x27D928EF,vzoutpost_bld_guardtower,rainbow,1,2,2,0,0,0,0,0,0,0.03,0,static,0x27D928EF|0xAC74ED90
0x281419B7,,,0,2,0,0,2,0,0,6,6,0.79,0,break_piece,0xB645EE21|0xB98FB059
0x2848909C,slice2d_propdebris00,rainbow,1,2,0,2,2,0,0,3,4,8.90,1,break_piece,0x539FF827|0xF51C01DD
0x28727E6E,piece6a_propdebris12,rainbow,1,2,0,2,2,0,0,3,3,2.80,1,break_piece,0x8E8ED4C0|0xC68ADB00
0x29062DAD,floor00.slice2a_pristine,rainbow,1,2,0,2,0,0,0,2,2,26.10,0,break_piece,0x04549112|0xFD0229C3
0x2915B50F,floor01.slice2b_interior,rainbow,1,2,0,2,0,0,0,3,3,133.78,0,break_piece|intact,0x149FC407|0xD1574A09
0x297380DA,floor03.piece1b_pristine,rainbow,1,2,0,2,0,0,0,2,2,16.34,0,intact,0x7D766FA6|0xCA3AC936
0x297CD469,,,0,2,0,0,2,0,0,1,1,1.33,0,,0x0BBA3066|0x25C98327
0x2A497403,,,0,2,0,0,2,0,0,6,6,1.55,0,break_piece,0x551A0FF1|0x833030CA
0x2AC99626,,,0,2,0,0,2,0,0,3,3,0.03,1,break_piece,0x7604B190|0xE59723FD
0x2B85C26E,piece1i_pristine,rainbow,1,2,0,2,2,0,0,2,2,4.22,0,break_piece|intact,0x4B9C42F1|0xD7FCFD11
0x2B89DD6A,,,0,2,0,2,2,0,0,1,1,1.34,0,intact,0x3C9A5987|0xEA7F9F3F
0x2BA1E98E,,,0,2,0,0,0,0,0,2,3,0.03,1,break_piece,0x25FE00A7|0xE54047D5
0x2BDAEAB5,,,0,2,0,0,2,0,0,2,2,3.21,1,,0x3A1CB5C0|0x54E9C345
0x2C03DBDB,,,0,2,0,0,2,0,0,5,5,0.03,1,intact,0x585A9008|0x9A71B5A6
0x2C0EC9DD,,,0,2,0,2,2,0,0,5,5,1.66,0,break_piece|intact,0xCBABA641|0xDA219845
0x2C0FF683,slice3b_propattach02,rainbow,1,2,0,0,0,0,0,3,3,0.03,1,break_piece,0xBFC09F3E|0xFA83AC18
0x2C3AE101,,,0,2,0,0,0,0,0,3,3,0.03,1,break_piece,0x261F62BF|0x77A20DC0
0x2C81B931,bone_wind5,rainbow,1,2,0,0,2,0,0,4,4,0.03,1,intact,0x62D45983|0xFF7ABB3B
0x2CA1FDC8,piece5f_propdebris12,rainbow,1,2,0,2,2,0,0,3,3,1.16,1,break_piece,0xBFE24A41|0xDA50B276
0x2CA47CE4,,,0,2,0,0,3,0,0,3,3,0.03,1,break_piece|intact,0x0189C80A|0xC75110F4
0x2CAB1BF0,,,0,2,0,0,2,0,0,6,6,1.64,0,break_piece,0x2B97DD31|0xB32053A7
0x2CC89501,,,0,2,0,2,2,0,0,3,3,2.03,0,break_piece,0x89D8DE72|0x905B2A87
0x2D343607,,,0,2,0,0,2,0,0,5,6,0.03,1,break_piece,0x89D8DE72|0x905B2A87
0x2DBB8B4F,,,0,2,0,0,2,0,0,2,2,5.73,1,,0x722BEA76|0xC1E0DE18
0x2E2A07F9,piece6a_pristine,rainbow,1,2,0,2,2,0,0,2,2,5.46,0,intact,0x8E8ED4C0|0xC68ADB00
0x2E397F1F,,,0,2,0,0,2,0,0,5,5,1.93,0,intact,0x6F98CA68|0xFEDA4BF0
0x2E3ACF7A,slice4a_propdebris03,rainbow,1,2,0,2,2,0,0,3,3,4.35,1,intact,0x2F4F8F3E|0xE6027C27
0x2EB2B44F,slice2a_propattach11,rainbow,1,2,0,0,0,0,0,3,3,0.03,1,break_piece,0x2171B6D7|0xE6027C27
0x2ED22ACC,,,0,2,0,2,2,0,0,5,5,13.35,1,break_piece,0x2C31E48A|0x2E3C0B49
0x2ED74F83,hp_barreltip_hellfire_e,rainbow,1,2,0,0,2,0,0,4,4,0.03,1,break_piece,0x6D394A7B|0x994E1953
0x2F2C4CD2,piece4b_propdebris02,rainbow,1,2,0,2,2,0,0,3,3,4.53,1,break_piece,0x95FB5377|0xABFDB4B0
0x2F546E40,hp_barreltip_f,rainbow,1,2,0,0,2,0,0,6,6,0.03,1,break_piece,0x1A221527|0xF6DEC8EA
0x2F9C4629,,,0,2,0,0,2,0,0,5,5,0.03,1,break_piece|intact,0x086666D2|0x74474CB1
0x2F9D395B,,,0,2,0,0,2,0,0,6,6,1.30,0,break_piece,0x2D1D4D03|0xC23032BC
0x305E23A2,,,0,2,0,2,1,0,0,5,5,2.54,1,break_piece,0x1125CB99|0x926D9ECB
0x3067BB25,,,0,2,0,0,0,0,0,4,4,0.03,1,break_piece,0x22435EEA|0x4A95F55C
0x30A1CDA1,slice1a_propattach21,rainbow,1,2,0,0,0,0,0,3,3,0.03,1,break_piece,0x1946F361|0xDDBA557D
0x30B691DE,,,0,2,0,2,2,0,0,1,1,1.35,0,intact,0x45CC35FE|0x4AB6F9B6
0x310F8DD1,,,0,2,0,0,2,0,0,6,6,1.13,0,break_piece,0x9B994D39|0x9C3D4104
0x317B1634,,,0,2,0,2,2,0,0,6,6,0.75,0,break_piece,0x5B172306|0x7D0B00CB
0x31CBA02E,,,0,2,0,0,2,0,0,6,6,4.03,0,break_piece,0x7C77ACCB|0xFA83AC18
0x31E2F0B3,,,0,2,0,0,2,0,0,4,4,1.44,1,break_piece|intact,0x4A6BC856|0x7E013B43
0x31EE3270,,,0,2,0,0,2,0,0,6,6,4.03,0,break_piece,0x7C77ACCB|0xFA83AC18
0x31F3101D,,,0,2,0,0,2,0,0,6,6,1.95,1,break_piece,0x9132806D|0xEAA1C080
0x32096CC6,piece3a_propdebris22,rainbow,1,2,0,2,2,0,0,3,3,4.02,1,break_piece,0xBFC09F3E|0xDA1D8548
0x3238ABDC,,,0,2,0,0,0,0,0,3,3,0.03,1,break_piece,0x261F62BF|0x77A20DC0
0x3250D5EF,,,0,2,0,0,0,0,0,5,5,0.40,0,break_piece,0x89D8DE72|0x905B2A87
0x32666A0E,slice1c_propattach10_pristine,rainbow,1,2,0,2,1,0,0,4,4,4.04,0,break_piece|intact,0x2F1F099B|0xCA20C1D9
0x3293C48E,,,0,2,0,0,2,0,0,5,7,0.03,1,intact,0x1CE8F54F|0x342EDDD4
0x32DED0C1,,,0,2,0,0,2,0,0,5,5,0.03,1,break_piece,0x1E359C2F|0x35992F99
0x3305907C,piece1m_ruin,rainbow,1,2,0,2,0,0,0,2,2,0.03,0,break_piece|intact,0xD7FCFD11|0xE59723FD
0x3339D58C,,,0,2,0,2,2,0,0,6,6,3.04,1,break_piece,0x1125CB99|0x926D9ECB
0x338E4DEB,,,0,2,0,0,2,0,0,6,6,0.79,0,break_piece,0xB645EE21|0xB98FB059
0x3392A9AE,,,0,2,0,0,2,0,0,4,4,0.03,1,break_piece,0x1E359C2F|0x35992F99
0x33A57A24,,,0,2,0,0,2,0,0,4,4,0.03,1,break_piece,0x1E359C2F|0x35992F99
0x33A5D8DF,floor01.piece1c_propdebris11,rainbow,1,2,0,2,2,0,0,3,3,12.85,1,break_piece|intact,0xCA3AC936|0xD44C2215
0x3443ECE3,,,0,2,0,2,0,0,0,4,6,7.80,1,intact,0x1CE8F54F|0x342EDDD4
0x345A87A0,piece9a_ruin,rainbow,1,2,0,2,0,0,0,2,2,0.03,0,break_piece,0x69D31E85|0xF08D5BB5
0x34A976B8,piece1c_propattach00,rainbow,1,2,0,0,0,0,0,3,3,0.03,1,intact,0x020E5BB4|0x086666D2
0x34C031A6,hp_actionhijack_grenadeexplosion,rainbow,1,2,0,0,2,0,0,4,4,0.03,1,intact,0x461F1A3A|0xCE77D4CB
0x34F443B8,,,0,2,0,0,0,0,0,4,4,0.03,1,intact,0x7366155A|0xD4E88AFD
0x3515314D,state_ruin,rainbow,1,2,0,0,2,0,0,2,2,1.81,0,,0x54BC61A2|0x62661F6C
0x354DA32B,piece1b_propdebris33,rainbow,1,2,0,2,2,0,0,3,3,8.25,1,break_piece,0x493FD997|0xFB3F09AE
0x356047FF,,,0,2,0,0,2,0,0,7,7,0.98,1,break_piece,0x89D8DE72|0x905B2A87
0x3583466E,floor01.slice2a_pristine,rainbow,1,2,0,2,0,0,0,2,2,138.96,0,break_piece,0x149FC407|0xD1574A09
0x3598419D,piece1a_ijhtf4,rainbow,1,2,0,0,2,0,0,3,4,0.03,1,break_piece,0x71145D98|0x8E139F4A
0x35D3E7BC,magazinei,rainbow,1,2,0,0,0,0,0,4,4,0.03,1,break_piece,0x6D394A7B|0x994E1953
0x35DCA0BD,bone_piston_a,rainbow,1,2,0,0,1,0,0,2,6,0.21,1,break_piece,0x0E9502CF|0x42740E1B
0x35E88411,,,0,2,0,0,2,0,0,5,5,0.03,1,break_piece,0xCA20C1D9|0xF1441A89
0x35EEE7DC,,,0,2,0,2,2,0,0,5,5,4.04,1,break_piece,0xC939089F|0xE6027C27
0x35EFDCBD,bone_doorrb_open,rainbow,1,2,0,0,2,0,0,4,6,1.80,0,break_piece,0x1CE8F54F|0x342EDDD4
0x36617A4F,,,0,2,0,2,2,0,0,5,5,6.75,1,break_piece,0x618526A4|0x818E5819
0x36C4317D,piece3f_pristine,rainbow,1,2,0,2,2,0,0,2,2,15.99,0,intact,0x199ABE01|0xF9960E73
0x370D58AC,,,0,2,0,0,2,0,0,6,6,1.13,0,break_piece,0x9B994D39|0x9C3D4104
0x3752ECB6,,,0,2,0,0,2,0,0,3,3,0.03,1,break_piece,0xB6E49B02|0xE59723FD
0x3759E356,piece7a_propdebris31,rainbow,1,2,0,2,2,0,0,3,3,2.29,1,break_piece,0xBFC09F3E|0xCE866A6A
0x37F87848,,,0,2,0,0,2,0,0,5,5,0.61,0,break_piece,0x2F967F03|0x4F3C5FBE
0x383B2444,piece2a_propattach13_pristine,rainbow,1,2,0,2,2,0,0,4,4,4.98,0,break_piece|intact,0x1D20E058|0xB3EFDFAC
0x389C056B,bone_axle_fl_attach,rainbow,1,2,0,0,2,0,0,3,4,0.03,1,break_piece,0x19676216|0x720F3948
0x38A558C4,,,0,2,0,0,2,0,0,6,6,1.37,0,break_piece,0x179A7702|0x9302194B
0x38A6B26B,,,0,2,0,2,2,0,0,5,5,4.06,1,break_piece,0x2A5FF32E|0x384DEECA
0x38FF5E2B,,,0,2,0,0,2,0,0,6,6,0.03,1,break_piece,0x89D8DE72|0x905B2A87
0x398D1EE1,,,0,2,0,0,2,0,0,1,6,11.80,1,break_piece,0x1FBFBB4B|0x461F1A3A
0x399126B8,hp_barreltip_bh,rainbow,1,2,0,0,2,0,0,5,6,0.03,1,break_piece|intact,0x13709C60|0xAC990539
0x3995A3E6,hp_barreltip_bf,rainbow,1,2,0,0,2,0,0,5,6,0.03,1,break_piece|intact,0x13709C60|0xAC990539
0x39ACCFA3,,,0,2,0,2,2,0,0,3,3,2.39,1,break_piece,0x08E25CDC|0x81758ACC
0x39B5EF06,bone_brake_l,rainbow,1,2,0,0,2,0,0,4,4,0.64,1,intact,0x79905D82|0xFB89A3B1
0x39E9C1DA,,,0,2,0,0,2,0,0,6,6,4.03,0,break_piece,0x7C77ACCB|0xFA83AC18
0x3A0DF68C,piece3a_propdebris20,rainbow,1,2,0,2,2,0,0,3,3,4.02,1,break_piece,0xBFC09F3E|0xDA1D8548
0x3A0FF820,global_papera,rainbow,1,2,2,0,1,0,0,0,0,0.47,0,,0x3A0FF820|0x936532DC
0x3A2D1198,bone_rudder_yaw,rainbow,1,2,0,0,2,0,0,2,2,8.00,1,break_piece,0x32FBE556|0xE54047D5
0x3A589E69,,,0,2,0,0,2,0,0,5,6,0.03,1,break_piece,0x89D8DE72|0x905B2A87
0x3A6A97FF,,,0,2,0,0,2,0,0,3,3,0.03,1,break_piece|intact,0x4B9C42F1|0xD7FCFD11
0x3AA51EFA,,,0,2,0,0,2,0,0,2,2,14.78,1,,0x3A1CB5C0|0x54E9C345
0x3AAE29E1,bone_rear_wheel_l,rainbow,1,2,0,0,2,0,0,1,3,2.04,1,,0x223593E1|0x33C8B389
0x3AC1F06E,,,0,2,0,0,2,0,0,8,10,2.04,0,break_piece,0x1CE8F54F|0x342EDDD4
0x3AC60895,,,0,2,0,2,2,0,0,5,5,3.80,1,break_piece,0x1125CB99|0x926D9ECB
0x3AF77C13,,,0,2,0,0,2,0,0,5,7,0.03,1,intact,0x1CE8F54F|0x342EDDD4
0x3B1F335A,bone_handlebars,rainbow,1,2,0,0,2,0,0,4,4,0.77,1,break_piece|intact,0x02D1FC23|0xECEFD1CD
0x3B56E8F6,,,0,2,0,0,2,0,0,3,3,0.03,1,intact,0x6B432F1C|0xBEC05BF8
0x3B97DA61,slice1a_propattach17_pristine,rainbow,1,2,0,2,2,0,0,4,4,1.12,0,break_piece,0x1946F361|0xDDBA557D
0x3BA70A3E,,,0,2,0,0,2,0,0,5,7,0.03,1,break_piece,0x1CE8F54F|0x342EDDD4
0x3BE64EEC,,,0,2,0,0,2,0,0,5,5,0.03,1,break_piece,0xCA20C1D9|0xF1441A89
0x3C067F26,bone_pitch_gun_fr,rainbow,1,2,0,0,0,0,0,6,6,0.80,1,intact,0x7366155A|0xD4E88AFD
0x3C5D35A0,,,0,2,0,2,0,0,0,3,3,3.20,0,break_piece,0x10170967|0x6619CF60
0x3CA0771C,,,0,2,0,0,2,0,0,4,6,2.26,1,break_piece,0x1CE8F54F|0x342EDDD4
0x3D359565,,,0,2,0,0,2,0,0,5,5,0.03,1,break_piece,0x89D8DE72|0x905B2A87
0x3D38AC14,piece1a_propattach10_pristine,rainbow,1,2,0,2,1,0,0,4,4,1.14,0,break_piece,0x3FF2692D|0xE5133554
0x3D4D4460,bone_hair2,rainbow,1,2,0,0,2,0,0,1,1,0.41,0,,0x0BBA3066|0x25C98327
0x3D7F547D,,,0,2,0,0,2,0,0,6,6,1.83,0,break_piece,0x12181179|0x926D9ECB
0x3DCEABED,piece5g,rainbow,1,2,0,0,0,0,0,1,1,0.03,0,static,0x50AACA22|0xE59723FD
0x3DD721C6,,,0,2,0,0,2,0,0,3,4,0.03,1,break_piece,0x19676216|0x720F3948
0x3DD75162,piece1m_pristine,rainbow,1,2,0,2,2,0,0,2,2,10.11,0,break_piece|intact,0xD7FCFD11|0xE59723FD
0x3DD9861F,slice1b_propattach10_dyrp10,rainbow,1,2,0,0,2,0,0,5,5,0.03,1,break_piece,0xCA20C1D9|0xF1441A89
0x3E167AF0,,,0,2,0,0,2,0,0,6,6,0.79,0,break_piece,0xB645EE21|0xB98FB059
0x3E2B4B18,,,0,2,0,0,2,0,0,6,6,1.13,0,break_piece,0x340B1CB8|0xF88147A1
0x3E4603B7,,,0,2,0,0,2,0,0,3,3,0.03,1,break_piece,0x4B9C42F1|0xE59723FD
0x3E844E16,,,0,2,0,0,2,0,0,3,3,0.03,1,intact,0x6A41FBB4|0x8F7192B8
0x3E88AA1D,,,0,2,0,0,2,0,0,6,6,0.89,0,break_piece,0x56EE6A1F|0xE8E58109
0x3F0670CB,piece5c_propdebris16,rainbow,1,2,0,2,2,0,0,3,3,4.44,1,break_piece,0x50AACA22|0xF4AF3C5B
0x3F2ECB19,,,0,2,0,0,0,0,0,4,4,4.24,1,intact,0xB645EE21|0xB98FB059
0x3F4C9356,floor00.slice1a_interior,rainbow,1,2,0,2,2,0,0,3,3,26.53,0,break_piece,0x04549112|0xFD0229C3
0x3FB1A80A,slice1d_propattach02_pristine,rainbow,1,2,0,2,0,0,0,4,4,0.93,0,break_piece,0x6871E4C5|0xF1441A89
0x3FDA8803,,,0,2,0,0,2,0,0,5,7,0.03,1,break_piece,0x1CE8F54F|0x342EDDD4
0x408736C8,,,0,2,0,0,2,0,0,4,4,0.03,1,break_piece,0x1A2F151C|0xE43A561C
0x40914030,,,0,2,0,2,0,0,0,5,5,0.03,0,break_piece,0x5B172306|0x7D0B00CB
0x409E60F7,floor01.piece2b_propdebris11,rainbow,1,2,0,2,2,0,0,3,3,5.45,1,break_piece|intact,0xD23F52FC|0xFD0229C3
0x40B21FFD,hp_dock_gun_rr,rainbow,1,2,0,0,2,0,0,4,4,0.03,1,intact,0xC142F94B|0xD4E88AFD
0x4105E2BE,floor03.piece1b_propdebris11,rainbow,1,2,0,2,2,0,0,3,3,5.15,1,break_piece,0x7D766FA6|0xCA3AC936
0x41156CED,floor02.piece1a_propdebris21,rainbow,1,2,0,2,2,0,0,3,3,10.86,1,break_piece,0x601A1292|0x7D766FA6
0x4119F714,L23_closeup,rainbow,1,2,0,0,2,0,0,6,6,1.05,0,break_piece,0xCBABA641|0xDA219845
0x41233D59,,,0,2,0,0,2,0,0,6,6,1.05,0,break_piece,0xCBABA641|0xDA219845
0x417E20EF,,,0,2,0,0,2,0,0,1,6,1.71,1,break_piece,0x1FBFBB4B|0x461F1A3A
0x4195A6EB,hp_barreltip_missile_L,rainbow,1,2,0,0,2,0,0,4,5,1.74,1,break_piece|intact,0x0B76A8FC|0x22435EEA
0x41A45998,,,0,2,0,0,2,0,0,6,6,0.89,0,break_piece,0x56EE6A1F|0xE8E58109
0x41BE05C8,piece1d_propdebris14,rainbow,1,2,0,2,2,0,0,3,3,4.55,1,break_piece,0x37B0103D|0xA26387A9
0x41E78CDA,,,0,2,0,0,2,0,0,6,6,1.05,0,break_piece,0x16497BF1|0xCE77D4CB
0x41F62F6E,slice1a_propattach17,rainbow,1,2,0,0,0,0,0,3,3,0.03,1,break_piece,0x1946F361|0xDDBA557D
0x4218C1B0,slice1a_propattach19,rainbow,1,2,0,0,0,0,0,3,3,0.03,1,break_piece,0x1946F361|0xDDBA557D
0x4285B51D,,,0,2,0,0,2,0,0,3,3,0.03,1,intact,0x1923143C|0x5436A936
0x42F88AA1,,,0,2,0,0,2,0,0,5,5,0.03,1,break_piece,0x319D840A|0x539FF827
0x4316F4CF,,,0,2,0,0,2,0,0,3,3,0.03,1,break_piece,0x7604B190|0xE59723FD
0x433E16B4,,,0,2,0,0,2,0,0,3,3,0.03,1,break_piece,0x7604B190|0xE59723FD
0x43680FA1,slice2a_propattach07_pristine,rainbow,1,2,0,2,2,0,0,4,4,9.02,1,break_piece|intact,0x2171B6D7|0xE6027C27
0x438BECFC,merida_bld_hotel_railing_d7,rainbow,1,2,3,0,3,0,0,0,0,0.59,0,,0x20146000|0x438BECFC
0x439CA597,slice1a_propattach19_pristine,rainbow,1,2,0,2,2,0,0,4,4,4.03,0,break_piece|intact,0x1946F361|0xDDBA557D
0x43A27F97,hp_barreltip_bc,rainbow,1,2,0,0,2,0,0,5,6,0.03,1,break_piece|intact,0x13709C60|0xAC990539
0x43B128B1,,,0,2,0,0,2,0,0,6,6,0.89,0,break_piece,0x56EE6A1F|0xE8E58109
0x43B9A158,piece3d_propdebris12,rainbow,1,2,0,2,2,0,0,3,3,3.42,1,break_piece,0x91E2FC68|0xA517D4A3
0x43C03371,slice1a_propdebris38,rainbow,1,2,0,2,2,0,0,3,4,8.95,1,break_piece,0x383D01E1|0x770E7949
0x43CAD4E1,piece1d_propdebris19,rainbow,1,2,0,2,2,0,0,3,3,3.38,1,break_piece,0x37B0103D|0x91E2FC68
0x43DAC40D,,,0,2,0,0,2,0,0,6,6,1.05,0,break_piece,0x16497BF1|0xCE77D4CB
0x44ACBF78,piece1k_pristine,rainbow,1,2,0,2,2,0,0,2,2,10.11,0,break_piece|intact,0xD7FCFD11|0xE59723FD
0x44BD9C33,,,0,2,0,0,2,0,0,5,5,0.17,1,,0x39F47E08|0x98C5EE9B
0x45070D1B,,,0,2,0,2,0,0,0,3,3,0.03,0,break_piece,0x89D8DE72|0x905B2A87
0x457C869D,,,0,2,0,0,2,0,0,5,5,0.15,1,,0x39F47E08|0x98C5EE9B
0x4598BC15,merida_bld_hotel_railing_d2,rainbow,1,2,3,0,3,0,0,0,0,2.11,0,,0x4598BC15|0x6E17152D
0x45B8631D,,,0,2,0,0,2,0,0,5,7,0.03,1,break_piece,0x1CE8F54F|0x342EDDD4
0x45D3C032,,,0,2,0,0,2,0,0,5,5,4.03,0,intact,0x7C77ACCB|0xFA83AC18
0x45FC1F52,bone_susp_rr,rainbow,1,2,0,0,2,0,0,3,4,1.27,1,break_piece,0x19676216|0x720F3948
0x46120A5A,,,0,2,0,0,2,0,0,6,6,0.79,0,break_piece,0xB645EE21|0xB98FB059
0x4632394C,bone_susp_rl,rainbow,1,2,0,0,2,0,0,3,4,1.27,1,break_piece,0x19676216|0x720F3948
0x464BC5AB,floor03.piece1a_pristine,rainbow,1,2,0,2,0,0,0,2,2,39.55,0,intact,0x13417609|0xCA3AC936
0x471032BB,slice1c_propdebris16,rainbow,1,2,0,2,2,0,0,3,4,7.74,1,break_piece,0x09E169B3|0xD506BE7E
0x4714AFE9,slice1c_propdebris14,rainbow,1,2,0,2,2,0,0,3,4,4.95,1,break_piece,0x09E169B3|0xD506BE7E
0x47290FA5,piece5c_propdebris18,rainbow,1,2,0,2,2,0,0,3,3,5.12,1,break_piece,0x50AACA22|0xF4AF3C5B
0x472EEDC1,floor01.slice1b_propdebris03,rainbow,1,2,0,2,2,0,0,3,4,5.66,1,break_piece,0x149FC407|0xD1574A09
0x4730EFC8,piece4b_propdebris00,rainbow,1,2,0,2,2,0,0,3,3,5.61,1,break_piece,0x95FB5377|0xABFDB4B0
0x47893CDB,hp_mount_antenna,rainbow,1,2,0,0,2,0,0,4,4,0.03,1,intact,0x461F1A3A|0x8CA421C3
0x47992134,,,0,2,0,0,2,0,0,6,6,1.05,0,break_piece,0x80C357EC|0xCE77D4CB
0x47BCCF93,,,0,2,0,0,2,0,0,6,6,1.11,0,break_piece,0x9B994D39|0x9C3D4104
0x47FCB404,,,0,2,0,2,1,0,0,4,4,1.91,0,intact,0x149FC407|0xD1574A09
0x47FF3E2B,piece1m,rainbow,1,2,0,0,0,0,0,1,1,0.03,0,static,0xD7FCFD11|0xE59723FD
0x4834F3CA,piece1c_propdebris17,rainbow,1,2,0,2,2,0,0,3,3,8.63,1,break_piece,0xC1527544|0xFB3F09AE
0x4853C88A,,,0,2,0,0,0,0,0,4,4,4.01,1,intact,0xB645EE21|0xB98FB059
0x4869630E,bone_dish_a,rainbow,1,2,0,0,2,0,0,4,4,2.75,1,intact,0x13A86EF7|0x9387F335
0x48C1E790,,,0,2,0,2,1,0,0,3,3,3.20,0,break_piece,0x10170967|0x6619CF60
0x48D3C604,,,0,2,0,0,2,0,0,5,6,1.83,0,break_piece,0x340B1CB8|0xA35416A8
0x492CD45D,,,0,2,0,0,2,0,0,6,6,2.98,0,break_piece,0x9132806D|0xEAA1C080
0x49C8F2BB,slice1c_propattach06_ruin,rainbow,1,2,0,2,0,0,0,4,4,0.03,0,break_piece,0x2F1F099B|0xFB84E548
0x49F008DC,,,0,2,0,0,0,0,0,4,4,0.03,1,break_piece,0x1125CB99|0x926D9ECB
0x4A006194,slice1a_propattach21_pristine,rainbow,1,2,0,2,2,0,0,4,4,3.15,0,break_piece|intact,0x1946F361|0xDDBA557D
0x4A0B1C4F,white_o24624_pristine,rainbow,1,2,0,2,1,0,0,4,4,1.26,0,break_piece,0x04549112|0xFD0229C3
0x4A24349A,,,0,2,0,0,3,0,0,3,3,0.13,1,,0x2B5BA84C|0xB4CA6F67
0x4A4649FA,,,0,2,0,2,2,0,0,4,4,4.39,0,intact,0xB187C134|0xB6FE28B5
0x4A4DA199,floor01.slice2b_propdebris04,rainbow,1,2,0,2,2,0,0,3,4,7.15,1,break_piece,0x149FC407|0xD1574A09
0x4AB45948,,,0,2,0,0,0,0,0,2,3,0.03,1,break_piece,0x25FE00A7|0xE54047D5
0x4AEA9E0B,piece2a_propdebris17,rainbow,1,2,0,2,2,0,0,3,3,5.76,1,break_piece,0x91E2FC68|0xE2068412
0x4AEF1B39,piece2a_propdebris15,rainbow,1,2,0,2,2,0,0,3,3,7.57,1,break_piece,0x91E2FC68|0xE2068412
0x4B202E3A,,,0,2,0,0,2,0,0,6,6,1.34,0,break_piece,0x5B172306|0x7D0B00CB
0x4B9F7A2E,hp_snap_piece1A_oilrig_towerblowoutsmallA,rainbow,1,2,0,0,2,0,0,2,2,0.03,1,static,0xAC3CD893|0xD23F52FC
0x4BA22ABF,,,0,2,0,0,2,0,0,6,6,0.89,0,break_piece,0x56EE6A1F|0xE8E58109
0x4BA2A98A,,,0,2,0,0,0,0,0,4,4,0.99,1,break_piece,0x89D8DE72|0x905B2A87
0x4C3872C2,bone_doorrb,rainbow,1,2,0,0,0,0,0,3,5,0.03,1,break_piece,0x1CE8F54F|0x342EDDD4
0x4C3E5DFE,,,0,2,0,0,0,0,0,3,3,0.03,1,break_piece,0x261F62BF|0x77A20DC0
0x4C55AAD6,,,0,2,0,0,2,0,0,3,3,0.03,1,break_piece|intact,0x4B9C42F1|0xD7FCFD11
0x4C55E0DA,hp_barreltip_missile_ra,rainbow,1,2,0,0,2,0,0,5,7,0.03,1,intact,0x1CE8F54F|0x342EDDD4
0x4CE17277,,,0,2,0,2,1,0,0,4,4,1.20,0,break_piece|intact,0x149FC407|0xD1574A09
0x4CE4F862,,,0,2,0,0,2,0,0,6,6,0.79,0,break_piece,0xB645EE21|0xB98FB059
0x4CE6A01E,floor01.piece1c_propattach11_ruin,rainbow,1,2,0,2,0,0,0,4,4,0.03,0,break_piece,0xCA3AC936|0xD44C2215
0x4D03C490,piece2b_propattach01_pristine,rainbow,1,2,0,2,1,0,0,4,4,4.19,0,break_piece|intact,0x199ABE01|0x6BDE4B9D
0x4D2CB89C,floor01.slice1b_propdebris02,rainbow,1,2,0,2,2,0,0,3,4,5.54,1,break_piece,0x149FC407|0xD1574A09
0x4D6AAA44,piece3a_propdebris15,rainbow,1,2,0,2,2,0,0,3,3,6.11,1,break_piece,0x6B3A45A6|0xBFC09F3E
0x4DA2CDEF,piece6a_ruin,rainbow,1,2,0,2,0,0,0,2,2,5.09,0,break_piece,0x8E8ED4C0|0xC68ADB00
0x4DA3647B,,,0,2,0,0,2,0,0,4,4,0.03,1,break_piece,0x1E359C2F|0x35992F99
0x4DA7E1A9,,,0,2,0,0,2,0,0,4,4,0.03,1,break_piece,0x1E359C2F|0x35992F99
0x4DACB5BE,piece3c_propdebris06,rainbow,1,2,0,2,2,0,0,3,3,3.88,1,break_piece,0x90B6CC8B|0xBE2C617B
0x4DB7727F,piece3d_propdebris11,rainbow,1,2,0,2,2,0,0,3,3,3.42,1,break_piece,0x91E2FC68|0xA517D4A3
0x4DE0BB6C,piece1a_propdebris44,rainbow,1,2,0,2,2,0,0,3,3,7.03,1,break_piece,0x5436A936|0xF4E636CC
0x4E48F44B,,,0,2,0,0,2,0,0,1,1,0.46,0,,0x1DC4F961|0xDFDF5B5D
0x4E7978DF,L2_closeup11,rainbow,1,2,0,0,2,0,0,6,6,1.48,0,break_piece,0x8CA421C3|0xE31521AD
0x4EB25F8D,bone_yaw_gun_rl,rainbow,1,2,0,0,0,0,0,5,5,0.47,0,intact,0xC142F94B|0xD4E88AFD
0x4EC352A2,,,0,2,0,2,2,0,0,5,5,18.85,1,break_piece,0x2C31E48A|0x2E3C0B49
0x4EF4D4BC,bone_piston_bottom_l,rainbow,1,2,0,0,2,0,0,4,4,0.30,1,intact,0x79905D82|0xFB89A3B1
0x4F038C58,white_o24625_pristine,rainbow,1,2,0,2,1,0,0,4,4,11.70,0,break_piece|intact,0x04549112|0xFD0229C3
0x4F2F8ECF,,,0,2,0,2,2,0,0,5,5,2.96,1,break_piece,0xA67A960D|0xF2391F54
0x4FED0EBD,hp_fx_light15,rainbow,1,2,0,0,2,0,0,1,3,0.03,1,break_piece|static,0x04ED3522|0xF1441A89
0x506A88ED,,,0,2,0,2,2,0,0,5,5,4.19,0,break_piece|intact,0x1125CB99|0x926D9ECB
0x50796CC0,,,0,2,0,0,2,0,0,6,6,1.14,0,break_piece,0x9B994D39|0x9C3D4104
0x50C5514E,,,0,2,0,0,0,0,0,5,5,1.94,1,break_piece,0x89D8DE72|0x905B2A87
0x50CFF3AC,piece1d_propdebris36,rainbow,1,2,0,2,2,0,0,3,3,9.64,1,break_piece,0xA0EAF095|0xA79EE18C
0x5113D433,,,0,2,0,0,0,0,0,3,3,1.34,1,break_piece|intact,0x4A6BC856|0x7E013B43
0x51235990,,,0,2,0,0,0,0,0,3,3,0.03,1,break_piece|intact,0x149FC407|0xD1574A09
0x512EC0EF,piece4b_propdebris03,rainbow,1,2,0,2,2,0,0,3,3,3.51,1,break_piece,0x95FB5377|0xABFDB4B0
0x513C169F,,,0,2,0,0,2,0,0,1,3,2.55,1,,0x14D94B9B|0x1FBFBB4B
0x514F2C7C,floor02.piece1a_propdebris19,rainbow,1,2,0,2,2,0,0,3,3,9.79,1,break_piece,0x601A1292|0x7D766FA6
0x518C3E8E,,,0,2,0,0,2,0,0,6,6,0.79,0,break_piece,0xB645EE21|0xB98FB059
0x51A3C982,floor01.piece1c_propdebris10,rainbow,1,2,0,2,2,0,0,3,3,8.38,1,break_piece|intact,0xCA3AC936|0xD44C2215
0x51A9C2DE,,,0,2,0,0,2,0,0,5,7,0.03,1,break_piece,0x1CE8F54F|0x342EDDD4
0x51AFB679,,,0,2,0,0,2,0,0,7,7,0.03,1,break_piece,0x89D8DE72|0x905B2A87
0x521E251D,hp_shelleject_bg,rainbow,1,2,0,0,2,0,0,5,6,0.03,1,break_piece|intact,0x13709C60|0xAC990539
0x5241C38D,bone_axle_fr_attach,rainbow,1,2,0,0,2,0,0,3,4,0.03,1,break_piece,0x19676216|0x720F3948
0x52522B5F,floor01.slice2b_propdebris02,rainbow,1,2,0,2,2,0,0,3,4,5.28,1,break_piece,0x149FC407|0xD1574A09
0x526C11A4,piece5b_propdebris09,rainbow,1,2,0,2,2,0,0,3,3,2.73,1,break_piece,0x95FB5377|0xABFDB4B0
0x528C6AB8,hp_maverick,rainbow,1,2,2,0,6,0,0,0,2,2.60,1,,0x72118596|0x722BEA76
0x52BD8329,,,0,2,0,2,2,0,0,1,1,1.35,0,intact,0x45CC35FE|0x4AB6F9B6
0x52C27776,hp_clusterbomb,rainbow,1,2,1,0,5,0,0,0,2,2.13,1,,0x722BEA76|0x7AE87D68
0x52E5F41A,,,0,2,0,0,2,0,0,3,3,0.03,1,break_piece,0x90B6CC8B|0xBE2C617B
0x533E28EE,,,0,2,0,0,2,0,0,1,1,1.29,0,,0x0BBA3066|0x25C98327
0x535F3F71,,,0,2,0,2,2,0,0,4,4,1.93,0,break_piece|intact,0x261F62BF|0x77A20DC0
0x53D4A7D8,hp_gunmount_ll,rainbow,1,2,0,0,2,0,0,6,6,0.03,0,break_piece,0x22435EEA|0x4A95F55C
0x53E38BBC,bone_piston_l,rainbow,1,2,0,0,2,0,0,3,5,0.39,1,break_piece,0x1CE8F54F|0x342EDDD4
0x544D2AB6,bone_susp_rr_attach,rainbow,1,2,0,0,2,0,0,4,5,0.03,1,break_piece,0x19676216|0x720F3948
0x54868E28,,,0,2,0,0,2,0,0,6,6,0.89,0,break_piece,0x56EE6A1F|0xE8E58109
0x54A55871,floor01.piece1b_propdebris18,rainbow,1,2,0,2,2,0,0,3,3,8.38,1,break_piece,0x7D766FA6|0xD44C2215
0x54CE0E92,,,0,2,0,0,2,0,0,6,6,1.13,0,break_piece,0x340B1CB8|0xF88147A1
0x54F82758,bone_sideskirt_lc,rainbow,1,2,0,0,2,0,0,3,3,1.55,1,break_piece,0x461F1A3A|0xF88147A1
0x554650BA,,,0,2,0,0,2,0,0,3,4,0.03,1,break_piece,0x8B69284B|0xA113D98D
0x5551CFDF,slice2a_propattach12_pristine,rainbow,1,2,0,2,2,0,0,4,4,9.93,1,break_piece|intact,0x2171B6D7|0xE6027C27
0x55AB2FB0,slice2a_propattach11_ruin,rainbow,1,2,0,2,0,0,0,4,4,0.03,1,break_piece,0x2171B6D7|0xE6027C27
0x55B24492,,,0,2,0,0,0,0,0,4,4,0.03,1,intact,0xC142F94B|0xD4E88AFD
0x55D66343,,,0,2,0,2,1,0,0,4,4,0.82,0,break_piece,0x261F62BF|0x77A20DC0
0x55E85E8C,,,0,2,0,0,0,0,0,4,4,0.03,1,intact,0xC142F94B|0xD4E88AFD
0x56077F01,,,0,2,0,0,2,0,0,6,6,4.03,0,break_piece,0x7C77ACCB|0xFA83AC18
0x562AE3B6,slice1b_propattach12,rainbow,1,2,0,0,0,0,0,3,3,0.03,1,break_piece,0x2F1F099B|0xCA20C1D9
0x56950CCB,piece5a_propdebris07,rainbow,1,2,0,2,2,0,0,3,3,3.37,1,break_piece,0x3BF3DA2E|0xF088DE87
0x569989F9,piece5a_propdebris05,rainbow,1,2,0,2,2,0,0,3,3,6.97,1,break_piece,0x3BF3DA2E|0xF088DE87
0x56A0C230,floor01.piece2b_propdebris12,rainbow,1,2,0,2,2,0,0,3,3,8.37,1,break_piece|intact,0xD23F52FC|0xFD0229C3
0x56AC1E21,hp_dock_gun_fr,rainbow,1,2,0,0,2,0,0,4,4,0.03,1,intact,0x7366155A|0xD4E88AFD
0x56F17DF6,slice2b_propattach07_pristine,rainbow,1,2,0,2,0,0,0,4,4,1.14,0,break_piece|intact,0x6B1DE27D|0xDDE0070C
0x56FF6E56,hp_fx_flame,rainbow,1,2,0,0,3,0,0,1,4,0.03,1,break_piece,0x24E160F5|0xE538060F
0x57276AE0,piece1b_propattach11_pristine,rainbow,1,2,0,2,2,0,0,4,4,14.55,0,break_piece|intact,0x384DEECA|0x6B3A45A6
0x574D8FED,,,0,2,0,0,2,0,0,7,8,0.03,1,break_piece|intact,0x12181179|0x4BE3E7C4
0x5758E86A,,,0,2,0,0,2,0,0,3,3,0.03,1,break_piece,0xB645EE21|0xB98FB059
0x57645EA4,,,0,2,0,0,2,0,0,5,5,0.03,1,break_piece,0x4E2B373E|0xE35824F8
0x5788EAD1,floor00.slice2a_interior,rainbow,1,2,0,2,2,0,0,3,3,26.26,0,break_piece,0x04549112|0xFD0229C3
0x57A765A4,floor02.piece2a,rainbow,1,2,0,0,0,0,0,1,1,0.03,0,static,0xAC3CD893|0xD44C2215
0x57D998B7,,,0,2,0,0,2,0,0,6,6,0.03,1,break_piece,0x89D8DE72|0x905B2A87
0x57EF07F7,,,0,2,0,0,2,0,0,4,4,0.03,1,break_piece,0x70D2FBFA|0xF6E2E989
0x58114B09,,,0,2,0,0,2,0,0,6,6,3.81,0,break_piece,0xDDE0070C|0xEAA1C080
0x587D7172,piece5c_propdebris00,rainbow,1,2,0,2,2,0,0,3,3,6.67,1,break_piece,0x9DF6B30B|0xA76D0DA1
0x58839928,,,0,2,0,0,2,0,0,3,3,0.03,1,intact,0x1923143C|0x5436A936
0x58A5B7F7,slice2b_propattach04_pristine,rainbow,1,2,0,2,1,0,0,4,4,7.67,0,break_piece|intact,0x6B1DE27D|0xDDE0070C
0x58AE4460,piece3b_propdebris14,rainbow,1,2,0,2,2,0,0,3,3,3.20,1,break_piece,0xCE99630D|0xF4AF3C5B
0x5915FD3F,hp_seat_fc,rainbow,1,2,0,0,2,0,0,4,4,0.03,1,intact,0x299E2340|0x36B43DD1
0x5957528F,,,0,2,0,0,2,0,0,6,6,1.81,0,break_piece,0x12181179|0x926D9ECB
0x598901C8,bone_brake_r,rainbow,1,2,0,0,2,0,0,4,4,0.64,1,intact,0x79905D82|0xFB89A3B1
0x59A70C40,slice2a_propattach08_pristine,rainbow,1,2,0,2,2,0,0,4,4,0.71,0,break_piece,0x2171B6D7|0xE6027C27
0x5A72A592,,,0,2,0,0,0,0,0,5,5,0.03,1,break_piece,0x807D1C3B|0xB4FE2B80
0x5A76D05B,,,0,2,0,0,2,0,0,3,3,0.03,1,intact,0x1923143C|0x5436A936
0x5A898F41,,,0,2,0,0,2,0,0,5,5,0.94,0,break_piece,0x713ED3DB|0x818E5819
0x5AA17B93,piece3b_propdebris13,rainbow,1,2,0,2,2,0,0,3,3,4.13,1,break_piece,0xCE99630D|0xF4AF3C5B
0x5ABB0312,,,0,2,0,0,2,0,0,6,6,1.25,0,break_piece,0x02195587|0x9C318A56
0x5AC24712,,,0,2,0,0,4,0,0,1,2,0.29,1,,0x018A04DE|0x849972EE
0x5B01AE52,bone_propeller_ll,rainbow,1,2,0,0,2,0,0,2,2,15.54,1,,0x3A1CB5C0|0x54E9C345
0x5B135688,,,0,2,0,0,2,0,0,1,6,1.71,1,break_piece,0x1FBFBB4B|0x461F1A3A
0x5B981803,hp_barreltip_bg,rainbow,1,2,0,0,2,0,0,5,6,0.03,1,break_piece|intact,0x13709C60|0xAC990539
0x5BB64728,,,0,2,0,0,2,0,0,5,7,0.03,1,break_piece,0x1CE8F54F|0x342EDDD4
0x5BBA575D,,,0,2,0,0,2,0,0,4,6,0.03,1,break_piece,0x1CE8F54F|0x342EDDD4
0x5BBF7281,,,0,2,0,2,0,0,0,3,4,0.03,0,intact,0x25FE00A7|0xE54047D5
0x5C0549DC,,,0,2,0,0,2,0,0,6,6,4.03,0,break_piece,0x7C77ACCB|0xFA83AC18
0x5C24C34E,,,0,2,0,0,2,0,0,6,6,0.03,1,break_piece,0x89D8DE72|0x905B2A87
0x5C412F85,vzoutpost_bld_garagebunker,rainbow,1,2,2,0,0,0,0,0,0,0.03,0,static,0x5C412F85|0xBA098D46
0x5C41574D,piece1a_propdebris56,rainbow,1,2,0,2,2,0,0,3,3,21.68,1,break_piece,0x3601FC68|0x5436A936
0x5C43F45A,,,0,2,0,0,2,0,0,3,3,0.03,1,break_piece,0x4B9C42F1|0xE59723FD
0x5C965A7F,floor01.piece1b_propdebris16,rainbow,1,2,0,2,2,0,0,3,3,9.83,1,break_piece,0x7D766FA6|0xD44C2215
0x5CEF2AA2,piece2d_pristine,rainbow,1,2,0,2,2,0,0,2,2,17.28,0,intact,0x04CC21CD|0x7604B190
0x5D02D0DF,,,0,2,0,2,1,0,0,5,5,1.73,1,break_piece,0x9A7642ED|0xCA20C1D9
0x5D16AE94,,,0,2,0,0,2,0,0,5,5,12.98,0,intact,0x8166C6A6|0xA26387A9
0x5DA97E5B,,,0,2,0,0,2,0,0,5,7,0.03,1,break_piece,0x1CE8F54F|0x342EDDD4
0x5DAF63A3,bone_turret_pitch,rainbow,1,2,0,0,1,0,0,3,5,1.82,1,intact,0x6A2BE04D|0x79905D82
0x5E2BF886,aloutpost_bld_bunker_wall_w12_17,rainbow,1,2,0,2,2,0,0,5,5,1.88,0,break_piece,0x7C77ACCB|0xE6027C27
0x5E3542DB,,,0,2,0,0,2,0,0,4,4,0.03,1,break_piece,0x4FC2D374|0x9387F335
0x5E792123,slice1d_propattach07_ruin,rainbow,1,2,0,2,0,0,0,4,4,0.03,0,break_piece,0x6871E4C5|0xF1441A89
0x5E9B48B0,,,0,2,0,0,2,0,0,3,3,0.03,1,intact,0x6B432F1C|0xBEC05BF8
0x5EA92CD4,,,0,2,0,2,2,0,0,5,5,3.02,1,break_piece,0x2A5FF32E|0x384DEECA
0x5F288048,floor01.piece1b_propdebris20,rainbow,1,2,0,2,2,0,0,3,3,8.38,1,break_piece,0x7D766FA6|0xD44C2215
0x5F602F7A,bone_yaw_ll,rainbow,1,2,0,0,0,0,0,5,5,0.03,1,break_piece,0x22435EEA|0x4A95F55C
0x5F828C7B,,,0,2,0,0,2,0,0,6,6,1.13,0,break_piece,0x807D1C3B|0xB4FE2B80
0x5FDFCA8D,,,0,2,0,0,2,0,0,3,3,0.17,1,,0xC6B57C66|0xE8B7F083
0x5FE0656B,,,0,2,0,2,2,0,0,5,5,3.48,0,break_piece,0x6871E4C5|0xF1441A89
0x5FE359E9,,,0,2,0,2,2,0,0,1,1,0.48,0,intact,0x3511CCE7|0x8BC154D7
0x600B0E0D,,,0,2,0,0,2,0,0,1,3,0.03,1,intact,0xC212B445|0xCE8165DE
0x60183F8A,piece1a_propdebris77,rainbow,1,2,0,2,2,0,0,3,3,12.81,1,break_piece,0x1923143C|0x3601FC68
0x6045EF57,,,0,2,0,0,2,0,0,6,6,1.05,0,break_piece,0x16497BF1|0xCE77D4CB
0x605F99A0,bone_sideskirt_re,rainbow,1,2,0,0,2,0,0,3,3,1.09,1,break_piece,0x461F1A3A|0xF88147A1
0x60875A1C,,,0,2,0,0,2,0,0,5,5,0.94,0,break_piece,0x713ED3DB|0x818E5819
0x60F9F67C,,,0,2,0,0,2,0,0,5,7,0.03,1,intact,0x1CE8F54F|0x342EDDD4
0x6132C80E,piece9a_pristine,rainbow,1,2,0,2,2,0,0,2,2,21.50,0,intact,0x69D31E85|0xF08D5BB5
0x613649B6,piece5a_propdebris11,rainbow,1,2,0,2,2,0,0,3,3,4.95,1,break_piece,0x50AACA22|0xF088DE87
0x6195816E,,,0,2,0,0,2,0,0,6,6,0.89,0,break_piece,0x56EE6A1F|0xE8E58109
0x61C99B58,,,0,2,0,0,2,0,0,4,6,0.03,1,break_piece,0x1CE8F54F|0x342EDDD4
0x61D6EA46,,,0,2,0,0,2,0,0,6,6,1.04,0,break_piece,0x0F9B9B04|0xCAAF4D42
0x61E542D6,,,0,2,0,0,2,0,0,4,4,0.03,1,break_piece,0x2F4F8F3E|0xE6027C27
0x622503FF,,,0,2,0,0,2,0,0,3,3,0.03,1,break_piece,0x086666D2|0xA26387A9
0x6252D0D3,bone_sideskirt_rb,rainbow,1,2,0,0,2,0,0,3,3,1.09,1,break_piece,0x461F1A3A|0xF88147A1
0x625DBAAF,,,0,2,0,0,2,0,0,6,6,6.29,0,break_piece,0x149FC407|0x9A7642ED
0x62693B24,piece3k_ruin,rainbow,1,2,0,2,0,0,0,2,2,8.20,0,break_piece,0xB0D4E642|0xE59723FD
0x62D2C83F,,,0,2,0,2,1,0,0,5,5,6.99,0,break_piece,0x36A0A401|0x551A0FF1
0x62D62D89,,,0,2,0,0,2,0,0,5,6,1.83,0,break_piece,0x340B1CB8|0xA35416A8
0x62F0AA46,bone_piston_top_r,rainbow,1,2,0,0,2,0,0,4,4,0.33,1,intact,0x79905D82|0xFB89A3B1
0x630777CA,piece1d_propdebris45,rainbow,1,2,0,2,2,0,0,3,3,30.28,1,break_piece,0xA0EAF095|0xA79EE18C
0x630856DB,floor03.piece1b_propdebris10,rainbow,1,2,0,2,2,0,0,3,3,6.74,1,break_piece,0x7D766FA6|0xCA3AC936
0x635C8412,,,0,2,0,2,1,0,0,5,5,0.70,1,break_piece,0x149FC407|0x77A20DC0
0x63A03E32,,,0,2,0,0,2,0,0,6,6,0.03,1,break_piece,0x89D8DE72|0x905B2A87
0x63AAC92E,piece3d_propdebris14,rainbow,1,2,0,2,2,0,0,3,3,3.42,1,break_piece,0x91E2FC68|0xA517D4A3
0x63B434F7,,,0,2,0,0,0,0,0,3,5,0.93,1,break_piece,0x1CE8F54F|0x342EDDD4
0x641316CB,,,0,2,0,0,2,0,0,2,2,1.52,1,,0x3A1CB5C0|0x54E9C345
0x6413D700,,,0,2,0,0,2,0,0,5,5,0.03,1,break_piece|intact,0x6B1DE27D|0x74474CB1
0x6430EAD1,,,0,2,0,0,0,0,0,4,4,2.41,0,break_piece,0x89D8DE72|0x905B2A87
0x647ADDDF,,,0,2,0,0,2,0,0,4,4,0.03,1,break_piece,0x1203E036|0xF405EF93
0x650C0D8A,,,0,2,0,0,2,0,0,5,5,0.03,1,break_piece,0x13A86EF7|0xD4E88AFD
0x657C36C6,slice1d_propattach03,rainbow,1,2,0,0,0,0,0,3,3,0.03,1,break_piece,0x6871E4C5|0xF1441A89
0x6581437A,,,0,2,0,2,2,0,0,5,5,3.47,1,break_piece,0x91E2FC68|0xAA61A555
0x65835506,,,0,2,0,2,2,0,0,1,1,0.51,0,intact,0x01ED3D6F|0x1A9D89DF
0x6592028E,slice1e_propdebris02,rainbow,1,2,0,2,2,0,0,4,4,5.78,1,break_piece,0x1E359C2F|0x35992F99
0x659FC680,slice1d_propattach04_pristine,rainbow,1,2,0,2,0,0,0,4,4,0.93,0,break_piece,0x6871E4C5|0xF1441A89
0x65BAC036,,,0,2,0,0,2,0,0,6,6,1.11,0,break_piece,0x9B994D39|0x9C3D4104
0x65C7A007,,,0,2,0,0,2,0,0,5,7,0.03,1,break_piece,0x1CE8F54F|0x342EDDD4
0x65EAB30C,,,0,2,0,0,2,0,0,6,6,1.60,0,break_piece,0x155C8246|0xC7C3C08C
0x6619CF60,global_trafficlight02,rainbow,1,2,2,0,0,0,0,0,0,0.03,0,static,0x10170967|0x6619CF60
0x662C79F3,,,0,2,0,2,2,0,0,6,6,2.31,0,intact,0x4C998949|0x717EB6DA
0x664CA412,L1_closeup8,rainbow,1,2,0,0,2,0,0,5,6,1.83,0,break_piece,0xA35416A8|0xF88147A1
0x666911F8,,,0,2,0,0,2,0,0,3,3,0.03,1,break_piece,0x7ABD58C1|0x88D09B0C
0x6696662F,,,0,2,0,2,0,0,0,3,3,0.50,1,break_piece,0x22435EEA|0x4A95F55C
0x669CB173,,,0,2,0,0,2,0,0,6,6,1.47,0,break_piece,0x02195587|0xE31521AD
0x67A22E90,,,0,2,0,0,2,0,0,5,5,0.03,1,break_piece,0x89D8DE72|0x905B2A87
0x67D6344F,,,0,2,0,0,2,0,0,5,5,4.03,0,intact,0x7C77ACCB|0xFA83AC18
0x67DE29FB,hp_fx_light13,rainbow,1,2,0,0,2,0,0,3,3,0.03,1,break_piece,0x4F3C5FBE|0xF1441A89
0x67F78225,L3_medium30,rainbow,1,2,0,0,2,0,0,6,6,1.04,0,break_piece,0xCDDC96EC|0xEB20325A
0x681C0928,hp_shelleject_bf,rainbow,1,2,0,0,2,0,0,5,6,0.03,1,break_piece|intact,0x13709C60|0xAC990539
0x68208656,hp_shelleject_bh,rainbow,1,2,0,0,2,0,0,5,6,0.03,1,break_piece|intact,0x13709C60|0xAC990539
0x6847A3DF,,,0,2,0,2,1,0,0,5,5,8.95,0,break_piece,0xBFC09F3E|0xFA83AC18
0x685C492B,,,0,2,0,0,2,0,0,3,3,0.03,1,break_piece,0x7ABD58C1|0x88D09B0C
0x6862419C,,,0,2,0,0,3,0,0,3,3,0.08,1,,0x2B5BA84C|0xB4CA6F67
0x6877BDE1,,,0,2,0,0,0,0,0,4,4,0.03,1,break_piece,0x1125CB99|0x926D9ECB
0x687C6631,slice3d_propdebris00,rainbow,1,2,0,2,2,0,0,3,4,2.85,1,break_piece,0x04CC21CD|0x7DB2E527
0x690AC9D5,,,0,2,0,0,0,0,0,3,3,1.58,1,break_piece,0x6D394A7B|0x994E1953
0x694F2F76,,,0,2,0,0,2,0,0,6,6,1.60,0,break_piece,0x155C8246|0xC7C3C08C
0x696062E9,,,0,2,0,0,2,0,0,5,5,1.96,0,intact,0x36A0A401|0x6BDE4B9D
0x69A07096,,,0,2,0,0,2,0,0,6,6,1.55,0,break_piece,0x36A0A401|0x6BDE4B9D
0x69A9A61D,,,0,2,0,0,2,0,0,5,6,1.77,0,break_piece,0xA35416A8|0xD7BB0643
0x69CB7924,,,0,2,0,0,2,0,0,5,6,0.96,0,break_piece,0x9F2D315C|0xBD552CD3
0x6A0F405B,hp_shelleject_ba,rainbow,1,2,0,0,2,0,0,5,6,0.03,1,break_piece|intact,0x13709C60|0xAC990539
0x6A4F48F2,,,0,2,0,0,2,0,0,3,3,0.03,1,break_piece|intact,0xD7FCFD11|0xE59723FD
0x6AA00A7B,,,0,2,0,0,2,0,0,6,6,6.15,0,break_piece,0x149FC407|0x9A7642ED
0x6B107B76,hp_gunmount_rear,rainbow,1,2,0,0,2,0,0,6,8,0.03,1,break_piece|intact,0x60E7FFEB|0xB993D852
0x6B2DD2FB,,,0,2,0,0,2,0,0,4,4,0.03,1,break_piece,0x1E359C2F|0x35992F99
0x6B3715AF,,,0,2,0,0,2,0,0,7,7,0.03,1,break_piece,0x89D8DE72|0x905B2A87
0x6B808BC0,,,0,2,0,0,2,0,0,1,6,0.03,1,intact,0x22CE9B7B|0x5B3B0BF5
0x6BA6DA4D,,,0,2,0,0,2,0,0,6,6,0.89,0,break_piece,0x56EE6A1F|0xE8E58109
0x6BC76C7F,,,0,2,0,0,2,0,0,4,6,0.03,1,break_piece,0x1CE8F54F|0x342EDDD4
0x6BC8EADA,piece3d_propdebris18,rainbow,1,2,0,2,2,0,0,3,3,4.37,1,break_piece,0x91E2FC68|0xA517D4A3
0x6C3522B6,,,0,2,0,0,2,0,0,4,4,0.03,1,break_piece,0x54DB2EBE|0xDBA727BB
0x6C6E7929,piece5b_propdebris08,rainbow,1,2,0,2,2,0,0,3,3,5.81,1,break_piece,0x95FB5377|0xABFDB4B0
0x6D4AF7BC,,,0,2,0,0,0,0,0,5,5,1.87,1,intact,0xB645EE21|0xB98FB059
0x6D53D3CC,hp_barreltip_sam_b,rainbow,1,2,0,0,2,0,0,7,7,0.03,1,intact,0x25FE00A7|0xC142F94B
0x6D6B0937,,,0,2,0,0,2,0,0,5,5,0.03,1,break_piece,0x1E359C2F|0x35992F99
0x6D87DECC,,,0,2,0,2,2,0,0,1,1,0.52,0,intact,0x01ED3D6F|0x1A9D89DF
0x6D968C54,slice1e_propdebris00,rainbow,1,2,0,2,2,0,0,4,4,6.05,1,break_piece,0x1E359C2F|0x35992F99
0x6DBC220D,piece3d_propdebris13,rainbow,1,2,0,2,2,0,0,3,3,3.42,1,break_piece,0x91E2FC68|0xA517D4A3
0x6DBF49FC,,,0,2,0,0,2,0,0,6,6,1.11,0,break_piece,0x9B994D39|0x9C3D4104
0x6DDBF9F0,,,0,2,0,0,2,0,0,6,6,0.03,1,break_piece,0x89D8DE72|0x905B2A87
0x6E17A0BF,bone_door_rl_bottom,rainbow,1,2,0,0,2,0,0,3,5,1.56,1,break_piece,0x1CE8F54F|0x342EDDD4
0x6E45DA4E,bone_suspension_r,rainbow,1,2,0,0,1,0,0,4,6,0.53,1,break_piece,0x25B3F7BC|0xF762CFC3
0x6E91E3DF,bone_shaft_l,rainbow,1,2,0,0,2,0,0,4,6,0.45,1,break_piece,0x1CE8F54F|0x342EDDD4
0x6EB2F772,,,0,2,0,2,2,0,0,5,5,6.98,0,break_piece,0x6B1DE27D|0xEAA1C080
0x6EDF80A1,,,0,2,0,0,2,0,0,6,6,1.13,0,break_piece,0x340B1CB8|0xF88147A1
0x6F2D956A,,,0,2,0,2,2,0,0,6,6,5.01,1,break_piece,0x179A7702|0xE31521AD
0x6F3A0742,,,0,2,0,0,2,0,0,1,3,2.55,1,,0x14D94B9B|0x1FBFBB4B
0x6F4B8E5B,bone_strut_r,rainbow,1,2,0,0,0,0,0,3,5,2.10,1,break_piece,0x1CE8F54F|0x342EDDD4
0x6F60A2E5,hp_barreltip_sam_g,rainbow,1,2,0,0,2,0,0,7,7,0.03,1,intact,0x25FE00A7|0xC142F94B
0x6F83F280,,,0,2,0,0,2,0,0,3,3,0.03,1,break_piece,0x12B2BD31|0x613D6CEC
0x6F8D8FA5,slice1d_propattach04,rainbow,1,2,0,0,0,0,0,3,3,0.03,1,break_piece,0x6871E4C5|0xF1441A89
0x6F94ADE5,,,0,2,0,2,2,0,0,1,1,0.51,0,intact,0x01ED3D6F|0x1A9D89DF
0x6FEA5D84,,,0,2,0,0,2,0,0,4,4,0.03,1,break_piece,0x1E359C2F|0x35992F99
0x700E87AD,piece1k,rainbow,1,2,0,0,0,0,0,1,1,0.03,0,static,0xD7FCFD11|0xE59723FD
0x703A271C,,,0,2,0,0,2,0,0,3,4,0.03,1,break_piece,0x19676216|0x720F3948
0x70501C02,floor01.slice2b_propdebris03,rainbow,1,2,0,2,2,0,0,3,4,3.77,1,break_piece,0x149FC407|0xD1574A09
0x70B36302,,,0,2,0,2,0,0,0,4,4,0.03,0,break_piece,0x149FC407|0xD1574A09
0x70D12031,,,0,2,0,0,2,0,0,5,5,4.03,0,intact,0x7C77ACCB|0xFA83AC18
0x70ED1874,piece2a_propdebris14,rainbow,1,2,0,2,2,0,0,3,3,7.58,1,break_piece,0x91E2FC68|0xE2068412
0x7140286D,,,0,2,0,0,2,0,0,3,3,0.03,1,break_piece,0x7604B190|0xE59723FD
0x719CE093,global_env_multitudes_left,rainbow,2,2,0,2,0,0,0,4,4,1.14,0,break_piece|intact,0x6B1DE27D|0xDDE0070C
0x71CAF31E,,,0,2,0,2,2,0,0,5,7,1.67,0,break_piece|intact,0x9F2D315C|0xFCAE37AB
0x71D1A713,,,0,2,0,0,2,0,0,4,4,0.03,1,break_piece,0x2F4F8F3E|0xE6027C27
0x71EC006A,,,0,2,0,2,0,0,0,3,3,0.03,1,break_piece,0x22435EEA|0x9FCAE910
0x7267873D,hp_dock_fc,rainbow,1,2,0,0,2,0,0,4,4,0.03,1,intact,0x299E2340|0x36B43DD1
0x72AF3E19,bone_flap_rear_l,rainbow,1,2,0,0,2,0,0,2,2,9.00,1,,0x722BEA76|0xC1E0DE18
0x732A6DC2,slice2c_propdebris07,rainbow,1,2,0,2,2,0,0,3,3,4.52,1,break_piece,0x9DF6B30B|0xB1EFE9B5
0x7344764A,,,0,2,0,0,2,0,0,6,6,1.25,0,break_piece,0x02195587|0x80C357EC
0x73838F8E,slice2c_propattach02_ruin,rainbow,1,2,0,2,2,0,0,4,4,2.39,0,break_piece|intact,0x9DF6B30B|0xA76D0DA1
0x73A4F0B5,slice1b_propattach10_ruin,rainbow,1,2,0,2,1,0,0,4,4,5.30,0,break_piece|intact,0x2F1F099B|0xF445EE6D
0x73DE93A5,,,0,2,0,0,2,0,0,5,5,0.03,1,break_piece,0x89D8DE72|0x905B2A87
0x741514CD,,,0,2,0,0,2,0,0,5,5,6.85,0,intact,0x9132806D|0xEAA1C080
0x7447B36B,,,0,2,0,0,2,0,0,1,1,0.26,0,,0x0BBA3066|0x25C98327
0x746B772F,,,0,2,0,2,0,0,0,3,3,3.20,0,break_piece,0x10170967|0x6619CF60
0x746EF4CA,,,0,2,0,0,2,0,0,6,6,1.42,0,break_piece,0x8C58E7EB|0xC159BBC9
0x74E94F2E,bone_sideskirt_le,rainbow,1,2,0,0,2,0,0,3,3,1.09,1,break_piece,0x461F1A3A|0xF88147A1
0x75091A66,hp_barreltip_rcketlgL,rainbow,1,2,0,0,2,0,0,5,5,0.03,1,break_piece,0x89D8DE72|0x905B2A87
0x750A41D1,,,0,2,0,2,2,0,0,5,5,4.39,0,intact,0x4C998949|0x717EB6DA
0x758ABCB7,piece1a_propdebris65,rainbow,1,2,0,2,2,0,0,3,3,25.01,1,break_piece,0x1DAC7011|0x3601FC68
0x75CCBC42,piece2a_propattach13_ruin,rainbow,1,2,0,2,2,0,0,4,4,4.98,1,break_piece|intact,0x1D20E058|0xB3EFDFAC
0x75D2890A,,,0,2,0,0,2,0,0,4,6,2.44,1,break_piece,0x1CE8F54F|0x342EDDD4
0x760CA8D1,magazinej_loaded,rainbow,1,2,0,2,2,0,0,5,5,1.54,0,break_piece,0x6D394A7B|0x994E1953
0x761CAF20,L1_closeup19,rainbow,1,2,0,0,2,0,0,6,6,1.48,0,break_piece,0xCE77D4CB|0xE31521AD
0x76281196,,,0,2,0,0,2,0,0,6,6,1.34,0,break_piece,0x5B172306|0x7D0B00CB
0x76C1AF3B,bone_pitch_ciwsrl,rainbow,1,2,0,0,0,0,0,6,6,3.40,1,intact,0x25FE00A7|0xE54047D5
0x76D082AF,,,0,2,0,0,2,0,0,6,6,1.13,0,break_piece,0x340B1CB8|0xF88147A1
0x76E6982B,,,0,2,0,2,2,0,0,5,5,12.26,1,break_piece,0xCA3AC936|0xD44C2215
0x76EAB0EA,,,0,2,0,0,0,0,0,4,6,1.24,1,break_piece,0x1CE8F54F|0x342EDDD4
0x76FB73F3,,,0,2,0,0,2,0,0,3,3,0.03,1,intact,0x90ACC019|0xB6AF3A82
0x770F6359,,,0,2,0,0,2,0,0,1,2,0.03,1,,0x722BEA76|0xC1E0DE18
0x772C7675,,,0,2,0,2,2,0,0,1,1,0.50,0,intact,0x3511CCE7|0x8BC154D7
0x77496773,L2_close30,rainbow,1,2,0,0,2,0,0,6,6,1.04,0,break_piece,0xCDDC96EC|0xEB20325A
0x777F81EA,,,0,2,0,0,2,0,0,3,3,0.03,1,break_piece,0x37F5339B|0xE8B8F4B3
0x77D31DBA,,,0,2,0,0,0,0,0,4,4,1.43,1,break_piece,0x89D8DE72|0x905B2A87
0x78599C20,,,0,2,0,0,2,0,0,6,6,0.79,0,break_piece,0xB645EE21|0xB98FB059
0x78812C31,,,0,2,0,0,0,0,0,4,4,0.03,1,break_piece,0x1125CB99|0x926D9ECB
0x789F6C36,piece3b_propdebris12,rainbow,1,2,0,2,2,0,0,3,3,4.91,1,break_piece,0xCE99630D|0xF4AF3C5B
0x78C2223F,,,0,2,0,0,2,0,0,5,5,4.03,0,intact,0x7C77ACCB|0xFA83AC18
0x79314016,piece6a,rainbow,1,2,0,0,0,0,0,1,1,0.03,0,static,0x8E8ED4C0|0xC68ADB00
0x795FD9B5,,,0,2,0,0,2,0,0,3,3,0.03,1,break_piece,0xB645EE21|0xB98FB059
0x79A0EAE7,,,0,2,0,0,2,0,0,7,7,0.03,1,break_piece,0x89D8DE72|0x905B2A87
0x79A6813B,,,0,2,0,2,1,0,0,4,4,2.35,0,break_piece,0x04549112|0xFD0229C3
0x79B7BAF1,,,0,2,0,0,2,0,0,3,3,0.03,1,break_piece,0x7604B190|0xE59723FD
0x79D41BDF,piece2a_propdebris35,rainbow,1,2,0,2,2,0,0,3,3,5.24,1,break_piece,0x5DC2D1E2|0x91E2FC68
0x7A1629E1,piece1a_propdebris70,rainbow,1,2,0,2,2,0,0,3,3,21.68,1,break_piece,0x1923143C|0x3601FC68
0x7A4CD353,,,0,2,0,0,2,0,0,6,6,0.79,0,break_piece,0xB645EE21|0xB98FB059
0x7A57D03E,,,0,2,0,0,2,0,0,5,5,0.61,0,break_piece,0x2F967F03|0x4F3C5FBE
0x7A621BCA,,,0,2,0,0,2,0,0,6,6,1.25,0,break_piece,0x0E9502CF|0xB5C2D9F8
0x7A777047,L1_closeup30,rainbow,1,2,0,0,2,0,0,6,6,1.04,0,break_piece,0xCDDC96EC|0xEB20325A
0x7A7FE58F,piece5c_propdebris01,rainbow,1,2,0,2,2,0,0,3,3,2.55,1,break_piece,0x9DF6B30B|0xA76D0DA1
0x7B271422,slice4a_propattach00_pristine,rainbow,1,2,0,2,1,0,0,4,4,5.44,0,break_piece|intact,0x2F4F8F3E|0xE6027C27
0x7B51B16B,,,0,2,0,0,2,0,0,4,6,5.53,0,break_piece,0x74474CB1|0xEAA1C080
0x7B6FD709,,,0,2,0,2,2,0,0,3,4,26.74,0,intact,0x25FE00A7|0xE54047D5
0x7B80CA92,hp_MonsterRTR,rainbow,1,2,0,0,2,0,0,3,3,0.03,1,break_piece,0x6B3A45A6|0xF7052E85
0x7BBC1120,slice1b_propdebris16,rainbow,1,2,0,2,2,0,0,3,3,3.78,1,break_piece,0x3BF3DA2E|0x5436A936
0x7C0EC22F,,,0,2,0,0,0,0,0,4,4,0.39,1,break_piece,0x89D8DE72|0x905B2A87
0x7C69D21E,floor01.slice2a_propdebris02,rainbow,1,2,0,2,2,0,0,3,4,8.20,1,break_piece|intact,0x149FC407|0xD1574A09
0x7C818ED2,,,0,2,0,0,2,0,0,3,5,0.88,1,break_piece,0x1CE8F54F|0x342EDDD4
0x7C880BC4,,,0,2,0,2,0,0,0,4,4,4.59,0,break_piece,0xB187C134|0xB6FE28B5
0x7C978734,piece5a_propdebris04,rainbow,1,2,0,2,2,0,0,3,3,5.16,1,break_piece,0x3BF3DA2E|0xF088DE87
0x7CE3F665,,,0,2,0,0,1,0,0,1,3,0.03,1,break_piece,0x39AF17DC|0x8185C0A5
0x7CFF99AD,,,0,2,0,0,0,0,0,6,7,1.31,0,break_piece|intact,0x12181179|0x4BE3E7C4
0x7D056221,piece1d_propdebris42,rainbow,1,2,0,2,2,0,0,3,3,27.82,1,break_piece,0x70D6FBD9|0xE9219C8A
0x7D196318,piece3g_propdebris04,rainbow,1,2,0,2,2,0,0,3,3,3.49,1,break_piece,0x90B6CC8B|0xBE2C617B
0x7D4E9B23,bone_door_rt,rainbow,1,2,0,0,2,0,0,4,4,0.97,1,intact,0xB645EE21|0xB98FB059
0x7E085073,bone_pitch_rocket_la,rainbow,1,2,0,0,0,0,0,3,5,0.03,1,break_piece,0x1CE8F54F|0x342EDDD4
0x7E2A06F8,,,0,2,0,0,2,0,0,6,6,0.79,0,break_piece,0xB645EE21|0xB98FB059
0x7E8F3441,floor01.slice2b_ruin,rainbow,1,2,0,2,1,0,0,2,2,16.76,0,break_piece|intact,0xCB4C6EAB|0xD1574A09
0x7EABFA05,hp_pistol,rainbow,1,2,2,0,0,0,0,0,0,0.41,0,static,0x6050A315|0x6A59794B
0x7EFAA80D,bone_sideskirt_lb,rainbow,1,2,0,0,2,0,0,3,3,1.09,1,break_piece,0x461F1A3A|0xF88147A1
0x7F3686CA,,,0,2,0,0,2,0,0,5,5,0.03,1,break_piece,0x35992F99|0x8A6DEF3D
0x7F51B1A4,floor02.piece1b_propdebris21,rainbow,1,2,0,2,2,0,0,3,3,11.46,1,break_piece,0x7D766FA6|0xD23F52FC
0x7F5D64AB,slice1a_propattach13_ruin,rainbow,1,2,0,2,1,0,0,4,4,3.57,1,break_piece,0x50AACA22|0x618526A4
0x7FDE4D30,,,0,2,1,0,3,0,0,0,2,5.10,1,,0x0097289B|0x722BEA76
0x801355C1,,,0,2,0,0,0,0,0,5,5,0.03,1,break_piece,0x89D8DE72|0x905B2A87
0x8034ED47,,,0,2,0,0,2,0,0,6,6,1.05,0,break_piece,0x0F9B9B04|0xCAAF4D42
0x8050C176,bone_sideskirt_rc,rainbow,1,2,0,0,2,0,0,3,3,1.55,1,break_piece,0x461F1A3A|0xF88147A1
0x80A3F5FC,piece3b_propdebris10,rainbow,1,2,0,2,2,0,0,3,3,4.31,1,break_piece,0xCE99630D|0xE2068412
0x80B58DAD,,,0,2,0,2,0,0,0,5,5,0.03,0,break_piece,0x718C019B|0x80CE4CA3
0x80CE4CA3,city_bld_corner16x16d,rainbow,1,2,2,0,0,0,0,0,0,0.03,0,static,0x718C019B|0x80CE4CA3
0x80E5FFF6,,,0,2,0,0,2,0,0,6,6,1.04,0,break_piece,0x36A0A401|0x6BDE4B9D
0x80EAD18C,,,0,2,0,2,0,0,0,5,5,4.50,0,break_piece,0x807D1C3B|0xB4FE2B80
0x81070AAC,hp_fx_jetexhaust,rainbow,1,2,0,0,2,0,0,4,4,0.03,1,intact,0x79905D82|0xFB89A3B1
0x81100A2A,,,0,2,0,0,2,0,0,4,4,0.03,1,break_piece,0x1E2199D2|0xA029223D
0x812C5369,,,0,2,0,0,2,0,0,3,3,0.03,1,break_piece|intact,0xD7FCFD11|0xE59723FD
0x81DB8B69,,,0,2,0,0,0,0,0,5,5,0.03,1,break_piece,0x0E9502CF|0x31F0FE47
0x81FDD6C4,L2_close2,rainbow,1,2,0,0,2,0,0,6,6,1.06,0,break_piece,0xB9CAAC7B|0xF2BEF3FF
0x820915D7,,,0,2,0,0,2,0,0,1,3,12.96,1,,0x14D94B9B|0x1FBFBB4B
0x820D9305,,,0,2,0,0,2,0,0,1,3,12.96,1,,0x14D94B9B|0x1FBFBB4B
0x8213D9CF,,,0,2,0,0,0,0,0,4,4,0.03,1,break_piece,0x5B172306|0x7D0B00CB
0x821AB3A7,piece1a_propdebris76,rainbow,1,2,0,2,2,0,0,3,3,12.81,1,break_piece,0x1923143C|0x3601FC68
0x823CF5E6,hp_barreltip_ciwsrl_a,rainbow,1,2,0,0,2,0,0,7,7,0.03,1,intact,0x25FE00A7|0xE54047D5
0x825E55A5,,,0,2,0,0,2,0,0,4,5,0.03,1,break_piece,0x25FE00A7|0xE54047D5
0x82B0C515,piece3b_propdebris15,rainbow,1,2,0,2,2,0,0,3,3,3.02,1,break_piece,0xCE99630D|0xF4AF3C5B
0x82C3BD08,bone_piston_top_l,rainbow,1,2,0,0,2,0,0,4,4,0.33,1,intact,0x79905D82|0xFB89A3B1
0x82CFC768,hp_light,rainbow,1,2,0,0,5,0,0,3,5,0.03,1,break_piece|intact,0x45EC5734|0xE01CE9F2
0x830573DE,bone_head2,rainbow,1,2,0,0,2,0,0,1,1,0.47,0,,0x0BBA3066|0x25C98327
0x8316C5ED,,,0,2,0,0,2,0,0,3,3,0.03,1,break_piece,0x7604B190|0xE59723FD
0x831D36CB,,,0,2,0,0,2,0,0,5,5,0.03,1,break_piece,0x149FC407|0x539FF827
0x8321B3F9,,,0,2,0,0,2,0,0,5,5,0.03,1,break_piece,0x149FC407|0x539FF827
0x83CDE0A9,,,0,2,0,0,2,0,0,5,6,0.96,0,break_piece,0x9F2D315C|0xBD552CD3
0x83DFF26B,,,0,2,0,0,2,0,0,2,2,3.21,1,,0x3A1CB5C0|0x54E9C345
0x83FF95E1,slice2c_propattach03_ruin,rainbow,1,2,0,2,2,0,0,4,4,3.61,0,intact,0x9DF6B30B|0xA76D0DA1
0x8421EE23,piece3a_propattach00_pristine,rainbow,1,2,0,2,0,0,0,4,4,1.23,0,break_piece,0x6B3A45A6|0x6F4B9CA8
0x8436F921,piece1a_propattach10,rainbow,1,2,0,0,0,0,0,3,3,0.03,1,break_piece,0x3FF2692D|0xE5133554
0x843E2731,hp_barreltip_archer_c,rainbow,1,2,0,0,2,0,0,5,7,0.03,1,break_piece,0x1CE8F54F|0x342EDDD4
0x8470DB9C,piece2a_propdebris29,rainbow,1,2,0,2,2,0,0,3,3,4.76,1,break_piece,0x8757B5FE|0x91E2FC68
0x84C023DB,global_prop_goods,rainbow,1,2,0,2,2,0,0,5,5,1.66,0,break_piece|intact,0xCBABA641|0xDA219845
0x84E5A7E4,hp_barreltip_missile_la,rainbow,1,2,0,0,2,0,0,5,7,0.03,1,intact,0x1CE8F54F|0x342EDDD4
0x855EF82F,,,0,2,0,2,1,0,0,5,5,1.08,1,break_piece,0x149FC407|0x77A20DC0
0x85761738,,,0,2,0,0,2,0,0,5,5,1.93,0,break_piece,0x6F98CA68|0xFEDA4BF0
0x85A9AE7A,,,0,2,0,0,2,0,0,4,4,0.03,1,intact,0x79905D82|0xFB89A3B1
0x85D356E8,,,0,2,0,2,2,0,0,5,5,3.04,0,intact,0x1125CB99|0x926D9ECB
0x85D57BBA,bone_pitch_turret_r,rainbow,1,2,0,0,0,0,0,5,6,2.46,1,intact,0x4FC2D374|0xC733E65D
0x867B2AFD,floor01.slice2a_propdebris05,rainbow,1,2,0,2,2,0,0,3,4,5.54,1,break_piece|intact,0x149FC407|0xD1574A09
0x8698CDDB,,,0,2,0,2,2,0,0,5,5,1.67,1,break_piece|intact,0xCBABA641|0xDA219845
0x86A504BF,floor01.piece1c_interior,rainbow,1,2,0,2,2,0,0,3,3,24.16,0,intact,0xCA3AC936|0xD1574A09
0x86F20A98,,,0,2,0,0,2,0,0,5,5,0.03,1,break_piece,0x149FC407|0x539FF827
0x8751BE23,hp_barreltip_sam_a,rainbow,1,2,0,0,2,0,0,7,7,0.03,1,intact,0x25FE00A7|0xC142F94B
0x877EAAE3,slice1d_propattach02,rainbow,1,2,0,0,0,0,0,3,3,0.03,1,break_piece,0x6871E4C5|0xF1441A89
0x878A4FA3,floor02.piece2a_pristine,rainbow,1,2,0,2,0,0,0,2,2,25.18,0,break_piece|intact,0xAC3CD893|0xD44C2215
0x880286A4,piece4a,rainbow,1,2,0,0,0,0,0,1,1,0.03,0,static,0x7DB2E527|0x8E8ED4C0
0x882BF191,hp_archer,rainbow,1,2,0,0,0,0,0,7,9,0.03,0,break_piece,0x1CE8F54F|0x342EDDD4
0x8840A727,L3_small1,rainbow,1,2,0,0,2,0,0,6,6,12.90,0,break_piece,0x8166C6A6|0xA26387A9
0x88554B3C,bone_sideskirt_ra,rainbow,1,2,0,0,2,0,0,3,3,2.10,1,break_piece,0x461F1A3A|0xF88147A1
0x8868ED39,floor00.slice1b_ruin,rainbow,1,2,0,2,2,0,0,2,2,37.57,0,intact,0x04549112|0xFD0229C3
0x8874D472,slice1f_propdebris03,rainbow,1,2,0,2,2,0,0,4,4,8.30,1,break_piece,0x1E359C2F|0x35992F99
0x88B2FA3E,,,0,2,0,2,2,0,0,5,5,2.50,0,break_piece|intact,0x1125CB99|0x926D9ECB
0x88E32F14,,,0,2,0,0,2,0,0,5,5,0.03,1,break_piece,0x319D840A|0x539FF827
0x89A9AA77,,,0,2,0,2,2,0,0,5,5,6.98,0,break_piece,0x74474CB1|0xF3DD9D32
0x89D8DE72,global_veh_uh1huey,rainbow,1,2,2,0,0,0,0,0,0,0.03,0,static,0x07B982D6|0xFFB1CE7A
0x8A621A55,bone_sideskirt_rd,rainbow,1,2,0,0,2,0,0,3,3,1.09,1,break_piece,0x461F1A3A|0xF88147A1
0x8A76361E,,,0,2,0,0,2,0,0,4,4,0.03,1,break_piece,0x156B1738|0x70D2FBFA
0x8A79D479,piece6a_propdebris11,rainbow,1,2,0,2,2,0,0,3,3,2.59,1,break_piece,0x8E8ED4C0|0xC68ADB00
0x8A877A71,,,0,2,0,0,0,0,0,5,5,0.40,0,break_piece,0x89D8DE72|0x905B2A87
0x8B26D705,slice1d_propattach01_ruin,rainbow,1,2,0,2,0,0,0,4,4,0.03,0,break_piece,0x35992F99|0x539FF827
0x8B665F22,,,0,2,0,0,2,0,0,4,5,0.59,1,break_piece,0x19676216|0x720F3948
0x8B8D1DF0,piece1a_propdebris66,rainbow,1,2,0,2,2,0,0,3,3,25.01,1,break_piece,0x1923143C|0x3601FC68
0x8B8FD0C0,L2_closeup3,rainbow,1,2,0,0,2,0,0,6,6,1.30,0,break_piece,0x12732DD2|0x63E4703A
0x8B9C6574,slice3b_propattach02_ruin,rainbow,1,2,0,2,1,0,0,4,4,2.61,0,break_piece,0xBFC09F3E|0xFA83AC18
0x8C42B0F7,hp_barreltip_archer_e,rainbow,1,2,0,0,2,0,0,5,7,0.03,1,break_piece,0x1CE8F54F|0x342EDDD4
0x8C63B0AB,slice1c_propattach11_ruin,rainbow,1,2,0,2,0,0,0,4,4,0.03,0,break_piece,0x2F1F099B|0x818E5819
0x8C8EBD8B,floor03.piece1a_propdebris11,rainbow,1,2,0,2,2,0,0,3,3,4.37,1,break_piece,0x13417609|0xCA3AC936
0x8C933AB9,floor03.piece1a_propdebris13,rainbow,1,2,0,2,2,0,0,3,3,4.37,1,break_piece,0x13417609|0xCA3AC936
0x8C938A5E,piece5f_propdebris14,rainbow,1,2,0,2,2,0,0,3,3,1.16,1,break_piece,0xBFE24A41|0xDA50B276
0x8CA46F33,floor03.piece1b,rainbow,1,2,0,0,0,0,0,1,1,0.03,0,static,0x7D766FA6|0xCA3AC936
0x8D07698A,,,0,2,0,0,2,0,0,6,6,1.05,0,break_piece,0x80C357EC|0xCE77D4CB
0x8D1EDD14,floor02.piece1b_propdebris14,rainbow,1,2,0,2,2,0,0,3,3,11.89,1,break_piece,0x7D766FA6|0xD23F52FC
0x8D4CC519,slice1b_propattach12_pristine,rainbow,1,2,0,2,1,0,0,4,4,1.00,0,break_piece,0x2F1F099B|0xCA20C1D9
0x8DD31414,,,0,2,0,0,2,0,0,3,3,0.03,1,break_piece,0x40D1E566|0xC2D96DD1
0x8DE4C486,hp_dock_r,rainbow,1,2,0,0,2,0,0,4,4,0.03,1,break_piece|intact,0x63E4703A|0xAE96B0D7
0x8E201500,slice1a_propattach18_pristine,rainbow,1,2,0,2,2,0,0,4,4,1.12,0,break_piece,0x1946F361|0xDDBA557D
0x8E698BAA,,,0,2,0,2,0,0,0,4,4,0.03,0,break_piece,0x149FC407|0x539FF827
0x8E9AECFA,,,0,2,0,0,2,0,0,4,4,1.91,1,break_piece,0x89D8DE72|0x905B2A87
0x8EB7C89D,slice2a_propattach13,rainbow,1,2,0,0,0,0,0,3,3,0.03,1,break_piece,0x2171B6D7|0xE6027C27
0x8EDC63D1,hp_barreltip_hellfire_g,rainbow,1,2,0,0,2,0,0,4,4,0.03,1,break_piece,0x6D394A7B|0x994E1953
0x8EE7C9AE,,,0,2,0,0,2,0,0,3,3,0.03,1,break_piece,0x40D1E566|0xC2D96DD1
0x8F05F2DD,,,0,2,0,0,2,0,0,4,4,0.65,1,break_piece,0x22435EEA|0x4A95F55C
0x8F31B507,,,0,2,0,2,0,0,0,3,4,5.01,0,break_piece,0x25FE00A7|0xE54047D5
0x8FD07361,,,0,2,0,0,2,0,0,4,6,2.44,1,break_piece,0x1CE8F54F|0x342EDDD4
0x8FEC98D4,village_bld_plantation03_windows_ruin_dm_propattach87_ruin_lod,rainbow,1,2,0,0,0,0,0,4,4,5.54,1,intact,0x044EDB9C|0x4D72B2BC
0x900FD25B,hp_amraam,rainbow,1,2,1,0,0,0,0,0,7,3.70,0,break_piece,0x5B3B0BF5|0xB6EDE80B
0x901A0A9C,bone_yaw_doorgun,rainbow,1,2,0,0,0,0,0,5,5,0.40,0,break_piece,0x22435EEA|0x4A95F55C
0x903DA857,slice4a_propdebris02,rainbow,1,2,0,2,2,0,0,3,3,4.34,1,intact,0x2F4F8F3E|0xE6027C27
0x90548B4C,piece3a_propattach01_pristine,rainbow,1,2,0,2,0,0,0,4,4,1.23,0,break_piece,0x6B3A45A6|0x6F4B9CA8
0x905B2A87,pmc_veh_helicopter_uh1huey,rainbow,1,2,2,0,0,0,0,0,0,0.03,0,static,0x71DC712E|0x905B2A87
0x906B92AD,,,0,2,0,0,2,0,0,3,3,0.03,1,break_piece,0x7ABD58C1|0x88D09B0C
0x90CA92EC,,,0,2,0,0,2,0,0,3,3,0.03,1,break_piece,0x90B6CC8B|0xBE2C617B
0x913666AE,slice2a_propattach07,rainbow,1,2,0,0,0,0,0,3,3,0.03,1,break_piece,0x2171B6D7|0xE6027C27
0x913D262A,bone_wheel_l,rainbow,1,2,0,0,2,0,0,4,7,1.36,1,break_piece|intact,0x25B3F7BC|0x3B4F3D70
0x914094A7,,,0,2,0,2,2,0,0,1,1,1.39,0,intact,0x1066F684|0xBC65582A
0x9158F8F0,slice2a_propattach09,rainbow,1,2,0,0,0,0,0,3,3,0.03,1,break_piece,0x2171B6D7|0xE6027C27
0x91707326,,,0,2,0,0,0,0,0,5,5,0.03,1,break_piece,0x4C998949|0x717EB6DA
0x917BF5E0,hp_gunmount_fr,rainbow,1,2,0,0,2,0,0,7,7,0.03,1,intact,0x7366155A|0xD4E88AFD
0x9206BB04,,,0,2,0,0,2,0,0,5,5,0.03,1,intact,0x585A9008|0x9A71B5A6
0x9216FF77,floor01.piece2b_interior,rainbow,1,2,0,2,2,0,0,3,3,36.09,0,intact,0xAC3CD893|0xD23F52FC
0x921C1648,,,0,2,0,0,2,0,0,3,3,0.03,1,break_piece|intact,0xD7FCFD11|0xE59723FD
0x92491CDD,floor02.piece2a_ruin,rainbow,1,2,0,2,1,0,0,2,2,24.97,0,break_piece|intact,0xAC3CD893|0xD44C2215
0x9284CEB3,bone_yaw_turret_r,rainbow,1,2,0,0,0,0,0,4,5,17.50,1,intact,0x4FC2D374|0xC733E65D
0x92989E35,,,0,2,0,0,2,0,0,2,2,3.33,1,,0x3A1CB5C0|0x54E9C345
0x92F36421,,,0,2,0,0,2,0,0,6,6,0.03,1,break_piece,0x89D8DE72|0x905B2A87
0x935D5601,L3_medium27,rainbow,1,2,0,0,2,0,0,6,6,1.71,0,break_piece,0x4BE3E7C4|0x926D9ECB
0x9388AD5A,piece1a_propdebris64,rainbow,1,2,0,2,2,0,0,3,3,25.01,1,break_piece,0x1923143C|0x3601FC68
0x939FD97B,piece3f_ruin,rainbow,1,2,0,2,2,0,0,2,2,16.00,0,break_piece,0x199ABE01|0xF9960E73
0x93C505E6,,,0,2,0,0,2,0,0,5,5,0.03,1,break_piece,0x1E359C2F|0x35992F99
0x93CE790B,,,0,2,0,0,2,0,0,6,6,4.03,0,break_piece,0x7C77ACCB|0xFA83AC18
0x942FEFF9,piece1b_propdebris40,rainbow,1,2,0,2,2,0,0,3,3,7.87,1,break_piece,0x493FD997|0xA948DDA6
0x9440A520,bone_turret_yaw,rainbow,1,2,0,0,0,0,0,2,4,2.15,1,intact,0x6A2BE04D|0x79905D82
0x94981424,piece5f_propdebris16,rainbow,1,2,0,2,2,0,0,3,3,1.16,1,break_piece,0xBFE24A41|0xDA50B276
0x949B1A99,,,0,2,0,0,2,0,0,5,7,0.03,1,intact,0x1CE8F54F|0x342EDDD4
0x94DA2EAC,hp_barreltip_hellfire_f,rainbow,1,2,0,0,2,0,0,4,4,0.03,1,break_piece,0x6D394A7B|0x994E1953
0x94E488CE,,,0,2,0,2,2,0,0,5,5,10.29,1,break_piece,0xCA3AC936|0xD44C2215
0x951550FD,slice2a_propattach10_pristine,rainbow,1,2,0,2,2,0,0,4,4,5.44,0,break_piece|intact,0x2171B6D7|0xE6027C27
0x95A01884,,,0,2,0,0,2,0,0,6,6,1.30,0,break_piece,0x2D1D4D03|0xC23032BC
0x96AE0165,,,0,2,0,0,2,0,0,6,6,1.64,0,break_piece,0x2B97DD31|0xB32053A7
0x96CD65DF,hp_barreltip_hellfire_i,rainbow,1,2,0,0,2,0,0,4,4,0.03,1,break_piece,0x6D394A7B|0x994E1953
0x96D03035,slice2b_propattach06_pristine,rainbow,1,2,0,2,1,0,0,4,4,10.69,0,break_piece,0x6B1DE27D|0xDDE0070C
0x978BFDBC,piece2d_ruin,rainbow,1,2,0,2,0,0,0,2,2,17.26,0,break_piece,0x04CC21CD|0x7604B190
0x97D20C82,piece2a_propdebris34,rainbow,1,2,0,2,2,0,0,3,3,3.72,1,break_piece,0x5DC2D1E2|0x91E2FC68
0x97F1A6FF,bone_frontdoor,rainbow,1,2,0,0,2,0,0,2,2,1.65,1,,0x3A1CB5C0|0x54E9C345
0x984AC3F6,,,0,2,0,0,2,0,0,6,6,0.79,0,break_piece,0xB645EE21|0xB98FB059
0x985D90AC,,,0,2,0,0,2,0,0,6,6,2.36,0,break_piece,0x4C998949|0x717EB6DA
0x986B1CCD,piece1d_propdebris51,rainbow,1,2,0,2,2,0,0,3,3,24.72,1,break_piece,0x70D6FBD9|0xE9219C8A
0x988A0892,,,0,2,0,2,2,0,0,5,5,4.21,0,break_piece,0x1125CB99|0x926D9ECB
0x994FA20E,,,0,2,0,0,2,0,0,4,6,3.47,0,break_piece,0x74474CB1|0xEAA1C080
0x9987A5D3,,,0,2,0,0,2,0,0,1,6,11.80,1,break_piece,0x1FBFBB4B|0x461F1A3A
0x99DD8A06,,,0,2,0,0,2,0,0,6,6,1.05,0,break_piece,0x16497BF1|0xCE77D4CB
0x9AA07287,bone_flap_rear_r,rainbow,1,2,0,0,2,0,0,2,2,9.01,1,,0x722BEA76|0xC1E0DE18
0x9AF392AC,slice1c_propdebris20,rainbow,1,2,0,2,2,0,0,4,4,4.95,1,break_piece,0xD506BE7E|0xF515FB68
0x9B3E23FA,slice2b_propattach06,rainbow,1,2,0,0,0,0,0,3,3,0.03,1,break_piece,0x6B1DE27D|0xDDE0070C
0x9B4E580F,L3_medium29,rainbow,1,2,0,0,2,0,0,6,6,1.04,0,break_piece,0xCDDC96EC|0xEB20325A
0x9B897C9E,floor01.slice2a_interior,rainbow,1,2,0,2,0,0,0,3,3,134.37,0,break_piece,0x149FC407|0xD1574A09
0x9BAC2BFD,L23_closeup1,rainbow,1,2,0,0,2,0,0,4,6,2.44,1,break_piece,0x1CE8F54F|0x342EDDD4
0x9BB0B567,,,0,2,0,0,2,0,0,3,3,0.03,1,break_piece,0xB645EE21|0xB98FB059
0x9BF117E5,,,0,2,0,0,2,0,0,6,6,4.03,0,break_piece,0x7C77ACCB|0xFA83AC18
0x9C4F59E3,,,0,2,0,2,0,0,0,3,3,1.64,0,break_piece,0x22435EEA|0x4A95F55C
0x9C648FE7,,,0,2,0,0,2,0,0,6,6,1.25,0,break_piece,0x0E9502CF|0xB5C2D9F8
0x9C812A4A,hp_dock_gunner_r,rainbow,1,2,0,0,2,0,0,4,4,0.03,1,intact,0x79905D82|0xFB89A3B1
0x9CA58B6A,,,0,2,0,0,2,0,0,4,6,2.26,1,break_piece,0x1CE8F54F|0x342EDDD4
0x9CC4C94B,,,0,2,0,0,2,0,0,8,10,2.04,0,break_piece,0x1CE8F54F|0x342EDDD4
0x9CC94679,,,0,2,0,0,2,0,0,8,10,2.04,0,break_piece,0x1CE8F54F|0x342EDDD4
0x9CE91294,,,0,2,0,2,2,0,0,5,5,11.03,1,break_piece,0xCA3AC936|0xD44C2215
0x9CF68C6F,,,0,2,0,0,2,0,0,4,4,0.03,1,break_piece|intact,0x07B982D6|0xFFB1CE7A
0x9CFDEE5C,,,0,2,0,0,2,0,0,3,3,0.03,1,intact,0x90ACC019|0xB6AF3A82
0x9D0B9C92,hp_barreltip_rocket_ra,rainbow,1,2,0,0,2,0,0,4,6,0.03,1,break_piece,0x1CE8F54F|0x342EDDD4
0x9D18589C,L3_far,rainbow,1,2,0,0,2,0,0,3,4,4.01,0,break_piece,0x14D94B9B|0x3C76C1A0
0x9D25657A,,,0,2,0,0,2,0,0,1,2,0.03,1,,0x722BEA76|0xC1E0DE18
0x9D347FB3,bone_flap1_r,rainbow,1,2,0,0,2,0,0,2,2,8.52,1,,0x722BEA76|0xC1E0DE18
0x9D4A9CBF,slice1c_propattach10,rainbow,1,2,0,0,0,0,0,3,3,0.03,1,break_piece,0x2F1F099B|0xCA20C1D9
0x9D4BE1DC,,,0,2,0,0,2,0,0,6,6,1.13,0,break_piece,0x9B994D39|0x9C3D4104
0x9E174992,,,0,2,0,2,1,0,0,5,5,1.95,1,break_piece,0xCA20C1D9|0xEAA1C080
0x9E42A7C1,,,0,2,0,0,2,0,0,3,3,0.03,1,break_piece,0x90B6CC8B|0xBE2C617B
0x9E48477A,,,0,2,0,0,2,0,0,1,8,10.96,1,break_piece,0x1FBFBB4B|0xB6EDE80B
0x9E6C463B,floor01.slice2a_propdebris03,rainbow,1,2,0,2,2,0,0,3,4,4.74,1,break_piece|intact,0x149FC407|0xD1574A09
0x9E70C369,floor01.slice2a_propdebris01,rainbow,1,2,0,2,2,0,0,3,4,4.37,1,break_piece|intact,0x149FC407|0xD1574A09
0x9E90F118,,,0,2,0,2,2,0,0,1,1,1.35,0,intact,0x09139BCD|0x60497640
0x9EDBCFC8,magazinei_loaded,rainbow,1,2,0,2,2,0,0,5,5,1.54,0,break_piece,0x6D394A7B|0x994E1953
0x9EE3923B,hp_barreltip_missile_lb,rainbow,1,2,0,0,2,0,0,5,7,0.03,1,intact,0x1CE8F54F|0x342EDDD4
0x9F30F68A,,,0,2,0,0,2,0,0,5,5,0.03,1,break_piece|intact,0x9A7642ED|0xD0B84392
0x9F4B4CC0,,,0,2,0,0,2,0,0,4,4,0.03,1,break_piece,0x849BFE28|0xF6E2E989
0x9F9D2176,,,0,2,0,0,2,0,0,6,6,2.37,0,break_piece,0x4C998949|0x717EB6DA
0x9FA2A618,,,0,2,0,0,2,0,0,6,6,1.05,0,break_piece,0x80C357EC|0xCE77D4CB
0x9FA8C971,L2_closeup31,rainbow,1,2,0,0,2,0,0,6,6,1.04,0,break_piece,0x80659E62|0xA4937D58
0x9FFB3EB9,,,0,2,0,0,2,0,0,6,6,0.79,0,break_piece,0xB645EE21|0xB98FB059
0xA009A219,,,0,2,0,2,2,0,0,3,3,1.09,1,break_piece,0x22435EEA|0x4A95F55C
0xA0433D56,slice2d_propdebris02,rainbow,1,2,0,2,2,0,0,3,4,6.45,1,break_piece,0x539FF827|0xF51C01DD
0xA04F4DBC,,,0,2,0,0,2,0,0,6,6,0.79,0,break_piece,0xB645EE21|0xB98FB059
0xA065B031,,,0,2,0,0,0,0,0,4,4,0.03,1,break_piece,0x4A579010|0x9F5A4DB7
0xA07C589F,,,0,2,0,0,2,0,0,6,6,1.04,1,break_piece,0x80659E62|0xA4937D58
0xA080E61A,,,0,2,0,2,2,0,0,5,5,4.51,0,intact,0x807D1C3B|0xB4FE2B80
0xA0EF9BBF,bone_door_lf,rainbow,1,2,0,0,2,0,0,3,4,1.71,1,break_piece|intact,0x0B76A8FC|0x6D394A7B
0xA10FF3DF,floor02.piece1a_propdebris23,rainbow,1,2,0,2,2,0,0,3,3,11.58,1,break_piece,0x601A1292|0x7D766FA6
0xA166FCB1,,,0,2,0,0,0,0,0,4,4,1.71,1,intact,0x13A86EF7|0x9387F335
0xA1E213CC,,,0,2,0,0,2,0,0,6,6,1.05,0,break_piece,0x16497BF1|0xCE77D4CB
0xA2227FEE,hp_barreltip_archer_h,rainbow,1,2,0,0,2,0,0,5,7,0.03,1,break_piece,0x1CE8F54F|0x342EDDD4
0xA22D39C8,,,0,2,0,0,2,0,0,5,5,0.03,1,break_piece,0x2F4F8F3E|0xE6027C27
0xA2451230,hp_barreltip_archer_f,rainbow,1,2,0,0,2,0,0,5,7,0.03,1,break_piece,0x1CE8F54F|0x342EDDD4
0xA25C1CD5,,,0,2,0,0,2,0,0,6,6,0.79,0,break_piece,0xB645EE21|0xB98FB059
0xA2B537F4,,,0,2,0,0,2,0,0,3,5,1.49,1,break_piece,0x1CE8F54F|0x342EDDD4
0xA2C6D27F,bone_rear_wheel_r,rainbow,1,2,0,0,2,0,0,1,3,2.04,1,,0x223593E1|0x33C8B389
0xA316FB75,,,0,2,0,0,2,0,0,4,4,0.03,1,break_piece,0x1E2199D2|0xA029223D
0xA31C091D,,,0,2,0,0,2,0,0,3,3,0.03,1,break_piece,0x7604B190|0xE59723FD
0xA336C033,piece3k,rainbow,1,2,0,0,0,0,0,1,1,0.03,0,static,0xB0D4E642|0xE59723FD
0xA34F9EE2,L3_small,rainbow,1,2,0,0,2,0,0,5,5,12.98,0,intact,0x8166C6A6|0xA26387A9
0xA3512089,slice3b_propattach03_pristine,rainbow,1,2,0,2,0,0,0,4,4,16.80,0,intact,0xBFC09F3E|0xFA83AC18
0xA391014A,merida_bld_hotel_railing_d1,rainbow,1,2,3,0,3,0,0,0,0,1.29,0,,0x02CAE9AA|0xA391014A
0xA3A12D3D,,,0,2,0,2,2,0,0,4,4,1.55,0,break_piece|intact,0x261F62BF|0x77A20DC0
0xA3C6543A,bone_dish,rainbow,1,2,0,0,2,0,0,3,3,0.94,1,break_piece,0x01B52044|0x824A390D
0xA3D90F8A,,,0,2,0,2,1,0,0,5,5,6.29,1,break_piece,0x539FF827|0x9132806D
0xA3E1BF43,,,0,2,0,0,2,0,0,4,4,0.03,1,break_piece,0x149FC407|0x539FF827
0xA3EEE2E5,,,0,2,0,0,2,0,0,6,6,1.05,0,break_piece,0x16497BF1|0xCE77D4CB
0xA3FA0689,,,0,2,0,0,2,0,0,6,6,1.04,1,break_piece,0xCDDC96EC|0xEB20325A
0xA40ACADC,bone_pitch_rocket_lb,rainbow,1,2,0,0,0,0,0,3,5,0.03,1,break_piece,0x1CE8F54F|0x342EDDD4
0xA4B5ACA8,slice2a_propattach12,rainbow,1,2,0,0,0,0,0,3,3,0.03,1,break_piece,0x2171B6D7|0xE6027C27
0xA507E7FB,bone_head3,rainbow,1,2,0,0,2,0,0,1,1,0.46,0,,0x0BBA3066|0x25C98327
0xA56237F8,bone_front_left_belly_a,rainbow,1,2,0,0,0,0,0,6,6,4.43,1,intact,0x25FE00A7|0xC142F94B
0xA5DE07E6,,,0,2,0,0,2,0,0,6,6,1.47,1,break_piece,0x9132806D|0xEAA1C080
0xA6DA7884,hp_contrail,rainbow,1,2,0,0,2,0,0,1,1,0.03,1,,0x83A15CF9|0x9DD1FAC0
0xA7227C5E,piece4b_propdebris06,rainbow,1,2,0,2,2,0,0,3,3,5.11,1,break_piece,0x95FB5377|0xABFDB4B0
0xA7450EA0,piece4b_propdebris08,rainbow,1,2,0,2,2,0,0,3,3,2.96,1,break_piece,0x95FB5377|0xABFDB4B0
0xA7800068,floor01.piece1c_propattach11_pristine,rainbow,1,2,0,2,2,0,0,4,4,20.18,0,intact,0xCA3AC936|0xD44C2215
0xA7F66FBC,,,0,2,0,2,2,0,0,5,5,4.04,0,break_piece,0xE5133554|0xF03E0102
0xA7FC067B,,,0,2,0,0,2,0,0,6,6,1.22,0,break_piece,0x63E4703A|0x95F4BA55
0xA8196065,,,0,2,0,0,2,0,0,6,6,0.79,0,break_piece,0xB645EE21|0xB98FB059
0xA8D52971,,,0,2,0,2,2,0,0,5,5,19.65,1,break_piece,0x2C31E48A|0x2E3C0B49
0xA929FDB2,piece3f,rainbow,1,2,0,0,0,0,0,1,1,0.03,0,static,0x199ABE01|0xF9960E73
0xA92EB0EC,,,0,2,0,2,1,0,0,4,4,0.82,0,break_piece,0x261F62BF|0x77A20DC0
0xA96389CD,floor00.slice2b,rainbow,1,2,0,0,0,0,0,1,1,0.03,0,static,0x04549112|0xFD0229C3
0xA97713D5,hp_jetexhaust,rainbow,1,2,0,0,2,0,0,4,4,0.03,1,intact,0x79905D82|0xFB89A3B1
0xA9A8D138,floor01.piece1c_propdebris12,rainbow,1,2,0,2,2,0,0,3,3,13.81,1,break_piece|intact,0xCA3AC936|0xD44C2215
0xA9B3FEF7,,,0,2,0,0,2,0,0,6,6,1.05,0,break_piece,0x80C357EC|0xCE77D4CB
0xAA106723,,,0,2,0,0,2,0,0,3,4,0.03,1,intact,0x60E7FFEB|0x96195816
0xAA3A8CB8,piece5g_pristine,rainbow,1,2,0,2,2,0,0,2,2,14.04,0,break_piece|intact,0x50AACA22|0xE59723FD
0xAA40A19A,hp_barreltip_archer_d,rainbow,1,2,0,0,2,0,0,5,7,0.03,1,break_piece,0x1CE8F54F|0x342EDDD4
0xAA70B919,bone_dish_b,rainbow,1,2,0,0,2,0,0,5,5,2.44,1,intact,0x13A86EF7|0x9387F335
0xAA77488F,slice1f_propdebris02,rainbow,1,2,0,2,2,0,0,4,4,6.06,1,break_piece,0x1E359C2F|0x35992F99
0xAA7A30C6,bone_wind6,rainbow,1,2,0,0,2,0,0,4,4,0.03,1,intact,0x62D45983|0xFF7ABB3B
0xAA87212F,merida_bld_ifano7,rainbow,1,2,0,0,2,0,0,6,6,1.04,0,break_piece,0x36A0A401|0x6BDE4B9D
0xAA935DA4,,,0,2,0,2,2,0,0,5,5,2.54,1,intact,0x1125CB99|0x926D9ECB
0xAADB3BC3,,,0,2,0,2,2,0,0,3,3,1.85,0,break_piece,0x89D8DE72|0x905B2A87
0xAB35A8CE,,,0,2,0,2,1,0,0,5,5,3.81,1,break_piece,0xC68EFD61|0xE2068412
0xAB3AF096,,,0,2,0,2,2,0,0,1,1,1.36,0,intact,0x1066F684|0xBC65582A
0xAB7D0456,bone_flap2_l,rainbow,1,2,0,0,2,0,0,2,2,5.12,1,,0x722BEA76|0xC1E0DE18
0xAB9C086B,floor01.piece1c_propdebris15,rainbow,1,2,0,2,2,0,0,3,3,8.39,1,break_piece|intact,0xCA3AC936|0xD44C2215
0xABC0EB3D,piece1d_propdebris15,rainbow,1,2,0,2,2,0,0,3,3,4.50,1,break_piece,0x37B0103D|0xA26387A9
0xAC1BA725,slice1a_propattach18,rainbow,1,2,0,0,0,0,0,3,3,0.03,1,break_piece,0x1946F361|0xDDBA557D
0xAC6472A8,,,0,2,0,2,2,0,0,5,5,8.27,1,break_piece,0x618526A4|0x818E5819
0xACB01D0A,,,0,2,0,2,2,0,0,5,5,2.25,1,break_piece,0x37B0103D|0x818E5819
0xACF4CAEA,,,0,2,0,0,2,0,0,3,3,0.03,1,break_piece,0x3D8AA814|0x6FF480E8
0xAD230717,,,0,2,0,0,2,0,0,6,6,1.34,0,break_piece,0x5B172306|0x7D0B00CB
0xAD2D3E4E,L2_close,rainbow,1,2,0,0,2,0,0,6,6,1.73,0,break_piece,0x1125CB99|0x70DACFC5
0xAD515285,,,0,2,0,2,0,0,0,3,3,0.03,0,break_piece,0x89D8DE72|0x905B2A87
0xADF39F38,piece1c_propdebris28,rainbow,1,2,0,2,2,0,0,3,3,6.87,1,break_piece,0xB6B946F4|0xE110E2D3
0xAE5D36E5,hp_barreltip_missile_rb,rainbow,1,2,0,0,2,0,0,5,7,0.03,1,intact,0x1CE8F54F|0x342EDDD4
0xAE7471AA,,,0,2,0,2,2,0,0,1,1,0.50,0,intact,0x4761451B|0xEA7F9F3F
0xAE95FE7B,piece5f_propdebris15,rainbow,1,2,0,2,2,0,0,3,3,1.16,1,break_piece,0xBFE24A41|0xDA50B276
0xAEE7D13F,,,0,2,0,0,2,0,0,6,6,0.79,0,break_piece,0xB645EE21|0xB98FB059
0xAEF6BE1E,,,0,2,0,0,2,0,0,5,5,0.03,1,break_piece,0x2F4F8F3E|0xE6027C27
0xAF080566,,,0,2,0,0,2,0,0,6,6,1.13,0,break_piece,0x9B994D39|0x9C3D4104
0xAF09DDA7,,,0,2,0,0,2,0,0,6,6,1.05,0,break_piece,0x80C357EC|0xCE77D4CB
0xAF270624,piece4b_propdebris04,rainbow,1,2,0,2,2,0,0,3,3,1.79,1,break_piece,0x95FB5377|0xABFDB4B0
0xAF3B425F,,,0,2,0,2,2,0,0,4,5,8.65,1,break_piece,0x25FE00A7|0xE54047D5
0xAF5AA768,,,0,2,0,0,2,0,0,3,3,0.03,1,break_piece,0x7604B190|0xE59723FD
0xB01BDD38,floor00.slice1a_ruin,rainbow,1,2,0,2,2,0,0,2,2,35.47,0,intact,0x04549112|0xFD0229C3
0xB093A0DE,slice2a_propattach11_pristine,rainbow,1,2,0,2,2,0,0,4,4,17.01,1,intact,0x2171B6D7|0xE6027C27
0xB0A0057E,,,0,2,0,0,2,0,0,6,6,1.37,0,break_piece,0x179A7702|0x9302194B
0xB0BDC21B,,,0,2,0,0,2,0,0,3,3,0.03,1,break_piece,0x7604B190|0xE59723FD
0xB0C62B7F,,,0,2,0,2,2,0,0,5,5,28.26,1,break_piece,0x2C31E48A|0x2E3C0B49
0xB0D1893B,,,0,2,0,0,2,0,0,3,3,1.59,1,,0x3A1CB5C0|0x54E9C345
0xB0E2D7F4,,,0,2,0,2,2,0,0,4,4,1.93,0,break_piece,0x261F62BF|0x77A20DC0
0xB133D53D,piece4b_propdebris01,rainbow,1,2,0,2,2,0,0,3,3,2.47,1,break_piece,0x95FB5377|0xABFDB4B0
0xB180A56E,hp_gunmount_fl,rainbow,1,2,0,0,2,0,0,7,7,0.03,1,intact,0x7366155A|0xD4E88AFD
0xB1CA859D,floor01.piece1c_propattach11,rainbow,1,2,0,0,0,0,0,3,3,0.03,1,break_piece|intact,0xCA3AC936|0xD44C2215
0xB215F7CB,slice1b_propattach09_ruin,rainbow,1,2,0,2,1,0,0,4,4,5.29,0,break_piece|intact,0x1A1B848F|0xF445EE6D
0xB2441D46,piece1a_propdebris59,rainbow,1,2,0,2,2,0,0,3,3,10.02,1,break_piece,0x3601FC68|0x5436A936
0xB29137F4,floor03.piece1a_propdebris12,rainbow,1,2,0,2,2,0,0,3,3,4.37,1,break_piece,0x13417609|0xCA3AC936
0xB295B522,floor03.piece1a_propdebris14,rainbow,1,2,0,2,2,0,0,3,3,5.00,1,break_piece,0x13417609|0xCA3AC936
0xB2A6E99C,floor03.piece1a,rainbow,1,2,0,0,0,0,0,1,1,0.03,0,static,0x13417609|0xCA3AC936
0xB3208C8F,bone_yaw_gun_fr,rainbow,1,2,0,0,0,0,0,5,5,0.31,0,intact,0x7366155A|0xD4E88AFD
0xB328B5EB,slice4a_propattach00,rainbow,1,2,0,0,0,0,0,3,3,0.03,1,break_piece,0x2F4F8F3E|0xE6027C27
0xB3585148,,,0,2,0,2,2,0,0,5,5,15.57,1,break_piece,0x2E3C0B49|0xA67A960D
0xB3597EF2,,,0,2,0,0,2,0,0,4,4,0.03,1,break_piece,0x04817CD7|0xDBA727BB
0xB39E9F1E,,,0,2,0,0,2,0,0,6,6,1.06,0,break_piece,0xB9CAAC7B|0xF2BEF3FF
0xB3BA0EE9,slice1d_propattach03_pristine,rainbow,1,2,0,2,0,0,0,4,4,0.93,0,break_piece,0x6871E4C5|0xF1441A89
0xB3D51852,bone_piston_b,rainbow,1,2,0,0,1,0,0,2,5,0.21,1,break_piece,0x0E9502CF|0x42740E1B
0xB3FCFB11,,,0,2,0,0,0,0,0,4,5,0.03,1,break_piece,0x9F2D315C|0xFCAE37AB
0xB410F531,piece3a_propdebris21,rainbow,1,2,0,2,2,0,0,3,3,4.02,1,break_piece,0xBFC09F3E|0xDA1D8548
0xB429C26F,L2_closeup28,rainbow,1,2,0,0,2,0,0,6,6,1.73,0,break_piece,0x4BE3E7C4|0x926D9ECB
0xB43D4A27,L2_closeup20,rainbow,1,2,0,0,2,0,0,6,6,1.05,0,break_piece,0x16497BF1|0xCE77D4CB
0xB497A337,,,0,2,0,2,2,0,0,1,1,1.21,0,break_piece,0x09139BCD|0x45CC35FE
0xB49DFF47,,,0,2,0,0,2,0,0,4,5,0.03,1,break_piece,0x25FE00A7|0xD1968AF1
0xB4A3070E,floor00.slice2b_ruin,rainbow,1,2,0,2,2,0,0,2,2,35.51,0,intact,0x04549112|0xFD0229C3
0xB4CB5682,hp_barreltip_hellfire_h,rainbow,1,2,0,0,2,0,0,4,4,0.03,1,break_piece,0x6D394A7B|0x994E1953
0xB4D82F7E,,,0,2,0,0,2,0,0,3,3,0.03,1,intact,0x1B95B705|0x298FC14E
0xB510917F,,,0,2,0,2,2,0,0,6,6,2.31,0,break_piece|intact,0x4C998949|0x717EB6DA
0xB5457EF9,,,0,2,0,0,2,0,0,1,1,1.30,0,,0x0BBA3066|0x25C98327
0xB5667191,piece1b_propdebris39,rainbow,1,2,0,2,2,0,0,3,3,7.97,1,break_piece,0x493FD997|0xA948DDA6
0xB582128E,,,0,2,0,0,2,0,0,5,5,1.93,0,break_piece|intact,0x6F98CA68|0xFEDA4BF0
0xB5BBA802,,,0,2,0,0,2,0,0,6,6,1.30,0,break_piece,0x12732DD2|0x63E4703A
0xB609903E,,,0,2,0,0,2,0,0,6,6,3.81,0,break_piece,0xDDE0070C|0xEAA1C080
0xB63B3C88,bone_doorlb,rainbow,1,2,0,0,0,0,0,3,5,0.03,1,break_piece,0x1CE8F54F|0x342EDDD4
0xB6924EC6,floor01.piece2b_propdebris14,rainbow,1,2,0,2,2,0,0,3,3,7.25,1,break_piece|intact,0xD23F52FC|0xFD0229C3
0xB69ECEFC,slice1a_propattach20,rainbow,1,2,0,0,0,0,0,3,3,0.03,1,break_piece,0x1946F361|0xDDBA557D
0xB6B446BF,piece9a,rainbow,1,2,0,0,0,0,0,1,1,0.03,0,static,0x69D31E85|0xF08D5BB5
0xB73BAC72,hp_barreltip_l,rainbow,1,2,0,0,2,0,0,5,6,0.03,1,break_piece|intact,0x1A221527|0xF6DEC8EA
0xB76E90DA,,,0,2,0,0,2,0,0,6,6,6.98,0,break_piece,0x149FC407|0x9A7642ED
0xB774179E,,,0,2,0,2,0,0,0,3,3,0.03,1,break_piece,0x89D8DE72|0x905B2A87
0xB7859676,,,0,2,0,0,2,0,0,1,6,11.80,1,break_piece,0x1FBFBB4B|0x461F1A3A
0xB8097545,piece1c_propdebris21,rainbow,1,2,0,2,2,0,0,3,3,6.31,1,break_piece,0xC1527544|0xE110E2D3
0xB857B0E1,,,0,2,0,2,0,0,0,3,3,0.03,1,break_piece,0x89D8DE72|0x905B2A87
0xB8ABF919,,,0,2,0,2,2,0,0,5,5,5.48,1,break_piece,0x2A5FF32E|0x384DEECA
0xB8EA0499,hp_seat_fmr,rainbow,1,2,0,0,2,0,0,3,4,0.03,1,intact,0x0C95FF35|0x60E7FFEB
0xB8ED0265,,,0,2,0,2,1,0,0,4,4,3.06,1,break_piece,0x12181179|0x4BE3E7C4
0xB93A6908,,,0,2,0,0,2,0,0,6,6,1.24,0,break_piece,0x0E9502CF|0xB5C2D9F8
0xB9CAC1CD,,,0,2,0,0,2,0,0,6,6,1.55,0,break_piece,0x551A0FF1|0x833030CA
0xBACC341B,,,0,2,0,0,2,0,0,6,6,0.03,1,break_piece,0x89D8DE72|0x905B2A87
0xBAF8423A,slice1c_propdebris26,rainbow,1,2,0,2,2,0,0,4,4,4.95,1,break_piece,0x770E7949|0xF515FB68
0xBAFB02F4,,,0,2,0,2,2,0,0,1,1,1.34,0,break_piece|intact,0x45CC35FE|0x4AB6F9B6
0xBB19BC1F,,,0,2,0,0,0,0,0,2,2,1.22,1,,0x3A1CB5C0|0x54E9C345
0xBB643C6C,piece1b_propdebris38,rainbow,1,2,0,2,2,0,0,3,3,25.65,1,break_piece,0x493FD997|0xA948DDA6
0xBB9D2C51,hp_barreltip_be,rainbow,1,2,0,0,2,0,0,5,6,0.03,1,break_piece|intact,0x13709C60|0xAC990539
0xBBDFFE23,,,0,2,0,0,2,0,0,6,6,1.05,0,break_piece,0x16497BF1|0xCE77D4CB
0xBC63888B,,,0,2,0,2,2,0,0,5,5,3.80,1,break_piece,0x1125CB99|0x926D9ECB
0xBC906734,hp_dock_gunner_l,rainbow,1,2,0,0,2,0,0,4,4,0.03,1,intact,0x79905D82|0xFB89A3B1
0xBCBA3CBE,,,0,2,0,0,2,0,0,5,5,1.55,0,intact,0x551A0FF1|0x833030CA
0xBCFE35E9,,,0,2,0,0,0,0,0,4,4,0.03,0,break_piece,0x807D1C3B|0xB4FE2B80
0xBD5E7161,,,0,2,0,0,2,0,0,3,3,0.03,1,intact,0x6B432F1C|0xBEC05BF8
0xBDE72B66,bone_wheel_rr_null,rainbow,1,2,0,0,2,0,0,2,2,2.01,1,,0x722BEA76|0xC1E0DE18
0xBDEA395E,,,0,2,0,2,2,0,0,5,5,2.21,0,intact,0x5B172306|0x7D0B00CB
0xBE0DFD0A,,,0,2,0,0,2,0,0,2,2,54.26,0,break_piece,0x036E4F11|0x1976B149
0xBE27AA1A,,,0,2,0,2,2,0,0,6,6,3.04,1,intact,0x1125CB99|0x926D9ECB
0xBE3FDE55,,,0,2,0,0,2,0,0,6,6,0.03,1,break_piece,0x89D8DE72|0x905B2A87
0xBE4F869A,,,0,2,0,2,2,0,0,6,6,2.24,0,intact,0x0E9502CF|0x31F0FE47
0xBE598AEB,slice1d_propdebris08,rainbow,1,2,0,2,2,0,0,4,4,8.30,1,break_piece,0x1E359C2F|0xFC332812
0xBE96D88C,floor01.piece2b_propdebris16,rainbow,1,2,0,2,2,0,0,3,3,8.39,1,break_piece|intact,0xAC3CD893|0xFD0229C3
0xBEA7FF87,,,0,2,0,0,2,0,0,4,6,2.26,1,break_piece,0x1CE8F54F|0x342EDDD4
0xBEAC7CB5,,,0,2,0,0,2,0,0,4,6,2.26,1,break_piece,0x1CE8F54F|0x342EDDD4
0xBEC4C6BF,hp_dock_gun_fl,rainbow,1,2,0,0,2,0,0,4,4,0.03,1,intact,0x7366155A|0xD4E88AFD
0xBEF52D95,hp_seat_gun_rl,rainbow,1,2,0,0,2,0,0,4,4,0.03,1,intact,0xC142F94B|0xD4E88AFD
0xBF0DE482,floor02.piece1a_propdebris22,rainbow,1,2,0,2,2,0,0,3,3,11.22,1,break_piece,0x601A1292|0x7D766FA6
0xBF382B84,,,0,2,0,2,0,0,0,5,6,0.65,0,break_piece,0x9F2D315C|0xFCAE37AB
0xBF8A203C,,,0,2,0,0,2,0,0,1,6,11.80,1,break_piece,0x1FBFBB4B|0x461F1A3A
0xBF93CDEE,,,0,2,0,0,2,0,0,6,6,1.05,0,break_piece,0x80C357EC|0xCE77D4CB
0xBFC7CAA0,,,0,2,0,0,2,0,0,5,5,0.03,1,break_piece,0x319D840A|0x7E3AB07D
0xC001694D,,,0,2,0,0,0,0,0,6,6,0.62,1,break_piece,0x89D8DE72|0x905B2A87
0xC0390DAF,bone_doorla,rainbow,1,2,0,0,2,0,0,3,5,1.12,1,break_piece,0x1CE8F54F|0x342EDDD4
0xC07E2CB2,,,0,2,0,0,2,0,0,3,3,0.03,1,intact,0x1923143C|0x5436A936
0xC08C6E6A,,,0,2,0,0,2,0,0,5,5,0.94,0,break_piece,0x713ED3DB|0x818E5819
0xC0E4A6F5,,,0,2,0,0,2,0,0,6,6,2.36,0,break_piece,0x4C998949|0x717EB6DA
0xC10FD18B,,,0,2,0,0,0,0,0,3,3,1.58,1,break_piece,0x6D394A7B|0x994E1953
0xC11C5535,,,0,2,0,0,2,0,0,2,2,39.82,0,break_piece,0x036E4F11|0x1976B149
0xC19AF72C,hp_barreltip_bd,rainbow,1,2,0,0,2,0,0,5,6,0.03,1,break_piece|intact,0x13709C60|0xAC990539
0xC1B0CD8E,,,0,2,0,0,2,0,0,4,5,0.03,1,break_piece,0x79905D82|0xC733E65D
0xC1B32D24,qw_nomission_fr,rainbow,1,2,0,0,0,0,0,6,6,0.43,1,break_piece,0x89D8DE72|0x905B2A87
0xC1F48492,,,0,2,0,2,2,0,0,5,5,4.03,0,break_piece,0x2171B6D7|0x7C77ACCB
0xC2C743B4,,,0,2,0,0,2,0,0,8,10,2.04,0,break_piece,0x1CE8F54F|0x342EDDD4
0xC334586A,,,0,2,2,0,0,0,0,0,0,0.03,0,static,0x931C3D10|0x980898B5
0xC36DBA31,,,0,2,0,0,2,0,0,7,7,0.03,1,break_piece,0x89D8DE72|0x905B2A87
0xC3985A4B,,,0,2,0,0,2,0,0,6,6,0.89,0,break_piece,0x56EE6A1F|0xE8E58109
0xC3A7650B,slice1a_propdebris32,rainbow,1,2,0,2,2,0,0,3,4,6.84,1,break_piece,0xB358951D|0xEAA1C080
0xC3AC5D84,,,0,2,0,0,2,0,0,5,7,0.03,1,break_piece,0x1CE8F54F|0x342EDDD4
0xC3B0DAB2,,,0,2,0,0,2,0,0,5,7,0.03,1,break_piece,0x1CE8F54F|0x342EDDD4
0xC3EA23B7,floor00.slice1a,rainbow,1,2,0,0,0,0,0,1,1,0.03,0,static,0x04549112|0xFD0229C3
0xC4347091,,,0,2,0,0,0,0,0,3,3,0.03,1,break_piece,0x149FC407|0xD1574A09
0xC4403B60,bone_turret,rainbow,1,2,0,0,0,0,0,4,4,0.72,0,intact,0x299E2340|0xEC6C211D
0xC4470C12,,,0,2,0,0,0,0,0,4,4,0.03,0,break_piece,0xCBABA641|0xDA219845
0xC4593076,bone_chain1,rainbow,1,2,0,0,2,0,0,1,1,0.45,0,,0x0BBA3066|0x25C98327
0xC47D260C,,,0,2,0,0,0,0,0,4,4,0.03,0,break_piece,0xCBABA641|0xDA219845
0xC4D4B52F,piece1c_propattach00_pristine,rainbow,1,2,0,2,0,0,0,4,4,0.60,0,break_piece,0x020E5BB4|0x086666D2
0xC4F01DB0,,,0,2,0,2,0,0,0,3,3,0.03,0,break_piece,0x89D8DE72|0x905B2A87
0xC5163BFD,,,0,2,0,0,2,0,0,1,6,1.71,1,break_piece,0x1FBFBB4B|0x461F1A3A
0xC51DFDBD,,,0,2,0,0,2,0,0,2,3,0.03,1,break_piece,0xC56B1A44|0xD1968AF1
0xC5328728,,,0,2,0,2,2,0,0,5,5,5.93,1,break_piece,0x2E3C0B49|0xA67A960D
0xC55750ED,bone_flap1_l,rainbow,1,2,0,0,2,0,0,2,2,8.50,1,,0x722BEA76|0xC1E0DE18
0xC562FB27,,,0,2,0,0,2,0,0,3,3,0.03,1,intact,0x125512D6|0x6B432F1C
0xC56556FE,piece3a_propdebris17,rainbow,1,2,0,2,2,0,0,3,3,6.11,1,break_piece,0x6B3A45A6|0xBFC09F3E
0xC57E8824,floor03.piece1b_ruin,rainbow,1,2,0,2,0,0,0,2,2,0.03,0,break_piece,0x7D766FA6|0xCA3AC936
0xC587E940,piece3a_propdebris19,rainbow,1,2,0,2,2,0,0,3,3,4.02,1,break_piece,0xBFC09F3E|0xDA1D8548
0xC5937567,merida_bld_hotel_railing_d0,rainbow,1,2,3,0,3,0,0,0,0,0.90,0,,0xBA0A5B9B|0xC5937567
0xC5A98020,,,0,2,0,0,0,0,0,4,4,2.22,1,break_piece,0x89D8DE72|0x905B2A87
0xC5ADA20B,piece3d_propdebris15,rainbow,1,2,0,2,2,0,0,3,3,6.40,1,break_piece,0x91E2FC68|0xA517D4A3
0xC5B21F39,piece3d_propdebris17,rainbow,1,2,0,2,2,0,0,3,3,4.42,1,break_piece,0x91E2FC68|0xA517D4A3
0xC5DB83A7,,,0,2,0,2,1,0,0,5,5,7.15,1,break_piece,0x539FF827|0x9132806D
0xC5F93BF4,,,0,2,0,0,2,0,0,6,6,0.79,0,break_piece,0xB645EE21|0xB98FB059
0xC639B480,,,0,2,0,0,2,0,0,3,3,0.03,1,break_piece,0x8566262E|0x9DF812C4
0xC669CE29,,,0,2,0,0,2,0,0,5,5,0.03,1,break_piece|intact,0x2F1F099B|0x539FF827
0xC681014C,hp_barreltip_rocket_la,rainbow,1,2,0,0,2,0,0,4,6,0.03,1,break_piece,0x1CE8F54F|0x342EDDD4
0xC6AE0761,,,0,2,0,2,2,0,0,5,5,3.44,1,break_piece,0x37B0103D|0x818E5819
0xC75790FE,,,0,2,0,0,2,0,0,5,5,0.03,1,break_piece,0x89D8DE72|0x905B2A87
0xC7841C57,,,0,2,0,2,2,0,0,5,5,1.73,1,break_piece,0x91E2FC68|0xAA61A555
0xC78430E0,,,0,2,0,2,0,0,0,3,3,1.64,1,break_piece,0x89D8DE72|0x905B2A87
0xC7995899,slice1e_propdebris01,rainbow,1,2,0,2,2,0,0,4,4,7.99,1,break_piece,0x1E359C2F|0x35992F99
0xC7A1A32C,floor00.slice2b_interior,rainbow,1,2,0,2,2,0,0,3,3,30.32,0,break_piece,0x04549112|0xFD0229C3
0xC7AD6F28,,,0,2,0,2,0,0,0,4,4,0.03,0,break_piece,0x1E359C2F|0x35992F99
0xC7B1EF9A,,,0,2,0,0,2,0,0,6,6,1.05,0,break_piece,0x80C357EC|0xCE77D4CB
0xC7CE8761,hp_seat_cannon,rainbow,1,2,0,0,2,0,0,3,5,0.03,1,break_piece|intact,0x25FE00A7|0xE54047D5
0xC7DB489D,,,0,2,0,0,2,0,0,5,5,4.03,0,intact,0x7C77ACCB|0xFA83AC18
0xC7FAD687,,,0,2,0,2,2,0,0,3,3,1.13,1,break_piece,0x22435EEA|0x4A95F55C
0xC85523B8,floor01.slice2b_propdebris01,rainbow,1,2,0,2,2,0,0,3,4,6.41,1,break_piece,0x149FC407|0xD1574A09
0xC8CAA066,piece1d_propdebris34,rainbow,1,2,0,2,2,0,0,3,3,9.64,1,break_piece,0xA0EAF095|0xA79EE18C
0xC8F58BFC,,,0,2,0,0,2,0,0,5,5,0.03,1,break_piece,0x319D840A|0x539FF827
0xC90B3604,floor03.piece1b_propdebris13,rainbow,1,2,0,2,2,0,0,3,3,6.74,1,break_piece,0x7D766FA6|0xCA3AC936
0xC924F07B,piece4b_propdebris07,rainbow,1,2,0,2,2,0,0,3,3,4.53,1,break_piece,0x95FB5377|0xABFDB4B0
0xC9296DA9,piece4b_propdebris05,rainbow,1,2,0,2,2,0,0,3,3,1.67,1,break_piece,0x95FB5377|0xABFDB4B0
0xC93E42AF,,,0,2,0,0,2,0,0,6,6,2.37,0,break_piece,0x4C998949|0x717EB6DA
0xC9754A84,,,0,2,0,0,2,0,0,6,6,1.38,0,break_piece,0x02195587|0xE31521AD
0xC999F90E,floor01.piece1c_propdebris14,rainbow,1,2,0,2,2,0,0,3,3,8.38,1,break_piece|intact,0xCA3AC936|0xD44C2215
0xC9A526CD,,,0,2,0,0,2,0,0,6,6,1.05,0,break_piece,0x80C357EC|0xCE77D4CB
0xC9AE2A0C,,,0,2,0,0,2,0,0,6,6,0.89,0,break_piece,0x56EE6A1F|0xE8E58109
0xC9DC5323,,,0,2,0,0,2,0,0,5,5,0.03,1,intact,0x585A9008|0xCC36A4EB
0xCA02735E,piece2c_propdebris14,rainbow,1,2,0,2,2,0,0,3,3,5.44,1,break_piece,0xE2068412|0xFB3F09AE
0xCA08D742,,,0,2,0,0,0,0,0,4,4,0.03,1,break_piece,0x1125CB99|0x926D9ECB
0xCA485AEB,floor01.slice2b_propdebris06,rainbow,1,2,0,2,2,0,0,3,4,4.74,1,break_piece,0x149FC407|0xD1574A09
0xCA4E04C9,piece2b_propattach00_ruin,rainbow,1,2,0,2,1,0,0,4,4,4.18,0,break_piece|intact,0x6BDE4B9D|0x99C8323F
0xCA6AF0D7,floor00.slice1b_pristine,rainbow,1,2,0,2,0,0,0,2,2,27.83,0,break_piece,0x04549112|0xFD0229C3
0xCA8A4250,,,0,2,0,0,2,0,0,2,2,56.31,0,break_piece,0x9337E2DF|0xD0B84392
0xCAB3F9F5,,,0,2,0,0,2,0,0,4,4,0.81,1,intact,0x40858AFC|0xD745E58F
0xCAC8EF29,slice2a_propdebris11,rainbow,1,2,0,2,2,0,0,3,3,4.52,1,break_piece,0x652F1208|0x9DF6B30B
0xCBB4B918,,,0,2,0,0,2,0,0,3,3,0.03,1,break_piece|intact,0x3601FC68|0xFF7ABB3B
0xCC54F398,,,0,2,0,0,2,0,0,1,1,0.46,0,,0x1DC4F961|0xDFDF5B5D
0xCC7CA4E3,bone_wind7,rainbow,1,2,0,0,2,0,0,4,4,0.03,1,intact,0x62D45983|0xFF7ABB3B
0xCCA041DA,,,0,2,2,0,0,0,0,0,0,0.03,0,static,0x5F1CF60F|0x71145D98
0xCCE2DEBE,,,0,2,0,0,2,0,0,3,3,0.03,1,intact,0x36A9F3D4|0x98B149DF
0xCD393302,,,0,2,0,2,2,0,0,4,5,9.01,1,break_piece,0x25FE00A7|0xE54047D5
0xCD3A05A0,,,0,2,0,0,2,0,0,6,6,1.01,0,break_piece,0x461F1A3A|0xFCAE37AB
0xCD479F61,,,0,2,0,0,2,0,0,7,7,0.98,1,break_piece,0x89D8DE72|0x905B2A87
0xCDBAEC7B,piece5e_propdebris03,rainbow,1,2,0,2,2,0,0,3,3,8.12,1,break_piece,0x04CC21CD|0xAC079C4A
0xCDD595B3,,,0,2,0,0,2,0,0,3,3,0.03,1,break_piece|intact,0xD7FCFD11|0xE59723FD
0xCDD6739B,bone_door_l,rainbow,1,2,0,0,2,0,0,4,4,2.25,1,intact,0x96195816|0xFB89A3B1
0xCDE58652,hp_fx_light16,rainbow,1,2,0,0,2,0,0,1,3,0.03,1,break_piece|static,0x04ED3522|0xF1441A89
0xCDF36C5A,,,0,2,0,0,2,0,0,3,3,0.03,1,break_piece,0x90B6CC8B|0xBE2C617B
0xCE3FFB2D,bone_doorra,rainbow,1,2,0,0,2,0,0,3,5,1.08,1,break_piece,0x1CE8F54F|0x342EDDD4
0xCE4AF7F7,bone_door_rl_top,rainbow,1,2,0,0,2,0,0,3,5,1.54,1,break_piece,0x1CE8F54F|0x342EDDD4
0xCEB29127,,,0,2,0,2,2,0,0,5,5,3.55,1,break_piece,0x37B0103D|0x818E5819
0xCEBB55EB,hp_seat,rainbow,1,2,0,0,2,0,0,1,2,0.03,0,static,0x342EDDD4|0x43E676BB
0xCF08F787,,,0,2,0,0,0,0,0,5,5,0.41,1,break_piece,0x89D8DE72|0x905B2A87
0xCF0DA322,bone_piston_bottom_r,rainbow,1,2,0,0,2,0,0,4,4,0.30,1,intact,0x79905D82|0xFB89A3B1
0xCF17C599,hp_fx_jet_exhaust_a,rainbow,1,2,0,0,2,0,0,2,2,0.03,1,,0x33C8B389|0xA2AB2E44
0xCF1A032F,slice1c_propdebris12,rainbow,1,2,0,2,2,0,0,3,3,3.15,1,break_piece|intact,0x09E169B3|0xC3F92D74
0xCFCF6A33,,,0,2,0,0,2,0,0,1,2,0.42,1,,0x018A04DE|0x849972EE
0xD0090E9F,piece1i,rainbow,1,2,0,0,0,0,0,1,1,0.03,0,static,0x4B9C42F1|0xD7FCFD11
0xD0121F84,hp_shelleject_bb,rainbow,1,2,0,0,2,0,0,5,6,0.03,1,break_piece|intact,0x13709C60|0xAC990539
0xD0169CB2,hp_shelleject_bd,rainbow,1,2,0,0,2,0,0,5,6,0.03,1,break_piece|intact,0x13709C60|0xAC990539
0xD0239A86,piece1b_propattach11_ruin,rainbow,1,2,0,2,1,0,0,4,4,8.41,1,break_piece|intact,0x384DEECA|0x6B3A45A6
0xD076E5C7,,,0,2,0,2,2,0,0,1,1,0.47,0,intact,0x4761451B|0xEA7F9F3F
0xD0CADB0D,,,0,2,0,2,2,0,0,5,5,11.88,1,break_piece,0x2C31E48A|0x2E3C0B49
0xD0ED649A,,,0,2,0,2,2,0,0,1,1,1.06,0,intact,0x01ED3D6F|0x1A9D89DF
0xD0F9323B,,,0,2,0,0,2,0,0,5,5,0.03,1,break_piece,0x2F4F8F3E|0xE6027C27
0xD0FDAF69,,,0,2,0,0,2,0,0,5,5,0.03,1,break_piece,0x2F4F8F3E|0xE6027C27
0xD113A590,,,0,2,0,0,1,0,0,2,2,2.34,1,,0x722BEA76|0xC1E0DE18
0xD1339A2A,,,0,2,0,2,0,0,0,4,4,0.03,0,break_piece,0x1E359C2F|0x35992F99
0xD13AAF5F,,,0,2,0,0,2,0,0,3,3,0.03,1,break_piece,0x7604B190|0xE59723FD
0xD1478F55,piece4b_propdebris09,rainbow,1,2,0,2,2,0,0,3,3,2.03,1,break_piece,0x95FB5377|0xABFDB4B0
0xD28DA279,piece1a_propattach06_ruin,rainbow,1,2,0,2,0,0,0,4,4,0.03,0,break_piece,0xE5133554|0xF03E0102
0xD2A2799B,,,0,2,0,0,2,0,0,6,6,1.27,0,break_piece,0x179A7702|0x9302194B
0xD2DBF945,piece1d_propdebris33,rainbow,1,2,0,2,2,0,0,3,3,9.64,1,break_piece,0xA0EAF095|0xA79EE18C
0xD305C938,,,0,2,0,2,1,0,0,5,5,3.81,1,break_piece,0x9A7642ED|0xCA20C1D9
0xD3AB51ED,floor01.piece1c_propdebris13,rainbow,1,2,0,2,2,0,0,3,3,13.81,1,break_piece|intact,0xCA3AC936|0xD44C2215
0xD3C0FE5A,,,0,2,0,0,2,0,0,6,6,0.03,1,break_piece,0x2D1D4D03|0xC23032BC
0xD3EAD8EC,,,0,2,0,0,2,0,0,6,6,2.10,0,break_piece,0x9132806D|0xEAA1C080
0xD3FC5A22,bone_piston_r,rainbow,1,2,0,0,2,0,0,3,5,0.39,1,break_piece,0x1CE8F54F|0x342EDDD4
0xD413CC3D,piece2c_propdebris13,rainbow,1,2,0,2,2,0,0,3,3,5.46,1,break_piece,0xE2068412|0xFB3F09AE
0xD443B144,,,0,2,0,0,0,0,0,3,3,0.03,1,break_piece,0x261F62BF|0x77A20DC0
0xD4469163,piece1a_propdebris58,rainbow,1,2,0,2,2,0,0,3,3,27.23,1,break_piece,0x3601FC68|0x5436A936
0xD4482E72,chinaoutpost_bld_evrbc8,rainbow,1,2,0,0,0,0,0,3,3,0.03,1,break_piece,0x261F62BF|0x77A20DC0
0xD46AFC32,,,0,2,0,0,2,0,0,6,6,6.98,0,break_piece,0x149FC407|0x9A7642ED
0xD4D11A56,,,0,2,0,0,0,0,0,4,4,0.03,1,intact,0x7366155A|0xD4E88AFD
0xD4E17053,bone_door_rear,rainbow,1,2,0,0,2,0,0,1,3,3.21,1,break_piece,0x41D7AC6F|0xA35416A8
0xD4EB4FFB,,,0,2,0,0,2,0,0,5,5,0.03,1,break_piece,0x89D8DE72|0x905B2A87
0xD5B28A3F,,,0,2,0,0,2,0,0,3,3,0.03,1,break_piece|intact,0x3601FC68|0xFF7ABB3B
0xD5FE037C,,,0,2,0,0,2,0,0,3,3,0.03,1,break_piece,0x0189C80A|0x8B69284B
0xD6541F56,floor00.slice1a_pristine,rainbow,1,2,0,2,0,0,0,2,2,25.46,0,break_piece,0x04549112|0xFD0229C3
0xD6C7E79E,,,0,2,0,0,0,0,0,3,3,0.56,1,break_piece,0x22435EEA|0x4A95F55C
0xD6EC280B,bone_sideskirt_ld,rainbow,1,2,0,0,2,0,0,3,3,1.09,1,break_piece,0x461F1A3A|0xF88147A1
0xD6F0A539,bone_sideskirt_lf,rainbow,1,2,0,0,2,0,0,3,3,1.33,1,break_piece,0x461F1A3A|0xF88147A1
0xD70A23D7,bone_pitch_doorgun,rainbow,1,2,0,0,0,0,0,6,6,0.23,1,break_piece,0x22435EEA|0x4A95F55C
0xD7930D84,,,0,2,0,0,0,0,0,4,4,1.43,1,break_piece,0x89D8DE72|0x905B2A87
0xD795D3C5,bone_strut_l,rainbow,1,2,0,0,0,0,0,3,5,2.08,1,break_piece,0x1CE8F54F|0x342EDDD4
0xD7BDEBB0,,,0,2,0,2,0,0,0,3,3,0.03,1,break_piece,0x89D8DE72|0x905B2A87
0xD81D79A0,piece1a_propdebris75,rainbow,1,2,0,2,2,0,0,3,3,12.81,1,break_piece,0x1923143C|0x3601FC68
0xD829B9E4,,,0,2,0,0,2,0,0,5,5,1.55,0,intact,0x551A0FF1|0x833030CA
0xD860AAF2,,,0,2,0,0,2,0,0,6,6,1.27,0,break_piece,0x179A7702|0x9302194B
0xD88206D6,,,0,2,0,0,2,0,0,5,5,0.94,0,break_piece,0x713ED3DB|0x818E5819
0xD8DE9BE3,hp_dock_gun_rl,rainbow,1,2,0,0,2,0,0,4,4,0.03,1,intact,0xC142F94B|0xD4E88AFD
0xD90B80AF,,,0,2,0,2,0,0,0,3,3,0.50,1,break_piece,0x22435EEA|0x4A95F55C
0xD92F2B81,piece5f_ruin,rainbow,1,2,0,2,0,0,0,2,2,5.46,0,break_piece,0xBFE24A41|0xDA50B276
0xD992AB84,,,0,2,0,2,2,0,0,4,4,11.70,0,break_piece|intact,0x04549112|0xFD0229C3
0xD9B2CEF2,,,0,2,0,0,2,0,0,4,6,0.03,1,break_piece,0x1CE8F54F|0x342EDDD4
0xD9E5E217,L4_closeup2,rainbow,1,2,0,0,2,0,0,4,6,2.26,1,break_piece,0x1CE8F54F|0x342EDDD4
0xD9EC84F0,floor00.slice1b,rainbow,1,2,0,0,0,0,0,1,1,0.03,0,static,0x04549112|0xFD0229C3
0xDA10B0D3,piece1a_propdebris72,rainbow,1,2,0,2,2,0,0,3,3,7.10,1,break_piece,0x1923143C|0x3601FC68
0xDA3551B4,piece1a_propdebris53,rainbow,1,2,0,2,2,0,0,3,3,25.01,1,break_piece,0x3601FC68|0xF4E636CC
0xDA39CEE2,piece1a_propdebris55,rainbow,1,2,0,2,2,0,0,3,3,8.59,1,break_piece,0x3601FC68|0x5436A936
0xDA3D91AB,slice2c_propattach01_ruin,rainbow,1,2,0,2,2,0,0,4,4,3.61,0,break_piece|intact,0x9DF6B30B|0xA76D0DA1
0xDA9591BB,,,0,2,0,0,2,0,0,4,5,0.03,1,break_piece,0x25FE00A7|0xE54047D5
0xDAA259CC,floor01.piece1b_propdebris19,rainbow,1,2,0,2,2,0,0,3,3,13.81,1,break_piece,0x7D766FA6|0xD44C2215
0xDAEA1F9E,piece1d_propdebris49,rainbow,1,2,0,2,2,0,0,3,3,24.72,1,break_piece,0xA0EAF095|0xA79EE18C
0xDB0CB1E0,piece1d_propdebris47,rainbow,1,2,0,2,2,0,0,3,3,27.82,1,break_piece,0xA0EAF095|0xA79EE18C
0xDB394935,piece2b_propattach01,rainbow,1,2,0,0,0,0,0,3,3,0.03,1,break_piece|intact,0x199ABE01|0x6BDE4B9D
0xDBDA5B68,bone_pitch_gun_fl,rainbow,1,2,0,0,0,0,0,6,6,0.80,1,intact,0x7366155A|0xD4E88AFD
0xDC577B8E,slice1d_propdebris09,rainbow,1,2,0,2,2,0,0,4,4,5.85,1,break_piece,0x1E359C2F|0xFC332812
0xDCC28B7D,,,0,2,0,0,2,0,0,6,6,1.25,0,break_piece,0x02195587|0x9C318A56
0xDCE06217,piece5e_propdebris21,rainbow,1,2,0,2,2,0,0,3,3,5.12,1,break_piece,0x2CE290F9|0x50AACA22
0xDD0397EE,piece5c_propdebris17,rainbow,1,2,0,2,2,0,0,3,3,4.11,1,break_piece,0x50AACA22|0xF4AF3C5B
0xDD380D34,slice2b_propattach03_ruin,rainbow,1,2,0,2,1,0,0,4,4,10.11,0,break_piece,0x6B1DE27D|0xDDE0070C
0xDD5D0CD7,slice2a_propattach09_pristine,rainbow,1,2,0,2,2,0,0,4,4,4.03,0,break_piece|intact,0x2171B6D7|0xE6027C27
0xDD72D55B,floor01.slice1a_propdebris00,rainbow,1,2,0,2,2,0,0,3,4,5.28,1,break_piece|intact,0x149FC407|0xCB4C6EAB
0xDDAEC509,,,0,2,0,0,2,0,0,5,7,0.03,1,break_piece,0x1CE8F54F|0x342EDDD4
0xDDB57086,,,0,2,0,2,0,0,0,5,5,3.04,1,break_piece,0x1125CB99|0x926D9ECB
0xDDC21518,floor00.slice2b_pristine,rainbow,1,2,0,2,0,0,0,2,2,31.11,0,break_piece,0x04549112|0xFD0229C3
0xDDD92CA8,,,0,2,0,0,2,0,0,5,5,4.03,0,intact,0x7C77ACCB|0xFA83AC18
0xDDDC6855,slice1d_propattach07_pristine,rainbow,1,2,0,2,2,0,0,4,4,3.48,0,intact,0x6871E4C5|0xF1441A89
0xDDE9B4B3,slice2b_propdebris05,rainbow,1,2,0,2,2,0,0,3,3,5.25,1,break_piece,0x9DF6B30B|0xB1EFE9B5
0xDE260AAF,piece5f_pristine,rainbow,1,2,0,2,2,0,0,2,2,5.66,0,intact,0xBFE24A41|0xDA50B276
0xDE36A386,bone_yaw_rr,rainbow,1,2,0,0,0,0,0,5,5,0.03,1,break_piece,0x22435EEA|0x4A95F55C
0xDE50C1E0,,,0,2,0,0,2,0,0,4,5,0.93,1,intact,0x40858AFC|0xD745E58F
0xDE9421E9,,,0,2,0,0,0,0,0,5,5,0.03,1,break_piece,0x1125CB99|0x926D9ECB
0xDE9EDD3F,piece5a_propdebris03,rainbow,1,2,0,2,2,0,0,3,3,3.37,1,break_piece,0x3BF3DA2E|0xF088DE87
0xDEE21058,white_o24624,rainbow,1,2,0,0,0,0,0,3,3,0.03,1,break_piece,0x04549112|0xFD0229C3
0xDF1BE74E,,,0,2,0,0,2,0,0,6,6,1.05,0,break_piece,0xCBABA641|0xDA219845
0xDF352524,bone_pitch_gun_rl,rainbow,1,2,0,0,0,0,0,6,6,0.80,1,intact,0xC142F94B|0xD4E88AFD
0xDFBEFF55,floor03.piece1a_ruin,rainbow,1,2,0,2,0,0,0,2,2,0.03,0,break_piece,0x13417609|0xCA3AC936
0xDFFF7124,piece1a_propdebris79,rainbow,1,2,0,2,2,0,0,3,3,12.81,1,break_piece,0x1923143C|0x3601FC68
0xE0208ADA,,,0,2,0,2,2,0,0,5,5,4.04,1,break_piece,0x2F1F099B|0x37B0103D
0xE07EEBA3,hp_barreltip_rocket_lb,rainbow,1,2,0,0,2,0,0,4,6,0.03,1,break_piece,0x1CE8F54F|0x342EDDD4
0xE0A90A4A,piece3b_propdebris16,rainbow,1,2,0,2,2,0,0,3,3,3.87,1,break_piece,0xCE99630D|0xF4AF3C5B
0xE0AF9A18,slice3a_propattach03_ruin,rainbow,1,2,0,2,0,0,0,4,4,0.03,0,break_piece,0xC939089F|0xE6027C27
0xE0DB3907,hp_seat_fml,rainbow,1,2,0,0,2,0,0,3,4,0.03,1,intact,0x0C95FF35|0x60E7FFEB
0xE0F3DD78,piece1a_propattach05_ruin,rainbow,1,2,0,2,0,0,0,4,4,0.03,0,break_piece,0xE5133554|0xF03E0102
0xE0FA5675,,,0,2,0,0,2,0,0,6,6,0.03,1,break_piece,0x89D8DE72|0x905B2A87
0xE1F406DA,qw_nomission_fl,rainbow,1,2,0,0,0,0,0,6,6,0.43,1,break_piece,0x89D8DE72|0x905B2A87
0xE21E8CE9,piece1c_propdebris18,rainbow,1,2,0,2,2,0,0,3,3,8.61,1,break_piece,0xC1527544|0xE110E2D3
0xE280A0CF,,,0,2,0,0,2,0,0,3,3,0.03,1,intact,0x1923143C|0x5436A936
0xE28EE287,,,0,2,0,0,2,0,0,5,5,0.94,0,break_piece,0x713ED3DB|0x818E5819
0xE2D87B11,,,0,2,0,0,0,0,0,3,3,0.03,1,break_piece,0x04549112|0xFD0229C3
0xE2E5FB59,,,0,2,0,0,2,0,0,5,5,0.03,1,break_piece,0x319D840A|0x539FF827
0xE2F5F5D7,piece3a_propdebris09,rainbow,1,2,0,2,2,0,0,3,3,2.83,1,break_piece,0x3BF3DA2E|0xE2068412
0xE33DD221,piece5a_propdebris12,rainbow,1,2,0,2,2,0,0,3,3,4.11,1,break_piece,0x50AACA22|0xF088DE87
0xE3649736,,,0,2,0,0,2,0,0,5,5,0.03,1,break_piece,0x149FC407|0x539FF827
0xE3D721AC,,,0,2,0,0,2,0,0,6,6,0.03,1,break_piece,0x89D8DE72|0x905B2A87
0xE3DE72B1,,,0,2,0,0,2,0,0,6,6,2.37,0,break_piece,0x4C998949|0x717EB6DA
0xE448C7B9,floor01.piece1a_propdebris20,rainbow,1,2,0,2,2,0,0,3,3,7.89,1,break_piece,0x601A1292|0xD44C2215
0xE44BAE17,,,0,2,0,2,2,0,0,5,5,4.40,0,break_piece,0x4C998949|0x717EB6DA
0xE4E4A055,,,0,2,0,2,2,0,0,4,4,7.26,1,break_piece,0x73033C9F|0x8B310BBB
0xE54C0113,,,0,2,0,0,2,0,0,4,4,0.03,1,break_piece,0x149FC407|0x539FF827
0xE55AA77F,,,0,2,0,2,0,0,0,3,4,0.03,0,intact,0x25FE00A7|0xE54047D5
0xE5640C7D,,,0,2,0,2,1,0,0,5,5,0.53,1,break_piece,0x149FC407|0x77A20DC0
0xE5AE2FAE,,,0,2,0,0,0,0,0,4,4,2.22,1,break_piece,0x89D8DE72|0x905B2A87
0xE5EA2948,hp_fx_light14,rainbow,1,2,0,0,2,0,0,3,3,0.03,1,break_piece,0x4F3C5FBE|0xF1441A89
0xE647A252,hp_piston_attach_r,rainbow,1,2,0,0,2,0,0,4,6,0.03,1,break_piece,0x1CE8F54F|0x342EDDD4
0xE674DDC6,slice3d_propdebris03,rainbow,1,2,0,2,2,0,0,3,4,2.59,1,break_piece,0x04CC21CD|0x7DB2E527
0xE67DBC4C,hp_piston_attach_l,rainbow,1,2,0,0,2,0,0,4,6,0.03,1,break_piece,0x1CE8F54F|0x342EDDD4
0xE6B7EEE1,,,0,2,0,0,2,0,0,6,6,1.13,0,break_piece,0x807D1C3B|0xB4FE2B80
0xE7207114,,,0,2,0,0,2,0,0,6,6,1.05,0,break_piece,0xCBABA641|0xDA219845
0xE721A959,floor02.piece1b_propdebris15,rainbow,1,2,0,2,2,0,0,3,3,8.38,1,break_piece,0x7D766FA6|0xD23F52FC
0xE72CDD37,,,0,2,0,0,2,0,0,4,4,0.03,1,intact,0x79905D82|0xFB89A3B1
0xE74A7E67,bone_hair1,rainbow,1,2,0,0,2,0,0,1,1,0.43,0,,0x0BBA3066|0x25C98327
0xE756D271,hp_barreltip_sam_c,rainbow,1,2,0,0,2,0,0,7,7,0.03,1,intact,0x25FE00A7|0xC142F94B
0xE763D771,,,0,2,0,0,2,0,0,4,4,0.03,1,break_piece,0x2F4F8F3E|0x319D840A
0xE767CB1B,piece3a_propdebris16,rainbow,1,2,0,2,2,0,0,3,3,6.11,1,break_piece,0x6B3A45A6|0xBFC09F3E
0xE7812B27,floor00.slice1b_interior,rainbow,1,2,0,2,2,0,0,3,3,28.14,0,break_piece,0x04549112|0xFD0229C3
0xE78ADD71,,,0,2,0,2,2,0,0,1,1,0.53,0,intact,0x01ED3D6F|0x1A9D89DF
0xE7A21DB2,,,0,2,0,0,2,0,0,5,6,1.77,0,break_piece,0xA35416A8|0xD7BB0643
0xE7B10485,,,0,2,0,0,2,0,0,4,4,0.03,1,intact,0x79905D82|0xFB89A3B1
0xE7E50A3E,,,0,2,0,0,2,0,0,4,4,0.03,1,break_piece,0x1E359C2F|0x35992F99
0xE7F23B77,,,0,2,0,0,2,0,0,6,6,1.54,0,break_piece,0x2B97DD31|0x8C58E7EB
0xE82BFE5F,,,0,2,0,0,0,0,0,5,5,0.03,1,break_piece,0x89D8DE72|0x905B2A87
0xE839C745,,,0,2,0,0,2,0,0,4,4,0.03,1,break_piece,0x799C0CA2|0x849BFE28
0xE8BFE505,piece1b_propattach11,rainbow,1,2,0,0,0,0,0,3,3,0.03,0,break_piece|intact,0x384DEECA|0x6B3A45A6
0xE8D645EC,,,0,2,0,0,0,0,0,3,3,0.03,1,break_piece,0x04549112|0xFD0229C3
0xE8E7C52E,piece2a_propdebris16,rainbow,1,2,0,2,2,0,0,3,3,7.58,1,break_piece,0x91E2FC68|0xE2068412
0xE90A5770,piece2a_propdebris18,rainbow,1,2,0,2,2,0,0,3,3,5.76,1,break_piece,0x91E2FC68|0xE2068412
0xE9909F35,hp_barreltip_missile_R,rainbow,1,2,0,0,2,0,0,4,5,1.74,1,break_piece|intact,0x0B76A8FC|0x22435EEA
0xE99F51E2,,,0,2,0,0,2,0,0,6,6,0.89,0,break_piece,0x56EE6A1F|0xE8E58109
0xE9B3D9E0,slice2b_propattach05_pristine,rainbow,1,2,0,2,1,0,0,4,4,10.11,0,break_piece,0x6B1DE27D|0xDDE0070C
0xE9CC1910,,,0,2,0,0,2,0,0,3,3,0.03,1,intact,0xB1EFE9B5|0xF51C01DD
0xE9CD9E9A,,,0,2,0,0,2,0,0,1,1,0.03,1,static,0x23AC7DAC|0x946F6A0A
0xE9D0BFD2,,,0,2,0,0,2,0,0,5,6,0.96,0,break_piece,0x9F2D315C|0xBD552CD3
0xEA148709,hp_shelleject_bc,rainbow,1,2,0,0,2,0,0,5,6,0.03,1,break_piece|intact,0x13709C60|0xAC990539
0xEA9DA5EB,,,0,2,0,0,2,0,0,2,2,3.33,1,,0x3A1CB5C0|0x54E9C345
0xEAA07CA2,,,0,2,0,0,0,0,0,4,4,0.03,1,break_piece,0x1125CB99|0x926D9ECB
0xEB1E5E92,,,0,2,0,0,0,0,0,4,4,0.70,1,break_piece,0x89D8DE72|0x905B2A87
0xEB22FA0C,,,0,2,0,2,0,0,0,6,6,2.23,0,break_piece,0x0E9502CF|0x31F0FE47
0xEB249D2C,,,0,2,0,0,2,0,0,6,6,1.95,1,break_piece,0x9132806D|0xEAA1C080
0xEB54788C,,,0,2,0,0,0,0,0,4,4,0.70,1,break_piece,0x89D8DE72|0x905B2A87
0xEB7EAA86,piece1a_propdebris60,rainbow,1,2,0,2,2,0,0,3,3,10.02,1,break_piece,0x3601FC68|0x5436A936
0xEBB01C74,piece3d_propdebris16,rainbow,1,2,0,2,2,0,0,3,3,6.11,1,break_piece,0x91E2FC68|0xA517D4A3
0xEBDB09D1,,,0,2,0,2,0,0,0,3,4,10.09,0,break_piece,0x25FE00A7|0xE54047D5
0xEC04E77B,piece2c_propdebris15,rainbow,1,2,0,2,2,0,0,3,3,5.46,1,break_piece,0xE2068412|0xFB3F09AE
0xEC461B6E,,,0,2,0,0,2,0,0,1,1,0.46,0,,0x1DC4F961|0xDFDF5B5D
0xEC96D882,,,0,2,0,0,2,0,0,7,7,0.03,1,break_piece,0x22435EEA|0x4A95F55C
0xED43DEF3,,,0,2,0,0,2,0,0,5,5,0.03,1,break_piece,0x149FC407|0x539FF827
0xED54F9EB,,,0,2,0,2,1,0,0,4,4,1.93,0,break_piece|intact,0x261F62BF|0x77A20DC0
0xEDA207E5,,,0,2,0,0,2,0,0,6,6,12.90,0,break_piece,0x8166C6A6|0xA26387A9
0xEE22AC96,,,0,2,0,0,2,0,0,4,4,0.03,1,break_piece,0x5AB8A933|0x62D45983
0xEE278FC3,bone_yaw_sam,rainbow,1,2,0,0,0,0,0,5,5,6.56,0,intact,0x25FE00A7|0xC142F94B
0xEE32698A,,,0,2,0,0,2,0,0,3,3,0.03,1,intact,0x3D8AA814|0x54557BF3
0xEE4618C9,,,0,2,0,0,0,0,0,3,3,0.03,1,break_piece,0x261F62BF|0x77A20DC0
0xEE4CB7F0,,,0,2,0,2,2,0,0,5,7,1.67,0,break_piece|intact,0x9F2D315C|0xFCAE37AB
0xEE79678C,slice3d_propdebris01,rainbow,1,2,0,2,2,0,0,3,4,2.77,1,break_piece,0x04CC21CD|0x7DB2E527
0xEE83DCAF,,,0,2,0,0,0,0,0,4,4,0.39,1,break_piece,0x89D8DE72|0x905B2A87
0xEEE552DB,,,0,2,0,0,2,0,0,3,3,0.03,1,intact,0x90ACC019|0x98B149DF
0xEF31B15E,,,0,2,0,0,0,0,0,4,4,0.03,1,break_piece,0x4C998949|0x717EB6DA
0xEF38A002,,,0,2,0,0,2,0,0,3,3,0.03,1,break_piece,0x7604B190|0xE59723FD
0xEF3B3A1F,,,0,2,0,0,0,0,0,5,5,0.03,1,break_piece,0x12181179|0xBDED558F
0xEF5B5C37,hp_barreltip_sam_e,rainbow,1,2,0,0,2,0,0,7,7,0.03,1,intact,0x25FE00A7|0xC142F94B
0xEF8848F7,slice1d_propattach06,rainbow,1,2,0,0,0,0,0,3,3,0.03,1,break_piece,0x6871E4C5|0xF1441A89
0xEF8A69F5,piece3a_propdebris18,rainbow,1,2,0,2,2,0,0,3,3,4.02,1,break_piece,0x6B3A45A6|0xBFC09F3E
0xEF8F6737,,,0,2,0,2,2,0,0,1,1,0.56,0,break_piece|intact,0x01ED3D6F|0x1A9D89DF
0xEFCAFA53,,,0,2,0,0,2,0,0,4,6,2.44,1,break_piece,0x1CE8F54F|0x342EDDD4
0xEFD71438,piece2a_propdebris36,rainbow,1,2,0,2,2,0,0,3,3,2.94,1,break_piece,0x5DC2D1E2|0x91E2FC68
0xEFDB9166,piece2a_propdebris38,rainbow,1,2,0,2,2,0,0,3,3,3.08,1,break_piece,0x5DC2D1E2|0x91E2FC68
0xEFE7FA6F,hp_fx_light17,rainbow,1,2,0,0,2,0,0,1,3,0.03,1,break_piece|static,0x04ED3522|0xF1441A89
0xF0470305,,,0,2,0,2,2,0,0,5,5,4.04,0,break_piece,0xE5133554|0xF03E0102
0xF04AD554,floor01.slice2b_propdebris05,rainbow,1,2,0,2,2,0,0,3,4,5.50,1,break_piece,0x149FC407|0xD1574A09
0xF082DDE8,piece5c_propdebris02,rainbow,1,2,0,2,2,0,0,3,3,3.55,1,break_piece,0x9DF6B30B|0xA76D0DA1
0xF08636A5,slice3d_propdebris04,rainbow,1,2,0,2,2,0,0,3,4,2.43,1,break_piece,0x04CC21CD|0x7DB2E527
0xF0D4417B,floor01.piece1a_propdebris17,rainbow,1,2,0,2,2,0,0,3,3,13.81,1,break_piece,0xCA3AC936|0xD44C2215
0xF1418FAD,,,0,2,0,0,2,0,0,1,3,2.55,1,,0x14D94B9B|0x1FBFBB4B
0xF1528CD1,piece2a_propattach13,rainbow,1,2,0,0,0,0,0,3,3,0.03,0,intact,0x1D20E058|0xB3EFDFAC
0xF1B37B60,,,0,2,0,0,2,0,0,3,3,0.03,1,break_piece,0xB645EE21|0xB98FB059
0xF21910CF,hp_shelleject_be,rainbow,1,2,0,0,2,0,0,5,6,0.03,1,break_piece|intact,0x13709C60|0xAC990539
0xF290931E,,,0,2,0,0,2,0,0,5,5,0.03,1,break_piece,0x6F98CA68|0xFEDA4BF0
0xF2961CB4,,,0,2,0,0,2,0,0,5,5,0.03,1,break_piece,0x2D1D4D03|0xC23032BC
0xF3393F8B,slice2a_propattach06,rainbow,1,2,0,0,0,0,0,3,3,0.03,1,break_piece,0x2171B6D7|0xE6027C27
0xF345176B,,,0,2,0,2,2,0,0,5,5,4.19,0,break_piece|intact,0x1125CB99|0x926D9ECB
0xF358051F,,,0,2,0,0,2,0,0,5,5,0.03,1,break_piece,0x2A68DAEF|0x383D01E1
0xF35B9F15,global_diw510,rainbow,1,2,0,0,2,0,0,1,3,2.55,1,,0x14D94B9B|0x1FBFBB4B
0xF3DD91E6,,,0,2,0,0,0,0,0,2,3,0.03,0,break_piece,0x25FE00A7|0xE54047D5
0xF4412D9B,hp_snap_piece1B_oilrig_cranelargeA,rainbow,1,2,0,0,2,0,0,2,2,0.03,1,static,0xCA3AC936|0xD23F52FC
0xF4807849,,,0,2,0,2,2,0,0,6,6,2.26,0,break_piece|intact,0x4C998949|0x717EB6DA
0xF49233EE,piece5a_propdebris06,rainbow,1,2,0,2,2,0,0,3,3,6.23,1,break_piece,0x3BF3DA2E|0xF088DE87
0xF4B4C630,piece5a_propdebris08,rainbow,1,2,0,2,2,0,0,3,3,2.82,1,break_piece,0x3BF3DA2E|0xF088DE87
0xF4DC81FC,,,0,2,0,0,2,0,0,6,6,1.13,0,break_piece,0x340B1CB8|0xF88147A1
0xF4F2362E,piece5g_ruin,rainbow,1,2,0,2,0,0,0,2,2,13.81,0,break_piece|intact,0x50AACA22|0xE59723FD
0xF503EA6B,,,0,2,0,0,2,0,0,4,4,0.03,1,break_piece,0x40D1E566|0xC2D96DD1
0xF5156B68,,,0,2,0,0,2,0,0,4,4,0.03,1,break_piece,0x62D45983|0xC2D96DD1
0xF5900365,piece1a_propdebris67,rainbow,1,2,0,2,2,0,0,3,3,25.01,1,break_piece,0x1DAC7011|0x3601FC68
0xF59893A5,,,0,2,0,2,0,0,0,4,6,7.75,1,break_piece,0x1CE8F54F|0x342EDDD4
0xF61C89DE,,,0,2,0,0,2,0,0,3,3,0.03,1,break_piece,0xB645EE21|0xB98FB059
0xF623E8DC,,,0,2,0,0,2,0,0,5,5,0.03,1,intact,0x2171B6D7|0xE6027C27
0xF64AA28F,chinaoutpost_bld_evrbc9,rainbow,1,2,0,0,0,0,0,3,3,0.03,1,break_piece,0x261F62BF|0x77A20DC0
0xF66E4A3C,commercial_walllong,rainbow,1,2,2,0,0,0,0,0,0,0.03,0,static,0x8757B5FE|0xF66E4A3C
0xF6822C7C,,,0,2,0,0,2,0,0,3,3,0.03,1,break_piece,0x90B6CC8B|0xBE2C617B
0xF695EF4A,,,0,2,0,0,2,0,0,5,5,1.25,0,break_piece,0x35992F99|0xA26387A9
0xF6C00C07,,,0,2,0,0,2,0,0,2,2,6.71,1,,0x3A1CB5C0|0x54E9C345
0xF6CE218C,,,0,2,0,0,2,0,0,5,5,4.03,0,intact,0x7C77ACCB|0xFA83AC18
0xF6F97995,,,0,2,0,0,2,0,0,3,3,0.03,1,break_piece,0x3601FC68|0x9DFC8FF2
0xF70A1CAB,,,0,2,0,0,2,0,0,1,2,0.03,1,,0x722BEA76|0xC1E0DE18
0xF7F691B0,hp_gunmount_l,rainbow,1,2,0,0,2,0,0,6,7,0.03,1,break_piece|intact,0x79905D82|0xB993D852
0xF80EA176,piece1a_propdebris73,rainbow,1,2,0,2,2,0,0,3,3,7.10,1,break_piece,0x1923143C|0x3601FC68
0xF8297FA9,,,0,2,0,0,2,0,0,6,6,1.25,0,break_piece,0x0E9502CF|0xB5C2D9F8
0xF8F0A66A,,,0,2,0,0,0,0,0,5,5,1.94,1,break_piece,0x89D8DE72|0x905B2A87
0xF8F6E055,floor01.piece1a_propdebris19,rainbow,1,2,0,2,2,0,0,3,3,8.38,1,break_piece,0xCA3AC936|0xD44C2215
0xF9088897,,,0,2,0,0,2,0,0,6,6,2.07,1,break_piece,0x9132806D|0xCDC5617A
0xF914ED24,piece3a_propattach00,rainbow,1,2,0,0,0,0,0,3,3,0.03,1,intact,0x6B3A45A6|0x6F4B9CA8
0xF96F24A4,,,0,2,0,0,2,0,0,5,5,0.30,1,intact,0x299E2340|0xEC6C211D
0xF98161D3,,,0,2,0,0,0,0,0,3,3,0.03,0,break_piece,0xB187C134|0xB6FE28B5
0xF9CDAA73,,,0,2,0,0,2,0,0,4,4,5.91,1,break_piece,0x89D8DE72|0x905B2A87
0xFA01D8A9,piece1a_propdebris78,rainbow,1,2,0,2,2,0,0,3,3,12.81,1,break_piece,0x1923143C|0x3601FC68
0xFA086486,,,0,2,0,0,2,0,0,3,3,0.03,1,break_piece,0x4B9C42F1|0xE59723FD
0xFA162ED4,bone_wheel_rl_null,rainbow,1,2,0,0,2,0,0,2,2,2.01,1,,0x722BEA76|0xC1E0DE18
0xFA5FFFD2,,,0,2,0,0,2,0,0,5,5,0.03,1,break_piece|intact,0x2F1F099B|0x539FF827
0xFA733FDB,,,0,2,0,2,2,0,0,1,1,1.37,0,intact,0x09139BCD|0x60497640
0xFB45E9A3,bone_doorlb_open,rainbow,1,2,0,0,2,0,0,4,6,1.86,0,break_piece,0x1CE8F54F|0x342EDDD4
0xFB5BDE65,slice2a_propattach08,rainbow,1,2,0,0,0,0,0,3,3,0.03,1,break_piece,0x2171B6D7|0xE6027C27
0xFBE8E779,hp_seat_gun_fl,rainbow,1,2,0,0,2,0,0,4,4,0.03,1,intact,0x7366155A|0xD4E88AFD
0xFC4B73C6,,,0,2,0,0,0,0,0,5,5,1.06,1,break_piece,0x10A1D397|0x19E2962E
0xFC6489E9,,,0,2,0,0,2,0,0,6,6,5.51,0,break_piece,0x9132806D|0xEAA1C080
0xFCEC93BB,piece1d_propdebris48,rainbow,1,2,0,2,2,0,0,3,3,27.82,1,break_piece,0xA0EAF095|0xA79EE18C
0xFCF31FA2,bone_sideskirt_la,rainbow,1,2,0,0,2,0,0,3,3,2.10,1,break_piece,0x461F1A3A|0xF88147A1
0xFD40FCD7,slice2b_propattach07,rainbow,1,2,0,0,0,0,0,3,3,0.03,1,break_piece,0x6B1DE27D|0xDDE0070C
0xFD457A05,slice2b_propattach05,rainbow,1,2,0,0,0,0,0,3,3,0.03,1,break_piece,0x6B1DE27D|0xDDE0070C
0xFE027F49,,,0,2,0,2,2,0,0,5,5,2.53,0,break_piece,0x2171B6D7|0xE6027C27
0xFE43167A,,,0,2,0,0,2,0,0,6,6,1.05,0,break_piece,0x16497BF1|0xCE77D4CB
0xFEA7DDF4,,,0,2,0,0,0,0,0,4,4,0.03,0,break_piece,0x2F4F8F3E|0xE6027C27
0xFEAE0542,,,0,2,0,2,0,0,0,5,5,0.03,0,break_piece,0x718C019B|0x80CE4CA3
0xFECE04B0,bone_flap_rear,rainbow,1,2,0,0,2,0,0,2,2,15.41,1,,0x3A1CB5C0|0x54E9C345
0xFEDA4BF0,city_bld_corner16x16c,rainbow,1,2,2,0,0,0,0,0,0,0.03,0,static,0x6F98CA68|0xFEDA4BF0
0xFF1DDCEE,piece1k_ruin,rainbow,1,2,0,2,0,0,0,2,2,0.03,0,break_piece|intact,0xD7FCFD11|0xE59723FD
0xFF75FEDA,bone_pitch_gun_rr,rainbow,1,2,0,0,0,0,0,6,6,0.80,1,intact,0xC142F94B|0xD4E88AFD
0xFFB4BC4C,,,0,2,0,0,2,0,0,3,3,0.03,1,break_piece,0x7604B190|0xE59723FD
0xFFC84DE4,,,0,2,0,2,0,0,0,4,4,0.03,0,break_piece,0x149FC407|0x539FF827
0xCF05584A,,,0,1,0,0,0,19,1,2,2,0.03,0,static,0x342EDDD4
0xA2E72E94,bone_rifle,rainbow,1,1,0,0,1,15,1,5,5,0.03,1,break_piece,0x342EDDD4
0xA5386359,bone_ak47,rainbow,1,1,0,0,1,15,1,5,5,0.03,1,break_piece,0x342EDDD4
0xE3F02B14,,,0,1,0,0,0,15,1,1,1,0.03,0,static,0x342EDDD4
0xFC0D88E5,bone_chair,rainbow,1,1,0,0,1,9,1,1,1,1.11,1,,0xA8B128C1
0x3671F2A2,bone_hair,rainbow,1,1,0,0,1,6,4,5,5,0.03,1,,0xA3C1FABC
0xDB0322B7,bone_ub,rainbow,1,1,0,0,1,6,4,1,1,1.35,0,,0x0BBA3066
0xA0CD097D,bone_door_lt,rainbow,1,1,0,0,1,5,1,3,3,1.29,1,break_piece,0xB645EE21
0xAE7F0EE9,bone_door_bottom_rl,rainbow,1,1,0,0,1,5,1,3,3,1.59,1,break_piece,0xF6DEC8EA
0xEEA6EC0F,bone_door_top_rl,rainbow,1,1,0,0,1,5,1,3,3,1.67,1,break_piece,0xF6DEC8EA
0xF386CF7F,bone_driver_hatch,rainbow,1,1,0,0,1,4,1,4,4,0.67,1,intact,0x12732DD2
0x9BAA1A01,bone_hatch_fl,rainbow,1,1,0,0,1,3,1,3,3,0.76,1,break_piece,0xA35416A8
0x2227C498,bone_fronta,rainbow,1,1,0,0,1,1,1,2,2,0.03,1,,0xAA4DEC8B
0x2C2595BF,bone_frontb,rainbow,1,1,0,0,1,1,1,2,2,0.03,1,,0xAA4DEC8B
0x31BC259C,,,0,1,0,0,0,1,1,3,3,0.03,1,intact,0xEE385D45
0x3B787820,bone_mid,rainbow,1,1,0,0,1,1,1,3,3,10.17,1,intact,0xAEE44824
0x3F098B3B,,,0,1,0,0,1,1,1,3,3,5.61,1,intact,0xAEE44824
0x59191BBD,bone_hatch_turret,rainbow,1,1,0,0,1,1,1,5,5,0.77,1,intact,0x340B1CB8
0x593CAF5D,bone_flage,rainbow,1,1,0,0,1,1,1,4,4,0.03,1,intact,0xEE385D45
0x8862418F,bone_camera,rainbow,1,1,0,0,1,1,1,3,3,0.62,1,intact,0x8FEC8923
0x8A1CC9D5,bone_panel_ruin,rainbow,1,1,0,0,1,1,1,3,3,1.29,1,intact,0x340B1CB8
0xA7C369DD,,,0,1,0,0,1,1,1,3,3,6.91,1,intact,0xAEE44824
0xB8BADEF8,bone_wires,rainbow,1,1,0,0,1,1,1,3,3,6.92,1,intact,0xAEE44824
0xC433C213,bone_backb,rainbow,1,1,0,0,1,1,1,2,2,0.03,1,,0xAA4DEC8B
0xCA22BCE2,bone_frontc,rainbow,1,1,0,0,1,1,1,2,2,0.03,1,,0xAA4DEC8B
0xD566E2BC,bone_yaw_mg_mount,rainbow,1,1,0,0,0,1,1,5,5,0.03,1,intact,0x340B1CB8
0xE231B2B6,bone_backc,rainbow,1,1,0,0,1,1,1,2,2,0.03,1,,0xAA4DEC8B
0xEA363C7C,bone_backa,rainbow,1,1,0,0,1,1,1,2,2,0.03,1,,0xAA4DEC8B
0x0005EB70,hp_snap_oilrig_bld_buildingC,rainbow,1,1,0,0,1,0,0,3,3,0.03,1,break_piece,0x618526A4
0x001B4787,,,0,1,0,1,1,0,0,5,5,7.21,1,break_piece,0x155E5F33
0x001FC4B5,,,0,1,0,1,1,0,0,5,5,5.49,1,break_piece,0x155E5F33
0x00314939,slice2a_propattach09_ruin,rainbow,1,1,0,1,0,0,0,4,4,0.03,0,break_piece,0x2171B6D7
0x003AF1D9,,,0,1,0,1,1,0,0,1,1,1.35,0,intact,0x2703554F
0x00461E64,,,0,1,1,0,1,0,0,0,0,5.55,0,,0x00461E64
0x0050D284,bone_ruindoor,rainbow,1,1,0,0,1,0,0,3,3,1.59,1,intact,0x56EE6A1F
0x005D776A,,,0,1,0,0,1,0,0,4,4,0.50,1,break_piece,0xC1EEB3B3
0x006243A4,global_weapon_pf97,rainbow,1,1,1,0,0,0,0,0,0,0.86,0,,0x006243A4
0x0065B09D,al_veh_truck_hmmwv_armored,rainbow,1,1,1,0,0,0,0,0,0,0.03,0,static,0x0065B09D
0x006B03FE,slice1f_propdebris07,rainbow,1,1,0,1,1,0,0,4,4,5.73,1,break_piece,0x1E359C2F
0x0077334E,global_checkpointa,rainbow,1,1,1,0,0,0,0,0,0,0.03,0,static,0x0077334E
0x007E1966,,,0,1,0,0,1,0,0,3,3,2.55,0,,0x14D94B9B
0x008D9640,slice1f_propdebris09,rainbow,1,1,0,1,1,0,0,4,4,5.85,1,break_piece,0x1E359C2F
0x0094C4EB,slice8a_pristine,rainbow,1,1,0,1,0,0,0,2,2,25.99,0,break_piece,0xC939089F
0x00972E30,,,0,1,0,0,1,0,0,3,3,2.10,0,,0x14D94B9B
0x00978EE4,vzoutpost_bld_guardtower_pr,rainbow,1,1,1,0,0,0,0,0,0,0.03,0,static,0x00978EE4
0x00ABB064,,,0,1,0,0,1,0,0,5,5,0.03,1,break_piece,0x539FF827
0x00B10043,piece1b_propattach17,rainbow,1,1,0,0,0,0,0,3,3,0.03,0,break_piece,0x6B3A45A6
0x00BF5293,,,0,1,0,0,1,0,0,3,3,0.03,1,break_piece,0x340B1CB8
0x00C3E4BD,,,0,1,0,0,0,0,0,2,2,0.03,1,,0x14D94B9B
0x00D600FB,slice2a_propattach10_ruin,rainbow,1,1,0,1,0,0,0,4,4,0.03,0,break_piece,0x2171B6D7
0x00DA4E1D,,,0,1,0,1,0,0,0,4,4,0.03,0,intact,0x149FC407
0x00E01065,global_weapon_qbu88sniper,rainbow,1,1,2,0,0,0,0,0,0,1.03,0,static,0x00E01065
0x00E40D4E,,,0,1,0,0,0,0,0,5,5,1.35,1,intact,0x25FE00A7
0x00E66AEE,,,0,1,0,0,1,0,0,7,7,0.97,1,break_piece,0x19E2962E
0x00EB62DF,,,0,1,0,1,1,0,0,5,5,4.02,0,break_piece,0xE5133554
0x01029B24,global_propanetanklargea,rainbow,1,1,1,0,0,0,0,0,0,0.03,0,static,0x01029B24
0x01102117,merida_signb,rainbow,1,1,1,0,0,0,0,0,0,0.03,0,static,0x01102117
0x011DE64D,hp_pmc03_player,rainbow,1,1,0,0,1,0,0,3,3,0.03,1,break_piece,0x39AF17DC
0x012404C6,piece5l_propdebris30,rainbow,1,1,0,1,1,0,0,3,3,5.12,1,break_piece,0x50AACA22
0x01284A9D,,,0,1,0,0,1,0,0,3,3,0.03,1,break_piece,0xB0D4E642
0x01293618,,,0,1,0,0,1,0,0,5,5,0.03,1,break_piece,0x539FF827
0x012A8279,,,0,1,0,0,1,0,0,6,6,0.03,0,intact,0xD1968AF1
0x012DCD49,,,0,1,0,1,1,0,0,4,4,3.04,1,break_piece,0xE54047D5
0x014BF253,,,0,1,0,0,1,0,0,3,3,0.03,1,break_piece,0x30B8A010
0x01605443,,,0,1,0,0,1,0,0,5,5,1.00,0,break_piece,0x4F3C5FBE
0x016DCC23,,,0,1,0,0,1,0,0,2,2,47.04,0,break_piece,0x8B73A257
0x0179EFA2,,,0,1,0,0,1,0,0,5,5,0.03,1,break_piece,0xCA20C1D9
0x0179FE06,slice2f_ruin,rainbow,1,1,0,1,1,0,0,2,2,40.88,0,intact,0x0B7CC1B7
0x0189C80A,outskirt_bld_market04,rainbow,1,1,1,0,0,0,0,0,0,0.03,0,static,0x0189C80A
0x018B3F17,,,0,1,0,0,1,0,0,4,4,0.03,1,break_piece,0xC733E65D
0x018F7384,,,0,1,0,0,1,0,0,3,3,2.13,0,,0x6A2BE04D
0x018FBC45,,,0,1,0,0,1,0,0,4,4,0.03,1,break_piece,0xC733E65D
0x0193F0B2,,,0,1,0,0,1,0,0,3,3,1.67,0,,0x6A2BE04D
0x0196E3B3,global_billboard_useb1,rainbow,1,1,0,0,0,0,0,1,1,0.03,1,,0x1FBFBB4B
0x019EDBFE,global_billboard02,rainbow,1,1,1,0,0,0,0,0,0,0.03,0,static,0x019EDBFE
0x019FE5AE,maracaibo_obelisk,rainbow,1,1,1,0,0,0,0,0,0,0.03,0,static,0x019FE5AE
0x01B52044,global_listeningpost,rainbow,1,1,1,0,0,0,0,0,0,0.03,0,static,0x01B52044
0x01C8042C,,,0,1,0,0,0,0,0,3,3,0.03,1,intact,0xD1574A09
0x01D2E27D,,,0,1,1,0,0,0,0,0,0,0.03,0,static,0x01D2E27D
0x01DAB4AF,shanty_fencewood02,rainbow,1,1,1,0,0,0,0,0,0,0.03,0,static,0x01DAB4AF
0x01DBF046,,,0,1,0,1,0,0,0,5,5,3.42,0,break_piece,0xB0D4E642
0x020E5BB4,groutpost_bld_shackfuselage,rainbow,1,1,1,0,0,0,0,0,0,0.03,0,static,0x020E5BB4
0x0215F9EF,,,0,1,0,0,0,0,0,4,4,0.03,1,break_piece,0xE31521AD
0x02195587,civ_veh_truck_transport,rainbow,1,1,1,0,0,0,0,0,0,0.03,0,static,0x02195587
0x022479C0,,,0,1,0,0,1,0,0,5,5,0.03,1,break_piece,0x1E359C2F
0x022800BB,,,0,1,0,0,1,0,0,4,4,0.03,0,intact,0x4A6BC856
0x022F70B6,piece1a_propattach13,rainbow,1,1,0,0,0,0,0,3,3,0.03,1,break_piece,0xE5133554
0x023ED2DA,slice3d_propattach01,rainbow,1,1,0,0,0,0,0,3,3,0.03,1,break_piece,0x6F4B9CA8
0x02461633,slice2d_propdebris03,rainbow,1,1,0,1,1,0,0,3,3,2.66,1,break_piece,0xF51C01DD
0x02476578,slice2o,rainbow,2,1,0,0,0,0,0,1,1,0.03,0,static,0x0B7CC1B7
0x0248E703,,,0,1,0,1,1,0,0,4,4,14.71,1,break_piece,0x6B3A45A6
0x0251509A,,,0,1,0,1,1,0,0,5,5,3.48,1,break_piece,0x35992F99
0x0254B568,,,0,1,0,0,1,0,0,3,3,0.03,1,break_piece,0xE59723FD
0x025E74B4,,,0,1,0,0,1,0,0,4,4,0.03,1,,0x98C5EE9B
0x029E7C92,,,0,1,0,1,1,0,0,1,1,1.37,0,intact,0xE05A09A2
0x02AB7E67,piece3b_propdebris17,rainbow,1,1,0,1,1,0,0,3,3,1.09,1,break_piece,0xF4AF3C5B
0x02D1FC23,pr_veh_boat_jetski,rainbow,1,1,1,0,0,0,0,0,0,0.03,0,static,0x02D1FC23
0x02DC645F,global_env_rocksbeach03,rainbow,1,1,1,0,0,0,0,0,0,0.03,0,,0x02DC645F
0x02DED334,hp_40mmgrenade,rainbow,1,1,1,0,1,0,0,0,0,0.09,0,,0x732277DA
0x02E7E3E8,piece2b_propdebris15,rainbow,1,1,0,1,1,0,0,3,3,3.02,1,break_piece,0xC576F6BC
0x02F17D0C,global_env_rocktall01,rainbow,1,1,1,0,1,0,0,0,0,10.71,0,,0x02F17D0C
0x02FC21A1,global_scaffoldb,rainbow,1,1,1,0,0,0,0,0,0,0.03,0,static,0x02FC21A1
0x0301FD38,,,0,1,0,1,1,0,0,5,5,0.53,1,break_piece,0x38381266
0x0307555E,,,0,1,1,0,0,0,0,0,0,0.03,0,static,0x0307555E
0x031AB782,bone_wheel_rl_roll,rainbow,1,1,0,0,1,0,0,4,4,2.64,1,,0x32FBE556
0x032B1FA8,,,0,1,0,0,1,0,0,5,5,0.03,1,break_piece,0x25FE00A7
0x032EA813,,,0,1,0,1,1,0,0,1,1,0.46,0,intact,0x0D0B8CF5
0x032EEC98,bone_massive_1x1_d,rainbow,1,1,0,0,1,0,0,3,3,5.66,1,intact,0x23A1501B
0x033583F4,,,0,1,0,1,1,0,0,4,4,10.65,0,intact,0x2B503BD0
0x0346A9CB,global_env_rockjungle04,rainbow,1,1,1,0,0,0,0,0,0,0.03,0,,0x0346A9CB
0x034B26F9,global_env_rockjungle06,rainbow,1,1,1,0,0,0,0,0,0,0.03,0,,0x034B26F9
0x03587437,,,0,1,1,0,0,0,0,0,0,0.03,0,static,0x03587437
0x036E4F11,city_bld_corner32x32b,rainbow,1,1,1,0,0,0,0,0,0,0.03,0,static,0x036E4F11
0x0376381A,slice4c,rainbow,1,1,0,0,0,0,0,1,1,0.03,0,static,0x1A74D3EE
0x03765872,hp_fx_flame_a,rainbow,1,1,0,0,1,0,0,1,1,0.03,1,,0x75BEFD49
0x037F9454,,,0,1,0,1,1,0,0,5,5,6.52,1,break_piece,0x35992F99
0x03931F17,groutpost_bld_tentsmalltarp02,rainbow,1,1,1,0,0,0,0,0,0,0.03,0,static,0x03931F17
0x039772BA,slice1a_propattach23_pristine,rainbow,1,1,0,1,1,0,0,4,4,0.57,0,break_piece,0xDDBA557D
0x039D1770,global_fueltankcarsmall,rainbow,1,1,2,0,0,0,0,0,0,0.03,0,static,0x039D1770
0x039DF550,,,0,1,0,0,1,0,0,6,6,0.95,0,break_piece,0x8CA421C3
0x03AF9511,Shadow,rainbow,2,1,1,0,0,0,0,0,0,0.03,0,,0x1C66AE79
0x03C2C29F,bone_hatch_fr,rainbow,1,1,0,0,1,0,0,3,3,0.76,1,break_piece,0xA35416A8
0x03D9BEED,,,0,1,0,1,0,0,0,4,4,5.01,0,break_piece,0x25FE00A7
0x03EC2F1C,slice2b_propdebris06,rainbow,1,1,0,1,1,0,0,3,3,2.62,1,break_piece,0xB1EFE9B5
0x03EF3CD5,,,0,1,0,0,1,0,0,4,4,0.03,1,break_piece,0xF6DEC8EA
0x0401D023,slice4a_propattach12_ruin,rainbow,1,1,0,1,0,0,0,4,4,0.03,0,break_piece,0xE6027C27
0x0401E24A,,,0,1,0,1,0,0,0,3,3,0.03,0,intact,0xE54047D5
0x0402DD31,,,0,1,0,0,1,0,0,4,4,0.03,1,break_piece,0x3F6D97ED
0x0422A7E9,piece1a_propattach18,rainbow,1,1,0,0,0,0,0,3,3,0.03,1,break_piece,0xE5133554
0x043A9CAB,slice2h,rainbow,2,1,0,0,0,0,0,1,1,0.03,0,static,0x0B7CC1B7
0x0443C135,piece1b_propattach12_pristine,rainbow,1,1,0,1,1,0,0,4,4,3.12,0,intact,0x6B3A45A6
0x0446B35F,,,0,1,0,1,1,0,0,4,4,4.41,1,break_piece,0xE54047D5
0x044A87C5,slice9b_ruin,rainbow,1,1,0,1,1,0,0,2,2,26.61,0,intact,0xC939089F
0x044EBEFE,,,0,1,0,1,1,0,0,5,5,5.87,1,break_piece,0xC56B1A44
0x044EDB9C,civ_veh_boat_dinghy,rainbow,1,1,1,0,0,0,0,0,0,0.03,0,static,0x044EDB9C
0x04549112,white_bld_segment16x16a,rainbow,1,1,1,0,0,0,0,0,0,0.03,0,static,0x04549112
0x045ECC8E,,,0,1,0,0,1,0,0,3,3,1.14,1,,0x32FBE556
0x04675C41,,,0,1,0,0,1,0,0,6,6,1.13,0,break_piece,0xF88147A1
0x046D1E92,,,0,1,0,0,1,0,0,4,4,0.03,1,break_piece,0x60E7FFEB
0x0473A292,floor01.slice2a_propdebris06,rainbow,1,1,0,1,1,0,0,4,4,5.74,1,break_piece,0x149FC407
0x04742A8A,bone_attach_piston_d,rainbow,1,1,0,0,1,0,0,1,1,0.03,1,,0x42740E1B
0x04817CD7,jungle_env_treesmall01,rainbow,1,1,1,0,0,0,0,0,0,0.03,0,static,0x04817CD7
0x0485FA05,jungle_env_treesmall03,rainbow,1,1,1,0,0,0,0,0,0,0.03,0,static,0x0485FA05
0x048F3486,,,0,1,0,0,0,0,0,4,4,0.19,1,intact,0x0C95FF35
0x0499A0F1,docks_bld_warehousesmall,rainbow,1,1,1,0,0,0,0,0,0,0.03,0,static,0x0499A0F1
0x049CA90E,slice3e_propdebris04,rainbow,1,1,0,1,1,0,0,3,3,1.63,1,break_piece,0x04CC21CD
0x04AEC541,piece4c_propdebris11,rainbow,1,1,0,1,1,0,0,3,3,2.35,1,break_piece,0xFA83AC18
0x04CC21CD,cumana_bld_fortress01,rainbow,1,1,1,0,0,0,0,0,0,0.03,0,static,0x04CC21CD
0x04D5BDAA,,,0,1,1,0,1,0,0,0,0,23.84,0,,0x04D5BDAA
0x04D64C25,,,0,1,0,0,1,0,0,5,5,0.03,1,intact,0x539FF827
0x04D7B234,merida_universitylibraryplateau01,rainbow,1,1,1,0,1,0,0,0,0,86.48,0,,0x04D7B234
0x04DB1B1B,piece2b_propdebris12,rainbow,1,1,0,1,1,0,0,3,3,3.02,1,break_piece,0xC576F6BC
0x04E1DED8,global_env_palmtreebend02,rainbow,1,1,1,0,0,0,0,0,0,0.03,0,static,0x04E1DED8
0x04ED3522,mountain_bld_bunkerdestroyed,rainbow,1,1,1,0,0,0,0,0,0,0.03,0,static,0x04ED3522
0x04EFC7DE,,,0,1,0,1,1,0,0,5,5,2.24,1,break_piece,0x25FE00A7
0x04F0D28D,slice2b_propattach08_ruin,rainbow,1,1,0,1,0,0,0,4,4,0.03,0,break_piece,0xDDE0070C
0x04F8999F,,,0,1,0,1,1,0,0,5,5,6.32,1,break_piece,0x0B7CC1B7
0x04F93FDA,,,0,1,0,0,1,0,0,4,4,0.03,1,intact,0xD4E88AFD
0x0525D3E6,,,0,1,0,1,1,0,0,5,5,4.04,0,break_piece,0xF03E0102
0x0527F93E,slice1c_propdebris48,rainbow,1,1,0,1,1,0,0,4,4,5.09,1,break_piece,0xB6357976
0x0545AA28,,,0,1,0,0,1,0,0,4,4,0.18,1,break_piece,0xC1EEB3B3
0x0546DDB5,L3_far1,rainbow,1,1,0,0,1,0,0,4,4,4.07,0,break_piece,0x3C76C1A0
0x05499780,,,0,1,0,0,1,0,0,5,5,0.03,1,break_piece,0xC56B1A44
0x054D23E0,,,0,1,0,1,1,0,0,5,5,2.91,1,break_piece,0xCFAC6851
0x054F9231,piece2h_propdebris16,rainbow,1,1,0,1,1,0,0,3,3,6.11,1,break_piece,0x91E2FC68
0x054FAE82,,,0,1,0,0,0,0,0,4,4,2.70,1,intact,0xA35416A8
0x0557EA14,,,0,1,0,1,0,0,0,3,3,3.92,0,break_piece,0xE54047D5
0x055B94CC,,,0,1,0,0,0,0,0,5,5,0.03,0,break_piece,0xDA219845
0x05616B23,,,0,1,0,0,1,0,0,5,5,0.03,1,break_piece,0x35992F99
0x056985A4,slice4a_propattach15_pristine,rainbow,1,1,0,1,1,0,0,4,4,0.71,0,break_piece,0xE6027C27
0x056AA09F,,,0,1,0,0,1,0,0,3,3,0.03,1,break_piece,0xE59723FD
0x056B331D,village_bld_food02,rainbow,1,1,1,0,0,0,0,0,0,0.03,0,static,0x056B331D
0x056CADB6,Sphere,rainbow,2,1,1,0,1,0,0,0,0,28.40,0,,0x228566D0
0x0574AA8A,,,0,1,0,1,0,0,0,4,4,0.03,0,break_piece,0xFD0229C3
0x058A9BBC,slice4a_propattach02_pristine,rainbow,1,1,0,1,1,0,0,4,4,4.04,0,intact,0xE6027C27
0x058CD8B8,shanty_polepower,rainbow,1,1,1,0,0,0,0,0,0,0.03,0,static,0x058CD8B8
0x05912C83,,,0,1,0,0,1,0,0,6,6,0.95,0,break_piece,0x8CA421C3
0x059EA245,hp_shelleject_missile_l,rainbow,1,1,0,0,1,0,0,5,5,0.03,1,break_piece,0x22435EEA
0x05B65EF6,shanty_bld_outhouse,rainbow,1,1,1,0,0,0,0,0,0,0.03,0,static,0x05B65EF6
0x05B7B5BD,,,0,1,0,1,1,0,0,4,4,2.86,0,break_piece,0x7EC3FC58
0x05B8C53E,piece9a_propdebris02,rainbow,1,1,0,1,1,0,0,3,3,1.73,1,break_piece,0xF08D5BB5
0x05C0CC53,,,0,1,0,1,1,0,0,5,5,6.76,1,break_piece,0x0B7CC1B7
0x05D426D7,aloutpost_concretewall01,rainbow,1,1,1,0,0,0,0,0,0,0.03,0,static,0x05D426D7
0x05D62268,vzoutpost_bld_barrackreinforced,rainbow,1,1,1,0,0,0,0,0,0,0.03,0,static,0x05D62268
0x05D9616B,,,0,1,0,0,1,0,0,2,2,2.95,1,,0xC1E0DE18
0x05DA55B6,slice5c_propdebris00,rainbow,1,1,0,1,1,0,0,3,3,3.36,1,break_piece,0x04CC21CD
0x05E52A58,,,0,1,0,0,1,0,0,3,3,0.03,1,break_piece,0xB993D852
0x05ED45FC,,,0,1,1,0,0,0,0,0,0,0.03,0,static,0x05ED45FC
0x060E6B25,,,0,1,1,0,0,0,0,0,0,0.03,0,,0x378BB1B8
0x0618F480,,,0,1,0,1,0,0,0,5,5,0.03,0,break_piece,0x149FC407
0x06307F5F,,,0,1,0,0,1,0,0,3,3,0.03,1,break_piece,0x79835204
0x0630F3F8,,,0,1,0,0,1,0,0,4,4,0.61,0,break_piece,0x74474CB1
0x063218EE,maracaibo_patz73,rainbow,1,1,0,0,1,0,0,3,3,2.10,0,,0x14D94B9B
0x06357126,,,0,1,0,0,1,0,0,4,4,0.61,0,break_piece,0x74474CB1
0x063C46FD,,,0,1,0,0,0,0,0,3,3,0.03,0,break_piece,0xC56B1A44
0x0643CC5D,,,0,1,0,1,1,0,0,5,5,9.11,1,break_piece,0x25FE00A7
0x0645384B,,,0,1,0,1,1,0,0,5,5,3.75,0,intact,0xBD552CD3
0x0654AB30,,,0,1,0,0,1,0,0,3,3,2.10,0,,0x14D94B9B
0x066DAEAD,,,0,1,0,0,1,0,0,5,5,0.03,1,break_piece,0xC56B1A44
0x068A0D6D,bone_ramp_r,rainbow,1,1,0,0,1,0,0,4,4,6.89,1,intact,0x4FC2D374
0x069A6260,,,0,1,0,1,1,0,0,6,6,2.18,0,break_piece,0x179A7702
0x06B3BAF3,,,0,1,0,1,1,0,0,5,5,7.41,1,break_piece,0x0B7CC1B7
0x06B7DF09,,,0,1,1,0,0,0,0,0,0,0.03,0,static,0x06B7DF09
0x06C115C5,hp_spawn_i,rainbow,1,1,0,0,1,0,0,3,3,0.03,1,break_piece,0x88612024
0x06C2C612,piece1b_propdebris72,rainbow,1,1,0,1,1,0,0,3,3,25.65,1,break_piece,0xA948DDA6
0x06D5DB5A,city_bld_corner16x16a,rainbow,1,1,1,0,0,0,0,0,0,0.03,0,static,0x06D5DB5A
0x06E46532,piece1a_propdebris91,rainbow,1,1,0,1,1,0,0,3,3,3.87,1,break_piece,0x1923143C
0x06EFA6EB,L3_medium7,rainbow,1,1,0,0,1,0,0,5,5,1.77,0,break_piece,0xA35416A8
0x06F0F72E,,,0,1,0,0,1,0,0,5,5,0.03,1,break_piece,0x9FCAE910
0x0707B1FD,,,0,1,0,0,1,0,0,3,3,0.03,1,break_piece,0x6B4D7FAF
0x07135D3C,proutpost_docka,rainbow,1,1,1,0,0,0,0,0,0,0.03,0,static,0x07135D3C
0x0716B7E2,,,0,1,0,0,1,0,0,2,2,1.31,1,,0x33C8B389
0x07260982,,,0,1,0,0,1,0,0,3,3,5.95,1,,0x32FBE556
0x074EC106,proutpost_bld_barstand,rainbow,1,1,1,0,0,0,0,0,0,0.03,0,static,0x074EC106
0x075503B2,,,0,1,0,0,1,0,0,3,3,0.03,1,intact,0x7604B190
0x0763EAF8,maracaibo_patz04,rainbow,1,1,0,0,1,0,0,3,3,2.10,0,,0x14D94B9B
0x0767FCC2,slice3a_propattach10_pristine,rainbow,1,1,0,1,1,0,0,4,4,4.04,0,intact,0xE6027C27
0x076BED6B,global_weapon_rpg,rainbow,1,1,2,0,0,0,0,0,0,0.98,0,static,0x076BED6B
0x0773B0A5,,,0,1,0,0,0,0,0,4,4,0.88,1,intact,0xC142F94B
0x07889DEA,slice1c_propdebris31,rainbow,1,1,0,1,1,0,0,4,4,9.79,1,break_piece,0x770E7949
0x0789FBD3,piece2g_pristine,rainbow,1,1,0,1,1,0,0,2,2,5.54,0,break_piece,0x69B776FC
0x078A0398,piece2h_ruin,rainbow,1,1,0,1,0,0,0,2,2,0.03,0,break_piece,0x91E2FC68
0x07A8C6AE,global_barrelc,rainbow,1,1,1,0,0,0,0,0,0,0.03,0,,0x07A8C6AE
0x07BB8545,,,0,1,0,1,1,0,0,1,1,1.34,0,intact,0xBCBA07EE
0x07F0BFAF,slice2f_propattach00_pristine,rainbow,1,1,0,1,1,0,0,4,4,14.10,0,intact,0x0B7CC1B7
0x07F4EE74,port_containerd,rainbow,1,1,1,0,0,0,0,0,0,0.03,0,static,0x07F4EE74
0x07F96BA2,port_containerb,rainbow,1,1,1,0,0,0,0,0,0,0.03,0,static,0x07F96BA2
0x08017ADA,hp_snap_oilrig_bld_buildingA,rainbow,1,1,0,0,1,0,0,3,3,0.03,1,break_piece,0x618526A4
0x08081D66,slice2a_propattach19_pristine,rainbow,1,1,0,1,1,0,0,4,4,4.02,0,intact,0x2171B6D7
0x080D83D1,vz_veh_apc_m113_command,rainbow,1,1,1,0,0,0,0,0,0,0.03,0,static,0x080D83D1
0x08315650,,,0,1,0,1,1,0,0,1,1,1.31,0,intact,0xB0A0930E
0x084017EE,,,0,1,0,0,1,0,0,6,6,0.95,0,break_piece,0x8CA421C3
0x08443CF3,,,0,1,0,1,1,0,0,1,1,0.48,0,intact,0x09139BCD
0x084D1CED,,,0,1,0,1,1,0,0,5,5,8.61,0,break_piece,0xBFC09F3E
0x0859EA8A,industrial_bld_warehousesmall02,rainbow,1,1,1,0,0,0,0,0,0,0.03,0,static,0x0859EA8A
0x085C500A,,,0,1,0,1,0,0,0,4,4,0.03,0,intact,0x25FE00A7
0x085C8576,,,0,1,0,1,1,0,0,5,5,7.41,1,break_piece,0x0B7CC1B7
0x0862AA30,,,0,1,0,0,1,0,0,6,6,0.95,0,break_piece,0x8CA421C3
0x086666D2,industrial_bld_warehouse05,rainbow,1,1,1,0,0,0,0,0,0,0.03,0,static,0x086666D2
0x0867E695,L1_closeup3,rainbow,1,1,0,0,1,0,0,6,6,1.03,0,break_piece,0x12732DD2
0x086F7000,,,0,1,0,1,0,0,0,4,4,0.03,0,break_piece,0xB0D4E642
0x08815698,piece6a_propdebris14,rainbow,1,1,0,1,1,0,0,3,3,1.68,1,break_piece,0xC68ADB00
0x0892BD9A,,,0,1,0,0,1,0,0,3,3,2.10,0,,0x14D94B9B
0x08AA9588,,,0,1,0,1,1,0,0,4,4,10.90,1,break_piece,0x2B503BD0
0x08AE7EFE,piece5p_propdebris34,rainbow,1,1,0,1,1,0,0,3,3,2.37,1,break_piece,0x50AACA22
0x08B38974,,,0,1,0,1,1,0,0,7,7,0.44,1,break_piece,0xDA219845
0x08BDB06E,,,0,1,0,1,1,0,0,2,2,0.44,0,break_piece,0xF245AC63
0x08C571AC,hp_barreltip_missileR_a,rainbow,1,1,0,0,1,0,0,5,5,0.03,1,break_piece,0x9FCAE910
0x08D14BA6,bone_h,rainbow,1,1,0,0,1,0,0,1,1,0.03,1,,0xF84AEB3C
0x08E25CDC,oc_veh_semi_fueltrailer,rainbow,1,1,1,0,0,0,0,0,0,0.03,0,static,0x08E25CDC
0x08EC7737,piece5n_pristine,rainbow,1,1,0,1,1,0,0,2,2,15.85,0,intact,0x50AACA22
0x08F5CDE5,floor01.piece2a_propattach11_ruin,rainbow,1,1,0,1,0,0,0,4,4,0.03,0,break_piece,0xAC3CD893
0x08F8524B,hp_sawmg,rainbow,1,1,1,0,0,0,0,0,0,0.99,0,static,0xD77E96B9
0x08FAE02F,,,0,1,0,0,1,0,0,3,3,0.03,1,break_piece,0x7604B190
0x091545FD,,,0,1,0,1,1,0,0,4,4,2.49,0,break_piece,0x7EC3FC58
0x0927AEBC,global_weapon_towtripod,rainbow,1,1,1,0,0,0,0,0,0,0.03,0,static,0x0927AEBC
0x092ACB85,sign10,rainbow,1,1,1,0,1,0,0,0,0,0.03,0,static,0x092ACB85
0x0946BC65,,,0,1,0,1,1,0,0,4,4,2.43,1,break_piece,0xE54047D5
0x0957222B,maracaibo_patz03,rainbow,1,1,0,0,1,0,0,3,3,2.10,0,,0x14D94B9B
0x0957C10E,,,0,1,0,1,0,0,0,4,4,0.03,0,break_piece,0x319D840A
0x09768360,,,0,1,0,1,1,0,0,5,5,6.32,1,break_piece,0x0B7CC1B7
0x098A2D6A,,,0,1,0,0,1,0,0,2,2,0.03,1,,0x634F1F65
0x09A24E88,,,0,1,1,0,0,0,0,0,0,0.03,0,static,0x09A24E88
0x09BC49D0,,,0,1,0,1,0,0,0,4,4,0.03,0,break_piece,0xB0D4E642
0x09D0F3C7,slice2b_propattach10,rainbow,1,1,0,0,0,0,0,3,3,0.03,1,break_piece,0x6B1DE27D
0x09D570F5,slice2b_propattach12,rainbow,1,1,0,0,0,0,0,3,3,0.03,1,break_piece,0x6B1DE27D
0x09E0247F,,,0,1,0,0,1,0,0,5,5,2.55,0,intact,0xA113D98D
0x09E07A0C,,,0,1,0,1,0,0,0,5,5,2.16,0,break_piece,0xB0D4E642
0x09E169B3,caracas_bld_historical02,rainbow,1,1,1,0,0,0,0,0,0,0.03,0,static,0x09E169B3
0x09F538CE,,,0,1,0,0,0,0,0,7,7,0.53,1,break_piece,0x807D1C3B
0x09FDE118,,,0,1,0,1,1,0,0,1,1,0.54,0,intact,0x5C6315A6
0x0A0F1972,,,0,1,0,1,1,0,0,1,1,0.45,0,intact,0xB0A0930E
0x0A136E5D,piece5h_propdebris28,rainbow,1,1,0,1,1,0,0,3,3,3.55,1,break_piece,0x2CE290F9
0x0A1902E4,,,0,1,0,0,1,0,0,5,5,0.95,1,intact,0xC142F94B
0x0A1B3ECA,,,0,1,0,0,1,0,0,1,1,6.61,0,,0x0C653E97
0x0A1F9DFB,oilrig_att_towerdrillpipesb,rainbow,1,1,1,0,0,0,0,0,0,0.03,0,static,0x0A1F9DFB
0x0A362710,jungle_env_plantlarge01,rainbow,1,1,1,0,0,0,0,0,0,0.03,0,static,0x0A362710
0x0A364F06,,,0,1,0,0,0,0,0,2,2,0.03,1,,0x14D94B9B
0x0A49CF91,,,0,1,0,0,1,0,0,5,5,0.93,1,intact,0x12732DD2
0x0A4B4222,floor01.piece1a_propdebris27,rainbow,1,1,0,1,1,0,0,3,3,7.30,1,break_piece,0x601A1292
0x0A4B7296,,,0,1,0,0,1,0,0,6,6,1.39,0,break_piece,0x0065B09D
0x0A5B9F32,hp_camera_b,rainbow,1,1,0,0,1,0,0,1,1,0.03,1,,0xBEC05BF8
0x0A5D9EA3,village_bld_house02,rainbow,1,1,1,0,0,0,0,0,0,0.03,0,static,0x0A5D9EA3
0x0A6269EA,caracas_bld_governmentcorner01,rainbow,1,1,1,0,0,0,0,0,0,0.03,0,static,0x0A6269EA
0x0A65271C,,,0,1,0,0,1,0,0,6,6,1.13,0,break_piece,0xF88147A1
0x0A65C93F,slice4a_propattach09_ruin,rainbow,1,1,0,1,0,0,0,4,4,0.03,0,break_piece,0xE6027C27
0x0A8AF517,,,0,1,0,0,1,0,0,3,3,2.55,0,,0x14D94B9B
0x0A8E25B1,piece6a_propdebris19,rainbow,1,1,0,1,1,0,0,3,3,1.68,1,break_piece,0xC68ADB00
0x0A8F7245,,,0,1,0,0,1,0,0,3,3,2.55,0,,0x14D94B9B
0x0A9ABCD8,floor03.piece1a_propdebris16,rainbow,1,1,0,1,1,0,0,3,3,5.00,1,break_piece,0xCA3AC936
0x0AAC901C,piece4c_propdebris10,rainbow,1,1,0,1,1,0,0,3,3,2.65,1,break_piece,0xFA83AC18
0x0AAE6D5A,,,0,1,1,0,0,0,0,0,0,0.03,0,static,0x0AAE6D5A
0x0AB98759,,,0,1,0,1,0,0,0,4,4,0.03,0,break_piece,0x155E5F33
0x0ABD9530,,,0,1,0,1,1,0,0,5,5,6.09,0,break_piece,0x319D840A
0x0AD75BF5,,,0,1,0,0,1,0,0,3,3,1.56,1,,0x32FBE556
0x0AE956F2,hp_seat_ciwsfl,rainbow,1,1,0,0,1,0,0,3,3,0.03,1,break_piece,0x25FE00A7
0x0AED8898,,,0,1,0,0,1,0,0,5,5,0.03,1,break_piece,0x319D840A
0x0AF7C3CD,,,0,1,0,0,1,0,0,5,5,0.97,1,break_piece,0x19E2962E
0x0B22C998,bullbar_horn_cage_l_ruin,rainbow,1,1,0,1,1,0,0,4,4,6.56,0,break_piece,0xB993D852
0x0B294CBA,,,0,1,0,0,1,0,0,6,6,3.81,0,break_piece,0xEAA1C080
0x0B362554,floor02.piece1b_propattach00_pristine,rainbow,1,1,0,1,1,0,0,4,4,12.33,0,intact,0xD23F52FC
0x0B3AD836,,,0,1,0,0,1,0,0,6,6,1.04,0,break_piece,0x80C357EC
0x0B4C79B4,aloutpost_bld_alarmtower_pristine_lod_propattach6,rainbow,1,1,1,0,0,0,0,0,0,0.03,0,static,0x0B4C79B4
0x0B5337C9,,,0,1,0,1,1,0,0,4,4,3.63,0,break_piece,0x7EC3FC58
0x0B554F94,,,0,1,0,1,1,0,0,1,1,0.27,0,break_piece,0x0D0B8CF5
0x0B63C35C,slice2a_propattach06_ruin,rainbow,1,1,0,1,0,0,0,4,4,0.03,0,break_piece,0xE6027C27
0x0B652059,,,0,1,0,0,1,0,0,4,4,0.03,1,break_piece,0x3F6D97ED
0x0B66BF81,,,0,1,0,1,1,0,0,4,4,3.21,0,break_piece,0x7EC3FC58
0x0B674D71,slice1b_propdebris71,rainbow,1,1,0,1,1,0,0,4,4,4.95,1,break_piece,0x964451A0
0x0B6B524B,hp_fx_explosionI,rainbow,1,1,0,0,1,0,0,3,3,0.03,1,break_piece,0x618526A4
0x0B6FCF79,hp_fx_explosionK,rainbow,1,1,0,0,1,0,0,3,3,0.03,1,break_piece,0x618526A4
0x0B711E0A,hp_mlrsrocket,rainbow,1,1,1,0,1,0,0,0,0,3.51,0,,0x59A75C88
0x0B74CC80,,,0,1,1,0,1,0,0,0,0,39.18,0,,0x0B74CC80
0x0B7CC1B7,island_bld_fortress01,rainbow,1,1,1,0,0,0,0,0,0,0.03,0,static,0x0B7CC1B7
0x0B9D5ABB,piece3g_propdebris14,rainbow,1,1,0,1,1,0,0,3,3,1.97,1,break_piece,0xA1A48E75
0x0BA6B10E,,,0,1,0,0,1,0,0,3,3,0.65,1,break_piece,0x461F1A3A
0x0BB034DD,global_billboard05,rainbow,1,1,1,0,0,0,0,0,0,0.03,0,static,0x0BB034DD
0x0BB1C7EA,floor02.piece1a_propdebris35,rainbow,1,1,0,1,1,0,0,3,3,11.88,1,break_piece,0x601A1292
0x0BBD20A3,global_fruitboxe,rainbow,1,1,1,0,1,0,0,0,0,0.79,0,,0x0BBD20A3
0x0BC477CE,,,0,1,0,0,1,0,0,4,4,0.03,1,break_piece,0xC1EEB3B3
0x0BD718A8,,,0,1,0,0,1,0,0,5,5,0.03,1,break_piece,0x3FF2692D
0x0BEF7E7B,city_bld_storefronte,rainbow,1,1,1,0,0,0,0,0,0,0.03,0,static,0x0BEF7E7B
0x0C04A3C0,,,0,1,1,0,1,0,0,0,0,3.61,0,,0x0C04A3C0
0x0C25090B,,,0,1,0,0,0,0,0,2,2,0.03,1,,0x14D94B9B
0x0C298639,,,0,1,0,0,0,0,0,2,2,0.03,1,,0x14D94B9B
0x0C29BB17,,,0,1,0,0,1,0,0,4,4,2.80,1,break_piece,0x74EB59B1
0x0C336A4B,commercial_walllong_pristine,rainbow,1,1,1,0,1,0,0,0,0,16.40,0,,0x0C336A4B
0x0C3B85E3,merida_universityfence,rainbow,1,1,1,0,0,0,0,0,0,0.03,0,static,0x0C3B85E3
0x0C3DA7BE,,,0,1,0,0,1,0,0,3,3,0.03,1,intact,0xFF7ABB3B
0x0C40C995,piece1a_propattach14,rainbow,1,1,0,0,0,0,0,3,3,0.03,1,break_piece,0xE5133554
0x0C4DB73B,,,0,1,0,1,0,0,0,4,4,0.03,0,break_piece,0x77A20DC0
0x0C590257,,,0,1,0,0,1,0,0,3,3,0.03,1,break_piece,0xE59723FD
0x0C5D3B85,slice2f,rainbow,2,1,0,0,0,0,0,1,1,0.03,0,static,0x0B7CC1B7
0x0C5E3C74,slice3a_propattach13,rainbow,1,1,0,0,0,0,0,3,3,0.03,1,break_piece,0xE6027C27
0x0C603A00,,,0,1,0,0,1,0,0,3,3,0.03,1,intact,0xFF7ABB3B
0x0C61F86A,hp_al01_starter,rainbow,1,1,0,0,1,0,0,1,1,0.03,1,,0x23522367
0x0C653E97,,,0,1,1,0,0,0,0,0,0,0.03,0,,0x0C653E97
0x0C6711B3,,,0,1,0,0,22,0,0,2,2,2.17,0,,0x307D6AE1
0x0C68B0DA,,,0,1,0,1,1,0,0,6,6,1.86,0,intact,0x5B172306
0x0C959690,,,0,1,0,0,0,0,0,2,2,1.64,1,,0x33C8B389
0x0C9CA601,,,0,1,1,0,0,0,0,0,0,0.03,0,static,0x0C9CA601
0x0C9EC0CD,,,0,1,0,0,0,0,0,4,4,0.98,1,intact,0x22BA44C8
0x0CABC304,slice2a_propattach16,rainbow,1,1,0,0,0,0,0,3,3,0.03,1,break_piece,0x2171B6D7
0x0CAE2C63,,,0,1,0,0,1,0,0,3,3,0.03,1,break_piece,0x516CE83D
0x0CAEDA7E,,,0,1,0,0,1,0,0,3,3,0.03,1,intact,0xBBD8D408
0x0CAF1461,grid,rainbow,1,1,1,0,1,0,0,0,0,0.54,0,,0x99EEAB67
0x0CCE47DD,,,0,1,0,0,1,0,0,5,5,0.03,1,break_piece,0x6B1DE27D
0x0CD33B48,,,0,1,1,0,0,0,0,0,0,0.03,0,static,0xFE8428E7
0x0CF6128E,floor01.slice2c_propdebris00,rainbow,1,1,0,1,1,0,0,4,4,8.08,1,break_piece,0x149FC407
0x0CFE172D,caracas_walllong_pristine,rainbow,1,1,1,0,1,0,0,0,0,16.39,0,,0x0CFE172D
0x0D099328,,,0,1,0,0,1,0,0,3,3,2.55,0,,0x14D94B9B
0x0D0E1056,,,0,1,0,0,1,0,0,3,3,2.55,0,,0x14D94B9B
0x0D2172B7,outskirt_bld_house01,rainbow,1,1,1,0,0,0,0,0,0,0.03,0,static,0x0D2172B7
0x0D40943F,piece2h_propdebris18,rainbow,1,1,0,1,1,0,0,3,3,4.44,1,break_piece,0x91E2FC68
0x0D4526EA,,,0,1,0,0,1,0,0,5,5,0.03,1,break_piece,0xC56B1A44
0x0D461AEA,slice1c_propdebris44,rainbow,1,1,0,1,1,0,0,4,4,6.50,1,break_piece,0x383D01E1
0x0D466410,,,0,1,0,1,1,0,0,6,6,1.03,1,break_piece,0xF762CFC3
0x0D47205D,,,0,1,0,1,0,0,0,5,5,0.03,0,break_piece,0x149FC407
0x0D4FA498,global_weapon_c4water,rainbow,1,1,1,0,0,0,0,0,0,0.25,0,,0x0D4FA498
0x0D52149A,dlc_outskirt_interior_sound_jukebox,rainbow,1,1,1,0,1,0,0,0,0,0.03,0,,0x0D52149A
0x0D554347,,,0,1,0,0,1,0,0,7,7,0.78,1,break_piece,0x25B3F7BC
0x0D5A6FA4,,,0,1,0,0,0,0,0,1,1,0.03,0,,0x307D6AE1
0x0D5FCA87,,,0,1,0,0,1,0,0,3,3,0.03,0,break_piece,0x1203E036
0x0D80AAC5,,,0,1,1,0,0,0,0,0,0,0.03,0,,0x0D80AAC5
0x0D811EA3,piece1a_propdebris61,rainbow,1,1,0,1,1,0,0,3,3,10.02,1,break_piece,0x3601FC68
0x0D95F392,,,0,1,0,0,1,0,0,3,3,0.03,1,break_piece,0x618526A4
0x0DA644FB,slice6d_propdebris07,rainbow,1,1,0,1,1,0,0,3,3,4.46,1,break_piece,0x04CC21CD
0x0DAAC229,slice6d_propdebris05,rainbow,1,1,0,1,1,0,0,3,3,3.30,1,break_piece,0x04CC21CD
0x0DAEE9F7,L3_faraway1,rainbow,1,1,0,0,1,0,0,5,5,4.38,0,intact,0xA26387A9
0x0DB9CF26,slice4b_propdebris15,rainbow,1,1,0,1,1,0,0,4,4,4.59,1,break_piece,0x1A74D3EE
0x0DBB4F34,hp_weapon_a,rainbow,1,1,0,0,1,0,0,1,1,0.03,1,,0x223593E1
0x0DBC347C,,,0,1,1,0,1,0,0,0,0,24.76,0,,0x0DBC347C
0x0DC0AFB8,,,0,1,0,0,1,0,0,6,6,1.03,0,break_piece,0x12732DD2
0x0DC57B71,,,0,1,0,0,1,0,0,4,4,0.61,1,intact,0x2255CE3E
0x0DD795FA,piece6d_propdebris06,rainbow,1,1,0,1,1,0,0,3,3,1.23,1,break_piece,0x8E8ED4C0
0x0DDED923,vzoutpost_wallb_oc,rainbow,1,1,1,0,0,0,0,0,0,0.03,0,static,0x0DDED923
0x0DDEDF7C,slice5c_propdebris02,rainbow,1,1,0,1,1,0,0,3,3,2.99,1,break_piece,0x04CC21CD
0x0DDFD017,,,0,1,0,0,1,0,0,6,6,1.39,0,break_piece,0x0065B09D
0x0DE76865,,,0,1,0,0,1,0,0,4,4,0.03,1,break_piece,0xA113D98D
0x0DE7E622,merida_plazastatue,rainbow,1,1,1,0,0,0,0,0,0,0.03,0,static,0x0DE7E622
0x0DE8CDFB,,,0,1,0,0,1,0,0,4,4,0.03,1,break_piece,0xC142F94B
0x0DF65137,piece7a_propdebris41,rainbow,1,1,0,1,1,0,0,3,3,1.64,1,break_piece,0xCE866A6A
0x0E0362D2,,,0,1,0,0,1,0,0,6,6,1.05,0,break_piece,0x95F4BA55
0x0E116892,,,0,1,0,0,1,0,0,3,3,0.03,1,break_piece,0xB6B946F4
0x0E28F272,,,0,1,0,0,1,0,0,5,5,0.03,1,break_piece,0xBFC09F3E
0x0E305AD4,,,0,1,0,0,1,0,0,3,3,1.69,1,,0x32FBE556
0x0E3C6FA4,hp_ch01_player,rainbow,1,1,0,0,1,0,0,1,1,0.03,1,,0x8456CC17
0x0E4FBF21,,,0,1,0,1,1,0,0,5,5,0.70,1,break_piece,0xC939089F
0x0E503A9A,,,0,1,0,0,1,0,0,3,3,2.10,0,,0x14D94B9B
0x0E721DE9,floor02.piece1a_propattach00_ruin,rainbow,1,1,0,1,1,0,0,4,4,38.33,1,intact,0xCA3AC936
0x0E844C45,vzoutpost_bld_barrack,rainbow,1,1,1,0,0,0,0,0,0,0.03,0,static,0x0E844C45
0x0E9502CF,oc_veh_truck_ext,rainbow,1,1,1,0,0,0,0,0,0,0.03,0,static,0x0E9502CF
0x0EAE01ED,slice3e_propdebris03,rainbow,1,1,0,1,1,0,0,3,3,1.91,1,break_piece,0x04CC21CD
0x0EC77F0E,,,0,1,0,1,1,0,0,5,5,1.73,1,break_piece,0xC1527544
0x0ECF1683,,,0,1,0,1,0,0,0,5,5,0.03,0,break_piece,0x149FC407
0x0EDFAFFF,global_env_palmtreebend01,rainbow,1,1,1,0,0,0,0,0,0,0.03,0,static,0x0EDFAFFF
0x0EE2CB61,,,0,1,0,0,1,0,0,3,3,0.03,1,intact,0xE59723FD
0x0EE5CDCD,slice2i_interior,rainbow,1,1,0,1,1,0,0,3,3,36.46,0,break_piece,0x0B7CC1B7
0x0EE7E309,,,0,1,0,0,1,0,0,5,5,0.03,1,break_piece,0xCA20C1D9
0x0EED0B90,,,0,1,0,0,1,0,0,6,6,0.03,1,break_piece,0xB0D4E642
0x0F0A2A0A,,,0,1,0,0,1,0,0,5,5,0.03,1,break_piece,0x6B1DE27D
0x0F10656F,,,0,1,0,0,1,0,0,4,4,1.98,1,intact,0x22BA44C8
0x0F13CC57,,,0,1,0,0,1,0,0,6,6,3.80,0,break_piece,0xDDE0070C
0x0F1D2F26,slice4a_propattach11_ruin,rainbow,1,1,0,1,0,0,0,4,4,0.03,0,break_piece,0xE6027C27
0x0F1D3E7D,,,0,1,0,1,1,0,0,1,1,0.54,0,intact,0xF245AC63
0x0F28C6DC,slice1q_ruin,rainbow,1,1,0,1,1,0,0,2,2,18.97,0,intact,0x805C965E
0x0F2DEF5E,vzoutpost_walla_pr,rainbow,1,1,1,0,0,0,0,0,0,0.03,0,static,0x0F2DEF5E
0x0F335D26,,,0,1,1,0,0,0,0,0,0,0.03,0,static,0x0F335D26
0x0F3B0980,floor01.piece5i_propdebris03_ruic,rainbow,1,1,0,0,0,0,0,3,3,0.03,1,break_piece,0x74474CB1
0x0F4FCDC6,port_dockloading,rainbow,1,1,1,0,1,0,0,0,0,35.14,0,,0x0F4FCDC6
0x0F53B5CA,piece8k_propdebris12,rainbow,1,1,0,1,1,0,0,3,3,1.12,1,break_piece,0x8E8ED4C0
0x0F98E80F,,,0,1,0,1,0,0,0,4,4,0.03,0,break_piece,0xB0D4E642
0x0F9B9B04,civ_veh_car_r90_limo,rainbow,1,1,1,0,0,0,0,0,0,0.03,0,static,0x0F9B9B04
0x0FA732E9,piece5l_propdebris28,rainbow,1,1,0,1,1,0,0,3,3,3.62,1,break_piece,0x50AACA22
0x0FB3E6EB,,,0,1,0,0,1,0,0,6,6,1.03,0,break_piece,0x12732DD2
0x0FCA1E1D,piece9a_propdebris05,rainbow,1,1,0,1,1,0,0,3,3,2.58,1,break_piece,0xF08D5BB5
0x0FCA34B7,,,0,1,0,1,0,0,0,5,5,0.03,1,break_piece,0x149FC407
0x0FD4CF38,slice4a_propattach06_pristine,rainbow,1,1,0,1,1,0,0,4,4,0.64,0,break_piece,0xE6027C27
0x0FD7DFA1,,,0,1,0,0,1,0,0,3,3,0.03,1,intact,0xFF7ABB3B
0x0FEC6D73,,,0,1,0,1,1,0,0,5,5,3.81,1,break_piece,0xC939089F
0x0FF16E33,global_feather_fxmodel_b,rainbow,1,1,1,0,1,0,0,0,0,0.83,0,,0x0FF16E33
0x0FFDE8C8,shanty_env_bush01,rainbow,1,1,1,0,0,0,0,0,0,0.03,0,static,0x0FFDE8C8
0x10090795,pmcoutpost_column_noreflection,rainbow,1,1,1,0,0,0,0,0,0,0.03,0,static,0x10090795
0x101EB4E1,,,0,1,0,1,1,0,0,5,5,4.04,0,break_piece,0xE6027C27
0x102A56A1,,,0,1,0,0,1,0,0,6,6,1.70,0,break_piece,0x1125CB99
0x10424CD7,,,0,1,0,0,1,0,0,4,4,0.61,0,break_piece,0x74474CB1
0x104449E1,,,0,1,0,1,1,0,0,5,5,2.12,1,break_piece,0x25FE00A7
0x1046CA05,,,0,1,0,0,1,0,0,4,4,0.61,0,break_piece,0x74474CB1
0x10528B8B,,,0,1,0,0,1,0,0,3,3,0.03,1,intact,0x0B7CC1B7
0x10579972,,,0,1,0,0,1,0,0,1,1,0.03,1,static,0x04ED3522
0x10610F3C,,,0,1,0,1,1,0,0,5,5,6.32,1,break_piece,0x0B7CC1B7
0x107F0E47,bone_rotor_blade_3,rainbow,1,1,0,0,1,0,0,7,7,7.42,0,intact,0xF6DEC8EA
0x10838B75,bone_rotor_blade_1,rainbow,1,1,0,0,1,0,0,7,7,7.42,0,intact,0xF6DEC8EA
0x108C48AC,,,0,1,0,0,1,0,0,3,3,0.03,1,break_piece,0x7D808EF2
0x1096C128,,,0,1,1,0,0,0,0,0,0,0.03,0,static,0x1096C128
0x10984459,,,0,1,0,0,1,0,0,5,5,1.25,0,intact,0xCDC5617A
0x109B75F2,slice1a_propdebris68,rainbow,1,1,0,1,1,0,0,4,4,4.95,1,break_piece,0x964451A0
0x10A1D397,pmc_veh_motorcycle_mattias,rainbow,1,1,1,0,0,0,0,0,0,0.03,0,static,0x10A1D397
0x10A3D14D,global_radioa,rainbow,1,1,1,0,1,0,0,0,0,0.53,0,,0x10A3D14D
0x10A7796B,proutpost_att_neona,rainbow,1,1,1,0,0,0,0,0,0,0.03,0,static,0x10A7796B
0x10C55273,,,0,1,0,0,1,0,0,5,5,0.03,1,break_piece,0x35992F99
0x10D2DCCA,hp_fx_parachute,rainbow,1,1,0,0,1,0,0,1,1,0.03,1,,0xF67B3FD5
0x10D510A8,bone_flap1_r_pitch,rainbow,1,1,0,0,1,0,0,3,3,4.40,1,,0x32FBE556
0x10E440D7,,,0,1,0,1,1,0,0,3,3,0.03,0,break_piece,0x066F550B
0x10EC63AF,,,0,1,1,0,0,0,0,0,0,0.03,0,,0x10EC63AF
0x10F5A969,slice1f_propattach01_pristine,rainbow,1,1,0,1,1,0,0,4,4,11.19,0,intact,0x35992F99
0x10F809A9,,,0,1,0,0,0,0,0,1,1,0.03,1,,0x1FBFBB4B
0x10FE2103,,,0,1,0,0,1,0,0,6,6,2.07,0,break_piece,0xCDC5617A
0x110E9F30,,,0,1,0,0,0,0,0,5,5,0.28,1,break_piece,0xB993D852
0x1125CB99,oc_veh_semi_austin,rainbow,1,1,1,0,0,0,0,0,0,0.03,0,static,0x1125CB99
0x11335853,global_bld_potty01,rainbow,1,1,1,0,0,0,0,0,0,0.03,0,static,0x11335853
0x1138628A,,,0,1,0,0,0,0,0,3,3,0.03,1,break_piece,0x25FE00A7
0x114C9E49,,,0,1,0,0,0,0,0,3,3,0.03,0,break_piece,0x25FE00A7
0x115B8420,sign02,rainbow,1,1,1,0,1,0,0,0,0,0.03,0,static,0x115B8420
0x11640B62,vz_veh_tank_amx30_base,rainbow,1,1,1,0,0,0,0,0,0,0.03,0,static,0x11640B62
0x11648A5C,,,0,1,0,1,1,0,0,4,4,4.10,0,break_piece,0x7EC3FC58
0x116D895F,,,0,1,0,1,1,0,0,5,5,7.99,1,break_piece,0x618526A4
0x117330E8,,,0,1,0,1,0,0,0,5,5,4.42,0,break_piece,0xE54047D5
0x11755AC4,global_lampposta,rainbow,1,1,1,0,0,0,0,0,0,0.03,0,static,0x11755AC4
0x1179C105,,,0,1,0,0,1,0,0,3,3,2.10,0,,0x14D94B9B
0x1181220C,hp_fx_explosionb,rainbow,1,1,0,0,1,0,0,3,3,0.03,1,break_piece,0x618526A4
0x11AA4CF6,,,0,1,1,0,1,0,0,0,0,1.12,0,,0x11AA4CF6
0x11C2DEF9,village_bld_farming04,rainbow,1,1,1,0,0,0,0,0,0,0.03,0,static,0x11C2DEF9
0x11C34839,hp_deserteagle,rainbow,1,1,1,0,0,0,0,0,0,0.36,0,static,0x622EB29F
0x11DA641D,,,0,1,1,0,0,0,0,0,0,1.22,0,static,0xD1575ABB
0x11DE0583,piece2a_propdebris39,rainbow,1,1,0,1,1,0,0,3,3,4.53,1,break_piece,0x5DC2D1E2
0x11DFB98D,,,0,1,0,1,1,0,0,5,5,4.04,1,break_piece,0xE6027C27
0x11E79281,,,0,1,0,1,1,0,0,5,5,5.65,1,break_piece,0x35992F99
0x11EA5D4A,village_lampcolemana,rainbow,1,1,1,0,0,0,0,0,0,0.03,0,static,0x11EA5D4A
0x11F16DFD,,,0,1,0,1,1,0,0,6,6,0.41,1,break_piece,0x02195587
0x11FD727C,,,0,1,1,0,0,0,0,0,0,0.03,0,,0x11FD727C
0x1203E036,jungle_env_plantsmall03,rainbow,1,1,1,0,0,0,0,0,0,0.03,0,static,0x1203E036
0x120DBBF9,,,0,1,0,0,1,0,0,4,4,0.03,1,intact,0xC733E65D
0x120F55F0,,,0,1,0,0,1,0,0,4,4,0.03,1,break_piece,0xD1968AF1
0x120FF518,piece2d_propdebris00,rainbow,1,1,0,1,1,0,0,3,3,5.59,1,break_piece,0x04CC21CD
0x12181179,gr_veh_truck_m151_50cal,rainbow,1,1,1,0,0,0,0,0,0,0.03,0,static,0x12181179
0x1219C130,,,0,1,0,0,1,0,0,2,2,1.88,1,,0xC1E0DE18
0x121F2141,,,0,1,0,1,1,0,0,5,5,4.58,0,intact,0x2B97DD31
0x122FD2FD,piece2z_propattach01,rainbow,1,1,0,0,0,0,0,3,3,0.03,1,intact,0xB6B946F4
0x12358513,,,0,1,0,1,0,0,0,5,5,0.03,1,break_piece,0xDDE0070C
0x1247DD93,bone_stabiliser_r,rainbow,1,1,0,0,1,0,0,2,2,2.62,1,,0x722BEA76
0x1251862C,,,0,1,1,0,0,0,0,0,0,0.03,0,,0x1251862C
0x12551ECE,global_moneysuitcase,rainbow,1,1,2,0,0,0,0,0,0,0.03,0,static,0x12551ECE
0x126E37E6,,,0,1,0,0,1,0,0,3,3,0.03,1,break_piece,0x22435EEA
0x12732DD2,gr_veh_tank_m551sheridan,rainbow,1,1,1,0,0,0,0,0,0,0.03,0,static,0x12732DD2
0x1273519E,floor00.slice3b,rainbow,1,1,0,0,0,0,0,1,1,0.03,0,static,0xFD0229C3
0x127F27BF,piece6a_propdebris17,rainbow,1,1,0,1,1,0,0,3,3,1.21,1,break_piece,0xC68ADB00
0x1282963C,,,0,1,1,0,0,0,0,0,0,0.03,0,static,0x1282963C
0x12895C41,caracas_bld_theater01_pile_xx0,rainbow,1,1,0,1,1,0,0,1,1,1.29,0,intact,0xEA7F9F3F
0x129AF8B1,,,0,1,0,1,1,0,0,6,6,1.76,0,intact,0x0F9B9B04
0x129D989E,,,0,1,0,0,1,0,0,3,3,2.55,0,,0x14D94B9B
0x129EB31C,,,0,1,0,1,1,0,0,1,1,1.34,0,break_piece,0x2703554F
0x129F3BA9,proutpost_fueltanks,rainbow,1,1,1,0,0,0,0,0,0,0.03,0,static,0x129F3BA9
0x12A8E72C,,,0,1,0,1,1,0,0,1,1,1.34,0,intact,0x759BDE16
0x12B2BD31,oilrig_tankmeda,rainbow,1,1,1,0,0,0,0,0,0,0.03,0,static,0x12B2BD31
0x12B8B1C4,,,0,1,1,0,0,0,0,0,0,0.03,0,static,0x066F550B
0x12BFD7DD,piece5p_propdebris33,rainbow,1,1,0,1,1,0,0,3,3,3.32,1,break_piece,0x50AACA22
0x12C02AE0,,,0,1,0,0,1,0,0,3,3,2.55,0,,0x14D94B9B
0x12CF094D,,,0,1,0,1,1,0,0,2,2,0.45,0,break_piece,0xF245AC63
0x12E98D83,,,0,1,0,0,1,0,0,1,1,0.03,1,,0x114FB0B3
0x12EE3F66,slice1c_propdebris22,rainbow,1,1,0,1,1,0,0,4,4,4.95,0,break_piece,0xD506BE7E
0x12FFA6A7,,,0,1,0,0,1,0,0,6,6,1.66,0,break_piece,0x155C8246
0x131B2E6D,,,0,1,0,0,1,0,0,5,5,10.41,0,intact,0x149FC407
0x132322F4,,,0,1,0,0,1,0,0,3,3,0.03,1,break_piece,0xB0D4E642
0x1327A022,,,0,1,0,0,1,0,0,3,3,0.03,1,break_piece,0xB0D4E642
0x133344D7,,,0,1,0,0,1,0,0,4,4,0.03,0,break_piece,0x0189C80A
0x1333ECBA,,,0,1,0,0,1,0,0,5,5,2.07,0,intact,0xCDC5617A
0x133F61FC,,,0,1,0,0,1,0,0,6,6,1.04,0,break_piece,0x80C357EC
0x13417609,groutpost_bld_cranemining,rainbow,1,1,1,0,0,0,0,0,0,0.03,0,static,0x13417609
0x134414C5,floor02.piece2a_propattach02,rainbow,1,1,0,0,0,0,0,3,3,0.03,0,break_piece,0xAC3CD893
0x1347F3F2,,,0,1,0,0,1,0,0,4,4,0.03,1,break_piece,0x770E7949
0x134C9C7F,piece1b_propattach16_ruin,rainbow,1,1,0,1,1,0,0,4,4,1.31,1,intact,0x6B3A45A6
0x134E4AA6,,,0,1,0,0,0,0,0,6,6,0.03,1,break_piece,0xC1EEB3B3
0x134EBB53,sign05,rainbow,1,1,2,0,0,0,0,0,0,0.03,0,static,0x134EBB53
0x1357C18F,,,0,1,0,1,1,0,0,4,4,3.43,0,break_piece,0x7EC3FC58
0x13705BEA,,,0,1,1,0,1,0,0,0,0,10.59,0,,0x13705BEA
0x13709C60,,,0,1,1,0,0,0,0,0,0,0.03,0,static,0x13709C60
0x1377D962,sign26,rainbow,1,1,1,0,0,0,0,0,0,0.03,0,static,0x1377D962
0x137EEDEC,bone_pitch_a,rainbow,1,1,0,0,0,0,0,4,4,1.40,1,intact,0x7A5DCB7C
0x138DF125,hp_fx_explosiong,rainbow,1,1,0,0,1,0,0,3,3,0.03,1,break_piece,0x618526A4
0x13A86EF7,civ_veh_boat_saltonsea,rainbow,1,1,1,0,0,0,0,0,0,0.03,0,static,0x13A86EF7
0x13A913D7,,,0,1,0,1,1,0,0,5,5,4.75,1,break_piece,0x35992F99
0x13AB3AD4,,,0,1,0,0,1,0,0,3,3,0.65,1,break_piece,0x461F1A3A
0x13B204C7,global_env_rocksmoss02,rainbow,1,1,1,0,0,0,0,0,0,0.03,0,,0x13B204C7
0x13B569E5,maracaiboruins_bld_govtbld,rainbow,1,1,1,0,1,0,0,0,0,73.67,0,,0x13B569E5
0x13B61A0B,,,0,1,0,1,1,0,0,5,5,7.78,1,break_piece,0x2E3C0B49
0x13BFAF0E,vzoutpost_bld_garage,rainbow,1,1,1,0,0,0,0,0,0,0.03,0,static,0x13BFAF0E
0x13C4AD80,,,0,1,0,0,1,0,0,4,4,0.03,1,intact,0x4FC2D374
0x13C93783,,,0,1,0,0,1,0,0,6,6,1.62,0,break_piece,0xC7C3C08C
0x13D0A866,piece5h,rainbow,1,1,0,0,0,0,0,1,1,0.03,0,static,0x2CE290F9
0x13D2BC1F,,,0,1,1,0,0,0,0,0,0,0.03,0,static,0x13D2BC1F
0x13D2DE59,,,0,1,0,0,1,0,0,2,2,8.20,1,,0xA2AB2E44
0x13DC6E12,,,0,1,0,0,1,0,0,6,6,0.89,0,break_piece,0xE8E58109
0x13EB0400,,,0,1,1,0,0,0,0,0,0,0.03,0,static,0x13EB0400
0x13F46ECE,hp_snap_piece1b_oilrig_tankmedA_b,rainbow,1,1,0,0,1,0,0,2,2,0.03,1,static,0xD44C2215
0x13F85F16,,,0,1,0,0,1,0,0,3,3,2.10,0,,0x14D94B9B
0x13FBB23F,,,0,1,0,1,1,0,0,1,1,0.54,0,intact,0x5C6315A6
0x1400332A,,,0,1,1,0,1,0,0,0,0,25.49,0,,0x1400332A
0x140400C1,commercial_bld_segment8x8c,rainbow,1,1,1,0,0,0,0,0,0,0.03,0,static,0x140400C1
0x1406C9FC,,,0,1,0,0,1,0,0,8,8,0.18,0,break_piece,0xC1EEB3B3
0x140A4195,,,0,1,1,0,0,0,0,0,0,0.03,0,,0x140A4195
0x140F540C,,,0,1,0,1,1,0,0,1,1,0.51,0,intact,0x759BDE16
0x141C17ED,piece2a_propdebris42,rainbow,1,1,0,1,1,0,0,3,3,2.98,1,break_piece,0x5DC2D1E2
0x14219A70,residential_bld_segment16x16b,rainbow,1,1,1,0,0,0,0,0,0,0.03,0,static,0x14219A70
0x142C39ED,,,0,1,0,0,1,0,0,3,3,1.63,1,,0x33C8B389
0x14309B8F,,,0,1,1,0,0,0,0,0,0,0.03,0,static,0x14309B8F
0x14400F0B,shanty_bld_housegroupsmall03,rainbow,1,1,1,0,0,0,0,0,0,0.03,0,static,0x14400F0B
0x14448C39,shanty_bld_housegroupsmall01,rainbow,1,1,1,0,0,0,0,0,0,0.03,0,static,0x14448C39
0x14525899,piece1a_propdebris81,rainbow,1,1,0,1,1,0,0,3,3,9.02,1,break_piece,0x1923143C
0x145A8904,,,0,1,0,1,1,0,0,5,5,4.50,1,break_piece,0x818E5819
0x145F0632,,,0,1,0,1,1,0,0,5,5,3.00,1,break_piece,0x818E5819
0x1465E051,piece1a_propdebris89,rainbow,1,1,0,1,1,0,0,3,3,10.78,1,break_piece,0x1923143C
0x1469E07C,,,0,1,0,0,1,0,0,6,6,1.18,0,break_piece,0xC159BBC9
0x1482451D,slice5d_propdebris02,rainbow,1,1,0,1,1,0,0,3,3,2.38,1,break_piece,0x04CC21CD
0x149E11B8,,,0,1,0,0,1,0,0,3,3,0.03,1,intact,0xE59723FD
0x149FC407,maracaibo_bld_skyscraper02,rainbow,1,1,1,0,0,0,0,0,0,0.03,0,static,0x149FC407
0x14A966DD,,,0,1,0,0,1,0,0,5,5,0.03,0,break_piece,0x25FE00A7
0x14B0E28A,piece5f_propdebris18,rainbow,1,1,0,1,1,0,0,3,3,1.09,1,break_piece,0xBFE24A41
0x14B36213,,,0,1,0,0,1,0,0,3,3,2.55,0,,0x14D94B9B
0x14BBE333,,,0,1,0,0,1,0,0,4,4,0.03,1,break_piece,0x319D840A
0x14D7D085,,,0,1,0,0,0,0,0,3,3,1.01,1,break_piece,0xB993D852
0x14D94B9B,maracaibo_park,rainbow,1,1,1,0,0,0,0,0,0,0.03,0,,0x14D94B9B
0x14EB59BF,,,0,1,0,0,1,0,0,5,5,0.03,1,break_piece,0x319D840A
0x14F4F57E,slice7a_propdebris04,rainbow,1,1,0,1,1,0,0,3,3,4.25,1,break_piece,0x04CC21CD
0x14FA9C54,floor01.slice2c_propdebris02,rainbow,1,1,0,1,1,0,0,4,4,5.70,1,break_piece,0x149FC407
0x150A18ED,piece7b_pristine,rainbow,1,1,0,1,1,0,0,2,2,7.70,0,intact,0xA1846C79
0x15103AEC,,,0,1,0,0,1,0,0,6,6,1.05,0,break_piece,0xBBDC51DD
0x1517BBCD,,,0,1,0,0,1,0,0,3,3,0.03,1,break_piece,0xB6B946F4
0x152051E6,hp_pmc02_starter,rainbow,1,1,0,0,1,0,0,3,3,0.03,1,break_piece,0x39AF17DC
0x15233D77,hp_fx_leaves_palm_b,rainbow,1,1,0,0,1,0,0,3,3,0.03,1,break_piece,0x799C0CA2
0x15275FC8,bone_prop_l,rainbow,1,1,0,0,1,0,0,3,3,0.54,1,intact,0x60E7FFEB
0x1545CE0A,,,0,1,0,1,1,0,0,1,1,1.34,0,intact,0x759BDE16
0x1558E47E,slice3f,rainbow,1,1,0,0,0,0,0,1,1,0.03,0,static,0x04CC21CD
0x155C8246,civ_veh_semi_mark,rainbow,1,1,1,0,0,0,0,0,0,0.03,0,static,0x155C8246
0x155E5F33,industrial_bld_smokestack,rainbow,1,1,1,0,0,0,0,0,0,0.03,0,static,0x155E5F33
0x156157E7,village_bld_shacksmall01,rainbow,1,1,1,0,0,0,0,0,0,0.03,0,static,0x156157E7
0x156B1738,global_env_treeplaza03,rainbow,1,1,1,0,0,0,0,0,0,0.03,0,static,0x156B1738
0x156B2499,,,0,1,0,0,1,0,0,1,1,0.76,1,,0x223593E1
0x158AECC9,,,0,1,0,0,1,0,0,6,6,1.03,0,break_piece,0x12732DD2
0x158B1D02,,,0,1,0,1,1,0,0,6,6,0.96,0,intact,0xB32053A7
0x15938B0B,,,0,1,0,1,1,0,0,5,5,14.22,1,break_piece,0x618526A4
0x159EB7FD,floor01.piece1c_propattach12_pristine,rainbow,1,1,0,1,1,0,0,4,4,10.76,0,intact,0xD44C2215
0x15B32E10,,,0,1,0,1,0,0,0,5,5,0.03,1,break_piece,0xEAA1C080
0x15C84E92,,,0,1,0,1,1,0,0,5,5,4.04,1,break_piece,0xE6027C27
0x15C8E3D5,slice6d_propdebris09,rainbow,1,1,0,1,1,0,0,3,3,4.21,1,break_piece,0x04CC21CD
0x15DD0085,,,0,1,0,0,2,0,0,1,1,0.03,1,,0x9B8EF8C6
0x15DE65B8,,,0,1,0,0,0,0,0,3,3,0.03,1,break_piece,0x74474CB1
0x15E2E2E6,,,0,1,0,0,0,0,0,3,3,0.03,1,break_piece,0x74474CB1
0x15FCE8BC,,,0,1,0,0,1,0,0,1,1,2.25,1,,0x1FBFBB4B
0x16089048,L1_closeup11,rainbow,1,1,0,0,1,0,0,6,6,0.95,0,break_piece,0x8CA421C3
0x160AAD5B,pmcoutpost_walla,rainbow,1,1,1,0,0,0,0,0,0,0.03,0,static,0x160AAD5B
0x160C0F35,,,0,1,0,1,1,0,0,1,1,0.22,0,intact,0x4AB6F9B6
0x160CAF4D,piece3b_propdebris20,rainbow,1,1,0,1,1,0,0,3,3,1.09,1,break_piece,0xF4AF3C5B
0x16192E71,,,0,1,0,1,1,0,0,4,4,4.40,1,break_piece,0xD1968AF1
0x161F387B,,,0,1,0,1,1,0,0,5,5,5.12,0,intact,0x8C58E7EB
0x1623BB16,civ_veh_truck_thunder,rainbow,1,1,1,0,0,0,0,0,0,0.03,0,static,0x1623BB16
0x162E0BBA,global_billboard_wall01,rainbow,1,1,1,0,0,0,0,0,0,0.03,0,static,0x162E0BBA
0x16334D1C,caracas_earthquake_tos,rainbow,1,1,0,1,1,0,0,1,1,0.58,0,intact,0x60A4EEF3
0x16362DF2,,,0,1,0,0,1,0,0,6,6,1.08,0,break_piece,0x8C83F560
0x16497BF1,ch_veh_tank_plz45b,rainbow,1,1,1,0,0,0,0,0,0,0.03,0,static,0x16497BF1
0x164F009D,,,0,1,0,0,1,0,0,3,3,0.03,1,intact,0xFF7ABB3B
0x16516BB1,hp_m34wp,rainbow,1,1,1,0,1,0,0,0,0,0.21,0,,0xFA394A93
0x165F7C10,proutpost_bld_bunker,rainbow,1,1,1,0,0,0,0,0,0,0.03,0,static,0x165F7C10
0x167D449D,,,0,1,1,0,0,0,0,0,0,0.03,0,static,0x167D449D
0x167F50F8,,,0,1,0,0,1,0,0,6,6,1.04,1,break_piece,0x80659E62
0x168586CF,global_drink,rainbow,1,1,1,0,1,0,0,0,0,0.19,0,,0x168586CF
0x169148EB,,,0,1,0,0,1,0,0,3,3,0.03,1,intact,0xE59723FD
0x16970F43,oilrig_cranelargea,rainbow,1,1,1,0,0,0,0,0,0,0.03,0,static,0x16970F43
0x16A3E34A,slice1a_propattach26,rainbow,1,1,0,0,0,0,0,3,3,0.03,1,break_piece,0xDDBA557D
0x16A996EC,,,0,1,0,0,1,0,0,5,5,2.07,0,intact,0xCDC5617A
0x16ACCBBE,,,0,1,0,0,1,0,0,6,6,0.91,0,break_piece,0x16497BF1
0x16B2F4E3,village_bld_docks02,rainbow,1,1,1,0,0,0,0,0,0,0.03,0,static,0x16B2F4E3
0x16C0335D,,,0,1,0,0,1,0,0,3,3,0.03,1,intact,0xBBD8D408
0x16C1349B,global_vendingmachine02,rainbow,1,1,1,0,0,0,0,0,0,0.03,0,static,0x16C1349B
0x16C52BBC,,,0,1,0,0,1,0,0,3,3,0.03,1,break_piece,0x7604B190
0x16CC08D4,,,0,1,0,1,1,0,0,5,5,3.81,1,break_piece,0xC1527544
0x16CF5E00,,,0,1,0,0,1,0,0,6,6,0.91,0,break_piece,0x16497BF1
0x16DA1847,,,0,1,0,1,1,0,0,1,1,0.52,0,intact,0x2703554F
0x16E1B717,hp_barreltip_hellfire_A,rainbow,1,1,0,0,1,0,0,4,4,0.03,1,break_piece,0xC23032BC
0x16E75527,,,0,1,0,0,1,0,0,3,3,0.03,1,intact,0xE59723FD
0x16EC6CCF,,,0,1,0,0,1,0,0,5,5,0.03,1,break_piece,0xCA20C1D9
0x16F16280,,,0,1,0,0,1,0,0,6,6,0.03,0,break_piece,0x9FCAE910
0x1701F436,piece1a_propattach23_pristine,rainbow,1,1,0,1,1,0,0,4,4,1.06,0,break_piece,0xE5133554
0x17128250,merida_signa,rainbow,1,1,1,0,0,0,0,0,0,0.03,0,static,0x17128250
0x17141795,,,0,1,0,0,1,0,0,5,5,0.03,1,break_piece,0x319D840A
0x171AEC07,,,0,1,0,0,1,0,0,3,3,2.55,0,,0x14D94B9B
0x171F6935,,,0,1,0,0,1,0,0,3,3,2.55,0,,0x14D94B9B
0x17262EA8,,,0,1,0,0,1,0,0,3,3,0.03,1,break_piece,0xB0D4E642
0x1726738C,slice6d_ruin,rainbow,1,1,0,1,0,0,0,2,2,43.37,0,break_piece,0x04CC21CD
0x172AABD6,,,0,1,0,0,1,0,0,3,3,0.03,1,break_piece,0xB0D4E642
0x173328F8,bone_massive_2x1_c,rainbow,1,1,0,0,1,0,0,3,3,11.18,1,intact,0x0BB034DD
0x173698EA,floor01.piece5i_propdebris03_ruia,rainbow,1,1,0,0,0,0,0,3,3,0.03,1,break_piece,0x74474CB1
0x17503342,,,0,1,0,0,1,0,0,6,6,1.54,0,break_piece,0x25BB5EA6
0x1760029D,,,0,1,0,1,1,0,0,5,5,1.70,0,break_piece,0xE31521AD
0x1768BB80,piece7a_propdebris37,rainbow,1,1,0,1,1,0,0,3,3,1.64,1,break_piece,0xCE866A6A
0x176F560F,slice1a_propattach22_ruin,rainbow,1,1,0,1,1,0,0,4,4,3.57,1,break_piece,0x50AACA22
0x177AD09D,,,0,1,0,1,1,0,0,6,6,0.86,1,break_piece,0xE9E253D5
0x17827B11,,,0,1,0,0,1,0,0,5,5,0.03,1,intact,0x35992F99
0x1784C608,,,0,1,0,0,1,0,0,4,4,1.15,1,break_piece,0x25B3F7BC
0x17893A0B,,,0,1,1,0,1,0,0,0,0,0.36,0,,0x17893A0B
0x179A7702,civ_veh_truck_ambulance,rainbow,1,1,1,0,0,0,0,0,0,0.03,0,static,0x179A7702
0x179DDBA6,hp_mount_ll,rainbow,1,1,0,0,1,0,0,4,4,0.03,0,break_piece,0xF6DEC8EA
0x179FB150,docks_docksmall,rainbow,1,1,1,0,0,0,0,0,0,0.03,0,static,0x179FB150
0x17A66543,,,0,1,0,1,1,0,0,5,5,7.55,1,break_piece,0x35992F99
0x17AA5B86,,,0,1,0,1,0,0,0,3,3,7.02,1,break_piece,0x08E25CDC
0x17AC1E1D,,,0,1,0,0,1,0,0,6,6,1.30,0,break_piece,0x2D1D4D03
0x17C9EEC6,,,0,1,1,0,1,0,0,0,0,7.80,0,,0x17C9EEC6
0x17CA9A9B,bone_bomb_l,rainbow,1,1,0,0,1,0,0,4,4,2.27,1,break_piece,0x25B3F7BC
0x17D19CEB,,,0,1,0,0,0,0,0,3,3,0.03,1,break_piece,0x74474CB1
0x17D20897,,,0,1,0,0,1,0,0,6,6,1.03,0,break_piece,0x12732DD2
0x17DFA12E,,,0,1,0,1,1,0,0,5,5,4.04,0,break_piece,0x2F1F099B
0x17E74C76,bone_yaw_mast_r,rainbow,1,1,0,0,0,0,0,4,4,1.67,1,intact,0x74EB59B1
0x18200717,piece2h,rainbow,1,1,0,0,0,0,0,1,1,0.03,0,static,0x91E2FC68
0x183D4AA8,,,0,1,1,0,0,0,0,0,0,0.03,0,static,0x183D4AA8
0x1840B8C3,,,0,1,0,0,1,0,0,1,1,10.96,1,,0x1FBFBB4B
0x184188DA,caracas_wallshort,rainbow,1,1,1,0,0,0,0,0,0,0.03,0,static,0x184188DA
0x1848D3A7,,,0,1,0,1,1,0,0,5,5,7.33,1,break_piece,0x25FE00A7
0x184BCA5B,,,0,1,0,0,1,0,0,3,3,0.03,1,break_piece,0xB993D852
0x18674F1F,civ_veh_motorcycle_scooter,rainbow,1,1,1,0,0,0,0,0,0,0.03,0,static,0x18674F1F
0x1869A7E0,,,0,1,0,0,1,0,0,5,5,2.25,0,intact,0xA26387A9
0x186DD425,,,0,1,1,0,1,0,0,0,0,0.50,0,,0x186DD425
0x186EDECB,,,0,1,0,0,1,0,0,5,5,0.03,1,break_piece,0x8CCEB4D8
0x18782776,,,0,1,1,0,0,0,0,0,0,0.03,0,static,0x9FCAE910
0x1887271C,caracas_bld_theater01_pile_xx1,rainbow,1,1,0,1,1,0,0,1,1,1.29,0,intact,0xEA7F9F3F
0x1889CBE3,global_weapon_thinner1,rainbow,1,1,1,0,0,0,0,0,0,0.03,0,static,0x1889CBE3
0x1892F30B,bone_yaw_rudder_r,rainbow,1,1,0,0,1,0,0,4,4,1.77,1,intact,0xA176803B
0x18967F59,slice2a_propdebris06,rainbow,1,1,0,1,1,0,0,3,3,4.23,1,break_piece,0x9DF6B30B
0x18978D19,global_barrelmarketd,rainbow,1,1,1,0,0,0,0,0,0,0.03,0,static,0x18978D19
0x18B4FFFB,,,0,1,0,0,0,0,0,2,2,0.03,1,,0x14D94B9B
0x18B97D29,,,0,1,0,0,0,0,0,2,2,0.03,1,,0x14D94B9B
0x18C1A80E,oilrig_att_pipes_flatbed_a4,rainbow,1,1,0,1,1,0,0,5,5,2.16,0,break_piece,0xB0D4E642
0x18C95C46,,,0,1,0,0,1,0,0,3,3,0.03,1,break_piece,0x402B00E9
0x18CDD05A,,,0,1,0,0,1,0,0,1,1,0.03,1,,0xB19C5FE4
0x18E4A55F,,,0,1,0,1,1,0,0,5,5,4.04,0,break_piece,0xE6027C27
0x18F40E64,,,0,1,0,1,1,0,0,6,6,2.51,1,break_piece,0x179A7702
0x18F9B06D,,,0,1,0,0,1,0,0,6,6,2.07,0,break_piece,0xCDC5617A
0x18FF5B32,,,0,1,1,0,1,0,0,0,0,0.20,0,,0x374AA73F
0x1903A169,vz_veh_truck_m35,rainbow,1,1,1,0,0,0,0,0,0,0.03,0,static,0x1903A169
0x1906236B,floor02.piece1a_propdebris27,rainbow,1,1,0,1,1,0,0,3,3,9.29,1,break_piece,0x601A1292
0x19119247,,,0,1,0,1,1,0,0,5,5,4.64,1,break_piece,0x25FE00A7
0x191965DB,,,0,1,0,0,1,0,0,3,3,0.03,1,break_piece,0xB0D4E642
0x191C53FB,pmcoutpost_coverflowerpot,rainbow,1,1,1,0,0,0,0,0,0,0.03,0,static,0x191C53FB
0x191D5D76,vz_veh_truck_m35_aa,rainbow,1,1,1,0,0,0,0,0,0,0.03,0,static,0x191D5D76
0x1923143C,jungle_wallgate,rainbow,1,1,1,0,0,0,0,0,0,0.03,0,static,0x1923143C
0x1926602B,bone_massive_2x1_d,rainbow,1,1,0,0,1,0,0,3,3,8.96,1,intact,0x89A8AC72
0x192AB0B2,,,0,1,0,0,1,0,0,5,5,0.03,1,break_piece,0xB993D852
0x193290B2,,,0,1,0,0,1,0,0,6,6,1.39,0,break_piece,0xEC0DAFF2
0x19425381,piece3h_propdebris22,rainbow,1,1,0,1,1,0,0,3,3,3.55,1,break_piece,0x2CE290F9
0x1946F361,commercial_bld_firestation,rainbow,1,1,1,0,0,0,0,0,0,0.03,0,static,0x1946F361
0x1954FC13,,,0,1,0,0,1,0,0,3,3,0.03,1,break_piece,0xB6E49B02
0x1959B097,piece4c_ruin,rainbow,1,1,0,1,0,0,0,2,2,5.89,0,break_piece,0xFA83AC18
0x195F4A54,global_playgroundride02,rainbow,1,1,1,0,0,0,0,0,0,0.03,0,static,0x195F4A54
0x19676216,proutpost_bld_hq_ruin_lod.propattach07_ruin_lod1,rainbow,1,1,1,0,0,0,0,0,0,0.03,0,static,0x19676216
0x196896DC,global_tripwirefinish,rainbow,1,1,1,0,1,0,0,0,0,5.63,0,,0x196896DC
0x1969E010,bone_wheel_rr_roll,rainbow,1,1,0,0,1,0,0,4,4,2.64,1,,0x32FBE556
0x197478F7,,,0,1,0,1,1,0,0,5,5,6.71,1,break_piece,0x45EC5734
0x1976B149,cumana_bld_corner32x32b,rainbow,1,1,1,0,0,0,0,0,0,0.03,0,static,0x1976B149
0x1980B64B,,,0,1,0,0,1,0,0,5,5,0.03,1,break_piece,0x51DA41FE
0x1987E75E,,,0,1,0,0,1,0,0,3,3,2.10,0,,0x14D94B9B
0x1989B284,L123_big2,rainbow,1,1,0,0,1,0,0,2,2,2.45,0,,0x1FBFBB4B
0x199ABE01,residential_bld_corner16x16a,rainbow,1,1,1,0,0,0,0,0,0,0.03,0,static,0x199ABE01
0x199F3990,piece3m_pristine,rainbow,1,1,0,1,1,0,0,2,2,3.14,0,break_piece,0xE59723FD
0x19A0FA92,slice1e_propattach04,rainbow,1,1,0,0,0,0,0,3,3,0.03,1,break_piece,0x35992F99
0x19A3B8DC,,,0,1,0,0,1,0,0,4,4,4.88,0,break_piece,0x1A74D3EE
0x19AA2340,,,0,1,0,1,1,0,0,1,1,0.46,0,intact,0x4D4F42B5
0x19D96BC0,,,0,1,0,1,1,0,0,1,1,1.35,0,intact,0x4D4F42B5
0x19DB685E,slice8a_propattach00_pristine,rainbow,1,1,0,1,0,0,0,4,4,0.80,0,break_piece,0xC939089F
0x19DE45BB,,,0,1,0,0,1,0,0,3,3,7.11,1,,0x32FBE556
0x19E2962E,,,0,1,1,0,0,0,0,0,0,0.03,0,static,0x19E2962E
0x19EAE783,caracasruins_bld_corner16x16b,rainbow,1,1,1,0,1,0,0,0,0,32.10,0,,0x19EAE783
0x19F553E1,floor01.piece2a_propdebris16,rainbow,1,1,0,1,1,0,0,3,3,5.45,1,intact,0xAC3CD893
0x19F899D9,piece1e_propattach02_ruin,rainbow,1,1,0,1,1,0,0,4,4,4.19,0,intact,0x7DB2E527
0x1A01CB9C,commercial_bld_segment8x8b,rainbow,1,1,1,0,0,0,0,0,0,0.03,0,static,0x1A01CB9C
0x1A06C703,slice3a_propattach07,rainbow,1,1,0,0,0,0,0,3,3,0.03,1,break_piece,0xE6027C27
0x1A0AE55A,,,0,1,0,0,1,0,0,4,4,0.03,1,break_piece,0xD1968AF1
0x1A1B848F,aloutpost_bld_prison,rainbow,1,1,1,0,0,0,0,0,0,0.03,0,static,0x1A1B848F
0x1A221527,ch_veh_truck_sx2150_mlrs,rainbow,1,1,1,0,0,0,0,0,0,0.03,0,static,0x1A221527
0x1A2F151C,global_env_bushlarge02,rainbow,1,1,1,0,0,0,0,0,0,0.03,0,static,0x1A2F151C
0x1A3D3844,,,0,1,0,1,1,0,0,5,5,3.69,1,break_piece,0x818E5819
0x1A4408BB,,,0,1,1,0,1,0,0,0,0,22.06,0,,0x1A4408BB
0x1A4C5B7C,,,0,1,1,0,0,0,0,0,0,0.03,0,static,0x1A4C5B7C
0x1A4FC36E,,,0,1,1,0,0,0,0,0,0,0.03,0,,0x1A4FC36E
0x1A5408E0,,,0,1,0,0,1,0,0,3,3,0.03,1,break_piece,0x27C46DD1
0x1A59C67E,,,0,1,0,0,1,0,0,5,5,0.03,1,break_piece,0x9387F335
0x1A5D5F78,hp_barreltip_ciwsfr_a,rainbow,1,1,0,0,1,0,0,7,7,0.03,1,intact,0x25FE00A7
0x1A63AB2C,piece1a_propdebris88,rainbow,1,1,0,1,1,0,0,3,3,6.56,1,break_piece,0x1923143C
0x1A74D3EE,shanty_bld_housegroup05,rainbow,1,1,1,0,0,0,0,0,0,0.03,0,static,0x1A74D3EE
0x1A764EC2,,,0,1,0,0,0,0,0,2,2,0.03,1,,0x14D94B9B
0x1A7FD411,floor01.piece1e_pristine,rainbow,1,1,0,1,1,0,0,2,2,7.88,0,break_piece,0xCB4C6EAB
0x1A809361,slice1q_propattach02_ruin,rainbow,1,1,0,1,0,0,0,4,4,0.03,0,break_piece,0x805C965E
0x1A83DE10,jungle_env_treesmall02,rainbow,1,1,1,0,0,0,0,0,0,0.03,0,static,0x1A83DE10
0x1A89D67A,,,0,1,0,0,0,0,0,2,2,0.03,1,,0x14D94B9B
0x1A8E5612,floor02.piece1b_propattach00_ruin,rainbow,1,1,0,1,1,0,0,4,4,12.11,0,break_piece,0xD23F52FC
0x1AAE17E9,,,0,1,0,0,1,0,0,5,5,0.03,1,break_piece,0x539FF827
0x1AC31C1A,,,0,1,0,0,1,0,0,4,4,0.03,1,break_piece,0xDBA727BB
0x1AC46580,slice4a_propattach11_pristine,rainbow,1,1,0,1,1,0,0,4,4,4.04,0,intact,0xE6027C27
0x1ADDCAF6,hp_zippo,rainbow,1,1,1,0,0,0,0,0,0,0.10,0,,0x114FB0B3
0x1ADEEB80,village_stairs,rainbow,1,1,1,0,0,0,0,0,0,0.03,0,static,0x1ADEEB80
0x1AEBC287,slice2n_ierl3,rainbow,1,1,0,1,1,0,0,5,5,6.76,1,break_piece,0x0B7CC1B7
0x1AF03FB5,slice2n_ierl1,rainbow,1,1,0,1,1,0,0,5,5,6.22,1,break_piece,0x0B7CC1B7
0x1B041278,,,0,1,0,0,1,0,0,6,6,0.18,1,break_piece,0xC1EEB3B3
0x1B140C2A,piece9e_propdebris15,rainbow,1,1,0,1,1,0,0,3,3,6.53,1,break_piece,0x69D31E85
0x1B341599,,,0,1,0,0,1,0,0,5,5,0.03,1,break_piece,0xE6027C27
0x1B388028,,,0,1,1,0,0,0,0,0,0,4.03,0,,0x1B388028
0x1B3C7EBC,piece9c_propdebris19,rainbow,1,1,0,1,1,0,0,3,3,6.53,1,break_piece,0x69D31E85
0x1B3ED4F5,,,0,1,0,0,1,0,0,3,3,0.03,1,intact,0x39620ADC
0x1B4E8A03,piece1b_propattach12_ruin,rainbow,1,1,0,1,0,0,0,4,4,0.03,0,break_piece,0x6B3A45A6
0x1B65C120,,,0,1,0,0,1,0,0,3,3,0.03,1,intact,0x6B432F1C
0x1B672675,L3_medium23,rainbow,1,1,0,0,1,0,0,6,6,1.29,0,break_piece,0x63E4703A
0x1B691728,village_bld_food03,rainbow,1,1,1,0,0,0,0,0,0,0.03,0,static,0x1B691728
0x1B698A68,,,0,1,0,1,0,0,0,4,4,0.03,0,break_piece,0x56D04AA8
0x1B6CFCF5,,,0,1,0,1,1,0,0,1,1,0.34,0,intact,0x60497640
0x1B6D9E46,piece3p_propdebris29,rainbow,1,1,0,1,1,0,0,3,3,2.88,1,break_piece,0x2CE290F9
0x1B729332,hp_snap_oilrig_fueltanklargeA,rainbow,1,1,0,0,1,0,0,3,3,0.03,1,break_piece,0x618526A4
0x1B72AACE,piece5a_propdebris20,rainbow,1,1,0,1,1,0,0,3,3,3.02,1,break_piece,0x2CE290F9
0x1B79F40E,hp_shelleject_missile_c,rainbow,1,1,0,0,1,0,0,5,5,0.03,1,intact,0x56EE6A1F
0x1B87B261,outskirt_bld_market03,rainbow,1,1,1,0,0,0,0,0,0,0.03,0,static,0x1B87B261
0x1B91DB09,,,0,1,0,0,1,0,0,3,3,1.67,0,,0x6A2BE04D
0x1B95B705,,,0,1,1,0,0,0,0,0,0,0.03,0,static,0x1B95B705
0x1BA2C577,,,0,1,1,0,1,0,0,0,0,3.53,0,,0x1BA2C577
0x1BA54ADF,hp_gr_deliverycrate,rainbow,1,1,1,0,0,0,0,0,0,0.03,0,static,0xD1EA8DBA
0x1BA9CB21,hp_snap_oilrig_fueltanklargeA_B,rainbow,1,1,0,0,1,0,0,3,3,0.03,1,break_piece,0x618526A4
0x1BAB207A,global_electricalbox02,rainbow,1,1,1,0,0,0,0,0,0,0.03,0,static,0x1BAB207A
0x1BAC7DCA,,,0,1,0,0,1,0,0,3,3,0.03,1,intact,0x8E4E954A
0x1BBA16F6,,,0,1,0,1,1,0,0,4,4,0.60,0,break_piece,0x7EC3FC58
0x1BC03CEA,,,0,1,0,0,1,0,0,4,4,0.03,1,intact,0x4FC2D374
0x1BD68810,aloutpost_concretewall02,rainbow,1,1,1,0,0,0,0,0,0,0.03,0,static,0x1BD68810
0x1BD8B8E5,,,0,1,0,1,1,0,0,5,5,7.56,1,break_piece,0x2E3C0B49
0x1BE2F795,village_campfire,rainbow,1,1,1,0,0,0,0,0,0,0.03,0,static,0x1BE2F795
0x1BEB8DBC,,,0,1,0,0,1,0,0,3,3,0.03,1,break_piece,0xD7FCFD11
0x1BF62971,,,0,1,0,1,1,0,0,4,4,3.04,1,break_piece,0xE54047D5
0x1BFA1CFC,,,0,1,0,0,1,0,0,1,1,3.09,0,,0x1CE1675F
0x1C06169D,oilrig_details_01_ia_555,rainbow,1,1,0,0,1,0,0,5,5,0.48,0,break_piece,0x4F3C5FBE
0x1C0DC63F,piece2d_propdebris03,rainbow,1,1,0,1,1,0,0,3,3,2.75,1,break_piece,0x04CC21CD
0x1C155061,hp_fx_leaves_green_m,rainbow,1,1,0,0,1,0,0,3,3,0.03,1,break_piece,0x5AB8A933
0x1C1CB0E0,port_gangplankb,rainbow,1,1,1,0,0,0,0,0,0,0.03,0,static,0x1C1CB0E0
0x1C35433F,piece1b_propdebris46,rainbow,1,1,0,1,1,0,0,3,3,7.87,1,break_piece,0xA948DDA6
0x1C3B1F56,,,0,1,0,0,1,0,0,3,3,0.03,1,break_piece,0xD501EBCA
0x1C41B068,,,0,1,0,1,1,0,0,5,5,3.86,1,break_piece,0x25FE00A7
0x1C56E25F,piece1a_propdebris87,rainbow,1,1,0,1,1,0,0,3,3,3.71,1,break_piece,0x1923143C
0x1C5D943B,,,0,1,1,0,0,0,0,0,0,0.03,0,,0xABFC92EE
0x1C6096ED,slice2e_propattach01_ruin,rainbow,1,1,0,1,0,0,0,4,4,0.03,0,break_piece,0x0B7CC1B7
0x1C793E11,city_bld_segment16x16b,rainbow,1,1,1,0,0,0,0,0,0,0.03,0,static,0x1C793E11
0x1C7E294D,,,0,1,0,0,1,0,0,5,5,1.25,0,intact,0xCDC5617A
0x1C9503F3,merida_plazawaterfountain,rainbow,1,1,1,0,0,0,0,0,0,0.03,0,static,0x1C9503F3
0x1C9C678E,hp_spawn_f,rainbow,1,1,0,0,1,0,0,3,3,0.03,1,intact,0x88612024
0x1CA0DFF5,,,0,1,0,0,1,0,0,4,4,0.83,0,break_piece,0xCAC9D01F
0x1CB90809,,,0,1,0,0,1,0,0,4,4,0.03,1,break_piece,0xDBA727BB
0x1CBBAF3E,slice1b_propdebris47,rainbow,1,1,0,1,1,0,0,4,4,5.09,1,break_piece,0x383D01E1
0x1CBEF9D0,hp_spawn_h,rainbow,1,1,0,0,1,0,0,3,3,0.03,1,break_piece,0x88612024
0x1CC1A931,piece8k_propdebris20,rainbow,1,1,0,1,1,0,0,3,3,1.30,1,break_piece,0x8E8ED4C0
0x1CC5014C,,,0,1,1,0,0,0,0,0,0,0.03,0,static,0x1CC5014C
0x1CDE4180,slice1b_propdebris49,rainbow,1,1,0,1,1,0,0,4,4,5.09,1,break_piece,0x383D01E1
0x1CE1675F,global_att_signnouturn,rainbow,1,1,1,0,0,0,0,0,0,3.19,0,,0x1CE1675F
0x1CE53EE6,piece4a_propattach05,rainbow,1,1,0,0,0,0,0,3,3,0.03,1,break_piece,0x7DB2E527
0x1CF8DD0F,slice1q_propattach02_pristine,rainbow,1,1,0,1,1,0,0,4,4,4.02,0,intact,0x805C965E
0x1CFDCEC5,,,0,1,1,0,0,0,0,0,0,0.03,0,static,0x1CFDCEC5
0x1D20E058,,,0,1,1,0,0,0,0,0,0,0.03,0,static,0x1D20E058
0x1D265C36,floor01.slice1d_propdebris06,rainbow,1,1,0,1,1,0,0,4,4,3.68,1,break_piece,0x149FC407
0x1D2B7F4D,,,0,1,1,0,0,0,0,0,0,0.03,0,static,0x1D2B7F4D
0x1D36EC52,,,0,1,0,0,0,0,0,3,3,0.03,1,break_piece,0x149FC407
0x1D58F853,,,0,1,0,0,1,0,0,3,3,0.03,1,intact,0x6B432F1C
0x1D5D24CE,,,0,1,1,0,0,0,0,0,0,0.03,0,static,0x1D5D24CE
0x1D6DCE21,,,0,1,0,0,1,0,0,3,3,0.03,1,break_piece,0xDF93DCDA
0x1D73DE5F,,,0,1,0,1,1,0,0,1,1,1.31,0,intact,0xF245AC63
0x1D8F768F,,,0,1,0,0,1,0,0,6,6,1.03,0,break_piece,0x12732DD2
0x1D92B457,piece5h_propdebris31,rainbow,1,1,0,1,1,0,0,3,3,3.02,1,break_piece,0x2CE290F9
0x1DAC7011,village_bld_housestilts05,rainbow,1,1,1,0,0,0,0,0,0,0.03,0,static,0x1DAC7011
0x1DB09757,jungle_env_bushsmall03,rainbow,1,1,1,0,0,0,0,0,0,0.03,0,static,0x1DB09757
0x1DB3315E,,,0,1,0,0,1,0,0,4,4,0.03,1,intact,0xC142F94B
0x1DB96950,,,0,1,0,1,1,0,0,1,1,1.33,0,intact,0xBCBA07EE
0x1DC403D2,,,0,1,0,0,1,0,0,6,6,1.39,0,break_piece,0xAC990539
0x1DCD99E6,,,0,1,0,0,0,0,0,2,2,0.03,1,,0x14D94B9B
0x1DDA4E5F,,,0,1,0,0,1,0,0,3,3,1.95,1,,0x32FBE556
0x1DDD8417,piece5m,rainbow,1,1,0,0,0,0,0,1,1,0.03,0,static,0xE59723FD
0x1DF50265,piece1b_propattach14_ruin,rainbow,1,1,0,1,0,0,0,4,4,0.03,0,break_piece,0x6B3A45A6
0x1E0608DF,,,0,1,0,0,1,0,0,6,6,0.03,1,break_piece,0xB0D4E642
0x1E09B7F5,,,0,1,0,0,1,0,0,3,3,2.10,0,,0x14D94B9B
0x1E2199D2,,,0,1,1,0,0,0,0,0,0,0.03,0,static,0x1E2199D2
0x1E2EDE84,floor01.piece1c_propdebris05,rainbow,1,1,0,1,1,0,0,3,3,3.64,1,break_piece,0xD1574A09
0x1E335BB2,floor01.piece1c_propdebris03,rainbow,1,1,0,1,1,0,0,3,3,4.74,1,break_piece,0xD1574A09
0x1E359C2F,caracas_bld_parquecentral03,rainbow,1,1,1,0,0,0,0,0,0,0.03,0,static,0x1E359C2F
0x1E59ACDA,,,0,1,1,0,0,0,0,0,0,0.03,0,static,0x1E59ACDA
0x1E7214E1,bone_attach_piston_c,rainbow,1,1,0,0,1,0,0,1,1,0.03,1,,0x42740E1B
0x1E763B04,,,0,1,0,1,1,0,0,4,4,2.63,1,break_piece,0x91E2FC68
0x1E85E341,floor01.slice2d_propdebris06,rainbow,1,1,0,1,1,0,0,4,4,5.50,1,break_piece,0x149FC407
0x1E8C84AA,,,0,1,0,1,1,0,0,5,5,1.04,0,break_piece,0xFD0229C3
0x1E932640,,,0,1,0,0,1,0,0,3,3,0.03,1,intact,0x8F7192B8
0x1EA6563F,island_wallt,rainbow,1,1,1,0,0,0,0,0,0,0.03,0,static,0x1EA6563F
0x1EA83BE0,piece3a_propdebris33,rainbow,1,1,0,1,1,0,0,3,3,1.72,1,break_piece,0x184188DA
0x1EB650A5,hp_coilgun,rainbow,1,1,1,0,0,0,0,0,0,0.99,0,static,0x99019E37
0x1EC76908,piece1b_propdebris70,rainbow,1,1,0,1,1,0,0,3,3,25.65,1,break_piece,0xA948DDA6
0x1ECAED6A,,,0,1,0,0,1,0,0,6,6,0.91,0,break_piece,0x16497BF1
0x1F064E5D,slice7a_propdebris03,rainbow,1,1,0,1,1,0,0,3,3,7.82,1,break_piece,0x04CC21CD
0x1F252643,,,0,1,0,1,1,0,0,4,4,1.93,0,break_piece,0x04549112
0x1F401E5C,piece3h_propdebris23,rainbow,1,1,0,1,1,0,0,3,3,2.32,1,break_piece,0x2CE290F9
0x1F57E775,,,0,1,0,0,1,0,0,6,6,1.13,0,break_piece,0x807D1C3B
0x1F644AEA,piece7a_propdebris35,rainbow,1,1,0,1,1,0,0,3,3,1.64,1,break_piece,0xCE866A6A
0x1F68C346,,,0,1,0,0,1,0,0,3,3,2.13,0,,0x6A2BE04D
0x1F73D63F,,,0,1,0,1,1,0,0,5,5,2.91,1,break_piece,0xE6027C27
0x1F746ABF,ocoutpost_wallgate,rainbow,1,1,1,0,0,0,0,0,0,0.03,0,static,0x1F746ABF
0x1FA2AF69,,,0,1,2,0,0,0,0,0,0,0.25,0,,0x9B8EF8C6
0x1FA51D49,,,0,1,0,1,1,0,0,1,1,1.30,0,intact,0xF419FFEB
0x1FA9372C,,,0,1,0,0,0,0,0,7,7,0.03,0,break_piece,0xC1EEB3B3
0x1FA9E118,,,0,1,0,0,0,0,0,4,4,3.54,1,intact,0x12732DD2
0x1FACA083,,,0,1,0,1,1,0,0,1,1,1.36,0,intact,0xBCBA07EE
0x1FAECEA5,bone_rod_fr_t,rainbow,1,1,0,0,1,0,0,6,6,0.03,1,break_piece,0x31F0FE47
0x1FAEE54C,,,0,1,0,1,1,0,0,3,3,1.67,1,break_piece,0x81758ACC
0x1FB50320,dv_details_5556,rainbow,1,1,0,0,1,0,0,4,4,0.03,1,intact,0x4FC2D374
0x1FB95B74,global_tablefolding,rainbow,1,1,1,0,0,0,0,0,0,0.03,0,static,0x1FB95B74
0x1FBDEFC3,,,0,1,0,0,1,0,0,6,6,2.01,0,break_piece,0x31F0FE47
0x1FBFBB4B,,,0,1,1,0,0,0,0,0,0,43.38,0,,0x1FBFBB4B
0x1FD65227,,,0,1,0,0,1,0,0,6,6,1.86,1,break_piece,0x5B3458E9
0x1FDF880C,groutpost_bld_bunkerbeetle,rainbow,1,1,1,0,0,0,0,0,0,0.03,0,static,0x1FDF880C
0x1FE85D53,,,0,1,0,0,1,0,0,5,5,0.03,1,intact,0x86A7C828
0x1FFB27FE,,,0,1,0,1,1,0,0,4,4,7.58,1,break_piece,0xD1968AF1
0x2010E282,,,0,1,0,1,0,0,0,4,4,0.03,0,break_piece,0x04549112
0x20115268,piece5h_propdebris29,rainbow,1,1,0,1,1,0,0,3,3,2.32,1,break_piece,0x2CE290F9
0x2012F947,slice2g_interior,rainbow,1,1,0,1,1,0,0,3,3,40.49,0,break_piece,0x0B7CC1B7
0x2014C395,,,0,1,1,0,0,0,0,0,0,0.03,0,static,0x2014C395
0x2017523E,vzoutpost_fueltanks_nu61,rainbow,1,1,0,0,1,0,0,6,6,1.39,0,break_piece,0xEC0DAFF2
0x203D31C7,global_weapon_m86pdm1,rainbow,1,1,1,0,0,0,0,0,0,0.03,0,static,0x578A0D82
0x2040123C,,,0,1,0,1,1,0,0,1,1,0.59,0,intact,0x8BC154D7
0x20877C73,slice2b_propattach11_ruin,rainbow,1,1,0,1,0,0,0,4,4,0.03,0,break_piece,0x6B1DE27D
0x2088CB35,,,0,1,1,0,0,0,0,0,0,0.03,0,static,0x2088CB35
0x208D5650,,,0,1,0,0,1,0,0,3,3,2.55,0,,0x14D94B9B
0x209C16DF,global_barrelmarketb,rainbow,1,1,1,0,0,0,0,0,0,0.03,0,static,0x209C16DF
0x20B87FD5,,,0,1,0,0,1,0,0,5,5,0.03,1,intact,0x35992F99
0x20CB85A5,hp_doorhandle_fr,rainbow,1,1,0,0,1,0,0,4,4,0.03,1,break_piece,0x63E4703A
0x20DA5502,global_env_rocksbeach02,rainbow,1,1,1,0,0,0,0,0,0,0.03,0,,0x20DA5502
0x20E17528,slice2k_propattach00_ruin,rainbow,1,1,0,1,0,0,0,4,4,0.03,0,break_piece,0x0B7CC1B7
0x21100384,,,0,1,0,0,1,0,0,3,3,0.03,1,break_piece,0xE59723FD
0x2117A1B0,,,0,1,0,0,1,0,0,4,4,2.01,1,break_piece,0x86AF96CD
0x2128C245,floor02.piece1a_propdebris29,rainbow,1,1,0,1,1,0,0,3,3,8.03,1,break_piece,0x601A1292
0x212FB0CD,,,0,1,0,1,0,0,0,4,4,0.03,0,break_piece,0xFD0229C3
0x21349085,,,0,1,0,1,1,0,0,5,5,4.03,0,break_piece,0x1946F361
0x213E4195,,,0,1,0,0,1,0,0,5,5,0.03,1,break_piece,0x35992F99
0x2143F3B3,,,0,1,0,0,0,0,0,5,5,0.03,0,break_piece,0xE31521AD
0x21484E8F,chinaoutpost_bld_tent02,rainbow,1,1,1,0,0,0,0,0,0,0.03,0,static,0x21484E8F
0x21669A59,hp_barreltip_rr_b,rainbow,1,1,0,0,1,0,0,4,4,0.03,1,break_piece,0xF6DEC8EA
0x216AC803,,,0,1,0,0,1,0,0,4,4,0.03,1,break_piece,0x156B1738
0x216CFA3A,,,0,1,0,0,1,0,0,4,4,0.83,0,break_piece,0x74474CB1
0x2171B6D7,outpost_bld_warehouse01,rainbow,1,1,1,0,0,0,0,0,0,0.03,0,static,0x2171B6D7
0x2171DABE,vzoutpost_bld_helipad_drhy06,rainbow,1,1,0,1,0,0,0,5,5,2.16,0,break_piece,0xB0D4E642
0x2172DDEB,,,0,1,0,0,1,0,0,6,6,1.62,0,break_piece,0xD7BB0643
0x21889081,slice2f_propattach00_ruin,rainbow,1,1,0,1,0,0,0,4,4,0.03,0,break_piece,0x0B7CC1B7
0x218C7124,,,0,1,0,0,1,0,0,3,3,2.10,0,,0x14D94B9B
0x219B9341,global_billboard_useb3,rainbow,1,1,0,0,0,0,0,1,1,0.03,1,,0x1FBFBB4B
0x21A2AFD1,global_pallet,rainbow,1,1,1,0,0,0,0,0,0,0.03,0,static,0x21A2AFD1
0x21AE18E8,global_billboard04,rainbow,1,1,1,0,0,0,0,0,0,0.03,0,static,0x21AE18E8
0x21B024EB,,,0,1,0,0,1,0,0,3,3,0.03,1,intact,0xFF7ABB3B
0x21B32D9C,hp_phone,rainbow,1,1,0,0,1,0,0,1,1,0.03,1,,0xB19C5FE4
0x21B7FF0C,,,0,1,0,0,1,0,0,4,4,0.03,1,break_piece,0x994E1953
0x21B82ADF,,,0,1,1,0,1,0,0,0,0,0.91,0,,0x21B82ADF
0x21BEF090,,,0,1,0,0,0,0,0,3,3,0.03,0,break_piece,0x155E5F33
0x21E4B462,bone_hub_l_07,rainbow,1,1,0,0,0,0,0,4,4,0.03,1,break_piece,0xCE77D4CB
0x21F9DDA7,floor01.piece2a_propdebris10,rainbow,1,1,0,1,1,0,0,3,3,13.81,1,intact,0xAC3CD893
0x2202566D,slice3a_propattach09,rainbow,1,1,0,0,0,0,0,3,3,0.03,1,break_piece,0xE6027C27
0x22089A0D,,,0,1,1,0,0,0,0,0,0,0.03,0,,0xDDC215C0
0x223593E1,vz_veh_plane_tucano,rainbow,1,1,1,0,0,0,0,0,0,13.33,0,,0x223593E1
0x22388D4E,slice2i,rainbow,2,1,0,0,0,0,0,1,1,0.03,0,static,0x0B7CC1B7
0x223F774D,,,0,1,0,1,1,0,0,5,5,1.70,1,break_piece,0x2F4F8F3E
0x22435EEA,vz_veh_helicopter_alouetteiii,rainbow,1,1,1,0,0,0,0,0,0,0.03,0,static,0x22435EEA
0x2244A402,,,0,1,0,1,1,0,0,4,4,3.80,1,break_piece,0xE54047D5
0x2255CE3E,global_veh_scorpiondpv,rainbow,1,1,1,0,0,0,0,0,0,0.03,0,static,0x2255CE3E
0x225B1F90,slice2g,rainbow,2,1,0,0,0,0,0,1,1,0.03,0,static,0x0B7CC1B7
0x226468B5,,,0,1,0,0,1,0,0,4,4,0.50,1,break_piece,0xC1EEB3B3
0x226D781B,slice1f_propdebris06,rainbow,1,1,0,1,1,0,0,4,4,5.92,1,break_piece,0x1E359C2F
0x227708EC,city_bld_segment16x16c,rainbow,1,1,1,0,0,0,0,0,0,0.03,0,static,0x227708EC
0x22808D83,,,0,1,0,0,1,0,0,3,3,2.55,0,,0x14D94B9B
0x2285B205,,,0,1,0,1,1,0,0,4,4,3.04,1,break_piece,0xE54047D5
0x228FE801,al_veh_truck_mtv_semi,rainbow,1,1,1,0,0,0,0,0,0,0.03,0,static,0x228FE801
0x22908D08,vzoutpost_bld_barrackreinforcedabandoned,rainbow,1,1,1,0,0,0,0,0,0,0.03,0,static,0x22908D08
0x22AB4855,,,0,1,0,1,1,0,0,4,4,4.29,0,break_piece,0x1A74D3EE
0x22BA44C8,civ_veh_plane_cessna,rainbow,1,1,1,0,0,0,0,0,0,0.03,0,static,0x22BA44C8
0x22BDCAD9,,,0,1,0,0,1,0,0,3,3,0.03,1,break_piece,0x7604B190
0x22C8D632,groutpost_bld_tentlargetarp03,rainbow,1,1,1,0,0,0,0,0,0,0.03,0,static,0x22C8D632
0x22CE9B7B,gr_veh_towed_m101a,rainbow,1,1,1,0,0,0,0,0,0,0.03,0,static,0x22CE9B7B
0x22D0BD58,,,0,1,0,1,1,0,0,1,1,0.42,0,intact,0xEA7F9F3F
0x22D300ED,oilrig_att_pipes_flatbed_a3,rainbow,1,1,0,1,0,0,0,5,5,2.16,0,break_piece,0xB0D4E642
0x22E304D3,pmcoutpost_sofa,rainbow,1,1,1,0,0,0,0,0,0,0.03,0,,0x22E304D3
0x22E6E340,,,0,1,0,1,1,0,0,5,5,4.54,1,break_piece,0x35992F99
0x22E97EE0,,,0,1,0,0,1,0,0,5,5,0.94,0,break_piece,0x818E5819
0x22F68A42,,,0,1,0,1,1,0,0,5,5,6.76,1,break_piece,0x0B7CC1B7
0x22F6E400,,,0,1,0,1,1,0,0,5,5,6.99,0,break_piece,0x04549112
0x23031569,hp_gr002_player,rainbow,1,1,0,0,1,0,0,1,1,0.03,1,,0xAA4DEC8B
0x2309EF21,slice3a_propattach11_pristine,rainbow,1,1,0,1,1,0,0,4,4,0.71,0,break_piece,0xE6027C27
0x2320146E,bone_massive_1x1_b,rainbow,1,1,0,0,1,0,0,3,3,4.27,1,intact,0x783561C5
0x2323D3F0,outskirt_bld_house02,rainbow,1,1,1,0,0,0,0,0,0,0.03,0,static,0x2323D3F0
0x232B1C7C,commercial_bld_segment8x16e,rainbow,1,1,1,0,0,0,0,0,0,0.03,0,static,0x232B1C7C
0x232DDCC4,pmcoutpost_column,rainbow,1,1,1,0,0,0,0,0,0,0.03,0,static,0x232DDCC4
0x23450468,,,0,1,0,1,0,0,0,5,5,0.03,0,break_piece,0x149FC407
0x23522367,aloutpost_interior_hq,rainbow,1,1,1,0,0,0,0,0,0,42.32,0,,0x23522367
0x23563F3E,slice1e_propattach05_pristine,rainbow,1,1,0,1,1,0,0,4,4,17.54,0,intact,0x35992F99
0x23567D30,piece2h_propdebris13,rainbow,1,1,0,1,1,0,0,3,3,3.42,1,break_piece,0x91E2FC68
0x236CD47A,hp_snap_oilrig_bld_helipadlargeA,rainbow,1,1,0,0,1,0,0,3,3,0.03,1,break_piece,0x618526A4
0x237E7DD4,hp_shelleject_missile_a,rainbow,1,1,0,0,1,0,0,5,5,0.03,1,intact,0x56EE6A1F
0x237EA951,,,0,1,0,1,1,0,0,1,1,1.35,0,intact,0x4761451B
0x2380D1EA,piece8k,rainbow,1,1,0,0,0,0,0,1,1,0.03,0,static,0x8E8ED4C0
0x2383D6D5,,,0,1,0,0,1,0,0,4,4,0.03,1,break_piece,0x7ABD58C1
0x23872A9E,,,0,1,0,0,0,0,0,5,5,1.28,1,break_piece,0xA2EB8265
0x238C3C27,outskirt_bld_market05,rainbow,1,1,1,0,0,0,0,0,0,0.03,0,static,0x238C3C27
0x2391839F,piece5e_propdebris10,rainbow,1,1,0,1,1,0,0,3,3,16.56,0,break_piece,0x4C0287FC
0x2399403D,,,0,1,0,0,1,0,0,3,3,2.10,0,,0x14D94B9B
0x239EDB84,,,0,1,0,1,1,0,0,5,5,6.22,1,break_piece,0x0B7CC1B7
0x23A1501B,global_billboard03,rainbow,1,1,1,0,0,0,0,0,0,0.03,0,static,0x23A1501B
0x23A76056,floor02.piece1a_propdebris31,rainbow,1,1,0,1,1,0,0,3,3,9.79,1,break_piece,0x601A1292
0x23AA3AEC,village_bld_housestilts04,rainbow,1,1,1,0,0,0,0,0,0,0.03,0,static,0x23AA3AEC
0x23AC7DAC,,,0,1,1,0,0,0,0,0,0,0.03,0,static,0x23AC7DAC
0x23B739FA,,,0,1,0,1,1,0,0,1,1,1.35,0,break_piece,0xEAA71CCB
0x23BEA0BC,,,0,1,0,1,1,0,0,4,4,2.01,0,break_piece,0x7EC3FC58
0x23BEBCF6,,,0,1,0,1,1,0,0,5,5,6.32,1,break_piece,0x0B7CC1B7
0x23C5C895,,,0,1,0,0,1,0,0,3,3,0.03,1,break_piece,0xE59723FD
0x23DE6463,,,0,1,0,1,1,0,0,5,5,2.16,0,break_piece,0xB0D4E642
0x23E16875,slice2i_propattach00,rainbow,1,1,0,0,0,0,0,3,3,0.03,1,break_piece,0x0B7CC1B7
0x23F08087,,,0,1,0,0,0,0,0,4,4,0.14,0,break_piece,0xF6DEC8EA
0x23F8B270,piece7a_propdebris42,rainbow,1,1,0,1,1,0,0,3,3,1.64,1,break_piece,0xCE866A6A
0x240F9B8D,,,0,1,0,0,1,0,0,6,6,1.05,0,break_piece,0x95F4BA55
0x2419DA27,hp_fx_leaves_green_k,rainbow,1,1,0,0,1,0,0,3,3,0.03,1,break_piece,0x5AB8A933
0x242E7002,,,0,1,0,0,1,0,0,3,3,0.03,1,break_piece,0x79835204
0x243721D9,hp_lowerfcleftf,rainbow,1,1,0,1,1,0,0,5,5,9.66,1,break_piece,0xC56B1A44
0x24830250,,,0,1,0,1,1,0,0,6,6,1.58,1,intact,0x179A7702
0x24949412,,,0,1,0,0,1,0,0,4,4,0.03,1,break_piece,0x0189C80A
0x24A5A032,,,0,1,0,0,1,0,0,6,6,1.01,0,break_piece,0x46C5012C
0x24D306AE,global_env_palmtreebend04,rainbow,1,1,1,0,0,0,0,0,0,0.03,0,static,0x24D306AE
0x24E0ADAF,caracas_bld_construction01,rainbow,1,1,1,0,0,0,0,0,0,0.03,0,static,0x24E0ADAF
0x24E160F5,al_veh_plane_predator,rainbow,1,1,1,0,0,0,0,0,0,0.03,0,static,0x24E160F5
0x24E2345F,,,0,1,0,0,1,0,0,4,4,0.21,1,break_piece,0xC25E48DB
0x251029D0,L3_medium8,rainbow,1,1,0,0,1,0,0,5,5,1.77,0,break_piece,0xA35416A8
0x25108666,vzoutpost_walla_oc,rainbow,1,1,1,0,0,0,0,0,0,0.03,0,static,0x25108666
0x251DB3D1,,,0,1,0,0,1,0,0,6,6,1.34,0,break_piece,0x7D0B00CB
0x25268878,,,0,1,0,1,1,0,0,1,1,0.38,0,intact,0xB0A0930E
0x252AE5FC,floor01.slice1d_propdebris04,rainbow,1,1,0,1,1,0,0,4,4,6.41,1,break_piece,0x149FC407
0x253050E0,slice1c_propdebris19,rainbow,1,1,0,1,1,0,0,4,4,6.63,0,break_piece,0xD506BE7E
0x253E3AB8,,,0,1,0,1,1,0,0,4,4,7.31,1,break_piece,0xE54047D5
0x25587832,,,0,1,0,1,1,0,0,4,4,10.65,1,break_piece,0x2B503BD0
0x255881DA,,,0,1,0,0,1,0,0,3,3,0.03,1,intact,0x9A6F6587
0x257E6F55,,,0,1,0,0,1,0,0,6,6,0.96,0,break_piece,0xA4937D58
0x258B4CED,hp_shelleject_missile_d,rainbow,1,1,0,0,1,0,0,5,5,0.03,1,intact,0x56EE6A1F
0x258F614B,,,0,1,0,1,1,0,0,4,4,3.04,0,break_piece,0xE54047D5
0x2591A209,,,0,1,0,1,1,0,0,1,1,0.50,0,intact,0x949187D0
0x259A9688,,,0,1,0,0,1,0,0,3,3,0.03,1,break_piece,0x618526A4
0x25A9AE8E,slice1c_propattach12_ruin,rainbow,1,1,0,1,0,0,0,4,4,0.03,0,break_piece,0x2F1F099B
0x25B3F7BC,,,0,1,1,0,0,0,0,0,0,0.03,0,static,0x25B3F7BC
0x25BB5EA6,city_bld_standalone05,rainbow,1,1,1,0,0,0,0,0,0,0.03,0,static,0x25BB5EA6
0x25C16591,,,0,1,0,0,0,0,0,7,7,0.33,1,break_piece,0xB993D852
0x25C1E553,slice4a_propattach03_pristine,rainbow,1,1,0,1,1,0,0,4,4,4.04,0,intact,0xE6027C27
0x25C2CA76,,,0,1,0,0,1,0,0,3,3,0.03,1,break_piece,0xB993D852
0x25C752EC,global_weapon_pda1,rainbow,1,1,1,0,1,0,0,0,0,0.18,0,,0x1C85BD73
0x25C80228,piece9a_propdebris04,rainbow,1,1,0,1,1,0,0,3,3,2.98,1,break_piece,0xF08D5BB5
0x25CB6FD5,,,0,1,0,1,1,0,0,4,4,3.84,0,break_piece,0x7EC3FC58
0x25CC95F0,,,0,1,0,1,0,0,0,5,5,0.03,1,break_piece,0x149FC407
0x25D1FADD,,,0,1,0,0,1,0,0,4,4,0.03,1,break_piece,0x3F6D97ED
0x25D883A3,,,0,1,0,0,1,0,0,4,4,0.03,1,break_piece,0xA113D98D
0x25DCEDB7,,,0,1,0,0,0,0,0,4,4,0.90,1,intact,0x4FC2D374
0x25F83DFE,,,0,1,1,0,0,0,0,0,0,0.03,0,,0x6B352E11
0x25FE00A7,ch_veh_boat_destroyer,rainbow,1,1,1,0,0,0,0,0,0,0.03,0,static,0x25FE00A7
0x26028F91,piece1e_propdebris05,rainbow,1,1,0,1,1,0,0,3,3,4.65,1,break_piece,0xF51C01DD
0x260C2C7C,,,0,1,0,0,1,0,0,3,3,0.03,1,intact,0x6B432F1C
0x261F62BF,chinaoutpost_bld_prison,rainbow,1,1,1,0,0,0,0,0,0,0.03,0,static,0x261F62BF
0x262D89A9,,,0,1,0,1,1,0,0,3,3,1.51,1,break_piece,0x08E25CDC
0x262F2DCC,,,0,1,0,0,0,0,0,5,5,10.63,1,intact,0xD1968AF1
0x263922BE,,,0,1,0,0,1,0,0,6,6,1.12,0,break_piece,0xB32053A7
0x263D6C42,,,0,1,0,1,1,0,0,1,1,1.35,0,intact,0x2703554F
0x2651331B,,,0,1,0,1,1,0,0,5,5,2.65,1,break_piece,0xC56B1A44
0x2653B4DD,global_signstopa,rainbow,1,1,1,0,0,0,0,0,0,0.03,0,static,0x2653B4DD
0x2658F013,piece3a_propdebris41,rainbow,1,1,0,1,1,0,0,3,3,1.34,1,break_piece,0x184188DA
0x2675C3F3,piece2c_propdebris33,rainbow,1,1,0,1,1,0,0,3,3,3.27,1,break_piece,0x2FB6CCDD
0x2682F731,global_sign_road,rainbow,1,1,1,0,0,0,0,0,0,0.03,0,static,0x2682F731
0x268EB5AA,,,0,1,0,0,1,0,0,3,3,0.03,1,intact,0x8F7192B8
0x26929BFA,,,0,1,0,0,1,0,0,3,3,0.03,1,break_piece,0xE59723FD
0x26A095BE,vzoutpost_bld_garagebunker_pr,rainbow,1,1,1,0,0,0,0,0,0,0.03,0,static,0x26A095BE
0x26A0B7E6,,,0,1,0,0,1,0,0,5,5,1.77,0,break_piece,0xA35416A8
0x26A88E53,,,0,1,0,1,1,0,0,5,5,4.11,1,break_piece,0x818E5819
0x26AE2A89,slice2a_propattach17,rainbow,1,1,0,0,0,0,0,3,3,0.03,1,break_piece,0x2171B6D7
0x26B7CF0B,,,0,1,0,1,1,0,0,5,5,4.06,0,break_piece,0xF2391F54
0x26B86A81,,,0,1,0,1,1,0,0,5,5,6.32,1,break_piece,0x0B7CC1B7
0x26B99B02,,,0,1,0,0,1,0,0,5,5,0.03,1,break_piece,0x25FE00A7
0x26C47DC0,slice2n_propattach00,rainbow,1,1,0,0,0,0,0,3,3,0.03,1,break_piece,0x0B7CC1B7
0x26C69E45,,,0,1,0,1,1,0,0,5,5,1.70,1,break_piece,0x0859EA8A
0x26D831C7,,,0,1,1,0,1,0,0,0,0,29.04,0,,0x26D831C7
0x26E307FC,,,0,1,0,0,1,0,0,3,3,0.03,1,break_piece,0x50AACA22
0x26F21A97,piece4a_propattach00,rainbow,1,1,0,0,0,0,0,3,3,0.03,1,break_piece,0x7DB2E527
0x26F23BFB,,,0,1,0,1,1,0,0,5,5,4.64,1,break_piece,0x25FE00A7
0x26F2B5B2,piece5d_propdebris27,rainbow,1,1,0,1,1,0,0,3,3,6.71,1,break_piece,0xBFC09F3E
0x26F697C5,piece4a_propattach02,rainbow,1,1,0,0,0,0,0,3,3,0.03,1,break_piece,0x7DB2E527
0x272A6D5B,slice1c_propdebris49,rainbow,1,1,0,1,1,0,0,4,4,6.50,1,break_piece,0xB6357976
0x273171EB,,,0,1,0,1,1,0,0,4,4,7.85,1,break_piece,0xE54047D5
0x2737B515,floor01.slice1d_propdebris01,rainbow,1,1,0,1,1,0,0,4,4,5.82,1,break_piece,0x149FC407
0x27389EF7,,,0,1,0,0,1,0,0,5,5,0.03,1,break_piece,0x25FE00A7
0x274DBD01,vzoutpost_wallgate,rainbow,1,1,1,0,0,0,0,0,0,0.03,0,static,0x274DBD01
0x274E6CBC,,,0,1,0,0,1,0,0,3,3,0.03,1,break_piece,0x30B8A010
0x2750B3D9,,,0,1,0,0,1,0,0,3,3,3.75,1,break_piece,0xABFDB4B0
0x275512CE,maracaibo_patz02,rainbow,1,1,0,0,1,0,0,3,3,2.10,0,,0x14D94B9B
0x27599BBF,piece1a_propattach26_ruin,rainbow,1,1,0,1,0,0,0,4,4,0.03,0,break_piece,0xE5133554
0x2777A510,,,0,1,0,0,1,0,0,3,3,2.10,0,,0x14D94B9B
0x27995E1C,global_billboard_useb2,rainbow,1,1,0,0,0,0,0,1,1,0.03,1,,0x1FBFBB4B
0x279FADBF,,,0,1,0,1,1,0,0,1,1,1.36,0,intact,0xE05A09A2
0x27A5A83C,,,0,1,0,0,1,0,0,5,5,0.81,1,intact,0x4FC2D374
0x27B299E5,,,0,1,0,0,1,0,0,6,6,1.30,0,break_piece,0x2915F4A0
0x27B9ABEF,Slice2O_pristine,rainbow,2,1,0,1,0,0,0,2,2,39.06,0,break_piece,0x0B7CC1B7
0x27BB395B,piece9a_propdebris03,rainbow,1,1,0,1,1,0,0,3,3,1.92,1,break_piece,0xF08D5BB5
0x27C46DD1,pmcoutpost_column_noreflection_large,rainbow,1,1,1,0,0,0,0,0,0,0.03,0,static,0x27C46DD1
0x27C9DE53,,,0,1,0,0,0,0,0,3,3,0.03,1,break_piece,0xB993D852
0x27DA7597,,,0,1,0,0,0,0,0,2,2,0.03,1,,0x14D94B9B
0x27DEF2C5,,,0,1,0,0,0,0,0,2,2,0.03,1,,0x14D94B9B
0x27E1B73E,,,0,1,0,0,1,0,0,6,6,3.80,0,break_piece,0xEAA1C080
0x27EDD04A,,,0,1,1,0,0,0,0,0,0,0.03,0,static,0x27EDD04A
0x27EF2DBA,,,0,1,0,1,1,0,0,5,5,4.04,0,break_piece,0x2F1F099B
0x28078039,,,0,1,0,0,1,0,0,3,3,0.03,1,break_piece,0x340B1CB8
0x281015CB,,,0,1,0,0,1,0,0,3,3,2.55,0,,0x14D94B9B
0x28101C77,,,0,1,0,0,0,0,0,5,5,0.03,0,break_piece,0xC1EEB3B3
0x281492F9,,,0,1,0,0,1,0,0,3,3,2.55,0,,0x14D94B9B
0x281949AA,,,0,1,0,1,1,0,0,4,4,4.30,1,break_piece,0xD1968AF1
0x281B8385,,,0,1,0,0,1,0,0,6,6,0.03,1,break_piece,0x9FCAE910
0x283546AC,slice2a_propattach17_pristine,rainbow,1,1,0,1,1,0,0,4,4,1.06,0,break_piece,0x2171B6D7
0x2837E543,,,0,1,0,0,1,0,0,4,4,0.61,0,break_piece,0x74474CB1
0x284E8639,,,0,1,0,1,1,0,0,1,1,1.23,0,intact,0x45CC35FE
0x287D8468,,,0,1,0,1,0,0,0,3,3,0.03,0,break_piece,0xE54047D5
0x28922B4E,white_o24625_ruin,rainbow,1,1,0,1,0,0,0,4,4,0.03,0,break_piece,0xFD0229C3
0x28A6A922,,,0,1,0,0,1,0,0,3,3,0.03,0,break_piece,0xE51282DE
0x28BBD4FF,,,0,1,0,0,1,0,0,3,3,0.80,1,break_piece,0x16497BF1
0x28BD45E0,,,0,1,0,1,1,0,0,5,5,3.02,1,break_piece,0x384DEECA
0x28C53A2F,piece1b_propdebris73,rainbow,1,1,0,1,1,0,0,3,3,25.65,1,break_piece,0xA948DDA6
0x28C5D490,L2_close28,rainbow,1,1,0,0,1,0,0,6,6,1.64,0,break_piece,0x2B97DD31
0x28C8391C,oc_veh_helicopter_wz10_base,rainbow,1,1,1,0,0,0,0,0,0,0.03,0,static,0x0B76A8FC
0x28D70A1A,,,0,1,0,0,1,0,0,3,3,0.03,0,intact,0xC35A1E0D
0x28E223CD,,,0,1,0,0,1,0,0,3,3,0.03,1,break_piece,0x340B1CB8
0x28E6D94F,piece1a_propdebris90,rainbow,1,1,0,1,1,0,0,3,3,9.12,1,break_piece,0x1923143C
0x28F635F8,,,0,1,0,0,1,0,0,3,3,0.03,1,break_piece,0x778A571F
0x28FCBBBB,global_debris_woodbeams01,rainbow,1,1,1,0,1,0,0,0,0,2.12,0,,0x28FCBBBB
0x28FD3F58,global_weapon_ak103,rainbow,1,1,2,0,0,0,0,0,0,0.99,0,static,0x28FD3F58
0x2915F4A0,pmc_veh_truck_esv,rainbow,1,1,1,0,0,0,0,0,0,0.03,0,static,0x2915F4A0
0x2926D331,,,0,1,0,0,1,0,0,4,4,0.03,1,intact,0xB1EB099F
0x2941F8D0,floor02.piece2a_propattach03,rainbow,1,1,0,0,0,0,0,3,3,0.03,0,break_piece,0xAC3CD893
0x294B9E7E,global_fencebarbed,rainbow,1,1,1,0,0,0,0,0,0,0.03,0,static,0x294B9E7E
0x294DA162,global_env_rockjungle01,rainbow,1,1,1,0,0,0,0,0,0,0.03,0,,0x294DA162
0x294E43CB,,,0,1,0,1,1,0,0,5,5,6.98,0,break_piece,0x539FF827
0x2951A021,piece8k_propdebris15,rainbow,1,1,0,1,1,0,0,3,3,1.06,1,break_piece,0x8E8ED4C0
0x2952C0F9,,,0,1,0,1,1,0,0,5,5,6.29,0,break_piece,0x539FF827
0x2954831A,slice8b_pristine,rainbow,1,1,0,1,0,0,0,2,2,23.66,0,break_piece,0xC939089F
0x2963C180,,,0,1,1,0,0,0,0,0,0,0.03,0,static,0x2963C180
0x29759D17,,,0,1,0,0,0,0,0,5,5,0.03,0,break_piece,0xE31521AD
0x298FC14E,industrial_att_pipelargeshort,rainbow,1,1,1,0,0,0,0,0,0,0.03,0,static,0x298FC14E
0x29906409,,,0,1,0,1,1,0,0,1,1,0.35,0,intact,0x60497640
0x2996FB98,,,0,1,0,0,1,0,0,3,3,0.03,1,intact,0xE59723FD
0x299798D8,oilrig_towerdrill,rainbow,1,1,1,0,0,0,0,0,0,0.03,0,static,0x299798D8
0x299DF232,hp_snap_oilrig_scaffold,rainbow,1,1,0,0,1,0,0,3,3,0.03,0,break_piece,0x618526A4
0x299E2340,gr_veh_boat_turbosquid,rainbow,1,1,1,0,0,0,0,0,0,0.03,0,static,0x299E2340
0x29AB7510,,,0,1,0,1,1,0,0,5,5,5.53,1,break_piece,0x35992F99
0x29B78FDF,,,0,1,0,1,1,0,0,6,6,1.74,0,break_piece,0x0F9B9B04
0x29C8B9F3,slice2e_propattach01_pristine,rainbow,1,1,0,1,1,0,0,4,4,14.10,0,intact,0x0B7CC1B7
0x29D36AEF,,,0,1,0,0,1,0,0,1,1,0.53,1,,0x223593E1
0x29ED97C3,jungle_env_treesmall01_imposter,rainbow,1,1,1,0,1,0,0,0,0,19.23,0,,0x29ED97C3
0x2A1105F1,,,0,1,0,1,1,0,0,1,1,0.44,0,intact,0x0D0B8CF5
0x2A220362,slice1q_propattach00,rainbow,1,1,0,0,0,0,0,3,3,0.03,1,break_piece,0x805C965E
0x2A239915,slice9a_propattach00_pristine,rainbow,1,1,0,1,0,0,0,4,4,0.80,0,break_piece,0xC939089F
0x2A3D1714,slice2k,rainbow,2,1,0,0,0,0,0,1,1,0.03,0,static,0x0B7CC1B7
0x2A41F4A8,,,0,1,0,0,1,0,0,4,4,3.10,1,intact,0xC733E65D
0x2A4541D6,,,0,1,0,0,1,0,0,1,1,0.94,1,,0x223593E1
0x2A47D96B,global_gunboxa,rainbow,1,1,1,0,0,0,0,0,0,0.03,0,static,0x2A47D96B
0x2A59DC9A,,,0,1,0,0,1,0,0,5,5,0.95,1,intact,0xC142F94B
0x2A5FF32E,groutpost_bld_shacktall01,rainbow,1,1,1,0,0,0,0,0,0,0.03,0,static,0x2A5FF32E
0x2A68DAEF,industrial_bld_warehouse04,rainbow,1,1,1,0,0,0,0,0,0,0.03,0,static,0x2A68DAEF
0x2A6E963C,vzoutpost_bld_barrackbunker_ch,rainbow,1,1,1,0,0,0,0,0,0,0.03,0,static,0x2A6E963C
0x2A70B073,,,0,1,0,0,0,0,0,6,6,0.46,1,break_piece,0xB993D852
0x2A802928,slice5d_propdebris03,rainbow,1,1,0,1,1,0,0,3,3,2.21,1,break_piece,0x04CC21CD
0x2A8BE4AE,floor03.piece1a_propdebris10,rainbow,1,1,0,1,1,0,0,3,3,6.34,1,break_piece,0x13417609
0x2A9016F5,slice1f_propdebris08,rainbow,1,1,0,1,1,0,0,4,4,5.73,1,break_piece,0x1E359C2F
0x2A98EF4E,,,0,1,0,0,1,0,0,4,4,2.38,1,intact,0xC142F94B
0x2AA79691,,,0,1,0,1,1,0,0,4,4,4.13,0,break_piece,0x8B310BBB
0x2AA96F4D,bone_flapl_a,rainbow,2,1,0,0,1,0,0,1,1,2.24,1,,0x223593E1
0x2AACE801,slice1a_propdebris67,rainbow,1,1,0,1,1,0,0,4,4,4.95,1,break_piece,0x964451A0
0x2AB0F31B,piece5p_propdebris35,rainbow,1,1,0,1,1,0,0,3,3,2.70,1,break_piece,0x50AACA22
0x2AF2736A,,,0,1,0,1,1,0,0,5,5,5.37,0,break_piece,0x04549112
0x2B0CDA72,,,0,1,0,0,0,0,0,3,3,0.03,1,break_piece,0xFD0229C3
0x2B14314B,,,0,1,1,0,1,0,0,0,0,0.67,0,,0x2B14314B
0x2B1627A5,,,0,1,0,1,1,0,0,1,1,0.53,0,intact,0x0D0B8CF5
0x2B18AE79,,,0,1,1,0,1,0,0,0,0,1.03,0,,0x2B18AE79
0x2B225564,,,0,1,0,0,1,0,0,4,4,3.10,1,intact,0xC733E65D
0x2B231754,,,0,1,0,0,1,0,0,5,5,0.03,1,break_piece,0xF762CFC3
0x2B2BB6CD,,,0,1,0,0,1,0,0,5,5,0.03,1,break_piece,0x539FF827
0x2B503BD0,commercial_bld_supermarket,rainbow,1,1,1,0,0,0,0,0,0,0.03,0,static,0x2B503BD0
0x2B520C9A,piece2h_propdebris11,rainbow,1,1,0,1,1,0,0,3,3,3.42,1,break_piece,0x91E2FC68
0x2B5401E0,,,0,1,0,0,1,0,0,4,4,0.03,1,break_piece,0xD1968AF1
0x2B64CF66,groutpost_bld_shackcave03,rainbow,1,1,1,0,0,0,0,0,0,0.03,0,static,0x2B64CF66
0x2B71A352,,,0,1,0,0,1,0,0,4,4,2.06,1,break_piece,0x25B3F7BC
0x2B73664C,slice9b,rainbow,1,1,0,0,0,0,0,1,1,0.03,0,static,0xC939089F
0x2B776FD9,slice2b_propattach04_ruin,rainbow,1,1,0,1,1,0,0,4,4,7.66,0,break_piece,0xDDE0070C
0x2B7A8B0A,slice4a_propattach02_ruin,rainbow,1,1,0,1,0,0,0,4,4,0.03,0,break_piece,0xE6027C27
0x2B7F0C63,hp_fx_explosionA,rainbow,1,1,0,0,1,0,0,3,3,0.03,1,break_piece,0x618526A4
0x2B83339D,vzoutpost_bld_helipad_drhy01,rainbow,1,1,0,1,1,0,0,5,5,2.16,0,break_piece,0xB0D4E642
0x2B97DD31,civ_veh_truck_garbage,rainbow,1,1,1,0,0,0,0,0,0,0.03,0,static,0x2B97DD31
0x2B98E719,,,0,1,0,0,0,0,0,3,3,0.03,1,break_piece,0xFD0229C3
0x2BA14F19,floor01.piece1c_propdebris17,rainbow,1,1,0,1,1,0,0,3,3,8.38,1,break_piece,0xCA3AC936
0x2BC346BC,,,0,1,0,1,1,0,0,5,5,7.41,1,break_piece,0x0B7CC1B7
0x2BD481F0,,,0,1,0,1,0,0,0,4,4,0.03,0,break_piece,0x319D840A
0x2BD9F929,city_bld_segment16x32d,rainbow,1,1,1,0,0,0,0,0,0,0.03,0,static,0x2BD9F929
0x2BE8FCC7,,,0,1,0,1,1,0,0,5,5,4.03,0,break_piece,0xAC3CD893
0x2BF441DA,piece7a_propdebris40,rainbow,1,1,0,1,1,0,0,3,3,1.64,1,break_piece,0xCE866A6A
0x2BF7B0D0,,,0,1,0,0,1,0,0,5,5,0.03,1,break_piece,0x35992F99
0x2BFDC061,,,0,1,0,0,1,0,0,3,3,0.03,1,intact,0x60E7FFEB
0x2C005A6C,piece1e_propdebris04,rainbow,1,1,0,1,1,0,0,3,3,3.84,1,break_piece,0xF51C01DD
0x2C25864A,,,0,1,1,0,0,0,0,0,0,0.03,0,static,0x2C25864A
0x2C26FA75,,,0,1,0,0,1,0,0,5,5,0.03,1,break_piece,0x1E359C2F
0x2C31E48A,ocoutpost_bld_hq,rainbow,1,1,1,0,0,0,0,0,0,0.03,0,static,0x2C31E48A
0x2C324EBF,jungle_env_plantmed01,rainbow,1,1,1,0,0,0,0,0,0,0.03,0,static,0x2C324EBF
0x2C341900,,,0,1,0,1,1,0,0,1,1,1.31,0,intact,0xBCBA07EE
0x2C356286,,,0,1,0,0,1,0,0,4,4,0.03,1,break_piece,0xE54047D5
0x2C38C323,,,0,1,0,0,0,0,0,2,2,0.03,1,,0x14D94B9B
0x2C49E62D,slice2n,rainbow,2,1,0,0,0,0,0,1,1,0.03,0,static,0x0B7CC1B7
0x2C4CF03C,bone_rearwing_l,rainbow,1,1,0,0,1,0,0,2,2,4.29,1,,0x33C8B389
0x2C5A9027,,,0,1,0,0,1,0,0,6,6,1.10,1,intact,0xC142F94B
0x2C5F68A6,piece6d_pristine,rainbow,1,1,0,1,1,0,0,2,2,4.56,0,intact,0x8E8ED4C0
0x2C695B35,caracas_bld_governmentcorner02,rainbow,1,1,1,0,0,0,0,0,0,0.03,0,static,0x2C695B35
0x2C73605B,slice5d_propdebris04,rainbow,1,1,0,1,1,0,0,3,3,4.37,1,break_piece,0x04CC21CD
0x2C77D270,piece5j_propdebris27,rainbow,1,1,0,1,1,0,0,3,3,5.12,1,break_piece,0x50AACA22
0x2C87E886,,,0,1,0,1,1,0,0,1,1,0.47,0,intact,0x2EF7E3C3
0x2CB6355C,,,0,1,0,1,1,0,0,5,5,6.76,1,break_piece,0x0B7CC1B7
0x2CB8A66B,piece7a_propdebris27,rainbow,1,1,0,1,1,0,0,3,3,1.64,1,break_piece,0xCE866A6A
0x2CBE1768,,,0,1,0,0,1,0,0,3,3,0.03,1,intact,0xBBD8D408
0x2CC2BE8D,,,0,1,0,1,1,0,0,5,5,4.04,0,break_piece,0x6B3A45A6
0x2CE07219,,,0,1,0,0,1,0,0,5,5,2.09,0,intact,0xCDC5617A
0x2CE2483A,,,0,1,0,0,10,0,0,2,2,1.57,1,,0x307D6AE1
0x2CE290F9,pmcoutpost_bld_hqgarage,rainbow,1,1,1,0,0,0,0,0,0,0.03,0,static,0x2CE290F9
0x2CE41850,hp_barreltip_hellfire_B,rainbow,1,1,0,0,1,0,0,4,4,0.03,1,break_piece,0xC23032BC
0x2CE61608,hp_winch_bottom_mid,rainbow,1,1,0,0,1,0,0,4,4,0.03,1,intact,0xC142F94B
0x2CE76BFE,,,0,1,0,1,1,0,0,6,6,1.56,1,break_piece,0x179A7702
0x2CE7C909,slice2i_propattach01_ruin,rainbow,1,1,0,1,0,0,0,4,4,0.03,0,break_piece,0x0B7CC1B7
0x2CEBCB0F,hp_seat_ciwsfm,rainbow,1,1,0,0,1,0,0,7,7,0.03,0,intact,0xE54047D5
0x2CF1409B,,,0,1,0,1,0,0,0,4,4,0.03,0,break_piece,0xCB4C6EAB
0x2D026C08,,,0,1,0,0,1,0,0,3,3,0.03,1,break_piece,0xCA20C1D9
0x2D057D27,,,0,1,0,0,0,0,0,2,2,0.03,1,break_piece,0xE54047D5
0x2D0BAA86,,,0,1,0,0,1,0,0,3,3,2.10,0,,0x14D94B9B
0x2D0C5CE5,,,0,1,0,0,1,0,0,5,5,0.03,1,break_piece,0x38381266
0x2D124864,slice1c_propdebris15,rainbow,1,1,0,1,1,0,0,3,3,1.94,1,break_piece,0x09E169B3
0x2D1D4D03,pmc_veh_car_offroad_buggy,rainbow,1,1,1,0,0,0,0,0,0,0.03,0,static,0x2D1D4D03
0x2D289D84,,,0,1,0,1,1,0,0,5,5,2.55,1,break_piece,0xF2391F54
0x2D3652F0,,,0,1,0,0,1,0,0,4,4,0.27,1,break_piece,0xF762CFC3
0x2D7569A6,caracas_plantercapitolright,rainbow,1,1,1,0,0,0,0,0,0,0.03,0,,0x2D7569A6
0x2D78B4A8,,,0,1,0,1,1,0,0,6,6,3.20,1,break_piece,0xE9E253D5
0x2D7D149D,,,0,1,0,1,1,0,0,1,1,1.34,0,intact,0xEA7F9F3F
0x2D94B091,,,0,1,0,1,1,0,0,1,1,0.51,0,intact,0x4AB6F9B6
0x2D9566DE,,,0,1,0,0,1,0,0,2,2,2.53,1,,0x1FBFBB4B
0x2D959D64,,,0,1,0,0,1,0,0,4,4,0.03,1,break_piece,0xE54047D5
0x2D9CEEF8,piece1b_propdebris81,rainbow,1,1,0,1,1,0,0,3,3,27.82,1,break_piece,0xA948DDA6
0x2DA47122,bone_radar_yaw,rainbow,1,1,0,0,0,0,0,4,4,2.02,1,break_piece,0xB6EDE80B
0x2DB1D78E,,,0,1,0,0,1,0,0,6,6,1.03,0,break_piece,0x12732DD2
0x2DB43C07,floor02.piece1a_propdebris34,rainbow,1,1,0,1,1,0,0,3,3,10.98,1,break_piece,0x601A1292
0x2DB7F920,,,0,1,0,0,1,0,0,2,2,2.53,1,,0x1FBFBB4B
0x2DB8B935,floor02.piece1a_propdebris36,rainbow,1,1,0,1,1,0,0,3,3,10.35,1,break_piece,0x601A1292
0x2DC8255A,,,0,1,0,1,0,0,0,5,5,0.03,1,break_piece,0x149FC407
0x2DCCF188,,,0,1,0,1,1,0,0,5,5,4.04,1,break_piece,0xE6027C27
0x2DD31CFB,gr_veh_truck_m35_aa,rainbow,1,1,1,0,0,0,0,0,0,0.03,0,static,0x2DD31CFB
0x2DDB4AA5,piece5j_ruin,rainbow,1,1,0,1,0,0,0,2,2,13.81,0,break_piece,0x50AACA22
0x2DEDE021,,,0,1,0,0,1,0,0,6,6,0.89,0,break_piece,0xE8E58109
0x2DFE5F85,commercial_bld_segment16x16a,rainbow,1,1,1,0,0,0,0,0,0,0.03,0,static,0x2DFE5F85
0x2E076357,,,0,1,0,0,1,0,0,5,5,0.03,1,break_piece,0x25FE00A7
0x2E1D9DBB,piece1f_pristine,rainbow,1,1,0,1,1,0,0,2,2,10.35,0,intact,0xC808E35C
0x2E25B52F,,,0,1,0,0,0,0,0,5,5,0.31,1,break_piece,0x9FCAE910
0x2E36DD75,,,0,1,0,1,1,0,0,4,4,1.93,0,intact,0x04549112
0x2E3C0B49,groutpost_bld_earthmover,rainbow,1,1,1,0,0,0,0,0,0,0.03,0,static,0x2E3C0B49
0x2E401BDB,,,0,1,0,0,1,0,0,3,3,0.03,1,intact,0xFF7ABB3B
0x2E46B75C,,,0,1,0,1,1,0,0,1,1,0.48,0,intact,0x09139BCD
0x2E5988A7,,,0,1,0,1,1,0,0,5,5,4.04,0,break_piece,0xF03E0102
0x2E5BA344,,,0,1,0,1,1,0,0,1,1,0.50,0,intact,0x4761451B
0x2E5CF089,,,0,1,0,1,1,0,0,5,5,4.87,1,break_piece,0x818E5819
0x2E62FF7B,,,0,1,0,1,1,0,0,4,4,2.19,0,break_piece,0xD1574A09
0x2E7ED981,slice4a_propattach01_pristine,rainbow,1,1,0,1,0,0,0,4,4,1.45,0,break_piece,0xE6027C27
0x2E817E5F,,,0,1,0,0,1,0,0,3,3,2.01,0,intact,0x86AF96CD
0x2E87510F,,,0,1,0,0,0,0,0,2,2,0.03,0,break_piece,0xE54047D5
0x2E8D65BC,slice7a_pristine,rainbow,1,1,0,1,0,0,0,2,2,42.63,0,intact,0x04CC21CD
0x2E9011EF,,,0,1,0,0,0,0,0,4,4,17.17,1,intact,0xD1968AF1
0x2EA41DBD,,,0,1,0,1,1,0,0,5,5,5.91,1,break_piece,0x818E5819
0x2EAA764B,piece9e,rainbow,1,1,0,0,0,0,0,1,1,0.03,0,static,0x69D31E85
0x2EAEF379,piece9g,rainbow,1,1,0,0,0,0,0,1,1,0.03,0,static,0x69D31E85
0x2EB3889B,hp_al02_player,rainbow,1,1,0,0,1,0,0,1,1,0.03,1,,0x23522367
0x2EB3F3AE,industrial_bld_gasstationpump03,rainbow,1,1,1,0,0,0,0,0,0,0.03,0,static,0x2EB3F3AE
0x2EB74539,global_laser_designator,rainbow,1,1,1,0,1,0,0,0,0,1.01,0,,0x2EB74539
0x2ED32429,,,0,1,1,0,0,0,0,0,0,0.03,0,static,0x2ED32429
0x2EDB47F6,piece1e_propattach01_pristine,rainbow,1,1,0,1,1,0,0,4,4,6.45,0,break_piece,0x7DB2E527
0x2EDC04E6,,,0,1,0,0,1,0,0,1,1,2.70,1,,0x8CAFF9CF
0x2EE45F8D,global_env_palmtreebend03,rainbow,1,1,1,0,0,0,0,0,0,0.03,0,static,0x2EE45F8D
0x2EF46E54,groutpost_bld_bunkerconcrete,rainbow,1,1,1,0,0,0,0,0,0,0.03,0,static,0x2EF46E54
0x2EFA648B,,,0,1,0,0,1,0,0,3,3,2.10,0,,0x14D94B9B
0x2EFC5A0F,slice5d_ruin,rainbow,1,1,0,1,0,0,0,2,2,41.83,0,break_piece,0x04CC21CD
0x2EFEE1B9,,,0,1,0,0,1,0,0,3,3,2.10,0,,0x14D94B9B
0x2F031F41,port_dockend,rainbow,1,1,1,0,1,0,0,0,0,55.45,0,,0x2F031F41
0x2F088C30,,,0,1,0,0,1,0,0,3,3,0.03,1,break_piece,0x97A96272
0x2F0F2455,,,0,1,0,0,1,0,0,6,6,1.05,0,break_piece,0xCE77D4CB
0x2F0F3B21,,,0,1,0,0,1,0,0,3,3,0.03,1,break_piece,0xCA20C1D9
0x2F11D1BC,,,0,1,0,0,0,0,0,3,3,0.77,1,break_piece,0x994E1953
0x2F1F099B,aloutpost_bld_hanger,rainbow,1,1,1,0,0,0,0,0,0,0.03,0,static,0x2F1F099B
0x2F24F105,floor03.piece1b_propattach10,rainbow,1,1,0,0,0,0,0,3,3,0.03,0,intact,0x7D766FA6
0x2F2C3156,floor01.piece5i_propdebris03_ruie,rainbow,1,1,0,0,0,0,0,3,3,0.03,1,break_piece,0x74474CB1
0x2F31DBFE,hp_barreltip_h,rainbow,1,1,0,0,1,0,0,6,6,0.03,1,break_piece,0x1A221527
0x2F444CB2,bone_mudflap_r,rainbow,1,1,0,0,1,0,0,4,4,0.97,1,break_piece,0x2B97DD31
0x2F488F07,slice1c_propdebris45,rainbow,1,1,0,1,1,0,0,4,4,5.09,1,break_piece,0x383D01E1
0x2F4C1835,,,0,1,0,0,1,0,0,5,5,0.03,1,break_piece,0xC56B1A44
0x2F4D0C35,slice1c_propdebris47,rainbow,1,1,0,1,1,0,0,4,4,6.50,1,break_piece,0xB6357976
0x2F4F8F3E,industrial_bld_warehouselarge02,rainbow,1,1,1,0,0,0,0,0,0,0.03,0,static,0x2F4F8F3E
0x2F4FA495,,,0,1,0,1,1,0,0,5,5,1.70,1,break_piece,0xCFAC6851
0x2F599C94,maracaibo_patz00,rainbow,1,1,0,0,1,0,0,3,3,2.10,0,,0x14D94B9B
0x2F6B7A02,,,0,1,0,1,1,0,0,5,5,9.74,1,break_piece,0x618526A4
0x2F6C8C45,,,0,1,0,0,1,0,0,6,6,0.03,1,break_piece,0xB0D4E642
0x2F76DA30,,,0,1,0,1,1,0,0,5,5,4.70,1,break_piece,0x45EC5734
0x2F8585E0,,,0,1,1,0,0,0,0,0,0,0.03,0,static,0x2F8585E0
0x2F88DC70,bone_yaw_ciwsrr,rainbow,1,1,0,0,0,0,0,5,5,8.35,0,intact,0x25FE00A7
0x2F90262B,piece1b_propdebris86,rainbow,1,1,0,1,1,0,0,3,3,27.82,1,break_piece,0xA948DDA6
0x2F967F03,cumana_bld_hoteltwostar01,rainbow,1,1,1,0,0,0,0,0,0,0.03,0,static,0x2F967F03
0x2F9ED461,,,0,1,1,0,0,0,0,0,0,0.03,0,static,0x2F9ED461
0x2FAB3053,,,0,1,0,0,1,0,0,2,2,2.53,1,,0x1FBFBB4B
0x2FB6CCDD,caracas_rampgovernmentmid,rainbow,1,1,1,0,0,0,0,0,0,0.03,0,static,0x2FB6CCDD
0x2FBC4343,slice4b_propdebris14,rainbow,1,1,0,1,1,0,0,4,4,4.57,1,break_piece,0x1A74D3EE
0x2FBE9C29,,,0,1,0,0,1,0,0,6,6,1.80,1,break_piece,0x1125CB99
0x2FC2FD32,floor01.piece1c_propattach12,rainbow,1,1,0,0,0,0,0,3,3,0.03,1,break_piece,0xD44C2215
0x2FC38412,village_bld_hangar,rainbow,1,1,1,0,0,0,0,0,0,0.03,0,static,0x2FC38412
0x2FCD2D1A,,,0,1,0,0,1,0,0,4,4,0.03,1,break_piece,0xE54047D5
0x2FCF8257,floor00.slice3b_ruin,rainbow,1,1,0,1,1,0,0,2,2,23.02,0,intact,0xFD0229C3
0x2FEB458F,hp_fx_flare,rainbow,1,1,0,0,1,0,0,6,6,0.03,1,intact,0xF747670D
0x2FF11D01,,,0,1,0,1,1,0,0,5,5,1.73,1,break_piece,0xC939089F
0x2FF4AB82,,,0,1,0,1,1,0,0,1,1,1.31,0,intact,0x07FC456B
0x2FFFA4D1,piece1c_propdebris25,rainbow,1,1,0,1,1,0,0,3,3,7.23,1,break_piece,0xE110E2D3
0x300FAB60,,,0,1,0,0,0,0,0,2,2,0.03,1,,0x14D94B9B
0x3016F807,,,0,1,0,1,0,0,0,5,5,0.03,0,break_piece,0x149FC407
0x301DA632,,,0,1,0,0,1,0,0,4,4,0.03,1,intact,0x51DA41FE
0x30201766,,,0,1,1,0,1,0,0,0,0,13.09,0,,0x30201766
0x3032B4A5,,,0,1,0,0,1,0,0,3,3,2.55,0,,0x14D94B9B
0x303374AD,,,0,1,0,0,1,0,0,4,4,0.61,0,break_piece,0x74474CB1
0x303375B6,,,0,1,0,1,0,0,0,5,5,0.03,1,break_piece,0xDDE0070C
0x304F9D6E,piece1e_propdebris11,rainbow,1,1,0,1,1,0,0,3,3,1.97,1,break_piece,0xA1A48E75
0x30688501,,,0,1,0,0,0,0,0,3,3,0.03,0,break_piece,0x2B503BD0
0x306CC6D8,,,0,1,0,0,1,0,0,3,3,0.03,1,intact,0x4B9C42F1
0x3075122B,hp_al04_starter,rainbow,1,1,0,0,1,0,0,1,1,0.03,1,,0x23522367
0x307D6AE1,,,0,1,1,0,0,0,0,0,0,0.03,0,,0x307D6AE1
0x308F81F7,piece1e_propattach02_pristine,rainbow,1,1,0,1,1,0,0,4,4,4.19,0,break_piece,0x7DB2E527
0x309362E3,,,0,1,0,0,0,0,0,3,3,0.03,1,break_piece,0x25FE00A7
0x3097D1C2,,,0,1,0,0,1,0,0,5,5,0.03,1,break_piece,0xC56B1A44
0x30A54879,slice4a_propattach10_ruin,rainbow,1,1,0,1,0,0,0,4,4,0.03,0,break_piece,0xE6027C27
0x30A5616C,,,0,1,0,1,1,0,0,4,4,3.81,0,break_piece,0x8B310BBB
0x30A87D60,,,0,1,0,0,1,0,0,4,4,0.53,1,intact,0xCE77D4CB
0x30AAB2DC,slice1a_propdebris66,rainbow,1,1,0,1,1,0,0,4,4,9.79,1,break_piece,0x964451A0
0x30AB14E0,commercial_wallcorner_pristine,rainbow,1,1,1,0,1,0,0,0,0,6.65,0,,0x30AB14E0
0x30B8A010,global_flag_largech,rainbow,1,1,1,0,0,0,0,0,0,0.03,0,static,0x30B8A010
0x30BA7274,bone_yaw_gun,rainbow,1,1,0,0,0,0,0,6,6,0.34,1,break_piece,0x0065B09D
0x30BC17CD,port_dockdry,rainbow,1,1,1,0,0,0,0,0,0,0.03,0,,0x30BC17CD
0x30C28014,bone_b,rainbow,1,1,0,0,1,0,0,5,5,1.02,0,intact,0xEC6C211D
0x30C5F7A6,global_barbedwirelong,rainbow,1,1,1,0,1,0,0,0,0,15.63,0,,0x30C5F7A6
0x30E2EB65,,,0,1,1,0,1,0,0,0,0,3.42,0,,0x30E2EB65
0x30EBDB12,,,0,1,0,0,1,0,0,4,4,0.03,1,break_piece,0xC142F94B
0x312757A4,,,0,1,0,0,1,0,0,5,5,0.03,1,break_piece,0x2A68DAEF
0x313DB704,,,0,1,0,1,1,0,0,5,5,7.86,1,break_piece,0xD44C2215
0x314049E6,global_portablelight,rainbow,1,1,1,0,0,0,0,0,0,0.03,0,,0x314049E6
0x31479F74,,,0,1,0,0,0,0,0,3,3,0.03,1,break_piece,0x25FE00A7
0x314CABF6,sign04,rainbow,1,1,2,0,0,0,0,0,0,0.03,0,static,0x314CABF6
0x31666BAD,maracaibo_patz05,rainbow,1,1,0,0,1,0,0,3,3,2.10,0,,0x14D94B9B
0x31673024,,,0,1,0,0,0,0,0,4,4,0.03,0,break_piece,0x63E4703A
0x316DCCB4,hp_fx_explosionJ,rainbow,1,1,0,0,1,0,0,3,3,0.03,1,break_piece,0x618526A4
0x317249E2,hp_fx_explosionL,rainbow,1,1,0,0,1,0,0,3,3,0.03,1,break_piece,0x618526A4
0x3177639B,,,0,1,1,0,0,0,0,0,0,0.03,0,static,0x3177639B
0x31780CA6,floor01.piece2a_interior,rainbow,1,1,0,1,1,0,0,3,3,38.49,0,break_piece,0xAC3CD893
0x317B1E1F,,,0,1,0,0,1,0,0,4,4,4.01,1,break_piece,0x25B3F7BC
0x318183E8,,,0,1,0,0,1,0,0,4,4,2.05,1,intact,0x22BA44C8
0x318F627D,,,0,1,0,0,1,0,0,3,3,0.03,1,break_piece,0xD7FCFD11
0x319D840A,city_bld_skyscraper03,rainbow,1,1,1,0,0,0,0,0,0,0.03,0,static,0x319D840A
0x31A526B0,,,0,1,1,0,1,0,0,0,0,16.39,0,,0x31A526B0
0x31A59D88,slice1e_propattach06,rainbow,1,1,0,0,0,0,0,3,3,0.03,1,break_piece,0x35992F99
0x31C24E05,,,0,1,0,0,1,0,0,2,2,1.78,1,,0x33C8B389
0x31D0ACC2,,,0,1,1,0,0,0,0,0,0,0.03,0,static,0x31D0ACC2
0x31D61713,pmcoutpost_fountain1,rainbow,1,1,1,0,0,0,0,0,0,0.03,0,static,0x125512D6
0x31DDD3EF,,,0,1,1,0,0,0,0,0,0,0.03,0,static,0x31DDD3EF
0x31F0FE47,pmc_veh_truck_ext,rainbow,1,1,1,0,0,0,0,0,0,0.03,0,static,0x31F0FE47
0x31F55432,bone_weapon_door_r,rainbow,1,1,0,0,1,0,0,7,7,1.29,1,break_piece,0x807D1C3B
0x3200D24B,,,0,1,0,0,1,0,0,6,6,0.97,0,break_piece,0xBD552CD3
0x3202E293,,,0,1,0,0,0,0,0,2,2,0.03,1,,0x14D94B9B
0x32054F79,,,0,1,0,0,1,0,0,6,6,0.97,0,break_piece,0xBD552CD3
0x320AE475,,,0,1,0,0,1,0,0,5,5,0.03,0,break_piece,0x086666D2
0x320B6004,piece1b_propattach15_pristine,rainbow,1,1,0,1,1,0,0,4,4,23.40,0,intact,0x6B3A45A6
0x32150ACF,ch_veh_truck_sx2150_semi,rainbow,1,1,1,0,0,0,0,0,0,0.03,0,static,0x32150ACF
0x3219616A,,,0,1,1,0,0,0,0,0,0,0.03,0,static,0x3219616A
0x32278374,,,0,1,0,0,0,0,0,2,2,0.03,1,,0x14D94B9B
0x322899EE,piece1b_propdebris43,rainbow,1,1,0,1,1,0,0,3,3,7.87,1,break_piece,0xA948DDA6
0x322978D3,,,0,1,1,0,0,0,0,0,0,0.03,0,static,0x322978D3
0x322C00A2,,,0,1,0,0,0,0,0,2,2,0.03,1,,0x14D94B9B
0x323ED698,piece1a_propdebris57,rainbow,1,1,0,1,1,0,0,3,3,8.27,1,break_piece,0x5436A936
0x3247366C,bone_leftwing,rainbow,1,1,0,0,0,0,0,2,2,8.46,1,,0x33C8B389
0x3250980D,,,0,1,0,0,1,0,0,3,3,0.03,1,break_piece,0x40858AFC
0x32525D48,,,0,1,1,0,0,0,0,0,0,0.78,0,,0xF6A707C1
0x3258FB43,island_wallstraight,rainbow,1,1,1,0,0,0,0,0,0,0.03,0,static,0x3258FB43
0x325A8B7F,global_weapon_parachute,rainbow,1,1,1,0,0,0,0,0,0,0.03,0,,0x325A8B7F
0x329FB419,,,0,1,0,1,0,0,0,3,3,0.03,0,intact,0xD1968AF1
0x32A33D98,ocoutpost_bench,rainbow,1,1,1,0,0,0,0,0,0,0.03,0,static,0x32A33D98
0x32A7785F,caracas_plantercapitolcenter,rainbow,1,1,1,0,0,0,0,0,0,0.03,0,,0x32A7785F
0x32A90F04,bone_yaw_ciwsfr,rainbow,1,1,0,0,0,0,0,5,5,8.35,0,intact,0x25FE00A7
0x32AA72D1,,,0,1,0,0,1,0,0,6,6,1.13,0,break_piece,0xF88147A1
0x32B14558,bone_hub_r_07,rainbow,1,1,0,0,0,0,0,4,4,0.03,1,break_piece,0xCE77D4CB
0x32B152B6,,,0,1,0,0,1,0,0,3,3,2.55,0,,0x14D94B9B
0x32B8F645,,,0,1,0,1,1,0,0,1,1,0.46,0,intact,0x09139BCD
0x32FBE556,civ_veh_plane_727jet,rainbow,1,1,1,0,0,0,0,0,0,0.03,0,,0x32FBE556
0x32FD7C50,slice1c_propdebris24,rainbow,1,1,0,1,1,0,0,4,4,9.79,0,break_piece,0xD506BE7E
0x3304964A,bone_light,rainbow,1,1,0,0,1,0,0,4,4,0.86,1,intact,0x96195816
0x331DC3CE,,,0,1,0,1,0,0,0,3,3,0.03,0,break_piece,0x9FCAE910
0x33201061,,,0,1,1,0,0,0,0,0,0,0.03,0,static,0x33201061
0x33284218,bone_plantc,rainbow,1,1,0,0,1,0,0,1,1,2.01,0,,0x5F1CF60F
0x332DFC99,slice4a_propattach02,rainbow,1,1,0,0,0,0,0,3,3,0.03,1,break_piece,0xE6027C27
0x33363747,,,0,1,0,1,1,0,0,1,1,1.36,0,intact,0xF9EA3B44
0x333AD6A7,,,0,1,0,0,0,0,0,4,4,0.03,1,intact,0xE54047D5
0x335A6BF8,piece1b_propdebris34,rainbow,1,1,0,1,1,0,0,3,3,3.01,1,break_piece,0x493FD997
0x3368DD58,,,0,1,1,0,0,0,0,0,0,0.03,0,static,0x3368DD58
0x336FD137,shanty_clotheslineb,rainbow,1,1,1,0,1,0,0,0,0,24.10,0,,0x336FD137
0x33790415,,,0,1,0,1,1,0,0,5,5,6.76,1,break_piece,0x0B7CC1B7
0x33927B6C,,,0,1,0,1,1,0,0,1,1,0.55,0,intact,0x4AB6F9B6
0x33960217,,,0,1,0,1,1,0,0,5,5,3.46,1,break_piece,0x618526A4
0x3397DE30,,,0,1,1,0,0,0,0,0,0,0.03,0,static,0x3397DE30
0x33AC0183,pmcoutpost_bld_hqgarage_livedin,rainbow,1,1,1,0,0,0,0,0,0,0.03,0,static,0x33AC0183
0x33B5D556,,,0,1,0,0,1,0,0,4,4,0.03,1,intact,0x4FC2D374
0x33B8D15A,,,0,1,0,0,1,0,0,5,5,0.03,1,break_piece,0x25FE00A7
0x33C241FF,,,0,1,0,1,1,0,0,5,5,10.66,0,intact,0xE31521AD
0x33C8B389,pmc_veh_plane_mig27,rainbow,1,1,1,0,0,0,0,0,0,0.03,0,,0x33C8B389
0x33CFD1A4,bone_piston_d,rainbow,1,1,0,0,1,0,0,2,2,0.21,1,,0x42740E1B
0x33D287A0,,,0,1,0,1,1,0,0,1,1,0.54,0,intact,0x3511CCE7
0x33D60014,,,0,1,0,0,1,0,0,3,3,1.98,1,break_piece,0x13709C60
0x33D8DC9C,slice2g_propattach00_ruin,rainbow,1,1,0,1,0,0,0,4,4,0.03,0,break_piece,0x0B7CC1B7
0x33DFE550,piece5n,rainbow,1,1,0,0,0,0,0,1,1,0.03,0,static,0x50AACA22
0x33FCA3F9,piece3a_propdebris29,rainbow,1,1,0,1,1,0,0,3,3,2.44,1,break_piece,0xDA1D8548
0x340061CD,,,0,1,0,1,1,0,0,1,1,0.54,0,intact,0x5C6315A6
0x340B1CB8,ch_veh_apc_zbd2000,rainbow,1,1,1,0,0,0,0,0,0,0.03,0,static,0x340B1CB8
0x34201970,,,0,1,0,1,1,0,0,4,4,6.47,1,break_piece,0xD1968AF1
0x34257786,bone_front_cable_b,rainbow,1,1,0,0,1,0,0,2,2,0.44,0,break_piece,0xD1968AF1
0x343F9FC9,,,0,1,0,1,1,0,0,5,5,4.73,1,break_piece,0x818E5819
0x3460BCCB,,,0,1,0,0,1,0,0,6,6,0.95,0,break_piece,0x95F4BA55
0x34667FAF,,,0,1,0,0,1,0,0,4,4,0.78,1,intact,0xB1EB099F
0x34704E72,,,0,1,1,0,0,0,0,0,0,0.03,0,,0x5453C80F
0x347361DA,piece5j_propdebris25,rainbow,1,1,0,1,1,0,0,3,3,4.44,1,break_piece,0x50AACA22
0x347B172E,,,0,1,1,0,0,0,0,0,0,0.47,0,,0xD6DDF2C1
0x348299F8,,,0,1,0,0,1,0,0,4,4,0.52,1,break_piece,0xC1EEB3B3
0x348F398E,,,0,1,0,0,1,0,0,3,3,0.03,1,intact,0xE59723FD
0x3498AD4F,,,0,1,0,1,0,0,0,5,5,0.03,0,break_piece,0x35992F99
0x349D3D8D,floor03.piece1a_propdebris17,rainbow,1,1,0,1,1,0,0,3,3,5.00,1,break_piece,0xCA3AC936
0x34A00CBB,,,0,1,0,0,1,0,0,3,3,2.55,0,,0x14D94B9B
0x34A8EBD7,slice1e_propattach00_ruin,rainbow,1,1,0,1,0,0,0,4,4,0.03,0,break_piece,0x35992F99
0x34C092C1,,,0,1,0,0,1,0,0,4,4,0.03,1,break_piece,0x319D840A
0x34DA3FDD,piece4a_ruin,rainbow,1,1,0,1,0,0,0,2,2,0.03,0,break_piece,0x8E8ED4C0
0x34DCBD27,bone_gear_f_pitch,rainbow,1,1,0,0,0,0,0,2,2,3.34,1,,0x32FBE556
0x34E1372B,,,0,1,0,0,1,0,0,3,3,0.64,1,break_piece,0x461F1A3A
0x34EBF817,bone_yaw_ciwsfm,rainbow,1,1,0,0,0,0,0,6,6,5.30,0,intact,0xE54047D5
0x35041659,,,0,1,0,0,1,0,0,5,5,0.93,0,break_piece,0xA113D98D
0x35043268,slice7a_propdebris02,rainbow,1,1,0,1,1,0,0,3,3,4.35,1,break_piece,0x04CC21CD
0x350C5D79,,,0,1,0,0,1,0,0,6,6,2.01,0,break_piece,0x31F0FE47
0x350C6987,hp_snap_piece1B_oilrig_radiojammer,rainbow,1,1,0,0,1,0,0,2,2,0.03,1,static,0xAC3CD893
0x35107B8F,,,0,1,0,0,1,0,0,6,6,1.42,0,break_piece,0x8C58E7EB
0x35127D90,,,0,1,0,0,1,0,0,6,6,1.32,0,break_piece,0x2D1D4D03
0x351C361C,piece3e_interior,rainbow,1,1,0,1,1,0,0,3,3,6.87,0,intact,0xF51C01DD
0x351ECB4E,bone_wheel_fb,rainbow,1,1,0,0,1,0,0,5,5,0.63,1,break_piece,0xC1EEB3B3
0x3525AA51,hp_barreltip_samrr_c,rainbow,1,1,0,0,1,0,0,7,7,0.03,1,intact,0xE54047D5
0x3529848C,,,0,1,0,0,1,0,0,3,3,0.03,1,,0x325A8B7F
0x352C65CA,,,0,1,0,0,1,0,0,5,5,1.54,0,intact,0x25BB5EA6
0x35383CCD,docks_tiredock,rainbow,1,1,1,0,0,0,0,0,0,0.03,0,static,0x35383CCD
0x353907C2,slice3a_propattach05_ruin,rainbow,1,1,0,1,0,0,0,4,4,0.03,0,break_piece,0xE6027C27
0x355A75A5,,,0,1,0,0,1,0,0,4,4,1.22,1,break_piece,0x25B3F7BC
0x35627F23,L12_closeup3,rainbow,1,1,0,0,1,0,0,5,5,11.70,0,intact,0x585A9008
0x35630D3D,hp_snap_piece2A_oilrig_cranesmallA,rainbow,1,1,0,0,1,0,0,2,2,0.03,1,static,0xAC3CD893
0x3571AB17,groutpost_bld_shackcave06,rainbow,1,1,1,0,0,0,0,0,0,0.03,0,static,0x3571AB17
0x35762845,groutpost_bld_shackcave04,rainbow,1,1,1,0,0,0,0,0,0,0.03,0,static,0x35762845
0x35774D35,,,0,1,1,0,1,0,0,0,0,56.17,0,,0x35774D35
0x3579830F,L2_closeup8,rainbow,1,1,0,0,1,0,0,5,5,1.83,0,break_piece,0xA35416A8
0x358230A3,,,0,1,0,0,1,0,0,3,3,0.03,1,intact,0x9D1BA658
0x3586F7FB,floor01.piece1c_propattach12_ruin,rainbow,1,1,0,1,0,0,0,4,4,0.03,0,break_piece,0xD44C2215
0x35992F99,margarita_bld_condo01,rainbow,1,1,1,0,0,0,0,0,0,0.03,0,static,0x35992F99
0x35998A1E,floor03.piece1a_propattach00_pristine,rainbow,1,1,0,1,1,0,0,4,4,13.75,0,intact,0x13417609
0x359F3DE5,,,0,1,0,1,1,0,0,4,4,0.60,0,break_piece,0x261F62BF
0x35A37A77,piece9a_propdebris21,rainbow,1,1,0,1,1,0,0,3,3,6.53,1,break_piece,0x69D31E85
0x35A38869,docks_bld_booth,rainbow,1,1,1,0,0,0,0,0,0,0.03,0,static,0x35A38869
0x35AFAFF4,hp_snap_piece2B_oilrig_cranelargeA,rainbow,1,1,0,0,1,0,0,3,3,0.03,1,intact,0xAC3CD893
0x35B4AFEF,,,0,1,0,0,1,0,0,2,2,2.91,0,,0x223593E1
0x35B66154,,,0,1,0,0,1,0,0,6,6,1.03,0,break_piece,0x12732DD2
0x35C35FE6,,,0,1,0,0,1,0,0,3,3,0.03,1,intact,0x0B7CC1B7
0x35C6D26D,,,0,1,0,0,0,0,0,4,4,0.03,0,break_piece,0x02195587
0x35C8A6C8,,,0,1,0,0,1,0,0,6,6,1.39,0,break_piece,0xAC990539
0x35D2FF6F,,,0,1,0,0,0,0,0,5,5,0.03,1,break_piece,0x179A7702
0x35DEE22F,,,0,1,0,0,1,0,0,6,6,0.89,0,break_piece,0xE8E58109
0x35F3E89C,global_feather_fxmodel_a,rainbow,1,1,1,0,1,0,0,0,0,0.82,0,,0x35F3E89C
0x35FA109E,,,0,1,0,1,1,0,0,5,5,7.76,1,break_piece,0x35992F99
0x35FD6FAC,piece1c_propdebris24,rainbow,1,1,0,1,1,0,0,3,3,7.23,1,break_piece,0xE110E2D3
0x3601FC68,industrial_bld_refinery06,rainbow,1,1,1,0,0,0,0,0,0,0.03,0,static,0x3601FC68
0x3602A747,,,0,1,1,0,1,0,0,0,0,26.56,0,,0x3602A747
0x3602CF73,,,0,1,0,0,1,0,0,6,6,4.03,0,break_piece,0xFA83AC18
0x36045FD4,piece2g,rainbow,1,1,0,0,0,0,0,1,1,0.03,0,static,0x69B776FC
0x360596E0,,,0,1,0,0,1,0,0,5,5,0.61,0,break_piece,0xCAC9D01F
0x3614A27C,,,0,1,0,1,1,0,0,4,4,3.00,0,break_piece,0x23AA3AEC
0x3630720A,global_flag_fxmodel_b,rainbow,1,1,1,0,1,0,0,0,0,1.42,0,,0x3630720A
0x3639BBE0,slice1b_propattach14,rainbow,1,1,0,0,0,0,0,3,3,0.03,1,break_piece,0xCA20C1D9
0x3649DBF2,pmcoutpost_bld_hangar,rainbow,1,1,1,0,0,0,0,0,0,0.03,0,static,0x3649DBF2
0x364A8147,piece1a_propattach15_pristine,rainbow,1,1,0,1,1,0,0,4,4,0.64,0,break_piece,0xE5133554
0x36550AFF,,,0,1,1,0,0,0,0,0,0,0.03,0,static,0x36550AFF
0x3662BAB5,,,0,1,0,0,1,0,0,3,3,0.03,1,intact,0xFF7ABB3B
0x36664FDC,,,0,1,0,0,0,0,0,3,3,0.03,0,break_piece,0x2B503BD0
0x367A8AE4,ocoutpost_guardtower,rainbow,1,1,1,0,0,0,0,0,0,0.03,0,static,0x367A8AE4
0x36994165,,,0,1,0,1,1,0,0,1,1,0.47,0,intact,0x2EF7E3C3
0x369FCEEF,piece5f_propdebris11,rainbow,1,1,0,1,1,0,0,3,3,1.16,1,break_piece,0xDA50B276
0x36A0A401,merida_bld_universitydorm,rainbow,1,1,1,0,0,0,0,0,0,0.03,0,static,0x36A0A401
0x36A9F3D4,proutpost_att_neonb,rainbow,1,1,1,0,0,0,0,0,0,0.03,0,static,0x36A9F3D4
0x36AE467A,,,0,1,0,0,1,0,0,5,5,2.07,0,intact,0xCDC5617A
0x36B17C7B,slice2k_interior,rainbow,1,1,0,1,1,0,0,3,3,39.25,0,break_piece,0x0B7CC1B7
0x36B43DD1,global_veh_turbosquid,rainbow,1,1,1,0,0,0,0,0,0,0.03,0,static,0x36B43DD1
0x36C085D6,,,0,1,0,0,1,0,0,6,6,0.91,0,break_piece,0x16497BF1
0x36C7CCDC,,,0,1,0,0,1,0,0,5,5,0.03,1,break_piece,0x35992F99
0x36DCFE92,,,0,1,0,1,1,0,0,5,5,3.91,0,intact,0xE9E253D5
0x3704140E,floor02.piece1a_propdebris26,rainbow,1,1,0,1,1,0,0,3,3,11.07,1,break_piece,0x601A1292
0x370487E3,,,0,1,1,0,0,0,0,0,0,0.03,0,static,0x370487E3
0x37057BE4,,,0,1,0,1,0,0,0,4,4,16.00,0,break_piece,0x25FE00A7
0x372450CE,bone_massive_2x1_e,rainbow,1,1,0,0,1,0,0,3,3,6.71,1,intact,0x162E0BBA
0x3726A650,floor02.piece1a_propdebris28,rainbow,1,1,0,1,1,0,0,3,3,8.57,1,break_piece,0x601A1292
0x372D003D,,,0,1,0,0,1,0,0,6,6,1.63,0,break_piece,0xD7BB0643
0x372D4084,slice2f_interior,rainbow,1,1,0,1,1,0,0,3,3,38.75,0,break_piece,0x0B7CC1B7
0x373653A5,,,0,1,0,0,1,0,0,3,3,0.03,1,,0x325A8B7F
0x37484227,,,0,1,0,1,1,0,0,1,1,1.31,0,intact,0x759BDE16
0x374C2D5D,slice1e_propattach04_pristine,rainbow,1,1,0,1,0,0,0,4,4,0.03,0,break_piece,0x35992F99
0x375B589B,slice3g,rainbow,1,1,0,0,0,0,0,1,1,0.03,0,static,0x04CC21CD
0x375BB5E4,,,0,1,0,0,1,0,0,5,5,0.03,1,break_piece,0xE6027C27
0x375EC7EC,,,0,1,0,0,1,0,0,5,5,0.03,1,break_piece,0xE6027C27
0x3772699A,,,0,1,0,1,1,0,0,5,5,2.89,1,break_piece,0x45EC5734
0x37728FEC,hp_barreltip_r,rainbow,1,1,0,0,1,0,0,5,5,0.03,1,intact,0xF6DEC8EA
0x37B0103D,caracas_bld_theater01,rainbow,1,1,1,0,0,0,0,0,0,0.03,0,static,0x37B0103D
0x37B2C505,piece1b_propdebris88,rainbow,1,1,0,1,1,0,0,3,3,24.72,1,break_piece,0xA948DDA6
0x37C0DC34,village_bld_farming05,rainbow,1,1,1,0,0,0,0,0,0,0.03,0,static,0x37C0DC34
0x37C3306D,,,0,1,0,0,1,0,0,6,6,1.03,0,break_piece,0x12732DD2
0x37C4ED9F,,,0,1,1,0,1,0,0,0,0,0.37,0,,0xD3B23E7E
0x37C55962,village_bld_farming03,rainbow,1,1,1,0,0,0,0,0,0,0.03,0,static,0x37C55962
0x37DC6DFD,aloutpost_bld_guardtowertall,rainbow,1,1,1,0,0,0,0,0,0,0.03,0,static,0x37DC6DFD
0x37E55703,,,0,1,0,0,0,0,0,3,3,0.03,1,break_piece,0x74474CB1
0x37E81895,merida_pmcautoshop_sportscar,rainbow,1,1,1,0,1,0,0,0,0,5.55,0,,0x37E81895
0x37EEA8AB,piece3h_pristine,rainbow,1,1,0,1,1,0,0,2,2,13.30,0,intact,0x2CE290F9
0x37F1A2E4,,,0,1,0,0,0,0,0,2,2,0.03,1,,0x14D94B9B
0x37F5339B,industrial_bld_refinery01,rainbow,1,1,1,0,0,0,0,0,0,0.03,0,static,0x37F5339B
0x380354CD,bone_chute,rainbow,1,1,0,0,0,0,0,2,2,0.03,1,,0x325A8B7F
0x38066E53,,,0,1,0,0,1,0,0,2,2,39.79,0,break_piece,0x9337E2DF
0x38274BD1,proutpost_bld_alarmtower,rainbow,1,1,1,0,0,0,0,0,0,0.03,0,static,0x38274BD1
0x382CF313,slice1b_propattach13,rainbow,1,1,0,0,0,0,0,3,3,0.03,1,break_piece,0xCA20C1D9
0x38314609,floor01.piece1c_propdebris04,rainbow,1,1,0,1,1,0,0,3,3,4.74,1,break_piece,0xD1574A09
0x3837FF7C,,,0,1,0,1,0,0,0,5,5,0.03,1,break_piece,0xDDE0070C
0x38381266,,,0,1,1,0,0,0,0,0,0,0.03,0,static,0x38381266
0x383D01E1,shanty_bld_apartment01,rainbow,1,1,1,0,0,0,0,0,0,0.03,0,static,0x383D01E1
0x384DEECA,aloutpost_bld_barracks01,rainbow,1,1,1,0,0,0,0,0,0,0.03,0,static,0x384DEECA
0x384F5DF3,,,0,1,0,0,0,0,0,3,3,0.03,0,break_piece,0x25FE00A7
0x38525F58,,,0,1,0,1,1,0,0,1,1,0.50,0,intact,0x4AB6F9B6
0x38539ED3,,,0,1,0,0,1,0,0,4,4,0.03,1,break_piece,0x7ABD58C1
0x3862A9AC,slice3g_ruin,rainbow,1,1,0,1,0,0,0,2,2,38.07,0,break_piece,0x04CC21CD
0x38745C3E,,,0,1,0,0,1,0,0,3,3,0.03,1,intact,0x1923143C
0x38839610,,,0,1,0,1,1,0,0,4,4,3.04,1,break_piece,0xE54047D5
0x3885A8EA,,,0,1,0,0,1,0,0,1,1,12.40,0,,0x3CF01969
0x389678CF,,,0,1,1,0,0,0,0,0,0,0.03,0,static,0x389678CF
0x38973A02,slice2h_propattach00,rainbow,1,1,0,0,0,0,0,3,3,0.03,1,break_piece,0x0B7CC1B7
0x38A83DAC,,,0,1,0,0,1,0,0,6,6,1.13,0,break_piece,0xF88147A1
0x38AF3FDB,,,0,1,0,0,1,0,0,6,6,0.91,0,break_piece,0x16497BF1
0x38CF7B64,jungle_babylonia_01,rainbow,1,1,0,0,1,0,0,3,3,0.03,1,break_piece,0x2EB3F3AE
0x390124D2,global_market01,rainbow,1,1,1,0,0,0,0,0,0,0.03,0,static,0x390124D2
0x3907786D,,,0,1,1,0,0,0,0,0,0,0.03,0,static,0x3907786D
0x39214ADE,,,0,1,0,0,1,0,0,3,3,0.03,1,break_piece,0x340B1CB8
0x3921504C,,,0,1,0,0,1,0,0,4,4,0.03,1,break_piece,0xA8CD6FA7
0x3925E07B,oilrig_cranesmalla,rainbow,1,1,1,0,0,0,0,0,0,0.03,0,static,0x3925E07B
0x39390D07,,,0,1,0,0,0,0,0,3,3,0.03,1,break_piece,0x74474CB1
0x393D8A35,floor01.piece5i_propdebris03_ruib,rainbow,1,1,0,0,0,0,0,3,3,0.03,1,break_piece,0x74474CB1
0x3942D753,,,0,1,0,0,0,0,0,4,4,0.03,0,break_piece,0x2B97DD31
0x394683AA,,,0,1,0,0,1,0,0,5,5,0.03,1,break_piece,0xE35824F8
0x39489D5B,piece7a_propdebris38,rainbow,1,1,0,1,1,0,0,3,3,1.64,1,break_piece,0xCE866A6A
0x395135BC,sign06,rainbow,1,1,1,0,0,0,0,0,0,0.03,0,static,0x395135BC
0x39513FCD,piece2g_ruin,rainbow,1,1,0,1,0,0,0,2,2,3.38,0,intact,0x69B776FC
0x3957AF0F,,,0,1,0,0,1,0,0,3,3,0.03,1,break_piece,0x7604B190
0x39620ADC,,,0,1,1,0,0,0,0,0,0,0.03,0,static,0x39620ADC
0x3969F1F4,,,0,1,0,1,1,0,0,5,5,1.95,1,break_piece,0x45EC5734
0x396A056C,,,0,1,0,0,1,0,0,5,5,0.03,1,break_piece,0x4A95F55C
0x398A6BD4,,,0,1,0,0,1,0,0,4,4,0.58,1,intact,0x96195816
0x398BCFC8,hp_snap_piece1C_oilrig_cranesmallA,rainbow,1,1,0,0,1,0,0,2,2,0.03,1,static,0xCA3AC936
0x39A44BCE,,,0,1,0,0,1,0,0,6,6,21.43,0,intact,0xF6DEC8EA
0x39AC61F3,,,0,1,0,1,0,0,0,4,4,0.03,0,intact,0x25FE00A7
0x39AECC34,floor01.piece2c_interior,rainbow,1,1,0,1,1,0,0,3,3,39.09,0,break_piece,0xD44C2215
0x39AF17DC,pmcoutpost_interior_hq,rainbow,1,1,1,0,0,0,0,0,0,0.03,0,static,0x39AF17DC
0x39BD472A,,,0,1,0,1,1,0,0,4,4,1.14,0,break_piece,0xFD0229C3
0x39BE1BA9,hp_crateaid,rainbow,1,1,1,0,0,0,0,0,0,0.03,0,static,0xBCBDCDA2
0x39C793D6,,,0,1,0,0,1,0,0,6,6,2.01,0,break_piece,0x31F0FE47
0x39DC69DC,jungle_bld_ruinshotelside,rainbow,1,1,1,0,0,0,0,0,0,0.03,0,static,0x39DC69DC
0x39FD1470,,,0,1,0,1,1,0,0,4,4,3.04,1,break_piece,0xE54047D5
0x39FF0834,piece5g_propdebris24,rainbow,1,1,0,1,1,0,0,3,3,5.12,1,break_piece,0x50AACA22
0x3A027C0B,Slice2M_ruin,rainbow,2,1,0,1,1,0,0,2,2,32.23,0,intact,0x0B7CC1B7
0x3A038562,piece5g_propdebris22,rainbow,1,1,0,1,1,0,0,3,3,4.95,1,break_piece,0x50AACA22
0x3A1CB5C0,al_veh_plane_ac130_spooky,rainbow,1,1,1,0,0,0,0,0,0,0.03,0,,0x3A1CB5C0
0x3A26602F,,,0,1,0,0,1,0,0,4,4,0.03,1,break_piece,0xDBA727BB
0x3A317045,,,0,1,1,0,1,0,0,0,0,19.43,0,,0x3A317045
0x3A338417,bone_pitch_gun,rainbow,1,1,0,0,0,0,0,7,7,0.39,1,break_piece,0x0065B09D
0x3A48E5C8,,,0,1,0,1,1,0,0,5,5,5.03,1,break_piece,0x35992F99
0x3A538B01,slice3a_propattach08_ruin,rainbow,1,1,0,1,0,0,0,4,4,0.03,0,break_piece,0xE6027C27
0x3A54D302,piece1a_propdebris86,rainbow,1,1,0,1,1,0,0,3,3,5.40,1,break_piece,0x1923143C
0x3A685941,,,0,1,1,0,0,0,0,0,0,0.03,0,static,0x3A685941
0x3A6AAECD,bone_stabiliser_l,rainbow,1,1,0,0,1,0,0,2,2,2.62,1,,0x722BEA76
0x3A8212D1,,,0,1,0,1,1,0,0,6,6,1.40,0,intact,0x63E4703A
0x3A84DFB3,,,0,1,0,0,1,0,0,5,5,0.94,0,break_piece,0x818E5819
0x3AA179F2,,,0,1,0,1,1,0,0,5,5,4.16,1,break_piece,0x35992F99
0x3AB5DC7C,,,0,1,0,0,1,0,0,3,3,2.55,0,,0x14D94B9B
0x3AF5F044,piece2h_propattach12_ruin,rainbow,1,1,0,1,1,0,0,4,4,4.85,1,break_piece,0x91E2FC68
0x3B126B09,,,0,1,0,0,1,0,0,3,3,0.03,1,break_piece,0xE59723FD
0x3B1802D5,slice1f_propattach05_pristine,rainbow,1,1,0,1,1,0,0,4,4,11.60,0,intact,0x35992F99
0x3B228E9A,hp_pmc02_player,rainbow,1,1,0,0,1,0,0,3,3,0.03,1,break_piece,0x39AF17DC
0x3B23752C,hp_barreltip_samrr_b,rainbow,1,1,0,0,1,0,0,7,7,0.03,1,intact,0xE54047D5
0x3B257585,,,0,1,0,0,0,0,0,3,3,0.03,1,intact,0xD1574A09
0x3B2D59B4,vzoutpost_bld_helipad,rainbow,1,1,1,0,0,0,0,0,0,0.03,0,static,0x3B2D59B4
0x3B32865F,slice4a_propattach04,rainbow,1,1,0,0,0,0,0,3,3,0.03,1,break_piece,0xE6027C27
0x3B3504CF,,,0,1,0,0,1,0,0,6,6,1.39,0,break_piece,0xEC0DAFF2
0x3B3DB733,,,0,1,0,0,1,0,0,3,3,0.03,1,break_piece,0xD501EBCA
0x3B4F3D70,vz_veh_towed_m101a,rainbow,1,1,1,0,0,0,0,0,0,0.03,0,static,0x3B4F3D70
0x3B52ED7E,piece2z_propattach01_ruin,rainbow,1,1,0,1,1,0,0,4,4,4.86,1,break_piece,0xB6B946F4
0x3B5A5AD2,groutpost_fueltanks,rainbow,1,1,1,0,0,0,0,0,0,0.03,0,static,0x3B5A5AD2
0x3B71CF02,,,0,1,0,1,1,0,0,1,1,1.28,0,intact,0xF245AC63
0x3B82F9F1,,,0,1,0,1,1,0,0,4,4,14.71,1,intact,0x6B3A45A6
0x3B8A5B7B,,,0,1,0,0,1,0,0,3,3,2.10,0,,0x14D94B9B
0x3B8ED8A9,,,0,1,0,0,1,0,0,3,3,2.10,0,,0x14D94B9B
0x3B94C507,hp_gunmount_rm,rainbow,1,1,0,0,1,0,0,4,4,0.03,1,intact,0x9387F335
0x3B950B92,,,0,1,0,0,1,0,0,3,3,0.03,1,break_piece,0xE59723FD
0x3B9A82A2,,,0,1,0,1,1,0,0,5,5,18.63,1,break_piece,0x618526A4
0x3BA16AF3,,,0,1,0,1,1,0,0,5,5,4.03,0,break_piece,0x7C77ACCB
0x3BA36EAF,slice1e_propattach05,rainbow,1,1,0,0,0,0,0,3,3,0.03,1,break_piece,0x35992F99
0x3BA4F97C,,,0,1,0,0,1,0,0,4,4,0.03,1,intact,0xC142F94B
0x3BB5D5E0,,,0,1,0,1,1,0,0,5,5,7.34,1,break_piece,0xD23F52FC
0x3BB5E963,,,0,1,0,0,1,0,0,4,4,0.03,1,break_piece,0x994E1953
0x3BBBE238,slice2f_propattach00,rainbow,1,1,0,0,0,0,0,3,3,0.03,1,break_piece,0x0B7CC1B7
0x3BC412C7,,,0,1,0,0,1,0,0,2,2,8.20,1,,0xA2AB2E44
0x3BCB6E8E,pmcoutpost_bld_dock,rainbow,1,1,1,0,0,0,0,0,0,0.03,0,static,0x3BCB6E8E
0x3BCE8DE0,hp_gr001_player,rainbow,1,1,0,0,1,0,0,1,1,0.03,1,,0xAA4DEC8B
0x3BD00D4E,,,0,1,0,0,1,0,0,4,4,1.05,1,break_piece,0x25B3F7BC
0x3BD08B51,,,0,1,1,0,1,0,0,0,0,47.64,0,,0x3BD08B51
0x3BD2A4F8,global_watertowera,rainbow,1,1,1,0,0,0,0,0,0,0.03,0,static,0x3BD2A4F8
0x3BF3DA2E,village_bld_plantation03,rainbow,1,1,1,0,0,0,0,0,0,0.03,0,static,0x3BF3DA2E
0x3C03F982,,,0,1,0,0,1,0,0,6,6,0.03,1,break_piece,0xB0D4E642
0x3C05E445,oilrig_att_anchorlinespindlea,rainbow,1,1,1,0,0,0,0,0,0,0.03,0,static,0x3C05E445
0x3C0C5AC9,proutpost_helipad,rainbow,1,1,1,0,0,0,0,0,0,0.03,0,static,0x3C0C5AC9
0x3C1275CD,piece2d_propdebris01,rainbow,1,1,0,1,1,0,0,3,3,5.64,1,break_piece,0x04CC21CD
0x3C1AC5A5,piece3a_propdebris25,rainbow,1,1,0,1,1,0,0,3,3,1.75,1,break_piece,0xDA1D8548
0x3C24070C,,,0,1,0,0,1,0,0,3,3,0.03,1,break_piece,0xE8EB75D7
0x3C39F2CD,piece1b_propdebris44,rainbow,1,1,0,1,1,0,0,3,3,7.87,1,break_piece,0xA948DDA6
0x3C3D0666,,,0,1,1,0,1,0,0,0,0,16.49,0,,0x3C3D0666
0x3C44C096,island_bld_boothrental,rainbow,1,1,1,0,0,0,0,0,0,0.03,0,static,0x3C44C096
0x3C4E8AFD,,,0,1,0,1,1,0,0,1,1,0.94,0,break_piece,0xE05A09A2
0x3C4F1510,global_cartbrick,rainbow,1,1,1,0,0,0,0,0,0,0.03,0,static,0x3C4F1510
0x3C5853F1,piece3c_propdebris12,rainbow,1,1,0,1,1,0,0,3,3,1.97,1,break_piece,0xA1A48E75
0x3C603F82,,,0,1,0,0,1,0,0,6,6,0.73,1,break_piece,0x25B3F7BC
0x3C60A391,,,0,1,0,1,1,0,0,5,5,1.04,0,break_piece,0x6B1DE27D
0x3C625002,,,0,1,0,0,0,0,0,4,4,0.03,0,break_piece,0x2A68DAEF
0x3C76C1A0,shanty_fencecorner01,rainbow,1,1,1,0,0,0,0,0,0,0.03,0,static,0x3C76C1A0
0x3CAC72AB,,,0,1,1,0,0,0,0,0,0,0.03,0,static,0x3CAC72AB
0x3CC2AB95,,,0,1,0,0,1,0,0,3,3,2.55,0,,0x14D94B9B
0x3CC53FD7,,,0,1,0,0,1,0,0,3,3,1.37,1,,0x32FBE556
0x3CE90728,,,0,1,0,0,1,0,0,6,6,1.39,0,break_piece,0x0065B09D
0x3CF01969,,,0,1,1,0,0,0,0,0,0,0.03,0,,0x3CF01969
0x3CF153B2,,,0,1,0,0,1,0,0,3,3,0.03,1,break_piece,0x08E25CDC
0x3CF47BD0,piece4a_propattach03,rainbow,1,1,0,0,0,0,0,3,3,0.03,1,break_piece,0x7DB2E527
0x3D0CFFFA,piece4b_propdebris15,rainbow,1,1,0,1,1,0,0,3,3,20.71,1,break_piece,0xBFC09F3E
0x3D168047,piece9e_propdebris14,rainbow,1,1,0,1,1,0,0,3,3,6.53,1,break_piece,0x69D31E85
0x3D1AFD75,piece9e_propdebris16,rainbow,1,1,0,1,1,0,0,3,3,6.53,1,break_piece,0x69D31E85
0x3D31BC25,,,0,1,0,0,0,0,0,3,3,0.41,1,break_piece,0xC1EEB3B3
0x3D4A21F7,global_searchlighta1,rainbow,1,1,1,0,0,0,0,0,0,0.03,0,static,0x8B6C0872
0x3D5C5907,,,0,1,0,0,1,0,0,1,1,0.76,1,,0x223593E1
0x3D5EC6FF,global_boxholes,rainbow,1,1,1,0,0,0,0,0,0,0.03,0,static,0xE51282DE
0x3D641CF5,piece4a_propattach01_pristine,rainbow,1,1,0,1,1,0,0,4,4,8.03,0,intact,0x7DB2E527
0x3D658C19,hp_dock_gunner_top,rainbow,1,1,0,0,1,0,0,4,4,0.03,1,break_piece,0x0065B09D
0x3D701263,piece3p_propdebris28,rainbow,1,1,0,1,1,0,0,3,3,3.02,1,break_piece,0x2CE290F9
0x3D701ECB,floor02.piece1b_propattach01_pristine,rainbow,1,1,0,1,1,0,0,4,4,12.47,0,break_piece,0xD23F52FC
0x3D7EDAF0,,,0,1,0,1,1,0,0,5,5,5.87,1,break_piece,0xC56B1A44
0x3D8AA814,oilrig_tanktalla,rainbow,1,1,1,0,0,0,0,0,0,0.03,0,static,0x3D8AA814
0x3D8C8BED,,,0,1,0,0,0,0,0,3,3,0.03,0,break_piece,0xC56B1A44
0x3D935E42,bone_wheel_l_07,rainbow,1,1,0,0,0,0,0,5,5,0.03,0,break_piece,0xCE77D4CB
0x3D9C6C29,,,0,1,0,0,0,0,0,4,4,0.90,1,intact,0x4FC2D374
0x3DA05035,,,0,1,1,0,0,0,0,0,0,0.03,0,static,0x73033C9F
0x3DA14309,,,0,1,0,1,1,0,0,5,5,7.41,1,break_piece,0x0B7CC1B7
0x3DA42F36,L1_close1,rainbow,1,1,0,0,1,0,0,6,6,1.83,0,break_piece,0x1125CB99
0x3DB0DBD3,,,0,1,0,1,0,0,0,4,4,5.01,0,break_piece,0x25FE00A7
0x3DB35F46,,,0,1,0,0,0,0,0,2,2,0.03,1,,0x14D94B9B
0x3DC72E35,,,0,1,0,0,1,0,0,4,4,0.03,1,intact,0x4FC2D374
0x3DCC9BA0,hp_barreltip_samfm_a,rainbow,1,1,0,0,1,0,0,6,6,0.03,1,intact,0xE54047D5
0x3DD41754,,,0,1,0,0,0,0,0,3,3,0.03,1,break_piece,0x74474CB1
0x3DDCD6D0,,,0,1,0,0,0,0,0,2,2,0.03,1,,0x14D94B9B
0x3DEAEA2B,,,0,1,0,0,1,0,0,1,1,0.03,1,,0xB19C5FE4
0x3DF06956,,,0,1,0,1,0,0,0,4,4,0.03,0,break_piece,0x319D840A
0x3DF98450,groutpost_bld_alarmtower,rainbow,1,1,1,0,0,0,0,0,0,0.03,0,static,0x3DF98450
0x3DFB5B49,bone_rightwing,rainbow,1,1,0,0,0,0,0,2,2,8.46,1,,0x33C8B389
0x3DFD0570,,,0,1,0,0,1,0,0,4,4,0.03,1,intact,0xC142F94B
0x3E14D6B7,,,0,1,0,1,1,0,0,1,1,1.33,0,intact,0x60A4EEF3
0x3E2C0AF3,,,0,1,0,0,1,0,0,5,5,0.03,1,break_piece,0x319D840A
0x3E422433,,,0,1,0,0,1,0,0,5,5,0.03,0,break_piece,0x2171B6D7
0x3E4963EB,,,0,1,0,0,1,0,0,4,4,0.03,1,intact,0xB1EB099F
0x3E4A97E8,,,0,1,0,0,1,0,0,4,4,0.03,1,break_piece,0xE54047D5
0x3E57FC00,,,0,1,0,0,1,0,0,6,6,1.38,0,break_piece,0x0065B09D
0x3E628502,piece9e_pristine,rainbow,1,1,0,1,1,0,0,2,2,20.69,0,intact,0x69D31E85
0x3E629E14,pmcoutpost_bld_hq_livedin,rainbow,1,1,1,0,0,0,0,0,0,0.03,0,static,0x3E629E14
0x3E6A92FC,piece1o_pristine,rainbow,1,1,0,1,1,0,0,2,2,2.62,0,intact,0xD7FCFD11
0x3E715934,,,0,1,0,0,1,0,0,5,5,0.03,1,break_piece,0x8CCEB4D8
0x3E7D2911,caracas_skytramcolumn,rainbow,1,1,1,0,0,0,0,0,0,0.03,0,static,0x3E7D2911
0x3E8F60C3,hp_ch02_starter,rainbow,1,1,0,0,1,0,0,1,1,0.03,1,,0x8456CC17
0x3E9A0782,global_barrelmarketc,rainbow,1,1,1,0,0,0,0,0,0,0.03,0,static,0x3E9A0782
0x3EA055D3,slice7f_propdebris00,rainbow,1,1,0,1,1,0,0,3,3,6.60,1,break_piece,0x04CC21CD
0x3EA94386,global_waterpuddle02,rainbow,1,1,1,0,1,0,0,0,0,5.54,0,,0x3EA94386
0x3EAC817A,slice2a_propdebris09,rainbow,1,1,0,1,1,0,0,3,3,4.22,1,break_piece,0x9DF6B30B
0x3EAE8D44,piece1a_propattach25_pristine,rainbow,1,1,0,1,1,0,0,4,4,1.06,0,break_piece,0xE5133554
0x3EB88DD1,,,0,1,0,0,1,0,0,3,3,0.03,1,break_piece,0xB993D852
0x3EB9D691,floor01.piece1a_propdebris02,rainbow,1,1,0,1,1,0,0,3,3,9.17,1,break_piece,0x13417609
0x3EBA9067,caracasruins_bld_corner32x32b,rainbow,1,1,1,0,1,0,0,0,0,61.15,0,,0x3EBA9067
0x3EC8A5DB,,,0,1,0,0,1,0,0,1,1,0.99,1,,0x223593E1
0x3ED46D48,maracaibo_bld_parkingstructure01,rainbow,1,1,1,0,0,0,0,0,0,0.03,0,static,0x3ED46D48
0x3EE7B303,piece4a_propattach04,rainbow,1,1,0,0,0,0,0,3,3,0.03,1,break_piece,0x7DB2E527
0x3F067E6B,,,0,1,0,0,0,0,0,5,5,0.03,1,break_piece,0xBD552CD3
0x3F089DD4,floor02.piece1a_propdebris24,rainbow,1,1,0,1,1,0,0,3,3,10.64,1,break_piece,0x601A1292
0x3F0AEDF9,piece5c_propdebris14,rainbow,1,1,0,1,1,0,0,3,3,1.09,1,break_piece,0xF4AF3C5B
0x3F161520,,,0,1,0,1,1,0,0,5,5,3.81,1,break_piece,0xC1527544
0x3F1B7B7E,,,0,1,0,0,1,0,0,6,6,2.98,0,break_piece,0xEAA1C080
0x3F394CC9,bone_frontwheel_l_01,rainbow,1,1,0,0,1,0,0,4,4,0.92,1,break_piece,0x8CA421C3
0x3F3B731E,,,0,1,0,0,1,0,0,6,6,2.09,0,break_piece,0xCDC5617A
0x3F3C052B,,,0,1,0,0,1,0,0,5,5,1.00,0,break_piece,0x4F3C5FBE
0x3F410B4B,global_stain05,rainbow,1,1,1,0,1,0,0,0,0,6.66,0,,0x3F410B4B
0x3F458879,global_stain07,rainbow,1,1,1,0,1,0,0,0,0,9.04,0,,0x3F458879
0x3F4FA6DF,maracaibo_bridge_segmenta,rainbow,1,1,1,0,0,0,0,0,0,0.03,0,static,0x3F4FA6DF
0x3F64A225,,,0,1,1,0,1,0,0,0,0,1.32,0,,0x3F64A225
0x3F65269F,slice1f_propattach01_ruin,rainbow,1,1,0,1,0,0,0,4,4,0.03,0,break_piece,0x35992F99
0x3F6D97ED,global_env_treeplaza02,rainbow,1,1,1,0,0,0,0,0,0,0.03,0,static,0x3F6D97ED
0x3F7092F8,,,0,1,0,1,1,0,0,5,5,7.41,1,break_piece,0x0B7CC1B7
0x3F79F561,village_bld_plantationsmall03,rainbow,1,1,1,0,0,0,0,0,0,0.03,0,static,0x3F79F561
0x3FA7A5EB,,,0,1,0,1,1,0,0,4,4,10.78,0,break_piece,0x2B503BD0
0x3FB4ACCB,piece2h_propattach11_pristine,rainbow,1,1,0,1,1,0,0,4,4,5.54,0,intact,0x91E2FC68
0x3FB61B82,,,0,1,1,0,1,0,0,0,0,0.94,0,,0x3FB61B82
0x3FBFD2D3,hp_barreltip_samfm_f,rainbow,1,1,0,0,1,0,0,6,6,0.03,1,intact,0xE54047D5
0x3FC0EB5E,piece1b_propdebris94,rainbow,1,1,0,1,1,0,0,3,3,7.87,1,break_piece,0xA948DDA6
0x3FDBD177,,,0,1,0,1,1,0,0,5,5,3.32,0,intact,0x1623BB16
0x3FE0E66D,,,0,1,0,0,0,0,0,3,3,0.03,1,break_piece,0x74474CB1
0x3FF2692D,aloutpost_bld_storage,rainbow,1,1,1,0,0,0,0,0,0,0.03,0,static,0x3FF2692D
0x401156B2,L3_medium11,rainbow,1,1,0,0,1,0,0,6,6,1.38,0,break_piece,0xE31521AD
0x401B6B3C,,,0,1,0,0,1,0,0,7,7,0.03,1,break_piece,0x70DACFC5
0x402B00E9,global_newspaperstand01,rainbow,1,1,1,0,0,0,0,0,0,0.03,0,static,0x402B00E9
0x402ECFB2,,,0,1,0,1,1,0,0,5,5,3.15,0,break_piece,0xF2391F54
0x4035CFCF,floor01.piece1c_propdebris02,rainbow,1,1,0,1,1,0,0,3,3,4.74,1,break_piece,0xD1574A09
0x403E7863,global_pepperrocket,rainbow,1,1,1,0,1,0,0,0,0,4.16,0,,0x790837DF
0x405B337E,,,0,1,0,1,1,0,0,5,5,1.38,0,break_piece,0xE31521AD
0x4070081F,piece9g_propdebris12,rainbow,1,1,0,1,1,0,0,3,3,6.53,1,break_piece,0x69D31E85
0x407402EB,hp_dirt,rainbow,1,1,0,0,12,0,0,2,2,1.82,0,,0x307D6AE1
0x4081D1AD,,,0,1,0,0,1,0,0,6,6,1.04,1,break_piece,0x80659E62
0x40858AFC,vz_veh_apc_m113_aa,rainbow,1,1,1,0,0,0,0,0,0,0.03,0,static,0x40858AFC
0x408631BD,hp_ch02_player,rainbow,1,1,0,0,1,0,0,1,1,0.03,1,,0x8456CC17
0x408EF8C7,,,0,1,0,1,1,0,0,5,5,1.55,0,break_piece,0xFD0229C3
0x408F8A07,hp_up_deliverycrate,rainbow,1,1,1,0,0,0,0,0,0,0.03,0,static,0x81C71C96
0x409375F5,,,0,1,0,1,1,0,0,5,5,1.04,0,break_piece,0xFD0229C3
0x409E7838,,,0,1,0,0,1,0,0,3,3,2.10,0,,0x14D94B9B
0x40A2F566,maracaibo_patz51,rainbow,1,1,0,0,1,0,0,3,3,2.10,0,,0x14D94B9B
0x40B916E2,,,0,1,0,0,1,0,0,4,4,0.03,1,intact,0x51DA41FE
0x40CD6187,,,0,1,0,0,1,0,0,6,6,0.91,0,break_piece,0x16497BF1
0x40CDF67A,piece2h_propattach12_pristine,rainbow,1,1,0,1,0,0,0,4,4,4.85,0,intact,0x91E2FC68
0x40D1DEB5,,,0,1,0,0,1,0,0,6,6,0.91,0,break_piece,0x16497BF1
0x40D1E566,jungle_env_treetall02,rainbow,1,1,1,0,0,0,0,0,0,0.03,0,static,0x40D1E566
0x40FB497E,,,0,1,0,1,0,0,0,4,4,58.55,0,break_piece,0xC56B1A44
0x40FF196A,global_objectivemarker,rainbow,1,1,1,0,1,0,0,0,0,62.62,0,,0x40FF196A
0x41026897,bone_yaw_minigun,rainbow,1,1,0,0,0,0,0,3,3,0.03,1,,0x3A1CB5C0
0x410427C1,piece5d_propdebris28,rainbow,1,1,0,1,1,0,0,3,3,4.02,1,break_piece,0xBFC09F3E
0x4104CC20,piece2z_propdebris20,rainbow,1,1,0,1,1,0,0,3,3,5.41,1,break_piece,0xB6B946F4
0x410AF029,global_barrelorange,rainbow,1,1,1,0,0,0,0,0,0,0.03,0,,0x410AF029
0x411D3804,,,0,1,0,0,1,0,0,4,4,0.03,1,intact,0xC142F94B
0x4121F7F4,,,0,1,1,0,0,0,0,0,0,0.03,0,static,0x4121F7F4
0x41228F9E,piece5a_propdebris19,rainbow,1,1,0,1,1,0,0,3,3,2.88,1,break_piece,0x2CE290F9
0x41235C1C,,,0,1,0,0,1,0,0,4,4,1.91,1,break_piece,0x25B3F7BC
0x4124348E,,,0,1,0,0,1,0,0,5,5,0.03,1,break_piece,0x25FE00A7
0x4135A9AD,bone_massive_2x1_b,rainbow,1,1,0,0,1,0,0,3,3,6.71,1,intact,0xEEB8C3A8
0x414521E0,piece5a_propdebris17,rainbow,1,1,0,1,1,0,0,3,3,3.55,1,break_piece,0x2CE290F9
0x41596DD3,slice2j_propattach00_pristine,rainbow,1,1,0,1,1,0,0,4,4,14.10,0,intact,0x0B7CC1B7
0x4166BF07,piece7a_propdebris34,rainbow,1,1,0,1,1,0,0,3,3,1.63,1,break_piece,0xCE866A6A
0x416B3763,,,0,1,0,0,1,0,0,3,3,1.69,0,,0x6A2BE04D
0x416B3C35,piece7a_propdebris36,rainbow,1,1,0,1,1,0,0,3,3,1.64,1,break_piece,0xCE866A6A
0x418117A8,vzoutpost_bld_helipad_drhy00,rainbow,1,1,0,1,0,0,0,5,5,2.16,0,break_piece,0xB0D4E642
0x4181A5E6,commercial_bld_corner8x16a,rainbow,1,1,1,0,0,0,0,0,0,0.03,0,static,0x4181A5E6
0x41829944,,,0,1,0,0,1,0,0,3,3,2.55,0,,0x14D94B9B
0x41855F7C,cumana_bld_segment32x32d1,rainbow,1,1,1,0,0,0,0,0,0,0.03,0,static,0xFBADCB43
0x418F7442,piece5e_propdebris11,rainbow,1,1,0,1,1,0,0,3,3,18.38,0,break_piece,0x4C0287FC
0x4197A682,,,0,1,0,0,1,0,0,4,4,0.03,0,break_piece,0x02D1FC23
0x41A2FBFA,piece5e_propdebris19,rainbow,1,1,0,1,1,0,0,3,3,3.62,1,break_piece,0x50AACA22
0x41BBA2A6,global_sign_freeway,rainbow,1,1,1,0,0,0,0,0,0,0.03,0,static,0x41BBA2A6
0x41D7AC6F,,,0,1,1,0,0,0,0,0,0,7.89,0,,0x41D7AC6F
0x41DBBC17,,,0,1,0,1,1,0,0,1,1,0.44,0,intact,0x0D0B8CF5
0x41ECDEC1,,,0,1,0,1,1,0,0,5,5,4.04,0,break_piece,0x6B3A45A6
0x41F17168,bone_flapr_b,rainbow,2,1,0,0,1,0,0,1,1,2.23,1,,0x223593E1
0x41F6496F,,,0,1,0,0,1,0,0,5,5,0.61,0,break_piece,0x2F967F03
0x41FD9C1B,,,0,1,0,1,1,0,0,4,4,5.91,1,break_piece,0xD1968AF1
0x420C59DE,,,0,1,0,0,1,0,0,3,3,0.03,1,break_piece,0x7604B190
0x42247B7F,vz_veh_truck_m38_cab116_damage_nk,rainbow,1,1,1,0,1,0,0,0,0,31.96,0,,0x42247B7F
0x4239D9B2,slice6d_pristine,rainbow,1,1,0,1,0,0,0,2,2,46.40,0,intact,0x04CC21CD
0x423F1152,,,0,1,0,0,1,0,0,2,2,2.45,0,,0x1FBFBB4B
0x423F6CF1,,,0,1,1,0,1,0,0,0,0,3.46,0,,0x423F6CF1
0x425E6E6C,,,0,1,0,1,1,0,0,5,5,1.55,0,break_piece,0x6B1DE27D
0x425F7B6E,,,0,1,1,0,0,0,0,0,0,0.03,0,static,0x425F7B6E
0x42667CE6,proutpost_fueltanks_pice_01_info_a2,rainbow,1,1,0,1,1,0,0,5,5,0.70,1,break_piece,0xCB4C6EAB
0x426ED23F,piece4a_propattach05_ruin,rainbow,1,1,0,1,1,0,0,4,4,5.09,0,break_piece,0x7DB2E527
0x42740E1B,global_veh_winch_magnet,rainbow,1,1,1,0,0,0,0,0,0,1.04,0,,0x42740E1B
0x4275D304,piece1a_qduv8,rainbow,1,1,0,0,1,0,0,3,3,0.03,1,intact,0x27C46DD1
0x42915BE3,hp_dock_cr,rainbow,1,1,0,0,1,0,0,4,4,0.03,1,break_piece,0x0E9502CF
0x42A2B320,,,0,1,1,0,0,0,0,0,0,0.03,0,static,0x42A2B320
0x42C0C744,,,0,1,0,1,1,0,0,5,5,5.03,1,break_piece,0x35992F99
0x42C577E1,,,0,1,0,0,1,0,0,5,5,0.03,1,break_piece,0x35992F99
0x42C95DD2,,,0,1,0,1,1,0,0,4,4,3.43,0,break_piece,0x8B310BBB
0x430698C4,piece4d_propdebris02,rainbow,1,1,0,1,1,0,0,3,3,2.48,1,break_piece,0x04CC21CD
0x430B15F2,piece4d_propdebris04,rainbow,1,1,0,1,1,0,0,3,3,2.38,1,break_piece,0x04CC21CD
0x430B80DE,,,0,1,0,0,1,0,0,5,5,0.03,1,intact,0x539FF827
0x430CB4C1,floor01.slice2d_pristine,rainbow,1,1,0,1,0,0,0,2,2,128.60,0,break_piece,0x149FC407
0x430EB392,,,0,1,0,0,1,0,0,1,1,1.71,1,,0x1FBFBB4B
0x431236C7,slice1a_propattach24_pristine,rainbow,1,1,0,1,1,0,0,4,4,4.02,0,intact,0xDDBA557D
0x4313E678,,,0,1,0,0,1,0,0,2,2,0.03,1,static,0x10A7796B
0x43385913,piece5a_propdebris10,rainbow,1,1,0,1,1,0,0,3,3,2.45,1,break_piece,0xF088DE87
0x43552C13,global_golfclub,rainbow,1,1,1,0,1,0,0,0,0,1.18,0,,0x43552C13
0x435AED11,,,0,1,0,0,1,0,0,5,5,0.03,1,intact,0x2B503BD0
0x435F54DE,,,0,1,0,0,1,0,0,6,6,1.23,0,intact,0x2255CE3E
0x436A7829,global_junkpile04,rainbow,1,1,1,0,0,0,0,0,0,0.03,0,static,0x436A7829
0x436C5471,piece1g_propdebris14,rainbow,1,1,0,1,1,0,0,3,3,3.77,1,break_piece,0xC808E35C
0x4370DC46,,,0,1,0,0,0,0,0,2,2,0.03,1,,0x14D94B9B
0x43744EDB,vzoutpost_bld_helipad_drhy07,rainbow,1,1,0,1,1,0,0,5,5,2.16,0,break_piece,0xB0D4E642
0x4375B484,floor01.slice1a_propdebris03,rainbow,1,1,0,1,1,0,0,4,4,5.50,1,break_piece,0x149FC407
0x437A31B2,floor01.slice1a_propdebris05,rainbow,1,1,0,1,1,0,0,4,4,7.40,1,break_piece,0x149FC407
0x437AE261,floor02.piece1b_propattach00,rainbow,1,1,0,0,0,0,0,3,3,0.03,0,intact,0xD23F52FC
0x437AF8A8,,,0,1,0,1,1,0,0,1,1,1.34,0,intact,0xEA7F9F3F
0x437F75D6,,,0,1,0,1,1,0,0,1,1,1.34,0,intact,0xEA7F9F3F
0x43834B36,,,0,1,0,0,0,0,0,3,3,0.03,0,break_piece,0xB0D4E642
0x43940137,,,0,1,1,0,0,0,0,0,0,0.03,0,,0xA2AB2E44
0x4394DBC6,slice4a_propattach16,rainbow,1,1,0,0,0,0,0,3,3,0.03,1,break_piece,0xE6027C27
0x43AE26CA,,,0,1,0,0,1,0,0,6,6,0.03,1,break_piece,0xB0D4E642
0x43AE4753,,,0,1,0,1,1,0,0,5,5,1.91,0,break_piece,0x1A1B848F
0x43AEEA7A,village_bld_housestilts02,rainbow,1,1,1,0,0,0,0,0,0,0.03,0,static,0x43AEEA7A
0x43BD3073,hp_pmc03_starter,rainbow,1,1,0,0,1,0,0,3,3,0.03,1,break_piece,0x39AF17DC
0x43C04D2F,slice4a_propattach07_pristine,rainbow,1,1,0,1,1,0,0,4,4,0.64,0,break_piece,0xE6027C27
0x43C59FDF,hp_oc01_starter,rainbow,1,1,0,0,1,0,0,1,1,0.03,1,,0xB19C5FE4
0x43D76F47,,,0,1,0,1,1,0,0,1,1,1.36,0,intact,0x4D4F42B5
0x43E676BB,global_telephonebooth,rainbow,1,1,1,0,0,0,0,0,0,0.03,0,static,0x43E676BB
0x43ED9133,,,0,1,0,0,1,0,0,3,3,0.03,0,intact,0xC35A1E0D
0x43F3DB12,village_fruitboxstacka,rainbow,1,1,1,0,0,0,0,0,0,0.03,0,static,0x43F3DB12
0x43F9EF0A,,,0,1,2,0,2,0,0,0,0,0.27,0,,0xDD337C49
0x43FDFE36,city_bld_storefrontcornera,rainbow,1,1,1,0,0,0,0,0,0,0.03,0,static,0x43FDFE36
0x4420157D,,,0,1,0,0,1,0,0,6,6,0.94,0,break_piece,0x9C318A56
0x44323F21,,,0,1,0,0,1,0,0,5,5,0.03,1,break_piece,0x6B1DE27D
0x44366555,,,0,1,1,0,1,0,0,0,0,0.21,0,,0x7655C427
0x443FAB17,,,0,1,0,0,1,0,0,3,3,0.03,1,break_piece,0xDF3B2FD1
0x4446B6EF,,,0,1,0,1,1,0,0,5,5,5.92,1,break_piece,0x35992F99
0x44519645,global_prop_exist_33,rainbow,1,1,0,0,1,0,0,6,6,1.34,0,break_piece,0x5B172306
0x44568995,,,0,1,0,0,1,0,0,3,3,0.03,1,break_piece,0x27C46DD1
0x445CDDB7,piece3c_propdebris14,rainbow,1,1,0,1,1,0,0,3,3,1.97,1,break_piece,0xA1A48E75
0x4483ED09,hp_barrel_tip_b,rainbow,1,1,0,0,1,0,0,5,5,0.03,1,intact,0x3397DE30
0x448774F6,white_bld_corner16x16a,rainbow,1,1,1,0,0,0,0,0,0,0.03,0,static,0x448774F6
0x44A67EF6,,,0,1,0,1,1,0,0,5,5,3.85,1,break_piece,0x818E5819
0x44B735D3,,,0,1,0,0,1,0,0,5,5,0.03,1,break_piece,0xC56B1A44
0x44B7A16C,floor01.piece1a_propdebris03,rainbow,1,1,0,1,1,0,0,3,3,10.93,1,break_piece,0x13417609
0x44CB4A4F,groutpost_bld_tentlargetarp02,rainbow,1,1,1,0,0,0,0,0,0,0.03,0,static,0x44CB4A4F
0x44D171CB,piece5d_ruin,rainbow,1,1,0,1,0,0,0,2,2,0.03,1,break_piece,0xBFC09F3E
0x44EA0DA1,slice2l_propattach00_pristine,rainbow,1,1,0,1,1,0,0,4,4,14.10,0,intact,0x0B7CC1B7
0x44EC4163,,,0,1,0,0,1,0,0,4,4,0.03,1,break_piece,0xBF3F5E4D
0x44EDF564,piece7a_propdebris11,rainbow,1,1,0,1,1,0,0,3,3,2.32,1,break_piece,0xBFC09F3E
0x44F680E1,oilrig_catwalkb,rainbow,1,1,1,0,0,0,0,0,0,0.03,0,static,0x44F680E1
0x4522CE02,,,0,1,0,0,1,0,0,5,5,0.03,1,break_piece,0x9FCAE910
0x452F628E,,,0,1,0,1,1,0,0,4,4,9.50,1,break_piece,0xE54047D5
0x45571E46,,,0,1,0,1,1,0,0,5,5,1.70,1,break_piece,0x2171B6D7
0x45599A95,slice3d_propattach01_pristine,rainbow,1,1,0,1,0,0,0,4,4,0.93,0,break_piece,0x6F4B9CA8
0x455F964B,,,0,1,0,0,0,0,0,2,2,0.03,1,,0x14D94B9B
0x4562F811,piece3e_propdebris18,rainbow,1,1,0,1,1,0,0,3,3,2.32,1,break_piece,0x2CE290F9
0x456841D5,,,0,1,0,0,1,0,0,3,3,0.03,1,intact,0x6B432F1C
0x456A7050,,,0,1,0,0,1,0,0,6,6,0.03,1,break_piece,0xB0D4E642
0x457150A3,slice9a,rainbow,1,1,0,0,0,0,0,1,1,0.03,0,static,0xC939089F
0x457A6A5A,,,0,1,0,1,1,0,0,5,5,2.65,1,break_piece,0xC56B1A44
0x4584A224,,,0,1,0,0,1,0,0,6,6,1.13,0,break_piece,0xB4FE2B80
0x45858478,,,0,1,0,0,1,0,0,3,3,0.03,1,intact,0x6A41FBB4
0x458AF8E4,,,0,1,0,0,0,0,0,2,2,0.03,1,,0x6A2BE04D
0x458E1BE9,,,0,1,0,0,1,0,0,6,6,3.09,1,break_piece,0xA2EB8265
0x4594D8DA,vzoutpost_wallgate_oc,rainbow,1,1,1,0,0,0,0,0,0,0.03,0,static,0x4594D8DA
0x45A0DAB8,slice1e_propdebris04,rainbow,1,1,0,1,1,0,0,4,4,6.55,1,break_piece,0x1E359C2F
0x45B7E90C,,,0,1,0,0,0,0,0,2,2,0.03,1,,0x14D94B9B
0x45C7E99D,,,0,1,1,0,0,0,0,0,0,0.03,0,static,0x45C7E99D
0x45CA9B90,city_bld_standalone03,rainbow,1,1,1,0,0,0,0,0,0,0.03,0,static,0x45CA9B90
0x45E0CA55,,,0,1,0,1,0,0,0,5,5,0.03,1,break_piece,0x9132806D
0x45E871C5,,,0,1,0,1,1,0,0,1,1,0.54,0,intact,0x5253854D
0x45EB5430,hp_fae,rainbow,1,1,1,0,1,0,0,0,0,2.09,0,,0x1735507E
0x45EC5734,maracaibo_bld_corner16x32a,rainbow,1,1,1,0,0,0,0,0,0,0.03,0,static,0x45EC5734
0x45EF0A63,bone_yaw_samrr,rainbow,1,1,0,0,0,0,0,5,5,3.91,0,intact,0xE54047D5
0x45F0B6F4,slice3a_propattach07_ruin,rainbow,1,1,0,1,0,0,0,4,4,0.03,0,break_piece,0xE6027C27
0x461F1A3A,global_veh_stingray,rainbow,1,1,1,0,0,0,0,0,0,0.03,0,static,0x461F1A3A
0x46319245,hp_metal,rainbow,1,1,0,0,3,0,0,2,2,1.85,0,,0x307D6AE1
0x463720BC,bone_drivewheel_l_01,rainbow,1,1,0,0,1,0,0,4,4,0.71,1,break_piece,0x8CA421C3
0x4655BF5D,,,0,1,0,0,1,0,0,6,6,1.26,0,break_piece,0x2D1D4D03
0x4664D39E,hp_fx_clothesline_b,rainbow,1,1,0,0,1,0,0,3,3,0.03,1,break_piece,0x8F25996F
0x4668E021,,,0,1,0,0,1,0,0,5,5,0.03,1,intact,0x551A0FF1
0x466A542A,slice3a_propattach07_pristine,rainbow,1,1,0,1,1,0,0,4,4,4.04,0,intact,0xE6027C27
0x469DED7C,piece3a_propdebris37,rainbow,1,1,0,1,1,0,0,3,3,2.26,1,break_piece,0x184188DA
0x469EA48F,bone_antenna_a,rainbow,1,1,2,0,0,0,0,0,0,3.00,0,,0xF4309A98
0x46B2B07C,,,0,1,0,0,1,0,0,3,3,0.03,0,break_piece,0xCAC9D01F
0x46B8AA9B,,,0,1,0,1,1,0,0,5,5,5.51,1,break_piece,0x35992F99
0x46C5012C,civ_veh_car_w12_sprint,rainbow,1,1,1,0,0,0,0,0,0,0.03,0,static,0x46C5012C
0x46C58631,,,0,1,0,1,1,0,0,5,5,7.41,1,break_piece,0x0B7CC1B7
0x46D78D9F,,,0,1,0,0,1,0,0,3,3,0.03,1,intact,0x9DFC8FF2
0x46DD9091,bone_door_top_rr,rainbow,1,1,0,0,1,0,0,3,3,1.68,1,break_piece,0xF6DEC8EA
0x46E0C235,slice1b_propdebris48,rainbow,1,1,0,1,1,0,0,4,4,6.50,1,break_piece,0x383D01E1
0x46E9EA5A,village_tablewooda,rainbow,1,1,1,0,0,0,0,0,0,0.03,0,static,0x46E9EA5A
0x46EADB5F,maracaiboruins_bld_skyscraper01,rainbow,1,1,1,0,1,0,0,0,0,78.63,0,,0x46EADB5F
0x4701F29C,piece5d_propdebris29,rainbow,1,1,0,1,1,0,0,3,3,4.02,1,break_piece,0xBFC09F3E
0x4723DD52,floor01.piece1b_propdebris22,rainbow,1,1,0,1,1,0,0,3,3,7.99,1,break_piece,0x7D766FA6
0x472B0509,,,0,1,0,1,1,0,0,5,5,2.50,1,break_piece,0xF2391F54
0x472F6B7F,commercial_wallshort_pristine,rainbow,1,1,1,0,1,0,0,0,0,5.36,0,,0x472F6B7F
0x47348438,dlc_global_pickup_money5k,rainbow,1,1,1,0,1,0,0,0,0,0.90,0,,0x47348438
0x4735914D,slice4a_propattach03_ruin,rainbow,1,1,0,1,0,0,0,4,4,0.03,0,break_piece,0xE6027C27
0x473FFCE4,,,0,1,0,0,1,0,0,6,6,1.14,0,break_piece,0xCDC5617A
0x475BDD34,,,0,1,0,0,1,0,0,5,5,0.03,0,break_piece,0x8A6DEF3D
0x475DA783,,,0,1,0,0,1,0,0,6,6,0.03,1,break_piece,0xB0D4E642
0x47755854,,,0,1,0,0,1,0,0,6,6,1.62,0,break_piece,0xD7BB0643
0x47786F17,,,0,1,0,1,1,0,0,6,6,1.40,0,break_piece,0x63E4703A
0x4778BBAB,,,0,1,0,0,1,0,0,3,3,0.03,1,intact,0x6A41FBB4
0x477F94D4,hp_snap_piece1C_oilrig_towerblowoutlargeA,rainbow,1,1,0,0,1,0,0,2,2,0.03,1,static,0xCA3AC936
0x4792A2C4,,,0,1,0,0,0,0,0,3,3,0.24,1,break_piece,0xC1EEB3B3
0x479411EB,slice1e_propdebris03,rainbow,1,1,0,1,1,0,0,4,4,6.05,1,break_piece,0x1E359C2F
0x479E65C8,piece2z_propattach01_pristine,rainbow,1,1,0,1,1,0,0,4,4,4.59,0,intact,0xB6B946F4
0x47A8C9AD,,,0,1,0,0,0,0,0,6,6,0.73,1,break_piece,0x25B3F7BC
0x47A8E523,commercial_wallbeachshort,rainbow,1,1,1,0,0,0,0,0,0,0.03,0,static,0x47A8E523
0x47AA7B66,,,0,1,0,0,1,0,0,6,6,1.66,0,break_piece,0x155C8246
0x47B29F54,,,0,1,0,0,1,0,0,3,3,0.03,1,intact,0xFF7ABB3B
0x47BB623D,hp_barreltip_samfm_h,rainbow,1,1,0,0,1,0,0,6,6,0.03,1,intact,0xE54047D5
0x47BDD2C3,city_bld_standalone04,rainbow,1,1,1,0,0,0,0,0,0,0.03,0,static,0x47BDD2C3
0x47C4B825,,,0,1,0,0,0,0,0,2,2,0.03,1,,0x14D94B9B
0x47C57524,piece1b_propdebris96,rainbow,1,1,0,1,1,0,0,3,3,7.87,1,break_piece,0xA948DDA6
0x47CA81B8,,,0,1,0,1,1,0,0,5,5,4.04,0,break_piece,0xE6027C27
0x47DF6AE4,,,0,1,0,0,1,0,0,6,6,0.03,1,break_piece,0x926D9ECB
0x47EB45DD,slice6c_propdebris00,rainbow,1,1,0,1,1,0,0,3,3,2.87,1,break_piece,0x04CC21CD
0x47F8CCDD,slice3f_interior,rainbow,1,1,0,1,1,0,0,3,3,29.37,0,intact,0x04CC21CD
0x4803A5D4,slice2j_propattach00,rainbow,1,1,0,0,0,0,0,3,3,0.03,1,break_piece,0x0B7CC1B7
0x48089288,industrial_bld_conveyortransition,rainbow,1,1,1,0,0,0,0,0,0,0.03,0,static,0x48089288
0x4811D3AE,,,0,1,0,1,1,0,0,6,6,3.00,0,intact,0x4BE3E7C4
0x482FD3FE,,,0,1,1,0,0,0,0,0,0,0.03,0,,0x482FD3FE
0x483B96DB,,,0,1,0,0,1,0,0,6,6,1.12,1,break_piece,0xB32053A7
0x485E0AC9,,,0,1,0,1,1,0,0,1,1,0.54,0,intact,0x4761451B
0x486A9A24,bone_roll_ciwsfr,rainbow,1,1,0,0,1,0,0,7,7,2.63,1,intact,0x25FE00A7
0x488C3D00,,,0,1,0,1,1,0,0,5,5,7.41,1,break_piece,0x0B7CC1B7
0x489129C7,,,0,1,0,0,1,0,0,3,3,0.03,1,intact,0x8F7192B8
0x4895A6F5,,,0,1,0,0,1,0,0,3,3,0.03,1,intact,0x8F7192B8
0x489CEF71,,,0,1,0,1,1,0,0,5,5,19.31,1,break_piece,0x56D04AA8
0x48A79B4D,slice2h_propattach00_pristine,rainbow,1,1,0,1,1,0,0,4,4,14.10,0,intact,0x0B7CC1B7
0x48AABC95,piece3a_propdebris32,rainbow,1,1,0,1,1,0,0,3,3,1.48,1,break_piece,0x184188DA
0x48BA9C65,global_waterpuddle05,rainbow,1,1,1,0,1,0,0,0,0,3.60,0,,0x48BA9C65
0x48D07148,slice2a_propdebris14,rainbow,1,1,0,1,1,0,0,3,3,4.32,1,break_piece,0x652F1208
0x48D9A15C,,,0,1,0,1,0,0,0,5,5,1.51,0,intact,0x4BE3E7C4
0x48DABA52,,,0,1,0,0,0,0,0,1,1,0.28,1,,0x42740E1B
0x49077D19,,,0,1,0,0,1,0,0,3,3,0.03,1,break_piece,0x058CD8B8
0x49286795,,,0,1,1,0,0,0,0,0,0,0.03,0,static,0x81758ACC
0x492A2CA1,,,0,1,0,0,1,0,0,4,4,0.03,1,break_piece,0x0189C80A
0x492A423A,,,0,1,0,1,1,0,0,4,4,2.63,0,intact,0x91E2FC68
0x4936D62F,hp_gr002_starter,rainbow,1,1,0,0,1,0,0,1,1,0.03,1,,0xAA4DEC8B
0x49378CD9,,,0,1,0,0,1,0,0,3,3,2.55,0,,0x14D94B9B
0x493FD997,,,0,1,1,0,0,0,0,0,0,0.03,0,static,0x493FD997
0x494CCBFD,,,0,1,0,0,1,0,0,6,6,2.09,0,break_piece,0xCDC5617A
0x4952D37C,,,0,1,0,0,1,0,0,1,1,4.95,1,,0x8CAFF9CF
0x495D7CA3,slice4c_ruin,rainbow,1,1,0,1,0,0,0,2,2,17.07,0,break_piece,0x1A74D3EE
0x496FBE86,floor03.piece1b_propattach10_ruin,rainbow,1,1,0,1,1,0,0,4,4,3.33,0,break_piece,0x7D766FA6
0x49723270,shanty_clotheslinea,rainbow,1,1,1,0,1,0,0,0,0,24.23,0,,0x49723270
0x49742872,,,0,1,0,0,0,0,0,4,4,0.68,1,break_piece,0xF762CFC3
0x49986350,,,0,1,0,1,1,0,0,5,5,4.31,1,break_piece,0x618526A4
0x49A4994B,,,0,1,1,0,0,0,0,0,0,0.03,0,static,0x35DCB88C
0x49B845C5,hp_barreltip_missile_b,rainbow,1,1,0,0,1,0,0,5,5,0.03,1,intact,0x56EE6A1F
0x49D0C1EE,jungle_env_bushlarge02,rainbow,1,1,1,0,0,0,0,0,0,0.03,0,static,0x49D0C1EE
0x49D2443D,piece1b_propdebris93,rainbow,1,1,0,1,1,0,0,3,3,24.72,1,break_piece,0xA948DDA6
0x49DFD0D0,slice2i_propattach00_pristine,rainbow,1,1,0,1,1,0,0,4,4,14.10,0,intact,0x0B7CC1B7
0x4A122353,piece2h_propattach12,rainbow,1,1,0,0,0,0,0,3,3,0.03,0,intact,0x91E2FC68
0x4A15DC3C,,,0,1,1,0,1,0,0,0,0,4.99,0,,0x935E6C1E
0x4A256903,,,0,1,0,0,0,0,0,4,4,1.52,1,break_piece,0x9FCAE910
0x4A27C425,,,0,1,0,0,1,0,0,4,4,0.03,1,break_piece,0x08E25CDC
0x4A2E32AC,,,0,1,0,0,1,0,0,1,1,0.03,1,static,0xA948DDA6
0x4A355711,groutpost_bld_shackcave02_wood_ruin_dm_attach14_lod0,rainbow,1,1,0,1,1,0,0,4,4,4.46,0,break_piece,0x1A74D3EE
0x4A399C42,hp_lowerfclefta,rainbow,1,1,0,1,1,0,0,5,5,11.22,1,break_piece,0xC56B1A44
0x4A3CC4BC,,,0,1,1,0,0,0,0,0,0,0.03,0,static,0x4A3CC4BC
0x4A41B9BA,gr_veh_motorcycle_offroad,rainbow,1,1,1,0,0,0,0,0,0,0.03,0,static,0x4A41B9BA
0x4A476473,,,0,1,0,1,1,0,0,5,5,1.04,0,break_piece,0x6B1DE27D
0x4A533305,hp_gunmount_mr,rainbow,1,1,0,0,1,0,0,4,4,0.03,1,intact,0x9387F335
0x4A551794,,,0,1,0,1,1,0,0,1,1,1.33,0,intact,0x45CC35FE
0x4A55ECA9,,,0,1,0,0,0,0,0,4,4,0.34,1,break_piece,0x9FCAE910
0x4A594FE9,Slice00,rainbow,1,1,0,0,0,0,0,1,1,0.03,0,static,0xFF7ABB3B
0x4A6BC856,civ_veh_trailer_flatbed,rainbow,1,1,1,0,0,0,0,0,0,0.03,0,static,0x4A6BC856
0x4A95F55C,pr_veh_helicopter_alouetteiii,rainbow,1,1,1,0,0,0,0,0,0,0.03,0,static,0x4A95F55C
0x4AAD8337,bone_roll_ciwsfm,rainbow,1,1,0,0,1,0,0,8,8,1.61,1,intact,0xE54047D5
0x4AAFD117,maracaibo_patz54,rainbow,1,1,0,0,1,0,0,3,3,2.10,0,,0x14D94B9B
0x4AB44E45,maracaibo_patz56,rainbow,1,1,0,0,1,0,0,3,3,2.10,0,,0x14D94B9B
0x4ABEB64B,slice7f_ruin,rainbow,1,1,0,1,0,0,0,2,2,40.84,0,break_piece,0x04CC21CD
0x4AD0FB4E,cumana_bld_segment16x16a,rainbow,1,1,1,0,0,0,0,0,0,0.03,0,static,0x4AD0FB4E
0x4AD99080,bone_radarb,rainbow,1,1,0,0,1,0,0,4,4,1.34,1,intact,0xD4E88AFD
0x4AEE11CE,civ_veh_car_van_crappy,rainbow,1,1,1,0,0,0,0,0,0,0.03,0,static,0x4AEE11CE
0x4B0772DD,global_satellitedishc,rainbow,1,1,1,0,0,0,0,0,0,0.03,0,static,0x4B0772DD
0x4B0CCED3,,,0,1,0,0,1,0,0,4,4,1.35,1,break_piece,0x25B3F7BC
0x4B11FA98,piece1b_propattach07,rainbow,1,1,0,0,0,0,0,3,3,0.03,1,break_piece,0x6B3A45A6
0x4B173B9D,floor03.piece1b_propdebris16,rainbow,1,1,0,1,1,0,0,3,3,5.00,1,break_piece,0xCA3AC936
0x4B1F6786,,,0,1,0,1,1,0,0,1,1,0.52,0,intact,0xEAA71CCB
0x4B2541FB,,,0,1,0,0,1,0,0,5,5,0.03,1,break_piece,0x2A68DAEF
0x4B2884C4,,,0,1,0,0,1,0,0,5,5,0.03,1,intact,0xE54047D5
0x4B29BF29,,,0,1,0,0,1,0,0,5,5,0.03,1,break_piece,0x2A68DAEF
0x4B329B56,floor01.piece3b_pristine,rainbow,1,1,0,1,1,0,0,2,2,22.60,0,break_piece,0x77A20DC0
0x4B34A460,,,0,1,1,0,0,0,0,0,0,0.03,0,static,0x4B34A460
0x4B401E89,,,0,1,0,1,1,0,0,5,5,16.63,1,break_piece,0xD44C2215
0x4B454035,piece3m,rainbow,1,1,0,0,0,0,0,1,1,0.03,0,static,0xE59723FD
0x4B4A0F5D,,,0,1,0,1,1,0,0,1,1,1.36,0,intact,0xB0A0930E
0x4B4CE4FA,,,0,1,1,0,1,0,0,0,0,8.15,0,,0x4B4CE4FA
0x4B60C2EC,piece3e_propdebris19,rainbow,1,1,0,1,1,0,0,3,3,2.88,1,break_piece,0x2CE290F9
0x4B632F1A,,,0,1,0,0,1,0,0,4,4,3.10,1,intact,0xC733E65D
0x4B6DE12D,,,0,1,0,0,0,0,0,1,1,3.51,1,,0x8185C0A5
0x4B70DE37,piece1g_propdebris12,rainbow,1,1,0,1,1,0,0,3,3,2.36,1,break_piece,0xC808E35C
0x4B73809D,,,0,1,0,1,1,0,0,4,4,1.46,0,intact,0xCB4C6EAB
0x4B73A3EE,,,0,1,0,1,1,0,0,5,5,5.37,0,break_piece,0xFD0229C3
0x4B740C50,groutpost_bld_shackcave05,rainbow,1,1,1,0,0,0,0,0,0,0.03,0,static,0x4B740C50
0x4B75660C,,,0,1,0,0,0,0,0,2,2,0.03,1,,0x14D94B9B
0x4B8E37BE,proutpost_bld_shacksmall04,rainbow,1,1,1,0,0,0,0,0,0,0.03,0,static,0x4B8E37BE
0x4B91870A,,,0,1,0,1,1,0,0,5,5,6.76,1,break_piece,0x0B7CC1B7
0x4B9625A8,piece1a_ijhtf5,rainbow,1,1,0,0,1,0,0,4,4,0.03,1,break_piece,0x8E139F4A
0x4B99658C,slice4a_propattach14,rainbow,1,1,0,0,0,0,0,3,3,0.03,1,break_piece,0xE6027C27
0x4B99C844,,,0,1,2,0,0,0,0,0,0,1.82,0,,0xE538060F
0x4B9C42F1,,,0,1,1,0,0,0,0,0,0,0.03,0,static,0x4B9C42F1
0x4BA5DBB0,piece9a_propdebris22,rainbow,1,1,0,1,1,0,0,3,3,6.53,1,break_piece,0x69D31E85
0x4BA86C49,piece1e_propattach04_pristine,rainbow,1,1,0,1,1,0,0,4,4,6.49,0,intact,0x7DB2E527
0x4BB2CF82,,,0,1,0,1,1,0,0,6,6,2.09,0,break_piece,0xB32053A7
0x4BBA0841,piece1b_propattach18_ruin,rainbow,1,1,0,1,1,0,0,4,4,1.31,1,break_piece,0x6B3A45A6
0x4BBBD6EF,piece1d_propdebris17,rainbow,1,1,0,1,1,0,0,3,3,3.15,1,break_piece,0x37B0103D
0x4BE3E7C4,vz_veh_truck_m151_50cal,rainbow,1,1,1,0,0,0,0,0,0,0.03,0,static,0x4BE3E7C4
0x4BE79C6C,,,0,1,0,1,0,0,0,5,5,0.03,0,break_piece,0xE9E253D5
0x4BE8083B,,,0,1,0,0,1,0,0,4,4,0.03,1,break_piece,0xF6E2E989
0x4C0287FC,city_bld_storefrontcornerc,rainbow,1,1,1,0,0,0,0,0,0,0.03,0,static,0x4C0287FC
0x4C0509FA,piece1e_propdebris02,rainbow,1,1,0,1,1,0,0,3,3,3.04,1,break_piece,0xF51C01DD
0x4C08161D,,,0,1,0,0,0,0,0,1,1,0.03,0,,0x307D6AE1
0x4C2540D6,,,0,1,0,1,1,0,0,1,1,1.32,0,intact,0xBCBA07EE
0x4C345FB7,,,0,1,0,0,0,0,0,5,5,0.24,1,break_piece,0xC1EEB3B3
0x4C36FE4D,jungle_env_plantmed03,rainbow,1,1,1,0,0,0,0,0,0,0.03,0,static,0x4C36FE4D
0x4C4101FD,caracas_skyscraperplateau02,rainbow,1,1,1,0,1,0,0,0,0,173.77,0,,0x4C4101FD
0x4C42385B,,,0,1,0,0,0,0,0,3,3,0.03,1,intact,0x4A6BC856
0x4C428A99,slice7a,rainbow,1,1,0,0,0,0,0,1,1,0.03,0,static,0x04CC21CD
0x4C6DE926,,,0,1,1,0,0,0,0,0,0,1.18,0,static,0xA4A29F09
0x4C721B46,estate_walllong,rainbow,1,1,1,0,0,0,0,0,0,0.03,0,static,0x4C721B46
0x4C998949,pmc_veh_truck_cougar,rainbow,1,1,1,0,0,0,0,0,0,0.03,0,static,0x4C998949
0x4C9D1D16,global_fountainsmall_ruined,rainbow,1,1,1,0,0,0,0,0,0,0.03,0,static,0x4C9D1D16
0x4CA4ED83,slice2e_ruin,rainbow,1,1,0,1,1,0,0,2,2,43.47,0,intact,0x0B7CC1B7
0x4CA6FBA4,,,0,1,0,1,1,0,0,1,1,1.29,0,break_piece,0x25E39BE9
0x4CAB08BC,,,0,1,0,1,1,0,0,5,5,1.48,1,break_piece,0x818E5819
0x4CBEC6A2,,,0,1,0,1,1,0,0,5,5,3.01,0,break_piece,0xF2391F54
0x4CDAA4D1,,,0,1,0,1,1,0,0,1,1,1.35,0,intact,0x25E39BE9
0x4CEBFF95,,,0,1,0,0,1,0,0,5,5,0.94,0,break_piece,0x818E5819
0x4CEDA9C3,slice3a_propattach02_ruin,rainbow,1,1,0,1,0,0,0,4,4,0.03,0,break_piece,0xC939089F
0x4CF4E787,,,0,1,0,1,1,0,0,5,5,7.75,0,break_piece,0x04549112
0x4CFB0AA7,oilrig_catwalkd,rainbow,1,1,1,0,0,0,0,0,0,0.03,0,static,0x4CFB0AA7
0x4D0F4E8F,,,0,1,0,0,0,0,0,3,3,0.03,1,break_piece,0xFD0229C3
0x4D36D68B,margarita_bld_club01_roof_nhz43,rainbow,1,1,0,1,1,0,0,1,1,0.48,0,intact,0x759BDE16
0x4D3B53B9,margarita_bld_club01_roof_nhz41,rainbow,1,1,0,1,1,0,0,1,1,0.50,0,intact,0x759BDE16
0x4D3B7B11,slice2c_propdebris08,rainbow,1,1,0,1,1,0,0,3,3,5.09,1,break_piece,0x9DF6B30B
0x4D53FA1F,piece3e_propdebris16,rainbow,1,1,0,1,1,0,0,3,3,3.82,1,break_piece,0x2CE290F9
0x4D556612,,,0,1,0,1,1,0,0,6,6,0.94,1,break_piece,0x4AEE11CE
0x4D5B28E1,,,0,1,1,0,0,0,0,0,0,0.95,1,,0x8185C0A5
0x4D5C5AB1,slice1f_propattach02,rainbow,1,1,0,0,0,0,0,3,3,0.03,1,break_piece,0x35992F99
0x4D5ED5F4,,,0,1,0,1,1,0,0,1,1,0.45,0,intact,0xB0A0930E
0x4D674383,groutpost_bld_shackcave02,rainbow,1,1,1,0,0,0,0,0,0,0.03,0,static,0x4D674383
0x4D72B2BC,civ_veh_boat_smallfishing,rainbow,1,1,1,0,0,0,0,0,0,0.03,0,static,0x4D72B2BC
0x4D757208,,,0,1,0,0,1,0,0,4,4,0.03,1,break_piece,0xA113D98D
0x4D775E18,piece4a_propattach00_ruin,rainbow,1,1,0,1,1,0,0,4,4,9.27,0,break_piece,0x7DB2E527
0x4D823525,,,0,1,0,0,0,0,0,2,2,0.03,1,,0x14D94B9B
0x4D895CDB,piece1a_ijhtf2,rainbow,1,1,0,0,1,0,0,4,4,0.03,1,break_piece,0x8E139F4A
0x4D8E16CE,piece1b_propdebris87,rainbow,1,1,0,1,1,0,0,3,3,27.82,1,break_piece,0xA948DDA6
0x4D9589EF,global_weapon_smaw1,rainbow,1,1,1,0,0,0,0,0,0,0.94,0,static,0x53D226FA
0x4D968537,,,0,1,0,0,1,0,0,6,6,0.96,0,break_piece,0xA4937D58
0x4D9778B0,,,0,1,0,0,1,0,0,3,3,7.45,1,,0x32FBE556
0x4DA634A5,slice4a_propattach11,rainbow,1,1,0,0,0,0,0,3,3,0.03,1,break_piece,0xE6027C27
0x4DA84CB7,industrial_generator01,rainbow,1,1,1,0,0,0,0,0,0,0.03,0,static,0x4DA84CB7
0x4DB0A910,piece1b_propdebris89,rainbow,1,1,0,1,1,0,0,3,3,24.72,1,break_piece,0xA948DDA6
0x4DB24E2E,,,0,1,0,0,1,0,0,3,3,0.03,1,break_piece,0xE59723FD
0x4DB8309C,piece9g_pristine,rainbow,1,1,0,1,1,0,0,2,2,21.49,0,intact,0x69D31E85
0x4DCAFA37,piece3d_propdebris19,rainbow,1,1,0,1,1,0,0,3,3,1.99,1,break_piece,0xA517D4A3
0x4DD0B7B7,floor01.piece3b,rainbow,1,1,0,0,0,0,0,1,1,0.03,0,static,0x77A20DC0
0x4DD964FC,bone_yaw_samfm,rainbow,1,1,0,0,0,0,0,4,4,3.91,0,intact,0xE54047D5
0x4DDC8DF8,oilrig_bld_helipadlargea,rainbow,1,1,1,0,0,0,0,0,0,0.03,0,static,0x4DDC8DF8
0x4DE368F3,slice3a_propattach13_pristine,rainbow,1,1,0,1,1,0,0,4,4,5.44,0,intact,0xE6027C27
0x4DED8B4C,,,0,1,0,0,1,0,0,5,5,2.52,0,break_piece,0x6BDD88C3
0x4E0229BE,piece4b_propdebris20,rainbow,1,1,0,1,1,0,0,3,3,4.02,1,break_piece,0xBFC09F3E
0x4E03FEF3,slice1c_propdebris78,rainbow,1,1,0,1,1,0,0,4,4,4.95,1,break_piece,0x964451A0
0x4E0F5715,city_bld_storefrontcornerf,rainbow,1,1,1,0,0,0,0,0,0,0.03,0,static,0x4E0F5715
0x4E115423,global_flag_largeoc,rainbow,1,1,1,0,0,0,0,0,0,0.03,0,static,0x4E115423
0x4E11C576,global_bookshelflargea,rainbow,1,1,1,0,0,0,0,0,0,0.03,0,static,0x4E11C576
0x4E129034,,,0,1,0,0,1,0,0,3,3,2.55,0,,0x14D94B9B
0x4E170D62,,,0,1,0,0,1,0,0,3,3,2.55,0,,0x14D94B9B
0x4E2B373E,white_bld_corner8x16b,rainbow,1,1,1,0,0,0,0,0,0,0.03,0,static,0x4E2B373E
0x4E2EF0EB,hp_barreltip_minigun,rainbow,1,1,0,0,1,0,0,5,5,0.03,1,,0x3A1CB5C0
0x4E40427D,global_tableb,rainbow,1,1,1,0,0,0,0,0,0,0.03,0,static,0x4E40427D
0x4E5FEF38,bone_wheel_r_07,rainbow,1,1,0,0,0,0,0,5,5,0.03,0,break_piece,0xCE77D4CB
0x4E64A8F9,,,0,1,0,0,1,0,0,6,6,1.03,1,break_piece,0x80659E62
0x4E7A45D1,,,0,1,0,0,1,0,0,5,5,0.03,1,intact,0xD1574A09
0x4E80B824,,,0,1,0,1,1,0,0,6,6,1.87,0,break_piece,0x5B172306
0x4E8A5CA3,,,0,1,0,1,1,0,0,1,1,0.46,0,intact,0x2EF7E3C3
0x4E8FC8D5,,,0,1,0,1,1,0,0,6,6,0.95,1,break_piece,0x179A7702
0x4E9DD439,,,0,1,0,1,1,0,0,4,4,8.09,1,break_piece,0xE54047D5
0x4EAA4378,floor01.slice2c_pristine,rainbow,1,1,0,1,0,0,0,2,2,131.03,0,break_piece,0x149FC407
0x4EAC3CD1,piece1a_propdebris5,rainbow,1,1,0,0,1,0,0,3,3,0.94,1,break_piece,0x01029B24
0x4EB7D7D5,,,0,1,0,1,1,0,0,5,5,2.12,1,break_piece,0x818E5819
0x4EBC8080,,,0,1,0,0,1,0,0,5,5,0.03,1,intact,0xEAA1C080
0x4EC27F11,floor02.piece1b_interior,rainbow,1,1,0,1,1,0,0,3,3,38.38,0,intact,0xCA3AC936
0x4EC9BB2A,merida_market02,rainbow,1,1,1,0,0,0,0,0,0,0.03,0,static,0x4EC9BB2A
0x4ED377C3,,,0,1,0,0,1,0,0,5,5,0.03,1,intact,0x35992F99
0x4EDA6040,floor01.slice1c_propdebris01,rainbow,1,1,0,1,1,0,0,4,4,5.75,1,break_piece,0x149FC407
0x4EDB4F80,port_crane02,rainbow,1,1,1,0,0,0,0,0,0,0.03,0,static,0x4EDB4F80
0x4EF509D9,,,0,1,0,0,1,0,0,3,3,2.55,0,,0x14D94B9B
0x4EFC77A9,slice1a_propattach24_ruin,rainbow,1,1,0,1,0,0,0,4,4,0.03,0,break_piece,0xDDBA557D
0x4F0E1EA3,,,0,1,0,0,1,0,0,3,3,2.10,0,,0x14D94B9B
0x4F142610,piece3p_propdebris30,rainbow,1,1,0,1,1,0,0,3,3,2.32,1,break_piece,0x2CE290F9
0x4F1BFBE3,hp_ch04_player,rainbow,1,1,0,0,1,0,0,1,1,0.03,1,,0x8456CC17
0x4F32D195,slice1c_propdebris18,rainbow,1,1,0,1,1,0,0,4,4,4.95,0,break_piece,0xD506BE7E
0x4F3C5FBE,estate_bld_mansion02,rainbow,1,1,1,0,0,0,0,0,0,0.03,0,static,0x4F3C5FBE
0x4F40BB6D,,,0,1,0,1,1,0,0,4,4,7.22,1,break_piece,0xE54047D5
0x4F50BE34,,,0,1,0,1,1,0,0,5,5,7.15,0,break_piece,0x539FF827
0x4F5156D1,,,0,1,0,0,1,0,0,5,5,0.03,1,break_piece,0x35992F99
0x4F52EB4E,,,0,1,1,0,0,0,0,0,0,0.03,0,static,0x4F52EB4E
0x4F638E48,,,0,1,0,0,1,0,0,6,6,0.89,0,break_piece,0xE8E58109
0x4F640DE1,,,0,1,0,0,1,0,0,5,5,0.03,1,break_piece,0x25FE00A7
0x4F6EA3E7,,,0,1,0,0,1,0,0,3,3,1.63,1,,0x33C8B389
0x4F937E8A,,,0,1,0,0,1,0,0,3,3,0.03,1,break_piece,0xB0D4E642
0x4FC18E5C,aloutpost_bld_garage01,rainbow,1,1,1,0,0,0,0,0,0,0.03,0,static,0x4FC18E5C
0x4FC2D374,al_veh_boat_lcur,rainbow,1,1,1,0,0,0,0,0,0,0.03,0,static,0x4FC2D374
0x4FDC824D,slice4a_propattach05_pristine,rainbow,1,1,0,1,1,0,0,4,4,0.64,0,break_piece,0xE6027C27
0x4FECAF8D,,,0,1,0,0,0,0,0,3,3,0.03,1,break_piece,0xB993D852
0x4FF8B4A7,caracas_blast_02,rainbow,1,1,0,0,1,0,0,3,3,0.03,1,break_piece,0x340B1CB8
0x5000D336,,,0,1,0,0,0,0,0,2,2,0.03,1,,0x14D94B9B
0x501127B0,global_trashpile03,rainbow,1,1,1,0,0,0,0,0,0,0.03,0,static,0x501127B0
0x5017C4A4,,,0,1,0,0,1,0,0,5,5,0.03,1,intact,0x6B1DE27D
0x502F5450,,,0,1,1,0,1,0,0,0,0,5.58,0,,0x502F5450
0x50306A5B,slice4a_propattach14_pristine,rainbow,1,1,0,1,1,0,0,4,4,0.71,0,break_piece,0xE6027C27
0x503E4FF5,piece2h_propattach11_ruin,rainbow,1,1,0,1,1,0,0,4,4,5.54,1,break_piece,0x91E2FC68
0x504463D9,,,0,1,0,0,1,0,0,6,6,1.08,0,break_piece,0x8C83F560
0x50476DCB,,,0,1,0,1,1,0,0,1,1,1.40,0,intact,0xF419FFEB
0x504AC423,,,0,1,0,1,1,0,0,5,5,1.70,0,intact,0xE31521AD
0x5053B7D3,,,0,1,1,0,0,0,0,0,0,0.03,0,static,0x5053B7D3
0x505674A3,,,0,1,0,1,1,0,0,5,5,1.55,0,break_piece,0x77A20DC0
0x5056E183,civ_veh_trailerhut02_thunder_wheel_nm,rainbow,1,1,1,0,0,0,0,0,0,0.03,0,static,0x5056E183
0x5057FE44,slice3g_propdebris04,rainbow,1,1,0,1,1,0,0,3,3,4.27,1,break_piece,0x04CC21CD
0x505C7B72,slice3g_propdebris02,rainbow,1,1,0,1,1,0,0,3,3,3.32,1,break_piece,0x04CC21CD
0x506B4199,,,0,1,0,1,1,0,0,1,1,0.89,0,intact,0x45CC35FE
0x5075A876,slice2i_propattach00_ruin,rainbow,1,1,0,1,0,0,0,4,4,0.03,0,break_piece,0x0B7CC1B7
0x507A547E,industrial_bld_silosmall,rainbow,1,1,1,0,0,0,0,0,0,0.03,0,static,0x507A547E
0x50868008,piece6d_ruin,rainbow,1,1,0,1,0,0,0,2,2,0.03,0,break_piece,0x8E8ED4C0
0x5087CC6A,,,0,1,0,1,1,0,0,5,5,6.32,1,break_piece,0x0B7CC1B7
0x508B467A,,,0,1,0,0,1,0,0,3,3,0.03,1,intact,0x70B233DA
0x50AA10FA,,,0,1,0,1,1,0,0,4,4,4.83,0,break_piece,0x8B310BBB
0x50AACA22,pmcoutpost_bld_hq,rainbow,1,1,1,0,0,0,0,0,0,0.03,0,static,0x50AACA22
0x50AE827F,,,0,1,1,0,0,0,0,0,0,0.03,0,static,0x50AE827F
0x50D6A133,,,0,1,0,0,1,0,0,5,5,0.03,1,break_piece,0x74EB59B1
0x510661ED,,,0,1,0,0,1,0,0,3,3,0.03,1,break_piece,0xC5CFAC9F
0x5111ED0D,Hp_papershredder,rainbow,1,1,0,0,1,0,0,1,1,0.03,1,,0xB19C5FE4
0x5111F8CA,gr_veh_truck_m35,rainbow,1,1,1,0,0,0,0,0,0,0.03,0,static,0x5111F8CA
0x5134501B,hp_barreltip_i,rainbow,1,1,0,0,1,0,0,6,6,0.03,1,break_piece,0x1A221527
0x513B9499,,,0,1,0,0,1,0,0,3,3,0.03,1,intact,0x0B7CC1B7
0x513F8A90,slice1e_propattach05_ruin,rainbow,1,1,0,1,0,0,0,4,4,0.03,0,break_piece,0x35992F99
0x5146925F,groutpost_podium,rainbow,1,1,1,0,0,0,0,0,0,0.03,0,static,0x5146925F
0x514CADB2,,,0,1,0,0,1,0,0,5,5,0.03,1,break_piece,0x319D840A
0x51565106,merida_lightstadiuma,rainbow,1,1,1,0,0,0,0,0,0,0.03,0,static,0x51565106
0x5159A03B,,,0,1,0,0,1,0,0,5,5,0.03,1,break_piece,0xE6027C27
0x516CE83D,global_towerelectrical01,rainbow,1,1,1,0,0,0,0,0,0,0.03,0,static,0x516CE83D
0x516E145E,global_chairwooda,rainbow,1,1,1,0,0,0,0,0,0,0.03,0,static,0x516E145E
0x517A5C2E,,,0,1,0,0,1,0,0,3,3,0.03,1,intact,0x5436A936
0x517D877A,slice3e_ruin,rainbow,1,1,0,1,0,0,0,2,2,38.97,0,break_piece,0x04CC21CD
0x5183C4FB,global_cannister_propanea,rainbow,1,1,1,0,0,0,0,0,0,0.03,0,static,0x5183C4FB
0x518952D8,,,0,1,0,0,1,0,0,1,1,0.03,1,static,0xA948DDA6
0x51AC377C,piece5c_propdebris20,rainbow,1,1,0,1,1,0,0,3,3,1.09,1,break_piece,0xF4AF3C5B
0x51B7513A,floor01.piece1c_propdebris18,rainbow,1,1,0,1,1,0,0,3,3,8.38,1,break_piece,0xCA3AC936
0x51C478A6,bone_drivewheel_r_01,rainbow,1,1,0,0,1,0,0,4,4,0.71,1,break_piece,0x8CA421C3
0x51E0F7F7,,,0,1,0,1,1,0,0,5,5,10.28,1,break_piece,0x3E7D2911
0x51E317D3,,,0,1,0,0,1,0,0,4,4,0.03,1,break_piece,0xE54047D5
0x51E47F8C,Slice00_pristine,rainbow,1,1,0,1,0,0,0,2,2,0.03,0,intact,0xFF7ABB3B
0x51E84827,,,0,1,1,0,1,0,0,0,0,4.51,0,,0x51E84827
0x51EB035D,,,0,1,0,0,1,0,0,1,1,1.61,0,,0x5F1CF60F
0x51F277BD,global_veh_klr650,rainbow,1,1,1,0,0,0,0,0,0,0.03,0,static,0x51F277BD
0x51F40A69,,,0,1,0,0,0,0,0,2,2,0.03,1,,0x14D94B9B
0x51FB1A9F,,,0,1,0,0,0,0,0,3,3,0.03,0,break_piece,0xB0D4E642
0x5203BFD1,piece1a_propattach25,rainbow,1,1,0,0,0,0,0,3,3,0.03,1,break_piece,0xE5133554
0x520C43D2,piece2c_propdebris10,rainbow,1,1,0,1,1,0,0,3,3,8.31,1,break_piece,0xFB3F09AE
0x5211CEE0,floor03.piece1b_propattach10_pristine,rainbow,1,1,0,1,1,0,0,4,4,3.33,0,intact,0x7D766FA6
0x52188C32,,,0,1,0,1,1,0,0,4,4,1.93,0,intact,0x261F62BF
0x521FCB8A,piece2c_propdebris18,rainbow,1,1,0,1,1,0,0,3,3,4.07,1,break_piece,0xE2068412
0x52228B83,,,0,1,1,0,1,0,0,0,0,7.45,0,,0x52228B83
0x5223108B,global_env_rocksmine01,rainbow,1,1,1,0,0,0,0,0,0,0.03,0,,0x5223108B
0x5225EFB1,,,0,1,0,0,0,0,0,3,3,0.03,1,intact,0x4A6BC856
0x52278DB9,global_env_rocksmine03,rainbow,1,1,1,0,0,0,0,0,0,0.03,0,,0x52278DB9
0x522C10E6,,,0,1,0,0,1,0,0,3,3,0.03,1,break_piece,0xB0D4E642
0x522EFD90,,,0,1,0,0,1,0,0,4,4,0.03,1,break_piece,0x0189C80A
0x5233D532,,,0,1,0,0,1,0,0,3,3,1.33,1,,0x32FBE556
0x52564B33,,,0,1,0,0,1,0,0,3,3,1.68,0,,0x6A2BE04D
0x525BE8CB,piece7a_propdebris01,rainbow,1,1,0,1,1,0,0,3,3,5.32,1,break_piece,0x3BF3DA2E
0x526065F9,piece7a_propdebris03,rainbow,1,1,0,1,1,0,0,3,3,4.24,1,break_piece,0x3BF3DA2E
0x52732F78,,,0,1,0,0,0,0,0,5,5,1.40,1,break_piece,0x9FCAE910
0x527FDD76,,,0,1,0,1,1,0,0,6,6,0.84,0,intact,0xEC0DAFF2
0x5281D1E2,global_env_treespade,rainbow,1,1,1,0,0,0,0,0,0,0.03,0,static,0x5281D1E2
0x528A1D3A,,,0,1,0,0,1,0,0,3,3,0.03,1,intact,0x0B7CC1B7
0x52919157,,,0,1,0,1,1,0,0,4,4,4.46,0,intact,0x1A74D3EE
0x52AF96A0,global_barricaded,rainbow,1,1,1,0,0,0,0,0,0,0.03,0,static,0x52AF96A0
0x52B905FB,,,0,1,0,1,1,0,0,1,1,1.35,0,intact,0x45CC35FE
0x52BFCBFD,city_bld_segment32x32b,rainbow,1,1,1,0,0,0,0,0,0,0.03,0,static,0x52BFCBFD
0x52C337B3,,,0,1,0,0,1,0,0,5,5,0.03,1,break_piece,0x539FF827
0x52D1E2E9,jungle_babylonia_00,rainbow,1,1,0,0,1,0,0,3,3,0.03,1,break_piece,0xD501EBCA
0x52DF27CE,,,0,1,0,0,1,0,0,3,3,0.64,1,break_piece,0x461F1A3A
0x52E5C57D,,,0,1,0,1,1,0,0,5,5,6.32,1,break_piece,0x0B7CC1B7
0x531F7B53,piece3p_pristine,rainbow,1,1,0,1,1,0,0,2,2,13.30,0,intact,0x2CE290F9
0x531FF9FC,,,0,1,0,1,1,0,0,3,3,0.03,0,break_piece,0x066F550B
0x5323F14C,,,0,1,0,1,1,0,0,1,1,0.53,0,intact,0xEAA71CCB
0x5325DC73,,,0,1,0,0,0,0,0,2,2,0.03,1,,0x14D94B9B
0x533945EC,slice2c_propdebris09,rainbow,1,1,0,1,1,0,0,3,3,4.58,1,break_piece,0x9DF6B30B
0x536C9CE7,floor01.slice1c_pristine,rainbow,1,1,0,1,0,0,0,2,2,137.36,0,break_piece,0x149FC407
0x53972AFA,,,0,1,0,1,1,0,0,1,1,0.56,0,intact,0x4AB6F9B6
0x53980DF1,ocoutpost_bld_alarmtower,rainbow,1,1,1,0,0,0,0,0,0,0.03,0,static,0x53980DF1
0x539FF827,city_bld_skyscraper02,rainbow,1,1,1,0,0,0,0,0,0,0.03,0,static,0x539FF827
0x53A16B1A,piece9a_propdebris20,rainbow,1,1,0,1,1,0,0,3,3,6.53,1,break_piece,0x69D31E85
0x53A43658,,,0,1,1,0,1,0,0,0,0,6.01,0,,0x53A43658
0x53B9BD65,proutpost_bld_shacksmall3,rainbow,1,1,1,0,0,0,0,0,0,0.03,0,static,0x559F909D
0x53BE898C,,,0,1,0,0,1,0,0,3,3,0.03,1,intact,0xFF7ABB3B
0x53DD246A,,,0,1,0,0,1,0,0,3,3,0.03,1,break_piece,0xE59723FD
0x53DFE8A4,,,0,1,0,0,1,0,0,3,3,0.03,1,break_piece,0xB993D852
0x53F2BF44,slice1c_propdebris73,rainbow,1,1,0,1,1,0,0,4,4,9.79,1,break_piece,0x964451A0
0x53F73C72,slice1c_propdebris75,rainbow,1,1,0,1,1,0,0,4,4,4.95,1,break_piece,0x964451A0
0x53FEC18B,,,0,1,0,1,1,0,0,4,4,6.19,1,break_piece,0xE54047D5
0x540BE0E3,piece3a_propdebris23,rainbow,1,1,0,1,1,0,0,3,3,2.18,1,break_piece,0xDA1D8548
0x540D1A15,global_default_soundsphere,rainbow,1,1,1,0,1,0,0,0,0,3.46,0,,0x540D1A15
0x541737F0,,,0,1,0,1,1,0,0,1,1,1.34,0,intact,0x60A4EEF3
0x5417C7E8,floor01.piece2a_ruin,rainbow,1,1,0,1,0,0,0,2,2,35.15,0,intact,0xAC3CD893
0x5436A936,jungle_bld_ruinshotelfront,rainbow,1,1,1,0,0,0,0,0,0,0.03,0,static,0x5436A936
0x54557BF3,pmcoutpost_bld_fueldepot,rainbow,1,1,1,0,0,0,0,0,0,0.03,0,static,0x54557BF3
0x54603399,,,0,1,0,1,1,0,0,5,5,2.16,0,break_piece,0xB0D4E642
0x5465446B,aloutpost_bld_garage01_door_boothrental_a21,rainbow,1,1,0,0,1,0,0,3,3,0.03,1,break_piece,0x6EC17D1D
0x5465FD06,piece2z_propdebris13,rainbow,1,1,0,1,1,0,0,3,3,3.79,1,break_piece,0xB6B946F4
0x546A3D82,,,0,1,1,0,0,0,0,0,0,0.03,0,static,0x546A3D82
0x5484BE49,,,0,1,0,0,1,0,0,3,3,1.37,1,,0x32FBE556
0x5487BA6B,proutpost_fencewood01,rainbow,1,1,1,0,0,0,0,0,0,0.03,0,static,0x5487BA6B
0x549D17F3,,,0,1,0,0,1,0,0,5,5,0.03,1,break_piece,0x319D840A
0x54A2CDD3,global_barricadec,rainbow,1,1,1,0,0,0,0,0,0,0.03,0,static,0x54A2CDD3
0x54A66884,,,0,1,0,1,1,0,0,6,6,2.09,0,intact,0xB32053A7
0x54BC61A2,,,0,1,1,0,0,0,0,0,0,0.03,0,,0x54BC61A2
0x54C4DFC0,,,0,1,1,0,1,0,0,0,0,0.83,0,,0x54C4DFC0
0x54C62713,,,0,1,0,0,0,0,0,3,3,0.03,0,intact,0x91E2FC68
0x54D5C706,global_pic_fraggrenade,rainbow,1,1,1,0,1,0,0,0,0,0.38,0,,0x2664B8A5
0x54D991B8,,,0,1,0,1,1,0,0,5,5,1.70,0,intact,0xE31521AD
0x54DB2EBE,shanty_env_tree01,rainbow,1,1,1,0,0,0,0,0,0,0.03,0,static,0x54DB2EBE
0x54E9C345,al_veh_plane_c130,rainbow,1,1,1,0,0,0,0,0,0,0.03,0,,0x54E9C345
0x54EDEC9C,,,0,1,0,0,0,0,0,3,3,0.03,0,break_piece,0x1A74D3EE
0x54F71231,groutpost_bld_guardtowertree01,rainbow,1,1,1,0,0,0,0,0,0,0.03,0,static,0x54F71231
0x54FCDEF4,,,0,1,0,0,1,0,0,3,3,2.10,0,,0x14D94B9B
0x55015C22,,,0,1,0,0,1,0,0,3,3,2.10,0,,0x14D94B9B
0x550FCBBF,piece1b_propattach04,rainbow,1,1,0,0,0,0,0,3,3,0.03,1,break_piece,0x6B3A45A6
0x551A0FF1,maracaibo_bld_corner32x32b,rainbow,1,1,1,0,0,0,0,0,0,0.03,0,static,0x551A0FF1
0x552ED087,,,0,1,0,1,1,0,0,1,1,1.35,0,intact,0x45CC35FE
0x5530C065,,,0,1,0,1,1,0,0,1,1,0.54,0,intact,0xEAA71CCB
0x5533B70D,Slice2K_ruin,rainbow,2,1,0,1,1,0,0,2,2,40.91,0,intact,0x0B7CC1B7
0x5534CB8A,,,0,1,0,0,1,0,0,6,6,1.01,0,break_piece,0x461F1A3A
0x554820C8,marsh_bridgemid,rainbow,1,1,1,0,0,0,0,0,0,0.03,0,static,0x554820C8
0x5560E477,slice1f_propattach04,rainbow,1,1,0,0,0,0,0,3,3,0.03,1,break_piece,0x35992F99
0x5574ECE9,,,0,1,0,0,1,0,0,6,6,1.83,0,break_piece,0x926D9ECB
0x5592A094,piece1b_propdebris85,rainbow,1,1,0,1,1,0,0,3,3,27.82,1,break_piece,0xA948DDA6
0x55ACFDBC,,,0,1,0,0,1,0,0,3,3,0.03,1,intact,0x88612024
0x55ADAABC,,,0,1,0,0,1,0,0,2,2,2.53,1,,0x1FBFBB4B
0x55B1E619,,,0,1,0,0,1,0,0,5,5,0.03,1,intact,0x461F1A3A
0x55C82E59,,,0,1,0,0,0,0,0,6,6,0.46,1,break_piece,0xB993D852
0x55DBDD3E,,,0,1,0,0,1,0,0,5,5,1.43,1,break_piece,0x9FCAE910
0x55EA4C18,,,0,1,0,1,1,0,0,4,4,1.13,0,break_piece,0x7EC3FC58
0x55EC91F3,,,0,1,0,0,1,0,0,3,3,6.29,1,,0x32FBE556
0x55F26157,,,0,1,0,0,1,0,0,6,6,1.22,0,break_piece,0xEAA1C080
0x55F574A6,,,0,1,1,0,0,0,0,0,0,0.03,0,static,0x55F574A6
0x55F874C1,hp_shelleject_rocket_l,rainbow,1,1,0,0,1,0,0,5,5,0.03,1,break_piece,0x22435EEA
0x56021F3A,piece1c_propdebris22,rainbow,1,1,0,1,1,0,0,3,3,7.23,1,break_piece,0xE110E2D3
0x5614577E,,,0,1,0,0,1,0,0,6,6,1.93,0,break_piece,0x5B3458E9
0x56168509,,,0,1,0,0,1,0,0,1,1,2.93,1,,0x223593E1
0x561B51CA,slice9a_pristine,rainbow,1,1,0,1,0,0,0,2,2,24.84,0,break_piece,0xC939089F
0x56245E52,,,0,1,0,0,1,0,0,1,1,0.03,1,,0xCE8165DE
0x562582AA,,,0,1,0,1,0,0,0,5,5,0.03,0,break_piece,0x4AEE11CE
0x563699B5,,,0,1,0,1,1,0,0,1,1,1.31,0,intact,0xBCBA07EE
0x56451E9E,,,0,1,1,0,0,0,0,0,0,0.03,0,static,0x56451E9E
0x564FB6DD,,,0,1,0,0,0,0,0,3,3,0.03,1,break_piece,0x261F62BF
0x56518F76,,,0,1,0,0,1,0,0,4,4,0.03,1,break_piece,0x7ABD58C1
0x5657A1C1,aloutpost_bld_bunker,rainbow,1,1,1,0,0,0,0,0,0,0.03,0,static,0x5657A1C1
0x56592301,,,0,1,0,1,1,0,0,5,5,4.31,1,break_piece,0x618526A4
0x56593439,piece2z_propdebris18,rainbow,1,1,0,1,1,0,0,3,3,3.87,1,break_piece,0xB6B946F4
0x566CC50C,,,0,1,0,1,1,0,0,1,1,1.32,0,intact,0xF245AC63
0x56772CDD,,,0,1,0,0,1,0,0,4,4,0.03,1,break_piece,0xE54047D5
0x56C3463D,,,0,1,0,0,0,0,0,4,4,3.39,1,intact,0x13709C60
0x56C4ACA7,,,0,1,0,1,1,0,0,5,5,1.73,1,break_piece,0xC1527544
0x56D04AA8,,,0,1,1,0,0,0,0,0,0,0.03,0,static,0x56D04AA8
0x56D5EFAA,floor01.slice1c_propdebris03,rainbow,1,1,0,1,1,0,0,4,4,3.68,1,break_piece,0x149FC407
0x56DE1BD0,,,0,1,0,1,1,0,0,4,4,0.60,0,break_piece,0x261F62BF
0x56DED703,,,0,1,0,0,1,0,0,4,4,0.03,1,intact,0xC733E65D
0x56EE6A1F,ch_veh_tank_pgz95,rainbow,1,1,1,0,0,0,0,0,0,0.03,0,static,0x56EE6A1F
0x56F9939F,,,0,1,0,0,1,0,0,3,3,2.55,0,,0x14D94B9B
0x57409E23,,,0,1,0,0,0,0,0,2,2,0.03,1,break_piece,0xE54047D5
0x57613392,slice3a_propdebris04,rainbow,1,1,0,1,1,0,0,3,3,4.22,1,break_piece,0x9DF6B30B
0x57744DB8,,,0,1,0,1,1,0,0,5,5,4.11,1,break_piece,0x818E5819
0x579F6FAD,piece1b_propdebris80,rainbow,1,1,0,1,1,0,0,3,3,27.82,1,break_piece,0xA948DDA6
0x57B0953A,groutpost_bld_shackperm02,rainbow,1,1,1,0,0,0,0,0,0,0.03,0,static,0x57B0953A
0x57BA79D5,,,0,1,0,0,1,0,0,2,2,2.53,1,,0x1FBFBB4B
0x57BAF678,,,0,1,0,1,1,0,0,5,5,5.68,1,break_piece,0xB358951D
0x57D75198,piece1b_propattach06_pristine,rainbow,1,1,0,1,1,0,0,4,4,4.04,0,intact,0x6B3A45A6
0x57D8FBEE,hp_barreltip_missileL_a,rainbow,1,1,0,0,1,0,0,5,5,0.03,1,break_piece,0x9FCAE910
0x57E89477,,,0,1,0,0,1,0,0,2,2,3.79,1,,0x32FBE556
0x57E964F3,piece2e_propdebris04,rainbow,1,1,0,1,1,0,0,3,3,3.10,1,break_piece,0xF51C01DD
0x57EA580C,,,0,1,1,0,0,0,0,0,0,0.03,0,,0x57EA580C
0x57FC84BB,,,0,1,0,1,1,0,0,5,5,8.03,1,break_piece,0x35992F99
0x580101E9,,,0,1,0,1,1,0,0,5,5,7.50,1,break_piece,0x35992F99
0x58018AAC,piece1a_propattach24,rainbow,1,1,0,0,0,0,0,3,3,0.03,1,break_piece,0xE5133554
0x58055CFC,,,0,1,0,0,0,0,0,2,2,0.03,1,,0x14D94B9B
0x580C2EDD,,,0,1,0,0,1,0,0,6,6,1.64,0,break_piece,0x2B97DD31
0x580C5360,,,0,1,0,1,1,0,0,1,1,1.33,0,intact,0x759BDE16
0x580CB71A,global_trashpile01,rainbow,1,1,1,0,0,0,0,0,0,0.03,0,static,0x580CB71A
0x581144B3,,,0,1,0,1,1,0,0,5,5,12.95,1,break_piece,0x155E5F33
0x5817D22E,vz_veh_truck_m38_cab116_damage_nn,rainbow,1,1,1,0,1,0,0,0,0,27.11,0,,0x5817D22E
0x5825D49B,,,0,1,1,0,0,0,0,0,0,0.03,0,static,0x5825D49B
0x582BF33C,,,0,1,1,0,0,0,0,0,0,0.03,0,static,0x582BF33C
0x5835C8E1,piece1e_propdebris30,rainbow,1,1,0,1,1,0,0,3,3,1.75,1,break_piece,0xC808E35C
0x58443D64,,,0,1,0,0,0,0,0,4,4,0.98,1,break_piece,0x807D1C3B
0x58540DD7,,,0,1,0,0,1,0,0,4,4,0.03,1,intact,0xC142F94B
0x585A9008,margarita_bld_club01,rainbow,1,1,1,0,0,0,0,0,0,0.03,0,static,0x585A9008
0x5878E0A5,piece2b_propattach02_pristine,rainbow,1,1,0,1,0,0,0,4,4,0.82,0,break_piece,0x199ABE01
0x58799425,,,0,1,0,1,1,0,0,1,1,1.33,0,intact,0xF245AC63
0x587E527B,slice6d,rainbow,1,1,0,0,0,0,0,1,1,0.03,0,static,0x04CC21CD
0x588ED8B3,piece8k_ruin,rainbow,1,1,0,1,0,0,0,2,2,0.03,0,break_piece,0x8E8ED4C0
0x5890600C,merida_universitylamppost,rainbow,1,1,1,0,0,0,0,0,0,0.03,0,static,0x5890600C
0x589B5FAA,,,0,1,0,1,0,0,0,1,1,0.64,0,break_piece,0xF245AC63
0x58ACED3A,,,0,1,0,0,1,0,0,6,6,1.13,0,break_piece,0xF88147A1
0x58B3F137,,,0,1,1,0,1,0,0,0,0,2.39,0,,0x58B3F137
0x58C582E7,,,0,1,0,0,1,0,0,5,5,0.03,1,break_piece,0x25FE00A7
0x58DDDB3E,,,0,1,0,1,1,0,0,5,5,5.25,1,break_piece,0xB993D852
0x58E907BE,aloutpost_bld_guardtowershort,rainbow,1,1,1,0,0,0,0,0,0,0.03,0,static,0x58E907BE
0x58EA582A,piece4a_propattach04_pristine,rainbow,1,1,0,1,1,0,0,4,4,7.55,0,break_piece,0x7DB2E527
0x59074E3D,,,0,1,0,0,0,0,0,3,3,0.03,0,break_piece,0xC56B1A44
0x5912DE2D,,,0,1,0,1,1,0,0,5,5,4.04,0,break_piece,0xE6027C27
0x59144538,,,0,1,0,0,1,0,0,3,3,0.03,1,break_piece,0xE59723FD
0x59149CC4,,,0,1,0,0,0,0,0,2,2,0.03,1,,0x14D94B9B
0x591CF230,,,0,1,0,0,0,0,0,2,2,0.03,1,break_piece,0xE54047D5
0x5924E9EF,global_tirelargea,rainbow,1,1,1,0,0,0,0,0,0,0.03,0,static,0x5924E9EF
0x59258C6B,,,0,1,0,0,1,0,0,6,6,1.64,0,break_piece,0x155C8246
0x592BF941,,,0,1,1,0,0,0,0,0,0,0.03,0,static,0x592BF941
0x59307702,slice4a_propattach05,rainbow,1,1,0,0,0,0,0,3,3,0.03,1,break_piece,0xE6027C27
0x594968AA,white_bld_segment8x16b,rainbow,1,1,1,0,0,0,0,0,0,0.03,0,static,0x594968AA
0x59520681,,,0,1,1,0,1,0,0,0,0,146.82,0,,0x8DFB1843
0x595271C7,hp_barreltip_e,rainbow,1,1,0,0,1,0,0,6,6,0.03,1,break_piece,0x1A221527
0x5956EEF5,hp_barreltip_g,rainbow,1,1,0,0,1,0,0,6,6,0.03,1,break_piece,0x1A221527
0x596784EB,,,0,1,0,1,1,0,0,5,5,5.22,1,break_piece,0x818E5819
0x5969B1BF,bone_rod_fl_t,rainbow,1,1,0,0,1,0,0,6,6,0.03,1,break_piece,0x31F0FE47
0x596B1EF0,caracas_blast_12,rainbow,1,1,0,0,1,0,0,3,3,0.03,1,break_piece,0x340B1CB8
0x59729E24,global_chairwoodc,rainbow,1,1,1,0,0,0,0,0,0,0.03,0,static,0x59729E24
0x597D284E,,,0,1,0,0,1,0,0,6,6,0.18,1,break_piece,0xC1EEB3B3
0x597EF758,,,0,1,0,0,1,0,0,5,5,0.03,1,break_piece,0xCA20C1D9
0x59880695,,,0,1,1,0,0,0,0,0,0,0.03,0,static,0x59880695
0x598E0806,,,0,1,2,0,0,0,0,0,0,0.03,0,static,0xA2CE8563
0x59959300,hp_fx_light21,rainbow,1,1,0,0,1,0,0,1,1,0.03,1,static,0x04ED3522
0x59A50465,slice2b_propattach11_pristine,rainbow,1,1,0,1,0,0,0,4,4,1.96,0,intact,0x6B1DE27D
0x59A87509,slice4a_propattach09_pristine,rainbow,1,1,0,1,1,0,0,4,4,4.04,0,intact,0xE6027C27
0x59AE2DAB,,,0,1,0,1,1,0,0,5,5,7.99,1,break_piece,0x618526A4
0x59C8072A,floor02.piece1b_propdebris05,rainbow,1,1,0,1,1,0,0,3,3,1.80,1,break_piece,0xD1574A09
0x59F94175,piece5l_pristine,rainbow,1,1,0,1,1,0,0,2,2,13.79,0,intact,0x50AACA22
0x59FAA134,piece3a_propdebris28,rainbow,1,1,0,1,1,0,0,3,3,1.34,1,break_piece,0xDA1D8548
0x59FD8FD7,,,0,1,0,0,0,0,0,2,2,0.03,1,,0x6A2BE04D
0x5A122C15,,,0,1,0,0,0,0,0,2,2,0.03,1,,0x14D94B9B
0x5A1F1248,,,0,1,0,1,1,0,0,1,1,0.63,0,intact,0x4D4F42B5
0x5A2E275B,,,0,1,0,1,1,0,0,1,1,0.50,0,intact,0x09139BCD
0x5A4041C1,,,0,1,0,1,1,0,0,5,5,3.01,0,break_piece,0xF2391F54
0x5A43B448,,,0,1,0,0,1,0,0,2,2,2.45,0,,0x1FBFBB4B
0x5A4A89B7,slice9a_propattach01,rainbow,1,1,0,0,0,0,0,3,3,0.03,1,break_piece,0xC939089F
0x5A633734,,,0,1,0,0,1,0,0,6,6,0.95,0,break_piece,0x95F4BA55
0x5A641447,,,0,1,0,0,0,0,0,4,4,0.86,1,intact,0x86A7C828
0x5A67F1AA,piece6d_propdebris11,rainbow,1,1,0,1,1,0,0,3,3,1.16,1,break_piece,0x8E8ED4C0
0x5A6F478D,,,0,1,0,0,1,0,0,3,3,0.03,1,intact,0x4B9C42F1
0x5A87AD9A,,,0,1,0,0,1,0,0,5,5,0.03,1,break_piece,0xE6027C27
0x5AB21B84,,,0,1,1,0,0,0,0,0,0,0.03,0,static,0x5AB21B84
0x5AB8A933,jungle_env_treemedium03,rainbow,1,1,1,0,0,0,0,0,0,0.03,0,static,0x5AB8A933
0x5ADDDC2A,,,0,1,0,0,1,0,0,3,3,0.03,1,break_piece,0xA26387A9
0x5AE3B194,,,0,1,0,0,1,0,0,3,3,0.64,1,break_piece,0x461F1A3A
0x5AFB0C44,,,0,1,0,1,1,0,0,5,5,4.36,0,intact,0x2B97DD31
0x5B172306,civ_veh_truck_impact,rainbow,1,1,1,0,0,0,0,0,0,0.03,0,static,0x5B172306
0x5B271CB9,,,0,1,0,1,1,0,0,1,1,1.30,0,break_piece,0x5253854D
0x5B2824BA,hp_barreltip_samrr_d,rainbow,1,1,0,0,1,0,0,7,7,0.03,1,intact,0xE54047D5
0x5B3458E9,pmc_veh_truck_monster_rtr,rainbow,1,1,1,0,0,0,0,0,0,0.03,0,static,0x5B3458E9
0x5B37C6D6,,,0,1,1,0,0,0,0,0,0,0.03,0,static,0x5B37C6D6
0x5B440A51,slice1f_ruin,rainbow,1,1,0,1,1,0,0,2,2,23.86,0,intact,0x713ED3DB
0x5B633AA7,slice2n_propattach00_pristine,rainbow,1,1,0,1,1,0,0,4,4,14.10,0,intact,0x0B7CC1B7
0x5B74FF0F,,,0,1,0,0,1,0,0,5,5,0.03,0,break_piece,0x25FE00A7
0x5B767830,,,0,1,0,0,1,0,0,6,6,1.39,0,break_piece,0x0065B09D
0x5B7CFF79,hp_snap_mv_piece1B_oilrig_helipadsmallA,rainbow,1,1,0,0,1,0,0,2,2,0.03,1,static,0xAC3CD893
0x5B7F6D3D,global_chairwoodf,rainbow,1,1,1,0,0,0,0,0,0,0.03,0,static,0x5B7F6D3D
0x5B801D06,piece2h_propattach00,rainbow,1,1,0,0,0,0,0,3,3,0.03,1,intact,0x91E2FC68
0x5B8500C9,,,0,1,0,0,1,0,0,3,3,2.55,0,,0x14D94B9B
0x5B8723FF,,,0,1,0,0,1,0,0,1,1,0.03,1,static,0xA948DDA6
0x5B873D24,,,0,1,0,0,1,0,0,3,3,0.03,1,intact,0x88612024
0x5B9B6C1E,,,0,1,0,1,1,0,0,4,4,1.14,0,break_piece,0xFD0229C3
0x5B9DE759,global_pickupmarker,rainbow,1,1,1,0,1,0,0,0,0,1.41,0,,0x5B9DE759
0x5BA613C4,,,0,1,0,0,1,0,0,6,6,1.08,0,break_piece,0x8C83F560
0x5BA73B36,,,0,1,0,0,1,0,0,5,5,0.03,1,break_piece,0x319D840A
0x5BC73FE1,bone_prop,rainbow,1,1,0,0,1,0,0,3,3,15.26,1,intact,0xB993D852
0x5BD5AA3F,,,0,1,1,0,0,0,0,0,0,0.03,0,static,0x5BD5AA3F
0x5BD776C2,slice1b_propattach10_dyrp11,rainbow,1,1,0,0,1,0,0,5,5,0.03,1,break_piece,0xCA20C1D9
0x5BEB0A48,,,0,1,1,0,1,0,0,0,0,1.02,0,,0xBD425473
0x5BF87E08,village_fruitboxstackc,rainbow,1,1,1,0,0,0,0,0,0,0.03,0,static,0x5BF87E08
0x5BFAC47E,,,0,1,0,1,1,0,0,5,5,1.04,0,break_piece,0xE6027C27
0x5BFC4DCF,,,0,1,0,1,1,0,0,6,6,0.41,1,break_piece,0x02195587
0x5C0F2347,hp_wood,rainbow,1,1,0,0,8,0,0,2,2,2.07,0,,0x307D6AE1
0x5C18597E,,,0,1,0,0,1,0,0,5,5,0.81,1,intact,0x4FC2D374
0x5C2DCDAC,bullbar_horn_cage_r_pristine,rainbow,1,1,0,1,1,0,0,4,4,6.86,0,break_piece,0xB993D852
0x5C2FB99B,,,0,1,0,0,1,0,0,5,5,0.03,1,break_piece,0x25FE00A7
0x5C39A29B,,,0,1,0,1,1,0,0,5,5,1.70,0,intact,0xE31521AD
0x5C3D69C5,,,0,1,0,0,1,0,0,3,3,0.03,1,break_piece,0xB0D4E642
0x5C5789F9,,,0,1,0,0,1,0,0,4,4,2.09,1,break_piece,0x25B3F7BC
0x5C6A86CC,piece2z_propdebris11,rainbow,1,1,0,1,1,0,0,3,3,7.71,1,break_piece,0xB6B946F4
0x5C6D87F2,,,0,1,0,0,1,0,0,2,2,4.95,1,,0xC1E0DE18
0x5C75123F,,,0,1,0,1,1,0,0,1,1,0.43,0,intact,0xE05A09A2
0x5C783A89,piece1a_qduv9,rainbow,1,1,0,0,1,0,0,3,3,0.03,1,intact,0x27C46DD1
0x5C7D614C,,,0,1,0,1,1,0,0,5,5,1.70,0,break_piece,0xE31521AD
0x5C878A89,global_weapon_binoculars1,rainbow,1,1,1,0,1,0,0,0,0,0.21,0,,0xE45965E8
0x5C96DD8A,bone_massive_1x2_a,rainbow,1,1,0,0,1,0,0,3,3,6.71,1,intact,0x8E3345D0
0x5C9E4676,slice7f_propdebris01,rainbow,1,1,0,1,1,0,0,3,3,6.60,1,break_piece,0x04CC21CD
0x5CADC08F,bone_rocket_mount_r,rainbow,1,1,0,0,0,0,0,4,4,0.03,1,intact,0xFB89A3B1
0x5CB95037,,,0,1,0,1,1,0,0,4,4,1.93,0,break_piece,0x261F62BF
0x5CDACFE1,,,0,1,0,1,1,0,0,4,4,3.30,0,break_piece,0x8B310BBB
0x5CE8EC85,,,0,1,0,1,0,0,0,3,3,9.18,0,break_piece,0xD1968AF1
0x5CF5D8A7,slice2i_propattach01_pristine,rainbow,1,1,0,1,1,0,0,4,4,14.10,0,intact,0x0B7CC1B7
0x5D07AE1A,,,0,1,0,0,1,0,0,5,5,0.03,1,break_piece,0xC56B1A44
0x5D090049,piece4d_propdebris03,rainbow,1,1,0,1,1,0,0,3,3,2.05,1,break_piece,0x04CC21CD
0x5D108EF2,city_bld_apartment06,rainbow,1,1,1,0,0,0,0,0,0,0.03,0,static,0x5D108EF2
0x5D22914B,global_sign_road02,rainbow,1,1,1,0,0,0,0,0,0,0.03,0,static,0x5D22914B
0x5D2AC2CD,bone_plantb,rainbow,1,1,0,0,1,0,0,1,1,1.90,0,,0x5F1CF60F
0x5D5CECAD,piece1b_propdebris35,rainbow,1,1,0,1,1,0,0,3,3,2.63,1,break_piece,0x493FD997
0x5D650A12,,,0,1,0,1,1,0,0,1,1,0.90,0,intact,0x4AB6F9B6
0x5D781C09,floor01.slice1a_propdebris02,rainbow,1,1,0,1,1,0,0,4,4,8.08,1,break_piece,0x149FC407
0x5D84BF52,piece3e_propdebris04,rainbow,1,1,0,1,1,0,0,3,3,3.76,1,break_piece,0xF51C01DD
0x5D912072,L3_faraway,rainbow,1,1,0,0,1,0,0,6,6,4.32,0,break_piece,0xA26387A9
0x5DACD9A7,hp_barreltip_turret_rb,rainbow,1,1,0,0,1,0,0,7,7,0.03,1,intact,0xC733E65D
0x5DBB310B,,,0,1,1,0,0,0,0,0,0,0.03,0,static,0x5DBB310B
0x5DBDC376,hp_barreltip_samfm_g,rainbow,1,1,0,0,1,0,0,6,6,0.03,1,intact,0xE54047D5
0x5DC0115B,,,0,1,1,0,0,0,0,0,0,0.03,0,static,0xAACA3CFB
0x5DC2D1E2,caracas_walllong,rainbow,1,1,1,0,0,0,0,0,0,0.03,0,static,0x5DC2D1E2
0x5DD0E771,,,0,1,1,0,0,0,0,0,0,6.85,0,,0x9DD1FAC0
0x5DD24682,,,0,1,0,0,1,0,0,3,3,0.03,1,break_piece,0x7604B190
0x5DDD482E,slice4a_propattach04_pristine,rainbow,1,1,0,1,1,0,0,4,4,0.64,0,break_piece,0xE6027C27
0x5DE929E8,slice6c_propdebris01,rainbow,1,1,0,1,1,0,0,3,3,7.80,1,break_piece,0x04CC21CD
0x5DECF0AE,,,0,1,0,0,1,0,0,4,4,0.03,1,break_piece,0xA113D98D
0x5DF290AF,,,0,1,0,1,1,0,0,1,1,0.32,0,intact,0x09139BCD
0x5DF53D7C,,,0,1,0,1,1,0,0,4,4,4.31,1,break_piece,0x165F7C10
0x5E089268,,,0,1,0,0,1,0,0,5,5,0.03,1,break_piece,0x319D840A
0x5E188A8D,,,0,1,1,0,0,0,0,0,0,0.03,0,static,0x14954ADD
0x5E30BA81,,,0,1,0,0,1,0,0,5,5,0.03,1,break_piece,0x319D840A
0x5E34F606,,,0,1,0,1,1,0,0,3,3,11.72,0,intact,0xE54047D5
0x5E3F7A83,,,0,1,1,0,1,0,0,0,0,43.80,0,,0x5E3F7A83
0x5E489F05,,,0,1,0,0,1,0,0,4,4,0.03,1,break_piece,0xF405EF93
0x5E54C764,bone_pitch_minigun,rainbow,1,1,0,0,0,0,0,4,4,10.71,0,,0x3A1CB5C0
0x5E6DF8C2,piece9g_propdebris13,rainbow,1,1,0,1,1,0,0,3,3,6.53,1,break_piece,0x69D31E85
0x5E7755E5,piece2z_propdebris14,rainbow,1,1,0,1,1,0,0,3,3,3.11,1,break_piece,0xB6B946F4
0x5E92A40B,bone_yaw_sidegun,rainbow,1,1,0,0,0,0,0,3,3,0.03,1,,0x3A1CB5C0
0x5E9C519A,floor01.piece2b_propdebris10,rainbow,1,1,0,1,1,0,0,3,3,13.81,1,break_piece,0xD23F52FC
0x5E9FF3E5,bone_pipes,rainbow,1,1,0,0,1,0,0,3,3,96.80,0,break_piece,0xC56B1A44
0x5EA88695,global_newspaperbin02,rainbow,1,1,1,0,0,0,0,0,0,0.03,0,static,0x5EA88695
0x5EABF76D,piece1c_propattach01,rainbow,1,1,0,0,0,0,0,3,3,0.03,1,intact,0x086666D2
0x5EB7ABA5,piece5a_propdebris09,rainbow,1,1,0,1,1,0,0,3,3,1.92,1,break_piece,0xF088DE87
0x5EC1A39B,,,0,1,0,1,1,0,0,6,6,2.26,0,intact,0xDA219845
0x5ECBEE4D,,,0,1,0,1,1,0,0,5,5,3.72,0,break_piece,0xBD552CD3
0x5ECC0507,,,0,1,1,0,0,0,0,0,0,0.03,0,static,0x3F2F85E2
0x5ECD18B5,,,0,1,1,0,0,0,0,0,0,0.03,0,static,0x5ECD18B5
0x5EDF2DEE,,,0,1,0,1,1,0,0,1,1,1.38,0,intact,0x4761451B
0x5EED0FFA,hp_microuzi,rainbow,1,1,1,0,0,0,0,0,0,0.31,0,static,0x8F803A20
0x5F0E82F3,,,0,1,1,0,0,0,0,0,0,0.03,0,static,0x723F2111
0x5F1DB2A5,bone_pitch_mast_l,rainbow,1,1,0,0,1,0,0,5,5,14.76,1,intact,0x74EB59B1
0x5F249AB5,slice5d_interior,rainbow,1,1,0,1,1,0,0,3,3,30.35,0,intact,0x04CC21CD
0x5F25621E,,,0,1,0,0,1,0,0,3,3,0.03,1,break_piece,0xE59723FD
0x5F2AF8BC,,,0,1,0,0,0,0,0,2,2,0.03,1,break_piece,0xE54047D5
0x5F43C7C1,pmcoutpost_bld_guardtower,rainbow,1,1,1,0,0,0,0,0,0,0.03,0,static,0x5F43C7C1
0x5F4AC808,,,0,1,0,1,1,0,0,4,4,6.73,0,intact,0xC56B1A44
0x5F6F6450,merida_bld_plazachurch,rainbow,1,1,1,0,0,0,0,0,0,0.03,0,static,0x5F6F6450
0x5F743FEC,,,0,1,1,0,1,0,0,0,0,2.82,0,,0x5F743FEC
0x5F7A3CF0,bone_yaw_turret_front,rainbow,1,1,0,0,0,0,0,3,3,1.66,1,intact,0x60E7FFEB
0x5F7E22EE,slice9b_propattach00_pristine,rainbow,1,1,0,1,1,0,0,4,4,1.20,0,break_piece,0xC939089F
0x5F811126,,,0,1,0,1,1,0,0,1,1,1.35,0,intact,0x0D0B8CF5
0x5F8227F9,hp_oc01_player,rainbow,1,1,0,0,1,0,0,1,1,0.03,1,,0xB19C5FE4
0x5F8742BE,,,0,1,0,1,1,0,0,5,5,1.70,0,break_piece,0xE31521AD
0x5FB5D363,,,0,1,0,0,0,0,0,2,2,0.03,1,,0x14D94B9B
0x5FB629D0,hp_barreltip_missile_c,rainbow,1,1,0,0,1,0,0,5,5,0.03,1,intact,0x56EE6A1F
0x5FB632B2,,,0,1,0,0,0,0,0,4,4,0.03,1,break_piece,0x8C58E7EB
0x5FBA3915,global_weapon_ak47,rainbow,1,1,2,0,0,0,0,0,0,0.92,0,static,0x5FBA3915
0x5FBF8333,,,0,1,0,1,1,0,0,1,1,0.21,0,intact,0xF245AC63
0x5FDCE2EB,,,0,1,0,0,1,0,0,6,6,1.20,0,break_piece,0xC159BBC9
0x5FE81D3F,,,0,1,0,1,1,0,0,4,4,1.90,0,break_piece,0x7EC3FC58
0x5FF412A5,vzoutpost_walla,rainbow,1,1,1,0,0,0,0,0,0,0.03,0,static,0x5FF412A5
0x5FFBA4F7,,,0,1,0,1,1,0,0,4,4,2.46,0,break_piece,0x7EC3FC58
0x600E3F24,,,0,1,0,0,0,0,0,4,4,0.03,1,break_piece,0xE31521AD
0x6011EA39,slice2e_propattach00,rainbow,1,1,0,0,0,0,0,3,3,0.03,1,break_piece,0x0B7CC1B7
0x601A1292,island_bld_tower01,rainbow,1,1,1,0,0,0,0,0,0,0.03,0,static,0x601A1292
0x602B1474,,,0,1,0,0,1,0,0,6,6,1.54,0,break_piece,0x25BB5EA6
0x60397B64,hp_barreltip_xrocketR,rainbow,1,1,0,0,1,0,0,5,5,0.03,1,break_piece,0x9FCAE910
0x60443323,,,0,1,0,0,1,0,0,1,1,2.59,1,,0x8CAFF9CF
0x604A6C85,,,0,1,0,0,1,0,0,6,6,1.05,0,break_piece,0xCE77D4CB
0x605848D6,,,0,1,0,1,0,0,0,5,5,0.03,1,break_piece,0xDDE0070C
0x605D9BB0,hp_oc02_player,rainbow,1,1,0,0,1,0,0,1,1,0.03,1,,0xB19C5FE4
0x606ACAAB,global_benchpark,rainbow,1,1,1,0,0,0,0,0,0,0.03,0,static,0x606ACAAB
0x608041FA,,,0,1,1,0,0,0,0,0,0,0.03,0,static,0x608041FA
0x60815046,,,0,1,0,0,0,0,0,1,1,0.03,0,,0x307D6AE1
0x6088BAC6,,,0,1,0,0,1,0,0,3,3,2.10,0,,0x14D94B9B
0x60903BE4,piece3b_propdebris18,rainbow,1,1,0,1,1,0,0,3,3,1.09,1,break_piece,0xF4AF3C5B
0x60ABB7A3,global_waterpuddle03,rainbow,1,1,1,0,1,0,0,0,0,3.62,0,,0x60ABB7A3
0x60B23250,maracaibo_patz57,rainbow,1,1,0,0,1,0,0,3,3,2.10,0,,0x14D94B9B
0x60B61491,piece1b_propattach15,rainbow,1,1,0,0,0,0,0,3,3,0.03,0,break_piece,0x6B3A45A6
0x60CB0FA9,,,0,1,0,1,1,0,0,5,5,4.52,1,break_piece,0x6B3A45A6
0x60CDF5E5,merida_signfoldc,rainbow,1,1,1,0,0,0,0,0,0,0.03,0,,0x60CDF5E5
0x60D0F2A6,,,0,1,0,0,0,0,0,3,3,0.03,1,break_piece,0x04549112
0x60E7FFEB,vz_veh_boat_patrol,rainbow,1,1,1,0,0,0,0,0,0,0.03,0,static,0x60E7FFEB
0x60FF79A3,,,0,1,0,1,1,0,0,6,6,0.97,1,intact,0x179A7702
0x6100C322,,,0,1,0,0,1,0,0,1,1,1.31,0,,0x0BBA3066
0x610556E8,global_satellitedishb,rainbow,1,1,1,0,0,0,0,0,0,0.03,0,static,0x610556E8
0x6109BB52,slice1a_propattach21_ruin,rainbow,1,1,0,1,0,0,0,4,4,0.03,0,break_piece,0x1946F361
0x611DEF9B,,,0,1,0,0,1,0,0,6,6,1.73,0,break_piece,0xEAA1C080
0x613D6CEC,oilrig_tanksmalla,rainbow,1,1,1,0,0,0,0,0,0,0.03,0,static,0x613D6CEC
0x613DE73B,,,0,1,0,0,1,0,0,6,6,2.09,0,break_piece,0xCDC5617A
0x61426469,,,0,1,0,0,1,0,0,6,6,2.09,0,break_piece,0xCDC5617A
0x614F65DF,,,0,1,0,1,1,0,0,5,5,2.59,1,break_piece,0x25FE00A7
0x614FAE88,shanty_bld_shack02,rainbow,1,1,1,0,0,0,0,0,0,0.03,0,static,0x614FAE88
0x61656891,,,0,1,0,0,1,0,0,5,5,1.00,0,break_piece,0x4F3C5FBE
0x6172E071,,,0,1,0,0,1,0,0,2,2,43.67,0,break_piece,0x8B73A257
0x61733F70,piece1g_propdebris11,rainbow,1,1,0,1,1,0,0,3,3,2.84,1,break_piece,0xC808E35C
0x6173495D,,,0,1,0,1,1,0,0,5,5,1.70,0,break_piece,0xE31521AD
0x618526A4,oilrig_simple,rainbow,1,1,1,0,0,0,0,0,0,0.03,0,static,0x618526A4
0x618A23C5,,,0,1,0,1,1,0,0,5,5,3.09,1,break_piece,0x818E5819
0x618AD938,,,0,1,0,1,1,0,0,5,5,4.04,0,break_piece,0xE6027C27
0x6191226A,hp_fx_light23,rainbow,1,1,0,0,1,0,0,1,1,0.03,1,static,0x04ED3522
0x619A3655,hp_mp5sd,rainbow,1,1,1,0,0,0,0,0,0,0.74,0,static,0xE677C9A3
0x61A48C2E,slice1a_propdebris33,rainbow,1,1,0,1,1,0,0,3,3,3.68,1,break_piece,0xB358951D
0x61A96103,hp_barreltip_missile_d,rainbow,1,1,0,0,1,0,0,5,5,0.03,1,intact,0x56EE6A1F
0x61C12EBD,,,0,1,0,0,1,0,0,3,3,0.03,1,break_piece,0x7604B190
0x61C35F7B,piece1b_propdebris95,rainbow,1,1,0,1,1,0,0,3,3,7.97,1,break_piece,0xA948DDA6
0x61D49509,,,0,1,0,0,1,0,0,5,5,0.03,1,break_piece,0x9FCAE910
0x61DF0C78,,,0,1,0,0,1,0,0,6,6,0.87,0,break_piece,0x080D83D1
0x61E7820A,,,0,1,0,0,1,0,0,4,4,0.03,1,break_piece,0xF6DEC8EA
0x61F449E8,,,0,1,0,0,0,0,0,3,3,0.03,0,break_piece,0x6B3A45A6
0x621B0E3D,,,0,1,0,0,0,0,0,4,4,0.03,1,break_piece,0xE31521AD
0x621C0C52,bone_radar,rainbow,1,1,0,0,1,0,0,3,3,2.31,1,break_piece,0x080D83D1
0x6221CBBC,bonebottom_gunbl03,rainbow,1,1,0,0,1,0,0,3,3,0.03,1,intact,0x60E7FFEB
0x62335897,global_weapon_beaconlight1,rainbow,1,1,1,0,1,0,0,0,0,0.11,0,,0x40A29B12
0x6233629A,,,0,1,0,0,1,0,0,3,3,0.03,1,intact,0x0B7CC1B7
0x6239F2C2,,,0,1,0,0,1,0,0,4,4,0.03,1,break_piece,0x0189C80A
0x62487AD8,,,0,1,1,0,0,0,0,0,0,0.03,0,static,0x62487AD8
0x624F3CEA,proutpost_bld_hq,rainbow,1,1,1,0,0,0,0,0,0,0.03,0,static,0x624F3CEA
0x625049D8,floor01.piece1a_propdebris25,rainbow,1,1,0,1,1,0,0,3,3,9.44,1,break_piece,0x601A1292
0x625ACE5A,piece3c_propdebris15,rainbow,1,1,0,1,1,0,0,3,3,1.97,1,break_piece,0xA1A48E75
0x62661F6C,global_weapon_emplaced_tow,rainbow,1,1,1,0,0,0,0,0,0,0.03,0,,0x62661F6C
0x62676912,,,0,1,0,0,1,0,0,6,6,5.51,0,break_piece,0xEAA1C080
0x62679426,piece4a_propdebris03,rainbow,1,1,0,1,1,0,0,3,3,3.85,1,break_piece,0x8E8ED4C0
0x626B3427,,,0,1,0,0,0,0,0,2,2,0.03,1,break_piece,0xD1968AF1
0x6270A601,village_bld_watchtower02,rainbow,1,1,1,0,0,0,0,0,0,0.03,0,static,0x6270A601
0x62A56983,maracaibo_patz50,rainbow,1,1,0,0,1,0,0,3,3,2.10,0,,0x14D94B9B
0x62B61500,piece4c_propdebris14,rainbow,1,1,0,1,1,0,0,3,3,2.35,1,break_piece,0xFA83AC18
0x62BBC9B3,floor01.slice1d,rainbow,1,1,0,0,0,0,0,1,1,0.03,0,static,0x149FC407
0x62C1FF26,,,0,1,0,0,0,0,0,5,5,0.38,0,break_piece,0xF6DEC8EA
0x62C6E0B0,,,0,1,0,0,1,0,0,6,6,2.01,0,break_piece,0x31F0FE47
0x62D45983,jungle_env_treetall03,rainbow,1,1,1,0,0,0,0,0,0,0.03,0,static,0x62D45983
0x62DC63AB,,,0,1,0,0,1,0,0,3,3,1.56,1,,0x32FBE556
0x62E0B4AB,,,0,1,0,0,1,0,0,5,5,0.03,1,break_piece,0x319D840A
0x62EA59D3,floor02.piece2a_propdebris11,rainbow,1,1,0,1,1,0,0,3,3,13.87,1,break_piece,0xD44C2215
0x62FFA04E,bone_suspension_wheel_r,rainbow,1,1,0,0,0,0,0,5,5,1.33,1,break_piece,0x25B3F7BC
0x6301BC64,,,0,1,0,1,0,0,0,3,3,0.03,1,break_piece,0x4A95F55C
0x63079DCA,margarita_env_trench,rainbow,1,1,1,0,1,0,0,0,0,93.04,0,,0x63079DCA
0x6307D65B,pmcoutpost_gate,rainbow,1,1,1,0,0,0,0,0,0,0.03,0,static,0x6307D65B
0x6315BA1B,hp_seat_samrr,rainbow,1,1,0,0,1,0,0,6,6,0.03,1,intact,0xE54047D5
0x631C0CEE,,,0,1,0,0,1,0,0,6,6,0.03,1,break_piece,0xE54047D5
0x632503BB,piece5a_propdebris18,rainbow,1,1,0,1,1,0,0,3,3,2.32,1,break_piece,0x2CE290F9
0x634F1F65,pmcoutpost_interior_recruitheli,rainbow,1,1,1,0,0,0,0,0,0,0.03,0,,0x634F1F65
0x63538936,industrial_bld_gasstation01,rainbow,1,1,1,0,0,0,0,0,0,0.03,0,static,0x63538936
0x63637BA0,floor02.piece1a_propattach00,rainbow,1,1,0,0,0,0,0,3,3,0.03,0,intact,0xCA3AC936
0x63653F5C,,,0,1,0,0,1,0,0,6,6,1.91,0,break_piece,0x232B1C7C
0x63694849,,,0,1,0,1,1,0,0,5,5,1.04,0,break_piece,0x6B1DE27D
0x63726B5B,,,0,1,0,0,1,0,0,6,6,1.24,0,break_piece,0x02195587
0x6375E7A0,floor02.piece2a_propattach02_pristine,rainbow,1,1,0,1,1,0,0,4,4,8.27,0,intact,0xAC3CD893
0x637CC87F,,,0,1,0,0,1,0,0,5,5,0.03,1,break_piece,0xCA20C1D9
0x63898A8F,,,0,1,0,0,1,0,0,3,3,2.55,0,,0x14D94B9B
0x638AFBD5,slice4c_pristine,rainbow,1,1,0,1,1,0,0,2,2,21.58,0,intact,0x1A74D3EE
0x63A552E1,village_bld_shackovergrown01,rainbow,1,1,1,0,0,0,0,0,0,0.03,0,static,0x63A552E1
0x63BD9B82,global_env_tree01,rainbow,1,1,1,0,0,0,0,0,0,0.03,0,static,0x63BD9B82
0x63C9B704,,,0,1,0,1,1,0,0,5,5,7.05,1,break_piece,0xC56B1A44
0x63CE3432,,,0,1,0,1,1,0,0,5,5,12.60,1,break_piece,0xC56B1A44
0x63DA9DA6,L1_closeup22,rainbow,1,1,0,0,1,0,0,6,6,1.22,0,break_piece,0x63E4703A
0x63E4703A,civ_veh_truck_bank,rainbow,1,1,1,0,0,0,0,0,0,0.03,0,static,0x63E4703A
0x63F655D7,floor01.slice1c_interior,rainbow,1,1,0,1,0,0,0,3,3,128.61,0,break_piece,0x149FC407
0x63F7F936,,,0,1,1,0,0,0,0,0,0,0.37,0,static,0xAB3E9879
0x63FF7C12,,,0,1,0,0,1,0,0,5,5,0.03,1,break_piece,0x3FF2692D
0x640ECDFB,,,0,1,0,0,1,0,0,3,3,0.03,1,break_piece,0x7604B190
0x64134B29,,,0,1,0,0,1,0,0,3,3,0.03,1,break_piece,0x7604B190
0x6413BFB3,bone_elevator_r_roll,rainbow,1,1,0,0,1,0,0,2,2,7.38,1,,0x32FBE556
0x641CE36F,,,0,1,0,1,1,0,0,1,1,0.69,0,intact,0x4D4F42B5
0x641CEC16,,,0,1,0,1,1,0,0,5,5,6.32,1,break_piece,0x0B7CC1B7
0x64265F5A,,,0,1,0,1,1,0,0,5,5,3.15,0,break_piece,0x1946F361
0x642E855C,,,0,1,0,0,1,0,0,5,5,0.03,1,break_piece,0x319D840A
0x6441856F,,,0,1,0,0,1,0,0,2,2,2.45,0,,0x1FBFBB4B
0x6442569D,bone_engine_l_roll,rainbow,1,1,0,0,1,0,0,3,3,2.05,1,,0x32FBE556
0x64462DDD,bone_elevator_l_roll,rainbow,1,1,0,0,1,0,0,2,2,7.37,1,,0x32FBE556
0x644BDE54,,,0,1,0,0,1,0,0,4,4,0.03,1,intact,0xB1EB099F
0x6458A6A5,,,0,1,0,1,1,0,0,5,5,4.45,1,break_piece,0x35992F99
0x64595380,,,0,1,0,0,1,0,0,3,3,1.14,1,,0x32FBE556
0x645D18F1,floor01.piece1a_propdebris28,rainbow,1,1,0,1,1,0,0,3,3,10.01,1,break_piece,0x601A1292
0x646165BB,slice1b_propdebris20,rainbow,1,1,0,1,1,0,0,3,3,2.72,1,break_piece,0x5436A936
0x6468F103,proutpost_fueltanks_pice_01_info_a3,rainbow,1,1,0,1,1,0,0,5,5,1.08,1,break_piece,0xCB4C6EAB
0x64789A1F,,,0,1,0,0,1,0,0,6,6,1.83,0,break_piece,0x926D9ECB
0x6479A51A,slice2o_propattach00_pristine,rainbow,1,1,0,1,1,0,0,4,4,14.10,0,intact,0x0B7CC1B7
0x64836F61,global_trashcan02,rainbow,1,1,1,0,1,0,0,0,0,1.41,0,,0x64836F61
0x64A2D03C,slice7f_propdebris03,rainbow,1,1,0,1,1,0,0,3,3,4.84,1,break_piece,0x04CC21CD
0x64ACE20C,hp_seat_lr,rainbow,1,1,0,0,1,0,0,3,3,0.03,1,break_piece,0x9FCAE910
0x64B0243E,,,0,1,1,0,0,0,0,0,0,0.03,0,static,0x64B0243E
0x64B05D62,floor02.piece1a_propdebris04,rainbow,1,1,0,1,1,0,0,3,3,5.18,1,break_piece,0xCB4C6EAB
0x64B689B4,,,0,1,0,0,1,0,0,3,3,0.03,1,break_piece,0xB6B946F4
0x64CBD1EF,,,0,1,0,1,1,0,0,4,4,3.29,0,break_piece,0x8B310BBB
0x64DD9286,,,0,1,0,0,1,0,0,2,2,2.72,1,,0x32FBE556
0x64F25712,industrial_signgastall,rainbow,1,1,1,0,0,0,0,0,0,0.03,0,static,0x64F25712
0x64F6AF17,,,0,1,0,1,1,0,0,3,3,5.09,0,intact,0xE54047D5
0x64FFD551,,,0,1,0,0,1,0,0,6,6,2.15,0,break_piece,0xA26387A9
0x6500A0AE,global_flag_largegr,rainbow,1,1,1,0,0,0,0,0,0,0.03,0,static,0x6500A0AE
0x65060FCB,,,0,1,0,0,1,0,0,6,6,2.01,0,break_piece,0x31F0FE47
0x6508EB34,piece5c_propdebris15,rainbow,1,1,0,1,1,0,0,3,3,1.09,1,break_piece,0xF4AF3C5B
0x650D6862,piece5c_propdebris13,rainbow,1,1,0,1,1,0,0,3,3,1.09,1,break_piece,0xF4AF3C5B
0x651127AF,,,0,1,0,0,1,0,0,1,1,1.71,1,,0x1FBFBB4B
0x652D91CD,slice2j_propattach00_ruin,rainbow,1,1,0,1,0,0,0,4,4,0.03,0,break_piece,0x0B7CC1B7
0x652F1208,aloutpost_bld_hangersmall,rainbow,1,1,1,0,0,0,0,0,0,0.03,0,static,0x652F1208
0x654228DD,,,0,1,0,1,1,0,0,5,5,8.52,1,break_piece,0x2A5FF32E
0x654385B4,global_stain06,rainbow,1,1,1,0,1,0,0,0,0,5.50,0,,0x654385B4
0x6548B1C8,slice2a_propattach19_ruin,rainbow,1,1,0,1,0,0,0,4,4,0.03,0,break_piece,0x2171B6D7
0x654F58A5,,,0,1,0,0,1,0,0,4,4,0.03,1,intact,0x96195816
0x655A0908,,,0,1,0,1,1,0,0,6,6,1.25,1,break_piece,0x4AEE11CE
0x655CD33F,industrial_cartlong,rainbow,1,1,1,0,0,0,0,0,0,0.03,0,static,0x655CD33F
0x655E62DA,,,0,1,0,1,1,0,0,1,1,0.49,0,intact,0x25E39BE9
0x6561C8FB,,,0,1,0,0,1,0,0,6,6,1.21,0,intact,0x2255CE3E
0x65664629,,,0,1,0,0,1,0,0,6,6,1.21,0,intact,0x2255CE3E
0x65667F71,,,0,1,0,0,1,0,0,5,5,0.03,1,break_piece,0x1E359C2F
0x65735063,,,0,1,0,0,0,0,0,2,2,0.03,1,,0x14D94B9B
0x657886AA,L12_close3,rainbow,1,1,0,0,1,0,0,4,4,2.32,0,break_piece,0x3C76C1A0
0x657CA5CF,floor01.slice1a_propdebris04,rainbow,1,1,0,1,1,0,0,4,4,6.41,1,break_piece,0x149FC407
0x659640D1,,,0,1,0,0,1,0,0,6,6,0.95,0,break_piece,0x8CA421C3
0x659DF0CA,,,0,1,0,0,0,0,0,2,2,16.10,1,,0xBEC05BF8
0x65A7D881,global_weapon_finrocket,rainbow,1,1,1,0,1,0,0,0,0,1.41,0,,0x65A7D881
0x65A910E2,,,0,1,0,0,0,0,0,2,2,0.03,1,,0x14D94B9B
0x65B09AE7,,,0,1,0,0,1,0,0,6,6,0.03,1,break_piece,0xB0D4E642
0x65B85695,,,0,1,0,1,1,0,0,5,5,5.42,1,break_piece,0xD23F52FC
0x65B8DBF5,dlc_outskirt_interior_stool,rainbow,1,1,1,0,1,0,0,0,0,0.03,0,static,0x65B8DBF5
0x65C24D3C,hp_barreltip_samfm_e,rainbow,1,1,0,0,1,0,0,6,6,0.03,1,intact,0xE54047D5
0x65CD9326,piece6d_propdebris02,rainbow,1,1,0,1,1,0,0,3,3,1.10,1,break_piece,0x8E8ED4C0
0x65D463A5,,,0,1,0,0,1,0,0,5,5,2.09,0,intact,0xCDC5617A
0x65D46951,commercial_bld_corner8x8a,rainbow,1,1,1,0,0,0,0,0,0,0.03,0,static,0x65D46951
0x65FC6327,,,0,1,2,0,2,0,0,0,0,0.45,0,,0xC33114C4
0x66066628,,,0,1,0,1,0,0,0,2,2,0.03,0,break_piece,0xFF7ABB3B
0x661A6177,,,0,1,0,0,1,0,0,4,4,0.03,1,break_piece,0xF762CFC3
0x661A63EC,,,0,1,0,0,1,0,0,4,4,0.03,1,intact,0xD4E88AFD
0x6630824C,aloutpost_bld_bunker_wall_w12_15,rainbow,1,1,0,1,1,0,0,5,5,1.04,0,break_piece,0xE6027C27
0x664637C6,,,0,1,0,0,1,0,0,3,3,2.10,0,,0x14D94B9B
0x6652E48F,slice2o_interior,rainbow,1,1,0,1,1,0,0,3,3,22.52,0,break_piece,0x0B7CC1B7
0x666CFC52,,,0,1,0,0,1,0,0,4,4,0.03,1,break_piece,0xFB89A3B1
0x6670475F,global_tablechess,rainbow,1,1,1,0,0,0,0,0,0,0.03,0,static,0x6670475F
0x669A77F4,global_waterpuddle08,rainbow,1,1,1,0,1,0,0,0,0,2.99,0,,0x669A77F4
0x669FA77D,hp_grenades,rainbow,1,1,1,0,1,0,0,0,0,1.27,0,,0xF1BC37E3
0x66A4E5FB,,,0,1,0,1,1,0,0,1,1,1.29,0,intact,0x25E39BE9
0x66B3DF6C,piece1b_propattach14,rainbow,1,1,0,0,0,0,0,3,3,0.03,0,break_piece,0x6B3A45A6
0x66B89C98,,,0,1,1,0,1,0,0,0,0,22.57,0,,0x66B89C98
0x66BA7D0C,,,0,1,0,0,0,0,0,2,2,0.03,1,break_piece,0xD1968AF1
0x66D93DFF,,,0,1,0,0,1,0,0,4,4,0.03,1,intact,0xC733E65D
0x66DB8855,,,0,1,0,0,1,0,0,5,5,0.03,1,break_piece,0x4A95F55C
0x66E02215,,,0,1,0,1,1,0,0,1,1,0.41,0,intact,0x759BDE16
0x671BC703,,,0,1,0,0,1,0,0,4,4,0.03,1,break_piece,0xE54047D5
0x673A190D,Slice2M_pristine,rainbow,2,1,0,1,0,0,0,2,2,36.11,0,break_piece,0x0B7CC1B7
0x673DA731,slice2a_propattach14_pristine,rainbow,1,1,0,1,1,0,0,4,4,0.57,0,break_piece,0x2171B6D7
0x674709F1,,,0,1,0,0,1,0,0,4,4,1.98,1,intact,0x22BA44C8
0x6747FD80,hp_fx_exhaust_bb,rainbow,1,1,0,0,1,0,0,5,5,0.03,1,intact,0x86A7C828
0x67599263,,,0,1,0,1,1,0,0,5,5,2.91,1,break_piece,0x2171B6D7
0x67716194,slice9a_ruin,rainbow,1,1,0,1,1,0,0,2,2,30.09,0,intact,0xC939089F
0x67734C1F,slice9b_propattach00,rainbow,1,1,0,0,0,0,0,3,3,0.03,1,break_piece,0xC939089F
0x67AE0ED9,,,0,1,0,0,1,0,0,5,5,0.03,1,intact,0xD0C7814B
0x67B7E928,hp_dshk,rainbow,1,1,1,0,0,0,0,0,0,0.03,0,static,0xBB034506
0x67E4F5A1,,,0,1,0,0,1,0,0,6,6,1.03,0,break_piece,0x46C5012C
0x67EBD596,bone_steer_r,rainbow,1,1,0,0,1,0,0,4,4,0.49,1,intact,0x7366155A
0x681013F6,piece2h_propattach13,rainbow,1,1,0,0,0,0,0,3,3,0.03,0,intact,0x91E2FC68
0x68119FD8,hp_vz_deliverycrate,rainbow,1,1,1,0,0,0,0,0,0,0.03,0,static,0x43DCA001
0x682A5238,,,0,1,0,0,0,0,0,4,4,0.03,1,break_piece,0xE31521AD
0x682DCBCD,,,0,1,0,0,1,0,0,6,6,1.13,0,break_piece,0xF88147A1
0x6834F1CB,maracaibo_patz72,rainbow,1,1,0,0,1,0,0,3,3,2.10,0,,0x14D94B9B
0x6837169E,,,0,1,0,0,0,0,0,3,3,0.03,0,break_piece,0x1A74D3EE
0x683E08BB,bone_pitch_missilel,rainbow,1,1,0,0,0,0,0,4,4,1.61,1,break_piece,0x9FCAE910
0x685A7CB5,,,0,1,0,0,1,0,0,6,6,1.38,0,break_piece,0x0065B09D
0x685CFFF9,slice1a_propattach19_ruin,rainbow,1,1,0,1,0,0,0,4,4,0.03,0,break_piece,0x1946F361
0x686236F5,,,0,1,0,1,1,0,0,4,4,1.00,1,break_piece,0xF762CFC3
0x68667CA3,bone_perception,rainbow,1,1,0,0,1,0,0,3,3,0.03,1,break_piece,0x9FCAE910
0x686747BB,hp_fx_clothesline_c,rainbow,1,1,0,0,1,0,0,3,3,0.03,1,break_piece,0x8F25996F
0x686BC4E9,hp_fx_clothesline_a,rainbow,1,1,0,0,1,0,0,3,3,0.03,1,break_piece,0x8F25996F
0x686E70DC,village_bld_watchtower03,rainbow,1,1,1,0,0,0,0,0,0,0.03,0,static,0x686E70DC
0x6871E4C5,,,0,1,1,0,0,0,0,0,0,0.03,0,static,0x6871E4C5
0x687506F6,,,0,1,0,0,0,0,0,6,6,0.29,1,break_piece,0xB993D852
0x68838B41,global_pile02,rainbow,1,1,1,0,0,0,0,0,0,0.03,0,static,0x68838B41
0x688D448C,,,0,1,0,0,1,0,0,3,3,2.10,0,,0x14D94B9B
0x6896333F,,,0,1,0,0,0,0,0,2,2,1.99,1,,0x33C8B389
0x68A163E5,,,0,1,0,0,1,0,0,3,3,0.03,1,intact,0x6B432F1C
0x68AB73DA,bone_roll_ciwsfl,rainbow,1,1,0,0,1,0,0,7,7,2.63,1,intact,0x25FE00A7
0x68B30870,,,0,1,0,1,0,0,0,3,3,19.81,0,break_piece,0xE54047D5
0x68B59E68,oilrig_scaffold,rainbow,1,1,1,0,0,0,0,0,0,0.03,0,static,0x68B59E68
0x68DD3165,city_bld_corner16x16b,rainbow,1,1,1,0,0,0,0,0,0,0.03,0,static,0x68DD3165
0x68DEADE9,slice4a_propattach16_pristine,rainbow,1,1,0,1,1,0,0,4,4,5.44,0,intact,0xE6027C27
0x6900EFF6,,,0,1,1,0,1,0,0,0,0,0.03,0,,0xAC8D937A
0x691895D5,,,0,1,0,1,1,0,0,5,5,3.81,1,break_piece,0xC1527544
0x69204AC1,city_piracy_01,rainbow,1,1,1,0,1,0,0,0,0,120.31,0,,0x69204AC1
0x692FCD29,hp_minigun,rainbow,1,1,1,0,0,0,0,0,0,0.94,0,,0x5B6F14FF
0x693AD37C,piece5a_propdebris13,rainbow,1,1,0,1,1,0,0,3,3,5.12,1,break_piece,0x50AACA22
0x694B7CFE,,,0,1,0,1,1,0,0,4,4,2.93,0,break_piece,0x7EC3FC58
0x69526477,slice2g_pristine,rainbow,1,1,0,1,0,0,0,2,2,59.69,0,break_piece,0x0B7CC1B7
0x696ECEDA,piece1g_propdebris13,rainbow,1,1,0,1,1,0,0,3,3,2.15,1,break_piece,0xC808E35C
0x697313AD,,,0,1,0,1,1,0,0,5,5,6.22,1,break_piece,0x0B7CC1B7
0x69776A37,,,0,1,0,0,1,0,0,2,2,45.15,0,break_piece,0x8B73A257
0x697DF696,piece5n_propdebris14,rainbow,1,1,0,1,1,0,0,3,3,3.32,1,break_piece,0x50AACA22
0x698A2AAE,piece1e_propdebris28,rainbow,1,1,0,1,1,0,0,3,3,3.07,1,break_piece,0xC808E35C
0x699168E1,,,0,1,0,0,1,0,0,3,3,0.03,1,break_piece,0xB0D4E642
0x6995DC01,hp_snap_oilrig_catwalkd,rainbow,1,1,0,0,1,0,0,3,3,0.03,1,break_piece,0x618526A4
0x699FBB72,civ_veh_car_phoenix,rainbow,1,1,1,0,0,0,0,0,0,0.03,0,static,0x4A579010
0x69AB9F8B,global_barrelb,rainbow,1,1,1,0,0,0,0,0,0,0.03,0,,0x69AB9F8B
0x69ACBCF0,piece1e_propdebris26,rainbow,1,1,0,1,1,0,0,3,3,2.04,1,break_piece,0xC808E35C
0x69B776FC,global_env_hedgelong,rainbow,1,1,1,0,0,0,0,0,0,0.03,0,static,0x69B776FC
0x69B95FF0,floor01.piece1b_propattach00,rainbow,1,1,0,0,0,0,0,3,3,0.03,0,intact,0xAC3CD893
0x69C2800D,,,0,1,0,1,1,0,0,5,5,4.02,0,break_piece,0x805C965E
0x69CAC9E8,maracaiboruins_bld_historical01,rainbow,1,1,1,0,1,0,0,0,0,76.30,0,,0x69CAC9E8
0x69D31E85,outpost_bld_municipal_fence,rainbow,1,1,1,0,0,0,0,0,0,0.03,0,static,0x69D31E85
0x69D6F159,,,0,1,0,1,1,0,0,5,5,3.33,0,break_piece,0x1623BB16
0x69E4B707,hp_al_deliverycrate,rainbow,1,1,1,0,0,0,0,0,0,0.03,0,static,0x84A7EA36
0x69F14258,global_fencebarbedpole,rainbow,1,1,1,0,0,0,0,0,0,0.03,0,static,0x69F14258
0x69F39EAB,,,0,1,0,1,1,0,0,4,4,4.29,0,intact,0x1A74D3EE
0x69F423A7,,,0,1,0,1,1,0,0,4,4,0.60,0,break_piece,0x261F62BF
0x69FC447F,port_containerc,rainbow,1,1,1,0,0,0,0,0,0,0.03,0,static,0x69FC447F
0x6A023E33,,,0,1,0,0,1,0,0,6,6,0.03,0,break_piece,0xC1EEB3B3
0x6A08D0E5,hp_snap_oilrig_bld_buildingB,rainbow,1,1,0,0,1,0,0,3,3,0.03,1,break_piece,0x618526A4
0x6A099AA1,hp_fx_flame3,rainbow,1,1,0,0,2,0,0,1,1,0.03,0,,0x3B2BC17E
0x6A0E8D92,merida_busstop,rainbow,1,1,1,0,0,0,0,0,0,0.03,0,static,0x6A0E8D92
0x6A0E8E48,,,0,1,0,0,1,0,0,6,6,0.03,1,break_piece,0x0065B09D
0x6A14E9F0,,,0,1,0,1,1,0,0,4,4,5.56,1,break_piece,0x6B3A45A6
0x6A16F3CC,,,0,1,1,0,0,0,0,0,0,0.03,0,static,0x6A16F3CC
0x6A1D896B,,,0,1,0,0,0,0,0,4,4,0.03,1,break_piece,0xE31521AD
0x6A230954,slice1f_propattach00_ruin,rainbow,1,1,0,1,0,0,0,4,4,0.03,0,break_piece,0x35992F99
0x6A299ED0,,,0,1,1,0,0,0,0,0,0,0.03,0,static,0x14224212
0x6A29A1D1,,,0,1,0,1,1,0,0,1,1,1.34,0,intact,0xB0A0930E
0x6A2BE04D,ch_veh_plane_transport,rainbow,1,1,1,0,0,0,0,0,0,0.03,0,,0x6A2BE04D
0x6A32D358,piece1d_propattach01,rainbow,1,1,0,0,0,0,0,3,3,0.03,1,intact,0x91E2FC68
0x6A32E23A,,,0,1,0,0,1,0,0,1,1,0.03,1,static,0xA948DDA6
0x6A390ECA,piece1a_propattach17,rainbow,1,1,0,0,0,0,0,3,3,0.03,1,break_piece,0xE5133554
0x6A4181D0,groutpost_bld_shackbus,rainbow,1,1,1,0,0,0,0,0,0,0.03,0,static,0x6A4181D0
0x6A41FBB4,aloutpost_bld_largetentextensiona,rainbow,1,1,1,0,0,0,0,0,0,0.03,0,static,0x6A41FBB4
0x6A42F0CB,,,0,1,0,0,1,0,0,6,6,0.95,0,break_piece,0x8CA421C3
0x6A476DF9,,,0,1,0,0,1,0,0,6,6,0.95,0,break_piece,0x8CA421C3
0x6A50CBE4,estate_stairs02,rainbow,1,1,1,0,0,0,0,0,0,0.03,0,static,0x6A50CBE4
0x6A5CE821,,,0,1,0,1,1,0,0,1,1,1.31,0,intact,0x1A9D89DF
0x6A7779CA,bone_yaw_missile,rainbow,1,1,0,0,0,0,0,4,4,0.03,1,break_piece,0xC23032BC
0x6A8D4461,,,0,1,0,1,1,0,0,5,5,3.47,1,break_piece,0xFD0229C3
0x6A96B5CB,,,0,1,0,0,1,0,0,4,4,0.03,1,break_piece,0x19E2962E
0x6A9A13A5,,,0,1,0,0,1,0,0,3,3,2.10,0,,0x14D94B9B
0x6AA0F8ED,,,0,1,0,0,1,0,0,3,3,2.10,0,,0x14D94B9B
0x6AA83800,,,0,1,0,1,1,0,0,1,1,1.35,0,intact,0x2703554F
0x6AADB42D,,,0,1,0,0,0,0,0,1,1,0.03,0,,0x307D6AE1
0x6AB0E73B,city_bld_segment32x32d,rainbow,1,1,1,0,0,0,0,0,0,0.03,0,static,0x6AB0E73B
0x6AB1A46A,piece4c_propdebris16,rainbow,1,1,0,1,1,0,0,3,3,2.35,1,break_piece,0xFA83AC18
0x6AC6A7D3,,,0,1,0,1,1,0,0,5,5,1.70,0,intact,0xE31521AD
0x6AE27772,piece2b_propdebris17,rainbow,1,1,0,1,1,0,0,3,3,3.29,1,break_piece,0xC576F6BC
0x6B01B5B8,,,0,1,0,0,1,0,0,4,4,0.36,1,intact,0xB1EB099F
0x6B074CD5,piece2z_propdebris21,rainbow,1,1,0,1,1,0,0,3,3,4.82,1,break_piece,0xB6B946F4
0x6B12218F,,,0,1,1,0,0,0,0,0,0,0.03,0,static,0x6B12218F
0x6B1DE27D,chinaoutpost_bld_storage,rainbow,1,1,1,0,0,0,0,0,0,0.03,0,static,0x6B1DE27D
0x6B2CA7D8,,,0,1,0,0,1,0,0,3,3,0.03,1,break_piece,0xB0D4E642
0x6B35BE08,,,0,1,0,0,1,0,0,6,6,0.18,0,break_piece,0xC1EEB3B3
0x6B3A45A6,merida_bld_pmcautoshop,rainbow,1,1,1,0,0,0,0,0,0,0.03,0,static,0x6B3A45A6
0x6B432F1C,,,0,1,1,0,0,0,0,0,0,0.03,0,static,0x6B432F1C
0x6B47A295,piece5a_propdebris16,rainbow,1,1,0,1,1,0,0,3,3,3.82,1,break_piece,0x2CE290F9
0x6B4A9809,,,0,1,0,0,1,0,0,5,5,0.03,1,break_piece,0x319D840A
0x6B4D7FAF,shanty_bld_shack01,rainbow,1,1,1,0,0,0,0,0,0,0.03,0,static,0x6B4D7FAF
0x6B51EAC2,piece3e_propdebris17,rainbow,1,1,0,1,1,0,0,3,3,3.55,1,break_piece,0x2CE290F9
0x6B5B55B7,jungle_env_bushmedium01,rainbow,1,1,1,0,0,0,0,0,0,0.03,0,static,0x6B5B55B7
0x6B5E1D91,piece2e_propdebris11,rainbow,1,1,0,1,1,0,0,3,3,3.07,1,break_piece,0x45C7E99D
0x6B641DE0,village_bld_shacksmall02,rainbow,1,1,1,0,0,0,0,0,0,0.03,0,static,0x6B641DE0
0x6B69354C,,,0,1,0,0,1,0,0,3,3,0.03,1,break_piece,0x7604B190
0x6B73E082,slice8b_interior,rainbow,1,1,0,1,1,0,0,3,3,23.59,0,break_piece,0xC939089F
0x6B790863,vzoutpost_walla_al,rainbow,1,1,1,0,0,0,0,0,0,0.03,0,static,0x6B790863
0x6B7C4B73,,,0,1,0,0,1,0,0,4,4,0.49,1,intact,0x0C95FF35
0x6B7CE118,sign24,rainbow,1,1,2,0,0,0,0,0,0,0.03,0,static,0x6B7CE118
0x6B8FB1FA,piece1e_propattach00,rainbow,1,1,0,0,0,0,0,3,3,0.03,1,break_piece,0x7DB2E527
0x6B940BAC,,,0,1,0,0,1,0,0,6,6,0.95,0,break_piece,0x8CA421C3
0x6B9475DA,,,0,1,0,0,1,0,0,6,6,0.96,0,break_piece,0xA4937D58
0x6B9D74A8,proutpost_bld_shacksmall02,rainbow,1,1,1,0,0,0,0,0,0,0.03,0,static,0x6B9D74A8
0x6BA801F3,global_env_rocksmoss06,rainbow,1,1,1,0,0,0,0,0,0,0.03,0,,0x6BA801F3
0x6BABB7A9,,,0,1,0,1,1,0,0,5,5,7.72,0,break_piece,0xD506BE7E
0x6BB5E50D,slice1a_propdebris34,rainbow,1,1,0,1,1,0,0,3,3,6.63,1,break_piece,0x770E7949
0x6BB801F2,,,0,1,0,0,1,0,0,5,5,0.03,1,break_piece,0xC56B1A44
0x6BB8E968,,,0,1,0,1,0,0,0,3,3,13.37,0,break_piece,0xD1968AF1
0x6BD56133,,,0,1,0,0,1,0,0,3,3,0.03,1,intact,0x0B7CC1B7
0x6BD7B37D,floor00.slice3b_interior,rainbow,1,1,0,1,1,0,0,3,3,17.23,0,break_piece,0xFD0229C3
0x6BDD88C3,ch_veh_truck_sx2150_cargo,rainbow,1,1,1,0,0,0,0,0,0,0.03,0,static,0x6BDD88C3
0x6BDE4B9D,cumana_bld_hotelfourstar01,rainbow,1,1,1,0,0,0,0,0,0,0.03,0,static,0x6BDE4B9D
0x6BE9A63A,caracas_bridgeparquecentral,rainbow,1,1,1,0,0,0,0,0,0,0.03,0,static,0x6BE9A63A
0x6BF4163A,,,0,1,0,0,1,0,0,5,5,0.03,1,intact,0xF6DEC8EA
0x6C04E2B7,global_barrelfuel,rainbow,1,1,1,0,0,0,0,0,0,0.03,0,static,0x6C04E2B7
0x6C14D3D1,L3_big2,rainbow,1,1,0,0,1,0,0,5,5,2.55,0,intact,0xA113D98D
0x6C15BC37,,,0,1,0,0,1,0,0,6,6,1.08,0,break_piece,0x8C83F560
0x6C2E7291,jungle_env_plantlarge04,rainbow,1,1,1,0,0,0,0,0,0,0.03,0,static,0x6C2E7291
0x6C2FA30F,global_boxa,rainbow,1,1,1,0,1,0,0,0,0,1.58,0,,0x6C2FA30F
0x6C4AF8FE,,,0,1,0,0,0,0,0,2,2,1.64,1,,0x33C8B389
0x6C4C0762,,,0,1,0,0,1,0,0,3,3,7.34,1,,0x32FBE556
0x6C4D9AE8,,,0,1,0,0,0,0,0,3,3,0.03,1,break_piece,0x261F62BF
0x6C4E1AFF,floor01.piece1a_propdebris26,rainbow,1,1,0,1,1,0,0,3,3,7.32,1,break_piece,0x601A1292
0x6C76AEA5,piece8k_pristine,rainbow,1,1,0,1,1,0,0,2,2,20.30,0,intact,0x8E8ED4C0
0x6C78ED05,piece4a_propdebris04,rainbow,1,1,0,1,1,0,0,3,3,4.23,1,break_piece,0x8E8ED4C0
0x6C7EE853,white_bld_corner8x8b,rainbow,1,1,1,0,0,0,0,0,0,0.03,0,static,0x6C7EE853
0x6CB340B1,,,0,1,0,0,1,0,0,3,3,0.03,1,break_piece,0x516CE83D
0x6CBE86D9,aloutpost_bld_helipad,rainbow,1,1,1,0,0,0,0,0,0,0.03,0,static,0x6CBE86D9
0x6CE0283E,,,0,1,0,0,1,0,0,5,5,0.03,1,break_piece,0xCA20C1D9
0x6CEA1B20,,,0,1,0,0,1,0,0,3,3,0.03,1,intact,0xE59723FD
0x6CF39C31,port_dockdryenda,rainbow,1,1,1,0,1,0,0,0,0,56.26,0,,0x6CF39C31
0x6D0A9662,,,0,1,0,0,1,0,0,4,4,0.03,1,break_piece,0x799C0CA2
0x6D106F8E,hp_fx_jet_exhaust_b,rainbow,1,1,0,0,1,0,0,2,2,0.03,1,,0xA2AB2E44
0x6D126347,hp_attach,rainbow,1,1,0,0,1,0,0,1,1,0.03,1,static,0x622EB29F
0x6D2C2597,,,0,1,0,0,1,0,0,6,6,1.95,1,break_piece,0xEAA1C080
0x6D394A7B,ch_veh_helicopter_wz10,rainbow,1,1,1,0,0,0,0,0,0,0.03,0,static,0x6D394A7B
0x6D3976F1,,,0,1,0,0,1,0,0,3,3,0.03,1,break_piece,0xB0D4E642
0x6D422E02,,,0,1,0,0,1,0,0,6,6,1.36,0,break_piece,0x179A7702
0x6D47266E,,,0,1,0,1,1,0,0,4,4,9.62,0,intact,0xB0D4E642
0x6D562220,piece1a_propattach21_pristine,rainbow,1,1,0,1,1,0,0,4,4,0.64,0,break_piece,0xE5133554
0x6D598373,bone_engine_r_roll,rainbow,1,1,0,0,1,0,0,3,3,2.05,1,,0x32FBE556
0x6D65B90C,floor01.slice2c_interior,rainbow,1,1,0,1,0,0,0,3,3,127.54,0,break_piece,0x149FC407
0x6D67CF4F,,,0,1,0,0,1,0,0,5,5,0.03,1,break_piece,0x3FF2692D
0x6D6B9DE2,,,0,1,0,0,0,0,0,5,5,0.43,0,intact,0x2255CE3E
0x6D7B08F8,hp_winch_rear,rainbow,1,1,0,0,1,0,0,4,4,0.03,1,intact,0xC142F94B
0x6D8742DF,,,0,1,0,0,1,0,0,6,6,0.95,0,break_piece,0x8CA421C3
0x6D89B031,sign29,rainbow,1,1,1,0,0,0,0,0,0,0.03,0,static,0x6D89B031
0x6D93FB27,,,0,1,0,1,1,0,0,5,5,6.32,1,break_piece,0x0B7CC1B7
0x6DAE0719,,,0,1,0,0,1,0,0,3,3,0.65,1,break_piece,0x461F1A3A
0x6DB6CF96,,,0,1,1,0,0,0,0,0,0,0.03,0,static,0x6DB6CF96
0x6DBBF2A8,piece3c_propdebris00,rainbow,1,1,0,1,1,0,0,3,3,1.71,1,break_piece,0xD501EBCA
0x6DBC9F8A,piece1b_propattach08_pristine,rainbow,1,1,0,1,1,0,0,4,4,4.04,0,intact,0x6B3A45A6
0x6DCE6593,,,0,1,0,0,0,0,0,4,4,2.27,1,break_piece,0xF762CFC3
0x6DE3F3CA,slice5c_propdebris04,rainbow,1,1,0,1,1,0,0,3,3,2.94,1,break_piece,0x04CC21CD
0x6DEAFE16,hp_barreltip_smlroktl,rainbow,1,1,0,0,1,0,0,5,5,0.03,1,break_piece,0x9FCAE910
0x6DF3F9BC,hp_fx_light18,rainbow,1,1,0,0,1,0,0,1,1,0.03,1,static,0x04ED3522
0x6DF7E1AE,,,0,1,0,0,0,0,0,2,2,0.03,1,,0x6A2BE04D
0x6E03078C,piece1a_propattach18_pristine,rainbow,1,1,0,1,1,0,0,4,4,1.06,0,break_piece,0xE5133554
0x6E0A12E8,,,0,1,0,0,1,0,0,6,6,1.64,0,break_piece,0x2B97DD31
0x6E0BA76B,piece7b_ruin,rainbow,1,1,0,1,0,0,0,2,2,3.43,0,break_piece,0xA1846C79
0x6E1166A8,piece4b_propdebris26,rainbow,1,1,0,1,1,0,0,3,3,4.02,1,break_piece,0xBFC09F3E
0x6E21E76A,,,0,1,0,0,1,0,0,3,3,1.69,1,,0x32FBE556
0x6E249CBC,bone_hatchl,rainbow,1,1,0,0,1,0,0,6,6,0.85,1,intact,0x8C58E7EB
0x6E35AFF2,,,0,1,0,1,1,0,0,5,5,5.42,1,break_piece,0xD44C2215
0x6E4AC18C,maracaibo_patz79,rainbow,1,1,0,0,1,0,0,3,3,2.10,0,,0x14D94B9B
0x6E4B99A0,,,0,1,0,1,1,0,0,5,5,7.92,1,break_piece,0x25FE00A7
0x6E53B414,,,0,1,0,0,1,0,0,3,3,0.03,1,break_piece,0xD501EBCA
0x6E55301F,,,0,1,0,1,1,0,0,4,4,1.20,0,break_piece,0x261F62BF
0x6E566F10,,,0,1,0,0,1,0,0,4,4,0.03,1,intact,0xC142F94B
0x6E65E0C0,piece4a_propattach08_ruin,rainbow,1,1,0,1,1,0,0,4,4,7.99,0,break_piece,0x7DB2E527
0x6E6AF442,bone_pitch_turret_rear,rainbow,1,1,0,0,0,0,0,5,5,0.47,1,intact,0x60E7FFEB
0x6E81561C,global_pile03,rainbow,1,1,1,0,0,0,0,0,0,0.03,0,static,0x6E81561C
0x6E8A4C03,vzoutpost_bld_pillbox,rainbow,1,1,1,0,0,0,0,0,0,0.03,0,static,0x6E8A4C03
0x6E8D57E8,,,0,1,0,1,1,0,0,5,5,1.04,0,break_piece,0xFD0229C3
0x6E9DF188,,,0,1,0,0,1,0,0,5,5,0.03,1,break_piece,0x25FE00A7
0x6EA888DF,slice3e_propdebris01,rainbow,1,1,0,1,1,0,0,3,3,2.83,1,break_piece,0x04CC21CD
0x6EAC7CE5,piece1p_pristine,rainbow,1,1,0,1,1,0,0,2,2,8.25,0,break_piece,0xE59723FD
0x6EB9FA35,piece1e_propattach00_pristine,rainbow,1,1,0,1,1,0,0,4,4,6.42,0,intact,0x7DB2E527
0x6EBCB0C9,,,0,1,0,1,0,0,0,5,5,10.06,0,break_piece,0xE31521AD
0x6EC17D1D,,,0,1,1,0,0,0,0,0,0,0.03,0,static,0x6EC17D1D
0x6EC66E14,,,0,1,0,1,0,0,0,4,4,6.50,0,break_piece,0xC56B1A44
0x6ED01573,,,0,1,0,1,1,0,0,1,1,0.55,0,intact,0x2703554F
0x6ED42AD1,,,0,1,0,1,0,0,0,5,5,0.03,0,break_piece,0x149FC407
0x6EE36492,,,0,1,0,0,0,0,0,4,4,17.17,1,break_piece,0xD1968AF1
0x6EFD6899,floor01.slice2c_propdebris03,rainbow,1,1,0,1,1,0,0,4,4,5.97,1,break_piece,0x149FC407
0x6F015CCA,Slice2J_ruin,rainbow,2,1,0,1,1,0,0,2,2,34.33,0,intact,0x0B7CC1B7
0x6F05777D,maracaiboruins_bld_radiotower,rainbow,1,1,1,0,1,0,0,0,0,52.31,0,,0x6F05777D
0x6F09F782,,,0,1,0,0,1,0,0,3,3,0.03,1,break_piece,0x058CD8B8
0x6F10E933,,,0,1,0,0,1,0,0,3,3,2.55,0,,0x14D94B9B
0x6F1FEC2C,,,0,1,0,0,1,0,0,5,5,0.03,1,break_piece,0xB993D852
0x6F211112,,,0,1,0,0,1,0,0,3,3,0.03,1,break_piece,0x69B776FC
0x6F250AD0,,,0,1,0,0,1,0,0,5,5,0.71,1,intact,0x22BA44C8
0x6F335954,,,0,1,0,0,1,0,0,3,3,0.03,1,break_piece,0xE59723FD
0x6F4707FE,global_firehydrantyellow01,rainbow,1,1,1,0,0,0,0,0,0,0.03,0,static,0x6F4707FE
0x6F4B9CA8,estate_bld_mansion04,rainbow,1,1,1,0,0,0,0,0,0,0.03,0,static,0x6F4B9CA8
0x6F4C806D,caracas_bld_plazaparquecentral01,rainbow,1,1,1,0,0,0,0,0,0,0.03,0,,0x6F4C806D
0x6F4D8EFA,,,0,1,0,0,1,0,0,3,3,2.55,0,,0x14D94B9B
0x6F57DA2F,,,0,1,0,1,1,0,0,6,6,1.18,1,break_piece,0x4AEE11CE
0x6F5E0D86,pmcoutpost_statuesolanobust,rainbow,1,1,1,0,0,0,0,0,0,0.03,0,static,0x6F5E0D86
0x6F5F57D5,,,0,1,0,0,1,0,0,4,4,0.03,1,intact,0x2255CE3E
0x6F7F463F,,,0,1,0,0,1,0,0,4,4,0.03,1,intact,0xC733E65D
0x6F88052D,,,0,1,0,0,1,0,0,3,3,0.03,1,intact,0x6A41FBB4
0x6F9D8855,,,0,1,0,1,1,0,0,5,5,4.02,0,break_piece,0xDDBA557D
0x6FA35B6D,slice1e_propdebris05,rainbow,1,1,0,1,1,0,0,4,4,5.49,1,break_piece,0x1E359C2F
0x6FA57329,piece2h_propattach00_pristine,rainbow,1,1,0,1,0,0,0,4,4,1.13,0,break_piece,0x91E2FC68
0x6FCF5192,,,0,1,0,0,1,0,0,4,4,2.77,1,intact,0x22BA44C8
0x6FDEE89A,,,0,1,0,1,1,0,0,5,5,10.28,1,break_piece,0x3E7D2911
0x6FE1A6F7,,,0,1,1,0,1,0,0,0,0,4.37,0,,0x6FE1A6F7
0x6FF480E8,oilrig_fueltanklargea,rainbow,1,1,1,0,0,0,0,0,0,0.03,0,static,0x6FF480E8
0x70049DDB,piece4b_propdebris21,rainbow,1,1,0,1,1,0,0,3,3,4.02,1,break_piece,0xBFC09F3E
0x70056B8C,,,0,1,0,0,1,0,0,4,4,2.77,1,intact,0x22BA44C8
0x70149DBC,piece2h_propattach11,rainbow,1,1,0,0,0,0,0,3,3,0.03,0,intact,0x91E2FC68
0x70203EE3,,,0,1,0,0,1,0,0,4,4,0.61,1,intact,0x2255CE3E
0x702051D8,,,0,1,1,0,0,0,0,0,0,0.03,0,,0x702051D8
0x702A3501,,,0,1,0,0,1,0,0,4,4,0.03,1,break_piece,0x62D45983
0x702B25AB,,,0,1,0,0,0,0,0,1,1,18.45,1,,0x325A8B7F
0x7049DEDC,,,0,1,0,1,1,0,0,5,5,1.04,0,break_piece,0x6B1DE27D
0x704CEAF0,slice9a_propattach02,rainbow,1,1,0,0,0,0,0,3,3,0.03,1,break_piece,0xC939089F
0x70518EE7,,,0,1,0,1,1,0,0,1,1,0.44,0,intact,0x45CC35FE
0x705790A5,,,0,1,0,0,1,0,0,3,3,2.10,0,,0x14D94B9B
0x705A27E7,,,0,1,0,1,1,0,0,5,5,5.69,1,break_piece,0xA27EA462
0x705D0EA6,,,0,1,0,1,1,0,0,1,1,1.32,0,intact,0x60A4EEF3
0x706CEAF1,slice3f_pristine,rainbow,1,1,0,1,0,0,0,2,2,30.10,0,intact,0x04CC21CD
0x707ABB0C,bone_roller2,rainbow,1,1,0,0,0,0,0,4,4,0.03,1,break_piece,0xC1EEB3B3
0x707F409E,bone_wing_l,rainbow,1,1,0,0,0,0,0,2,2,26.62,0,,0x32FBE556
0x708F0093,slice5e,rainbow,1,1,0,0,0,0,0,1,1,0.03,0,static,0xA27EA462
0x70A6206F,,,0,1,0,0,1,0,0,3,3,0.03,1,break_piece,0xB6B946F4
0x70B233DA,ocoutpost_statueoil,rainbow,1,1,1,0,0,0,0,0,0,0.03,0,static,0x70B233DA
0x70B66DBF,,,0,1,1,0,1,0,0,0,0,3.51,0,,0x70B66DBF
0x70CAA616,slice5c_ruin,rainbow,1,1,0,1,0,0,0,2,2,34.28,0,break_piece,0x04CC21CD
0x70CED519,,,0,1,0,1,1,0,0,5,5,3.81,1,break_piece,0xC1527544
0x70D0AC75,merida_market01,rainbow,1,1,1,0,0,0,0,0,0,0.03,0,static,0x70D0AC75
0x70D1CF59,,,0,1,0,0,1,0,0,6,6,0.03,1,break_piece,0xB0D4E642
0x70D2FBFA,global_env_treetropical01,rainbow,1,1,1,0,0,0,0,0,0,0.03,0,static,0x70D2FBFA
0x70D6FBD9,,,0,1,1,0,0,0,0,0,0,0.03,0,static,0x70D6FBD9
0x70D8F9FA,global_bridgepedestrian01,rainbow,1,1,1,0,0,0,0,0,0,0.03,0,static,0x70D8F9FA
0x70DACFC5,civ_veh_car_van_racing,rainbow,1,1,1,0,0,0,0,0,0,0.03,0,static,0x70DACFC5
0x70E21937,,,0,1,0,1,0,0,0,3,3,4.20,0,break_piece,0xD1968AF1
0x70E88984,floor02.piece1c_propattach11,rainbow,1,1,0,0,0,0,0,3,3,7.26,0,break_piece,0xAC3CD893
0x70FCDAC7,,,0,1,0,0,1,0,0,2,2,1.79,1,,0x32FBE556
0x71033551,,,0,1,0,0,1,0,0,6,6,2.07,0,break_piece,0xCDC5617A
0x711874AE,chinaoutpost_bld_guardtowershort,rainbow,1,1,1,0,0,0,0,0,0,0.03,0,static,0x711874AE
0x71332164,groutpost_bld_trailerhut02,rainbow,1,1,1,0,0,0,0,0,0,0.03,0,static,0x71332164
0x713A4511,,,0,1,1,0,0,0,0,0,0,0.03,0,static,0x713A4511
0x713CB7E9,bone_rod_fl_b,rainbow,1,1,0,0,1,0,0,6,6,0.03,1,break_piece,0x31F0FE47
0x713ED3DB,estate_bld_mansion03,rainbow,1,1,1,0,0,0,0,0,0,0.03,0,static,0x713ED3DB
0x7153B93C,,,0,1,0,0,1,0,0,6,6,1.60,0,break_piece,0xC7C3C08C
0x715BE86C,piece2e_propdebris10,rainbow,1,1,0,1,1,0,0,3,3,1.84,1,break_piece,0x45C7E99D
0x7169BF8E,hp_snap_oilrig_towerdrill,rainbow,1,1,0,0,1,0,0,3,3,0.03,1,break_piece,0x618526A4
0x717A7AAE,,,0,1,0,0,1,0,0,1,1,0.03,1,static,0xA948DDA6
0x717EB6DA,pmc_veh_truck_monster_ridgeline,rainbow,1,1,1,0,0,0,0,0,0,0.03,0,static,0x717EB6DA
0x71842BC7,Slice2I_ruin,rainbow,2,1,0,1,1,0,0,2,2,35.55,0,intact,0x0B7CC1B7
0x7190C87F,shapes,rainbow,1,1,1,0,0,0,0,0,0,0.03,0,,0xB9BAC8B5
0x7195F2A7,,,0,1,0,0,1,0,0,3,3,0.03,1,break_piece,0xB0D4E642
0x71A4B712,piece3g_propdebris11,rainbow,1,1,0,1,1,0,0,3,3,1.97,1,break_piece,0xA1A48E75
0x71BD9F96,floor02.piece1b_propdebris01,rainbow,1,1,0,1,1,0,0,3,3,3.01,1,break_piece,0xD1574A09
0x7200E286,,,0,1,0,0,1,0,0,4,4,0.03,1,break_piece,0xD1968AF1
0x72027240,,,0,1,0,1,1,0,0,5,5,1.70,0,intact,0xE31521AD
0x72027C0C,,,0,1,0,1,1,0,0,5,5,4.07,0,intact,0xAC990539
0x7206D142,,,0,1,0,1,0,0,0,4,4,0.03,0,break_piece,0xB0D4E642
0x720F3948,global_veh_fordf150,rainbow,1,1,1,0,0,0,0,0,0,0.03,0,static,0x720F3948
0x7223A909,,,0,1,0,1,1,0,0,5,5,4.04,0,break_piece,0x2F1F099B
0x7224E6A6,bone_suspension_rear,rainbow,1,1,0,0,1,0,0,3,3,0.03,1,break_piece,0xCAC9D01F
0x722BA7D1,,,0,1,0,1,1,0,0,5,5,5.51,1,break_piece,0x35992F99
0x722C8021,global_toolboxa,rainbow,1,1,1,0,0,0,0,0,0,0.03,0,static,0x722C8021
0x722D2026,,,0,1,1,0,0,0,0,0,0,0.03,0,static,0x722D2026
0x72387AEE,,,0,1,0,1,1,0,0,5,5,0.93,0,break_piece,0xFA821B70
0x72397724,piece2a_propattach02_ruin,rainbow,1,1,0,1,0,0,0,4,4,0.03,0,break_piece,0xCFAC6851
0x723A0397,,,0,1,0,0,1,0,0,3,3,0.03,1,intact,0x69B776FC
0x723B4DD0,,,0,1,0,0,1,0,0,3,3,0.03,1,break_piece,0xB0D4E642
0x723FC13A,,,0,1,0,0,1,0,0,6,6,2.09,0,break_piece,0xCDC5617A
0x72450502,slice7f,rainbow,1,1,0,0,0,0,0,1,1,0.03,0,static,0x04CC21CD
0x725EEF8F,slice3g_propdebris03,rainbow,1,1,0,1,1,0,0,3,3,5.26,1,break_piece,0x04CC21CD
0x72658FA5,,,0,1,0,0,1,0,0,6,6,0.95,0,break_piece,0x8CA421C3
0x727276C3,,,0,1,0,0,1,0,0,3,3,0.03,1,break_piece,0x618526A4
0x727D89D5,,,0,1,0,0,1,0,0,7,7,0.03,0,break_piece,0x0E9502CF
0x727FD3A6,,,0,1,0,0,0,0,0,2,2,0.03,1,,0x14D94B9B
0x7280EF46,,,0,1,0,0,1,0,0,5,5,2.09,0,intact,0xCDC5617A
0x728A4087,,,0,1,0,1,1,0,0,5,5,6.76,1,break_piece,0x0B7CC1B7
0x728EBDB5,,,0,1,0,1,1,0,0,5,5,6.22,1,break_piece,0x0B7CC1B7
0x72A0BE76,global_barricadeb,rainbow,1,1,1,0,0,0,0,0,0,0.03,0,,0x72A0BE76
0x72A35013,,,0,1,0,0,1,0,0,3,3,0.03,1,break_piece,0x69B776FC
0x72B80F22,slice1f_propattach02_ruin,rainbow,1,1,0,1,0,0,0,4,4,0.03,0,break_piece,0x35992F99
0x72BEDBB0,global_weapon_m250cal_noammo,rainbow,1,1,1,0,0,0,0,0,0,0.03,0,static,0x72BEDBB0
0x72C075EE,Slice2L_pristine,rainbow,2,1,0,1,0,0,0,2,2,39.33,0,break_piece,0x0B7CC1B7
0x72ECEC88,bone_hub_f,rainbow,1,1,0,0,1,0,0,3,3,1.65,1,break_piece,0xB993D852
0x72FDFD30,groutpost_bld_guardtowertree04,rainbow,1,1,1,0,0,0,0,0,0,0.03,0,static,0x72FDFD30
0x73070DE9,chinaoutpost_bld_helipad,rainbow,1,1,1,0,0,0,0,0,0,0.03,0,static,0x73070DE9
0x7308D27A,,,0,1,0,1,0,0,0,5,5,4.25,0,break_piece,0x2B97DD31
0x73170449,,,0,1,0,0,0,0,0,2,2,0.03,1,,0x14D94B9B
0x732A8C01,,,0,1,0,0,0,0,0,2,2,0.03,1,,0x14D94B9B
0x732FA00D,,,0,1,0,0,1,0,0,4,4,1.35,1,break_piece,0x25B3F7BC
0x7330EE92,,,0,1,0,0,1,0,0,6,6,1.04,0,break_piece,0x80C357EC
0x7349A815,hp_seat_mt,rainbow,1,1,0,0,1,0,0,4,4,0.03,1,intact,0x0C95FF35
0x734B6DAA,,,0,1,0,0,1,0,0,5,5,0.03,1,break_piece,0x539FF827
0x7356CF09,,,0,1,0,0,1,0,0,5,5,1.29,0,intact,0x9FCAE910
0x7358A673,L3_medium25,rainbow,1,1,0,0,1,0,0,6,6,1.12,0,break_piece,0xB32053A7
0x7359A3E6,global_barbedwireshort,rainbow,1,1,1,0,1,0,0,0,0,4.13,0,,0x7359A3E6
0x735CD5DD,,,0,1,0,1,1,0,0,4,4,0.48,0,break_piece,0x7EC3FC58
0x735ED51A,slice1f_propattach05,rainbow,1,1,0,0,0,0,0,3,3,0.03,1,break_piece,0x35992F99
0x73621699,global_playgroundride03,rainbow,1,1,1,0,0,0,0,0,0,0.03,0,static,0x73621699
0x7366155A,pr_veh_boat_cutter,rainbow,1,1,1,0,0,0,0,0,0,0.03,0,static,0x7366155A
0x737505A9,global_chairwoodb,rainbow,1,1,1,0,0,0,0,0,0,0.03,0,static,0x737505A9
0x73839C01,,,0,1,0,1,1,0,0,5,5,1.38,0,intact,0xE31521AD
0x738993DF,,,0,1,1,0,0,0,0,0,0,5.78,0,,0x738993DF
0x73A763DE,groutpost_bld_bunkersandbag01,rainbow,1,1,1,0,0,0,0,0,0,0.03,0,static,0x73A763DE
0x73ADA152,slice6d_propdebris02,rainbow,1,1,0,1,1,0,0,3,3,3.17,1,break_piece,0x04CC21CD
0x73AFB162,,,0,1,0,0,1,0,0,3,3,0.03,1,intact,0xFF7ABB3B
0x73BE3E20,global_wheelbarrel,rainbow,1,1,1,0,1,0,0,0,0,2.56,0,,0x73BE3E20
0x73C6BEB7,global_fruitboxa,rainbow,1,1,1,0,1,0,0,0,0,1.49,0,,0x73C6BEB7
0x73E8C0A4,civ_veh_car_valiant_crappy,rainbow,1,1,1,0,0,0,0,0,0,0.03,0,static,0x73E8C0A4
0x73EE4336,piece3m_ruin,rainbow,1,1,0,1,0,0,0,2,2,0.03,0,intact,0xE59723FD
0x73F8145E,,,0,1,0,0,1,0,0,4,4,0.03,0,break_piece,0x0189C80A
0x7401F7A2,,,0,1,0,1,1,0,0,1,1,0.93,0,intact,0x4AB6F9B6
0x74132706,residential_bld_segment16x16d,rainbow,1,1,1,0,0,0,0,0,0,0.03,0,static,0x74132706
0x74169EDF,piece2a_propdebris40,rainbow,1,1,0,1,1,0,0,3,3,3.25,1,break_piece,0x5DC2D1E2
0x7420C25A,,,0,1,0,0,1,0,0,3,3,0.03,1,break_piece,0xB993D852
0x74223FA7,piece2c_propdebris19,rainbow,1,1,0,1,1,0,0,3,3,3.43,1,break_piece,0xE2068412
0x742E8503,,,0,1,0,0,1,0,0,3,3,0.03,1,break_piece,0xB0D4E642
0x74474CB1,airport_bld_terminal01,rainbow,1,1,1,0,0,0,0,0,0,0.03,0,static,0x74474CB1
0x74490808,slice2b_propattach10_ruin,rainbow,1,1,0,1,0,0,0,4,4,0.03,0,break_piece,0x6B1DE27D
0x7462A634,,,0,1,0,0,1,0,0,6,6,1.03,1,break_piece,0x80659E62
0x74672362,,,0,1,0,0,1,0,0,6,6,1.03,1,break_piece,0x80659E62
0x746FA94B,,,0,1,0,0,1,0,0,5,5,1.25,0,intact,0xCDC5617A
0x74742679,,,0,1,0,0,1,0,0,5,5,2.09,0,intact,0xCDC5617A
0x7482AEBF,piece5h_ruin,rainbow,1,1,0,1,0,0,0,2,2,13.30,0,break_piece,0x2CE290F9
0x7484A1E6,,,0,1,0,0,1,0,0,5,5,0.03,1,intact,0xE6027C27
0x748FCCC1,,,0,1,0,1,0,0,0,5,5,0.03,1,intact,0x8C58E7EB
0x74918DAA,,,0,1,1,0,1,0,0,0,0,16.97,0,,0x74918DAA
0x749BD174,,,0,1,0,1,1,0,0,4,4,6.65,1,break_piece,0xE54047D5
0x74A6EF89,piece1a_propattach26_pristine,rainbow,1,1,0,1,1,0,0,4,4,4.02,0,intact,0xE5133554
0x74B7CA77,,,0,1,0,0,1,0,0,3,3,0.03,1,break_piece,0x516CE83D
0x74C1DBD6,,,0,1,0,0,1,0,0,5,5,0.03,1,break_piece,0x35992F99
0x74D79407,bone_radara,rainbow,1,1,0,0,1,0,0,4,4,1.17,1,intact,0xD4E88AFD
0x74D92471,,,0,1,0,0,1,0,0,3,3,0.03,1,break_piece,0x9DFC8FF2
0x74EB59B1,civ_veh_boat_fishing,rainbow,1,1,1,0,0,0,0,0,0,0.03,0,static,0x74EB59B1
0x74EEA3D2,,,0,1,0,0,1,0,0,4,4,0.03,1,break_piece,0xDBA727BB
0x74F78442,,,0,1,0,0,1,0,0,3,3,2.55,0,,0x14D94B9B
0x74F899FC,slice2b_propattach09_pristine,rainbow,1,1,0,1,0,0,0,4,4,1.14,0,break_piece,0x6B1DE27D
0x74FE49EA,,,0,1,0,0,1,0,0,5,5,0.03,1,break_piece,0xCA20C1D9
0x7513C27E,ocoutpost_interior_job,rainbow,1,1,1,0,0,0,0,0,0,52.43,0,,0x7513C27E
0x75147B4D,piece1b_propattach06,rainbow,1,1,0,0,0,0,0,3,3,0.03,1,break_piece,0x6B3A45A6
0x752821D9,slice2b_propattach09,rainbow,1,1,0,0,0,0,0,3,3,0.03,1,break_piece,0x6B1DE27D
0x752A78FF,,,0,1,0,0,1,0,0,3,3,0.03,1,break_piece,0xB0D4E642
0x753B42C5,,,0,1,0,0,1,0,0,5,5,2.07,0,intact,0xCDC5617A
0x753DE3CC,caracas_stairparquecentrallong,rainbow,1,1,1,0,0,0,0,0,0,0.03,0,,0x753DE3CC
0x757AB23F,sign27,rainbow,1,1,1,0,0,0,0,0,0,0.03,0,static,0x757AB23F
0x757EAE95,,,0,1,1,0,0,0,0,0,0,0.03,0,static,0x757EAE95
0x75896248,piece3e_propdebris06,rainbow,1,1,0,1,1,0,0,3,3,2.51,1,break_piece,0xF51C01DD
0x75AA3C38,,,0,1,0,0,1,0,0,6,6,1.92,1,break_piece,0x5B3458E9
0x75B17ABE,floor01.piece1a_propdebris30,rainbow,1,1,0,1,1,0,0,3,3,11.36,1,break_piece,0x601A1292
0x75BEFD49,ocoutpost_tablearmwrestling,rainbow,1,1,1,0,0,0,0,0,0,1.77,0,,0x75BEFD49
0x75D91820,,,0,1,0,0,1,0,0,6,6,1.86,0,break_piece,0x5B3458E9
0x75DB73EE,,,0,1,0,1,1,0,0,4,4,3.18,0,break_piece,0x7EC3FC58
0x75DB90E0,ocoutpost_hqbase,rainbow,1,1,1,0,0,0,0,0,0,0.03,0,,0x75DB90E0
0x75F4AF31,piece5p_pristine,rainbow,1,1,0,1,1,0,0,2,2,15.85,0,intact,0x50AACA22
0x75F9B08F,slice1c_propdebris74,rainbow,1,1,0,1,1,0,0,4,4,4.95,1,break_piece,0x964451A0
0x75FB37F3,,,0,1,0,0,1,0,0,3,3,2.10,0,,0x14D94B9B
0x75FBC4D9,hp_snap_piece1b_oilrig_tankmedA_a,rainbow,1,1,0,0,1,0,0,2,2,0.03,1,static,0xD44C2215
0x7601FD0A,,,0,1,0,0,1,0,0,1,1,2.25,1,,0x1FBFBB4B
0x7604B190,,,0,1,1,0,0,0,0,0,0,0.03,0,static,0x7604B190
0x761813A3,slice1f_propattach05_ruin,rainbow,1,1,0,1,0,0,0,4,4,0.03,0,break_piece,0x35992F99
0x7627FFDC,,,0,1,0,0,1,0,0,4,4,0.03,1,break_piece,0x62D45983
0x76485090,,,0,1,0,0,1,0,0,6,6,1.05,0,break_piece,0xCE77D4CB
0x7649E834,,,0,1,0,1,1,0,0,1,1,1.39,0,break_piece,0xF419FFEB
0x765F8F16,slice1f_propattach04_pristine,rainbow,1,1,0,1,1,0,0,4,4,10.98,0,intact,0x35992F99
0x76687123,piece2z_propdebris12,rainbow,1,1,0,1,1,0,0,3,3,6.90,1,break_piece,0xB6B946F4
0x7675B592,,,0,1,0,0,1,0,0,4,4,0.61,1,intact,0x2255CE3E
0x76768012,caracasruins_bld_corner16x32a,rainbow,1,1,1,0,1,0,0,0,0,54.01,0,,0x76768012
0x767DD43C,,,0,1,0,1,1,0,0,5,5,4.92,0,break_piece,0xAC3CD893
0x767EB105,hp_sportscar,rainbow,1,1,0,0,1,0,0,3,3,0.03,0,break_piece,0xF7052E85
0x768FC405,,,0,1,0,0,1,0,0,5,5,0.03,1,intact,0x539FF827
0x769249B0,,,0,1,0,1,1,0,0,5,5,3.04,1,break_piece,0x25FE00A7
0x76BDF95A,global_dumpstergraylong,rainbow,1,1,1,0,0,0,0,0,0,0.03,0,static,0x76BDF95A
0x76D3C601,bone_engine_l,rainbow,1,1,0,0,0,0,0,2,2,8.38,0,,0x32FBE556
0x76DB980B,,,0,1,0,0,1,0,0,4,4,0.03,1,break_piece,0x770E7949
0x76DDFBE8,,,0,1,0,0,0,0,0,1,1,0.03,0,,0x307D6AE1
0x76E7333C,,,0,1,0,1,1,0,0,4,4,1.96,0,intact,0xFD0229C3
0x76F1811D,,,0,1,0,0,1,0,0,5,5,0.03,1,break_piece,0xCA20C1D9
0x76F49EF0,piece1a_propattach14_pristine,rainbow,1,1,0,1,1,0,0,4,4,0.64,0,break_piece,0xE5133554
0x7701002C,,,0,1,0,0,1,0,0,6,6,2.07,0,break_piece,0xCDC5617A
0x7701F25F,floor01.slice2c_propdebris05,rainbow,1,1,0,1,1,0,0,4,4,5.50,1,break_piece,0x149FC407
0x770E7949,city_bld_apartment01,rainbow,1,1,1,0,0,0,0,0,0,0.03,0,static,0x770E7949
0x77237D0E,,,0,1,0,0,1,0,0,6,6,1.64,0,break_piece,0x155C8246
0x7727B987,,,0,1,0,0,1,0,0,4,4,0.03,1,intact,0xC733E65D
0x77373FA7,,,0,1,0,0,1,0,0,6,6,1.01,0,break_piece,0x461F1A3A
0x774D27DE,floor02.piece1b_propdebris23,rainbow,1,1,0,1,1,0,0,3,3,13.81,1,break_piece,0xD23F52FC
0x7765758E,,,0,1,0,1,1,0,0,5,5,1.65,1,break_piece,0x818E5819
0x778807D0,,,0,1,0,1,1,0,0,5,5,1.32,1,break_piece,0x818E5819
0x77884BFA,,,0,1,1,0,1,0,0,0,0,39.26,0,,0x77884BFA
0x778F1D95,,,0,1,0,1,1,0,0,4,4,10.78,1,intact,0x2B503BD0
0x77990049,,,0,1,0,0,1,0,0,6,6,1.01,0,break_piece,0x461F1A3A
0x77A20DC0,residential_bld_corner16x16d,rainbow,1,1,1,0,0,0,0,0,0,0.03,0,static,0x77A20DC0
0x77BB3A7A,,,0,1,0,0,1,0,0,5,5,0.03,1,break_piece,0xE6027C27
0x77D06CF3,piece1p_ruin,rainbow,1,1,0,1,0,0,0,2,2,0.03,0,intact,0xE59723FD
0x77D554AA,,,0,1,0,0,1,0,0,5,5,0.03,1,,0x98C5EE9B
0x77EE1481,piece2e_propdebris06,rainbow,1,1,0,1,1,0,0,3,3,2.18,1,break_piece,0xF51C01DD
0x77F7E8C3,,,0,1,1,0,0,0,0,0,0,0.03,0,static,0x77F7E8C3
0x77FCA3A0,floor01.piece2a_propdebris13,rainbow,1,1,0,1,1,0,0,3,3,13.81,1,intact,0xAC3CD893
0x780391B6,,,0,1,0,0,1,0,0,4,4,0.03,1,break_piece,0x3F6D97ED
0x78063A3A,piece1a_propattach22,rainbow,1,1,0,0,0,0,0,3,3,0.03,1,break_piece,0xE5133554
0x7806F1A5,bone_glass_f,rainbow,1,1,0,0,1,0,0,4,4,2.01,1,intact,0x96195816
0x78159870,slice5c_pristine,rainbow,1,1,0,1,1,0,0,2,2,34.21,0,intact,0x04CC21CD
0x7815F441,,,0,1,0,1,1,0,0,5,5,10.01,1,break_piece,0x155E5F33
0x7821DA34,shanty_dockb,rainbow,1,1,1,0,0,0,0,0,0,0.03,0,static,0x7821DA34
0x78258AF4,global_env_rocksmine02,rainbow,1,1,1,0,0,0,0,0,0,0.03,0,,0x78258AF4
0x782A0822,global_env_rocksmine04,rainbow,1,1,1,0,0,0,0,0,0,0.03,0,,0x782A0822
0x783561C5,global_billboard_wall02,rainbow,1,1,1,0,0,0,0,0,0,0.03,0,static,0x783561C5
0x783D10FC,hp_flare,rainbow,1,1,0,0,1,0,0,3,3,0.03,1,break_piece,0xF6DEC8EA
0x7845CD11,,,0,1,0,0,1,0,0,1,1,10.96,1,,0x1FBFBB4B
0x78487A5A,slice9a_propattach00,rainbow,1,1,0,0,0,0,0,3,3,0.03,1,break_piece,0xC939089F
0x785E6334,piece7a_propdebris02,rainbow,1,1,0,1,1,0,0,3,3,6.55,1,break_piece,0x3BF3DA2E
0x7862E062,piece7a_propdebris04,rainbow,1,1,0,1,1,0,0,3,3,2.39,1,break_piece,0x3BF3DA2E
0x7866F500,,,0,1,0,0,1,0,0,3,3,0.03,1,intact,0xEA5253E7
0x786ECF9F,oilrig_radiojammer,rainbow,1,1,1,0,0,0,0,0,0,0.03,0,static,0x786ECF9F
0x788C3B6A,caracas_bld_theater01_pile_xx7,rainbow,1,1,0,1,1,0,0,1,1,1.29,0,intact,0xEA7F9F3F
0x78B5CB4F,global_billboard_roof02,rainbow,1,1,1,0,0,0,0,0,0,0.03,0,static,0x78B5CB4F
0x78C1A4E0,chinaoutpost_gateentrance,rainbow,1,1,1,0,0,0,0,0,0,0.03,0,static,0x78C1A4E0
0x78CB3CB1,,,0,1,0,0,0,0,0,3,3,0.03,1,break_piece,0x261F62BF
0x78D863C7,floor01.slice1c_propdebris02,rainbow,1,1,0,1,1,0,0,4,4,7.41,1,break_piece,0x149FC407
0x78D95307,port_crane01,rainbow,1,1,1,0,0,0,0,0,0,0.03,0,static,0x78D95307
0x78DCE0F5,floor01.slice1c_propdebris00,rainbow,1,1,0,1,1,0,0,4,4,7.85,1,break_piece,0x149FC407
0x78DF4C4D,slice7f_pristine,rainbow,1,1,0,1,0,0,0,2,2,42.22,0,intact,0x04CC21CD
0x78E3D31A,,,0,1,1,0,0,0,0,0,0,0.03,0,static,0x78E3D31A
0x78E4DCE6,,,0,1,0,0,1,0,0,4,4,1.47,1,intact,0x4FC2D374
0x78E763A4,,,0,1,0,1,1,0,0,5,5,12.26,1,break_piece,0xAC3CD893
0x790C65A2,,,0,1,0,1,1,0,0,6,6,0.45,0,break_piece,0xBD552CD3
0x790D8B6B,merida_fencemetallonga,rainbow,1,1,1,0,0,0,0,0,0,0.03,0,static,0x790D8B6B
0x791B286F,global_bld_bunkersandbag,rainbow,1,1,1,0,0,0,0,0,0,0.03,0,static,0x791B286F
0x792856DC,,,0,1,0,0,0,0,0,2,2,0.03,1,,0x14D94B9B
0x794B2F7D,,,0,1,0,0,1,0,0,3,3,0.03,1,break_piece,0x7604B190
0x796EE9D9,bone_weapon_r,rainbow,1,1,0,0,1,0,0,1,1,4.67,1,,0x8CAFF9CF
0x79752F8D,chinaoutpost_bld_guardtowertall,rainbow,1,1,1,0,0,0,0,0,0,0.03,0,static,0x79752F8D
0x79835204,industrial_bld_towerrefinerytall,rainbow,1,1,1,0,0,0,0,0,0,0.03,0,static,0x79835204
0x79905D82,gr_veh_boat_cigarette,rainbow,1,1,1,0,0,0,0,0,0,0.03,0,static,0x79905D82
0x7994FE24,,,0,1,0,0,1,0,0,3,3,4.76,0,intact,0x7E013B43
0x799C0CA2,global_env_palmtree01,rainbow,1,1,1,0,0,0,0,0,0,0.03,0,static,0x799C0CA2
0x79A519D6,hp_ammo,rainbow,1,1,1,0,1,0,0,0,0,0.73,0,,0x848EA568
0x79C16DBD,ocoutpost_wallcorner,rainbow,1,1,1,0,0,0,0,0,0,0.03,0,static,0x79C16DBD
0x79CC16AC,,,0,1,0,0,1,0,0,6,6,1.62,0,break_piece,0xC7C3C08C
0x79D098CC,slice1c_propdebris51,rainbow,1,1,0,1,1,0,0,4,4,5.09,1,break_piece,0xB6357976
0x79D1C777,,,0,1,0,1,1,0,0,4,4,54.81,0,intact,0x155E5F33
0x79D412B6,piece4a_propattach00_pristine,rainbow,1,1,0,1,1,0,0,4,4,9.27,0,intact,0x7DB2E527
0x79DEAF4B,,,0,1,0,1,1,0,0,5,5,3.10,0,break_piece,0x6B3A45A6
0x79E57B8E,piece1b_propattach06_ruin,rainbow,1,1,0,1,0,0,0,4,4,0.03,0,break_piece,0x6B3A45A6
0x79EAF42B,,,0,1,0,0,1,0,0,3,3,2.10,0,,0x14D94B9B
0x79EFDAD3,floor01.piece2a_propdebris14,rainbow,1,1,0,1,1,0,0,3,3,8.38,1,intact,0xAC3CD893
0x7A06DFEA,commercial_bld_segment8x8d,rainbow,1,1,1,0,0,0,0,0,0,0.03,0,static,0x7A06DFEA
0x7A0BDB51,slice3a_propattach05,rainbow,1,1,0,0,0,0,0,3,3,0.03,1,break_piece,0xE6027C27
0x7A10A6A9,,,0,1,0,0,0,0,0,4,4,0.03,1,break_piece,0xE31521AD
0x7A177352,,,0,1,0,0,1,0,0,3,3,0.03,1,break_piece,0xE59723FD
0x7A3027D8,hp_fx_leaves_green_p,rainbow,1,1,0,0,1,0,0,3,3,0.03,1,break_piece,0x5AB8A933
0x7A49ABB8,,,0,1,0,1,1,0,0,4,4,7.68,1,break_piece,0xE54047D5
0x7A4CEDB3,pmcoutpost_hq_door_entrance,rainbow,1,1,1,0,0,0,0,0,0,0.03,0,static,0x7A4CEDB3
0x7A5DCB7C,civ_veh_towed_fuel,rainbow,1,1,1,0,0,0,0,0,0,0.03,0,static,0x7A5DCB7C
0x7A62AE02,,,0,1,0,1,0,0,0,5,5,2.16,0,break_piece,0xB0D4E642
0x7A7F729D,,,0,1,0,1,1,0,0,1,1,1.31,0,intact,0xEA7F9F3F
0x7A8A34D4,proutpost_fencewood02,rainbow,1,1,1,0,0,0,0,0,0,0.03,0,static,0x7A8A34D4
0x7A92A369,piece3b_propdebris19,rainbow,1,1,0,1,1,0,0,3,3,1.09,1,break_piece,0xF4AF3C5B
0x7A94905F,,,0,1,1,0,0,0,0,0,0,0.03,0,static,0x7A94905F
0x7A9CCEB0,,,0,1,0,0,1,0,0,3,3,0.03,1,intact,0x0B7CC1B7
0x7A9DD3C7,,,0,1,0,1,1,0,0,1,1,0.64,0,intact,0xF245AC63
0x7A9E926A,,,0,1,1,0,0,0,0,0,0,0.03,0,static,0x7A9E926A
0x7A9F925C,,,0,1,0,0,1,0,0,5,5,0.03,1,break_piece,0x319D840A
0x7AA20D31,,,0,1,0,0,1,0,0,4,4,0.03,1,break_piece,0x1203E036
0x7AA250F5,,,0,1,0,1,1,0,0,1,1,0.50,0,intact,0xF245AC63
0x7AAD3D98,global_env_palmtree01_imposter,rainbow,1,1,1,0,1,0,0,0,0,28.94,0,,0x7AAD3D98
0x7ABD58C1,jungle_env_treemedium01,rainbow,1,1,1,0,0,0,0,0,0,0.03,0,static,0x7ABD58C1
0x7AC8FE19,oilrig_att_pipes_flatbed_a7,rainbow,1,1,0,1,0,0,0,5,5,2.16,0,break_piece,0xB0D4E642
0x7ACB426D,outskirt_chickenfencelong,rainbow,1,1,1,0,0,0,0,0,0,0.03,0,static,0x7ACB426D
0x7ADD893A,piece5e_propdebris20,rainbow,1,1,0,1,1,0,0,3,3,4.11,1,break_piece,0x50AACA22
0x7AE3E250,slice2b_propattach12_pristine,rainbow,1,1,0,1,0,0,0,4,4,1.96,0,intact,0x6B1DE27D
0x7AE4B642,slice3b_propattach00_ruin,rainbow,1,1,0,1,0,0,0,4,4,0.03,0,break_piece,0xFA83AC18
0x7AEC1F91,,,0,1,0,1,1,0,0,1,1,1.34,0,intact,0x2EF7E3C3
0x7AF5FB3A,bone_bottomfin,rainbow,1,1,0,0,1,0,0,2,2,2.34,1,,0x33C8B389
0x7AFB91F8,,,0,1,0,1,1,0,0,5,5,6.22,1,break_piece,0x0B7CC1B7
0x7B122EBF,maracaibo_lamppostb,rainbow,1,1,1,0,0,0,0,0,0,0.03,0,static,0x7B122EBF
0x7B13EF4D,bone_yaw_mount_front,rainbow,1,1,0,0,0,0,0,4,4,0.29,1,intact,0x60E7FFEB
0x7B1AFEC8,,,0,1,0,0,1,0,0,3,3,0.03,1,break_piece,0xF6DEC8EA
0x7B256438,slice3a_propattach09_pristine,rainbow,1,1,0,1,1,0,0,4,4,0.64,0,break_piece,0xE6027C27
0x7B2E0B52,piece9c_propdebris17,rainbow,1,1,0,1,1,0,0,3,3,6.53,1,break_piece,0x69D31E85
0x7B400CE8,,,0,1,0,1,1,0,0,5,5,8.66,1,break_piece,0x2A5FF32E
0x7B44BDB5,,,0,1,0,0,1,0,0,1,1,15.87,0,,0x378BB1B8
0x7B5059F5,white_bld_segment8x16a,rainbow,1,1,1,0,0,0,0,0,0,0.03,0,static,0x7B5059F5
0x7B5B4438,oilrig_bld_buildinga_details_02_propattach50_pristinb,rainbow,1,1,0,1,1,0,0,1,1,0.67,0,intact,0xF419FFEB
0x7B612708,,,0,1,0,1,0,0,0,5,5,0.03,1,break_piece,0x149FC407
0x7B7FB2F6,island_wallangled,rainbow,1,1,1,0,0,0,0,0,0,0.03,0,static,0x7B7FB2F6
0x7B823953,outskirt_bld_market01,rainbow,1,1,1,0,0,0,0,0,0,0.03,0,static,0x7B823953
0x7B8BD38D,,,0,1,0,0,1,0,0,1,1,0.03,1,static,0xA948DDA6
0x7B8BE02D,,,0,1,0,1,1,0,0,5,5,1.73,1,break_piece,0xC1527544
0x7B997EDE,slice1b_propdebris18,rainbow,1,1,0,1,1,0,0,3,3,3.21,1,break_piece,0x5436A936
0x7BA1CD3D,,,0,1,0,0,1,0,0,3,3,3.00,1,intact,0x7E013B43
0x7BA71838,,,0,1,0,1,1,0,0,5,5,5.59,0,break_piece,0x02195587
0x7BBA5459,slice2g_ruin,rainbow,1,1,0,1,1,0,0,2,2,48.04,0,intact,0x0B7CC1B7
0x7BC636D8,,,0,1,0,1,1,0,0,6,6,0.81,1,break_piece,0xBBDC51DD
0x7BCA7B47,floor02.piece1b_propdebris04,rainbow,1,1,0,1,1,0,0,3,3,1.57,1,break_piece,0xD1574A09
0x7BDCFDFA,slice2h_interior,rainbow,1,1,0,1,1,0,0,3,3,40.00,0,break_piece,0x0B7CC1B7
0x7BE6EBE2,,,0,1,0,0,1,0,0,3,3,0.03,1,intact,0x0B7CC1B7
0x7C011B8B,,,0,1,0,0,1,0,0,6,6,1.05,0,break_piece,0x95F4BA55
0x7C0D8C84,pmcoutpost_wallb,rainbow,1,1,1,0,0,0,0,0,0,0.03,0,static,0x7C0D8C84
0x7C0FD753,hp_fx_leaves_green_o,rainbow,1,1,0,0,1,0,0,3,3,0.03,1,break_piece,0x5AB8A933
0x7C123B65,,,0,1,0,0,1,0,0,4,4,0.03,1,break_piece,0xD1968AF1
0x7C195BF2,,,0,1,0,1,1,0,0,5,5,4.04,0,break_piece,0xE6027C27
0x7C548259,,,0,1,0,1,0,0,0,4,4,0.03,0,break_piece,0x149FC407
0x7C573174,piece2z_propdebris19,rainbow,1,1,0,1,1,0,0,3,3,10.09,1,break_piece,0xB6B946F4
0x7C77ACCB,shanty_bld_housegroup04,rainbow,1,1,1,0,0,0,0,0,0,0.03,0,static,0x7C77ACCB
0x7C7F44E0,,,0,1,1,0,1,0,0,0,0,0.77,0,,0x7C7F44E0
0x7C8D3300,floor01.slice2d_propdebris03,rainbow,1,1,0,1,1,0,0,4,4,7.15,1,break_piece,0x149FC407
0x7C912C85,,,0,1,0,0,0,0,0,2,2,0.03,1,,0x14D94B9B
0x7C9E5006,,,0,1,0,0,0,0,0,10,10,1.38,1,break_piece,0x807D1C3B
0x7CA21EC2,,,0,1,0,0,1,0,0,4,4,0.03,1,break_piece,0xE54047D5
0x7CA9B255,piece3h_ruin,rainbow,1,1,0,1,0,0,0,2,2,13.31,0,break_piece,0x2CE290F9
0x7CC2AB57,slice5e_propattach11_pristine,rainbow,1,1,0,1,1,0,0,4,4,7.41,1,intact,0xA27EA462
0x7CC413C4,global_vendingmachine01,rainbow,1,1,1,0,0,0,0,0,0,0.03,0,static,0x7CC413C4
0x7CC709BC,,,0,1,0,0,1,0,0,6,6,0.96,0,break_piece,0xA4937D58
0x7CCA7225,,,0,1,0,0,1,0,0,4,4,0.03,1,break_piece,0xDBA727BB
0x7CD4D922,,,0,1,0,0,1,0,0,6,6,1.04,0,break_piece,0x80C357EC
0x7CE0D104,piece8k_propdebris03,rainbow,1,1,0,1,1,0,0,3,3,1.11,1,break_piece,0x8E8ED4C0
0x7D0B00CB,civ_veh_truck_impact_sut,rainbow,1,1,1,0,0,0,0,0,0,0.03,0,static,0x7D0B00CB
0x7D0C586E,Slice2N_ruin,rainbow,2,1,0,1,1,0,0,2,2,33.56,0,intact,0x0B7CC1B7
0x7D0F8697,,,0,1,0,0,0,0,0,4,4,1.08,0,break_piece,0x4A95F55C
0x7D106BC1,Slice2O_ruin,rainbow,2,1,0,1,1,0,0,2,2,34.08,0,intact,0x0B7CC1B7
0x7D1138B1,slice2a_propattach12_ruin,rainbow,1,1,0,1,0,0,0,4,4,0.03,1,break_piece,0xE6027C27
0x7D268137,,,0,1,0,1,1,0,0,5,5,6.31,1,break_piece,0x35992F99
0x7D2B5405,hp_deliverycrate,rainbow,1,1,1,0,0,0,0,0,0,0.03,0,static,0xE6A22510
0x7D33441B,,,0,1,0,1,1,0,0,5,5,4.65,1,break_piece,0x2A5FF32E
0x7D3D0D41,L3_far5,rainbow,1,1,0,0,1,0,0,6,6,1.95,1,break_piece,0xEAA1C080
0x7D4E7B6B,oilrig_bld_buildinga_details_02_propattach50_pristine,rainbow,1,1,0,1,1,0,0,1,1,0.76,0,intact,0xF419FFEB
0x7D6DED3C,bone_frontwheel,rainbow,1,1,0,0,1,0,0,3,3,1.32,1,,0x33C8B389
0x7D73A504,,,0,1,0,0,1,0,0,2,2,5.03,1,,0x54E9C345
0x7D75FDA8,,,0,1,0,0,1,0,0,3,3,7.34,1,,0x32FBE556
0x7D766FA6,island_bld_bridge01,rainbow,1,1,1,0,0,0,0,0,0,0.03,0,static,0x7D766FA6
0x7D7B88BC,,,0,1,0,1,1,0,0,6,6,0.46,0,intact,0xBD552CD3
0x7D808EF2,,,0,1,1,0,0,0,0,0,0,0.03,0,static,0x7D808EF2
0x7D8CE97F,,,0,1,0,1,1,0,0,1,1,0.43,0,intact,0x09139BCD
0x7D916D0C,,,0,1,0,0,1,0,0,5,5,0.03,1,break_piece,0x25FE00A7
0x7D948ADD,,,0,1,0,0,1,0,0,6,6,1.03,0,break_piece,0x12732DD2
0x7D9D0612,hp_rebar,rainbow,1,1,0,0,6,0,0,2,2,1.31,0,,0x307D6AE1
0x7D9D627E,,,0,1,0,1,1,0,0,1,1,1.30,0,intact,0xF419FFEB
0x7DB27685,global_electricalbox01,rainbow,1,1,1,0,0,0,0,0,0,0.03,0,static,0x7DB27685
0x7DB2E527,caracas_bld_skytrammain,rainbow,1,1,1,0,0,0,0,0,0,0.03,0,static,0x7DB2E527
0x7DB7D8C2,slice1q_pristine,rainbow,1,1,0,1,0,0,0,2,2,25.48,0,break_piece,0x805C965E
0x7DC961C9,,,0,1,0,0,1,0,0,4,4,1.12,1,intact,0x461F1A3A
0x7DCC1E89,,,0,1,0,1,1,0,0,5,5,3.79,1,break_piece,0xC56B1A44
0x7DF9959A,,,0,1,0,1,1,0,0,4,4,2.77,0,break_piece,0x7EC3FC58
0x7E013B43,civ_veh_trailer_box,rainbow,1,1,1,0,0,0,0,0,0,0.03,0,static,0x7E013B43
0x7E0D08CA,,,0,1,1,0,0,0,0,0,0,0.03,0,static,0x7E0D08CA
0x7E13BF1C,,,0,1,0,1,1,0,0,5,5,8.07,1,break_piece,0x155E5F33
0x7E1784E3,,,0,1,0,0,1,0,0,5,5,0.03,1,break_piece,0xC733E65D
0x7E247FE5,residential_bld_segment16x16c,rainbow,1,1,1,0,0,0,0,0,0,0.03,0,static,0x7E247FE5
0x7E3AB07D,caracas_bld_parquecentral01,rainbow,1,1,1,0,0,0,0,0,0,0.03,0,static,0x7E3AB07D
0x7E4273F8,,,0,1,0,1,1,0,0,1,1,1.35,0,intact,0x2703554F
0x7E42B9D1,,,0,1,0,0,1,0,0,4,4,0.03,1,break_piece,0x149FC407
0x7E5A1BCC,,,0,1,0,1,1,0,0,1,1,1.38,0,intact,0x8BC154D7
0x7E668FA6,,,0,1,1,0,1,0,0,0,0,0.03,0,,0xA341CC7A
0x7E6BEF2C,village_prop_tentsmallpupa,rainbow,1,1,1,0,0,0,0,0,0,0.03,0,static,0x7E6BEF2C
0x7E6C9BD3,bone_attach_piston_a,rainbow,1,1,0,0,1,0,0,1,1,0.03,1,,0x42740E1B
0x7E79010B,,,0,1,0,1,1,0,0,5,5,3.48,0,break_piece,0xC939089F
0x7E8DD91A,,,0,1,0,1,1,0,0,5,5,2.39,1,break_piece,0x25FE00A7
0x7EA3BD99,hp_spawn_e,rainbow,1,1,0,0,1,0,0,3,3,0.03,1,intact,0x88612024
0x7EA518C8,,,0,1,0,1,1,0,0,4,4,4.59,0,intact,0xF6DEC8EA
0x7EA91FDD,hp_barreltip_maingun,rainbow,1,1,0,0,1,0,0,5,5,0.03,1,,0x3A1CB5C0
0x7EAC92B3,,,0,1,1,0,0,0,0,0,0,0.03,0,static,0x7EAC92B3
0x7EB24570,proutpost_bld_dormitory,rainbow,1,1,1,0,0,0,0,0,0,0.03,0,static,0x7EB24570
0x7EB29605,,,0,1,0,1,1,0,0,4,4,4.93,1,break_piece,0x91E2FC68
0x7EB8F59E,piece1b_propdebris76,rainbow,1,1,0,1,1,0,0,3,3,27.82,1,break_piece,0xA948DDA6
0x7EBA3FC3,,,0,1,0,1,0,0,0,3,3,0.03,0,break_piece,0x9FCAE910
0x7EBC5C52,,,0,1,0,0,0,0,0,2,2,0.03,1,,0x14D94B9B
0x7EC2E347,,,0,1,1,0,1,0,0,0,0,0.83,0,,0x7EC2E347
0x7EC3FC58,jungle_bld_ruinshotelback,rainbow,1,1,1,0,0,0,0,0,0,0.03,0,static,0x7EC3FC58
0x7ECFE40A,,,0,1,0,0,0,0,0,2,2,0.03,1,,0x14D94B9B
0x7EDA94BE,piece1a_propdebris95,rainbow,1,1,0,1,1,0,0,3,3,4.11,1,break_piece,0x1923143C
0x7EDB87E0,piece1b_propdebris78,rainbow,1,1,0,1,1,0,0,3,3,27.82,1,break_piece,0xA948DDA6
0x7EFCC879,,,0,1,0,0,1,0,0,5,5,0.03,1,break_piece,0x25FE00A7
0x7F1C4504,,,0,1,0,0,1,0,0,3,3,0.03,1,break_piece,0xB0D4E642
0x7F20C232,,,0,1,0,0,1,0,0,3,3,0.03,1,break_piece,0xB0D4E642
0x7F3026D0,,,0,1,0,0,1,0,0,4,4,0.03,1,break_piece,0x319D840A
0x7F4532AA,piece3h_propdebris25,rainbow,1,1,0,1,1,0,0,3,3,3.02,1,break_piece,0x2CE290F9
0x7F4D5682,,,0,1,0,1,1,0,0,5,5,2.61,1,break_piece,0x25FE00A7
0x7F5777FA,slice3f_propdebris01,rainbow,1,1,0,1,1,0,0,3,3,3.20,1,break_piece,0x04CC21CD
0x7F5DCE18,dlc_global_walllong_ruin,rainbow,1,1,1,0,1,0,0,0,0,16.48,0,,0x7F5DCE18
0x7F64DAD1,bone_pitch_mlrs,rainbow,1,1,0,0,0,0,0,5,5,5.01,0,break_piece,0x1A221527
0x7F69FF54,,,0,1,0,1,1,0,0,5,5,1.41,1,break_piece,0x818E5819
0x7F8050BE,global_billboard_useb8,rainbow,1,1,0,0,0,0,0,1,1,0.03,1,,0x1FBFBB4B
0x7F8B3A98,piece5m_ruin,rainbow,1,1,0,1,0,0,0,2,2,0.03,0,break_piece,0xE59723FD
0x7FA2D32C,,,0,1,0,1,1,0,0,1,1,0.22,0,break_piece,0x60A4EEF3
0x7FA2E300,global_billboard_useb6,rainbow,1,1,0,0,0,0,0,1,1,0.03,1,,0x1FBFBB4B
0x7FA4F9B7,floor02.piece2a_propattach03_pristine,rainbow,1,1,0,1,1,0,0,4,4,5.23,0,intact,0xAC3CD893
0x7FA78A28,,,0,1,0,0,1,0,0,6,6,1.62,0,break_piece,0xD7BB0643
0x7FAF4D16,,,0,1,0,1,1,0,0,1,1,1.25,0,intact,0x4D4F42B5
0x7FB0A814,,,0,1,0,1,1,0,0,5,5,9.74,1,break_piece,0x618526A4
0x7FC432C1,,,0,1,0,1,1,0,0,1,1,1.74,0,intact,0xF245AC63
0x7FD34E23,shanty_canvasshort,rainbow,1,1,1,0,0,0,0,0,0,0.03,0,static,0x7FD34E23
0x7FD588FF,slice6c_pristine,rainbow,1,1,0,1,1,0,0,2,2,34.08,0,intact,0x04CC21CD
0x7FDDAAFB,piece1a_propattach24_pristine,rainbow,1,1,0,1,1,0,0,4,4,0.64,0,break_piece,0xE5133554
0x7FDDCFE2,hp_gunmount_f,rainbow,1,1,0,0,1,0,0,6,6,0.03,1,intact,0x4FC2D374
0x7FECCCCD,,,0,1,0,1,1,0,0,4,4,1.90,0,break_piece,0x7EC3FC58
0x7FEDC6AC,caracasruins_bld_corner16x16a,rainbow,1,1,1,0,1,0,0,0,0,36.21,0,,0x7FEDC6AC
0x7FFB0A7D,hp_rpk,rainbow,1,1,1,0,0,0,0,0,0,1.06,0,static,0x0F8A0F17
0x7FFDFCDE,piece4c,rainbow,1,1,0,0,0,0,0,1,1,0.03,0,static,0xFA83AC18
0x800A5E90,,,0,1,0,0,1,0,0,5,5,0.03,1,break_piece,0x25FE00A7
0x8014E005,bone_bomb_r,rainbow,1,1,0,0,1,0,0,4,4,2.27,1,break_piece,0x25B3F7BC
0x801B4F75,slice1b_propdebris31,rainbow,1,1,0,1,1,0,0,3,3,4.32,1,intact,0xA719777F
0x802E6CA3,aloutpost_bld_bunker_wall_w12_16,rainbow,1,1,0,1,1,0,0,5,5,1.04,0,break_piece,0xE6027C27
0x8035AB2B,,,0,1,0,1,1,0,0,1,1,1.35,0,intact,0x2703554F
0x80384907,floor02.piece1a_propattach00_pristine,rainbow,1,1,0,1,1,0,0,4,4,38.33,0,break_piece,0xCA3AC936
0x803FFA98,margarita_hotelpool,rainbow,1,1,1,0,0,0,0,0,0,93.74,0,,0x803FFA98
0x804425B3,groutpost_interior_job,rainbow,1,1,1,0,0,0,0,0,0,47.39,0,,0x804425B3
0x8049E441,Slice2I_pristine,rainbow,2,1,0,1,0,0,0,2,2,40.86,0,break_piece,0x0B7CC1B7
0x80521580,slice2d_propdebris04,rainbow,1,1,0,1,1,0,0,3,3,4.06,1,break_piece,0xF51C01DD
0x805658D5,,,0,1,0,0,1,0,0,4,4,0.03,1,intact,0xC142F94B
0x805C965E,industrial_bld_warehouse01,rainbow,1,1,1,0,0,0,0,0,0,0.03,0,static,0x805C965E
0x805E8721,,,0,1,1,0,1,0,0,0,0,59.77,0,,0x805E8721
0x80659E62,global_veh_68valiant,rainbow,1,1,1,0,0,0,0,0,0,0.03,0,static,0x80659E62
0x80715D24,,,0,1,0,0,1,0,0,6,6,1.93,1,break_piece,0x5B3458E9
0x80725FF4,global_weapon_stinger,rainbow,1,1,2,0,0,0,0,0,0,1.67,0,,0x80725FF4
0x807A551A,hp_barreltip_xrocketL,rainbow,1,1,0,0,1,0,0,5,5,0.03,1,break_piece,0x9FCAE910
0x807D1C3B,pmc_veh_car_camo_veyron,rainbow,1,1,1,0,0,0,0,0,0,0.03,0,static,0x807D1C3B
0x80942363,hp_dock_fmr,rainbow,1,1,0,0,1,0,0,3,3,0.03,1,intact,0x60E7FFEB
0x80960FC5,,,0,1,0,0,1,0,0,3,3,0.03,1,break_piece,0xB993D852
0x80AB8AE2,,,0,1,1,0,0,0,0,0,0,0.03,0,static,0x80AB8AE2
0x80AE362E,,,0,1,0,1,1,0,0,7,7,0.58,1,break_piece,0xDA219845
0x80C357EC,ch_veh_tank_ztz63a,rainbow,1,1,1,0,0,0,0,0,0,0.03,0,static,0x80C357EC
0x80CEDC6E,,,0,1,0,0,1,0,0,1,1,1.25,1,,0x223593E1
0x80CF3AB2,slice8a_propattach01,rainbow,1,1,0,0,0,0,0,3,3,0.03,1,break_piece,0xC939089F
0x80DEA54E,,,0,1,0,0,1,0,0,5,5,0.03,1,break_piece,0x319D840A
0x80E84A76,floor02.piece2a_propdebris10,rainbow,1,1,0,1,1,0,0,3,3,4.25,1,break_piece,0xD44C2215
0x80ECF7F4,,,0,1,0,1,1,0,0,5,5,5.64,1,break_piece,0x13417609
0x80F173A7,floor01.piece2a,rainbow,1,1,0,0,0,0,0,1,1,0.03,0,static,0xAC3CD893
0x80F31323,,,0,1,0,0,1,0,0,4,4,0.03,1,intact,0xC733E65D
0x811521C9,hp_rpgrocket,rainbow,1,1,2,0,0,0,0,0,0,0.83,0,,0x93533353
0x811D238E,piece3c_propdebris33,rainbow,1,1,0,1,1,0,0,3,3,7.40,1,break_piece,0xB6B946F4
0x811EB2C0,,,0,1,0,0,0,0,0,3,3,8.23,1,break_piece,0xF88147A1
0x8127D63B,,,0,1,0,0,1,0,0,3,3,0.03,1,break_piece,0xE59723FD
0x8128869B,,,0,1,0,1,1,0,0,4,4,1.45,1,break_piece,0xE54047D5
0x8138171A,,,0,1,0,0,1,0,0,4,4,0.03,1,intact,0x0C95FF35
0x81440FD9,,,0,1,0,0,1,0,0,3,3,6.30,1,,0x32FBE556
0x8152A918,global_env_rockjungle03,rainbow,1,1,1,0,0,0,0,0,0,0.03,0,,0x8152A918
0x815DB6F0,jungle_env_bushmedium02,rainbow,1,1,1,0,0,0,0,0,0,0.03,0,static,0x815DB6F0
0x8166C6A6,city_bld_corner32x32a,rainbow,1,1,1,0,0,0,0,0,0,0.03,0,static,0x8166C6A6
0x8168D4A5,,,0,1,0,0,1,0,0,4,4,0.03,1,break_piece,0xE54047D5
0x8176CE6D,,,0,1,0,1,1,0,0,5,5,2.94,1,break_piece,0x818E5819
0x8185C0A5,dlc_outskirt_interior_hq,rainbow,1,1,1,0,1,0,0,0,0,0.03,0,,0x8185C0A5
0x818A1E06,airport_bld_controltower,rainbow,1,1,1,0,0,0,0,0,0,0.03,0,static,0x818A1E06
0x818E5819,outpost_bld_govtbld,rainbow,1,1,1,0,0,0,0,0,0,0.03,0,static,0x818E5819
0x81A520B1,,,0,1,0,1,1,0,0,5,5,5.89,1,break_piece,0x35992F99
0x81D11736,,,0,1,0,0,0,0,0,5,5,0.03,0,break_piece,0xC1EEB3B3
0x81D2E75C,slice2e_propattach00_pristine,rainbow,1,1,0,1,1,0,0,4,4,14.10,0,intact,0x0B7CC1B7
0x81D38F38,slice9a_propattach01_ruin,rainbow,1,1,0,1,0,0,0,4,4,0.03,0,break_piece,0xC939089F
0x81E052C7,vzoutpost_bld_hangarbunker,rainbow,1,1,1,0,0,0,0,0,0,0.03,0,static,0x81E052C7
0x81F9EC23,hp_snap_oilrig_bld_buildingD,rainbow,1,1,0,0,1,0,0,3,3,0.03,1,break_piece,0x618526A4
0x820AA92F,sign30,rainbow,1,1,1,0,0,0,0,0,0,0.03,0,static,0x820AA92F
0x821117BE,,,0,1,0,0,1,0,0,3,3,0.03,1,break_piece,0x7604B190
0x82181D70,,,0,1,0,0,1,0,0,6,6,1.08,0,break_piece,0x8C83F560
0x8218A873,piece5h_propdebris26,rainbow,1,1,0,1,1,0,0,3,3,3.82,1,break_piece,0x2CE290F9
0x822078E0,,,0,1,0,0,1,0,0,1,1,4.23,0,,0xDDC215C0
0x82270B18,slice1q_propattach02,rainbow,1,1,0,0,0,0,0,3,3,0.03,1,break_piece,0x805C965E
0x8238823B,,,0,1,0,0,2,0,0,2,2,0.03,0,static,0x12551ECE
0x824171AE,floor01.piece1a_propdebris23,rainbow,1,1,0,1,1,0,0,3,3,11.53,1,break_piece,0x601A1292
0x82498D13,Slice2K_pristine,rainbow,2,1,0,1,0,0,0,2,2,43.41,0,break_piece,0x0B7CC1B7
0x824A390D,global_gpsjammer,rainbow,1,1,1,0,0,0,0,0,0,0.03,0,static,0x824A390D
0x824F2D39,,,0,1,0,0,0,0,0,4,4,0.03,0,break_piece,0x4AEE11CE
0x82539AC4,,,0,1,0,1,0,0,0,4,4,0.94,0,break_piece,0xFD0229C3
0x82768AC2,,,0,1,0,0,1,0,0,6,6,1.83,0,break_piece,0x926D9ECB
0x827F6733,,,0,1,0,0,0,0,0,4,4,1.74,1,intact,0x22BA44C8
0x8285A1D1,,,0,1,0,0,1,0,0,3,3,2.55,0,,0x14D94B9B
0x828B2EE3,,,0,1,0,0,1,0,0,3,3,2.10,0,,0x14D94B9B
0x82A696F7,,,0,1,0,0,1,0,0,4,4,0.03,1,break_piece,0x1203E036
0x82A73CD6,piece4c_propdebris12,rainbow,1,1,0,1,1,0,0,3,3,2.65,1,break_piece,0xFA83AC18
0x82AB78FA,hp_towrocket,rainbow,1,1,1,0,1,0,0,0,0,1.23,0,,0xD9D498E4
0x82CD87DF,oilrig_att_pipes_flatbed_a1,rainbow,1,1,0,1,0,0,0,5,5,3.42,0,break_piece,0xB0D4E642
0x82DB2BCD,,,0,1,0,1,1,0,0,5,5,1.70,0,break_piece,0xE31521AD
0x82E27148,,,0,1,0,0,1,0,0,3,3,5.95,1,,0x32FBE556
0x82E62D7A,bone_door_ruin_rr,rainbow,1,1,0,0,1,0,0,3,3,1.77,1,intact,0x994E1953
0x82F0DC27,,,0,1,1,0,0,0,0,0,0,0.03,0,,0x82F0DC27
0x8308D9B9,,,0,1,1,0,0,0,0,0,0,0.03,0,static,0xF4358256
0x833030CA,commercial_bld_segment8x16c,rainbow,1,1,1,0,0,0,0,0,0,0.03,0,static,0x833030CA
0x833AD81C,L3_far4,rainbow,1,1,0,0,1,0,0,6,6,2.10,0,break_piece,0xEAA1C080
0x833E1BC7,piece6d,rainbow,1,1,0,0,0,0,0,1,1,0.03,0,static,0x8E8ED4C0
0x8342961A,,,0,1,0,1,0,0,0,3,3,0.03,1,break_piece,0x4A95F55C
0x834809C6,piece2h_propdebris15,rainbow,1,1,0,1,1,0,0,3,3,6.40,1,break_piece,0x91E2FC68
0x8363AAB2,village_bld_food01,rainbow,1,1,1,0,0,0,0,0,0,0.03,0,static,0x8363AAB2
0x83657525,slice2a_propattach18_pristine,rainbow,1,1,0,1,1,0,0,4,4,0.57,0,break_piece,0x2171B6D7
0x836D6A70,,,0,1,0,0,1,0,0,5,5,0.03,1,break_piece,0x1E359C2F
0x836FD317,,,0,1,0,0,1,0,0,4,4,0.83,0,break_piece,0x74474CB1
0x8381780D,,,0,1,0,0,1,0,0,5,5,0.03,1,break_piece,0xCA20C1D9
0x83939687,hp_fx_light22,rainbow,1,1,0,0,1,0,0,1,1,0.03,1,static,0x04ED3522
0x839813B5,hp_fx_light20,rainbow,1,1,0,0,1,0,0,1,1,0.03,1,static,0x04ED3522
0x83A15CF9,global_weapon_cruisemissile,rainbow,1,1,1,0,0,0,0,0,0,6.85,0,,0x83A15CF9
0x83BC5470,slice1a_propattach25_pristine,rainbow,1,1,0,1,0,0,0,4,4,1.13,0,break_piece,0xDDBA557D
0x83BD3BDC,,,0,1,0,0,0,0,0,4,4,0.03,0,intact,0xD1574A09
0x83C3B50A,,,0,1,0,1,1,0,0,4,4,3.74,0,break_piece,0x7EC3FC58
0x83E378B1,,,0,1,0,1,1,0,0,5,5,2.16,0,break_piece,0xB0D4E642
0x83EA3F06,piece7a_propdebris44,rainbow,1,1,0,1,1,0,0,3,3,1.64,1,break_piece,0xCE866A6A
0x8413B013,,,0,1,0,0,1,0,0,1,1,22.86,0,,0x5453C80F
0x842467D1,,,0,1,0,0,1,0,0,4,4,1.65,1,intact,0x2B97DD31
0x843325B1,,,0,1,0,1,1,0,0,1,1,1.35,0,intact,0x0D0B8CF5
0x8435E6BF,,,0,1,0,1,1,0,0,6,6,1.76,0,break_piece,0x0F9B9B04
0x843C43F2,,,0,1,0,1,1,0,0,5,5,3.57,1,break_piece,0x25FE00A7
0x843D1E46,piece4a_propattach02_ruin,rainbow,1,1,0,1,1,0,0,4,4,5.96,0,intact,0x7DB2E527
0x843FB190,,,0,1,0,0,0,0,0,4,4,1.21,0,break_piece,0xB993D852
0x843FE359,slice2j,rainbow,2,1,0,0,0,0,0,1,1,0.03,0,static,0x0B7CC1B7
0x844084AC,,,0,1,0,0,1,0,0,4,4,0.03,1,break_piece,0x149FC407
0x8448BE67,,,0,1,0,0,1,0,0,4,4,2.09,1,break_piece,0x25B3F7BC
0x844EB63B,estate_stairs01,rainbow,1,1,1,0,0,0,0,0,0,0.03,0,static,0x844EB63B
0x84533369,estate_stairs03,rainbow,1,1,1,0,0,0,0,0,0,0.03,0,static,0x84533369
0x8456CC17,chinaoutpost_interior_hq,rainbow,1,1,1,0,0,0,0,0,0,27.20,0,,0x8456CC17
0x8458E92E,slice3a_propattach11,rainbow,1,1,0,0,0,0,0,3,3,0.03,1,break_piece,0xE6027C27
0x8469DD2F,,,0,1,0,0,1,0,0,6,6,3.41,0,break_piece,0xEAA1C080
0x846A0843,piece4a_propdebris02,rainbow,1,1,0,1,1,0,0,3,3,3.39,1,break_piece,0x8E8ED4C0
0x846BC2D7,slice9a_propattach02_pristine,rainbow,1,1,0,1,1,0,0,4,4,1.20,0,break_piece,0xC939089F
0x846E5BE4,floor01.slice2a_propdebris00,rainbow,1,1,0,1,1,0,0,4,4,9.46,1,break_piece,0x149FC407
0x84778723,bone_glass__br_pristine,rainbow,1,1,0,1,0,0,0,5,5,5.90,0,break_piece,0x63E4703A
0x847F9CA7,chinaoutpost_concretewall01,rainbow,1,1,1,0,0,0,0,0,0,0.03,0,static,0x847F9CA7
0x8480906F,piece1b_propattach18_pristine,rainbow,1,1,0,1,1,0,0,4,4,1.31,0,intact,0x6B3A45A6
0x8488143B,,,0,1,0,0,1,0,0,4,4,0.03,1,break_piece,0x0189C80A
0x8488C26A,floor01.slice2d_propdebris01,rainbow,1,1,0,1,1,0,0,4,4,8.08,1,break_piece,0x149FC407
0x84947B80,,,0,1,0,0,1,0,0,3,3,0.03,1,,0x76C37A7E
0x849972EE,global_weapon_c4land_projectile,rainbow,1,1,2,0,0,0,0,0,0,0.03,0,,0x849972EE
0x849BFE28,global_env_treesidewalk01,rainbow,1,1,1,0,0,0,0,0,0,0.03,0,static,0x849BFE28
0x84A66FBE,slice2a_propattach14,rainbow,1,1,0,0,0,0,0,3,3,0.03,1,break_piece,0x2171B6D7
0x84BF6128,,,0,1,1,0,0,0,0,0,0,0.03,0,static,0x84BF6128
0x84F5A7EF,,,0,1,0,0,1,0,0,3,3,0.03,1,break_piece,0x1A74D3EE
0x850179F3,hp_turretmount_rm,rainbow,1,1,0,0,1,0,0,4,4,0.03,1,intact,0x13A86EF7
0x851204E2,slice2h_pristine,rainbow,1,1,0,1,0,0,0,2,2,50.89,0,break_piece,0x0B7CC1B7
0x8522ED4B,bone_massive_1x1_c,rainbow,1,1,0,0,1,0,0,3,3,8.49,1,intact,0x78B5CB4F
0x85276A79,bone_massive_1x1_a,rainbow,1,1,0,0,1,0,0,3,3,14.14,1,intact,0x21AE18E8
0x852FFA4A,floor01.slice1d_propdebris02,rainbow,1,1,0,1,1,0,0,4,4,6.08,1,break_piece,0x149FC407
0x854DDBBF,,,0,1,0,1,1,0,0,1,1,0.72,0,intact,0x60497640
0x8566262E,oilrig_towerblowoutdiagonal,rainbow,1,1,1,0,0,0,0,0,0,0.03,0,static,0x8566262E
0x85671FA3,,,0,1,0,0,1,0,0,3,3,0.03,1,break_piece,0x7604B190
0x857DE0DD,hp_fx_flame_b,rainbow,1,1,0,0,1,0,0,1,1,0.03,1,,0x75BEFD49
0x858C231E,,,0,1,0,0,1,0,0,3,3,0.03,1,break_piece,0x618526A4
0x85A5467C,Slice2J_pristine,rainbow,2,1,0,1,0,0,0,2,2,38.54,0,break_piece,0x0B7CC1B7
0x85AA3933,floor02.piece1a_propdebris30,rainbow,1,1,0,1,1,0,0,3,3,10.23,1,break_piece,0x601A1292
0x85AF7FAC,,,0,1,0,1,1,0,0,1,1,1.34,0,intact,0xBCBA07EE
0x85B57974,,,0,1,1,0,0,0,0,0,0,24.85,0,,0x8CAFF9CF
0x85B5FBEE,hp_weapon_c,rainbow,1,1,0,0,1,0,0,1,1,0.03,1,,0x223593E1
0x85C0CEEC,,,0,1,0,0,1,0,0,6,6,2.01,0,break_piece,0x31F0FE47
0x85CE8A4E,,,0,1,0,0,1,0,0,3,3,0.03,1,break_piece,0x40D1E566
0x85DA7CD1,,,0,1,0,0,1,0,0,6,6,1.39,0,break_piece,0x0065B09D
0x85DCD010,piece6d_propdebris04,rainbow,1,1,0,1,1,0,0,3,3,1.69,1,break_piece,0x8E8ED4C0
0x85E40830,,,0,1,2,0,2,0,0,0,0,3.19,0,,0x85E40830
0x85F160C5,,,0,1,0,0,1,0,0,5,5,1.63,1,intact,0x13709C60
0x8605D52C,,,0,1,0,1,1,0,0,5,5,4.02,0,break_piece,0x2171B6D7
0x860FE774,slice2e_propattach01,rainbow,1,1,0,0,0,0,0,3,3,0.03,1,break_piece,0x0B7CC1B7
0x8612D8F4,,,0,1,0,0,0,0,0,8,8,0.03,0,break_piece,0x807D1C3B
0x861ED1D7,floor01.piece1b_propattach00_pristine,rainbow,1,1,0,1,1,0,0,4,4,45.96,0,break_piece,0xAC3CD893
0x862E5637,,,0,1,0,1,1,0,0,1,1,1.38,0,intact,0xE7D6462D
0x8643D20E,,,0,1,0,0,1,0,0,4,4,0.03,1,break_piece,0x63E4703A
0x86459482,,,0,1,0,1,1,0,0,5,5,6.09,0,break_piece,0xBFC09F3E
0x865538B8,,,0,1,1,0,0,0,0,0,0,0.03,0,static,0x865538B8
0x865A0498,,,0,1,0,0,1,0,0,3,3,0.03,1,break_piece,0x7604B190
0x865C59B1,,,0,1,0,0,0,0,0,5,5,0.31,1,break_piece,0x9FCAE910
0x865CB5BE,,,0,1,0,0,1,0,0,5,5,0.03,1,break_piece,0x25FE00A7
0x8664451E,,,0,1,0,1,1,0,0,4,4,5.68,0,intact,0x6B3A45A6
0x8677F7CF,,,0,1,0,0,1,0,0,3,3,2.08,1,,0x32FBE556
0x869025C9,,,0,1,0,0,1,0,0,5,5,0.03,1,break_piece,0xB187C134
0x86A7C828,vz_veh_towed_zu23aa,rainbow,1,1,1,0,0,0,0,0,0,0.03,0,static,0x86A7C828
0x86AF96CD,global_bonfire01,rainbow,1,1,1,0,0,0,0,0,0,0.03,0,static,0x86AF96CD
0x86B2985B,,,0,1,1,0,0,0,0,0,0,0.03,0,static,0x86B2985B
0x86B88EFA,piece1b_propattach12,rainbow,1,1,0,0,0,0,0,3,3,0.03,1,break_piece,0x6B3A45A6
0x86BD7F64,piece1b_propdebris74,rainbow,1,1,0,1,1,0,0,3,3,25.65,1,break_piece,0xA948DDA6
0x86D5DF8B,global_env_palmtreebend05,rainbow,1,1,1,0,0,0,0,0,0,0.03,0,static,0x86D5DF8B
0x86D7CF92,pmcoutpost_interior_recruitjet,rainbow,1,1,1,0,0,0,0,0,0,0.03,0,,0x86D7CF92
0x86FC2013,,,0,1,0,0,1,0,0,6,6,0.91,0,break_piece,0x16497BF1
0x86FDE97C,,,0,1,0,0,1,0,0,2,2,1.31,1,,0x33C8B389
0x870DBD92,,,0,1,0,1,1,0,0,4,4,2.49,0,break_piece,0x7EC3FC58
0x870FA8E7,bone_front_hook,rainbow,1,1,0,0,1,0,0,3,3,1.03,1,break_piece,0x16497BF1
0x871BB41A,Slice00_ruin,rainbow,1,1,0,1,0,0,0,2,2,43.93,0,intact,0xFF7ABB3B
0x871EC5EC,sign15,rainbow,1,1,1,0,0,0,0,0,0,0.03,0,static,0x871EC5EC
0x8726FBEF,,,0,1,0,1,1,0,0,1,1,1.37,0,intact,0x60497640
0x873425E5,,,0,1,0,0,1,0,0,5,5,2.90,1,break_piece,0x2B97DD31
0x873AB2D5,,,0,1,0,0,0,0,0,7,7,0.03,1,break_piece,0x0065B09D
0x874D4EFA,proutpost_bld_command,rainbow,1,1,1,0,0,0,0,0,0,0.03,0,static,0x874D4EFA
0x8753B61B,hp_snap_mv_piece1A_oilrig_bld_helipadsmallA,rainbow,1,1,0,0,1,0,0,2,2,0.03,1,static,0xD44C2215
0x875736ED,,,0,1,0,0,0,0,0,4,4,1.17,1,intact,0xA35416A8
0x8758EFE0,piece8k_propdebris10,rainbow,1,1,0,1,1,0,0,3,3,1.08,1,break_piece,0x8E8ED4C0
0x875FD7E5,,,0,1,0,0,1,0,0,3,3,0.03,1,intact,0x9A6F6587
0x87679FFF,,,0,1,0,0,1,0,0,3,3,0.03,1,break_piece,0x22435EEA
0x8767E2FA,,,0,1,0,0,1,0,0,5,5,1.00,0,break_piece,0x4F3C5FBE
0x87706EE2,,,0,1,1,0,0,0,0,0,0,0.03,0,static,0x87706EE2
0x87755ADA,,,0,1,0,0,1,0,0,2,2,41.40,0,break_piece,0x8B73A257
0x877AFAC7,L12_close2,rainbow,1,1,0,0,1,0,0,4,4,2.93,0,break_piece,0x3C76C1A0
0x879DF0E8,global_weapon_sidewinder,rainbow,1,1,1,0,1,0,0,0,0,2.91,0,,0x879DF0E8
0x879E726A,global_billboard_useb4,rainbow,1,1,0,0,0,0,0,1,1,0.03,1,,0x1FBFBB4B
0x87BF3321,,,0,1,1,0,1,0,0,0,0,21.93,0,,0x87BF3321
0x87D00743,piece6d_propdebris03,rainbow,1,1,0,1,1,0,0,3,3,1.08,0,break_piece,0x8E8ED4C0
0x87DDB472,,,0,1,0,0,1,0,0,4,4,0.03,1,break_piece,0x62D45983
0x87DFC05F,,,0,1,0,1,1,0,0,5,5,4.04,0,break_piece,0xE6027C27
0x87E1DE21,slice5c_propdebris03,rainbow,1,1,0,1,1,0,0,3,3,2.90,1,break_piece,0x04CC21CD
0x87ED6900,caracas_bld_historical05,rainbow,1,1,1,0,0,0,0,0,0,0.03,0,static,0x87ED6900
0x87F05472,vzoutpost_bld_guardtower_gr1,rainbow,1,1,1,0,0,0,0,0,0,0.03,0,static,0x4F6993AD
0x87F84910,,,0,1,0,0,0,0,0,4,4,0.34,1,break_piece,0x9FCAE910
0x880D25DC,,,0,1,0,0,1,0,0,6,6,0.03,1,break_piece,0xE54047D5
0x880FBBB3,,,0,1,0,0,1,0,0,5,5,0.03,1,break_piece,0x9FCAE910
0x88108D8D,piece2e_interior,rainbow,1,1,0,1,1,0,0,3,3,13.52,0,intact,0xF51C01DD
0x8810C269,,,0,1,0,0,0,0,0,4,4,0.34,1,break_piece,0x9FCAE910
0x881B7A0E,,,0,1,0,0,0,0,0,4,4,0.03,1,break_piece,0xE31521AD
0x882A0AF3,,,0,1,0,0,1,0,0,4,4,0.03,1,break_piece,0xC142F94B
0x883CF991,,,0,1,0,0,1,0,0,4,4,0.61,0,break_piece,0x74474CB1
0x88408070,slice5e_propattach11,rainbow,1,1,0,0,0,0,0,3,3,0.03,0,break_piece,0xA27EA462
0x8848ABE3,,,0,1,0,0,1,0,0,3,3,2.10,0,,0x14D94B9B
0x88612024,industrial_bld_warehouse03,rainbow,1,1,1,0,0,0,0,0,0,0.03,0,static,0x88612024
0x88705744,slice1f_propdebris05,rainbow,1,1,0,1,1,0,0,4,4,5.85,1,break_piece,0x1E359C2F
0x8871DE58,slice3c_propdebris04,rainbow,1,1,0,1,1,0,0,3,3,5.09,1,break_piece,0x9DF6B30B
0x8879BB01,bone_rotor_blade_5,rainbow,1,1,0,0,1,0,0,7,7,7.42,0,intact,0xF6DEC8EA
0x887E6C62,,,0,1,0,0,1,0,0,3,3,2.10,0,,0x14D94B9B
0x88836CAC,,,0,1,0,0,1,0,0,3,3,2.55,0,,0x14D94B9B
0x88A1336D,hp_al02_starter,rainbow,1,1,0,0,1,0,0,1,1,0.03,1,,0x23522367
0x88A1E39E,bone_doorfr,rainbow,1,1,0,0,1,0,0,1,1,1.96,1,,0x738993DF
0x88A839E7,hp_rock,rainbow,1,1,0,0,20,0,0,2,2,2.00,0,,0x307D6AE1
0x88B0E1C9,,,0,1,0,1,1,0,0,5,5,4.29,1,break_piece,0x35992F99
0x88B437C0,slice1a_propdebris62,rainbow,1,1,0,1,1,0,0,4,4,7.73,1,break_piece,0x964451A0
0x88B97EC9,,,0,1,0,1,0,0,0,4,4,1.00,0,break_piece,0x04549112
0x88C50FAF,,,0,1,0,1,1,0,0,5,5,1.70,0,break_piece,0xE31521AD
0x88CA4E7D,piece1b_propdebris71,rainbow,1,1,0,1,1,0,0,3,3,25.65,1,break_piece,0xA948DDA6
0x88D09B0C,jungle_env_smallcanopy02,rainbow,1,1,1,0,0,0,0,0,0,0.03,0,static,0x88D09B0C
0x88ECD43C,floor02.piece2a_propdebris12,rainbow,1,1,0,1,1,0,0,3,3,13.87,1,break_piece,0xD44C2215
0x88F922FC,global_scaffoldc,rainbow,1,1,1,0,0,0,0,0,0,0.03,0,static,0x88F922FC
0x891F10B2,,,0,1,0,0,1,0,0,3,3,0.03,1,break_piece,0xC58C4F27
0x892C3B50,,,0,1,0,0,0,0,0,2,2,0.03,0,break_piece,0xD1968AF1
0x89482311,,,0,1,0,0,1,0,0,4,4,0.03,0,intact,0x4A6BC856
0x894C2713,piece8k_propdebris17,rainbow,1,1,0,1,1,0,0,3,3,1.07,1,break_piece,0x8E8ED4C0
0x895AB9E8,,,0,1,0,1,1,0,0,4,4,2.01,0,break_piece,0x7EC3FC58
0x895C68D9,maracaibo_patz01,rainbow,1,1,0,0,1,0,0,3,3,2.10,0,,0x14D94B9B
0x895C8C1D,,,0,1,0,0,1,0,0,3,3,0.03,1,intact,0x7604B190
0x895F92F1,hp_moab,rainbow,1,1,1,0,1,0,0,0,0,10.48,0,,0x6FFFC2DF
0x895FC506,slice1b_propdebris72,rainbow,1,1,0,1,1,0,0,4,4,9.79,1,break_piece,0x964451A0
0x8968920D,,,0,1,0,0,1,0,0,2,2,45.96,0,break_piece,0x8B73A257
0x89775198,hp_fx_explosionN,rainbow,1,1,0,0,1,0,0,3,3,0.03,1,break_piece,0x618526A4
0x89853437,piece1a_propattach20_pristine,rainbow,1,1,0,1,1,0,0,4,4,0.64,0,break_piece,0xE5133554
0x898F6DF9,,,0,1,0,0,0,0,0,2,2,0.03,1,,0x6A2BE04D
0x899B6B44,,,0,1,0,0,1,0,0,5,5,15.85,1,intact,0xD1968AF1
0x89A8AC72,global_billboard06,rainbow,1,1,1,0,0,0,0,0,0,0.03,0,static,0x89A8AC72
0x89A95A08,piece3g_propdebris13,rainbow,1,1,0,1,1,0,0,3,3,1.97,1,break_piece,0xA1A48E75
0x89ABAE6A,piece1b_propattach17_pristine,rainbow,1,1,0,1,1,0,0,4,4,1.31,0,break_piece,0x6B3A45A6
0x89ABDC52,,,0,1,0,1,0,0,0,4,4,0.03,1,break_piece,0x0065B09D
0x89B93D1C,,,0,1,0,1,1,0,0,5,5,3.10,0,break_piece,0x6B3A45A6
0x89C7D150,,,0,1,0,1,1,0,0,1,1,0.34,0,intact,0x45CC35FE
0x89C91FF0,global_fruitboxb,rainbow,1,1,1,0,1,0,0,0,0,1.38,0,,0x89C91FF0
0x89CB9364,,,0,1,0,0,1,0,0,3,3,1.95,1,,0x32FBE556
0x89CC9BD6,port_dockt,rainbow,1,1,1,0,1,0,0,0,0,85.01,0,,0x89CC9BD6
0x89D513EA,hp_snap_oilrig_towerdrillpipesA,rainbow,1,1,0,0,1,0,0,3,3,0.03,1,break_piece,0x618526A4
0x89FB7DC8,city_bld_storefrontb,rainbow,1,1,1,0,0,0,0,0,0,0.03,0,static,0x89FB7DC8
0x8A00F40D,port_containera,rainbow,1,1,1,0,0,0,0,0,0,0.03,0,static,0x8A00F40D
0x8A0AD3A8,,,0,1,0,0,1,0,0,4,4,0.03,0,break_piece,0xC1EEB3B3
0x8A130C9B,,,0,1,0,0,1,0,0,4,4,2.36,1,break_piece,0x25B3F7BC
0x8A1F9E7E,,,0,1,0,0,0,0,0,3,3,0.03,1,break_piece,0x261F62BF
0x8A20DDDE,,,0,1,1,0,0,0,0,0,0,0.03,0,static,0x8A20DDDE
0x8A310858,,,0,1,0,0,0,0,0,2,2,0.03,1,,0x14D94B9B
0x8A3539C3,,,0,1,0,1,0,0,0,3,3,0.03,0,break_piece,0x9FCAE910
0x8A4230C0,,,0,1,0,0,0,0,0,3,3,0.03,1,break_piece,0x261F62BF
0x8A49B512,global_shoppingcartgreen,rainbow,1,1,1,0,0,0,0,0,0,0.03,0,static,0x8A49B512
0x8A6181E1,piece1b_propattach07_ruin,rainbow,1,1,0,1,0,0,0,4,4,0.03,0,break_piece,0x6B3A45A6
0x8A640DE1,,,0,1,0,1,1,0,0,5,5,6.76,1,break_piece,0x0B7CC1B7
0x8A6DEF3D,industrial_bld_warehouse06,rainbow,1,1,1,0,0,0,0,0,0,0.03,0,static,0x8A6DEF3D
0x8A6E1866,,,0,1,0,0,1,0,0,4,4,3.10,1,intact,0xC733E65D
0x8A75574B,piece6a_propdebris13,rainbow,1,1,0,1,1,0,0,3,3,1.68,1,break_piece,0xC68ADB00
0x8A76A3DF,,,0,1,0,0,1,0,0,3,3,2.55,0,,0x14D94B9B
0x8A78A563,bone_roller1,rainbow,1,1,0,0,0,0,0,4,4,0.03,1,break_piece,0xC1EEB3B3
0x8A7CD8F6,white_bld_corner8x8c,rainbow,1,1,1,0,0,0,0,0,0,0.03,0,static,0x8A7CD8F6
0x8A865298,,,0,1,1,0,0,0,0,0,0,0.03,0,static,0x8A865298
0x8A937640,,,0,1,0,0,1,0,0,4,4,2.38,1,intact,0xC142F94B
0x8A995FD6,,,0,1,0,1,1,0,0,1,1,1.34,0,intact,0x2703554F
0x8A9CF219,,,0,1,0,0,0,0,0,4,4,1.59,1,break_piece,0x9FCAE910
0x8A9F01A9,,,0,1,0,0,1,0,0,3,3,0.03,1,break_piece,0x22435EEA
0x8AA3FB5A,,,0,1,0,0,1,0,0,5,5,0.03,1,break_piece,0x25FE00A7
0x8AAA90D1,,,0,1,1,0,0,0,0,0,0,0.03,0,static,0x8AAA90D1
0x8AB7558A,island_wallcorner,rainbow,1,1,1,0,0,0,0,0,0,0.03,0,static,0x8AB7558A
0x8AB8A2C5,floor00.piece06_propattach11_ruin,rainbow,1,1,0,1,0,0,0,4,4,0.03,0,intact,0x25FE00A7
0x8ABF8F0D,,,0,1,0,1,1,0,0,7,7,1.97,1,break_piece,0xDA219845
0x8AC54C59,bone_c,rainbow,1,1,0,0,1,0,0,5,5,1.01,0,intact,0xEC6C211D
0x8ACC0FD4,slice1a_propdebris40,rainbow,1,1,0,1,1,0,0,4,4,5.09,1,break_piece,0x383D01E1
0x8ADDD967,,,0,1,1,0,0,0,0,0,0,0.03,0,,0x8ADDD967
0x8B19EA4C,outskirt_bld_house06,rainbow,1,1,1,0,0,0,0,0,0,0.03,0,static,0x8B19EA4C
0x8B1DCFAE,,,0,1,0,0,1,0,0,3,3,0.03,1,break_piece,0xB0D4E642
0x8B203A6C,hp_seat_ciwsfr,rainbow,1,1,0,0,1,0,0,3,3,0.03,1,break_piece,0x25FE00A7
0x8B310BBB,groutpost_bld_trailerhut01,rainbow,1,1,1,0,0,0,0,0,0,0.03,0,static,0x8B310BBB
0x8B31BB10,,,0,1,0,1,1,0,0,5,5,1.35,0,break_piece,0x6B1DE27D
0x8B3926D0,,,0,1,0,0,1,0,0,5,5,2.07,0,intact,0xCDC5617A
0x8B3F97F2,,,0,1,0,1,0,0,0,5,5,0.03,0,break_piece,0x149FC407
0x8B4C938C,piece2h_propdebris17,rainbow,1,1,0,1,1,0,0,3,3,4.42,1,break_piece,0x91E2FC68
0x8B4DF11B,,,0,1,0,1,1,0,0,4,4,2.65,0,break_piece,0x7EC3FC58
0x8B52FC39,slice1b_propdebris79,rainbow,1,1,0,1,1,0,0,4,4,4.95,1,break_piece,0x964451A0
0x8B5545B6,village_bld_shacksmall04,rainbow,1,1,1,0,0,0,0,0,0,0.03,0,static,0x8B5545B6
0x8B68F9DA,,,0,1,0,0,1,0,0,5,5,0.03,1,break_piece,0x1E359C2F
0x8B69284B,,,0,1,1,0,0,0,0,0,0,0.03,0,static,0x8B69284B
0x8B6E08EE,sign22,rainbow,1,1,1,0,1,0,0,0,0,0.03,0,static,0x8B6E08EE
0x8B73369A,slice1e_propattach03_ruin,rainbow,1,1,0,1,0,0,0,4,4,0.03,0,break_piece,0x35992F99
0x8B73A257,city_bld_corner32x32d,rainbow,1,1,1,0,0,0,0,0,0,0.03,0,static,0x8B73A257
0x8B8420B1,hp_fx_explosionc,rainbow,1,1,0,0,1,0,0,3,3,0.03,1,break_piece,0x618526A4
0x8B853382,,,0,1,0,0,1,0,0,6,6,0.95,0,break_piece,0x8CA421C3
0x8B97318E,estate_bld_tower02,rainbow,1,1,1,0,0,0,0,0,0,0.03,0,static,0x8B97318E
0x8B98BB3A,,,0,1,0,0,1,0,0,6,6,0.95,0,break_piece,0x8CA421C3
0x8B9C6A41,hp_recoilessrifle,rainbow,1,1,1,0,0,0,0,0,0,0.03,0,static,0xCE2AEFC3
0x8B9C7080,,,0,1,0,0,0,0,0,3,3,0.03,1,break_piece,0x25FE00A7
0x8BACB181,global_env_rocksmoss04,rainbow,1,1,1,0,0,0,0,0,0,0.03,0,,0x8BACB181
0x8BB24448,slice6d_propdebris00,rainbow,1,1,0,1,1,0,0,3,3,3.15,1,break_piece,0x04CC21CD
0x8BB3D62E,,,0,1,0,1,0,0,0,4,4,11.17,0,break_piece,0xC56B1A44
0x8BCE019E,,,0,1,1,0,0,0,0,0,0,0.03,0,static,0x8BCE019E
0x8BD75909,caracas_bld_skytramshopa,rainbow,1,1,1,0,0,0,0,0,0,0.03,0,static,0x8BD75909
0x8BD8A9E2,airport_sign,rainbow,1,1,1,0,0,0,0,0,0,0.03,0,static,0x8BD8A9E2
0x8BDC37FB,,,0,1,0,0,1,0,0,3,3,15.02,1,,0x32FBE556
0x8BE772F8,Slice2N_pristine,rainbow,2,1,0,1,0,0,0,2,2,39.23,0,break_piece,0x0B7CC1B7
0x8BE80277,,,0,1,0,1,1,0,0,5,5,2.16,0,break_piece,0xB0D4E642
0x8BEE5546,floor02.piece2a_propattach02_ruin,rainbow,1,1,0,1,0,0,0,4,4,0.03,1,break_piece,0xAC3CD893
0x8BF52FE0,,,0,1,0,0,1,0,0,6,6,0.89,0,break_piece,0xE8E58109
0x8C24DC3F,slice1q_propattach01,rainbow,1,1,0,0,0,0,0,3,3,0.03,1,break_piece,0x805C965E
0x8C3B82E7,piece1a_propattach16,rainbow,1,1,0,0,0,0,0,3,3,0.03,1,break_piece,0xE5133554
0x8C446D1F,slice2l,rainbow,2,1,0,0,0,0,0,1,1,0.03,0,static,0x0B7CC1B7
0x8C4836B6,,,0,1,0,1,1,0,0,5,5,0.53,1,break_piece,0xC939089F
0x8C52CA8D,floor01.piece1a_propdebris24,rainbow,1,1,0,1,1,0,0,3,3,6.64,1,break_piece,0x601A1292
0x8C541244,,,0,1,0,1,1,0,0,5,5,3.03,1,break_piece,0xC56B1A44
0x8C5535BE,,,0,1,0,1,1,0,0,5,5,3.45,1,break_piece,0x818E5819
0x8C58E7EB,pmc_veh_car_panhard,rainbow,1,1,1,0,0,0,0,0,0,0.03,0,static,0x8C58E7EB
0x8C63279D,hp_camera_a,rainbow,1,1,0,0,1,0,0,1,1,0.03,1,,0xBEC05BF8
0x8C674939,groutpost_bld_shacktall02,rainbow,1,1,1,0,0,0,0,0,0,0.03,0,static,0x8C674939
0x8C79EE55,piece2a_propattach01_ruin,rainbow,1,1,0,1,0,0,0,4,4,0.03,0,break_piece,0x91E2FC68
0x8C83F560,civ_veh_car_phoenix_crappy,rainbow,1,1,1,0,0,0,0,0,0,0.03,0,static,0x8C83F560
0x8C86210E,piece1b_propdebris69,rainbow,1,1,0,1,1,0,0,3,3,25.65,1,break_piece,0xA948DDA6
0x8C9CA886,,,0,1,0,0,1,0,0,6,6,1.12,1,break_piece,0xB32053A7
0x8C9D6A99,,,0,1,0,0,1,0,0,5,5,0.03,1,intact,0xF3DD9D32
0x8C9F2BDC,,,0,1,0,0,1,0,0,6,6,1.30,0,break_piece,0x02195587
0x8CA421C3,vz_veh_tank_scorpion90,rainbow,1,1,1,0,0,0,0,0,0,0.03,0,static,0x8CA421C3
0x8CA67982,slice3e_propdebris00,rainbow,1,1,0,1,1,0,0,3,3,2.75,1,break_piece,0x04CC21CD
0x8CB895B5,piece4c_propdebris15,rainbow,1,1,0,1,1,0,0,3,3,2.35,1,break_piece,0xFA83AC18
0x8CC4916A,slice2a_propattach18,rainbow,1,1,0,0,0,0,0,3,3,0.03,1,break_piece,0x2171B6D7
0x8CCEB4D8,white_bld_segment8x8a,rainbow,1,1,1,0,0,0,0,0,0,0.03,0,static,0x8CCEB4D8
0x8CD1E32E,industrial_machineparts02,rainbow,1,1,1,0,0,0,0,0,0,0.03,0,static,0x8CD1E32E
0x8CE4EB8F,piece2b_propdebris16,rainbow,1,1,0,1,1,0,0,3,3,2.31,1,break_piece,0xC576F6BC
0x8CE60679,,,0,1,0,0,1,0,0,5,5,0.03,1,break_piece,0x319D840A
0x8CEF6528,,,0,1,0,0,1,0,0,5,5,0.03,1,break_piece,0xCA20C1D9
0x8CFF04DF,,,0,1,0,1,1,0,0,5,5,0.70,1,break_piece,0x38381266
0x8D068EDA,,,0,1,1,0,0,0,0,0,0,0.03,0,static,0x8D068EDA
0x8D15B612,,,0,1,0,1,1,0,0,1,1,0.53,0,intact,0xF245AC63
0x8D264BCF,piece2h_propattach13_ruin,rainbow,1,1,0,1,1,0,0,4,4,4.85,1,break_piece,0x91E2FC68
0x8D26B965,outskirt_bld_house03,rainbow,1,1,1,0,0,0,0,0,0,0.03,0,static,0x8D26B965
0x8D4260A1,,,0,1,0,0,1,0,0,6,6,1.04,0,break_piece,0x80C357EC
0x8D54CCF3,bone_pitch_r,rainbow,1,1,0,0,0,0,0,3,3,0.03,1,break_piece,0xF6DEC8EA
0x8D5962A5,piece2h_propdebris12,rainbow,1,1,0,1,1,0,0,3,3,3.42,1,break_piece,0x91E2FC68
0x8D710660,piece3b_propattach00_pristine,rainbow,1,1,0,1,1,0,0,4,4,3.90,0,break_piece,0x9A7642ED
0x8D7C78FF,vz_veh_apc_m113_50cal,rainbow,1,1,1,0,0,0,0,0,0,0.03,0,static,0x8D7C78FF
0x8D9A807D,,,0,1,0,1,1,0,0,5,5,5.08,0,break_piece,0x8C58E7EB
0x8DBA760F,,,0,1,0,0,1,0,0,5,5,0.03,1,break_piece,0xC56B1A44
0x8DBC70EE,,,0,1,0,0,1,0,0,4,4,0.03,1,break_piece,0xC1EEB3B3
0x8DBE1884,piece9a_propdebris00,rainbow,1,1,0,1,1,0,0,3,3,2.76,1,break_piece,0xF08D5BB5
0x8DC295B2,piece9a_propdebris06,rainbow,1,1,0,1,1,0,0,3,3,2.45,1,break_piece,0xF08D5BB5
0x8DD05736,,,0,1,0,0,1,0,0,3,3,0.03,1,intact,0xFF7ABB3B
0x8DE221B7,,,0,1,0,0,1,0,0,4,4,0.03,1,break_piece,0xA113D98D
0x8DE86713,,,0,1,0,0,1,0,0,6,6,0.89,0,break_piece,0xE8E58109
0x8DFB97E5,piece7a_propdebris43,rainbow,1,1,0,1,1,0,0,3,3,1.63,1,break_piece,0xCE866A6A
0x8DFE1C24,,,0,1,0,0,1,0,0,6,6,1.05,0,break_piece,0x95F4BA55
0x8E09A3F1,,,0,1,0,0,0,0,0,5,5,0.03,1,break_piece,0x179A7702
0x8E139F4A,commercial_lightclinic,rainbow,1,1,1,0,0,0,0,0,0,0.03,0,static,0x8E139F4A
0x8E2D0DCB,,,0,1,0,1,0,0,0,3,3,0.03,0,intact,0xE54047D5
0x8E3345D0,global_billboard_wall03,rainbow,1,1,1,0,0,0,0,0,0,0.03,0,static,0x8E3345D0
0x8E39E622,,,0,1,0,0,1,0,0,5,5,0.03,1,break_piece,0x319D840A
0x8E3AC46C,,,0,1,0,0,1,0,0,4,4,0.61,0,break_piece,0x74474CB1
0x8E3B2334,,,0,1,0,0,1,0,0,5,5,0.03,1,break_piece,0xC56B1A44
0x8E4D62CA,slice8b_propattach00,rainbow,1,1,0,0,0,0,0,3,3,0.03,1,break_piece,0xC939089F
0x8E4E954A,oilrig_att_pipeblowout,rainbow,1,1,1,0,0,0,0,0,0,0.03,0,static,0x8E4E954A
0x8E583F81,,,0,1,0,0,1,0,0,1,1,1.63,0,,0x5F1CF60F
0x8E5D8833,piece1b_propattach03_pristine,rainbow,1,1,0,1,1,0,0,4,4,4.04,0,intact,0x6B3A45A6
0x8E69158C,,,0,1,0,0,0,0,0,3,3,0.03,0,intact,0x91E2FC68
0x8E7785DC,bone_rotor_blade_4,rainbow,1,1,0,0,1,0,0,7,7,7.24,0,intact,0xF6DEC8EA
0x8E85FCF3,,,0,1,0,0,0,0,0,5,5,0.35,1,intact,0x0C95FF35
0x8E8CF136,slice5d,rainbow,1,1,0,0,0,0,0,1,1,0.03,0,static,0x04CC21CD
0x8E8ED4C0,shanty_bld_house02,rainbow,1,1,1,0,0,0,0,0,0,0.03,0,static,0x8E8ED4C0
0x8EA443A6,,,0,1,0,0,1,0,0,5,5,2.07,0,intact,0xCDC5617A
0x8EA91D60,slice1a_propattach24,rainbow,1,1,0,0,0,0,0,3,3,0.03,1,break_piece,0xDDBA557D
0x8EBB4DFE,,,0,1,0,0,1,0,0,3,3,0.03,1,break_piece,0xE59723FD
0x8EBE33D4,,,0,1,1,0,0,0,0,0,0,0.03,0,static,0x8EBE33D4
0x8EBF4993,,,0,1,1,0,0,0,0,0,0,0.03,0,static,0x8EBF4993
0x8EC34589,docks_dockpump,rainbow,1,1,1,0,0,0,0,0,0,0.03,0,static,0x8EC34589
0x8ED4C501,,,0,1,0,1,1,0,0,1,1,0.53,0,intact,0x2703554F
0x8EE29C5B,,,0,1,0,0,1,0,0,5,5,0.03,1,break_piece,0xCA20C1D9
0x8EE679AA,slice2e_propattach00_ruin,rainbow,1,1,0,1,0,0,0,4,4,0.03,0,break_piece,0x0B7CC1B7
0x8EEE5F91,piece1c_propdebris3,rainbow,1,1,0,0,1,0,0,3,3,4.22,1,break_piece,0xC808E35C
0x8EF9EC48,,,0,1,1,0,0,0,0,0,0,0.03,0,,0x8EF9EC48
0x8EFFAA25,slice3a_propattach04_ruin,rainbow,1,1,0,1,1,0,0,4,4,2.61,0,intact,0xC939089F
0x8F00A7C4,slice3a_propattach05_pristine,rainbow,1,1,0,1,1,0,0,4,4,4.04,0,intact,0xE6027C27
0x8F09C213,,,0,1,0,0,1,0,0,3,3,0.03,1,break_piece,0xCA20C1D9
0x8F1598C1,,,0,1,0,0,1,0,0,3,3,2.55,0,,0x14D94B9B
0x8F25996F,,,0,1,1,0,0,0,0,0,0,0.03,0,static,0x8F25996F
0x8F42B1CF,,,0,1,0,0,1,0,0,4,4,0.18,1,break_piece,0xC1EEB3B3
0x8F49ED0B,,,0,1,0,1,0,0,0,5,5,1.26,0,break_piece,0x2B97DD31
0x8F4EDDBE,,,0,1,1,0,0,0,0,0,0,0.03,0,static,0x8F4EDDBE
0x8F552915,groutpost_bld_tentlargetarp,rainbow,1,1,1,0,0,0,0,0,0,0.03,0,static,0x8F552915
0x8F675707,,,0,1,0,0,1,0,0,5,5,0.03,1,break_piece,0x25FE00A7
0x8F6866C6,,,0,1,0,1,1,0,0,5,5,7.48,1,break_piece,0x45EC5734
0x8F6B0AFC,,,0,1,1,0,0,0,0,0,0,0.42,0,,0x8F6B0AFC
0x8F7192B8,aloutpost_bld_largetent,rainbow,1,1,1,0,0,0,0,0,0,0.03,0,static,0x8F7192B8
0x8F85DC23,,,0,1,0,0,1,0,0,1,1,3.17,1,,0x8CAFF9CF
0x8F881130,,,0,1,0,1,1,0,0,5,5,4.04,0,break_piece,0x6B3A45A6
0x8F8882AA,,,0,1,0,1,1,0,0,5,5,4.04,0,break_piece,0xE6027C27
0x8F9D7BFD,,,0,1,0,0,1,0,0,3,3,0.03,1,break_piece,0x618526A4
0x8FAD5881,shanty_fencestraight01,rainbow,1,1,1,0,0,0,0,0,0,0.03,0,static,0x8FAD5881
0x8FAE19F4,global_barrela,rainbow,1,1,1,0,0,0,0,0,0,0.03,0,,0x8FAE19F4
0x8FB92D99,,,0,1,0,0,1,0,0,6,6,1.03,0,break_piece,0x12732DD2
0x8FBC2A42,,,0,1,0,1,1,0,0,1,1,0.46,0,intact,0xF9EA3B44
0x8FC15791,slice4b_propdebris16,rainbow,1,1,0,1,1,0,0,4,4,4.57,1,break_piece,0x1A74D3EE
0x8FC754CD,hp_weapon_d,rainbow,1,1,0,0,1,0,0,1,1,0.03,1,,0x223593E1
0x8FCA6118,village_bld_farming01,rainbow,1,1,1,0,0,0,0,0,0,0.03,0,static,0x8FCA6118
0x8FCF7B65,,,0,1,0,1,0,0,0,5,5,0.03,1,break_piece,0x149FC407
0x8FD484A9,,,0,1,0,0,1,0,0,5,5,0.03,1,break_piece,0x25FE00A7
0x8FE00A16,,,0,1,0,1,1,0,0,5,5,4.76,1,break_piece,0x35992F99
0x8FEC8923,global_intercoma,rainbow,1,1,1,0,0,0,0,0,0,0.03,0,static,0x8FEC8923
0x8FFFE761,,,0,1,0,0,1,0,0,1,1,2.25,1,,0x1FBFBB4B
0x9013E488,,,0,1,0,0,1,0,0,5,5,0.03,1,break_piece,0xC56B1A44
0x901B7534,hp_dumbbomb,rainbow,1,1,1,0,1,0,0,0,0,2.14,0,,0xAE56FDA2
0x901BD4E5,,,0,1,0,0,1,0,0,4,4,0.03,1,break_piece,0xD1968AF1
0x902003D4,,,0,1,0,0,0,0,0,4,4,0.03,1,break_piece,0xE31521AD
0x9024DCC3,bone_rearflapl,rainbow,1,1,0,0,1,0,0,1,1,2.13,1,,0x223593E1
0x90267D03,global_billboard_wall04,rainbow,1,1,1,0,0,0,0,0,0,0.03,0,static,0x90267D03
0x902C1C3A,,,0,1,0,1,1,0,0,1,1,1.38,0,intact,0xB0A0930E
0x90456B34,,,0,1,0,0,1,0,0,6,6,0.95,0,break_piece,0x8CA421C3
0x9049E862,,,0,1,0,0,1,0,0,6,6,0.95,0,break_piece,0x8CA421C3
0x9054F156,slice9a_propattach01_pristine,rainbow,1,1,0,1,1,0,0,4,4,1.46,0,intact,0xC939089F
0x9057D5BF,,,0,1,0,0,1,0,0,3,3,0.03,1,break_piece,0x7604B190
0x905DD6DA,,,0,1,0,0,1,0,0,4,4,0.03,1,break_piece,0x19676216
0x907D56A8,,,0,1,0,1,1,0,0,1,1,1.31,0,intact,0xEA7F9F3F
0x9081D3D6,caracas_bld_theater01_pile_xx3,rainbow,1,1,0,1,1,0,0,1,1,1.29,0,intact,0xEA7F9F3F
0x908B270C,piece6a_propdebris18,rainbow,1,1,0,1,1,0,0,3,3,1.21,1,break_piece,0xC68ADB00
0x908F9AF7,,,0,1,0,0,1,0,0,4,4,0.41,1,intact,0x3397DE30
0x909C5493,slice1a_propattach23,rainbow,1,1,0,0,0,0,0,3,3,0.03,1,break_piece,0xDDBA557D
0x90ACC019,proutpost_att_neonc,rainbow,1,1,1,0,0,0,0,0,0,0.03,0,static,0x90ACC019
0x90B3D244,piece5p_propdebris36,rainbow,1,1,0,1,1,0,0,3,3,4.43,1,break_piece,0x50AACA22
0x90B6CC8B,industrial_bld_gasstationpump02,rainbow,1,1,1,0,0,0,0,0,0,0.03,0,static,0x90B6CC8B
0x90BB1D4D,,,0,1,1,0,1,0,0,0,0,21.74,0,,0x90BB1D4D
0x90C0E777,global_blueprints,rainbow,1,1,1,0,0,0,0,0,0,0.03,0,static,0x90C0E777
0x90C4B0EB,slice4c_propdebris00,rainbow,1,1,0,1,1,0,0,3,3,2.44,1,break_piece,0x1A74D3EE
0x90C82A61,,,0,1,0,0,1,0,0,3,3,0.03,1,break_piece,0x7604B190
0x90C914B0,bone_wing_r,rainbow,1,1,0,0,0,0,0,2,2,26.62,0,,0x32FBE556
0x90E62080,,,0,1,0,0,1,0,0,5,5,0.03,1,break_piece,0x1E359C2F
0x90E93738,piece1c_propattach01_pristine,rainbow,1,1,0,1,1,0,0,4,4,1.20,0,break_piece,0x086666D2
0x91069654,piece1b_propattach08_ruin,rainbow,1,1,0,1,0,0,0,4,4,0.03,0,break_piece,0x6B3A45A6
0x912ED580,,,0,1,0,1,1,0,0,3,3,4.21,0,break_piece,0x9FCAE910
0x912F0A33,floor01.piece5i_propdebris03_ruid,rainbow,1,1,0,0,0,0,0,3,3,0.03,1,break_piece,0x74474CB1
0x9132806D,aloutpost_bld_command,rainbow,1,1,1,0,0,0,0,0,0,0.03,0,static,0x9132806D
0x9135FB18,slice1q_propattach03_pristine,rainbow,1,1,0,1,1,0,0,4,4,1.06,0,break_piece,0x805C965E
0x913AE591,,,0,1,1,0,0,0,0,0,0,0.03,0,static,0x913AE591
0x91460107,hp_fx_exhaust_ba,rainbow,1,1,0,0,1,0,0,5,5,0.03,1,intact,0x86A7C828
0x9146DCEF,,,0,1,0,0,1,0,0,3,3,0.03,1,intact,0x97A96272
0x9147B67D,piece8k_propdebris19,rainbow,1,1,0,1,1,0,0,3,3,1.53,1,break_piece,0x8E8ED4C0
0x9160F29F,maracaibo_patz07,rainbow,1,1,0,0,1,0,0,3,3,2.10,0,,0x14D94B9B
0x91644ECC,slice1b_propdebris70,rainbow,1,1,0,1,1,0,0,4,4,4.95,1,break_piece,0x964451A0
0x9171494A,,,0,1,0,1,1,0,0,5,5,7.41,1,break_piece,0x0B7CC1B7
0x9172AB6B,village_bld_toolshed,rainbow,1,1,1,0,0,0,0,0,0,0.03,0,static,0x9172AB6B
0x917FA920,,,0,1,0,0,1,0,0,3,3,2.08,1,,0x32FBE556
0x91890502,,,0,1,0,0,1,0,0,6,6,1.21,0,break_piece,0x63E4703A
0x91AA7C5C,global_env_rocksmoss05,rainbow,1,1,1,0,0,0,0,0,0,0.03,0,,0x91AA7C5C
0x91B1FA73,slice8b,rainbow,1,1,0,0,0,0,0,1,1,0.03,0,static,0xC939089F
0x91D0B48F,,,0,1,0,0,1,0,0,6,6,1.39,0,break_piece,0xEC0DAFF2
0x91D99E61,,,0,1,0,0,1,0,0,3,3,1.37,1,break_piece,0xB993D852
0x91E2FC68,outskirt_bld_mercbar,rainbow,1,1,1,0,0,0,0,0,0,0.03,0,static,0x91E2FC68
0x91FA6873,,,0,1,0,0,1,0,0,3,3,0.03,1,intact,0x7604B190
0x92148F82,piece2a_propdebris41,rainbow,1,1,0,1,1,0,0,3,3,3.83,1,break_piece,0x5DC2D1E2
0x9228ECA8,,,0,1,0,0,0,0,0,5,5,0.03,1,break_piece,0x0F9B9B04
0x922CD2ED,,,0,1,0,0,0,0,0,4,4,0.03,1,break_piece,0xE31521AD
0x923736E9,,,0,1,0,0,1,0,0,3,3,0.03,1,intact,0xFF7ABB3B
0x923DC02A,,,0,1,0,0,0,0,0,3,3,0.03,1,break_piece,0x261F62BF
0x923EECFE,,,0,1,0,1,1,0,0,5,5,2.53,0,break_piece,0x8A6DEF3D
0x9256F379,piece1e_propdebris12,rainbow,1,1,0,1,1,0,0,3,3,1.97,1,break_piece,0xA1A48E75
0x9259DAB8,piece1a_propdebris84,rainbow,1,1,0,1,1,0,0,3,3,2.77,1,break_piece,0x1923143C
0x926D9ECB,civ_veh_semi_austin,rainbow,1,1,1,0,0,0,0,0,0,0.03,0,static,0x926D9ECB
0x927ABCB2,slice5d_propdebris01,rainbow,1,1,0,1,1,0,0,3,3,3.66,1,break_piece,0x04CC21CD
0x928162BC,white_bld_corner8x8a,rainbow,1,1,1,0,0,0,0,0,0,0.03,0,static,0x928162BC
0x92894A5C,docks_fishcage,rainbow,1,1,1,0,0,0,0,0,0,0.03,0,static,0x92894A5C
0x928F1090,,,0,1,0,0,0,0,0,2,2,0.03,1,,0x14D94B9B
0x929BDA7E,,,0,1,0,0,1,0,0,5,5,0.03,1,break_piece,0xB1EB099F
0x92B5BB1A,,,0,1,0,0,1,0,0,3,3,0.03,1,break_piece,0x516CE83D
0x92B6042A,piece3d_propdebris21,rainbow,1,1,0,1,1,0,0,3,3,2.12,1,break_piece,0xA517D4A3
0x92CAA57A,,,0,1,0,0,1,0,0,6,6,1.03,0,break_piece,0x46C5012C
0x92D1AA0C,slice1e_propattach03_pristine,rainbow,1,1,0,1,1,0,0,4,4,21.26,0,intact,0x35992F99
0x92E00F70,oilrig_troi93,rainbow,1,1,0,0,1,0,0,4,4,0.03,1,break_piece,0x8E4E954A
0x92E24227,ocoutpost_bld_radiotower,rainbow,1,1,1,0,0,0,0,0,0,0.03,0,static,0x92E24227
0x92E54DFB,,,0,1,0,1,1,0,0,5,5,11.03,1,break_piece,0xAC3CD893
0x92E9CB29,,,0,1,0,1,1,0,0,5,5,10.30,1,break_piece,0xAC3CD893
0x92F6DDAB,,,0,1,1,0,0,0,0,0,0,0.03,0,static,0xBDA34586
0x93010755,slice4a_propattach12_pristine,rainbow,1,1,0,1,1,0,0,4,4,4.04,0,intact,0xE6027C27
0x9302194B,civ_veh_car_l300_racing,rainbow,1,1,1,0,0,0,0,0,0,0.03,0,static,0x9302194B
0x9304ED55,,,0,1,0,0,1,0,0,6,6,1.66,0,break_piece,0x155C8246
0x93184AC0,,,0,1,0,1,0,0,0,3,3,0.03,0,break_piece,0x9FCAE910
0x93252B3F,,,0,1,0,0,1,0,0,3,3,0.03,1,break_piece,0xB6B946F4
0x932BFE5D,,,0,1,0,0,0,0,0,1,1,0.03,1,,0x8185C0A5
0x93350B8C,,,0,1,1,0,0,0,0,0,0,0.03,0,static,0x93350B8C
0x9337E2DF,caracas_bld_governmentsegment,rainbow,1,1,1,0,0,0,0,0,0,0.03,0,static,0x9337E2DF
0x934AE6B8,village_prop_chaira,rainbow,1,1,1,0,0,0,0,0,0,0.03,0,static,0x934AE6B8
0x93643EA3,,,0,1,1,0,0,0,0,0,0,0.03,0,static,0x93643EA3
0x937522BF,hp_fx_explosionM,rainbow,1,1,0,0,1,0,0,3,3,0.03,1,break_piece,0x618526A4
0x9376D6B8,,,0,1,0,1,1,0,0,1,1,1.31,0,intact,0xF245AC63
0x9387F335,pr_veh_boat_saltonsea,rainbow,1,1,1,0,0,0,0,0,0,0.03,0,static,0x9387F335
0x9388AA77,hp_fx_explosionE,rainbow,1,1,0,0,1,0,0,3,3,0.03,1,break_piece,0x618526A4
0x93926EE8,,,0,1,0,0,1,0,0,6,6,1.03,0,break_piece,0x12732DD2
0x939547BE,piece5p,rainbow,1,1,0,0,0,0,0,1,1,0.03,0,static,0x50AACA22
0x9396EC16,,,0,1,0,0,1,0,0,6,6,1.03,0,break_piece,0x12732DD2
0x939765A9,,,0,1,0,0,1,0,0,3,3,5.69,0,intact,0x7E013B43
0x939F8A58,,,0,1,0,1,1,0,0,5,5,14.80,1,break_piece,0x618526A4
0x93A63790,,,0,1,0,1,1,0,0,5,5,6.39,1,break_piece,0x35992F99
0x93AF6AD8,foundation2,rainbow,1,1,0,0,1,0,0,1,1,11.58,0,static,0x6C7EE853
0x93B1B7E0,,,0,1,0,0,1,0,0,3,3,0.03,1,intact,0x8E4E954A
0x93C2962A,mar_commercial_roadstraight10_crater,rainbow,1,1,1,0,1,0,0,0,0,31.02,0,,0x6DE96344
0x93CE8323,slice1c_propdebris52,rainbow,1,1,0,1,1,0,0,4,4,6.50,1,break_piece,0xB6357976
0x93F94EEF,city_bld_storefronta,rainbow,1,1,1,0,0,0,0,0,0,0.03,0,static,0x93F94EEF
0x940356A3,,,0,1,0,0,1,0,0,4,4,0.03,1,break_piece,0xD1968AF1
0x9404FAE7,,,0,1,1,0,0,0,0,0,0,0.03,0,,0x9404FAE7
0x9411A606,,,0,1,0,1,1,0,0,4,4,4.18,1,break_piece,0xD1968AF1
0x9412F206,,,0,1,0,0,0,0,0,4,4,0.44,1,break_piece,0xB993D852
0x941668FF,,,0,1,0,0,1,0,0,3,3,0.03,1,intact,0x60E7FFEB
0x941ECAE8,global_bld_officetrailera,rainbow,1,1,1,0,0,0,0,0,0,0.03,0,static,0x941ECAE8
0x942B72CB,piece1b_propdebris42,rainbow,1,1,0,1,1,0,0,3,3,7.97,1,break_piece,0xA948DDA6
0x942ED97F,,,0,1,0,0,0,0,0,2,2,0.03,1,,0x14D94B9B
0x9435540D,piece1d_propattach00,rainbow,1,1,0,0,0,0,0,3,3,0.03,1,intact,0x91E2FC68
0x94420876,,,0,1,0,0,1,0,0,3,3,0.03,1,break_piece,0x79835204
0x9442FB04,,,0,1,0,0,1,0,0,3,3,0.03,1,intact,0xFF7ABB3B
0x94477832,,,0,1,0,0,1,0,0,3,3,0.03,1,intact,0xFF7ABB3B
0x944CC07C,,,0,1,0,1,1,0,0,5,5,1.08,1,break_piece,0xC939089F
0x944D11EB,piece1a_propdebris83,rainbow,1,1,0,1,1,0,0,3,3,9.12,1,break_piece,0x1923143C
0x945C0657,global_cable_telephonecable01,rainbow,1,1,1,0,1,0,0,0,0,1.00,0,,0x945C0657
0x946F6A0A,,,0,1,1,0,0,0,0,0,0,0.03,0,static,0x946F6A0A
0x9473576A,,,0,1,0,1,1,0,0,5,5,3.87,1,break_piece,0x818E5819
0x948247C3,,,0,1,0,0,0,0,0,2,2,0.03,1,,0x14D94B9B
0x94836363,,,0,1,0,0,1,0,0,5,5,2.09,0,intact,0xCDC5617A
0x9483F0A7,global_brickpile01,rainbow,1,1,1,0,0,0,0,0,0,0.03,0,static,0x9483F0A7
0x948D9162,hp_barreltip_ciwsfl_a,rainbow,1,1,0,0,1,0,0,7,7,0.03,1,intact,0x25FE00A7
0x9497AF65,hp_ch04_starter,rainbow,1,1,0,0,1,0,0,1,1,0.03,1,,0x8456CC17
0x949AA532,,,0,1,0,1,1,0,0,1,1,0.36,0,intact,0x0D0B8CF5
0x949DC19D,,,0,1,0,1,0,0,0,5,5,0.03,0,break_piece,0x35992F99
0x94A63B87,,,0,1,0,1,1,0,0,1,1,1.35,0,intact,0x2703554F
0x94A7DC24,dlc_outskirt_interior_sound_ceilingfan,rainbow,1,1,1,0,1,0,0,0,0,0.03,0,,0x94A7DC24
0x94AAB8B5,,,0,1,0,1,1,0,0,1,1,1.34,0,intact,0x2703554F
0x94ABFF5E,,,0,1,0,0,0,0,0,1,1,0.03,0,,0x307D6AE1
0x94AE5601,polymsh40,rainbow,1,1,0,0,1,0,0,3,3,8.20,0,break_piece,0x805C965E
0x94B75193,global_chessset,rainbow,1,1,1,0,0,0,0,0,0,0.03,0,static,0x94B75193
0x94BD5660,caracasruins_bld_corner32x32a,rainbow,1,1,1,0,1,0,0,0,0,56.65,0,,0x94BD5660
0x94D28FDC,,,0,1,0,1,1,0,0,1,1,0.56,0,intact,0x2703554F
0x94DFCCBC,,,0,1,0,0,1,0,0,3,3,0.03,1,intact,0xE59723FD
0x94E6ACA2,piece7b,rainbow,1,1,0,0,0,0,0,1,1,0.03,0,static,0xA1846C79
0x94E79B67,,,0,1,0,1,0,0,0,4,4,0.03,0,intact,0x25FE00A7
0x94E808CE,global_ramp_roadlessrider1,rainbow,1,1,1,0,0,0,0,0,0,0.03,0,static,0xC95C04B1
0x94FFE302,floor01.slice2c_propdebris04,rainbow,1,1,0,1,1,0,0,4,4,5.40,1,break_piece,0x149FC407
0x9513639C,,,0,1,0,0,1,0,0,3,3,2.55,0,,0x14D94B9B
0x952AFD67,,,0,1,1,0,0,0,0,0,0,0.03,0,static,0x952AFD67
0x952F288D,,,0,1,0,0,1,0,0,3,3,0.03,1,break_piece,0xB0D4E642
0x953362AF,,,0,1,0,0,1,0,0,6,6,1.04,0,break_piece,0x80C357EC
0x953F7D61,piece9c_propdebris18,rainbow,1,1,0,1,1,0,0,3,3,6.53,1,break_piece,0x69D31E85
0x954DE1C7,,,0,1,0,0,1,0,0,5,5,0.03,1,break_piece,0x539FF827
0x954F7C5D,,,0,1,0,0,1,0,0,4,4,0.03,1,break_piece,0x770E7949
0x95669E95,village_bld_shacksmall03,rainbow,1,1,1,0,0,0,0,0,0,0.03,0,static,0x95669E95
0x95679371,L12_closeup1,rainbow,1,1,0,0,1,0,0,5,5,4.46,0,intact,0xA26387A9
0x956ECB04,,,0,1,0,1,1,0,0,6,6,3.12,1,break_piece,0xE9E253D5
0x95718FFA,global_antennab,rainbow,1,1,1,0,0,0,0,0,0,0.03,0,static,0x95718FFA
0x9572B173,,,0,1,1,0,0,0,0,0,0,0.03,0,static,0x9B994D39
0x95734832,,,0,1,0,1,1,0,0,6,6,3.12,1,break_piece,0xE9E253D5
0x957F61CD,sign25,rainbow,1,1,1,0,0,0,0,0,0,0.03,0,static,0x957F61CD
0x9585A61B,,,0,1,0,0,1,0,0,6,6,1.03,0,break_piece,0x12732DD2
0x95953958,,,0,1,1,0,1,0,0,0,0,0.48,0,,0x95953958
0x959EEF7B,,,0,1,0,0,1,0,0,3,3,1.17,1,,0x32FBE556
0x95AAC780,Slice2L_ruin,rainbow,2,1,0,1,1,0,0,2,2,32.97,0,intact,0x0B7CC1B7
0x95B0156F,slice6d_propdebris03,rainbow,1,1,0,1,1,0,0,3,3,3.61,1,break_piece,0x04CC21CD
0x95B8AE33,,,0,1,0,0,1,0,0,4,4,0.03,1,intact,0x4FC2D374
0x95BF0E21,,,0,1,1,0,0,0,0,0,0,0.03,0,static,0x95BF0E21
0x95BF226C,slice4b_propdebris17,rainbow,1,1,0,1,1,0,0,4,4,4.57,1,break_piece,0x1A74D3EE
0x95BF3360,,,0,1,0,0,1,0,0,4,4,0.03,1,intact,0xC142F94B
0x95C14427,,,0,1,0,0,1,0,0,5,5,0.03,1,intact,0xBFC09F3E
0x95C17B52,,,0,1,0,0,1,0,0,6,6,1.80,1,break_piece,0x1125CB99
0x95CB0919,global_chaircafe,rainbow,1,1,1,0,0,0,0,0,0,0.03,0,static,0x95CB0919
0x95D0C2A8,,,0,1,0,0,1,0,0,6,6,1.70,0,break_piece,0x232B1C7C
0x95D4204F,,,0,1,0,0,1,0,0,5,5,0.03,1,break_piece,0x3FF2692D
0x95D4E0FC,,,0,1,0,0,1,0,0,3,3,0.03,1,intact,0xFF7ABB3B
0x95D830D1,piece5k,rainbow,1,1,0,0,0,0,0,1,1,0.03,0,static,0xE59723FD
0x95DE9932,piece1e_interior,rainbow,1,1,0,1,1,0,0,3,3,6.81,0,intact,0xF51C01DD
0x95DF42C4,,,0,1,1,0,0,0,0,0,0,1.22,0,,0x95DF42C4
0x95EF2E39,hp_antenna_a,rainbow,1,1,0,0,1,0,0,4,4,0.03,1,break_piece,0x8C58E7EB
0x95F4BA55,,,0,1,1,0,0,0,0,0,0,0.03,0,static,0x95F4BA55
0x95FB5377,caracas_rampgovernment02,rainbow,1,1,1,0,0,0,0,0,0,0.03,0,static,0x95FB5377
0x95FFE781,,,0,1,0,0,1,0,0,3,3,2.10,0,,0x14D94B9B
0x96195816,civ_veh_boat_barco,rainbow,1,1,1,0,0,0,0,0,0,0.03,0,static,0x96195816
0x96218D77,vzoutpost_bld_barracktent_pr,rainbow,1,1,1,0,0,0,0,0,0,0.03,0,static,0x96218D77
0x96237133,,,0,1,0,0,1,0,0,6,6,1.14,0,break_piece,0xCDC5617A
0x96332FF5,,,0,1,1,0,0,0,0,0,0,0.03,0,static,0xC9CBF988
0x964145CD,vzoutpost_bld_barrackreinforced_pr,rainbow,1,1,1,0,0,0,0,0,0,0.03,0,static,0x964145CD
0x96414B3C,,,0,1,0,1,1,0,0,5,5,5.67,1,break_piece,0x25FE00A7
0x964451A0,shanty_bld_apartment04,rainbow,1,1,1,0,0,0,0,0,0,0.03,0,static,0x964451A0
0x964772F4,global_weapon_camera1,rainbow,1,1,1,0,1,0,0,0,0,0.15,0,,0x7F7B5B6B
0x9665CB9E,,,0,1,0,1,1,0,0,3,3,17.69,0,intact,0xE54047D5
0x96668E9D,,,0,1,0,1,1,0,0,5,5,5.47,1,break_piece,0x818E5819
0x96693736,piece5m_pristine,rainbow,1,1,0,1,1,0,0,2,2,3.14,0,intact,0xE59723FD
0x967168E7,,,0,1,0,0,1,0,0,6,6,1.02,0,break_piece,0xC159BBC9
0x967AB7E5,piece5j_propdebris26,rainbow,1,1,0,1,1,0,0,3,3,4.11,1,break_piece,0x50AACA22
0x967C8EA1,,,0,1,0,0,0,0,0,4,4,0.29,1,intact,0x2255CE3E
0x968A9A92,HP_INT_D,rainbow,1,1,0,0,1,0,0,1,1,0.03,1,static,0xA948DDA6
0x968EDA4E,,,0,1,0,0,0,0,0,2,2,1.22,1,,0x33C8B389
0x96968F99,,,0,1,0,0,1,0,0,3,3,0.03,1,intact,0xE59723FD
0x969E55ED,slice3a_propattach13_ruin,rainbow,1,1,0,1,0,0,0,4,4,0.03,0,break_piece,0xE6027C27
0x969F0F38,global_barrelmarketa,rainbow,1,1,1,0,0,0,0,0,0,0.03,0,static,0x969F0F38
0x96A4E33D,piece5f_propdebris13,rainbow,1,1,0,1,1,0,0,3,3,1.09,1,break_piece,0xBFE24A41
0x96BDFB50,oilrig_bld_helipadsmalla,rainbow,1,1,1,0,0,0,0,0,0,0.03,0,static,0x96BDFB50
0x96BF9077,bone_door_bottom_rr,rainbow,1,1,0,0,1,0,0,3,3,1.59,1,break_piece,0xF6DEC8EA
0x96C0FF48,,,0,1,0,0,0,0,0,2,2,0.03,1,,0x14D94B9B
0x96C4C407,,,0,1,0,1,1,0,0,6,6,1.63,0,break_piece,0x7D0B00CB
0x96CF98F8,,,0,1,0,1,1,0,0,5,5,4.04,0,break_piece,0xF03E0102
0x96E33889,piece8k_propdebris02,rainbow,1,1,0,1,1,0,0,3,3,1.07,1,break_piece,0x8E8ED4C0
0x96E7D17A,,,0,1,0,0,1,0,0,6,6,0.03,1,break_piece,0xB0D4E642
0x96F1B72B,piece4b_propdebris18,rainbow,1,1,0,1,1,0,0,3,3,4.02,1,break_piece,0xBFC09F3E
0x97002381,,,0,1,0,0,1,0,0,3,3,0.03,1,intact,0x36A9F3D4
0x9700BE07,,,0,1,0,0,1,0,0,5,5,0.03,1,break_piece,0xCA20C1D9
0x97037B95,bone_tailgate,rainbow,1,1,0,0,1,0,0,4,4,0.93,1,intact,0x51DA41FE
0x970ED0E7,,,0,1,0,0,1,0,0,5,5,0.03,1,break_piece,0x319D840A
0x971DCA84,floor01.piece5i_propdebris03_ruio,rainbow,1,1,0,0,0,0,0,3,3,0.03,1,break_piece,0x74474CB1
0x971E7CD3,hp_handset_c,rainbow,1,1,0,1,1,0,0,4,4,4.84,0,intact,0xFD0229C3
0x97296DF2,hp_health,rainbow,1,1,1,0,1,0,0,0,0,0.65,0,,0x59D4D890
0x97299000,floor01.slice2a_ruin,rainbow,1,1,0,1,0,0,0,2,2,23.01,0,intact,0xD1574A09
0x973ACB16,piece3h_propdebris21,rainbow,1,1,0,1,1,0,0,3,3,3.82,1,break_piece,0x2CE290F9
0x973EFE6A,slice6d_interior,rainbow,1,1,0,1,1,0,0,3,3,34.24,0,intact,0x04CC21CD
0x974B46E8,chinaoutpost_bld_tent01,rainbow,1,1,1,0,0,0,0,0,0,0.03,0,static,0x974B46E8
0x974E1701,,,0,1,0,0,1,0,0,6,6,1.42,0,break_piece,0x8C58E7EB
0x9777DE93,bone_rod_fr_b,rainbow,1,1,0,0,1,0,0,6,6,0.03,1,break_piece,0x31F0FE47
0x97797C53,,,0,1,0,0,1,0,0,3,3,0.03,1,break_piece,0xB993D852
0x978C3A49,pmcoutpost_generator,rainbow,1,1,1,0,0,0,0,0,0,0.03,0,static,0x978C3A49
0x97930F3E,global_weapon_ataka,rainbow,1,1,1,0,1,0,0,0,0,1.47,0,,0x97930F3E
0x97933596,residential_bld_corner16x16b,rainbow,1,1,1,0,0,0,0,0,0,0.03,0,static,0x97933596
0x97A96272,mountain_blastdoors,rainbow,1,1,1,0,0,0,0,0,0,0.03,0,static,0x97A96272
0x97B3EEDB,floor01.piece1a_propdebris31,rainbow,1,1,0,1,1,0,0,3,3,11.36,1,break_piece,0x601A1292
0x97BB2338,,,0,1,1,0,1,0,0,0,0,1.16,0,,0x97BB2338
0x97C6B5B4,global_att_antennad,rainbow,1,1,1,0,0,0,0,0,0,0.03,0,static,0x756CE06C
0x97CFD6FD,,,0,1,0,1,1,0,0,5,5,4.04,1,break_piece,0xE6027C27
0x97D3AA24,hp_mount_r,rainbow,1,1,0,0,1,0,0,4,4,0.03,0,break_piece,0xF6DEC8EA
0x97D6E399,,,0,1,0,0,0,0,0,3,3,0.03,1,break_piece,0x74474CB1
0x97E649DB,,,0,1,0,0,1,0,0,2,2,0.03,1,,0x86D7CF92
0x97E8E4CE,,,0,1,0,0,1,0,0,3,3,2.10,0,,0x14D94B9B
0x97EDCB76,floor01.piece2a_propdebris15,rainbow,1,1,0,1,1,0,0,3,3,8.39,1,intact,0xAC3CD893
0x97EF4F02,piece1b_propattach15_ruin,rainbow,1,1,0,1,0,0,0,4,4,0.03,0,break_piece,0x6B3A45A6
0x98047127,,,0,1,0,0,1,0,0,1,1,2.25,1,,0x1FBFBB4B
0x980B7710,,,0,1,0,0,1,0,0,3,3,2.10,0,,0x14D94B9B
0x9839E26A,jungle_bridge_woodpedestriana,rainbow,1,1,1,0,0,0,0,0,0,0.03,0,static,0x9839E26A
0x984E1A55,,,0,1,0,1,1,0,0,5,5,8.17,1,break_piece,0x25FE00A7
0x984EB60A,,,0,1,0,0,1,0,0,4,4,0.03,1,intact,0x0C95FF35
0x98580623,,,0,1,0,1,1,0,0,1,1,1.38,0,intact,0x8BC154D7
0x98581CD6,,,0,1,0,0,1,0,0,3,3,0.03,1,intact,0xEA5253E7
0x989E4A15,slice5c,rainbow,1,1,0,0,0,0,0,1,1,0.03,0,static,0x04CC21CD
0x98A8F830,,,0,1,0,0,1,0,0,4,4,0.03,1,break_piece,0x1203E036
0x98B11F57,,,0,1,0,0,1,0,0,5,5,2.07,0,intact,0xCDC5617A
0x98B149DF,proutpost_att_neone,rainbow,1,1,1,0,0,0,0,0,0,0.03,0,static,0x98B149DF
0x98B2CB87,,,0,1,0,1,0,0,0,4,4,0.03,0,break_piece,0xFD0229C3
0x98B59C85,,,0,1,0,0,1,0,0,5,5,2.07,0,intact,0xCDC5617A
0x98B8D75B,industrial_bld_conveyorbeltangle,rainbow,1,1,1,0,0,0,0,0,0,0.03,0,static,0x98B8D75B
0x98CCA6DD,,,0,1,0,0,1,0,0,3,3,0.03,1,break_piece,0xE59723FD
0x98D0848E,global_env_rocksbeach06,rainbow,1,1,1,0,0,0,0,0,0,0.03,0,,0x98D0848E
0x98E1AFEA,,,0,1,0,0,1,0,0,5,5,0.03,1,break_piece,0x1E359C2F
0x98EF01C8,bone_right,rainbow,1,1,0,0,1,0,0,1,1,0.03,1,,0xC2DC97E1
0x98EF6890,piece7b_propdebris18,rainbow,1,1,0,1,1,0,0,3,3,7.59,1,break_piece,0xA1846C79
0x990B6A19,floor02.piece1a_propdebris25,rainbow,1,1,0,1,1,0,0,3,3,7.88,1,break_piece,0x601A1292
0x990D9706,,,0,1,1,0,0,0,0,0,0,0.03,0,static,0x990D9706
0x991EAC89,,,0,1,0,0,1,0,0,3,3,0.03,1,break_piece,0xB0D4E642
0x992BA6D9,bone_massive_2x1_f,rainbow,1,1,0,0,1,0,0,3,3,13.41,1,intact,0x019EDBFE
0x9941393B,floor01.piece2a_propattach11_pristine,rainbow,1,1,0,1,1,0,0,4,4,16.94,0,intact,0xAC3CD893
0x9942C252,sign08,rainbow,1,1,2,0,0,0,0,0,0,0.03,0,static,0x9942C252
0x99447364,,,0,1,0,0,1,0,0,6,6,1.39,0,break_piece,0xEC0DAFF2
0x9946A1F5,floor02.piece1b_propattach01_ruin,rainbow,1,1,0,1,1,0,0,4,4,12.24,1,intact,0xD23F52FC
0x994C1105,piece1a_propattach17_pristine,rainbow,1,1,0,1,1,0,0,4,4,1.06,0,break_piece,0xE5133554
0x994E1953,al_veh_helicopter_ah1z,rainbow,1,1,1,0,0,0,0,0,0,0.03,0,static,0x994E1953
0x994F9BFB,floor02.piece1b_propdebris22,rainbow,1,1,0,1,1,0,0,3,3,13.81,1,break_piece,0xD23F52FC
0x99541929,floor02.piece1b_propdebris20,rainbow,1,1,0,1,1,0,0,3,3,11.58,1,break_piece,0x7D766FA6
0x99552B1E,hp_pf97rocket,rainbow,1,1,1,0,1,0,0,0,0,0.47,0,,0x65A6939C
0x995AE935,global_barbell,rainbow,1,1,1,0,0,0,0,0,0,0.03,0,static,0x995AE935
0x9969AA27,floor01.piece1c_propdebris20,rainbow,1,1,0,1,1,0,0,3,3,4.89,1,break_piece,0xCA3AC936
0x9981F607,,,0,1,0,0,1,0,0,3,3,0.03,1,break_piece,0x9DF812C4
0x999BB3E4,slice1e_propattach02,rainbow,1,1,0,0,0,0,0,3,3,0.03,1,break_piece,0x35992F99
0x999DFEC9,,,0,1,0,1,1,0,0,1,1,0.68,0,intact,0xF419FFEB
0x99A242B6,hp_snap_oilrig_fueltanklargeA_A,rainbow,1,1,0,0,1,0,0,3,3,0.03,1,break_piece,0x618526A4
0x99A5908F,,,0,1,0,0,1,0,0,3,3,0.03,1,break_piece,0xB6B946F4
0x99A6DC5E,,,0,1,0,0,0,0,0,5,5,0.03,1,break_piece,0x63E4703A
0x99A6E9E6,chinaoutpost_fueltanks,rainbow,1,1,1,0,0,0,0,0,0,0.03,0,static,0x99A6E9E6
0x99ACC803,,,0,1,0,0,0,0,0,3,3,0.03,1,break_piece,0xFD0229C3
0x99AE3294,,,0,1,0,0,1,0,0,5,5,0.03,1,break_piece,0xC56B1A44
0x99B1E3F1,,,0,1,0,1,1,0,0,3,3,1.67,1,break_piece,0x81758ACC
0x99C8323F,village_bld_farming02,rainbow,1,1,1,0,0,0,0,0,0,0.03,0,static,0x99C8323F
0x99D383DC,hp_ch01_starter,rainbow,1,1,0,0,1,0,0,1,1,0.03,1,,0x8456CC17
0x99EEA106,,,0,1,0,1,1,0,0,4,4,3.04,1,break_piece,0xE54047D5
0x9A0013C3,global_locker,rainbow,1,1,1,0,0,0,0,0,0,0.03,0,static,0x9A0013C3
0x9A0D3F83,gr_veh_helicopter_uh1,rainbow,1,1,1,0,0,0,0,0,0,0.03,0,static,0x89D8DE72
0x9A0DC7F6,hp_fx_leaves_green_n,rainbow,1,1,0,0,1,0,0,3,3,0.03,1,break_piece,0x5AB8A933
0x9A2212DC,,,0,1,0,1,1,0,0,1,1,1.33,0,intact,0x4AB6F9B6
0x9A348BB7,slice1c_propattach02_ruin,rainbow,1,1,0,1,0,0,0,4,4,0.03,0,break_piece,0x2B503BD0
0x9A3CEB74,,,0,1,0,0,1,0,0,5,5,0.03,1,break_piece,0x6B1DE27D
0x9A4C2E66,,,0,1,0,0,1,0,0,3,3,0.03,1,break_piece,0x6B4D7FAF
0x9A6F477B,,,0,1,0,0,1,0,0,6,6,1.93,0,break_piece,0x5B3458E9
0x9A6F6587,oilrig_smokestack,rainbow,1,1,1,0,0,0,0,0,0,0.03,0,static,0x9A6F6587
0x9A71B5A6,city_bld_segment16x16a,rainbow,1,1,1,0,0,0,0,0,0,0.03,0,static,0x9A71B5A6
0x9A7223B4,,,0,1,0,0,1,0,0,5,5,2.09,0,intact,0xCDC5617A
0x9A7642ED,caracas_bld_hospitalvargas,rainbow,1,1,1,0,0,0,0,0,0,0.03,0,static,0x9A7642ED
0x9A76A0E2,,,0,1,0,0,1,0,0,5,5,2.09,0,intact,0xCDC5617A
0x9A8EAF87,caracas_bld_theater01_pile_xx6,rainbow,1,1,0,1,1,0,0,1,1,1.29,0,intact,0xEA7F9F3F
0x9A8F4237,,,0,1,0,0,1,0,0,3,3,0.03,1,intact,0xB7FA7A49
0x9A94C1BE,,,0,1,0,0,1,0,0,6,6,1.39,0,break_piece,0xAC990539
0x9ABAF0CA,,,0,1,0,0,1,0,0,3,3,2.55,0,,0x14D94B9B
0x9AC820F5,,,0,1,1,0,1,0,0,0,0,31.04,0,,0x9AC820F5
0x9AD350C6,,,0,1,0,0,1,0,0,4,4,0.03,1,intact,0x51DA41FE
0x9B028977,bone_sidegun,rainbow,1,1,0,0,0,0,0,2,2,0.03,1,,0x3A1CB5C0
0x9B13F75B,,,0,1,0,0,0,0,0,4,4,0.03,0,break_piece,0xE9E253D5
0x9B33FEAA,,,0,1,0,0,1,0,0,2,2,0.03,0,static,0x342EDDD4
0x9B3A191D,,,0,1,0,0,1,0,0,6,6,1.39,0,break_piece,0xEC0DAFF2
0x9B4C6C0E,oilrig_bld_buildinga_details_02_propattach50_pristind,rainbow,1,1,0,1,1,0,0,1,1,0.78,0,intact,0xF419FFEB
0x9B633B8E,,,0,1,0,1,1,0,0,5,5,5.35,1,break_piece,0x35992F99
0x9B6645B6,,,0,1,0,0,1,0,0,3,3,0.03,1,break_piece,0xDF93DCDA
0x9B685798,piece3p_propdebris27,rainbow,1,1,0,1,1,0,0,3,3,3.55,1,break_piece,0x2CE290F9
0x9B801DE0,,,0,1,0,0,1,0,0,5,5,0.03,1,break_piece,0x539FF827
0x9B84B50A,slice7a_ruin,rainbow,1,1,0,1,0,0,0,2,2,38.08,0,break_piece,0x04CC21CD
0x9B8C945B,,,0,1,0,0,1,0,0,3,3,2.24,0,,0x6A2BE04D
0x9B99883E,,,0,1,0,1,1,0,0,5,5,6.76,1,break_piece,0x0B7CC1B7
0x9BA15797,,,0,1,0,0,0,0,0,3,3,0.03,1,break_piece,0xFD0229C3
0x9BA80C25,,,0,1,1,0,1,0,0,0,0,23.31,0,,0x9BA80C25
0x9BABA1D9,,,0,1,0,0,1,0,0,6,6,21.43,1,intact,0xF6DEC8EA
0x9BB4D048,,,0,1,0,1,1,0,0,4,4,3.61,0,break_piece,0x7EC3FC58
0x9BCA9440,,,0,1,0,0,1,0,0,4,4,1.05,1,break_piece,0x25B3F7BC
0x9BD37237,,,0,1,0,1,1,0,0,5,5,8.44,1,break_piece,0x2E3C0B49
0x9BD5FBAC,piece5j,rainbow,1,1,0,0,0,0,0,1,1,0.03,0,static,0x50AACA22
0x9BFDB25C,,,0,1,0,0,1,0,0,3,3,2.10,0,,0x14D94B9B
0x9C065E3F,piece5g_propdebris23,rainbow,1,1,0,1,1,0,0,3,3,4.11,1,break_piece,0x50AACA22
0x9C0E1CEF,,,0,1,0,1,1,0,0,5,5,1.06,1,break_piece,0x8C58E7EB
0x9C162FCC,,,0,1,0,1,1,0,0,4,4,5.01,1,break_piece,0xD1968AF1
0x9C19E76F,,,0,1,0,0,1,0,0,3,3,0.03,1,break_piece,0xE59723FD
0x9C318A56,civ_veh_car_w8_normal,rainbow,1,1,1,0,0,0,0,0,0,0.03,0,static,0x9C318A56
0x9C3D4104,,,0,1,1,0,0,0,0,0,0,0.03,0,static,0x9C3D4104
0x9C4F8B8B,piece1c_propdebris30,rainbow,1,1,0,1,1,0,0,3,3,7.77,1,break_piece,0xE110E2D3
0x9C5408B9,piece1c_propdebris32,rainbow,1,1,0,1,1,0,0,3,3,5.43,1,break_piece,0xB6B946F4
0x9C59E59E,floor01.piece1e,rainbow,1,1,0,0,0,0,0,1,1,0.03,0,static,0xCB4C6EAB
0x9C658717,,,0,1,0,0,1,0,0,1,1,0.03,1,,0xB19C5FE4
0x9C706CB6,,,0,1,1,0,1,0,0,0,0,0.34,0,,0x9C706CB6
0x9C7E5AD6,floor01.slice2d_propdebris05,rainbow,1,1,0,1,1,0,0,4,4,4.88,1,break_piece,0x149FC407
0x9C810CC5,,,0,1,1,0,0,0,0,0,0,0.03,0,static,0x9C810CC5
0x9C8559A9,,,0,1,0,0,1,0,0,4,4,0.03,1,intact,0xC733E65D
0x9CA75EB1,env_citrate,rainbow,1,1,0,0,1,0,0,3,3,0.03,1,intact,0xE59723FD
0x9CB580DE,,,0,1,0,0,1,0,0,4,4,0.03,1,break_piece,0x319D840A
0x9CBDE63A,slice1b_propattach13_pristine,rainbow,1,1,0,1,0,0,0,4,4,1.00,0,break_piece,0xCA20C1D9
0x9CC2A368,hp_gr001_starter,rainbow,1,1,0,0,1,0,0,1,1,0.03,1,,0xAA4DEC8B
0x9CED428A,slice1f_propattach00_pristine,rainbow,1,1,0,1,1,0,0,4,4,12.57,0,intact,0x35992F99
0x9CF9C47A,,,0,1,0,1,0,0,0,4,4,0.03,0,break_piece,0x25FE00A7
0x9CFEC5F2,slice7a_propdebris00,rainbow,1,1,0,1,1,0,0,3,3,6.88,1,break_piece,0x04CC21CD
0x9D011664,,,0,1,0,1,1,0,0,4,4,1.93,0,break_piece,0x261F62BF
0x9D0CE282,,,0,1,1,0,0,0,0,0,0,0.03,0,static,0xB9065B19
0x9D1BA658,maracaibo_bld_historical02,rainbow,1,1,1,0,0,0,0,0,0,0.03,0,static,0x9D1BA658
0x9D1E361B,,,0,1,0,1,0,0,0,4,4,0.03,0,break_piece,0x149FC407
0x9D2ABB85,piece3b_propattach00,rainbow,1,1,0,0,0,0,0,3,3,0.03,1,break_piece,0x9A7642ED
0x9D2E1B21,commercial_bld_segment8x16d,rainbow,1,1,1,0,0,0,0,0,0,0.03,0,static,0x9D2E1B21
0x9D545CDB,hp_shelleject_missile_r,rainbow,1,1,0,0,1,0,0,5,5,0.03,1,break_piece,0x22435EEA
0x9D5B5C06,,,0,1,0,1,1,0,0,4,4,20.65,0,intact,0x56D04AA8
0x9D64FBAD,,,0,1,0,1,1,0,0,1,1,0.44,0,break_piece,0x4D4F42B5
0x9D6F039C,piece1a_propattach09_ruin,rainbow,1,1,0,1,0,0,0,4,4,0.03,0,break_piece,0xF03E0102
0x9D9BF2FB,slice1b_propdebris19,rainbow,1,1,0,1,1,0,0,3,3,2.88,1,break_piece,0x5436A936
0x9DAC9F68,,,0,1,0,1,1,0,0,1,1,1.30,0,intact,0xF419FFEB
0x9DC19F61,,,0,1,0,1,1,0,0,4,4,1.05,0,break_piece,0x7EC3FC58
0x9DF045C5,,,0,1,0,1,1,0,0,5,5,7.19,0,break_piece,0xAC3CD893
0x9DF6B30B,village_bld_plantation02,rainbow,1,1,1,0,0,0,0,0,0,0.03,0,static,0x9DF6B30B
0x9DF812C4,industrial_bld_refinery02,rainbow,1,1,1,0,0,0,0,0,0,0.03,0,static,0x9DF812C4
0x9DFC1F74,,,0,1,0,0,1,0,0,4,4,0.03,1,break_piece,0xE54047D5
0x9DFC8FF2,industrial_bld_refinery04,rainbow,1,1,1,0,0,0,0,0,0,0.03,0,static,0x9DFC8FF2
0x9E0649BA,,,0,1,0,0,2,0,0,3,3,0.03,1,break_piece,0xA2CE8563
0x9E073B60,,,0,1,0,1,1,0,0,1,1,0.42,0,intact,0xEA7F9F3F
0x9E3144C0,jungle_ruinshotelarch,rainbow,1,1,1,0,0,0,0,0,0,0.03,0,static,0x9E3144C0
0x9E339BCE,,,0,1,0,1,1,0,0,1,1,1.35,0,intact,0x2703554F
0x9E362805,global_soccerball,rainbow,1,1,1,0,0,0,0,0,0,0.03,0,,0x9E362805
0x9E824415,,,0,1,0,1,1,0,0,4,4,4.46,0,intact,0x1A74D3EE
0x9E8AE12C,bone_sensor_yaw,rainbow,1,1,0,0,1,0,0,6,6,0.41,1,break_piece,0xB6EDE80B
0x9E974536,,,0,1,0,0,1,0,0,4,4,0.03,1,break_piece,0xE54047D5
0x9E9B5591,,,0,1,1,0,0,0,0,0,0,0.03,0,static,0x9E9B5591
0x9ED28816,slice4b_pristine,rainbow,1,1,0,1,0,0,0,2,2,37.20,0,break_piece,0x1A74D3EE
0x9EECC751,piece4a_propattach06,rainbow,1,1,0,0,0,0,0,3,3,0.03,1,break_piece,0x7DB2E527
0x9EF5E1AD,,,0,1,0,1,1,0,0,5,5,11.74,1,break_piece,0xCA3AC936
0x9F0D483A,merida_signc,rainbow,1,1,1,0,0,0,0,0,0,0.03,0,static,0x9F0D483A
0x9F145605,piece4b_propdebris16,rainbow,1,1,0,1,1,0,0,3,3,4.02,1,break_piece,0xBFC09F3E
0x9F232C6E,,,0,1,0,0,1,0,0,6,6,0.03,0,intact,0xD1968AF1
0x9F296B3B,,,0,1,0,0,0,0,0,4,4,0.88,1,intact,0xC142F94B
0x9F2BCEBE,docks_lamppost,rainbow,1,1,1,0,0,0,0,0,0,0.03,0,static,0x9F2BCEBE
0x9F2CF401,hp_fx_fire,rainbow,1,1,0,0,1,0,0,1,1,0.03,1,,0x41D7AC6F
0x9F2D315C,global_veh_hondacrx,rainbow,1,1,1,0,0,0,0,0,0,0.03,0,static,0x9F2D315C
0x9F2DE4A1,floor01.slice1d_propdebris05,rainbow,1,1,0,1,1,0,0,4,4,4.88,1,break_piece,0x149FC407
0x9F43D6F0,,,0,1,0,1,1,0,0,4,4,3.04,1,break_piece,0xE54047D5
0x9F46BD8E,,,0,1,0,0,0,0,0,3,3,0.03,1,break_piece,0x994E1953
0x9F5A4DB7,civ_veh_car_phoenix_racing,rainbow,1,1,1,0,0,0,0,0,0,0.03,0,static,0x9F5A4DB7
0x9F5E9F77,,,0,1,0,0,0,0,0,4,4,2.13,1,intact,0xC142F94B
0x9F6161DA,vzoutpost_wallb_al,rainbow,1,1,1,0,0,0,0,0,0,0.03,0,static,0x9F6161DA
0x9F747C53,village_bld_plantationsmall01,rainbow,1,1,1,0,0,0,0,0,0,0.03,0,static,0x9F747C53
0x9F88663A,,,0,1,0,0,1,0,0,5,5,0.03,1,break_piece,0xC733E65D
0x9F9FD69B,,,0,1,0,1,1,0,0,1,1,1.31,0,intact,0xF419FFEB
0x9FB84386,piece1e_propattach03_ruin,rainbow,1,1,0,1,1,0,0,4,4,4.23,0,intact,0x7DB2E527
0x9FBA355A,,,0,1,0,0,1,0,0,3,3,0.03,1,break_piece,0xE59723FD
0x9FCB8C3D,,,0,1,0,0,1,0,0,6,6,1.39,0,break_piece,0xAC990539
0x9FD52251,,,0,1,0,0,0,0,0,2,2,0.03,1,,0x14D94B9B
0x9FDB6D5F,,,0,1,0,0,0,0,0,3,3,0.03,1,break_piece,0x74474CB1
0x9FDB7101,,,0,1,0,1,1,0,0,4,4,1.96,0,intact,0xFD0229C3
0x9FFDD51E,,,0,1,0,1,0,0,0,3,3,0.03,0,break_piece,0x9FCAE910
0xA0189C84,island_wallend,rainbow,1,1,1,0,0,0,0,0,0,0.03,0,static,0xA0189C84
0xA0238D1E,,,0,1,1,0,0,0,0,0,0,0.03,0,,0xA0238D1E
0xA029223D,,,0,1,1,0,0,0,0,0,0,0.03,0,static,0xA029223D
0xA0732FFE,hp_dock_recruitheli,rainbow,1,1,0,0,1,0,0,2,2,0.03,1,,0x634F1F65
0xA0759024,,,0,1,0,0,1,0,0,3,3,3.20,1,break_piece,0xB960877F
0xA0AF5A57,slice2a_propdebris08,rainbow,1,1,0,1,1,0,0,3,3,4.23,1,break_piece,0x9DF6B30B
0xA0BB69BB,piece1b_propdebris77,rainbow,1,1,0,1,1,0,0,3,3,27.82,1,break_piece,0xA948DDA6
0xA0BEADEC,floor01.piece2a_propattach11,rainbow,1,1,0,0,0,0,0,3,3,0.03,1,break_piece,0xAC3CD893
0xA0BED06F,,,0,1,0,0,0,0,0,2,2,0.03,1,,0x14D94B9B
0xA0BFE6E9,piece1b_propdebris75,rainbow,1,1,0,1,1,0,0,3,3,25.65,1,break_piece,0xA948DDA6
0xA0CB7882,oilrig_att_pipes_flatbed_a0,rainbow,1,1,0,1,1,0,0,5,5,2.16,0,break_piece,0xB0D4E642
0xA0CF6EC5,ocoutpost_planter01,rainbow,1,1,1,0,0,0,0,0,0,0.03,0,static,0xA0CF6EC5
0xA0D25827,,,0,1,0,0,0,0,0,2,2,0.03,1,,0x14D94B9B
0xA0D4C67F,,,0,1,0,0,1,0,0,4,4,0.03,1,break_piece,0x70D2FBFA
0xA0D50E54,global_env_rocksbeach04,rainbow,1,1,1,0,0,0,0,0,0,0.03,0,,0xA0D50E54
0xA0DE5F82,vzoutpost_bld_barracktent_gr,rainbow,1,1,1,0,0,0,0,0,0,0.03,0,static,0xA0DE5F82
0xA0EAF095,,,0,1,1,0,0,0,0,0,0,0.03,0,static,0xA0EAF095
0xA0ED82B5,,,0,1,1,0,0,0,0,0,0,0.03,0,,0xA0ED82B5
0xA113D98D,merida_bld_hotel,rainbow,1,1,1,0,0,0,0,0,0,0.03,0,static,0xA113D98D
0xA123364F,,,0,1,0,0,1,0,0,3,3,0.03,1,break_piece,0xB0D4E642
0xA1347181,,,0,1,0,1,1,0,0,6,6,1.62,0,intact,0x7D0B00CB
0xA1349E30,bone_pitch_sidegun,rainbow,1,1,0,0,0,0,0,4,4,4.26,0,,0x3A1CB5C0
0xA13DEAD9,,,0,1,0,0,1,0,0,5,5,11.70,0,intact,0x585A9008
0xA1410724,,,0,1,0,1,1,0,0,4,4,1.20,0,break_piece,0x261F62BF
0xA143D0EE,global_env_rockjungle05,rainbow,1,1,1,0,1,0,0,0,0,20.26,0,,0xA143D0EE
0xA147A6C7,piece3h_propdebris24,rainbow,1,1,0,1,1,0,0,3,3,2.88,1,break_piece,0x2CE290F9
0xA14A463B,global_moneylargea,rainbow,1,1,1,0,0,0,0,0,0,0.03,0,static,0xA14A463B
0xA14DCD48,global_env_palmtreeplanted01,rainbow,1,1,1,0,0,0,0,0,0,0.03,0,static,0xA14DCD48
0xA14E94B2,,,0,1,0,0,1,0,0,5,5,0.03,1,break_piece,0xCFAC6851
0xA1542BD4,,,0,1,0,0,1,0,0,4,4,0.83,0,break_piece,0x74474CB1
0xA15D0A11,,,0,1,0,0,0,0,0,5,5,0.03,1,break_piece,0xB32053A7
0xA1601E47,bone_weapon_l,rainbow,1,1,0,0,1,0,0,1,1,4.67,1,,0x8CAFF9CF
0xA1704BB1,,,0,1,0,0,1,0,0,3,3,2.24,0,,0x6A2BE04D
0xA1731A49,piece3b_propdebris37,rainbow,1,1,0,1,1,0,0,3,3,3.27,1,break_piece,0xB6B946F4
0xA176803B,civ_veh_boat_swamp,rainbow,1,1,1,0,0,0,0,0,0,0.03,0,static,0xA176803B
0xA17720E6,,,0,1,0,1,1,0,0,1,1,1.35,0,intact,0x4761451B
0xA1782499,,,0,1,0,0,1,0,0,6,6,1.62,0,break_piece,0xD7BB0643
0xA180ABC4,piece4a_propattach06_pristine,rainbow,1,1,0,1,1,0,0,4,4,5.96,0,intact,0x7DB2E527
0xA184B3BC,outskirt_bld_market02,rainbow,1,1,1,0,0,0,0,0,0,0.03,0,static,0xA184B3BC
0xA185BEC1,slice1c_propdebris36,rainbow,1,1,0,1,1,0,0,4,4,7.74,1,break_piece,0x770E7949
0xA190463A,groutpost_bld_tentsmalltarp03,rainbow,1,1,1,0,0,0,0,0,0,0.03,0,static,0xA190463A
0xA191B7D2,,,0,1,0,0,1,0,0,3,3,2.10,0,,0x14D94B9B
0xA192E686,global_pointer,rainbow,1,1,2,0,2,0,0,0,0,2.39,0,,0xA192E686
0xA1A48E75,residential_bld_corner16x16e,rainbow,1,1,1,0,0,0,0,0,0,0.03,0,static,0xA1A48E75
0xA1A53F8A,,,0,1,0,0,1,0,0,3,3,2.10,0,,0x14D94B9B
0xA1A6CC7C,hp_snap_oilrig_fueltanklargeA_C,rainbow,1,1,0,0,1,0,0,3,3,0.03,1,break_piece,0x618526A4
0xA1B56B99,,,0,1,0,0,1,0,0,3,3,0.03,1,intact,0xFF7ABB3B
0xA1B66DB7,,,0,1,0,1,1,0,0,3,3,2.37,1,break_piece,0x81758ACC
0xA1C0658C,,,0,1,0,0,1,0,0,4,4,0.03,1,break_piece,0xD1968AF1
0xA1CC8878,,,0,1,0,0,0,0,0,3,3,4.88,0,break_piece,0x1A74D3EE
0xA1EA63B0,,,0,1,0,1,0,0,0,5,5,2.16,0,break_piece,0xB0D4E642
0xA1F32ACC,,,0,1,0,1,1,0,0,4,4,3.04,1,break_piece,0xE54047D5
0xA1FF2455,floor01.piece2a_propdebris12,rainbow,1,1,0,1,1,0,0,3,3,13.81,1,intact,0xAC3CD893
0xA200CBC2,piece4a_propattach06_ruin,rainbow,1,1,0,1,1,0,0,4,4,5.96,0,break_piece,0x7DB2E527
0xA2081322,,,0,1,0,0,1,0,0,6,6,1.05,0,break_piece,0x95F4BA55
0xA21251BC,hp_fx_leaves_green_l,rainbow,1,1,0,0,1,0,0,3,3,0.03,1,break_piece,0x5AB8A933
0xA21FB368,,,0,1,1,0,1,0,0,0,0,7.49,0,,0xB5655D69
0xA250FA25,global_weapon_m4,rainbow,1,1,1,0,0,0,0,0,0,0.86,0,static,0xA250FA25
0xA26387A9,industrial_bld_warehouse02,rainbow,1,1,1,0,0,0,0,0,0,0.03,0,static,0xA26387A9
0xA264F887,,,0,1,0,0,1,0,0,3,3,0.03,1,intact,0xEA5253E7
0xA26975B5,,,0,1,0,0,1,0,0,3,3,0.03,1,intact,0xEA5253E7
0xA272BEC9,slice1f_propdebris04,rainbow,1,1,0,1,1,0,0,4,4,3.54,1,break_piece,0x1E359C2F
0xA27A2734,shanty_bld_housegroup07,rainbow,1,1,1,0,0,0,0,0,0,0.03,0,static,0xA27A2734
0xA27BFBA9,,,0,1,0,0,1,0,0,5,5,3.00,1,break_piece,0x2B97DD31
0xA27C323E,hp_barrel_tip_a,rainbow,1,1,0,0,1,0,0,5,5,0.03,1,intact,0x3397DE30
0xA27EA462,shanty_bld_housegroup01,rainbow,1,1,1,0,0,0,0,0,0,0.03,0,static,0xA27EA462
0xA2923800,,,0,1,0,1,1,0,0,1,1,0.47,0,intact,0x07FC456B
0xA2ACD111,slice1e_propattach06_ruin,rainbow,1,1,0,1,0,0,0,4,4,0.03,0,break_piece,0x35992F99
0xA2AF8D66,proutpost_bld_gasstationpump02,rainbow,1,1,1,0,0,0,0,0,0,0.03,0,static,0xA2AF8D66
0xA2B737DD,,,0,1,0,0,1,0,0,5,5,0.03,1,intact,0x539FF827
0xA2B8842B,,,0,1,0,0,1,0,0,3,3,0.03,1,break_piece,0x7604B190
0xA2C29283,hp_barreltip_missileR_b,rainbow,1,1,0,0,1,0,0,5,5,0.03,1,break_piece,0x9FCAE910
0xA2C5C985,slice1f_propattach03_ruin,rainbow,1,1,0,1,0,0,0,4,4,0.03,0,break_piece,0x35992F99
0xA2D1AECF,slice8a_propattach00,rainbow,1,1,0,0,0,0,0,3,3,0.03,1,break_piece,0xC939089F
0xA2E1DD6D,global_env_rocksbeach01,rainbow,1,1,1,0,0,0,0,0,0,0.03,0,,0xA2E1DD6D
0xA2E20AAE,,,0,1,0,1,1,0,0,5,5,1.70,0,break_piece,0xE31521AD
0xA2EB5412,maracaibo_wall20m,rainbow,1,1,1,0,0,0,0,0,0,0.03,0,static,0xA2EB5412
0xA3127E47,,,0,1,0,0,1,0,0,4,4,0.03,1,break_piece,0xA029223D
0xA31B6A2D,piece1b_propattach05_pristine,rainbow,1,1,0,1,1,0,0,4,4,0.64,0,break_piece,0x6B3A45A6
0xA341CC7A,dlc_global_pickup_money50k,rainbow,1,1,1,0,1,0,0,0,0,2.03,0,,0xA341CC7A
0xA35416A8,ch_veh_apc_wz551,rainbow,1,1,1,0,0,0,0,0,0,0.03,0,static,0xA35416A8
0xA35C32D1,,,0,1,0,1,1,0,0,4,4,13.09,1,break_piece,0x91E2FC68
0xA360870A,,,0,1,0,0,1,0,0,3,3,0.03,1,intact,0x6B432F1C
0xA3643D42,,,0,1,0,0,1,0,0,4,4,0.63,1,break_piece,0xB6EDE80B
0xA36D9F1F,vzoutpost_bld_garage_oc,rainbow,1,1,1,0,0,0,0,0,0,0.03,0,static,0xA36D9F1F
0xA390ABB7,global_weapon_laserrangefinder1,rainbow,1,1,1,0,0,0,0,0,0,0.28,0,,0xE5B86FB2
0xA3A334F4,hp_barreltip_ciwsrr_a,rainbow,1,1,0,0,1,0,0,7,7,0.03,1,intact,0x25FE00A7
0xA3A67F33,,,0,1,0,0,0,0,0,5,5,0.03,1,break_piece,0x5B172306
0xA3A696C9,global_billboard01,rainbow,1,1,1,0,0,0,0,0,0,0.03,0,static,0xA3A696C9
0xA3A73FC6,,,0,1,0,0,1,0,0,4,4,0.03,1,break_piece,0xB1EB099F
0xA3E18FD2,,,0,1,0,0,0,0,0,3,3,0.03,1,intact,0xCB4C6EAB
0xA3E482F0,,,0,1,0,0,1,0,0,4,4,0.03,1,break_piece,0xA113D98D
0xA3F492BF,slice1e_propattach06_pristine,rainbow,1,1,0,1,0,0,0,4,4,0.03,0,intact,0x35992F99
0xA4096523,,,0,1,0,0,1,0,0,4,4,0.03,1,break_piece,0xE54047D5
0xA4138BDB,,,0,1,0,0,1,0,0,3,3,0.03,1,break_piece,0x7604B190
0xA41D7EDE,,,0,1,0,0,1,0,0,4,4,2.87,1,,0x32FBE556
0xA422FC03,,,0,1,0,1,0,0,0,3,3,0.03,0,break_piece,0xE54047D5
0xA431DB2B,hp_lowerfcleftd,rainbow,1,1,0,1,1,0,0,5,5,10.22,1,break_piece,0xC56B1A44
0xA43E465A,,,0,1,0,1,1,0,0,6,6,3.18,0,intact,0xE31521AD
0xA443F56E,,,0,1,1,0,0,0,0,0,0,0.03,0,static,0x51DA41FE
0xA44F3195,,,0,1,0,1,1,0,0,4,4,1.93,0,break_piece,0x261F62BF
0xA460683E,,,0,1,0,0,0,0,0,5,5,0.03,1,break_piece,0xC1EEB3B3
0xA46E81A8,,,0,1,0,1,1,0,0,4,4,1.20,0,break_piece,0x261F62BF
0xA46F163C,bone_attach_piston_b,rainbow,1,1,0,0,1,0,0,1,1,0.03,1,,0x42740E1B
0xA48F78F1,,,0,1,0,1,1,0,0,4,4,0.60,0,break_piece,0x261F62BF
0xA4937D58,civ_veh_car_l300_normal,rainbow,1,1,1,0,0,0,0,0,0,0.03,0,static,0xA4937D58
0xA4A430EC,,,0,1,0,0,1,0,0,3,3,0.03,1,intact,0x1C9503F3
0xA4ACA352,,,0,1,0,0,1,0,0,6,6,1.61,0,intact,0x7A5DCB7C
0xA4AF0D1C,,,0,1,1,0,0,0,0,0,0,0.03,0,static,0xA4AF0D1C
0xA4B0E216,,,0,1,0,1,1,0,0,5,5,6.22,1,break_piece,0x0B7CC1B7
0xA4B809A0,slice1c_propattach10_ruin,rainbow,1,1,0,1,0,0,0,4,4,0.03,0,break_piece,0x2F1F099B
0xA4B9BFBA,hp_spawn_j,rainbow,1,1,0,0,1,0,0,3,3,0.03,1,break_piece,0x88612024
0xA4BA0AA4,,,0,1,0,0,1,0,0,4,4,0.03,1,break_piece,0x319D840A
0xA4BB43B7,slice3f_ruin,rainbow,1,1,0,1,0,0,0,2,2,31.92,0,break_piece,0x04CC21CD
0xA4C3CE58,,,0,1,0,1,1,0,0,5,5,2.83,0,break_piece,0xF2391F54
0xA4CB8504,,,0,1,0,0,1,0,0,1,1,0.94,1,,0x223593E1
0xA4D7AB40,,,0,1,0,1,1,0,0,6,6,3.01,0,break_piece,0x4BE3E7C4
0xA4EA922C,piece4a_propattach07,rainbow,1,1,0,0,0,0,0,3,3,0.03,1,break_piece,0x7DB2E527
0xA4FA10B6,,,0,1,0,0,1,0,0,6,6,0.91,0,break_piece,0x16497BF1
0xA4FE12AD,,,0,1,0,1,1,0,0,5,5,7.41,1,break_piece,0x0B7CC1B7
0xA517D4A3,outskirt_bld_house05,rainbow,1,1,1,0,0,0,0,0,0,0.03,0,static,0xA517D4A3
0xA51A5908,,,0,1,0,1,1,0,0,1,1,0.55,0,intact,0xF245AC63
0xA532A4E7,commercial_bld_segment8x16b,rainbow,1,1,1,0,0,0,0,0,0,0.03,0,static,0xA532A4E7
0xA5363D80,floor01.slice1b_propdebris06,rainbow,1,1,0,1,1,0,0,4,4,5.28,1,break_piece,0x149FC407
0xA545DC80,,,0,1,0,1,1,0,0,5,5,2.50,1,break_piece,0xF2391F54
0xA54A7DE3,piece2h_propdebris14,rainbow,1,1,0,1,1,0,0,3,3,3.42,1,break_piece,0x91E2FC68
0xA5704F3C,slice4a_propattach00_ruin,rainbow,1,1,0,1,0,0,0,4,4,0.03,0,break_piece,0x2F4F8F3E
0xA5824EB3,,,0,1,0,1,1,0,0,1,1,1.34,0,intact,0xEA7F9F3F
0xA59CEF84,,,0,1,0,0,0,0,0,3,3,39.72,0,break_piece,0x33AC0183
0xA5A15811,floor00.slice3b_pristine,rainbow,1,1,0,1,0,0,0,2,2,17.97,0,break_piece,0xFD0229C3
0xA5AAE560,,,0,1,0,0,1,0,0,8,8,0.03,1,intact,0x8C83F560
0xA5AEE8C1,floor02.piece1a_propdebris32,rainbow,1,1,0,1,1,0,0,3,3,9.53,1,break_piece,0x601A1292
0xA5B1C357,village_bld_housestilts03,rainbow,1,1,1,0,0,0,0,0,0,0.03,0,static,0xA5B1C357
0xA5B64085,village_bld_housestilts01,rainbow,1,1,1,0,0,0,0,0,0,0.03,0,static,0xA5B64085
0xA5C32798,,,0,1,0,0,1,0,0,4,4,0.03,1,intact,0x7366155A
0xA5C62927,,,0,1,0,1,1,0,0,4,4,3.69,0,break_piece,0x7EC3FC58
0xA5C64561,,,0,1,0,1,1,0,0,5,5,6.22,1,break_piece,0x0B7CC1B7
0xA5D2ED2C,,,0,1,0,0,0,0,0,2,2,0.03,1,,0x14D94B9B
0xA5ECB323,piece7a_propdebris45,rainbow,1,1,0,1,1,0,0,3,3,1.64,1,break_piece,0xCE866A6A
0xA5ED965C,slice3a_propattach12_pristine,rainbow,1,1,0,1,1,0,0,4,4,3.59,0,break_piece,0xE6027C27
0xA605CD69,slice2e_interior,rainbow,1,1,0,1,1,0,0,3,3,39.91,0,break_piece,0x0B7CC1B7
0xA60A3BDB,hp_barreltip_turret_f,rainbow,1,1,0,0,1,0,0,6,6,0.03,1,intact,0xC142F94B
0xA613C685,slice1a_propattach26_pristine,rainbow,1,1,0,1,0,0,0,4,4,1.13,0,break_piece,0xDDBA557D
0xA61C1518,,,0,1,0,0,1,0,0,3,3,2.55,0,,0x14D94B9B
0xA62F4105,piece6a_propdebris20,rainbow,1,1,0,1,1,0,0,3,3,1.21,1,break_piece,0xC68ADB00
0xA63EB80F,,,0,1,0,1,1,0,0,5,5,4.98,1,break_piece,0x25FE00A7
0xA6400990,slice4a_propdebris01,rainbow,1,1,0,1,1,0,0,3,3,4.35,0,intact,0x2F4F8F3E
0xA6416416,,,0,1,0,1,1,0,0,1,1,0.47,0,intact,0x09139BCD
0xA6489D3A,village_bld_windmill01,rainbow,1,1,1,0,0,0,0,0,0,0.03,0,static,0xA6489D3A
0xA6591585,global_pole,rainbow,1,1,1,0,0,0,0,0,0,0.03,0,static,0xA6591585
0xA663D55E,,,0,1,0,0,0,0,0,5,5,0.17,1,break_piece,0x342EDDD4
0xA675E744,,,0,1,0,0,1,0,0,3,3,0.03,1,intact,0x8F7192B8
0xA67A960D,village_bld_farmhouse,rainbow,1,1,1,0,0,0,0,0,0,0.03,0,static,0xA67A960D
0xA67A9FC7,,,0,1,0,0,1,0,0,5,5,1.70,0,intact,0x232B1C7C
0xA681C595,,,0,1,1,0,1,0,0,0,0,0.90,0,,0xA681C595
0xA68B3687,floor01.slice2d_propdebris00,rainbow,1,1,0,1,1,0,0,4,4,7.15,1,break_piece,0x149FC407
0xA68ED579,,,0,1,0,1,1,0,0,5,5,1.95,1,break_piece,0xE01CE9F2
0xA68FB3B5,floor01.slice2d_propdebris02,rainbow,1,1,0,1,1,0,0,4,4,6.41,1,break_piece,0x149FC407
0xA69E7E4C,,,0,1,1,0,0,0,0,0,0,0.03,0,static,0xA69E7E4C
0xA6A3B8DD,bone_antenna_c,rainbow,1,1,0,0,2,0,0,2,2,0.03,1,,0xF4309A98
0xA6A8E3DB,slice2a_propattach15,rainbow,1,1,0,0,0,0,0,3,3,0.03,1,break_piece,0x2171B6D7
0xA6AD0346,,,0,1,1,0,0,0,0,0,0,0.03,0,static,0xA6AD0346
0xA6C13263,piece1a_propattach19_pristine,rainbow,1,1,0,1,1,0,0,4,4,0.57,0,break_piece,0xE5133554
0xA6C19E0C,,,0,1,0,0,1,0,0,6,6,0.89,0,break_piece,0x56EE6A1F
0xA6C85A58,,,0,1,0,1,1,0,0,5,5,17.75,1,break_piece,0x2C31E48A
0xA6D7B2D4,,,0,1,0,0,0,0,0,5,5,0.03,0,break_piece,0x4BE3E7C4
0xA6DDC95F,piece4a_propattach08,rainbow,1,1,0,0,0,0,0,3,3,0.03,1,break_piece,0x7DB2E527
0xA6EE41C6,al_veh_truck_mtv_tanker,rainbow,1,1,1,0,0,0,0,0,0,0.03,0,static,0xA6EE41C6
0xA719777F,maracaibo_bld_historical01,rainbow,1,1,1,0,0,0,0,0,0,0.03,0,static,0xA719777F
0xA71B0A72,,,0,1,1,0,0,0,0,0,0,0.03,0,static,0xA71B0A72
0xA71F4AC6,,,0,1,0,0,1,0,0,4,4,0.03,1,intact,0xB1EB099F
0xA7326E67,floor01.slice1d_propdebris03,rainbow,1,1,0,1,1,0,0,4,4,6.41,1,break_piece,0x149FC407
0xA739AE8F,hp_turretmount_ml,rainbow,1,1,0,0,1,0,0,4,4,0.03,1,intact,0x13A86EF7
0xA73F665A,,,0,1,0,1,1,0,0,4,4,1.45,1,break_piece,0xE54047D5
0xA74130EA,piece9g_ruin,rainbow,1,1,0,1,0,0,0,2,2,0.03,0,break_piece,0x69D31E85
0xA7433BC1,slice1c_propdebris43,rainbow,1,1,0,1,1,0,0,4,4,5.09,1,break_piece,0x383D01E1
0xA74FDEF0,floor03.piece1a_propattach00_ruin,rainbow,1,1,0,1,0,0,0,4,4,0.03,0,break_piece,0x13417609
0xA7773FC6,piece1a_propattach16_pristine,rainbow,1,1,0,1,1,0,0,4,4,0.64,0,break_piece,0xE5133554
0xA77CDCB5,slice2e_pristine,rainbow,1,1,0,1,0,0,0,2,2,46.84,0,break_piece,0x0B7CC1B7
0xA781C065,,,0,1,0,1,1,0,0,5,5,3.03,1,break_piece,0xC56B1A44
0xA78B0642,slice9h_propdebris115,rainbow,1,1,0,0,1,0,0,5,5,0.03,1,intact,0x86A7C828
0xA78E973B,,,0,1,0,0,1,0,0,3,3,0.03,1,break_piece,0x618526A4
0xA7989DB1,slice2m_interior,rainbow,1,1,0,1,1,0,0,3,3,30.41,0,break_piece,0x0B7CC1B7
0xA79EE18C,,,0,1,1,0,0,0,0,0,0,0.03,0,static,0xA79EE18C
0xA7A08CCE,,,0,1,0,0,1,0,0,3,3,0.65,1,break_piece,0xF6DEC8EA
0xA7A6799D,,,0,1,1,0,0,0,0,0,0,0.03,0,static,0xA7A6799D
0xA7A79B1A,,,0,1,0,1,1,0,0,5,5,5.63,1,break_piece,0x35992F99
0xA7AD5337,,,0,1,0,0,1,0,0,6,6,1.66,0,break_piece,0x155C8246
0xA7AD65DC,,,0,1,1,0,0,0,0,0,0,0.03,0,,0x3A1B2723
0xA7AFC90A,dv_details_5554,rainbow,1,1,0,0,1,0,0,4,4,0.03,1,intact,0x4FC2D374
0xA7BCAA26,,,0,1,0,1,1,0,0,4,4,0.60,0,break_piece,0x261F62BF
0xA7C08009,piece9a_propdebris01,rainbow,1,1,0,1,1,0,0,3,3,2.09,1,break_piece,0xF08D5BB5
0xA7D56DAF,,,0,1,1,0,0,0,0,0,0,0.03,0,static,0xA7D56DAF
0xA7D60BD0,,,0,1,0,1,1,0,0,5,5,4.04,0,break_piece,0xE6027C27
0xA7E8876E,,,0,1,1,0,1,0,0,0,0,50.53,0,,0xA7E8876E
0xA7EB0E20,,,0,1,1,0,1,0,0,0,0,41.36,0,,0xA7EB0E20
0xA7EDAEBB,,,0,1,0,0,1,0,0,5,5,2.99,1,intact,0x25FE00A7
0xA8007B44,,,0,1,0,1,1,0,0,4,4,5.86,1,break_piece,0xD1968AF1
0xA80083A9,,,0,1,0,0,1,0,0,6,6,1.05,0,break_piece,0x95F4BA55
0xA807713E,port_cranegantry01,rainbow,1,1,1,0,0,0,0,0,0,0.03,0,static,0xA807713E
0xA81682C9,,,0,1,0,0,1,0,0,3,3,1.66,1,break_piece,0x994E1953
0xA81CA584,vzoutpost_fueltanks_nu63,rainbow,1,1,0,0,1,0,0,6,6,1.39,0,break_piece,0xEC0DAFF2
0xA81EDEA3,L12_small1,rainbow,1,1,0,0,1,0,0,5,5,0.93,0,break_piece,0xA113D98D
0xA82816E4,,,0,1,1,0,0,0,0,0,0,0.03,0,,0xA82816E4
0xA83FF5A4,,,0,1,0,1,1,0,0,6,6,3.22,0,break_piece,0xE31521AD
0xA844F4AD,,,0,1,0,1,1,0,0,1,1,1.35,0,intact,0x2703554F
0xA8501E36,piece2b_propattach01_ruin,rainbow,1,1,0,1,1,0,0,4,4,4.18,0,break_piece,0x6BDE4B9D
0xA85C6E87,hp_barreltip_ciwsfm_a,rainbow,1,1,0,0,1,0,0,8,8,0.03,1,intact,0xE54047D5
0xA85E0B58,piece1e_propattach01_ruin,rainbow,1,1,0,1,1,0,0,4,4,6.45,0,intact,0x7DB2E527
0xA86B5ECA,,,0,1,1,0,0,0,0,0,0,0.03,0,,0xA86B5ECA
0xA8749482,,,0,1,0,0,1,0,0,3,3,2.55,0,,0x14D94B9B
0xA8881C3A,,,0,1,0,0,1,0,0,3,3,2.55,0,,0x14D94B9B
0xA89B90F8,,,0,1,0,1,1,0,0,4,4,4.57,0,break_piece,0x8B310BBB
0xA8A00E26,,,0,1,0,1,1,0,0,4,4,1.57,0,break_piece,0x8B310BBB
0xA8A1E6E2,bone_flapl_b,rainbow,2,1,0,0,1,0,0,1,1,2.23,1,,0x223593E1
0xA8A84051,,,0,1,0,0,1,0,0,5,5,1.77,0,break_piece,0xA35416A8
0xA8B128C1,aloutpost_interior_herochair,rainbow,1,1,1,0,0,0,0,0,0,0.03,0,,0xA8B128C1
0xA8C1FDDE,slice2a_propdebris12,rainbow,1,1,0,1,1,0,0,3,3,2.02,1,break_piece,0x652F1208
0xA8C36866,,,0,1,1,0,0,0,0,0,0,0.03,0,static,0xA8C36866
0xA8C77E47,,,0,1,0,0,0,0,0,3,3,0.03,1,intact,0x60E7FFEB
0xA8CD6FA7,margarita_bld_hotelresort01,rainbow,1,1,1,0,0,0,0,0,0,0.03,0,static,0xA8CD6FA7
0xA8DE0895,piece1b_propdebris79,rainbow,1,1,0,1,1,0,0,3,3,27.82,1,break_piece,0xA948DDA6
0xA8EBB7B0,bone_doorfl,rainbow,1,1,0,0,1,0,0,1,1,1.92,1,,0x738993DF
0xA8FB2A87,piece1a_propdebris98,rainbow,1,1,0,1,1,0,0,3,3,2.97,1,break_piece,0x1923143C
0xA9203098,,,0,1,1,0,1,0,0,0,0,1.13,0,,0xA9203098
0xA923B6BC,,,0,1,1,0,0,0,0,0,0,0.46,0,,0x590DC884
0xA93863BE,,,0,1,0,1,1,0,0,5,5,12.21,1,break_piece,0xD44C2215
0xA93FDCA5,,,0,1,0,0,1,0,0,5,5,0.03,1,break_piece,0x0C95FF35
0xA942ACDF,,,0,1,0,0,0,0,0,5,5,0.03,0,break_piece,0x4BE3E7C4
0xA948DDA6,,,0,1,1,0,0,0,0,0,0,0.03,0,static,0xA948DDA6
0xA94DC84C,hp_snap_oilrig_towerblowoutdiagonal,rainbow,1,1,0,0,1,0,0,3,3,0.03,1,break_piece,0x618526A4
0xA961140C,caracas_bld_skyscraperbluetower01,rainbow,1,1,1,0,0,0,0,0,0,0.03,0,static,0xA961140C
0xA9655455,,,0,1,0,0,0,0,0,5,5,0.03,0,intact,0xFB89A3B1
0xA968796E,hp_fx_explosionh,rainbow,1,1,0,0,1,0,0,3,3,0.03,1,break_piece,0x618526A4
0xA96A4896,,,0,1,0,0,1,0,0,3,3,3.80,1,intact,0xB993D852
0xA96D5752,global_junkpile03,rainbow,1,1,1,0,0,0,0,0,0,0.03,0,static,0xA96D5752
0xA96F79B9,,,0,1,0,0,0,0,0,3,3,3.44,1,,0x32FBE556
0xA976C0CF,slice1c_propdebris38,rainbow,1,1,0,1,1,0,0,4,4,4.95,1,break_piece,0x770E7949
0xA9772E04,vzoutpost_bld_helipad_drhy04,rainbow,1,1,0,1,0,0,0,5,5,3.42,0,break_piece,0xB0D4E642
0xA97BAB32,vzoutpost_bld_helipad_drhy02,rainbow,1,1,0,1,0,0,0,5,5,2.16,0,break_piece,0xB0D4E642
0xA97BF0AE,slice2l_propattach00,rainbow,1,1,0,0,0,0,0,3,3,0.03,1,break_piece,0x0B7CC1B7
0xA98B0BB0,hp_fx_explosionF,rainbow,1,1,0,0,1,0,0,3,3,0.03,1,break_piece,0x618526A4
0xA9A0E687,global_billboard_useb5,rainbow,1,1,0,0,0,0,0,1,1,0.03,1,,0x1FBFBB4B
0xA9A2BE20,city_bld_skyscraper01,rainbow,1,1,1,0,0,0,0,0,0,0.03,0,static,0xA9A2BE20
0xA9A563B5,global_billboard_useb7,rainbow,1,1,0,0,0,0,0,1,1,0.03,1,,0x1FBFBB4B
0xA9E17B48,city_bld_segment16x32a,rainbow,1,1,1,0,0,0,0,0,0,0.03,0,static,0xA9E17B48
0xA9E5F31A,,,0,1,0,1,0,0,0,5,5,2.16,0,break_piece,0xB0D4E642
0xAA065A74,,,0,1,0,0,1,0,0,4,4,2.86,1,,0x32FBE556
0xAA077902,bone_geardoor_fl_roll,rainbow,1,1,0,0,1,0,0,2,2,1.18,1,,0x32FBE556
0xAA09C62E,,,0,1,0,0,1,0,0,5,5,0.03,1,break_piece,0x2A68DAEF
0xAA0C6D1A,,,0,1,0,0,1,0,0,3,3,1.93,1,,0x32FBE556
0xAA0E53A2,,,0,1,0,0,0,0,0,5,5,0.43,1,intact,0xF88147A1
0xAA22302E,,,0,1,0,0,0,0,0,2,2,0.03,1,,0x14D94B9B
0xAA2F2556,vzoutpost_bld_barracktent,rainbow,1,1,1,0,0,0,0,0,0,0.03,0,static,0xAA2F2556
0xAA425DC2,slice2m,rainbow,2,1,0,0,0,0,0,1,1,0.03,0,static,0x0B7CC1B7
0xAA4DEC8B,groutpost_interior_hq,rainbow,1,1,1,0,0,0,0,0,0,0.03,0,,0xAA4DEC8B
0xAA532718,hp_oc02_starter,rainbow,1,1,0,0,1,0,0,1,1,0.03,1,,0xB19C5FE4
0xAA549635,slice2d_propdebris05,rainbow,1,1,0,1,1,0,0,3,3,6.65,1,break_piece,0xF51C01DD
0xAA55E57A,slice2e,rainbow,2,1,0,0,0,0,0,1,1,0.03,0,static,0x0B7CC1B7
0xAA576F9C,piece1b_propattach02_pristine,rainbow,1,1,0,1,1,0,0,4,4,0.64,0,break_piece,0x6B3A45A6
0xAA61A555,industrial_bld_warehousesmall01,rainbow,1,1,1,0,0,0,0,0,0,0.03,0,static,0xAA61A555
0xAA63D258,,,0,1,0,0,1,0,0,6,6,1.38,0,break_piece,0x0065B09D
0xAA792286,,,0,1,0,0,1,0,0,4,4,0.03,1,break_piece,0xE54047D5
0xAA86A929,hp_gunmount,rainbow,1,1,0,0,1,0,0,6,6,0.03,1,break_piece,0x0E9502CF
0xAA9072C7,,,0,1,0,1,1,0,0,4,4,4.89,0,break_piece,0x1A74D3EE
0xAA9BA5A8,,,0,1,0,1,0,0,0,5,5,0.03,0,break_piece,0x35992F99
0xAAA2386D,,,0,1,0,0,0,0,0,4,4,1.74,1,intact,0x22BA44C8
0xAAA2E88C,slice2n_interior,rainbow,1,1,0,1,1,0,0,3,3,37.26,0,break_piece,0x0B7CC1B7
0xAAA6C6C0,,,0,1,0,1,1,0,0,5,5,2.24,1,break_piece,0x25FE00A7
0xAAB7E081,,,0,1,0,1,1,0,0,5,5,1.70,0,intact,0xE31521AD
0xAABD5DF4,,,0,1,0,0,2,0,0,1,1,0.40,1,,0x80725FF4
0xAAC1424E,,,0,1,0,0,0,0,0,5,5,0.10,1,intact,0x80C357EC
0xAAD74D27,,,0,1,0,0,1,0,0,5,5,0.97,1,break_piece,0x3397DE30
0xAADD0E50,,,0,1,0,0,0,0,0,1,1,19.96,0,,0x33C8B389
0xAAE444CA,,,0,1,0,0,1,0,0,5,5,0.94,0,break_piece,0x818E5819
0xAB053DC8,proutpost_bld_bunkersandbag,rainbow,1,1,1,0,0,0,0,0,0,0.03,0,static,0xAB053DC8
0xAB060973,dlc_outskirt_interior_chair,rainbow,1,1,1,0,1,0,0,0,0,0.03,0,static,0xAB060973
0xAB06BF9D,,,0,1,0,0,1,0,0,3,3,0.03,1,intact,0x9A7642ED
0xAB3DBB62,piece2h_propdebris19,rainbow,1,1,0,1,1,0,0,3,3,4.44,1,break_piece,0x91E2FC68
0xAB4E0949,,,0,1,0,0,1,0,0,5,5,0.03,1,break_piece,0xBFC09F3E
0xAB5529CD,global_env_rockjungle02,rainbow,1,1,1,0,0,0,0,0,0,0.03,0,,0xAB5529CD
0xAB727B9B,global_lamppostb,rainbow,1,1,1,0,0,0,0,0,0,0.03,0,static,0xAB727B9B
0xAB80F896,L2_closeup5,rainbow,1,1,0,0,1,0,0,6,6,1.13,0,break_piece,0xF88147A1
0xAB814FE1,bone_left,rainbow,1,1,0,0,1,0,0,1,1,0.03,1,,0xC2DC97E1
0xAB85F3EB,L12_big4,rainbow,1,1,0,0,1,0,0,6,6,2.15,0,break_piece,0xA26387A9
0xAB8AF2D6,slice3d_propattach00_pristine,rainbow,1,1,0,1,0,0,0,4,4,0.93,0,break_piece,0x6F4B9CA8
0xAB90AED1,,,0,1,0,1,1,0,0,5,5,1.09,1,break_piece,0xB358951D
0xABA13ED1,bone_pitch_bowgun,rainbow,1,1,0,0,0,0,0,5,5,7.58,1,intact,0xE54047D5
0xABACB39C,floor02.piece1a_propdebris33,rainbow,1,1,0,1,1,0,0,3,3,9.39,1,break_piece,0x601A1292
0xABD39ACB,jungle_env_bushlarge03,rainbow,1,1,1,0,0,0,0,0,0,0.03,0,static,0xABD39ACB
0xABDC0535,hp_snap_oilrig_towerdrillpipesB,rainbow,1,1,0,0,1,0,0,3,3,0.03,1,break_piece,0x618526A4
0xABDCF73A,,,0,1,0,0,1,0,0,6,6,1.39,0,break_piece,0x0065B09D
0xABE4FF57,,,0,1,0,0,0,0,0,5,5,0.03,1,break_piece,0xEC0DAFF2
0xABE657B6,,,0,1,0,0,1,0,0,6,6,0.89,0,break_piece,0xE8E58109
0xABEF6C71,,,0,1,0,1,1,0,0,5,5,4.05,1,break_piece,0x6B3A45A6
0xABFDB4B0,caracas_rampgovernment01,rainbow,1,1,1,0,0,0,0,0,0,0.03,0,static,0xABFDB4B0
0xAC079C4A,city_bld_storefrontcornere,rainbow,1,1,1,0,0,0,0,0,0,0.03,0,static,0xAC079C4A
0xAC22129B,,,0,1,0,0,0,0,0,3,3,0.03,1,break_piece,0x261F62BF
0xAC298BCD,slice1q_propattach03,rainbow,1,1,0,0,0,0,0,3,3,0.03,1,break_piece,0x805C965E
0xAC3CD893,oilrig_bld_buildingb,rainbow,1,1,1,0,0,0,0,0,0,0.03,0,static,0xAC3CD893
0xAC48EB57,,,0,1,1,0,0,0,0,0,0,0.03,0,static,0xAC48EB57
0xAC4CCA41,,,0,1,0,0,1,0,0,1,1,0.99,1,,0x223593E1
0xAC65BEA2,bone_rearwing_r,rainbow,1,1,0,0,1,0,0,2,2,4.29,1,,0x33C8B389
0xAC68ECB3,hp_snap_piece1B_oilrig_cranesmallA,rainbow,1,1,0,0,1,0,0,2,2,0.03,1,static,0xD23F52FC
0xAC77A82B,,,0,1,0,0,1,0,0,3,3,2.13,0,,0x6A2BE04D
0xAC8D937A,dlc_global_pickup_money25k,rainbow,1,1,1,0,1,0,0,0,0,1.50,0,,0xAC8D937A
0xAC92C18E,ocoutpost_bld_helipad,rainbow,1,1,1,0,0,0,0,0,0,0.03,0,static,0xAC92C18E
0xAC990539,al_veh_truck_hmmwv_avenger,rainbow,1,1,1,0,0,0,0,0,0,0.03,0,static,0xAC990539
0xACA60803,,,0,1,0,1,1,0,0,1,1,1.37,0,intact,0x759BDE16
0xACC6DC48,,,0,1,0,0,1,0,0,5,5,0.03,1,break_piece,0xE6027C27
0xACC772A0,,,0,1,0,1,1,0,0,5,5,3.81,1,break_piece,0xC1527544
0xACD11E91,,,0,1,0,0,1,0,0,3,3,0.03,1,break_piece,0x7604B190
0xACD214CE,,,0,1,1,0,0,0,0,0,0,0.03,0,static,0xACD214CE
0xACE59974,,,0,1,1,0,0,0,0,0,0,0.03,0,static,0x190DE84C
0xAD0663D8,,,0,1,0,0,1,0,0,3,3,2.10,0,,0x14D94B9B
0xAD07B2B6,,,0,1,0,0,1,0,0,3,3,0.03,1,break_piece,0xCA20C1D9
0xAD106C57,hp_lifeboat_r,rainbow,1,1,0,0,1,0,0,3,3,0.03,1,break_piece,0xC56B1A44
0xAD10F5B8,global_bencha,rainbow,1,1,1,0,0,0,0,0,0,0.03,0,static,0xAD10F5B8
0xAD31CCEA,floor01.slice1b_propdebris04,rainbow,1,1,0,1,1,0,0,4,4,3.77,1,break_piece,0x149FC407
0xAD34B6E7,,,0,1,1,0,0,0,0,0,0,0.03,0,static,0xAD34B6E7
0xAD3C2DB1,village_bencha,rainbow,1,1,1,0,0,0,0,0,0,0.03,0,static,0xAD3C2DB1
0xAD42994D,,,0,1,0,0,1,0,0,4,4,0.03,1,break_piece,0x0189C80A
0xAD473926,vzoutpost_bld_barrackbunker,rainbow,1,1,1,0,0,0,0,0,0,0.03,0,static,0xAD473926
0xAD543B05,,,0,1,1,0,1,0,0,0,0,40.25,0,,0xAD543B05
0xAD65C83A,,,0,1,0,0,0,0,0,5,5,1.46,1,break_piece,0xFFB1CE7A
0xAD66FE9E,,,0,1,0,0,1,0,0,4,4,0.03,1,break_piece,0xA113D98D
0xAD767CCB,,,0,1,0,1,1,0,0,5,5,7.75,0,break_piece,0xFD0229C3
0xAD808124,slice1f_propattach02_pristine,rainbow,1,1,0,1,1,0,0,4,4,12.77,0,intact,0x35992F99
0xAD99A5E3,hp_smg,rainbow,1,1,1,0,0,0,0,0,0,0.61,0,static,0xE1FEBBB5
0xADA1FFB9,slice5e_propattach11_ruin,rainbow,1,1,0,1,0,0,0,4,4,0.03,1,break_piece,0xA27EA462
0xADAFCE32,,,0,1,0,0,0,0,0,4,4,7.08,1,break_piece,0xD1968AF1
0xADC61E48,,,0,1,0,0,1,0,0,6,6,1.80,0,break_piece,0x1125CB99
0xADCA86C9,,,0,1,0,0,1,0,0,1,1,0.03,1,,0x95DF42C4
0xADCE244B,,,0,1,1,0,0,0,0,0,0,0.03,0,static,0xADCE244B
0xADD459B5,,,0,1,0,0,1,0,0,2,2,2.93,1,,0xC1E0DE18
0xADE3CED6,,,0,1,1,0,0,0,0,0,0,0.03,0,static,0xADE3CED6
0xADE99496,,,0,1,0,1,1,0,0,5,5,3.81,1,break_piece,0xC939089F
0xADF3D2FC,,,0,1,0,0,1,0,0,5,5,0.03,1,intact,0xA8CD6FA7
0xADF73AB8,,,0,1,0,0,0,0,0,4,4,0.03,1,intact,0xC733E65D
0xADF81C66,piece1c_propdebris26,rainbow,1,1,0,1,1,0,0,3,3,7.23,1,break_piece,0xE110E2D3
0xAE07E2D7,piece1e_propdebris03,rainbow,1,1,0,1,1,0,0,3,3,2.45,1,break_piece,0xF51C01DD
0xAE0C6005,piece1e_propdebris01,rainbow,1,1,0,1,1,0,0,3,3,4.93,1,break_piece,0xF51C01DD
0xAE0E036B,,,0,1,0,1,1,0,0,1,1,1.33,0,intact,0x5253854D
0xAE12361C,,,0,1,0,0,1,0,0,5,5,0.03,1,break_piece,0x9FCAE910
0xAE2819B3,,,0,1,0,1,1,0,0,1,1,1.37,0,intact,0xBCBA07EE
0xAE3F73FA,,,0,1,0,0,1,0,0,4,4,0.61,0,break_piece,0x74474CB1
0xAE456289,,,0,1,0,0,1,0,0,3,3,0.03,1,intact,0xFF7ABB3B
0xAE57A9DB,,,0,1,0,1,1,0,0,5,5,2.96,1,break_piece,0x818E5819
0xAE60B012,,,0,1,0,1,1,0,0,1,1,0.46,0,intact,0x60497640
0xAE6534EC,,,0,1,0,0,1,0,0,3,3,2.72,1,,0x32FBE556
0xAE66E1F2,,,0,1,0,0,1,0,0,2,2,1.76,1,,0x33C8B389
0xAE68259B,,,0,1,0,0,1,0,0,4,4,0.03,1,break_piece,0x319D840A
0xAE7FFC96,shanty_bld_house04,rainbow,1,1,1,0,0,0,0,0,0,0.03,0,static,0xAE7FFC96
0xAE86DDC2,floor01.slice1d_interior,rainbow,1,1,0,1,0,0,0,3,3,125.55,0,break_piece,0x149FC407
0xAE8F67DF,hp_rockets,rainbow,1,1,1,0,1,0,0,0,0,0.82,0,,0x8E77A04D
0xAE96B0D7,oc_expandablevan_prop,rainbow,1,1,1,0,0,0,0,0,0,0.03,0,static,0xAE96B0D7
0xAE98BC63,slice8a_interior,rainbow,1,1,0,1,1,0,0,3,3,24.94,0,break_piece,0xC939089F
0xAE997128,,,0,1,1,0,0,0,0,0,0,0.03,0,static,0xAE997128
0xAE9A7BA9,piece5f_propdebris17,rainbow,1,1,0,1,1,0,0,3,3,1.09,1,break_piece,0xBFE24A41
0xAEAA53E7,,,0,1,1,0,0,0,0,0,0,8.31,0,,0xAEAA53E7
0xAEB38090,,,0,1,0,0,1,0,0,5,5,2.07,0,intact,0xCDC5617A
0xAEC2A18E,slice4c_propdebris01,rainbow,1,1,0,1,1,0,0,3,3,3.11,1,break_piece,0x1A74D3EE
0xAEC70587,slice2a_propattach19,rainbow,1,1,0,0,0,0,0,3,3,0.03,1,break_piece,0x2171B6D7
0xAED68AF9,,,0,1,1,0,0,0,0,0,0,0.03,0,static,0xAED68AF9
0xAEDB7031,,,0,1,0,0,1,0,0,3,3,2.46,1,,0x32FBE556
0xAEE44824,merida_bld_oilwellland,rainbow,1,1,1,0,0,0,0,0,0,0.03,0,static,0xAEE44824
0xAF04A632,,,0,1,0,0,1,0,0,3,3,0.03,0,break_piece,0x14954ADD
0xAF0E4774,,,0,1,0,0,1,0,0,4,4,0.03,1,break_piece,0xE54047D5
0xAF10E22F,slice3a_propattach08_pristine,rainbow,1,1,0,1,1,0,0,4,4,4.04,0,intact,0xE6027C27
0xAF4870CE,hp_snap_piece1C_oilrig_tankmedA_c,rainbow,1,1,0,0,1,0,0,2,2,0.03,1,static,0xD44C2215
0xAF559415,,,0,1,0,0,1,0,0,4,4,0.03,1,break_piece,0xD1968AF1
0xAF5EE342,maracaibo_patz06,rainbow,1,1,0,0,1,0,0,3,3,2.10,0,,0x14D94B9B
0xAF713289,,,0,1,0,1,1,0,0,6,6,3.13,1,break_piece,0xE9E253D5
0xAF7B302C,bone_mudflap_l,rainbow,1,1,0,0,1,0,0,4,4,0.97,1,break_piece,0x2B97DD31
0xAF7F532E,,,0,1,0,0,1,0,0,3,3,0.03,1,break_piece,0x618526A4
0xAF88ED71,bone_anchor,rainbow,1,1,0,0,1,0,0,1,1,0.03,0,,0xF84AEB3C
0xAF956CD9,piece1b_propdebris84,rainbow,1,1,0,1,1,0,0,3,3,27.82,1,break_piece,0xA948DDA6
0xAFA36E6D,slice2a_propattach05_ruin,rainbow,1,1,0,1,0,0,0,4,4,0.03,0,break_piece,0x8A6DEF3D
0xAFA9D3E2,hp_mount_rr,rainbow,1,1,0,0,1,0,0,4,4,0.03,0,break_piece,0xF6DEC8EA
0xAFB1C112,dlc_global_pickup_speedboost,rainbow,1,1,1,0,1,0,0,0,0,3.40,0,,0xAFB1C112
0xAFB6BCAA,,,0,1,0,0,1,0,0,4,4,0.83,0,break_piece,0x74474CB1
0xAFC0F23B,,,0,1,0,1,1,0,0,5,5,4.04,1,break_piece,0xE6027C27
0xAFC509CF,piece9a_propdebris07,rainbow,1,1,0,1,1,0,0,3,3,3.00,1,break_piece,0xF08D5BB5
0xB0078949,ocoutpost_fueltanks,rainbow,1,1,1,0,0,0,0,0,0,0.03,0,static,0xB0078949
0xB00CD198,,,0,1,0,0,1,0,0,6,6,0.97,0,break_piece,0xBD552CD3
0xB019E63F,,,0,1,0,0,1,0,0,3,3,2.55,0,,0x14D94B9B
0xB02A6567,,,0,1,0,0,0,0,0,1,1,0.03,0,,0x307D6AE1
0xB05328E0,aloutpost_bld_barracks03,rainbow,1,1,1,0,0,0,0,0,0,0.03,0,static,0xB05328E0
0xB061B32D,,,0,1,0,0,11,0,0,2,2,1.39,0,,0x307D6AE1
0xB0795F92,,,0,1,0,0,1,0,0,5,5,0.03,1,break_piece,0x25FE00A7
0xB07C4EE2,piece6a_propdebris16,rainbow,1,1,0,1,1,0,0,3,3,1.21,1,break_piece,0xC68ADB00
0xB091A370,,,0,1,0,0,1,0,0,3,3,0.03,1,intact,0xB7FA7A49
0xB09E6D38,,,0,1,0,0,1,0,0,6,6,1.13,0,break_piece,0xF88147A1
0xB0A2EA66,,,0,1,0,0,1,0,0,6,6,1.13,0,break_piece,0xF88147A1
0xB0A6B7C3,,,0,1,0,0,1,0,0,5,5,1.25,0,intact,0xCDC5617A
0xB0B80BCA,,,0,1,0,1,1,0,0,5,5,5.57,1,break_piece,0x384DEECA
0xB0C687A4,slice2a_propdebris10,rainbow,1,1,0,1,1,0,0,3,3,5.25,1,break_piece,0x9DF6B30B
0xB0C7C6C2,bone_d,rainbow,1,1,0,0,1,0,0,5,5,1.01,0,intact,0xEC6C211D
0xB0D4E642,,,0,1,1,0,0,0,0,0,0,0.03,0,static,0xB0D4E642
0xB0D74856,,,0,1,0,0,1,0,0,5,5,0.03,1,break_piece,0x35992F99
0xB0DDA4B7,,,0,1,1,0,1,0,0,0,0,1.58,0,,0xB0DDA4B7
0xB0F40BFC,slice2h_ruin,rainbow,1,1,0,1,1,0,0,2,2,46.52,0,intact,0x0B7CC1B7
0xB10171A6,,,0,1,0,0,1,0,0,3,3,0.03,1,intact,0x69B776FC
0xB1058926,piece1a_propattach07_ruin,rainbow,1,1,0,1,0,0,0,4,4,0.03,0,break_piece,0xF03E0102
0xB1074308,global_baseballbat,rainbow,1,1,1,0,1,0,0,0,0,0.86,0,,0xB1074308
0xB1203209,floor01.piece5i_propdebris03_ruin,rainbow,1,1,0,0,0,0,0,3,3,0.03,1,break_piece,0x74474CB1
0xB121C6F8,slice1f_propattach04_ruin,rainbow,1,1,0,1,0,0,0,4,4,0.03,0,break_piece,0x35992F99
0xB121E74C,,,0,1,0,1,1,0,0,6,6,1.90,1,break_piece,0xE54047D5
0xB1357EB8,slice4a_propattach07,rainbow,1,1,0,0,0,0,0,3,3,0.03,1,break_piece,0xE6027C27
0xB1371986,slice2b_propattach05_ruin,rainbow,1,1,0,1,1,0,0,4,4,10.11,0,intact,0xDDE0070C
0xB139FBE6,slice4a_propattach09,rainbow,1,1,0,0,0,0,0,3,3,0.03,1,break_piece,0xE6027C27
0xB13CBEBA,floor02.piece2a_propattach01,rainbow,1,1,0,0,0,0,0,3,3,0.03,0,break_piece,0xAC3CD893
0xB14399D8,,,0,1,1,0,0,0,0,0,0,8.08,0,,0xB14399D8
0xB14CB8F7,,,0,1,0,1,1,0,0,4,4,1.90,1,break_piece,0xE54047D5
0xB16ADAE3,,,0,1,0,1,1,0,0,5,5,7.29,1,break_piece,0x45EC5734
0xB173026D,,,0,1,0,1,1,0,0,5,5,9.58,1,break_piece,0x618526A4
0xB1813D38,hp_dock_recruitmechanic,rainbow,1,1,0,0,1,0,0,3,3,0.03,1,break_piece,0xE8EB75D7
0xB18458AE,,,0,1,0,0,1,0,0,3,3,2.08,1,,0x32FBE556
0xB1869B1A,hp_fx_explosionD,rainbow,1,1,0,0,1,0,0,3,3,0.03,1,break_piece,0x618526A4
0xB187C134,gr_veh_truck_m35_tanker,rainbow,1,1,1,0,0,0,0,0,0,0.03,0,static,0xB187C134
0xB19C5FE4,ocoutpost_interior_hq,rainbow,1,1,1,0,0,0,0,0,0,55.10,0,,0xB19C5FE4
0xB1B3412E,,,0,1,0,1,1,0,0,5,5,9.36,1,break_piece,0x2E3C0B49
0xB1D5D370,,,0,1,0,1,1,0,0,5,5,32.13,1,break_piece,0x2E3C0B49
0xB1EB099F,civ_veh_boat_cigarette,rainbow,1,1,1,0,0,0,0,0,0,0.03,0,static,0xB1EB099F
0xB1EB4812,hp_bullpup,rainbow,1,1,1,0,0,0,0,0,0,0.77,0,static,0xD662B0D0
0xB1EC0672,global_targetmarker,rainbow,1,1,1,0,1,0,0,0,0,49.97,0,,0xB1EC0672
0xB1EFE9B5,caracas_bld_historical04,rainbow,1,1,1,0,0,0,0,0,0,0.03,0,static,0xB1EFE9B5
0xB1F8ED1D,,,0,1,0,0,0,0,0,4,4,1.52,1,break_piece,0x9FCAE910
0xB1FAC1BC,,,0,1,0,0,1,0,0,4,4,0.03,1,intact,0x0C95FF35
0xB1FC33ED,,,0,1,0,1,1,0,0,1,1,1.31,0,intact,0x07FC456B
0xB1FF1801,,,0,1,0,0,1,0,0,3,3,0.03,1,intact,0x7604B190
0xB206692C,estate_bld_poolelevated01,rainbow,1,1,1,0,0,0,0,0,0,0.03,0,,0xB206692C
0xB2132B0F,,,0,1,0,0,1,0,0,5,5,0.93,1,intact,0x12732DD2
0xB2216B4A,bone_door_ml,rainbow,1,1,0,0,1,0,0,4,4,2.19,1,intact,0xD1968AF1
0xB2279FD1,,,0,1,1,0,1,0,0,0,0,7.86,0,,0xB2279FD1
0xB22C37AC,bone_weapon_door_l,rainbow,1,1,0,0,1,0,0,7,7,1.29,1,break_piece,0x807D1C3B
0xB23AFE21,,,0,1,0,1,0,0,0,5,5,0.03,1,break_piece,0xDDE0070C
0xB24B028E,piece1a_propdebris82,rainbow,1,1,0,1,1,0,0,3,3,10.78,1,break_piece,0x1923143C
0xB24B1F17,groutpost_bld_shacksemiperm01,rainbow,1,1,1,0,0,0,0,0,0,0.03,0,static,0xB24B1F17
0xB25223F5,pmcoutpost_statuediscus,rainbow,1,1,1,0,0,0,0,0,0,0.03,0,static,0xB25223F5
0xB2588DAE,,,0,1,0,0,0,0,0,1,1,0.03,0,,0x307D6AE1
0xB2745F0D,slice3c_propdebris05,rainbow,1,1,0,1,1,0,0,3,3,4.58,1,break_piece,0x9DF6B30B
0xB288F236,,,0,1,0,1,1,0,0,6,6,2.97,0,intact,0xE31521AD
0xB28E2687,,,0,1,0,0,0,0,0,4,4,1.59,1,break_piece,0x9FCAE910
0xB2B16705,,,0,1,0,1,1,0,0,4,4,3.37,0,break_piece,0x8B310BBB
0xB2B6B875,slice1a_propdebris63,rainbow,1,1,0,1,1,0,0,4,4,4.95,1,break_piece,0x964451A0
0xB2B80766,merida_telephonepole,rainbow,1,1,1,0,0,0,0,0,0,0.03,0,static,0xB2B80766
0xB2B87AF4,piece4a_propattach04_ruin,rainbow,1,1,0,1,1,0,0,4,4,7.52,0,intact,0x7DB2E527
0xB2B90A56,,,0,1,0,0,1,0,0,4,4,0.03,1,break_piece,0x319D840A
0xB2BD1ECD,,,0,1,0,0,0,0,0,2,2,0.03,0,break_piece,0xE54047D5
0xB2E403B4,,,0,1,0,0,1,0,0,5,5,0.03,1,break_piece,0x319D840A
0xB2E880E2,,,0,1,0,0,1,0,0,5,5,0.03,1,break_piece,0x319D840A
0xB2F3637D,,,0,1,0,0,1,0,0,5,5,0.03,1,break_piece,0xC142F94B
0xB2F6BEF5,groutpost_bld_helipad,rainbow,1,1,1,0,0,0,0,0,0,0.03,0,static,0xB2F6BEF5
0xB2FE994A,bone_steering_l,rainbow,1,1,0,0,1,0,0,4,4,0.49,1,intact,0xD4E88AFD
0xB32053A7,civ_veh_car_taxi_shuttle,rainbow,1,1,1,0,0,0,0,0,0,0.03,0,static,0xB32053A7
0xB32D136C,vzoutpost_bld_barracktent_ch,rainbow,1,1,1,0,0,0,0,0,0,0.03,0,static,0xB32D136C
0xB333A1F6,slice2b_propattach12_ruin,rainbow,1,1,0,1,0,0,0,4,4,0.03,0,break_piece,0x6B1DE27D
0xB3343620,,,0,1,0,1,1,0,0,5,5,19.31,1,break_piece,0x56D04AA8
0xB339F4B1,,,0,1,0,0,0,0,0,4,4,0.03,0,break_piece,0xBDED558F
0xB34EC7CA,,,0,1,0,0,1,0,0,4,4,0.03,1,break_piece,0xD1968AF1
0xB3543461,sign07,rainbow,1,1,1,0,0,0,0,0,0,0.03,0,static,0xB3543461
0xB358951D,maracaibo_bld_stagerepublica,rainbow,1,1,1,0,0,0,0,0,0,0.03,0,static,0xB358951D
0xB358AA8C,,,0,1,0,1,1,0,0,1,1,1.35,0,intact,0x07FC456B
0xB360BA93,,,0,1,0,1,1,0,0,1,1,1.33,0,break_piece,0x3511CCE7
0xB36A22AC,groutpost_bld_shackcave01,rainbow,1,1,1,0,0,0,0,0,0,0.03,0,static,0xB36A22AC
0xB373BD67,,,0,1,0,1,1,0,0,5,5,6.22,1,break_piece,0x0B7CC1B7
0xB379D24D,hp_fx_explosiono,rainbow,1,1,0,0,1,0,0,3,3,0.03,1,break_piece,0x618526A4
0xB37D350B,,,0,1,0,0,1,0,0,3,3,0.03,1,intact,0x5436A936
0xB37E7DB3,civ_veh_truck_ridgeline,rainbow,1,1,1,0,0,0,0,0,0,0.03,0,static,0xB37E7DB3
0xB381B239,,,0,1,0,0,1,0,0,3,3,0.03,1,intact,0x5436A936
0xB383608E,,,0,1,0,0,0,0,0,5,5,0.28,1,break_piece,0xB993D852
0xB387CB50,global_filebox,rainbow,1,1,1,0,0,0,0,0,0,0.03,0,static,0x25634660
0xB389C6BF,,,0,1,0,1,1,0,0,5,5,6.23,1,break_piece,0x35992F99
0xB39E1B69,slice1e_propattach03,rainbow,1,1,0,0,0,0,0,3,3,0.03,1,break_piece,0x35992F99
0xB3A092AE,foundation4,rainbow,1,1,0,0,1,0,0,1,1,18.53,0,static,0x7B5059F5
0xB3A73C8B,hp_barreltip_turret_fb,rainbow,1,1,0,0,1,0,0,6,6,0.03,1,intact,0xC733E65D
0xB3AF9FA0,hp_barreltip_turret_ra,rainbow,1,1,0,0,1,0,0,7,7,0.03,1,intact,0xC733E65D
0xB3BA2A17,floor01.piece1c_propdebris19,rainbow,1,1,0,1,1,0,0,3,3,5.45,1,break_piece,0xCA3AC936
0xB3D8352D,,,0,1,1,0,0,0,0,0,0,0.03,0,static,0xB3D8352D
0xB3EAE17C,,,0,1,0,0,1,0,0,6,6,0.89,0,break_piece,0xE8E58109
0xB3EBE359,hp_hellfire,rainbow,1,1,1,0,1,0,0,0,0,1.54,0,,0xF799E10F
0xB3EF9F20,,,0,1,0,0,1,0,0,5,5,0.03,1,intact,0xD1574A09
0xB3EFDFAC,,,0,1,1,0,0,0,0,0,0,0.03,0,static,0xB3EFDFAC
0xB404707E,,,0,1,0,1,0,0,0,4,4,1.77,0,break_piece,0xF6DEC8EA
0xB40B1E54,docks_docklarge,rainbow,1,1,1,0,0,0,0,0,0,0.03,0,static,0xB40B1E54
0xB41640E5,,,0,1,0,0,1,0,0,1,1,0.03,1,,0xB19C5FE4
0xB4263269,,,0,1,1,0,0,0,0,0,0,0.03,0,static,0xB4263269
0xB433890D,,,0,1,0,0,0,0,0,2,2,0.03,1,,0x14D94B9B
0xB4403447,,,0,1,0,0,0,0,0,3,3,0.03,1,break_piece,0x261F62BF
0xB4413364,slice2o_propattach00_ruin,rainbow,1,1,0,1,0,0,0,4,4,0.03,0,break_piece,0x0B7CC1B7
0xB444B175,,,0,1,0,0,0,0,0,3,3,0.03,1,break_piece,0x261F62BF
0xB47D30CF,slice5d_propdebris00,rainbow,1,1,0,1,1,0,0,3,3,3.30,1,break_piece,0x04CC21CD
0xB47E16AB,,,0,1,0,0,1,0,0,4,4,0.18,1,break_piece,0xC1EEB3B3
0xB4B87847,piece3d_propdebris20,rainbow,1,1,0,1,1,0,0,3,3,1.99,1,break_piece,0xA517D4A3
0xB4B8DB21,,,0,1,0,0,1,0,0,3,3,2.55,0,,0x14D94B9B
0xB4E46511,bone_rocket_mount_l,rainbow,1,1,0,0,0,0,0,4,4,0.03,1,intact,0xFB89A3B1
0xB4EFA7CE,piece4b_propdebris19,rainbow,1,1,0,1,1,0,0,3,3,4.02,1,break_piece,0xBFC09F3E
0xB4F58342,,,0,1,0,0,1,0,0,3,3,12.95,0,intact,0x8E8ED4C0
0xB4F7CF98,,,0,1,0,0,1,0,0,4,4,0.03,1,intact,0x2255CE3E
0xB4FE2B80,civ_veh_car_veyron,rainbow,1,1,1,0,0,0,0,0,0,0.03,0,static,0xB4FE2B80
0xB5123A10,piece4b_propdebris17,rainbow,1,1,0,1,1,0,0,3,3,4.02,1,break_piece,0xBFC09F3E
0xB51C42CB,bone_plantd,rainbow,1,1,0,0,1,0,0,1,1,2.25,0,,0x5F1CF60F
0xB52577D2,,,0,1,0,0,1,0,0,6,6,1.63,0,break_piece,0xD7BB0643
0xB540B9BC,,,0,1,0,1,1,0,0,1,1,1.33,0,break_piece,0x759BDE16
0xB54C2C8E,piece9c_ruin,rainbow,1,1,0,1,0,0,0,2,2,0.03,0,break_piece,0x69D31E85
0xB5529F38,maracaibo_bridge_segmentb,rainbow,1,1,1,0,0,0,0,0,0,0.03,0,static,0xB5529F38
0xB56B8864,,,0,1,0,0,1,0,0,4,4,0.03,1,break_piece,0xA113D98D
0xB5779E2D,bone_pitch_l,rainbow,1,1,0,0,0,0,0,3,3,0.03,1,break_piece,0xF6DEC8EA
0xB5925175,L2_closeup2,rainbow,1,1,0,0,1,0,0,6,6,1.22,0,break_piece,0x63E4703A
0xB59A03D7,,,0,1,0,1,1,0,0,1,1,0.55,0,intact,0x4AB6F9B6
0xB59E8105,,,0,1,0,1,1,0,0,1,1,1.96,0,intact,0x4AB6F9B6
0xB5B2BF0A,,,0,1,0,0,1,0,0,2,2,2.53,1,,0x1FBFBB4B
0xB5B6B4A3,hp_winch_front,rainbow,1,1,0,0,1,0,0,4,4,0.03,1,intact,0xC142F94B
0xB5BBD44A,global_pylon1,rainbow,1,1,1,0,0,0,0,0,0,0.03,0,static,0xA7354235
0xB5BD5DC1,,,0,1,0,0,1,0,0,4,4,0.03,1,intact,0x4FC2D374
0xB5C1A5C1,,,0,1,0,0,1,0,0,3,3,1.93,1,,0x32FBE556
0xB5C2D9F8,oc_veh_truck_esv,rainbow,1,1,1,0,0,0,0,0,0,0.03,0,static,0xB5C2D9F8
0xB5C3E2EE,,,0,1,0,0,1,0,0,4,4,0.03,1,intact,0xC142F94B
0xB5CF2FBA,,,0,1,0,0,1,0,0,6,6,1.03,0,break_piece,0x12732DD2
0xB5D9D806,estate_wallshort,rainbow,1,1,1,0,0,0,0,0,0,0.03,0,static,0xB5D9D806
0xB5F7B095,,,0,1,0,0,1,0,0,6,6,0.89,0,break_piece,0xE8E58109
0xB5F81D61,,,0,1,1,0,0,0,0,0,0,0.03,0,static,0xB5F81D61
0xB5FFBC69,,,0,1,0,0,1,0,0,5,5,0.03,1,break_piece,0x3FF2692D
0xB6141A23,,,0,1,0,1,1,0,0,4,4,5.03,1,break_piece,0xD1968AF1
0xB62CFFF1,bone_front_cable_a,rainbow,1,1,0,0,1,0,0,2,2,0.44,0,break_piece,0xD1968AF1
0xB6357976,shanty_bld_apartment02,rainbow,1,1,1,0,0,0,0,0,0,0.03,0,static,0xB6357976
0xB636E08D,,,0,1,1,0,0,0,0,0,0,0.03,0,static,0xB636E08D
0xB638C828,floor01.piece1c_propdebris01,rainbow,1,1,0,1,1,0,0,3,3,3.64,1,break_piece,0xD1574A09
0xB63BEA0E,,,0,1,0,0,1,0,0,4,4,0.03,1,break_piece,0x0189C80A
0xB645EE21,al_veh_tank_m2a3,rainbow,1,1,1,0,0,0,0,0,0,0.03,0,static,0xB645EE21
0xB6478F1A,bone_jet_l_yaw,rainbow,1,1,0,0,1,0,0,4,4,2.61,1,intact,0x4FC2D374
0xB649D6B8,bone_rudder,rainbow,1,1,0,0,1,0,0,4,4,0.98,1,intact,0x96195816
0xB649EC4F,,,0,1,0,0,1,0,0,3,3,0.03,1,intact,0xFF7ABB3B
0xB659C0AC,global_bld_tentmarket01,rainbow,1,1,1,0,0,0,0,0,0,0.03,0,static,0xB659C0AC
0xB65B34BD,chinaoutpost_signbarrier,rainbow,1,1,1,0,0,0,0,0,0,0.03,0,static,0xB65B34BD
0xB6730078,piece9g_propdebris11,rainbow,1,1,0,1,1,0,0,3,3,6.53,1,break_piece,0x69D31E85
0xB675CB87,,,0,1,0,1,1,0,0,5,5,3.55,1,break_piece,0x818E5819
0xB68F294E,slice2a_propdebris05,rainbow,1,1,0,1,1,0,0,3,3,4.58,1,break_piece,0x9DF6B30B
0xB691ED9B,,,0,1,0,0,1,0,0,5,5,0.03,1,break_piece,0x6B1DE27D
0xB6957814,,,0,1,0,0,1,0,0,5,5,2.07,0,intact,0xCDC5617A
0xB6AE5FDA,piece2a_propattach02_pristine,rainbow,1,1,0,1,1,0,0,4,4,5.44,0,intact,0xCFAC6851
0xB6AF3A82,proutpost_att_neond,rainbow,1,1,1,0,0,0,0,0,0,0.03,0,static,0xB6AF3A82
0xB6B946F4,industrial_bld_gasstationpump01,rainbow,1,1,1,0,0,0,0,0,0,0.03,0,static,0xB6B946F4
0xB6BB1F0F,,,0,1,0,0,1,0,0,3,3,0.03,1,intact,0xBBD8D408
0xB6C4AD6F,,,0,1,0,0,1,0,0,5,5,0.03,1,break_piece,0xE6027C27
0xB6E49B02,,,0,1,1,0,0,0,0,0,0,0.03,0,static,0xB6E49B02
0xB6EDE80B,vz_veh_tank_amx30_aa,rainbow,1,1,1,0,0,0,0,0,0,0.03,0,static,0xB6EDE80B
0xB6F6DB8E,,,0,1,0,0,1,0,0,6,6,0.03,0,break_piece,0x9FCAE910
0xB6FE28B5,vz_veh_truck_m35_tanker,rainbow,1,1,1,0,0,0,0,0,0,0.03,0,static,0xB6FE28B5
0xB6FE9827,global_parkinglota,rainbow,1,1,1,0,1,0,0,0,0,14.79,0,,0xB6FE9827
0xB70434FF,,,0,1,0,0,1,0,0,3,3,2.10,0,,0x14D94B9B
0xB70951D9,,,0,1,0,0,1,0,0,3,3,0.03,1,intact,0xE59723FD
0xB7163C70,vzoutpost_bld_hangar,rainbow,1,1,1,0,0,0,0,0,0,0.03,0,static,0xB7163C70
0xB7310CF7,,,0,1,0,0,1,0,0,3,3,0.03,1,,0x325A8B7F
0xB731849C,floor01.piece5i_propdebris03_ruig,rainbow,1,1,0,0,0,0,0,3,3,0.03,1,break_piece,0x74474CB1
0xB7372F44,hp_barreltip_j,rainbow,1,1,0,0,1,0,0,6,6,0.03,1,break_piece,0x1A221527
0xB74D88D5,,,0,1,0,1,1,0,0,1,1,1.31,0,intact,0x759BDE16
0xB7609F49,slice3e,rainbow,1,1,0,0,0,0,0,1,1,0.03,0,static,0x04CC21CD
0xB76293B7,village_bld_outhouse,rainbow,1,1,1,0,0,0,0,0,0,0.03,0,static,0xB76293B7
0xB769E30C,bone_front_lookat,rainbow,1,1,0,0,1,0,0,5,5,0.03,1,break_piece,0xC1EEB3B3
0xB76DF57B,port_dockdryt,rainbow,1,1,1,0,1,0,0,0,0,59.80,0,,0xB76DF57B
0xB775BC4F,,,0,1,0,1,1,0,0,6,6,3.12,1,break_piece,0xE9E253D5
0xB77E5B02,,,0,1,0,0,0,0,0,4,4,0.03,1,break_piece,0xBD552CD3
0xB797CD05,slice8b_propattach00_pristine,rainbow,1,1,0,1,1,0,0,4,4,1.20,0,break_piece,0xC939089F
0xB799F69F,piece1b_propdebris82,rainbow,1,1,0,1,1,0,0,3,3,27.82,1,break_piece,0xA948DDA6
0xB79DC284,,,0,1,0,0,0,0,0,1,1,0.03,1,,0x8185C0A5
0xB7AA55C4,,,0,1,1,0,1,0,0,0,0,65.80,0,,0xB7AA55C4
0xB7B474DC,slice8a,rainbow,1,1,0,0,0,0,0,1,1,0.03,0,static,0xC939089F
0xB7B8CEF0,,,0,1,0,1,1,0,0,3,3,1.84,1,break_piece,0x81758ACC
0xB7C3EF6F,,,0,1,0,0,1,0,0,6,6,1.80,0,break_piece,0x1125CB99
0xB7DBAA12,,,0,1,0,0,1,0,0,6,6,2.01,0,break_piece,0x31F0FE47
0xB7FA7A49,industrial_bld_refinery03,rainbow,1,1,1,0,0,0,0,0,0,0.03,0,static,0xB7FA7A49
0xB7FCDDB5,piece2z,rainbow,1,1,0,0,0,0,0,1,1,0.03,0,static,0xB6B946F4
0xB7FCE2DC,,,0,1,0,0,1,0,0,3,3,0.03,1,intact,0x7604B190
0xB804F817,piece1c_propdebris23,rainbow,1,1,0,1,1,0,0,3,3,7.23,1,break_piece,0xE110E2D3
0xB80A714A,,,0,1,0,0,0,0,0,2,2,0.03,1,,0x14D94B9B
0xB81483DA,hp_mount_l,rainbow,1,1,0,0,1,0,0,4,4,0.03,0,break_piece,0xF6DEC8EA
0xB820A5C1,,,0,1,0,1,1,0,0,5,5,2.91,1,break_piece,0xDDBA557D
0xB8256AAC,,,0,1,1,0,1,0,0,0,0,10.28,0,,0xB8256AAC
0xB82BFF5B,floor01.piece1c_propdebris06,rainbow,1,1,0,1,1,0,0,3,3,3.64,1,break_piece,0xD1574A09
0xB8304FD3,piece1e_propdebris32,rainbow,1,1,0,1,1,0,0,3,3,3.09,1,break_piece,0xC808E35C
0xB830B75B,vzoutpost_wallb_pr,rainbow,1,1,1,0,0,0,0,0,0,0.03,0,static,0xB830B75B
0xB85EB471,,,0,1,0,0,1,0,0,3,3,7.11,1,,0x32FBE556
0xB86812C6,hp_barreltip_,rainbow,1,1,0,0,2,0,0,1,1,0.03,1,,0x80725FF4
0xB86DD847,,,0,1,0,0,0,0,0,3,3,0.03,0,break_piece,0x2B503BD0
0xB86F5F47,hp_dock_recruitjet,rainbow,1,1,0,0,1,0,0,2,2,0.03,1,,0x86D7CF92
0xB881403B,hp_doorhandle_fl,rainbow,1,1,0,0,1,0,0,4,4,0.03,1,break_piece,0x63E4703A
0xB88151D0,,,0,1,0,1,1,0,0,5,5,1.38,0,intact,0xE31521AD
0xB88CD847,shanty_bld_house01,rainbow,1,1,1,0,0,0,0,0,0,0.03,0,static,0xB88CD847
0xB8915575,shanty_bld_house03,rainbow,1,1,1,0,0,0,0,0,0,0.03,0,static,0xB8915575
0xB8995D04,global_propanetanklargeb1,rainbow,1,1,1,0,0,0,0,0,0,0.03,0,static,0x1B00857B
0xB8AB9E15,slice1a_propattach25,rainbow,1,1,0,0,0,0,0,3,3,0.03,1,break_piece,0xDDBA557D
0xB8C80E41,,,0,1,0,0,1,0,0,6,6,0.91,0,break_piece,0x16497BF1
0xB8CA9ACE,floor01.slice2d,rainbow,1,1,0,0,0,0,0,1,1,0.03,0,static,0x149FC407
0xB8F0EB68,slice3e_interior,rainbow,1,1,0,1,1,0,0,3,3,36.73,0,intact,0x04CC21CD
0xB905CAD8,,,0,1,0,0,1,0,0,1,1,1.34,0,,0x0BBA3066
0xB919A466,,,0,1,0,0,1,0,0,6,6,0.03,1,break_piece,0x926D9ECB
0xB93257EA,piece2b_propattach02,rainbow,1,1,0,0,0,0,0,3,3,0.03,1,break_piece,0x199ABE01
0xB93321F2,,,0,1,0,0,1,0,0,5,5,0.03,1,break_piece,0x4A95F55C
0xB940DB19,,,0,1,0,1,0,0,0,5,5,0.03,0,break_piece,0xFA83AC18
0xB94E32D8,,,0,1,0,0,1,0,0,4,4,0.03,0,break_piece,0x0189C80A
0xB960877F,vzoutpost_bld_barrackabandoned,rainbow,1,1,1,0,0,0,0,0,0,0.03,0,static,0xB960877F
0xB9616BC1,piece7a_propdebris32,rainbow,1,1,0,1,1,0,0,3,3,1.64,1,break_piece,0xCE866A6A
0xB96673BD,,,0,1,0,0,1,0,0,6,6,0.89,0,break_piece,0xE8E58109
0xB97D45FE,,,0,1,0,0,1,0,0,3,3,2.55,0,,0x14D94B9B
0xB97E3E57,floor01.piece1e_ruin,rainbow,1,1,0,1,1,0,0,2,2,6.63,0,intact,0xCB4C6EAB
0xB98FB059,al_veh_tank_m2a3_m6,rainbow,1,1,1,0,0,0,0,0,0,0.03,0,static,0xB98FB059
0xB993D852,al_veh_helicopter_mh53pavelow,rainbow,1,1,1,0,0,0,0,0,0,0.03,0,static,0xB993D852
0xB9965AC8,,,0,1,0,0,1,0,0,3,3,2.10,0,,0x14D94B9B
0xB9B36E17,groutpost_bld_shackperm03,rainbow,1,1,1,0,0,0,0,0,0,0.03,0,static,0xB9B36E17
0xB9B56DC3,piece4a_propattach01_ruin,rainbow,1,1,0,1,1,0,0,4,4,8.03,0,break_piece,0x7DB2E527
0xB9B7EB45,groutpost_bld_shackperm01,rainbow,1,1,1,0,0,0,0,0,0,0.03,0,static,0xB9B7EB45
0xB9BCEA89,,,0,1,0,1,1,0,0,6,6,1.74,0,intact,0x0F9B9B04
0xB9C902E6,,,0,1,1,0,1,0,0,0,0,50.35,0,,0xB9C902E6
0xB9CAAC7B,pmc_veh_car_w12_z12_racer,rainbow,1,1,1,0,0,0,0,0,0,0.03,0,static,0xB9CAAC7B
0xB9D162DA,,,0,1,0,1,1,0,0,5,5,7.94,1,break_piece,0x2E3C0B49
0xB9DCE158,slice2b_propattach07_ruin,rainbow,1,1,0,1,0,0,0,4,4,0.03,0,break_piece,0xDDE0070C
0xB9E051F9,hp_barreltip_missileL_b,rainbow,1,1,0,0,1,0,0,5,5,0.03,1,break_piece,0x9FCAE910
0xB9E7B434,,,0,1,0,0,1,0,0,5,5,0.03,1,break_piece,0x25FE00A7
0xB9F0B070,,,0,1,0,0,1,0,0,3,3,1.37,1,break_piece,0xB993D852
0xB9FCE482,,,0,1,1,0,0,0,0,0,0,0.03,0,static,0xB9FCE482
0xBA067034,piece2d_propdebris04,rainbow,1,1,0,1,1,0,0,3,3,2.63,1,break_piece,0x04CC21CD
0xBA08C53B,dlc_outskirt_interior_sound_smfan,rainbow,1,1,1,0,1,0,0,0,0,0.03,0,,0xBA08C53B
0xBA09DC5D,bone_glass__br_ruin,rainbow,1,1,0,1,1,0,0,5,5,5.94,0,intact,0x63E4703A
0xBA0AED62,piece2d_propdebris02,rainbow,1,1,0,1,1,0,0,3,3,5.64,1,break_piece,0x04CC21CD
0xBA0C0BEC,industrial_catwalkshort,rainbow,1,1,1,0,0,0,0,0,0,0.03,0,static,0xBA0C0BEC
0xBA140D25,global_trashpile02,rainbow,1,1,1,0,0,0,0,0,0,0.03,0,static,0xBA140D25
0xBA18A1DF,,,0,1,1,0,1,0,0,0,0,14.11,0,,0xBA18A1DF
0xBA1F2839,vz_veh_truck_m38_cab116_damage_nm,rainbow,1,1,1,0,1,0,0,0,0,70.72,0,,0xBA1F2839
0xBA3540DE,,,0,1,0,0,1,0,0,2,2,2.45,0,,0x1FBFBB4B
0xBA358160,bone_wheel_cover_r,rainbow,1,1,0,0,1,0,0,2,2,1.33,1,,0x722BEA76
0xBA362227,bone_frontwheel_r_01,rainbow,1,1,0,0,1,0,0,4,4,0.92,1,break_piece,0x8CA421C3
0xBA37FCDF,slice1b_propdebris51,rainbow,1,1,0,1,1,0,0,4,4,6.50,1,break_piece,0x383D01E1
0xBA3F14B9,white_walllong,rainbow,1,1,1,0,0,0,0,0,0,0.03,0,static,0xBA3F14B9
0xBA4F8C54,piece1a_propdebris80,rainbow,1,1,0,1,1,0,0,3,3,6.62,1,break_piece,0x1923143C
0xBA50CB86,piece3c_propdebris11,rainbow,1,1,0,1,1,0,0,3,3,1.97,1,break_piece,0xA1A48E75
0xBA591B26,,,0,1,0,1,1,0,0,5,5,1.04,0,break_piece,0x6B1DE27D
0xBA884EDC,global_weapon_m21at1,rainbow,1,1,1,0,0,0,0,0,0,0.03,0,static,0xC68A3A23
0xBA8B7345,,,0,1,0,1,0,0,0,6,6,0.03,0,break_piece,0xDA219845
0xBA8DCD3A,,,0,1,0,0,1,0,0,3,3,0.03,1,break_piece,0x618526A4
0xBA95C76B,,,0,1,0,1,1,0,0,5,5,3.22,1,break_piece,0xF2391F54
0xBAA66388,,,0,1,0,0,1,0,0,4,4,0.03,1,intact,0x51DA41FE
0xBAAFC617,,,0,1,0,0,1,0,0,6,6,1.13,0,break_piece,0xF88147A1
0xBAB8E509,,,0,1,0,0,1,0,0,3,3,0.03,1,break_piece,0xB6B946F4
0xBAE42407,,,0,1,0,0,1,0,0,5,5,0.03,1,break_piece,0x1E359C2F
0xBAE48A48,L2_close15,rainbow,1,1,0,0,1,0,0,6,6,0.94,0,break_piece,0x9C318A56
0xBAE8A135,,,0,1,0,0,1,0,0,5,5,0.03,1,break_piece,0x1E359C2F
0xBAFED6C8,,,0,1,0,0,1,0,0,6,6,0.03,1,break_piece,0x8C83F560
0xBB01457E,piece4d_propdebris00,rainbow,1,1,0,1,1,0,0,3,3,4.24,1,break_piece,0x04CC21CD
0xBB08AD3D,global_market02,rainbow,1,1,1,0,0,0,0,0,0,0.03,0,static,0xBB08AD3D
0xBB0C431B,,,0,1,0,1,1,0,0,1,1,0.33,0,intact,0x45CC35FE
0xBB10154B,slice2h_propattach00_ruin,rainbow,1,1,0,1,0,0,0,4,4,0.03,0,break_piece,0x0B7CC1B7
0xBB233912,,,0,1,0,0,0,0,0,1,1,0.03,1,,0x8185C0A5
0xBB2ABCCE,white_o24627_pristine,rainbow,1,1,0,1,0,0,0,4,4,0.82,0,break_piece,0x04549112
0xBB318935,,,0,1,0,1,1,0,0,1,1,1.32,0,intact,0xEAA71CCB
0xBB38C36E,,,0,1,0,0,1,0,0,3,3,0.03,1,break_piece,0xE59723FD
0xBB3C02BE,,,0,1,0,1,0,0,0,4,4,6.50,0,break_piece,0xC56B1A44
0xBB45366F,sign09,rainbow,1,1,1,0,0,0,0,0,0,0.03,0,static,0xBB45366F
0xBB472E45,hp_munitions_bunkerbuster,rainbow,1,1,1,0,0,0,0,0,0,0.03,0,static,0xBBC0DF1E
0xBB58BE27,sign01,rainbow,1,1,2,0,0,0,0,0,0,0.03,0,static,0xBB58BE27
0xBB70613E,floor01.slice1a_propdebris01,rainbow,1,1,0,1,1,0,0,4,4,5.52,1,break_piece,0x149FC407
0xBB79A564,bone_jet_r_yaw,rainbow,1,1,0,0,1,0,0,4,4,2.61,1,intact,0x4FC2D374
0xBB847E59,,,0,1,0,0,1,0,0,6,6,0.18,1,break_piece,0xC1EEB3B3
0xBB8FDB7A,piece5h_propdebris30,rainbow,1,1,0,1,1,0,0,3,3,2.88,1,break_piece,0x2CE290F9
0xBB952D5E,,,0,1,0,0,1,0,0,7,7,0.03,1,break_piece,0x8C83F560
0xBB9549B3,,,0,1,0,0,1,0,0,4,4,1.70,1,intact,0x74EB59B1
0xBBA2DED3,dlc_global_prop_marker,rainbow,1,1,1,0,1,0,0,0,0,0.03,0,static,0xBBA2DED3
0xBBAAB636,bullbar_horn_cage_l_pristine,rainbow,1,1,0,1,1,0,0,4,4,6.86,0,intact,0xB993D852
0xBBADBE7A,jungle_env_bushsmall02,rainbow,1,1,1,0,0,0,0,0,0,0.03,0,static,0xBBADBE7A
0xBBBDC7E2,,,0,1,0,0,1,0,0,4,4,0.03,1,intact,0xC142F94B
0xBBC72382,piece5d,rainbow,1,1,0,0,0,0,0,1,1,0.03,1,static,0xBFC09F3E
0xBBD8D408,global_fountainsmall,rainbow,1,1,1,0,0,0,0,0,0,0.03,0,static,0xBBD8D408
0xBBDAAB3A,piece5l,rainbow,1,1,0,0,0,0,0,1,1,0.03,0,static,0x50AACA22
0xBBDC51DD,civ_veh_car_r90_taxi,rainbow,1,1,1,0,0,0,0,0,0,0.03,0,static,0xBBDC51DD
0xBBF11523,,,0,1,0,1,1,0,0,4,4,3.04,1,break_piece,0xE54047D5
0xBBFF2920,,,0,1,2,0,2,0,0,0,0,0.79,0,,0x5D2E359B
0xBC09ECF1,maracaibo_bld_gasstation02,rainbow,1,1,1,0,0,0,0,0,0,0.03,0,static,0xBC09ECF1
0xBC157EF7,piece3a_propdebris27,rainbow,1,1,0,1,1,0,0,3,3,0.95,1,break_piece,0xDA1D8548
0xBC17DB64,,,0,1,0,0,0,0,0,6,6,0.55,1,break_piece,0x0065B09D
0xBC19060A,slice3g_interior,rainbow,1,1,0,1,1,0,0,3,3,24.89,0,intact,0x04CC21CD
0xBC2851A9,,,0,1,0,0,0,0,0,4,4,6.91,1,intact,0xD1968AF1
0xBC2AAD6E,,,0,1,0,1,1,0,0,1,1,1.49,0,intact,0xE7D6462D
0xBC380A40,,,0,1,0,0,1,0,0,5,5,0.03,1,break_piece,0x319D840A
0xBC3C05A0,hp_seat_dock_rl,rainbow,1,1,0,0,1,0,0,3,3,0.03,1,intact,0x60E7FFEB
0xBC3E7B4C,,,0,1,0,0,1,0,0,3,3,0.03,1,break_piece,0xE59723FD
0xBC442753,,,0,1,1,0,0,0,0,0,0,0.03,0,static,0xBC442753
0xBC47711C,,,0,1,0,0,1,0,0,6,6,0.73,1,break_piece,0x25B3F7BC
0xBC4B0A53,,,0,1,0,0,1,0,0,2,2,2.45,0,,0x1FBFBB4B
0xBC7E5DCA,,,0,1,0,0,1,0,0,5,5,0.03,1,break_piece,0xC56B1A44
0xBC7F259B,,,0,1,0,0,1,0,0,4,4,0.03,1,break_piece,0xD1968AF1
0xBC9735DB,,,0,1,0,0,1,0,0,6,6,1.39,0,break_piece,0xAC990539
0xBCA0CBCA,global_newspaperbin01,rainbow,1,1,1,0,0,0,0,0,0,0.03,0,static,0xBCA0CBCA
0xBCA19CE8,bone_antenna_b,rainbow,1,1,0,0,0,0,0,1,1,0.03,1,,0xF4309A98
0xBCA9025D,,,0,1,0,1,1,0,0,5,5,4.71,1,break_piece,0x35992F99
0xBCB24E26,floor01.piece1a_propdebris01,rainbow,1,1,0,1,1,0,0,3,3,7.73,1,break_piece,0x13417609
0xBCBD64E7,,,0,1,0,0,1,0,0,3,3,2.55,0,,0x14D94B9B
0xBCC98BC1,,,0,1,0,0,1,0,0,4,4,0.21,1,break_piece,0xC25E48DB
0xBCCEF3A9,,,0,1,0,1,1,0,0,4,4,4.89,0,intact,0x1A74D3EE
0xBCD556D3,,,0,1,0,1,1,0,0,4,4,5.43,0,break_piece,0x8B310BBB
0xBCEDD3B8,maracaiboruins_bld_skyscraper02,rainbow,1,1,1,0,1,0,0,0,0,125.09,0,,0xBCEDD3B8
0xBCF23437,,,0,1,0,0,1,0,0,5,5,0.03,1,break_piece,0x25FE00A7
0xBD127018,piece5c_propdebris11,rainbow,1,1,0,1,1,0,0,3,3,1.09,1,break_piece,0xF4AF3C5B
0xBD1DCC15,,,0,1,0,0,1,0,0,3,3,0.03,1,intact,0xEA5253E7
0xBD2AFD97,hp_barreltip_samrr_e,rainbow,1,1,0,0,1,0,0,7,7,0.03,1,intact,0xE54047D5
0xBD2F7AC5,hp_barreltip_samrr_g,rainbow,1,1,0,0,1,0,0,7,7,0.03,1,intact,0xE54047D5
0xBD2FD71A,vzoutpost_bld_guardtower_al1,rainbow,1,1,1,0,0,0,0,0,0,0.03,0,static,0xA1F20385
0xBD348979,,,0,1,0,0,1,0,0,3,3,0.03,1,break_piece,0xDF3B2FD1
0xBD4D0A98,global_stain02,rainbow,1,1,1,0,1,0,0,0,0,15.33,0,,0xBD4D0A98
0xBD4F4C4D,slice1c_propattach12,rainbow,1,1,0,0,0,0,0,3,3,0.03,1,break_piece,0x2F1F099B
0xBD552CD3,civ_veh_car_taxi_tercel,rainbow,1,1,1,0,0,0,0,0,0,0.03,0,static,0xBD552CD3
0xBD57739F,piece1b_propdebris37,rainbow,1,1,0,1,1,0,0,3,3,3.01,1,break_piece,0x493FD997
0xBD660F82,global_env_treeplaza01,rainbow,1,1,1,0,0,0,0,0,0,0.03,0,static,0xBD660F82
0xBD68CBFB,,,0,1,1,0,0,0,0,0,0,0.03,0,static,0xBD68CBFB
0xBD70FD62,,,0,1,0,1,1,0,0,5,5,1.70,1,break_piece,0xE6027C27
0xBD817179,,,0,1,0,1,0,0,0,3,3,0.03,0,break_piece,0xE54047D5
0xBD858E29,oilrig_towerblowoutlargea,rainbow,1,1,1,0,0,0,0,0,0,0.03,0,static,0xBD858E29
0xBD95DAAF,chinaoutpost_interior_job,rainbow,1,1,1,0,0,0,0,0,0,52.17,0,,0xBD95DAAF
0xBD9ACB06,bone_missile,rainbow,1,1,0,0,1,0,0,4,4,1.81,1,break_piece,0x25B3F7BC
0xBD9BFC5B,,,0,1,0,1,1,0,0,5,5,6.32,1,break_piece,0x0B7CC1B7
0xBDA20B0D,,,0,1,0,1,1,0,0,5,5,14.83,1,break_piece,0x618526A4
0xBDAFB470,,,0,1,0,0,1,0,0,6,6,1.39,0,break_piece,0xAC990539
0xBDB1EB8D,foundation3,rainbow,1,1,0,0,1,0,0,1,1,18.36,0,static,0xF032F209
0xBDB43895,,,0,1,0,0,1,0,0,3,3,0.03,1,intact,0x8E4E954A
0xBDD2070E,piece1b_propattach04_pristine,rainbow,1,1,0,1,1,0,0,4,4,0.64,0,break_piece,0x6B3A45A6
0xBDD2D13C,,,0,1,0,0,1,0,0,4,4,2.91,1,break_piece,0x2B97DD31
0xBDD52D37,global_tiresmalla,rainbow,1,1,1,0,0,0,0,0,0,0.03,0,static,0xBDD52D37
0xBDD95E02,,,0,1,0,0,0,0,0,3,3,0.03,1,break_piece,0x74474CB1
0xBDDE97B5,industrial_cartribbed,rainbow,1,1,1,0,0,0,0,0,0,0.03,0,static,0xBDDE97B5
0xBDE06DCB,,,0,1,1,0,0,0,0,0,0,0.03,0,static,0xBDE06DCB
0xBDED558F,ch_veh_truck_nglv_armored_50cal,rainbow,1,1,1,0,0,0,0,0,0,0.03,0,static,0xBDED558F
0xBDED6905,,,0,1,0,1,1,0,0,5,5,4.04,0,break_piece,0xE6027C27
0xBDEEFF27,,,0,1,0,0,0,0,0,3,3,0.03,0,break_piece,0x56D04AA8
0xBE0A3164,slice8b_ruin,rainbow,1,1,0,1,1,0,0,2,2,28.39,0,intact,0xC939089F
0xBE111D5F,hp_shelleject_rocket_r,rainbow,1,1,0,0,1,0,0,5,5,0.03,1,break_piece,0x22435EEA
0xBE15D044,piece5k_pristine,rainbow,1,1,0,1,1,0,0,2,2,3.28,0,intact,0xE59723FD
0xBE1E709C,,,0,1,0,1,1,0,0,5,5,1.70,1,break_piece,0xDDBA557D
0xBE1F4423,,,0,1,1,0,0,0,0,0,0,0.03,0,static,0xBE1F4423
0xBE2C617B,maracaibo_bld_gasstationpump02,rainbow,1,1,1,0,0,0,0,0,0,0.03,0,static,0xBE2C617B
0xBE448ED1,,,0,1,1,0,1,0,0,0,0,3.77,0,,0xBE448ED1
0xBE45C74D,piece3p_ruin,rainbow,1,1,0,1,0,0,0,2,2,13.30,0,break_piece,0x2CE290F9
0xBE4CF8FA,global_chickennude_fxmodel,rainbow,1,1,1,0,1,0,0,0,0,1.83,0,,0xBE4CF8FA
0xBE614F82,,,0,1,1,0,0,0,0,0,0,0.03,0,static,0x968CE876
0xBE63760B,slice1q,rainbow,1,1,0,0,0,0,0,1,1,0.03,0,static,0x805C965E
0xBE6A7BE1,,,0,1,0,0,1,0,0,4,4,0.03,1,break_piece,0x04817CD7
0xBE6FF46B,,,0,1,0,1,1,0,0,5,5,4.04,0,break_piece,0xE6027C27
0xBE8CD546,,,0,1,0,0,1,0,0,3,3,0.03,1,intact,0xEA5253E7
0xBE8EC839,,,0,1,0,0,0,0,0,4,4,0.03,1,break_piece,0x4BE3E7C4
0xBE93B314,slice2a_propdebris07,rainbow,1,1,0,1,1,0,0,3,3,4.22,1,break_piece,0x9DF6B30B
0xBE9B6591,,,0,1,0,0,1,0,0,3,3,8.88,0,break_piece,0x805C965E
0xBEAC90DB,hp_seat_sam,rainbow,1,1,0,0,1,0,0,3,3,0.03,1,break_piece,0x25FE00A7
0xBEB7F4FB,,,0,1,0,0,1,0,0,4,4,0.03,1,break_piece,0x319D840A
0xBEC05BF8,ocoutpost_exterior_job,rainbow,1,1,1,0,0,0,0,0,0,0.03,0,,0xBEC05BF8
0xBEC4214F,,,0,1,0,0,1,0,0,3,3,3.96,1,,0x54E9C345
0xBEC5D91C,,,0,1,0,0,1,0,0,6,6,0.91,0,break_piece,0x16497BF1
0xBEE0900B,,,0,1,0,0,1,0,0,5,5,0.03,1,break_piece,0x4A95F55C
0xBEEB18F7,piece5p_ruin,rainbow,1,1,0,1,0,0,0,2,2,15.85,0,break_piece,0x50AACA22
0xBEF5A0BF,,,0,1,0,0,1,0,0,4,4,0.03,1,intact,0x2255CE3E
0xBEF6A0CE,merida_universitypicnictable,rainbow,1,1,1,0,0,0,0,0,0,0.03,0,static,0xBEF6A0CE
0xBF013A0F,slice7a_propdebris01,rainbow,1,1,0,1,1,0,0,3,3,6.07,1,break_piece,0x04CC21CD
0xBF2E2142,bone_massive_2x1_a,rainbow,1,1,0,0,1,0,0,3,3,20.12,1,intact,0xA3A696C9
0xBF30BE39,floor01.piece1b_propattach00_ruin,rainbow,1,1,0,1,1,0,0,4,4,45.84,1,intact,0xAC3CD893
0xBF3F5E4D,global_waterbumper,rainbow,1,1,1,0,0,0,0,0,0,0.03,0,static,0xBF3F5E4D
0xBF533F55,,,0,1,0,0,1,0,0,5,5,10.75,1,break_piece,0xD1968AF1
0xBF5F369C,piece7a_propdebris33,rainbow,1,1,0,1,1,0,0,3,3,1.64,1,break_piece,0xCE866A6A
0xBF5F444E,hp_barreltip_rr_a,rainbow,1,1,0,0,1,0,0,4,4,0.03,1,break_piece,0xF6DEC8EA
0xBF7736B0,,,0,1,0,0,1,0,0,3,3,1.69,0,,0x6A2BE04D
0xBF9AF36B,,,0,1,1,0,0,0,0,0,0,0.03,0,static,0xBF9AF36B
0xBF9C4D8D,,,0,1,0,0,1,0,0,3,3,0.03,1,break_piece,0xB993D852
0xBF9DC917,bullbar_horn_cage_l,rainbow,1,1,0,0,0,0,0,3,3,0.03,1,break_piece,0xB993D852
0xBFAB7962,,,0,1,0,1,1,0,0,6,6,2.50,1,intact,0x179A7702
0xBFB45E5A,,,0,1,0,1,1,0,0,3,3,1.15,1,break_piece,0x81758ACC
0xBFBAE7B1,,,0,1,0,0,0,0,0,2,2,0.03,1,,0x14D94B9B
0xBFBE3D1F,,,0,1,0,0,1,0,0,6,6,3.47,1,intact,0xFB89A3B1
0xBFC09F3E,merida_bld_universityadmin,rainbow,1,1,1,0,0,0,0,0,0,0.03,0,static,0xBFC09F3E
0xBFCCDA3E,,,0,1,0,0,1,0,0,5,5,0.03,1,break_piece,0x9FCAE910
0xBFD1DB35,hp_al04_player,rainbow,1,1,0,0,1,0,0,1,1,0.03,1,,0x23522367
0xBFD63F4B,,,0,1,0,0,1,0,0,5,5,0.03,1,intact,0x6B1DE27D
0xBFE24A41,ocoutpost_bld_guardpost01,rainbow,1,1,1,0,0,0,0,0,0,0.03,0,static,0xBFE24A41
0xBFEFC98B,,,0,1,0,0,1,0,0,4,4,0.03,1,break_piece,0xA113D98D
0xBFF97F40,,,0,1,0,1,1,0,0,5,5,4.02,0,break_piece,0xE5133554
0xBFFF040F,industrial_bld_refinery05,rainbow,1,1,1,0,0,0,0,0,0,0.03,0,static,0xBFFF040F
0xC0129239,,,0,1,0,0,0,0,0,3,3,0.03,1,break_piece,0x74474CB1
0xC02BD6A2,,,0,1,0,1,1,0,0,5,5,1.70,0,intact,0xE31521AD
0xC0310684,,,0,1,0,1,1,0,0,1,1,0.53,0,intact,0x09139BCD
0xC037E486,,,0,1,1,0,1,0,0,0,0,3.00,0,,0xC037E486
0xC0414F7D,commercial_wallbeachlong,rainbow,1,1,1,0,0,0,0,0,0,0.03,0,static,0xC0414F7D
0xC047A930,,,0,1,0,1,0,0,0,3,3,0.03,0,break_piece,0x9FCAE910
0xC04BFCB3,,,0,1,0,0,1,0,0,6,6,1.38,0,break_piece,0x0065B09D
0xC056A190,bone_geardoor_fr_roll,rainbow,1,1,0,0,1,0,0,2,2,1.18,1,,0x32FBE556
0xC062D788,,,0,1,0,0,1,0,0,3,3,3.29,1,break_piece,0xB993D852
0xC0674136,hp_dock_cc,rainbow,1,1,0,0,1,0,0,4,4,0.03,1,intact,0x0C95FF35
0xC0784EC9,,,0,1,0,0,1,0,0,3,3,0.03,1,intact,0x8F7192B8
0xC087777D,pmcoutpost_bld_pool,rainbow,1,1,1,0,0,0,0,0,0,0.03,0,static,0xC087777D
0xC08BD681,,,0,1,0,0,1,0,0,3,3,0.03,1,intact,0xE5133554
0xC08DEB55,bone_yaw_rudder_l,rainbow,1,1,0,0,1,0,0,4,4,1.77,1,intact,0xA176803B
0xC098ABFD,,,0,1,0,0,1,0,0,3,3,0.03,1,break_piece,0xB6B946F4
0xC0A0487C,,,0,1,0,0,1,0,0,4,4,0.03,1,intact,0x51DA41FE
0xC0B082DF,,,0,1,0,1,1,0,0,5,5,4.06,1,break_piece,0x2A5FF32E
0xC0B0CBF1,global_waterpuddle01,rainbow,1,1,1,0,1,0,0,0,0,6.05,0,,0xC0B0CBF1
0xC0B3C611,caracas_bld_skyscraperpristine03,rainbow,1,1,1,0,0,0,0,0,0,0.03,0,static,0xC0B3C611
0xC0B48944,bone_stabiliser,rainbow,1,1,0,0,1,0,0,2,2,10.43,1,,0xC1E0DE18
0xC0B674CE,,,0,1,0,0,1,0,0,3,3,0.03,1,break_piece,0x7604B190
0xC0BDEF76,,,0,1,0,0,1,0,0,5,5,0.03,1,break_piece,0x35992F99
0xC0C3706A,bone_extend_a,rainbow,1,1,0,0,1,0,0,5,5,1.45,1,intact,0x7A5DCB7C
0xC0CE72BE,,,0,1,0,0,1,0,0,6,6,0.89,0,break_piece,0x340B1CB8
0xC0D8EF1A,,,0,1,0,0,1,0,0,6,6,1.70,0,break_piece,0x232B1C7C
0xC0E683F9,,,0,1,0,1,1,0,0,1,1,1.38,0,intact,0x4761451B
0xC0F10236,,,0,1,0,0,1,0,0,5,5,0.03,1,break_piece,0x319D840A
0xC0F10500,,,0,1,0,0,1,0,0,6,6,0.89,0,break_piece,0x340B1CB8
0xC0FE5EE6,,,0,1,0,0,1,0,0,6,6,1.91,0,break_piece,0x232B1C7C
0xC1238CA6,vzoutpost_bld_hangar_oc1,rainbow,1,1,1,0,0,0,0,0,0,0.03,0,static,0x600A1F99
0xC126D90B,outskirt_bld_church,rainbow,1,1,1,0,0,0,0,0,0,0.03,0,static,0xC126D90B
0xC1331508,,,0,1,0,0,0,0,0,4,4,4.80,1,break_piece,0x2B97DD31
0xC13C2A82,,,0,1,0,0,1,0,0,4,4,1.91,1,break_piece,0x25B3F7BC
0xC1413B1E,shanty_bld_shack04,rainbow,1,1,1,0,0,0,0,0,0,0.03,0,static,0xC1413B1E
0xC142F94B,vz_veh_boat_type14311,rainbow,1,1,1,0,0,0,0,0,0,0.03,0,static,0xC142F94B
0xC1527544,proutpost_bld_surveillance,rainbow,1,1,1,0,0,0,0,0,0,0.03,0,static,0xC1527544
0xC157D722,,,0,1,0,0,1,0,0,5,5,0.03,1,intact,0x3FF2692D
0xC159BBC9,pmc_veh_car_dragster,rainbow,1,1,1,0,0,0,0,0,0,0.03,0,static,0xC159BBC9
0xC1618D7E,,,0,1,0,1,1,0,0,5,5,1.04,0,break_piece,0x6B1DE27D
0xC164CC06,piece1g_propdebris17,rainbow,1,1,0,1,1,0,0,3,3,2.17,1,break_piece,0xC808E35C
0xC166A4C3,floor02.piece2a_propattach01_ruin,rainbow,1,1,0,1,0,0,0,4,4,0.03,1,break_piece,0xAC3CD893
0xC171FA48,global_junkpile01,rainbow,1,1,1,0,0,0,0,0,0,0.03,0,static,0xC171FA48
0xC179B2EE,hp_al01_player,rainbow,1,1,0,0,1,0,0,1,1,0.03,1,,0x23522367
0xC18C5599,piece4a_propattach03_ruin,rainbow,1,1,0,1,1,0,0,4,4,7.23,0,intact,0x7DB2E527
0xC19DA3E0,piece1e_propattach03_pristine,rainbow,1,1,0,1,1,0,0,4,4,4.23,0,break_piece,0x7DB2E527
0xC1B7B3F0,,,0,1,0,0,1,0,0,3,3,0.03,1,intact,0xE59723FD
0xC1C0CA47,,,0,1,0,0,1,0,0,4,4,0.18,1,break_piece,0xC1EEB3B3
0xC1D70399,,,0,1,0,1,1,0,0,4,4,9.62,0,intact,0xB0D4E642
0xC1E0DE18,ch_veh_plane_q5,rainbow,1,1,1,0,0,0,0,0,0,19.90,0,,0xC1E0DE18
0xC1EEB3B3,pmc_veh_motorcycle_tankbike,rainbow,1,1,1,0,0,0,0,0,0,0.03,0,static,0xC1EEB3B3
0xC202E2C9,,,0,1,0,1,1,0,0,4,4,7.50,1,break_piece,0xD1968AF1
0xC212B445,proutpost_lampa,rainbow,1,1,1,0,0,0,0,0,0,0.03,0,static,0xC212B445
0xC218DF1D,L3_medium12,rainbow,1,1,0,0,1,0,0,6,6,1.47,0,break_piece,0xE31521AD
0xC21F0D09,vzoutpost_fueltanks_nu62,rainbow,1,1,0,0,1,0,0,6,6,1.39,0,break_piece,0xEC0DAFF2
0xC2235E7E,global_boxd,rainbow,1,1,1,0,1,0,0,0,0,1.05,0,,0xC2235E7E
0xC228DF66,,,0,1,0,0,1,0,0,1,1,0.03,1,static,0xA948DDA6
0xC22A7E69,,,0,1,1,0,0,0,0,0,0,0.03,0,,0xC22A7E69
0xC22FCBCE,hp_lowerfclefte,rainbow,1,1,0,1,1,0,0,5,5,8.60,1,break_piece,0xC56B1A44
0xC23032BC,pmc_veh_car_rocket_buggy,rainbow,1,1,1,0,0,0,0,0,0,0.03,0,static,0xC23032BC
0xC231D7A3,,,0,1,0,0,1,0,0,5,5,1.91,0,intact,0x232B1C7C
0xC236581D,,,0,1,0,1,1,0,0,5,5,4.57,0,break_piece,0xF2391F54
0xC2388D52,docks_dockmini,rainbow,1,1,1,0,0,0,0,0,0,0.03,0,static,0xC2388D52
0xC2393EA7,slice2l_propattach00_ruin,rainbow,1,1,0,1,0,0,0,4,4,0.03,0,break_piece,0x0B7CC1B7
0xC239CAA4,,,0,1,0,0,1,0,0,2,2,2.45,0,,0x1FBFBB4B
0xC255554C,piece3c_propdebris13,rainbow,1,1,0,1,1,0,0,3,3,1.97,1,break_piece,0xA1A48E75
0xC25B21B3,,,0,1,0,1,0,0,0,5,5,0.03,1,break_piece,0xDDE0070C
0xC25E48DB,pmc_veh_motorcycle_devastator,rainbow,1,1,1,0,0,0,0,0,0,0.03,0,static,0xC25E48DB
0xC26DC525,,,0,1,1,0,0,0,0,0,0,0.03,0,static,0xC26DC525
0xC278443C,,,0,1,1,0,0,0,0,0,0,0.03,0,,0x722BEA76
0xC27FA59D,,,0,1,0,0,1,0,0,5,5,0.94,0,break_piece,0x818E5819
0xC2AA7DD1,maracaibo_patz52,rainbow,1,1,0,0,1,0,0,3,3,2.10,0,,0x14D94B9B
0xC2D96DD1,jungle_env_treetall01,rainbow,1,1,1,0,0,0,0,0,0,0.03,0,static,0xC2D96DD1
0xC2DB6100,slice1f_propattach06_pristine,rainbow,1,1,0,1,0,0,0,4,4,0.03,0,break_piece,0x35992F99
0xC2DBF3AD,floor01.slice2c,rainbow,1,1,0,0,0,0,0,1,1,0.03,0,static,0x149FC407
0xC2DC97E1,global_tripwire,rainbow,1,1,1,0,0,0,0,0,0,5.57,0,,0xC2DC97E1
0xC2EED495,,,0,1,0,0,1,0,0,5,5,0.32,1,intact,0x0077334E
0xC2EEF876,oilrig_catwalka,rainbow,1,1,1,0,0,0,0,0,0,0.03,0,static,0xC2EEF876
0xC2FA2740,bone_suspension_wheel_l,rainbow,1,1,0,0,0,0,0,5,5,1.34,1,break_piece,0x25B3F7BC
0xC3039BFF,,,0,1,0,0,1,0,0,1,1,1.33,0,,0x0BBA3066
0xC304F0AE,,,0,1,1,0,0,0,0,0,0,0.03,0,static,0xC304F0AE
0xC31C75B3,floor03.piece1b_propdebris18,rainbow,1,1,0,1,1,0,0,3,3,5.00,1,break_piece,0xCA3AC936
0xC3227E46,shanty_wallstraight03,rainbow,1,1,1,0,0,0,0,0,0,0.03,0,static,0xC3227E46
0xC3256850,,,0,1,0,0,1,0,0,6,6,1.34,0,break_piece,0x5B172306
0xC3521F10,,,0,1,1,0,1,0,0,0,0,77.37,0,,0xC3521F10
0xC356F278,piece3e_propdebris15,rainbow,1,1,0,1,1,0,0,3,3,1.97,1,break_piece,0xA1A48E75
0xC35A1E0D,global_env_hedgeshort01,rainbow,1,1,1,0,0,0,0,0,0,0.03,0,static,0xC35A1E0D
0xC3799589,vzoutpost_bld_helipad_drhy05,rainbow,1,1,0,1,1,0,0,5,5,2.16,0,break_piece,0xB0D4E642
0xC37BFE13,village_fencewood01,rainbow,1,1,1,0,0,0,0,0,0,0.03,0,static,0xC37BFE13
0xC382B87B,,,0,1,0,1,0,0,0,4,4,0.94,0,break_piece,0xFD0229C3
0xC385AF26,piece1e_propattach04,rainbow,1,1,0,0,0,0,0,3,3,0.03,1,break_piece,0x7DB2E527
0xC3892E51,commercial_bld_corner8x16b,rainbow,1,1,1,0,0,0,0,0,0,0.03,0,static,0xC3892E51
0xC38E9EDD,,,0,1,0,0,1,0,0,3,3,2.55,0,,0x14D94B9B
0xC3942BEF,,,0,1,0,0,1,0,0,3,3,2.10,0,,0x14D94B9B
0xC39474FE,,,0,1,2,0,2,0,0,0,0,1.63,0,,0x453D1A5D
0xC3955864,,,0,1,0,0,1,0,0,6,6,0.03,1,break_piece,0xB0D4E642
0xC396C120,,,0,1,0,1,1,0,0,5,5,6.22,1,break_piece,0x0B7CC1B7
0xC3A7B3A7,,,0,1,0,0,1,0,0,3,3,2.10,0,,0x14D94B9B
0xC3A8A6AC,global_weapon_tow,rainbow,1,1,1,0,0,0,0,0,0,0.03,0,static,0xC3A8A6AC
0xC3D4DA8B,,,0,1,0,1,1,0,0,1,1,1.34,0,intact,0x949187D0
0xC3E120A4,,,0,1,2,0,2,0,0,0,0,1.28,0,,0x654C5747
0xC3F92D74,village_bld_plantation01,rainbow,1,1,1,0,0,0,0,0,0,0.03,0,static,0xC3F92D74
0xC3FEF3BC,,,0,1,0,0,1,0,0,5,5,0.03,1,,0x98C5EE9B
0xC40A4410,piece1e_propdebris00,rainbow,1,1,0,1,1,0,0,3,3,7.27,1,break_piece,0xF51C01DD
0xC40DE75F,global_signcokea,rainbow,1,1,1,0,1,0,0,0,0,2.01,0,,0xC40DE75F
0xC40E916B,global_tanktrap01,rainbow,1,1,1,0,0,0,0,0,0,0.03,0,static,0xC40E916B
0xC41486C1,hp_doorhandle_r,rainbow,1,1,0,0,1,0,0,4,4,0.03,1,break_piece,0x63E4703A
0xC43399AA,,,0,1,0,0,1,0,0,5,5,0.03,1,break_piece,0x319D840A
0xC44699BD,,,0,1,0,0,1,0,0,2,2,2.45,0,,0x1FBFBB4B
0xC45106D2,piece2h_propdebris20,rainbow,1,1,0,1,1,0,0,3,3,4.37,1,break_piece,0x91E2FC68
0xC451F742,caracas_capitolstatue,rainbow,1,1,1,0,0,0,0,0,0,0.03,0,static,0xC451F742
0xC46157B6,,,0,1,0,0,1,0,0,5,5,0.03,1,intact,0x551A0FF1
0xC4650EF6,piece1b_propattach13_pristine,rainbow,1,1,0,1,1,0,0,4,4,3.12,0,intact,0x6B3A45A6
0xC46E0551,proutpost_fueltanks_pice_01_info_a1,rainbow,1,1,0,1,1,0,0,5,5,0.53,1,break_piece,0xCB4C6EAB
0xC47217D2,DISC,rainbow,2,1,1,0,1,0,0,0,0,0.48,0,,0x8A729101
0xC47C7138,L2_closeup12,rainbow,1,1,0,0,1,0,0,6,6,1.04,0,break_piece,0x80C357EC
0xC48B0490,global_weapon_gpsshell,rainbow,1,1,1,0,1,0,0,0,0,2.16,0,,0xC48B0490
0xC4A13848,,,0,1,0,1,1,0,0,5,5,3.65,1,break_piece,0x818E5819
0xC4B20183,proutpost_bld_gasstationpump03,rainbow,1,1,1,0,0,0,0,0,0,0.03,0,static,0xC4B20183
0xC4B4F62E,,,0,1,0,1,1,0,0,5,5,3.16,0,break_piece,0xF2391F54
0xC4BDFDC6,,,0,1,0,1,1,0,0,5,5,6.76,1,break_piece,0x0B7CC1B7
0xC4C52DE2,,,0,1,1,0,0,0,0,0,0,0.03,0,static,0xC4C52DE2
0xC4C68DC9,bone_yaw_maingun,rainbow,1,1,0,0,0,0,0,3,3,0.03,1,,0x3A1CB5C0
0xC4CFEAC9,hp_lifeboat_l,rainbow,1,1,0,0,1,0,0,3,3,0.03,1,break_piece,0xC56B1A44
0xC4E25B6F,L2_close16,rainbow,1,1,0,0,1,0,0,6,6,0.94,0,break_piece,0x9C318A56
0xC4EF41BA,piece4a_propattach01,rainbow,1,1,0,0,0,0,0,3,3,0.03,1,break_piece,0x7DB2E527
0xC4F90A09,slice3a_propattach06_pristine,rainbow,1,1,0,1,1,0,0,4,4,4.04,0,intact,0xE6027C27
0xC50278C4,,,0,1,0,0,1,0,0,5,5,1.54,1,break_piece,0x994E1953
0xC509FF9C,,,0,1,0,0,1,0,0,5,5,0.03,1,break_piece,0x9FCAE910
0xC50C6459,,,0,1,0,0,1,0,0,2,2,0.03,1,static,0x10A7796B
0xC50EF17F,caracas_bld_cathedralstatue,rainbow,1,1,1,0,0,0,0,0,0,0.03,0,static,0xC50EF17F
0xC5276556,floor01.slice1b_propdebris00,rainbow,1,1,0,1,1,0,0,4,4,5.50,1,break_piece,0x149FC407
0xC534D54E,jungle_bld_ruinshotelcorner,rainbow,1,1,1,0,0,0,0,0,0,0.03,0,static,0xC534D54E
0xC53BF009,,,0,1,0,1,1,0,0,5,5,4.02,0,break_piece,0xE5133554
0xC53D362E,caracas_cathedralplateau,rainbow,1,1,1,0,1,0,0,0,0,92.79,0,,0xC53D362E
0xC54735B8,,,0,1,0,0,1,0,0,6,6,1.36,0,break_piece,0x179A7702
0xC54A29AB,piece3e_propdebris12,rainbow,1,1,0,1,1,0,0,3,3,1.97,1,break_piece,0xA1A48E75
0xC54B3110,bone_roll_ciwsrr,rainbow,1,1,0,0,1,0,0,7,7,2.63,1,intact,0x25FE00A7
0xC5584C95,slice8a_ruin,rainbow,1,1,0,1,1,0,0,2,2,26.16,0,intact,0xC939089F
0xC55952F2,,,0,1,0,0,1,0,0,2,2,2.05,1,,0x32FBE556
0xC56AD84D,piece3p_propdebris26,rainbow,1,1,0,1,1,0,0,3,3,3.82,1,break_piece,0x2CE290F9
0xC56B1A44,oc_veh_boat_oiltanker,rainbow,1,1,1,0,0,0,0,0,0,0.03,0,static,0xC56B1A44
0xC576B6F6,,,0,1,0,1,1,0,0,4,4,3.09,0,intact,0x25FE00A7
0xC576F6BC,village_bld_plantationsmall02,rainbow,1,1,1,0,0,0,0,0,0,0.03,0,static,0xC576F6BC
0xC57864B1,,,0,1,0,0,0,0,0,2,2,0.03,1,,0x14D94B9B
0xC5795DA5,,,0,1,0,0,1,0,0,6,6,1.39,0,break_piece,0x0065B09D
0xC581BA1D,floor01.slice1a_propdebris06,rainbow,1,1,0,1,1,0,0,4,4,4.37,1,break_piece,0x149FC407
0xC5829E95,,,0,1,0,0,1,0,0,5,5,0.03,1,break_piece,0x539FF827
0xC586FE41,,,0,1,0,1,1,0,0,1,1,1.34,0,intact,0xEA7F9F3F
0xC58C4F27,industrial_pipeground01,rainbow,1,1,1,0,0,0,0,0,0,0.03,0,static,0xC58C4F27
0xC596628A,,,0,1,0,0,0,0,0,4,4,0.03,0,intact,0xE54047D5
0xC59C6431,slice4a_propattach15,rainbow,1,1,0,0,0,0,0,3,3,0.03,1,break_piece,0xE6027C27
0xC5A4FC48,,,0,1,0,0,0,0,0,3,3,0.03,0,intact,0x91E2FC68
0xC5AB43DA,,,0,1,0,0,1,0,0,6,6,1.56,0,break_piece,0x155C8246
0xC5AB8921,,,0,1,0,0,1,0,0,3,3,0.70,1,,0x76C37A7E
0xC5C7618A,hp_barreltip_samfm_c,rainbow,1,1,0,0,1,0,0,6,6,0.03,1,intact,0xE54047D5
0xC5CAFEE6,bone_c1,rainbow,1,1,0,0,1,0,0,5,5,1.01,0,intact,0xEC6C211D
0xC5CFAC9F,global_watertowerb,rainbow,1,1,1,0,0,0,0,0,0,0.03,0,static,0xC5CFAC9F
0xC5D79CBA,,,0,1,0,0,0,0,0,2,2,0.03,1,,0x14D94B9B
0xC5E31B20,,,0,1,1,0,0,0,0,0,0,0.03,0,static,0xC5E31B20
0xC5E3BD72,slice6c_propdebris03,rainbow,1,1,0,1,1,0,0,3,3,3.54,1,break_piece,0x04CC21CD
0xC5EDEFBD,,,0,1,1,0,1,0,0,0,0,1.14,0,,0x5B3F7B96
0xC5F3E9EF,hp_fx_spotlight,rainbow,1,1,0,0,1,0,0,6,6,0.03,1,intact,0xF747670D
0xC5F8F636,docks_dockconcrete,rainbow,1,1,1,0,0,0,0,0,0,0.03,0,static,0xC5F8F636
0xC5FB637D,village_fruitboxstackb,rainbow,1,1,1,0,0,0,0,0,0,0.03,0,static,0xC5FB637D
0xC60586A1,city_bld_storefrontcornerb,rainbow,1,1,1,0,0,0,0,0,0,0.03,0,static,0xC60586A1
0xC605994C,,,0,1,0,0,1,0,0,4,4,0.03,1,break_piece,0xA113D98D
0xC60B9AB3,,,0,1,0,1,1,0,0,5,5,4.04,0,break_piece,0x2F1F099B
0xC60D3CEE,,,0,1,0,0,1,0,0,3,3,2.55,0,,0x14D94B9B
0xC61948F7,piece1b_propattach10_pristine,rainbow,1,1,0,1,1,0,0,4,4,0.71,0,break_piece,0x6B3A45A6
0xC619EAE7,port_gangplanka,rainbow,1,1,1,0,0,0,0,0,0,0.03,0,static,0xC619EAE7
0xC61FC4F3,,,0,1,0,1,1,0,0,5,5,6.76,1,break_piece,0x0B7CC1B7
0xC62BF8A8,,,0,1,1,0,0,0,0,0,0,0.03,0,static,0x100C51C7
0xC62FCF30,,,0,1,0,0,1,0,0,3,3,2.55,0,,0x14D94B9B
0xC63C5C6C,slice3e_pristine,rainbow,1,1,0,1,0,0,0,2,2,37.89,0,intact,0x04CC21CD
0xC654AE83,global_wheelchair,rainbow,1,1,1,0,0,0,0,0,0,0.03,0,,0xC654AE83
0xC65CEDE0,,,0,1,0,1,1,0,0,5,5,6.01,1,break_piece,0xA27EA462
0xC67A68BF,vzoutpost_fueltanks,rainbow,1,1,1,0,0,0,0,0,0,0.03,0,static,0xC67A68BF
0xC67AEB2E,,,0,1,0,1,1,0,0,5,5,1.70,0,break_piece,0xE31521AD
0xC68ADB00,global_pile07,rainbow,1,1,1,0,0,0,0,0,0,0.03,0,static,0xC68ADB00
0xC68EFD61,white_bld_corner16x16b,rainbow,1,1,1,0,0,0,0,0,0,0.03,0,static,0xC68EFD61
0xC6937275,village_cota,rainbow,1,1,1,0,0,0,0,0,0,0.03,0,static,0xC6937275
0xC6956706,,,0,1,0,1,1,0,0,5,5,18.90,0,break_piece,0x56D04AA8
0xC6B190EC,caracas_bld_skyscraperpristine02,rainbow,1,1,1,0,0,0,0,0,0,0.03,0,static,0xC6B190EC
0xC6B3363F,floor02.piece1a_propdebris05,rainbow,1,1,0,1,1,0,0,3,3,5.18,1,break_piece,0xCB4C6EAB
0xC6C207EB,global_airring,rainbow,1,1,1,0,1,0,0,0,0,1.41,0,,0xC6C207EB
0xC6CD49B4,global_trashcana,rainbow,1,1,1,0,0,0,0,0,0,0.03,0,static,0xC6CD49B4
0xC6E266D0,aloutpost_gateentrance,rainbow,1,1,1,0,0,0,0,0,0,0.03,0,static,0xC6E266D0
0xC706D7FB,,,0,1,1,0,0,0,0,0,0,5.74,0,,0xE6941471
0xC70EFF38,,,0,1,0,0,1,0,0,3,3,0.03,1,break_piece,0x058CD8B8
0xC710413F,piece5c_propdebris12,rainbow,1,1,0,1,1,0,0,3,3,1.09,1,break_piece,0xF4AF3C5B
0xC710DB0A,,,0,1,0,1,1,0,0,5,5,1.73,1,break_piece,0xC1527544
0xC72509AE,,,0,1,0,1,1,0,0,5,5,5.59,0,intact,0x02195587
0xC725BE5B,,,0,1,0,1,1,0,0,5,5,2.64,1,break_piece,0xF2391F54
0xC7328A6E,vzoutpost_bld_barrackbunker_al,rainbow,1,1,1,0,0,0,0,0,0,0.03,0,static,0xC7328A6E
0xC733E65D,ch_veh_boat_huangfeng,rainbow,1,1,1,0,0,0,0,0,0,0.03,0,static,0xC733E65D
0xC73DC8D3,,,0,1,1,0,0,0,0,0,0,0.03,0,static,0xC73DC8D3
0xC73F0EF8,,,0,1,0,0,1,0,0,3,3,2.55,0,,0x14D94B9B
0xC7454392,,,0,1,0,0,1,0,0,6,6,1.14,0,break_piece,0xCDC5617A
0xC74ADBBF,global_stain01,rainbow,1,1,1,0,1,0,0,0,0,11.12,0,,0xC74ADBBF
0xC75110F4,global_fueltankcarlarge,rainbow,1,1,2,0,0,0,0,0,0,0.03,0,static,0xC75110F4
0xC758CB4A,,,0,1,0,0,1,0,0,6,6,2.09,0,break_piece,0xCDC5617A
0xC7609576,global_concretebarrier01,rainbow,1,1,1,0,0,0,0,0,0,0.03,0,static,0xC7609576
0xC765B8E5,,,0,1,0,1,1,0,0,1,1,0.56,0,intact,0x25E39BE9
0xC7889985,,,0,1,0,1,1,0,0,5,5,3.81,1,break_piece,0x91E2FC68
0xC78D8649,,,0,1,0,0,1,0,0,6,6,1.14,0,break_piece,0xCDC5617A
0xC7918A11,,,0,1,0,0,1,0,0,3,3,0.03,1,intact,0x6A41FBB4
0xC7965ADE,,,0,1,0,0,1,0,0,1,1,0.03,0,,0x922D69A7
0xC798B8A0,,,0,1,0,0,1,0,0,3,3,0.03,1,break_piece,0xB0D4E642
0xC79D2BC0,hp_snap_oilrig_catwalka,rainbow,1,1,0,0,1,0,0,3,3,0.03,1,break_piece,0x618526A4
0xC7ABE9BF,,,0,1,0,0,0,0,0,2,2,0.03,1,,0x14D94B9B
0xC7ACE051,slice1e_propdebris09,rainbow,1,1,0,1,1,0,0,4,4,7.99,1,break_piece,0x1E359C2F
0xC7BD2678,,,0,1,0,1,1,0,0,5,5,4.02,0,break_piece,0xDDBA557D
0xC7BF7177,,,0,1,0,0,0,0,0,2,2,0.03,1,,0x14D94B9B
0xC7C3C08C,pr_veh_semi_mark,rainbow,1,1,1,0,0,0,0,0,0,0.03,0,static,0xC7C3C08C
0xC7CABBD2,piece1b_propdebris90,rainbow,1,1,0,1,1,0,0,3,3,24.72,1,break_piece,0xA948DDA6
0xC7D095EE,,,0,1,0,0,1,0,0,5,5,0.54,1,intact,0x86A7C828
0xC7E28525,global_towerlift,rainbow,1,1,1,0,0,0,0,0,0,0.03,0,static,0xC7E28525
0xC80484D9,piece1o,rainbow,1,1,0,0,0,0,0,1,1,0.03,0,static,0xD7FCFD11
0xC808E35C,village_bld_cattleranch,rainbow,1,1,1,0,0,0,0,0,0,0.03,0,static,0xC808E35C
0xC80EFEF8,bone_steer_l,rainbow,1,1,0,0,1,0,0,4,4,0.49,1,intact,0x7366155A
0xC817B73D,,,0,1,0,0,1,0,0,1,1,2.59,1,,0x8CAFF9CF
0xC82B0E84,,,0,1,0,0,1,0,0,4,4,0.03,1,break_piece,0x3F6D97ED
0xC8395DF3,,,0,1,0,0,1,0,0,1,1,5.16,1,,0x8CAFF9CF
0xC83C6E4C,,,0,1,1,0,1,0,0,0,0,3.18,0,,0xC83C6E4C
0xC840DD89,,,0,1,0,0,1,0,0,6,6,1.12,0,break_piece,0xB32053A7
0xC840F103,slice2a_propattach16_pristine,rainbow,1,1,0,1,1,0,0,4,4,1.06,0,break_piece,0x2171B6D7
0xC84DAB7E,,,0,1,0,1,1,0,0,4,4,9.62,0,intact,0xB0D4E642
0xC852F94E,,,0,1,0,1,1,0,0,4,4,7.26,1,break_piece,0xAC3CD893
0xC858C41B,,,0,1,0,1,1,0,0,1,1,0.46,0,intact,0x4761451B
0xC87072D5,,,0,1,0,0,1,0,0,4,4,0.03,1,intact,0x0C95FF35
0xC88158D8,,,0,1,1,0,1,0,0,0,0,83.27,0,,0xC88158D8
0xC891EE2F,piece3a_propdebris38,rainbow,1,1,0,1,1,0,0,3,3,3.16,1,break_piece,0xB6B946F4
0xC8986AD1,island_bld_boothrefreshments01,rainbow,1,1,1,0,0,0,0,0,0,0.03,0,static,0xC8986AD1
0xC8A848AC,maracaibo_patz53,rainbow,1,1,0,0,1,0,0,3,3,2.10,0,,0x14D94B9B
0xC8AF4B10,,,0,1,0,1,1,0,0,4,4,3.40,0,break_piece,0x8B310BBB
0xC8B555B7,global_waterpuddle07,rainbow,1,1,1,0,1,0,0,0,0,7.26,0,,0xC8B555B7
0xC8C1FA21,hp_ffarrocket,rainbow,1,1,1,0,0,0,0,0,0,1.19,0,,0x421B5FA3
0xC8D573A4,,,0,1,0,0,0,0,0,1,1,0.28,1,,0x42740E1B
0xC8ED71C6,,,0,1,0,0,1,0,0,3,3,2.16,1,intact,0x994E1953
0xC902366B,,,0,1,0,0,1,0,0,3,3,0.03,1,break_piece,0x058CD8B8
0xC90FB332,floor03.piece1b_propdebris15,rainbow,1,1,0,1,1,0,0,3,3,2.99,1,break_piece,0xCA3AC936
0xC911586E,,,0,1,1,0,1,0,0,0,0,1.50,0,,0xC911586E
0xC9137D0F,,,0,1,0,0,1,0,0,6,6,1.07,0,break_piece,0xBBDC51DD
0xC92B65BD,floor01.piece1b_propdebris21,rainbow,1,1,0,1,1,0,0,3,3,6.08,1,break_piece,0x7D766FA6
0xC932462B,,,0,1,0,0,1,0,0,3,3,2.55,0,,0x14D94B9B
0xC93375B4,,,0,1,0,1,1,0,0,5,5,4.02,0,break_piece,0x2171B6D7
0xC939089F,aloutpost_bld_supplydepot,rainbow,1,1,1,0,0,0,0,0,0,0.03,0,static,0xC939089F
0xC9393A9C,piece3h,rainbow,1,1,0,0,0,0,0,1,1,0.03,0,static,0x2CE290F9
0xC93D8C99,floor02.piece2a_propattach03_ruin,rainbow,1,1,0,1,0,0,0,4,4,0.03,1,break_piece,0xAC3CD893
0xC93E09C4,,,0,1,0,1,1,0,0,1,1,1.36,0,intact,0xB0A0930E
0xC94286F2,,,0,1,0,1,1,0,0,1,1,1.33,0,intact,0xB0A0930E
0xC942DD3E,,,0,1,0,0,1,0,0,5,5,0.03,1,break_piece,0x319D840A
0xC945C4E4,shanty_bld_shack06,rainbow,1,1,1,0,0,0,0,0,0,0.03,0,static,0xC945C4E4
0xC94CC254,piece3p,rainbow,1,1,0,0,0,0,0,1,1,0.03,0,static,0x2CE290F9
0xC96955CC,piece1g_propdebris15,rainbow,1,1,0,1,1,0,0,3,3,2.04,1,break_piece,0xC808E35C
0xC96BA1E2,,,0,1,0,0,1,0,0,1,1,4.95,1,,0x8CAFF9CF
0xC96D9A9F,,,0,1,0,1,1,0,0,5,5,6.76,1,break_piece,0x0B7CC1B7
0xC977839E,global_firehydrantred02,rainbow,1,1,1,0,0,0,0,0,0,0.03,0,static,0xC977839E
0xC977E3BC,floor02.piece1b_propattach01,rainbow,1,1,0,0,0,0,0,3,3,0.03,0,intact,0xD23F52FC
0xC978089B,,,0,1,0,0,1,0,0,2,2,1.78,1,,0x33C8B389
0xC986F92C,commercial_bld_corner8x16c,rainbow,1,1,1,0,0,0,0,0,0,0.03,0,static,0xC986F92C
0xC98E1A06,,,0,1,0,1,1,0,0,6,6,2.18,0,intact,0x179A7702
0xC991910E,,,0,1,0,0,0,0,0,3,3,0.03,1,break_piece,0xFD0229C3
0xC9A4A462,bone_roller_a,rainbow,1,1,0,0,1,0,0,3,3,0.34,1,break_piece,0xC1EEB3B3
0xC9B203D1,,,0,1,0,0,1,0,0,6,6,1.66,0,break_piece,0x155C8246
0xC9B23D27,dv_details_5555,rainbow,1,1,0,0,1,0,0,4,4,0.03,1,intact,0x4FC2D374
0xC9BD34CC,slice1a_propdebris39,rainbow,1,1,0,1,1,0,0,4,4,6.50,1,break_piece,0x383D01E1
0xC9C7D63C,piece1d_propdebris18,rainbow,1,1,0,1,1,0,0,3,3,3.46,1,break_piece,0x37B0103D
0xC9E19C79,,,0,1,0,0,1,0,0,5,5,0.03,1,break_piece,0x25FE00A7
0xC9F86A6D,hp_ch_deliverycrate,rainbow,1,1,1,0,0,0,0,0,0,0.03,0,static,0x2E4A3730
0xC9F95730,port_docklong,rainbow,1,1,1,0,1,0,0,0,0,168.34,0,,0xC9F95730
0xCA107464,chinaoutpost_bld_alarmtower,rainbow,1,1,1,0,0,0,0,0,0,0.03,0,static,0xCA107464
0xCA20C1D9,merida_bld_soccerstadium,rainbow,1,1,1,0,0,0,0,0,0,0.03,0,static,0xCA20C1D9
0xCA2C7FA8,,,0,1,0,1,1,0,0,1,1,0.42,0,intact,0x45CC35FE
0xCA323B6C,,,0,1,0,0,0,0,0,3,3,0.03,1,break_piece,0xD1574A09
0xCA345594,hp_lowerfcleftg,rainbow,1,1,0,1,1,0,0,5,5,9.07,1,break_piece,0xC56B1A44
0xCA397992,caracas_skyscraperplateau01,rainbow,1,1,1,0,1,0,0,0,0,100.14,0,,0xCA397992
0xCA3AC936,oilrig_bld_buildingc,rainbow,1,1,1,0,0,0,0,0,0,0.03,0,static,0xCA3AC936
0xCA521910,bone_propeller_rl,rainbow,1,1,0,0,1,0,0,4,4,2.61,1,intact,0xC733E65D
0xCA601C07,bone_radar_d,rainbow,1,1,0,0,1,0,0,4,4,3.81,1,intact,0xC733E65D
0xCA6CB3D2,slice3g_pristine,rainbow,1,1,0,1,0,0,0,2,2,36.26,0,intact,0x04CC21CD
0xCA70CB6A,,,0,1,0,1,1,0,0,1,1,0.47,0,intact,0x4D4F42B5
0xCA7346A9,,,0,1,1,0,0,0,0,0,0,0.03,0,static,0xCA7346A9
0xCA7598CE,,,0,1,0,0,1,0,0,3,3,1.98,0,,0x6A2BE04D
0xCA87CB53,,,0,1,0,1,1,0,0,5,5,3.81,1,break_piece,0xFD0229C3
0xCA9FF54E,,,0,1,0,0,1,0,0,4,4,0.03,1,intact,0x46C5012C
0xCAA28243,,,0,1,0,1,1,0,0,4,4,5.61,0,break_piece,0x8B310BBB
0xCAAB9AE1,vzoutpost_bld_barrackreinforced_oc,rainbow,1,1,1,0,0,0,0,0,0,0.03,0,static,0xCAAB9AE1
0xCAAF4D42,civ_veh_car_r90,rainbow,1,1,1,0,0,0,0,0,0,0.03,0,static,0xCAAF4D42
0xCAB07977,,,0,1,1,0,1,0,0,0,0,0.24,0,,0xCAB07977
0xCABA66D4,aloutpost_bld_alarmtower,rainbow,1,1,1,0,0,0,0,0,0,0.03,0,static,0xCABA66D4
0xCAC471FB,slice2a_propdebris13,rainbow,1,1,0,1,1,0,0,3,3,1.99,1,break_piece,0x652F1208
0xCAC9D01F,civ_veh_motorcycle_sportbike,rainbow,1,1,1,0,0,0,0,0,0,0.03,0,static,0xCAC9D01F
0xCAD0319A,,,0,1,0,0,1,0,0,3,3,7.45,1,,0x32FBE556
0xCAD31C66,,,0,1,0,1,1,0,0,1,1,1.33,0,intact,0x25E39BE9
0xCAED00A9,,,0,1,0,1,1,0,0,5,5,3.10,0,break_piece,0x91E2FC68
0xCAEE698B,,,0,1,0,0,1,0,0,6,6,1.30,0,break_piece,0x2915F4A0
0xCAF2E6B9,,,0,1,0,0,1,0,0,6,6,1.30,1,break_piece,0x2915F4A0
0xCAF3823C,oilrig_catwalkc,rainbow,1,1,1,0,0,0,0,0,0,0.03,0,static,0xCAF3823C
0xCB174146,piece1b_propattach09,rainbow,1,1,0,0,0,0,0,3,3,0.03,1,break_piece,0x6B3A45A6
0xCB1F5672,bone_pitch_missile_r,rainbow,1,1,0,0,0,0,0,4,4,1.14,0,break_piece,0x22435EEA
0xCB27080C,shanty_wallstraight01,rainbow,1,1,1,0,0,0,0,0,0,0.03,0,static,0xCB27080C
0xCB39EE65,,,0,1,0,0,0,0,0,5,5,0.03,1,intact,0x8CA421C3
0xCB48261C,,,0,1,0,0,1,0,0,4,4,0.03,1,break_piece,0x3F6D97ED
0xCB4C6EAB,outpost_bld_shack,rainbow,1,1,1,0,0,0,0,0,0,0.03,0,static,0xCB4C6EAB
0xCB51F714,,,0,1,0,0,1,0,0,5,5,0.03,1,break_piece,0x25FE00A7
0xCB5293FD,shanty_bld_shack03,rainbow,1,1,1,0,0,0,0,0,0,0.03,0,static,0xCB5293FD
0xCB53A076,,,0,1,0,0,0,0,0,1,1,0.95,1,,0x8185C0A5
0xCB54D246,slice1f_propattach01,rainbow,1,1,0,0,0,0,0,3,3,0.03,1,break_piece,0x35992F99
0xCB6FCB6F,global_junkpile02,rainbow,1,1,1,0,0,0,0,0,0,0.03,0,static,0xCB6FCB6F
0xCB760D13,docks_bld_toolshed,rainbow,1,1,1,0,0,0,0,0,0,0.03,0,static,0xCB760D13
0xCB7624E5,piece1g_propdebris10,rainbow,1,1,0,1,1,0,0,3,3,1.58,1,break_piece,0xC808E35C
0xCB80CF73,piece5n_propdebris15,rainbow,1,1,0,1,1,0,0,3,3,2.37,1,break_piece,0x50AACA22
0xCB84C91C,,,0,1,0,1,1,0,0,1,1,1.34,0,intact,0xEA7F9F3F
0xCB8D038B,piece1e_propdebris29,rainbow,1,1,0,1,1,0,0,3,3,3.29,1,break_piece,0xC808E35C
0xCB8FD4E3,slice1e_propattach02_pristine,rainbow,1,1,0,1,0,0,0,4,4,0.03,0,break_piece,0x35992F99
0xCB91A019,,,0,1,0,0,1,0,0,6,6,1.21,0,intact,0x25FE00A7
0xCB9CC1B4,,,0,1,0,0,1,0,0,5,5,0.03,1,break_piece,0xC56B1A44
0xCB9DC9FD,global_weapon_ied1,rainbow,1,1,1,0,0,0,0,0,0,0.03,0,static,0xBE5CA114
0xCB9F326D,hp_snap_mv_piece1b_oilrig_smokestack,rainbow,1,1,0,0,1,0,0,2,2,0.03,1,static,0xD44C2215
0xCBABA641,civ_veh_car_pony_normal,rainbow,1,1,1,0,0,0,0,0,0,0.03,0,static,0xCBABA641
0xCBB40604,,,0,1,0,0,1,0,0,5,5,0.03,1,intact,0xF6DEC8EA
0xCBB93734,piece1e_propattach05_ruin,rainbow,1,1,0,1,1,0,0,4,4,6.48,0,intact,0x7DB2E527
0xCBC270A6,slice2b_propattach10_pristine,rainbow,1,1,0,1,0,0,0,4,4,1.96,0,intact,0x6B1DE27D
0xCBD035AC,,,0,1,0,0,1,0,0,4,4,0.03,1,break_piece,0x0189C80A
0xCBD10C82,,,0,1,0,1,1,0,0,5,5,1.70,1,break_piece,0xA113D98D
0xCBEE790F,bone_flapr_a,rainbow,2,1,0,0,1,0,0,1,1,2.24,1,,0x223593E1
0xCC34B75D,global_boxc,rainbow,1,1,1,0,1,0,0,0,0,2.45,0,,0xCC34B75D
0xCC35BB17,,,0,1,0,0,1,0,0,1,1,0.03,1,static,0xA948DDA6
0xCC36A4EB,city_bld_corner16x32b,rainbow,1,1,1,0,0,0,0,0,0,0.03,0,static,0xCC36A4EB
0xCC38BA12,global_tablea,rainbow,1,1,1,0,0,0,0,0,0,0.03,0,static,0xCC38BA12
0xCC38D837,bone_rudder_rr,rainbow,1,1,0,0,1,0,0,4,4,2.27,1,intact,0xC733E65D
0xCC39805C,,,0,1,0,1,1,0,0,5,5,4.27,0,intact,0x4AEE11CE
0xCC3A3845,,,0,1,0,0,1,0,0,1,1,0.03,1,static,0xA948DDA6
0xCC646172,,,0,1,0,0,1,0,0,4,4,0.03,1,break_piece,0x62D45983
0xCC6BB498,slice1c_propattach12_pristine,rainbow,1,1,0,1,1,0,0,4,4,4.04,0,intact,0x2F1F099B
0xCC7034EF,,,0,1,0,1,1,0,0,6,6,2.04,0,intact,0x0065B09D
0xCC827E06,piece3b_propattach00_ruin,rainbow,1,1,0,1,1,0,0,4,4,3.90,0,intact,0x9A7642ED
0xCC84A986,vz_veh_tank_amx30_elite,rainbow,1,1,1,0,0,0,0,0,0,0.03,0,static,0xCC84A986
0xCC8CC8F1,global_palletcement,rainbow,1,1,1,0,0,0,0,0,0,0.03,0,static,0xCC8CC8F1
0xCC903B87,,,0,1,0,1,1,0,0,1,1,0.52,0,break_piece,0x07FC456B
0xCC93B86C,floor02.piece1a_interior,rainbow,1,1,0,1,1,0,0,3,3,37.16,0,intact,0xCA3AC936
0xCC965BF0,,,0,1,0,1,1,0,0,1,1,0.44,0,intact,0x2EF7E3C3
0xCCA4B466,piece1a_propdebris6,rainbow,1,1,0,0,1,0,0,3,3,0.97,1,break_piece,0x01029B24
0xCCB29846,,,0,1,0,0,1,0,0,4,4,0.03,1,break_piece,0xF405EF93
0xCCC2878C,,,0,1,0,1,1,0,0,5,5,6.22,1,break_piece,0x0B7CC1B7
0xCCC9C625,,,0,1,0,0,1,0,0,6,6,2.01,0,break_piece,0x31F0FE47
0xCCE6B8E7,,,0,1,0,0,1,0,0,5,5,0.94,0,break_piece,0x818E5819
0xCCF78BAE,,,0,1,0,0,1,0,0,3,3,2.10,0,,0x14D94B9B
0xCCFC8BF8,,,0,1,0,0,1,0,0,3,3,2.55,0,,0x14D94B9B
0xCD010926,,,0,1,0,0,1,0,0,3,3,2.55,0,,0x14D94B9B
0xCD0494F0,merida_bld_oilwellwater,rainbow,1,1,1,0,0,0,0,0,0,0.03,0,static,0xCD0494F0
0xCD0A0808,,,0,1,0,1,1,0,0,5,5,1.70,0,intact,0xE31521AD
0xCD0A7879,piece1b_propattach02,rainbow,1,1,0,0,0,0,0,3,3,0.03,1,break_piece,0x6B3A45A6
0xCD10303B,,,0,1,0,0,1,0,0,4,4,1.22,1,break_piece,0x25B3F7BC
0xCD10EE1F,,,0,1,0,0,1,0,0,2,2,0.03,1,static,0x10A7796B
0xCD118345,,,0,1,1,0,0,0,0,0,0,0.03,0,static,0xCD118345
0xCD227B82,,,0,1,0,0,1,0,0,3,3,0.03,1,intact,0x0B7CC1B7
0xCD26EFF1,,,0,1,0,1,1,0,0,1,1,0.56,0,intact,0xEAA71CCB
0xCD49CE66,,,0,1,0,0,1,0,0,5,5,0.03,1,break_piece,0x35992F99
0xCD4CB221,,,0,1,0,0,1,0,0,4,4,0.03,1,break_piece,0xD1968AF1
0xCD4DE794,,,0,1,0,0,1,0,0,3,3,3.54,1,break_piece,0xABFDB4B0
0xCD4EE31F,slice4a_propattach16_ruin,rainbow,1,1,0,1,0,0,0,4,4,0.03,0,break_piece,0xE6027C27
0xCD5694E3,,,0,1,0,1,1,0,0,1,1,1.35,0,intact,0x07FC456B
0xCD579D0A,,,0,1,0,0,1,0,0,4,4,0.03,1,intact,0x2255CE3E
0xCD62C849,bone_yaw_turret_rear,rainbow,1,1,0,0,0,0,0,4,4,0.29,0,intact,0x60E7FFEB
0xCD65363A,,,0,1,0,0,1,0,0,6,6,0.03,1,break_piece,0xB0D4E642
0xCD7CEE77,,,0,1,0,0,0,0,0,2,2,0.03,1,,0x14D94B9B
0xCD8C840A,jungle_env_treesmall02_imposter,rainbow,1,1,1,0,1,0,0,0,0,11.63,0,,0xCD8C840A
0xCD8F54EC,,,0,1,0,0,1,0,0,3,3,0.03,1,intact,0x6A41FBB4
0xCD928AD7,piece1e_propattach01,rainbow,1,1,0,0,0,0,0,3,3,0.03,1,break_piece,0x7DB2E527
0xCD970805,piece1e_propattach03,rainbow,1,1,0,0,0,0,0,3,3,0.03,1,break_piece,0x7DB2E527
0xCDA0EDF7,slice4a_propattach13,rainbow,1,1,0,0,0,0,0,3,3,0.03,1,break_piece,0xE6027C27
0xCDAAAB2C,slice1e_propdebris08,rainbow,1,1,0,1,1,0,0,4,4,2.57,1,break_piece,0x1E359C2F
0xCDB2F18F,,,0,1,0,0,1,0,0,6,6,1.56,0,break_piece,0x155C8246
0xCDBDE52A,,,0,1,0,0,0,0,0,4,4,4.04,1,break_piece,0x6BDD88C3
0xCDC1119F,,,0,1,0,0,0,0,0,3,3,3.80,1,break_piece,0xB993D852
0xCDC18831,,,0,1,0,0,1,0,0,3,3,0.03,1,intact,0xFF7ABB3B
0xCDC5617A,city_bld_standalone01,rainbow,1,1,1,0,0,0,0,0,0,0.03,0,static,0xCDC5617A
0xCDCAF298,slice2j_interior,rainbow,1,1,0,1,1,0,0,3,3,30.85,0,break_piece,0x0B7CC1B7
0xCDCC6B93,,,0,1,0,0,1,0,0,4,4,0.03,1,break_piece,0x3F6D97ED
0xCDD1F3B4,airport_bld_hanger01,rainbow,1,1,1,0,0,0,0,0,0,0.03,0,static,0xCDD1F3B4
0xCDDC96EC,pmc_veh_car_vanquish,rainbow,1,1,1,0,0,0,0,0,0,0.03,0,static,0xCDDC96EC
0xCDEB43F1,,,0,1,0,0,1,0,0,1,1,0.56,0,,0x5F1CF60F
0xCDF3452A,piece1p,rainbow,1,1,0,0,0,0,0,1,1,0.03,0,static,0xE59723FD
0xCE09BA10,piece2z_pristine,rainbow,1,1,0,1,0,0,0,2,2,22.66,0,intact,0xB6B946F4
0xCE0A1067,city_bld_storefrontcornerd,rainbow,1,1,1,0,0,0,0,0,0,0.03,0,static,0xCE0A1067
0xCE0E2778,hp_barreltip_smlroktr,rainbow,1,1,0,0,1,0,0,5,5,0.03,1,break_piece,0x9FCAE910
0xCE15D76C,piece1f,rainbow,1,1,0,0,0,0,0,1,1,0.03,0,static,0xC808E35C
0xCE1B4F9F,,,0,1,0,0,1,0,0,5,5,0.03,1,break_piece,0xCFAC6851
0xCE2CC941,,,0,1,0,1,1,0,0,1,1,1.30,0,break_piece,0xBCBA07EE
0xCE3F9A41,,,0,1,0,1,1,0,0,5,5,2.59,1,break_piece,0x25FE00A7
0xCE406140,bone_suspension_l,rainbow,1,1,0,0,0,0,0,6,6,0.54,1,break_piece,0x25B3F7BC
0xCE4207A1,,,0,1,0,0,0,0,0,4,4,0.03,1,break_piece,0x1A221527
0xCE489396,slice4a_propattach13_pristine,rainbow,1,1,0,1,1,0,0,4,4,0.64,0,break_piece,0xE6027C27
0xCE5D3341,,,0,1,0,0,1,0,0,3,3,0.03,1,intact,0x4B9C42F1
0xCE5ECD16,,,0,1,0,0,0,0,0,5,5,0.03,1,break_piece,0x0065B09D
0xCE77D4CB,al_veh_tank_m1a2,rainbow,1,1,1,0,0,0,0,0,0,0.03,0,static,0xCE77D4CB
0xCE8165DE,proutpost_interior_job,rainbow,1,1,1,0,0,0,0,0,0,63.61,0,,0xCE8165DE
0xCE866A6A,global_pile05,rainbow,1,1,1,0,0,0,0,0,0,0.03,0,static,0xCE866A6A
0xCE941AD2,,,0,1,0,1,1,0,0,3,3,1.43,0,break_piece,0xCAC9D01F
0xCE99630D,,,0,1,1,0,0,0,0,0,0,0.03,0,static,0xCE99630D
0xCEA661F7,,,0,1,0,0,1,0,0,4,4,0.61,0,break_piece,0x74474CB1
0xCEAFE128,,,0,1,0,0,1,0,0,1,1,2.70,1,,0x8CAFF9CF
0xCEB938B3,hp_barreltip_ab,rainbow,1,1,0,0,1,0,0,5,5,0.03,1,intact,0x86A7C828
0xCEC64F0D,,,0,1,0,1,1,0,0,5,5,4.50,0,break_piece,0xF2391F54
0xCEC85030,,,0,1,0,1,1,0,0,1,1,0.40,0,intact,0x4AB6F9B6
0xCED1CD5E,floor01.piece1a_propdebris16,rainbow,1,1,0,1,1,0,0,3,3,13.81,1,break_piece,0xD23F52FC
0xCEDA6D3E,,,0,1,0,0,1,0,0,5,5,0.71,1,intact,0x22BA44C8
0xCEDB3C09,,,0,1,0,0,0,0,0,1,1,0.03,0,,0x307D6AE1
0xCEDB955A,,,0,1,1,0,1,0,0,0,0,2.49,0,,0xCEDB955A
0xCEEFC32B,,,0,1,0,0,1,0,0,3,3,2.55,0,,0x14D94B9B
0xCEF45FA0,floor01.piece1a_propdebris18,rainbow,1,1,0,1,1,0,0,3,3,13.81,1,break_piece,0xD44C2215
0xCF01AB06,,,0,1,0,1,1,0,0,3,3,14.50,0,intact,0xD1968AF1
0xCF0FA427,hp_daisycutter,rainbow,1,1,1,0,0,0,0,0,0,7.71,0,,0xF67B3FD5
0xCF175776,,,0,1,0,0,1,0,0,5,5,0.03,1,intact,0x6B1DE27D
0xCF344107,floor01.slice1b_propdebris05,rainbow,1,1,0,1,1,0,0,4,4,4.88,1,break_piece,0x149FC407
0xCF3E8AA4,,,0,1,0,0,1,0,0,3,3,0.03,1,break_piece,0xC1EEB3B3
0xCF5CEE7D,,,0,1,0,1,1,0,0,6,6,2.73,1,break_piece,0x4AEE11CE
0xCF5F05F5,,,0,1,1,0,0,0,0,0,0,0.03,0,static,0xCF5F05F5
0xCF6C17B3,,,0,1,0,0,1,0,0,5,5,0.03,1,break_piece,0xC56B1A44
0xCF828C1F,,,0,1,0,0,1,0,0,3,3,0.03,1,intact,0x6A41FBB4
0xCF929800,vzoutpost_bld_barrackreinforced_al,rainbow,1,1,1,0,0,0,0,0,0,0.03,0,static,0xCF929800
0xCF98BB2A,hp_snap_oilrig_catwalkc,rainbow,1,1,0,0,1,0,0,3,3,0.03,1,break_piece,0x618526A4
0xCF9DE25F,slice1e_propdebris07,rainbow,1,1,0,1,1,0,0,4,4,2.95,1,break_piece,0x1E359C2F
0xCFA385EA,,,0,1,0,1,0,0,0,4,4,0.03,0,break_piece,0x319D840A
0xCFAFCEAC,,,0,1,0,0,1,0,0,6,6,1.66,0,break_piece,0x155C8246
0xCFB0A961,,,0,1,0,0,1,0,0,2,2,2.53,1,,0x1FBFBB4B
0xCFB498D7,,,0,1,0,1,1,0,0,5,5,1.35,0,break_piece,0x2B503BD0
0xCFE2F335,,,0,1,0,1,1,0,0,5,5,1.32,0,intact,0x2B97DD31
0xCFE37AF2,,,0,1,0,0,1,0,0,1,1,1.61,0,,0x5F1CF60F
0xCFE6E968,piece3e_propdebris20,rainbow,1,1,0,1,1,0,0,3,3,3.02,1,break_piece,0x2CE290F9
0xCFE72B1C,piece9e_ruin,rainbow,1,1,0,1,0,0,0,2,2,0.03,0,break_piece,0x69D31E85
0xCFF0C900,,,0,1,0,0,1,0,0,6,6,1.22,0,break_piece,0x63E4703A
0xCFFA9083,piece1c_propdebris27,rainbow,1,1,0,1,1,0,0,3,3,7.45,1,break_piece,0xE110E2D3
0xCFFB97EB,,,0,1,1,0,0,0,0,0,0,0.03,0,static,0xCFFB97EB
0xCFFC3766,piece1a_propattach26,rainbow,1,1,0,0,0,0,0,3,3,0.03,1,break_piece,0xE5133554
0xCFFDF96E,,,0,1,0,0,1,0,0,6,6,0.97,0,break_piece,0xBD552CD3
0xD011D768,docks_shock_left,rainbow,1,1,0,0,1,0,0,3,3,0.18,1,,0xC6B57C66
0xD01E95CD,,,0,1,0,0,1,0,0,3,3,2.55,0,,0x14D94B9B
0xD02840A0,piece4a_propattach02_pristine,rainbow,1,1,0,1,1,0,0,4,4,5.96,0,break_piece,0x7DB2E527
0xD02F0FD8,global_env_rocksmine06,rainbow,1,1,1,0,0,0,0,0,0,0.03,0,,0xD02F0FD8
0xD038D631,al_veh_vtol_f35b,rainbow,1,1,1,0,0,0,0,0,0,18.96,0,,0xD038D631
0xD040F617,slice4a_propattach10_pristine,rainbow,1,1,0,1,1,0,0,4,4,4.04,0,intact,0xE6027C27
0xD049C574,hp_seat_tr,rainbow,1,1,0,0,1,0,0,5,5,0.03,0,intact,0x16497BF1
0xD0601C02,,,0,1,0,1,1,0,0,1,1,0.44,0,intact,0x4AB6F9B6
0xD0624A80,,,0,1,0,0,1,0,0,3,3,1.68,0,,0x6A2BE04D
0xD067E818,piece7a_propdebris06,rainbow,1,1,0,1,1,0,0,3,3,4.19,1,break_piece,0x3BF3DA2E
0xD06E94B5,,,0,1,0,0,1,0,0,5,5,0.03,1,break_piece,0x964451A0
0xD0755E1D,,,0,1,0,0,1,0,0,5,5,0.03,1,break_piece,0x0C95FF35
0xD075CF0A,,,0,1,0,0,1,0,0,6,6,0.03,0,break_piece,0x0E9502CF
0xD07D801B,slice9b_pristine,rainbow,1,1,0,1,0,0,0,2,2,24.77,0,break_piece,0xC939089F
0xD0884E25,bone_pitch_missiler,rainbow,1,1,0,0,0,0,0,4,4,1.61,1,break_piece,0x9FCAE910
0xD08BF094,estate_wallgate01,rainbow,1,1,1,0,0,0,0,0,0,0.03,0,static,0xD08BF094
0xD0932675,global_electronicboxa,rainbow,1,1,1,0,0,0,0,0,0,0.03,0,static,0xD0932675
0xD0957078,,,0,1,0,0,0,0,0,4,4,0.03,1,break_piece,0x8C58E7EB
0xD09C70C1,,,0,1,0,0,1,0,0,3,3,0.03,1,break_piece,0x2A68DAEF
0xD0B1C3F5,floor02.piece2a_propattach01_pristine,rainbow,1,1,0,1,1,0,0,4,4,7.19,0,intact,0xAC3CD893
0xD0B22750,,,0,1,0,0,1,0,0,6,6,1.13,0,break_piece,0xF88147A1
0xD0B84392,city_bld_segment32x32a,rainbow,1,1,1,0,0,0,0,0,0,0.03,0,static,0xD0B84392
0xD0C7814B,commercial_bld_corner16x16a,rainbow,1,1,1,0,0,0,0,0,0,0.03,0,static,0xD0C7814B
0xD0CE60F3,floor01.slice1c_propdebris06,rainbow,1,1,0,1,1,0,0,4,4,5.50,1,break_piece,0x149FC407
0xD0DE3D12,,,0,1,0,1,1,0,0,5,5,6.22,1,break_piece,0x0B7CC1B7
0xD126A68E,slice4a_propattach01,rainbow,1,1,0,0,0,0,0,3,3,0.03,1,break_piece,0xE6027C27
0xD131DBC0,,,0,1,0,0,0,0,0,2,2,0.03,1,,0x14D94B9B
0xD1327324,,,0,1,1,0,0,0,0,0,0,0.03,0,,0xD1327324
0xD132E03B,island_bld_hutmodern01,rainbow,1,1,1,0,0,0,0,0,0,0.03,0,static,0xD132E03B
0xD13996C9,hp_barreltip_k,rainbow,1,1,0,0,1,0,0,6,6,0.03,1,break_piece,0x1A221527
0xD14D821B,,,0,1,0,0,1,0,0,6,6,1.81,0,break_piece,0x926D9ECB
0xD15067D7,,,0,1,0,0,1,0,0,3,3,2.55,0,,0x14D94B9B
0xD1574A09,industrial_bld_warehouselarge01,rainbow,1,1,1,0,0,0,0,0,0,0.03,0,static,0xD1574A09
0xD15BE8C3,,,0,1,0,0,1,0,0,5,5,0.03,1,break_piece,0xE6027C27
0xD15CEA65,piece1f_ruin,rainbow,1,1,0,1,0,0,0,2,2,0.03,0,break_piece,0xC808E35C
0xD16AA485,caracas_fountaingovernment,rainbow,1,1,1,0,0,0,0,0,0,0.03,0,static,0xD16AA485
0xD1961AD4,,,0,1,0,0,0,0,0,3,3,0.03,1,break_piece,0xFD0229C3
0xD1968AF1,civ_veh_boat_cargoship,rainbow,1,1,1,0,0,0,0,0,0,0.03,0,static,0xD1968AF1
0xD19E82D4,floor01.piece1c_propdebris16,rainbow,1,1,0,1,1,0,0,3,3,8.38,1,break_piece,0xCA3AC936
0xD1A80E2E,,,0,1,0,1,1,0,0,5,5,4.04,0,break_piece,0x6B3A45A6
0xD1A89E4D,floor01.slice2d_interior,rainbow,1,1,0,1,0,0,0,3,3,123.87,0,break_piece,0x149FC407
0xD1B791F9,global_drinkingfountain,rainbow,1,1,1,0,0,0,0,0,0,0.03,0,static,0xD1B791F9
0xD1CCD65E,vzoutpost_bld_barracktent_al,rainbow,1,1,1,0,0,0,0,0,0,0.03,0,static,0xD1CCD65E
0xD1EAF9B6,,,0,1,0,1,0,0,0,4,4,1.00,0,break_piece,0xFD0229C3
0xD1ED8ED5,,,0,1,1,0,1,0,0,0,0,45.48,0,,0xD1ED8ED5
0xD1F1E6DA,,,0,1,0,1,1,0,0,5,5,4.05,1,break_piece,0x6B3A45A6
0xD2066E6C,,,0,1,0,0,1,0,0,4,4,0.03,1,break_piece,0xC142F94B
0xD206FD24,piece2c_propdebris16,rainbow,1,1,0,1,1,0,0,3,3,2.13,1,break_piece,0xE2068412
0xD2085BA1,,,0,1,0,0,0,0,0,2,2,0.03,1,,0x14D94B9B
0xD217E030,piece3a_propdebris24,rainbow,1,1,0,1,1,0,0,3,3,2.26,1,break_piece,0xDA1D8548
0xD21F35BB,piece1b_propattach14_pristine,rainbow,1,1,0,1,1,0,0,4,4,14.61,0,intact,0x6B3A45A6
0xD22DF6A4,,,0,1,0,0,0,0,0,6,6,0.03,0,intact,0xF6DEC8EA
0xD230A834,bone_door_mr,rainbow,1,1,0,0,1,0,0,4,4,2.19,1,intact,0xD1968AF1
0xD23F52FC,oilrig_bld_buildinga,rainbow,1,1,1,0,0,0,0,0,0,0.03,0,static,0xD23F52FC
0xD24D6B4A,,,0,1,0,1,1,0,0,5,5,4.04,1,break_piece,0xE6027C27
0xD250A36D,bone_rear_lookat,rainbow,1,1,0,0,1,0,0,5,5,0.03,1,break_piece,0xC1EEB3B3
0xD2554598,,,0,1,0,1,1,0,0,6,6,3.02,0,break_piece,0xE31521AD
0xD25DE3EE,,,0,1,0,0,1,0,0,6,6,0.95,0,break_piece,0x95F4BA55
0xD26403DD,slice3g_propdebris01,rainbow,1,1,0,1,1,0,0,3,3,4.39,1,break_piece,0x04CC21CD
0xD267B5B8,,,0,1,0,1,0,0,0,5,5,2.16,0,break_piece,0xB0D4E642
0xD26AB8AC,,,0,1,0,0,1,0,0,3,3,1.33,1,,0x32FBE556
0xD26AF9C5,floor01.slice2b_propdebris08,rainbow,1,1,0,1,1,0,0,3,3,4.74,1,break_piece,0xD1574A09
0xD27A2294,,,0,1,0,0,1,0,0,3,3,2.24,0,,0x6A2BE04D
0xD27E2012,,,0,1,0,0,1,0,0,4,4,2.09,1,break_piece,0x25B3F7BC
0xD27F29FF,,,0,1,1,0,1,0,0,0,0,6.04,0,,0xD27F29FF
0xD282C9C1,,,0,1,0,0,1,0,0,1,1,8.37,0,,0x0D80AAC5
0xD2849EC3,bone_guns,rainbow,1,1,0,0,0,0,0,2,2,0.03,1,,0x3A1CB5C0
0xD2897F9F,hp_qbzlmg,rainbow,1,1,1,0,0,0,0,0,0,1.02,0,,0x186EE929
0xD2956767,piece1b_propattach01_ruin,rainbow,1,1,0,1,0,0,0,4,4,0.03,0,break_piece,0xC1527544
0xD296A7B8,vzoutpost_bld_hangar_al,rainbow,1,1,1,0,0,0,0,0,0,0.03,0,static,0xD296A7B8
0xD29A080D,,,0,1,0,0,1,0,0,4,4,0.03,1,break_piece,0xE54047D5
0xD29E11AD,,,0,1,0,1,1,0,0,4,4,2.58,0,break_piece,0x8B310BBB
0xD2A55E83,,,0,1,0,0,1,0,0,6,6,1.13,0,break_piece,0xF88147A1
0xD2A6E668,,,0,1,0,1,1,0,0,5,5,5.02,1,break_piece,0x35992F99
0xD2A84161,global_tablemarket,rainbow,1,1,1,0,0,0,0,0,0,0.03,0,static,0xD2A84161
0xD2A91740,,,0,1,0,0,1,0,0,5,5,0.03,1,break_piece,0x319D840A
0xD2B25EDD,,,0,1,1,0,0,0,0,0,0,0.03,0,,0xD2B25EDD
0xD2B37879,global_scaffold,rainbow,1,1,1,0,0,0,0,0,0,0.03,0,static,0xD2B37879
0xD2B43A0C,,,0,1,0,0,1,0,0,4,4,2.09,1,break_piece,0x25B3F7BC
0xD2B8A582,hp_aarocket,rainbow,1,1,2,0,2,0,0,0,0,1.48,0,,0xF2008BD0
0xD2BA7FE7,,,0,1,0,1,1,0,0,5,5,3.02,1,break_piece,0x384DEECA
0xD2CC39E6,,,0,1,0,1,1,0,0,5,5,4.04,0,break_piece,0xE6027C27
0xD2CC6832,,,0,1,0,1,1,0,0,1,1,1.31,0,intact,0x949187D0
0xD2D38666,piece5e_propdebris24,rainbow,1,1,0,1,1,0,0,3,3,2.88,1,break_piece,0x2CE290F9
0xD2DA5205,global_env_treetropical02,rainbow,1,1,1,0,0,0,0,0,0,0.03,0,static,0xD2DA5205
0xD2DDA5D4,,,0,1,0,0,1,0,0,5,5,2.09,0,intact,0xCDC5617A
0xD2DF98DD,,,0,1,0,0,1,0,0,4,4,0.03,1,break_piece,0xE54047D5
0xD2E91F3A,bone_yaw_ciwsfl,rainbow,1,1,0,0,0,0,0,5,5,8.35,0,intact,0x25FE00A7
0xD2EF89C6,groutpost_bld_guardtowertree02,rainbow,1,1,1,0,0,0,0,0,0,0.03,0,static,0xD2EF89C6
0xD2F475E7,slice2k_propattach00,rainbow,1,1,0,0,0,0,0,3,3,0.03,1,break_piece,0x0B7CC1B7
0xD2FB62DE,,,0,1,1,0,0,0,0,0,0,0.03,0,static,0xD2FB62DE
0xD2FCC04E,,,0,1,0,0,1,0,0,5,5,0.93,0,break_piece,0xA113D98D
0xD30ACC8E,hp_barreltip_samrr_h,rainbow,1,1,0,0,1,0,0,7,7,0.03,1,intact,0xE54047D5
0xD30DD634,bone_steering_r,rainbow,1,1,0,0,1,0,0,4,4,0.49,1,intact,0xD4E88AFD
0xD3128786,maracaibo_bld_corner32x32a,rainbow,1,1,1,0,0,0,0,0,0,0.03,0,static,0xD3128786
0xD32D5ED0,hp_barreltip_samrr_f,rainbow,1,1,0,0,1,0,0,7,7,0.03,1,intact,0xE54047D5
0xD32D625D,,,0,1,0,1,1,0,0,1,1,1.33,0,intact,0x0D0B8CF5
0xD33C7003,slice4a_propattach08,rainbow,1,1,0,0,0,0,0,3,3,0.03,1,break_piece,0xE6027C27
0xD354361D,,,0,1,0,0,1,0,0,5,5,0.03,1,break_piece,0x319D840A
0xD3595C0C,slice1f_propattach03,rainbow,1,1,0,0,0,0,0,3,3,0.03,1,break_piece,0x35992F99
0xD35DD971,merida_lightstadiumb,rainbow,1,1,1,0,0,0,0,0,0,0.03,0,static,0xD35DD971
0xD3762CB8,,,0,1,0,1,1,0,0,4,4,18.08,0,intact,0xC56B1A44
0xD378F734,,,0,1,0,1,1,0,0,5,5,6.99,0,break_piece,0xFD0229C3
0xD37D538B,,,0,1,0,0,1,0,0,1,1,0.03,1,static,0xA948DDA6
0xD3817AA6,,,0,1,0,0,1,0,0,3,3,15.02,1,,0x32FBE556
0xD381D0B9,,,0,1,0,0,1,0,0,1,1,0.03,1,static,0xA948DDA6
0xD3950A12,,,0,1,0,1,0,0,0,4,4,0.03,0,break_piece,0xF6DEC8EA
0xD3968F8A,,,0,1,1,0,0,0,0,0,0,0.03,0,static,0xD3968F8A
0xD3A0C07E,,,0,1,0,0,1,0,0,6,6,1.08,0,break_piece,0x8C83F560
0xD3A7163F,bone_rotate,rainbow,1,1,0,0,1,0,0,1,1,1.18,1,,0x5B6F14FF
0xD3AFA265,piece1e_propdebris27,rainbow,1,1,0,1,1,0,0,3,3,3.01,1,break_piece,0xC808E35C
0xD3C3F618,,,0,1,0,1,1,0,0,1,1,0.46,0,intact,0x759BDE16
0xD3CB240C,,,0,1,0,1,0,0,0,4,4,0.03,0,break_piece,0xF6DEC8EA
0xD3D23EF2,,,0,1,0,0,1,0,0,6,6,0.03,1,break_piece,0xB0D4E642
0xD3D6CB62,,,0,1,0,1,1,0,0,1,1,1.36,0,intact,0x2EF7E3C3
0xD4022A5C,,,0,1,1,0,0,0,0,0,0,0.03,0,,0xD4022A5C
0xD408540C,,,0,1,1,0,1,0,0,0,0,0.03,0,,0x47348438
0xD40FF186,floor01.piece2a_pristine,rainbow,1,1,0,1,0,0,0,2,2,40.26,0,break_piece,0xAC3CD893
0xD4107DD4,,,0,1,0,1,1,0,0,1,1,1.38,0,intact,0x5253854D
0xD414A842,piece5k_ruin,rainbow,1,1,0,1,0,0,0,2,2,0.03,0,break_piece,0xE59723FD
0xD41866CB,slice2g_propattach00,rainbow,1,1,0,0,0,0,0,3,3,0.03,1,break_piece,0x0B7CC1B7
0xD4213AE4,global_dumpstergreenshort,rainbow,1,1,1,0,0,0,0,0,0,0.03,0,static,0xD4213AE4
0xD4339951,,,0,1,0,0,1,0,0,3,3,0.03,1,break_piece,0xB0D4E642
0xD43D651C,,,0,1,0,1,1,0,0,5,5,2.61,1,break_piece,0x25FE00A7
0xD4429A17,,,0,1,0,0,1,0,0,6,6,2.09,0,break_piece,0xCDC5617A
0xD44C2215,oilrig_bld_buildingd,rainbow,1,1,1,0,0,0,0,0,0,0.03,0,static,0xD44C2215
0xD4519A96,,,0,1,0,1,1,0,0,5,5,3.46,1,break_piece,0x618526A4
0xD45AECEB,,,0,1,0,1,1,0,0,5,5,2.16,0,break_piece,0xB0D4E642
0xD45AFE1C,,,0,1,0,0,1,0,0,3,3,0.03,1,intact,0x4B9C42F1
0xD474A659,piece2h_propattach13_pristine,rainbow,1,1,0,1,0,0,0,4,4,4.85,0,intact,0x91E2FC68
0xD47E3E17,,,0,1,1,0,0,0,0,0,0,0.03,0,static,0x02704083
0xD486F1AD,,,0,1,0,0,1,0,0,3,3,1.98,0,,0x6A2BE04D
0xD491EB5A,,,0,1,0,1,1,0,0,1,1,0.46,0,break_piece,0x2EF7E3C3
0xD4A0204C,,,0,1,0,0,1,0,0,5,5,1.54,0,intact,0x25BB5EA6
0xD4A72F76,,,0,1,0,0,1,0,0,3,3,0.03,1,break_piece,0x618526A4
0xD4A94775,,,0,1,0,1,1,0,0,5,5,4.64,1,break_piece,0x25FE00A7
0xD4AB58A5,slice3b_propattach01_ruin,rainbow,1,1,0,1,0,0,0,4,4,0.03,0,break_piece,0xFA83AC18
0xD4CBDE9B,,,0,1,1,0,0,0,0,0,0,0.03,0,,0xD4CBDE9B
0xD4CC063E,,,0,1,0,1,1,0,0,1,1,1.33,0,intact,0x01ED3D6F
0xD4E88AFD,al_veh_boat_markv,rainbow,1,1,1,0,0,0,0,0,0,0.03,0,static,0xD4E88AFD
0xD501EBCA,village_bld_gasstation,rainbow,1,1,1,0,0,0,0,0,0,0.03,0,static,0xD501EBCA
0xD5062E7E,,,0,1,0,0,1,0,0,4,4,0.03,1,break_piece,0xC2D96DD1
0xD506BE7E,city_bld_apartment02,rainbow,1,1,1,0,0,0,0,0,0,0.03,0,static,0xD506BE7E
0xD51BFD24,,,0,1,0,0,1,0,0,6,6,1.01,0,break_piece,0x461F1A3A
0xD5209603,hp_barreltip_samrr_a,rainbow,1,1,0,0,1,0,0,7,7,0.03,1,intact,0xE54047D5
0xD52B79B7,,,0,1,0,1,1,0,0,1,1,0.60,0,intact,0xEAA71CCB
0xD52EFD9A,,,0,1,0,0,1,0,0,3,3,0.03,1,,0x325A8B7F
0xD531CA9F,hp_seat_turret_f,rainbow,1,1,0,0,1,0,0,5,5,0.03,0,intact,0xC733E65D
0xD54893D3,,,0,1,1,0,0,0,0,0,0,0.03,0,static,0xD54893D3
0xD5513BE7,,,0,1,0,0,1,0,0,4,4,0.03,1,break_piece,0xD1968AF1
0xD5662B25,slice1f_propattach06,rainbow,1,1,0,0,0,0,0,3,3,0.03,1,break_piece,0x35992F99
0xD57AEEDE,piece3e_propdebris00,rainbow,1,1,0,1,1,0,0,3,3,7.29,1,break_piece,0xF51C01DD
0xD57E1F82,,,0,1,0,0,1,0,0,4,4,0.03,1,break_piece,0x2D1D4D03
0xD57FB288,L2_med,rainbow,1,1,0,0,1,0,0,8,8,3.70,0,break_piece,0xB6EDE80B
0xD5823AA0,bone_yaw_mlrs,rainbow,1,1,0,0,0,0,0,3,3,1.37,1,break_piece,0x1A221527
0xD58A8418,,,0,1,0,1,1,0,0,3,3,23.66,0,intact,0xE54047D5
0xD591457E,,,0,1,0,0,1,0,0,6,6,1.01,0,break_piece,0x461F1A3A
0xD597E742,piece1b_propdebris83,rainbow,1,1,0,1,1,0,0,3,3,27.82,1,break_piece,0xA948DDA6
0xD5A70E3F,slice3a_propattach06_ruin,rainbow,1,1,0,1,0,0,0,4,4,0.03,0,break_piece,0xE6027C27
0xD5D65249,pmcoutpost_bld_hqsuites,rainbow,1,1,1,0,0,0,0,0,0,0.03,0,static,0xD5D65249
0xD5D78C6F,bone_piston_c,rainbow,1,1,0,0,1,0,0,2,2,0.21,1,,0x42740E1B
0xD5DA269E,aloutpost_bld_helipad_roof,rainbow,1,1,1,0,0,0,0,0,0,0.03,0,static,0xD5DA269E
0xD5F4C672,vzoutpost_bld_barrackbunker_gr,rainbow,1,1,1,0,0,0,0,0,0,0.03,0,static,0xD5F4C672
0xD5F56440,piece2e_propdebris03,rainbow,1,1,0,1,1,0,0,3,3,3.36,1,break_piece,0xF51C01DD
0xD5FEC4DD,slice1c_propdebris76,rainbow,1,1,0,1,1,0,0,4,4,4.95,1,break_piece,0x964451A0
0xD604A672,,,0,1,0,0,1,0,0,6,6,1.64,0,break_piece,0x2B97DD31
0xD6077D04,piece4b_propdebris22,rainbow,1,1,0,1,1,0,0,3,3,4.02,1,break_piece,0xBFC09F3E
0xD6088408,,,0,1,0,1,1,0,0,5,5,7.43,1,break_piece,0x35992F99
0xD60BFA32,piece4b_propdebris24,rainbow,1,1,0,1,1,0,0,3,3,4.02,1,break_piece,0xBFC09F3E
0xD60DF9A2,oc_veh_boat_omen,rainbow,1,1,1,0,0,0,0,0,0,0.03,0,static,0x0C95FF35
0xD60E456C,,,0,1,0,1,1,0,0,1,1,1.38,0,intact,0xE05A09A2
0xD61D4400,,,0,1,0,1,1,0,0,5,5,7.16,1,break_piece,0x155E5F33
0xD62E4076,piece1e_propdebris33,rainbow,1,1,0,1,1,0,0,3,3,2.08,1,break_piece,0xC808E35C
0xD641065E,piece1f_propdebris10,rainbow,1,1,0,1,1,0,0,3,3,2.30,1,break_piece,0xC808E35C
0xD64A2449,,,0,1,0,1,1,0,0,5,5,4.04,1,break_piece,0x35992F99
0xD64A964C,slice1e_propattach01_ruin,rainbow,1,1,0,1,0,0,0,4,4,0.03,0,break_piece,0x35992F99
0xD64E8456,global_veh_van,rainbow,1,1,1,0,0,0,0,0,0,0.03,0,static,0xD64E8456
0xD66D8571,piece2z_propdebris10,rainbow,1,1,0,1,1,0,0,3,3,3.02,1,break_piece,0xB6B946F4
0xD66F32FD,hp_munitions_hackedairstrike,rainbow,1,1,1,0,0,0,0,0,0,0.03,0,static,0xA483B0A8
0xD6780303,bone_hatch_b,rainbow,1,1,0,0,1,0,0,5,5,0.99,1,intact,0xCE77D4CB
0xD687EB72,,,0,1,0,1,1,0,0,5,5,1.55,0,break_piece,0xFD0229C3
0xD68A51C8,slice6c,rainbow,1,1,0,0,0,0,0,1,1,0.03,0,static,0x04CC21CD
0xD694916E,,,0,1,0,0,1,0,0,3,3,0.03,1,intact,0x86AF96CD
0xD69B6DA3,,,0,1,0,0,1,0,0,6,6,0.03,1,break_piece,0x9FCAE910
0xD6B19017,piece1a_propdebris3,rainbow,1,1,0,0,1,0,0,3,3,2.95,1,break_piece,0xE92464DD
0xD6B8F64D,piece9c,rainbow,1,1,0,0,0,0,0,1,1,0.03,0,static,0x69D31E85
0xD6C9F355,,,0,1,0,1,1,0,0,5,5,3.81,1,break_piece,0xC1527544
0xD6CD4D1F,,,0,1,0,1,1,0,0,4,4,14.71,0,break_piece,0x6B3A45A6
0xD708E48D,,,0,1,0,0,1,0,0,3,3,2.10,0,,0x14D94B9B
0xD727EBEF,,,0,1,0,0,1,0,0,6,6,1.63,0,break_piece,0xD7BB0643
0xD73ABC01,,,0,1,0,1,1,0,0,5,5,4.03,0,break_piece,0x8A6DEF3D
0xD745E58F,gr_veh_apc_m113_aa,rainbow,1,1,1,0,0,0,0,0,0,0.03,0,static,0xD745E58F
0xD745E8C6,slice2k_propattach00_pristine,rainbow,1,1,0,1,1,0,0,4,4,14.10,0,intact,0x0B7CC1B7
0xD759F59A,,,0,1,0,1,0,0,0,4,4,16.81,0,intact,0x25FE00A7
0xD75D4789,bullbar_horn_cage_r,rainbow,1,1,0,0,0,0,0,3,3,0.03,1,break_piece,0xB993D852
0xD7790E09,piece4a_propattach05_pristine,rainbow,1,1,0,1,1,0,0,4,4,5.09,0,intact,0x7DB2E527
0xD7997915,,,0,1,0,0,1,0,0,4,4,0.03,1,break_piece,0xE54047D5
0xD799C328,global_weapon_flaregun,rainbow,1,1,1,0,0,0,0,0,0,0.32,0,,0xD799C328
0xD79FB991,docks_crane,rainbow,1,1,1,0,0,0,0,0,0,0.03,0,static,0xD79FB991
0xD7B53327,,,0,1,0,0,1,0,0,2,2,2.53,1,,0x1FBFBB4B
0xD7BB0643,oc_veh_truck_mtv_guntruck,rainbow,1,1,1,0,0,0,0,0,0,0.03,0,static,0xD7BB0643
0xD7DE4CCB,,,0,1,0,1,1,0,0,4,4,1.79,0,break_piece,0x7EC3FC58
0xD7E2C9F9,,,0,1,0,1,1,0,0,4,4,2.87,0,break_piece,0x7EC3FC58
0xD7F61FED,piece1c_propdebris29,rainbow,1,1,0,1,1,0,0,3,3,7.05,1,break_piece,0xE110E2D3
0xD7FCFD11,,,0,1,1,0,0,0,0,0,0,0.03,0,static,0xD7FCFD11
0xD7FE649E,sign35,rainbow,1,1,1,0,0,0,0,0,0,0.03,0,static,0xD7FE649E
0xD8169282,,,0,1,1,0,1,0,0,0,0,20.63,0,,0xD8169282
0xD82A1A3A,,,0,1,1,0,1,0,0,0,0,15.25,0,,0xD82A1A3A
0xD8343C28,,,0,1,0,1,1,0,0,5,5,4.01,0,break_piece,0xF2391F54
0xD835ED82,slice1b_propdebris50,rainbow,1,1,0,1,1,0,0,4,4,6.50,1,break_piece,0x383D01E1
0xD8382CD5,global_flag_fxmodel_a,rainbow,1,1,1,0,1,0,0,0,0,1.70,0,,0xD8382CD5
0xD85DD9EA,,,0,1,0,0,1,0,0,3,3,2.24,0,,0x6A2BE04D
0xD86B4A9B,hp_munitions_fae,rainbow,1,1,1,0,0,0,0,0,0,0.03,0,static,0x7C2FB806
0xD872C822,outpost_bld_farming01,rainbow,1,1,1,0,0,0,0,0,0,0.03,0,static,0xD872C822
0xD8744D77,,,0,1,0,1,1,0,0,1,1,1.34,0,intact,0xF245AC63
0xD875D853,global_weapon_beacon1,rainbow,1,1,1,0,0,0,0,0,0,0.43,0,,0x67641496
0xD87A22EC,,,0,1,0,1,1,0,0,1,1,1.37,0,intact,0x3511CCE7
0xD87D89A8,,,0,1,0,0,1,0,0,5,5,0.94,0,break_piece,0x818E5819
0xD87F696C,,,0,1,0,1,1,0,0,4,4,3.09,0,intact,0x25FE00A7
0xD893B80E,,,0,1,0,1,1,0,0,5,5,2.98,1,break_piece,0xF2391F54
0xD894C2E3,floor01.piece2b_propdebris15,rainbow,1,1,0,1,1,0,0,3,3,3.57,1,intact,0xFD0229C3
0xD8B02228,,,0,1,0,0,1,0,0,1,1,0.03,1,,0x42740E1B
0xD8B801DE,,,0,1,0,0,1,0,0,6,6,0.03,1,break_piece,0xE54047D5
0xD8C6AC1E,slice2l_interior,rainbow,1,1,0,1,1,0,0,3,3,49.38,0,break_piece,0x0B7CC1B7
0xD8C96258,piece1b_propattach13_ruin,rainbow,1,1,0,1,0,0,0,4,4,0.03,0,break_piece,0x6B3A45A6
0xD8E97FFD,L123,rainbow,1,1,0,0,1,0,0,1,1,2.25,1,,0x1FBFBB4B
0xD9034215,,,0,1,0,0,1,0,0,5,5,4.38,0,intact,0xA26387A9
0xD92B3054,slice4a_propattach03,rainbow,1,1,0,0,0,0,0,3,3,0.03,1,break_piece,0xE6027C27
0xD92D6B2A,,,0,1,0,0,0,0,0,2,2,0.03,1,,0x14D94B9B
0xD9332C44,village_bld_windmillbroken,rainbow,1,1,1,0,0,0,0,0,0,0.03,0,static,0xD9332C44
0xD934BDFB,,,0,1,0,0,1,0,0,1,1,1.01,0,,0x5F1CF60F
0xD9571D98,,,0,1,1,0,0,0,0,0,0,0.03,0,static,0xD9571D98
0xD96334FC,,,0,1,0,1,1,0,0,1,1,1.33,0,intact,0x3511CCE7
0xD96CCB99,,,0,1,0,1,1,0,0,5,5,4.35,1,break_piece,0x818E5819
0xD977E4D2,global_chairwoode,rainbow,1,1,1,0,0,0,0,0,0,0.03,0,static,0xD977E4D2
0xD97E685A,floor01.slice1d_pristine,rainbow,1,1,0,1,0,0,0,2,2,129.74,0,break_piece,0x149FC407
0xD982BFE7,,,0,1,1,0,0,0,0,0,0,0.03,0,static,0xD982BFE7
0xD9843DE4,,,0,1,1,0,1,0,0,0,0,5.19,0,,0xD9843DE4
0xD98B24D7,,,0,1,1,0,1,0,0,0,0,42.44,0,,0xD98B24D7
0xD98C82E8,,,0,1,0,0,1,0,0,3,3,2.55,0,,0x14D94B9B
0xD98FA205,,,0,1,1,0,1,0,0,0,0,3.20,0,,0xD98FA205
0xD9A9B6F4,hp_barreltip_turret_fa,rainbow,1,1,0,0,1,0,0,6,6,0.03,1,intact,0xC733E65D
0xD9B37459,,,0,1,0,1,1,0,0,5,5,9.58,1,break_piece,0x618526A4
0xD9C29085,,,0,1,0,0,1,0,0,5,5,0.03,1,break_piece,0xE6027C27
0xD9CAFD67,,,0,1,0,0,1,0,0,4,4,0.03,1,break_piece,0x0189C80A
0xD9FBD924,,,0,1,0,0,1,0,0,3,3,0.03,1,break_piece,0xD7FCFD11
0xDA07C9F3,,,0,1,0,0,1,0,0,5,5,11.70,0,intact,0x585A9008
0xDA091317,piece1a_propattach23,rainbow,1,1,0,0,0,0,0,3,3,0.03,1,break_piece,0xE5133554
0xDA09FA5B,L3_medium14,rainbow,1,1,0,0,1,0,0,6,6,1.70,0,break_piece,0x1125CB99
0xDA0CE567,,,0,1,0,0,0,0,0,2,2,0.03,1,,0x14D94B9B
0xDA0D9045,piece1a_propattach21,rainbow,1,1,0,0,0,0,0,3,3,0.03,1,break_piece,0xE5133554
0xDA136F9A,piece3a_propdebris26,rainbow,1,1,0,1,1,0,0,3,3,1.37,1,break_piece,0xDA1D8548
0xDA1B5F98,,,0,1,0,0,0,0,0,1,1,0.03,0,,0x849972EE
0xDA1D8548,commercial_wallshort,rainbow,1,1,1,0,0,0,0,0,0,0.03,0,static,0xDA1D8548
0xDA219845,civ_veh_car_pony_crappy,rainbow,1,1,1,0,0,0,0,0,0,0.03,0,static,0xDA219845
0xDA26DEF9,,,0,1,0,1,1,0,0,6,6,2.04,1,break_piece,0x0065B09D
0xDA27735B,,,0,1,0,1,1,0,0,5,5,2.83,0,break_piece,0xF2391F54
0xDA2CE0FF,global_env_rocksmine05,rainbow,1,1,1,0,0,0,0,0,0,0.03,0,,0xDA2CE0FF
0xDA31642C,,,0,1,0,0,1,0,0,3,3,0.03,1,break_piece,0xB0D4E642
0xDA3A30EE,bone_wheel_cover_l,rainbow,1,1,0,0,1,0,0,2,2,1.33,1,,0x722BEA76
0xDA4429CD,global_weapon_m60,rainbow,1,1,1,0,0,0,0,0,0,0.03,0,static,0xDA4429CD
0xDA448E7C,industrial_att_pipelargecap,rainbow,1,1,1,0,0,0,0,0,0,0.03,0,static,0xDA448E7C
0xDA50B276,chinaoutpost_bld_guardpost01,rainbow,1,1,1,0,0,0,0,0,0,0.03,0,static,0xDA50B276
0xDA55A995,aloutpost_bld_barracks02,rainbow,1,1,1,0,0,0,0,0,0,0.03,0,static,0xDA55A995
0xDA6328D9,global_fencewoodpanel,rainbow,1,1,1,0,0,0,0,0,0,0.03,0,static,0xDA6328D9
0xDA65B93F,piece7a_propdebris05,rainbow,1,1,0,1,1,0,0,3,3,1.85,1,break_piece,0x3BF3DA2E
0xDA809114,,,0,1,0,0,1,0,0,4,4,0.18,1,break_piece,0xC1EEB3B3
0xDA8262A0,chinaoutpost_concretewall02,rainbow,1,1,1,0,0,0,0,0,0,0.03,0,static,0xDA8262A0
0xDA908A58,,,0,1,0,1,0,0,0,4,4,0.03,0,break_piece,0x25FE00A7
0xDA91FE75,piece1a_propattach22_pristine,rainbow,1,1,0,1,1,0,0,4,4,0.57,0,break_piece,0xE5133554
0xDA9A9C81,,,0,1,0,1,1,0,0,5,5,4.64,1,break_piece,0x25FE00A7
0xDAA0EDED,,,0,1,0,0,1,0,0,6,6,1.13,0,break_piece,0xF88147A1
0xDAD34776,,,0,1,0,1,1,0,0,4,4,4.29,0,break_piece,0x8B310BBB
0xDAF54C2A,slice1b_propdebris5,rainbow,1,1,0,0,1,0,0,5,5,8.43,1,break_piece,0x3ED46D48
0xDB04EB7B,jungle_bridge_metalvehiclea,rainbow,1,1,1,0,0,0,0,0,0,0.03,0,static,0xDB04EB7B
0xDB19BF2A,slice4a_propattach08_pristine,rainbow,1,1,0,1,1,0,0,4,4,0.64,0,break_piece,0xE6027C27
0xDB233A62,bone_planta,rainbow,1,1,0,0,1,0,0,1,1,1.26,0,,0x5F1CF60F
0xDB2A661A,,,0,1,0,0,0,0,0,3,3,0.41,1,break_piece,0xC1EEB3B3
0xDB37FF6D,slice4a_propattach06,rainbow,1,1,0,0,0,0,0,3,3,0.03,1,break_piece,0xE6027C27
0xDB556442,piece1b_propdebris36,rainbow,1,1,0,1,1,0,0,3,3,3.01,1,break_piece,0x493FD997
0xDB736B90,,,0,1,0,0,0,0,0,4,4,0.03,1,intact,0xA176803B
0xDB7FBA1B,,,0,1,0,0,1,0,0,3,3,2.55,0,,0x14D94B9B
0xDB83F0E7,piece1a_propattach08_ruin,rainbow,1,1,0,1,0,0,0,4,4,0.03,0,break_piece,0xF03E0102
0xDB86671F,,,0,1,0,1,1,0,0,5,5,3.81,1,break_piece,0xC1527544
0xDB95EC51,piece4c_pristine,rainbow,1,1,0,1,1,0,0,2,2,7.35,0,intact,0xFA83AC18
0xDBA727BB,global_env_treeoak01,rainbow,1,1,1,0,0,0,0,0,0,0.03,0,static,0xDBA727BB
0xDBADE12E,piece4a_propattach08_pristine,rainbow,1,1,0,1,1,0,0,4,4,7.99,0,intact,0x7DB2E527
0xDBB388B2,,,0,1,0,0,1,0,0,5,5,0.03,1,break_piece,0xC56B1A44
0xDBBA3EE6,vzoutpost_bld_garage_al,rainbow,1,1,1,0,0,0,0,0,0,0.03,0,static,0xDBBA3EE6
0xDBC463BE,,,0,1,0,1,1,0,0,5,5,5.90,1,break_piece,0xC56B1A44
0xDC249B5F,,,0,1,0,0,1,0,0,3,3,0.03,1,break_piece,0xB0D4E642
0xDC288CDA,,,0,1,0,1,1,0,0,5,5,1.70,0,intact,0xE31521AD
0xDC38AA47,slice1b_propattach14_pristine,rainbow,1,1,0,1,0,0,0,4,4,1.00,0,break_piece,0xCA20C1D9
0xDC3C3229,,,0,1,0,0,1,0,0,2,2,2.45,0,,0x1FBFBB4B
0xDC40B52E,hp_seat_dock_rr,rainbow,1,1,0,0,1,0,0,3,3,0.03,1,intact,0x60E7FFEB
0xDC4BA249,outpost_interiorsmall,rainbow,1,1,1,0,0,0,0,0,0,18.22,0,,0xDC4BA249
0xDC611BB1,industrial_cart,rainbow,1,1,1,0,0,0,0,0,0,0.03,0,static,0xDC611BB1
0xDC66F509,hp_fx_barrel_a,rainbow,1,1,0,0,1,0,0,5,5,0.03,1,intact,0x79905D82
0xDC67D187,bone_d1,rainbow,1,1,0,0,1,0,0,5,5,1.01,0,intact,0xEC6C211D
0xDC6B6ABE,,,0,1,0,1,1,0,0,5,5,4.63,1,break_piece,0xF6DEC8EA
0xDC6F3CCD,,,0,1,0,0,1,0,0,6,6,0.95,0,break_piece,0x95F4BA55
0xDC717376,industrial_bld_hangar01,rainbow,1,1,1,0,0,0,0,0,0,0.03,0,static,0xDC717376
0xDC72F3DB,,,0,1,0,0,1,0,0,3,3,0.03,1,intact,0x27C46DD1
0xDC7A13AD,slice1q_propattach00_pristine,rainbow,1,1,0,1,1,0,0,4,4,0.64,0,break_piece,0x805C965E
0xDC848A44,,,0,1,0,0,1,0,0,6,6,4.32,0,break_piece,0xA26387A9
0xDCA68CEE,floor02.piece1a_propdebris00,rainbow,1,1,0,1,1,0,0,3,3,7.59,1,break_piece,0x261F62BF
0xDCAE6C2B,,,0,1,0,0,0,0,0,5,5,1.01,1,intact,0x12732DD2
0xDCBDE81B,,,0,1,0,1,1,0,0,5,5,5.30,1,break_piece,0x35992F99
0xDCD15A98,,,0,1,0,0,1,0,0,5,5,0.03,1,break_piece,0xC56B1A44
0xDCDD8469,hp_kvsk,rainbow,1,1,1,0,0,0,0,0,0,1.32,0,static,0x7B1A9FA7
0xDCE08204,shanty_env_tree03,rainbow,1,1,1,0,0,0,0,0,0,0.03,0,static,0xDCE08204
0xDCE4DF45,piece5e_propdebris23,rainbow,1,1,0,1,1,0,0,3,3,2.32,1,break_piece,0x2CE290F9
0xDCED8426,,,0,1,0,1,1,0,0,1,1,1.34,0,intact,0x0D0B8CF5
0xDCF6C277,bone_pitch_ciwsfl,rainbow,1,1,0,0,0,0,0,6,6,2.22,1,intact,0x25FE00A7
0xDD03B99B,piece4d_propdebris01,rainbow,1,1,0,1,1,0,0,3,3,4.33,1,break_piece,0x04CC21CD
0xDD18AE0A,,,0,1,1,0,0,0,0,0,0,0.03,0,static,0xDD18AE0A
0xDD262A30,piece5c_propdebris19,rainbow,1,1,0,1,1,0,0,3,3,1.09,1,break_piece,0xF4AF3C5B
0xDD3E326E,global_stain04,rainbow,1,1,1,0,1,0,0,0,0,10.18,0,,0xDD3E326E
0xDD5371DE,slice2c_propdebris10,rainbow,1,1,0,1,1,0,0,3,3,4.52,1,break_piece,0x9DF6B30B
0xDD62E4D7,,,0,1,0,1,1,0,0,5,5,3.55,1,break_piece,0x818E5819
0xDD69D5BC,groutpost_bld_bunkersemitruck,rainbow,1,1,1,0,0,0,0,0,0,0.03,0,static,0xDD69D5BC
0xDD6A78E3,,,0,1,0,0,1,0,0,6,6,1.39,0,break_piece,0x0065B09D
0xDD7F78A4,piece3e_propdebris02,rainbow,1,1,0,1,1,0,0,3,3,3.21,1,break_piece,0xF51C01DD
0xDD867D90,,,0,1,0,1,1,0,0,5,5,3.81,1,break_piece,0x91E2FC68
0xDD8D7F2D,piece1b_propattach03_ruin,rainbow,1,1,0,1,0,0,0,4,4,0.03,0,break_piece,0x6B3A45A6
0xDDA9CCC6,,,0,1,0,0,1,0,0,5,5,0.03,1,break_piece,0x6B1DE27D
0xDDAE1B49,global_sandbagsstraightgr,rainbow,1,1,1,0,0,0,0,0,0,0.03,0,static,0xDDAE1B49
0xDDBA0B61,hp_dock,rainbow,1,1,0,0,1,0,0,1,1,0.03,1,static,0x43E676BB
0xDDBA557D,ocoutpost_bld_warehouse01,rainbow,1,1,1,0,0,0,0,0,0,0.03,0,static,0xDDBA557D
0xDDC1D2B0,,,0,1,0,0,0,0,0,2,2,0.03,1,,0x14D94B9B
0xDDCB9036,piece2h_pristine,rainbow,1,1,0,1,0,0,0,2,2,14.59,0,intact,0x91E2FC68
0xDDCFC1A7,,,0,1,0,1,1,0,0,1,1,0.53,0,intact,0x3511CCE7
0xDDDDD433,piece2a_propattach02,rainbow,1,1,0,0,0,0,0,3,3,0.03,1,break_piece,0xCFAC6851
0xDDDF0AFB,,,0,1,1,0,1,0,0,0,0,0.90,0,,0x3B4E53C0
0xDDE0070C,chinaoutpost_bld_commbunker01,rainbow,1,1,1,0,0,0,0,0,0,0.03,0,static,0xDDE0070C
0xDDE0E298,,,0,1,0,0,1,0,0,6,6,1.99,0,break_piece,0x31F0FE47
0xDDE38829,,,0,1,1,0,1,0,0,0,0,0.55,0,,0x4349E32A
0xDDEC7EBB,village_fruitboxstackd,rainbow,1,1,1,0,0,0,0,0,0,0.03,0,static,0xDDEC7EBB
0xDDEF9460,,,0,1,0,1,1,0,0,4,4,1.20,0,break_piece,0xD1574A09
0xDDF0F3AA,piece2e_propdebris01,rainbow,1,1,0,1,1,0,0,3,3,7.83,1,break_piece,0xF51C01DD
0xDDF30063,,,0,1,0,1,1,0,0,1,1,0.44,0,intact,0x759BDE16
0xDE0C6762,merida_plazalampost,rainbow,1,1,1,0,0,0,0,0,0,0.03,0,static,0xDE0C6762
0xDE1DCE82,slice2g_propattach00_pristine,rainbow,1,1,0,1,1,0,0,4,4,14.10,0,intact,0x0B7CC1B7
0xDE3270C0,proutpost_att_satelitelarge,rainbow,1,1,1,0,0,0,0,0,0,0.03,0,static,0xDE3270C0
0xDE32CA3C,piece1e_propdebris31,rainbow,1,1,0,1,1,0,0,3,3,2.82,1,break_piece,0xC808E35C
0xDE459024,piece1f_propdebris12,rainbow,1,1,0,1,1,0,0,3,3,2.59,1,break_piece,0xC808E35C
0xDE45AE42,industrial_cartsmelting,rainbow,1,1,1,0,0,0,0,0,0,0.03,0,static,0xDE45AE42
0xDE4E9E0A,,,0,1,0,0,1,0,0,4,4,0.03,1,intact,0xC142F94B
0xDE5E396F,,,0,1,0,1,0,0,0,5,5,4.58,0,break_piece,0x2B97DD31
0xDE5E7647,,,0,1,0,1,1,0,0,5,5,1.09,1,break_piece,0xB358951D
0xDE709719,hp_bartender,rainbow,1,1,0,0,1,0,0,1,1,0.03,1,,0x8185C0A5
0xDE720F37,piece2z_propdebris16,rainbow,1,1,0,1,1,0,0,3,3,8.22,1,break_piece,0xB6B946F4
0xDE85B685,,,0,1,0,0,1,0,0,2,2,44.71,0,break_piece,0x8B73A257
0xDEA5CEE1,slice7f_propdebris02,rainbow,1,1,0,1,1,0,0,3,3,4.81,1,break_piece,0x04CC21CD
0xDEAA0EF8,piece1b_propattach18,rainbow,1,1,0,0,0,0,0,3,3,0.03,0,break_piece,0x6B3A45A6
0xDEAE7382,,,0,1,0,1,1,0,0,5,5,2.42,1,break_piece,0x2A5FF32E
0xDEAE8C26,piece1b_propattach16,rainbow,1,1,0,0,0,0,0,3,3,0.03,0,break_piece,0x6B3A45A6
0xDEAE9C51,,,0,1,0,0,1,0,0,3,3,2.08,1,,0x32FBE556
0xDEB4C243,floor01.piece1a_propdebris00,rainbow,1,1,0,1,1,0,0,3,3,6.53,1,break_piece,0x13417609
0xDEB5FA67,vzoutpost_bld_barrackbunker_oc,rainbow,1,1,1,0,0,0,0,0,0,0.03,0,static,0xDEB5FA67
0xDEB7B6F0,global_waterpuddle04,rainbow,1,1,1,0,1,0,0,0,0,8.94,0,,0xDEB7B6F0
0xDED20679,,,0,1,0,1,1,0,0,4,4,5.11,1,break_piece,0xD1968AF1
0xDED7B1FF,,,0,1,0,0,1,0,0,6,6,1.04,0,break_piece,0x80C357EC
0xDEE07EA5,,,0,1,0,1,1,0,0,5,5,4.94,1,break_piece,0x35992F99
0xDEEB2974,,,0,1,0,0,0,0,0,5,5,2.43,0,break_piece,0x0065B09D
0xDEEB812A,,,0,1,0,1,0,0,0,5,5,0.03,0,break_piece,0xFA83AC18
0xDEEC6E9F,bone_engine_r,rainbow,1,1,0,0,0,0,0,2,2,8.38,0,,0x32FBE556
0xDEF727DE,,,0,1,1,0,0,0,0,0,0,0.03,0,static,0xDEF727DE
0xDEF8FDFF,aloutpost_interior_job,rainbow,1,1,1,0,0,0,0,0,0,52.38,0,,0xDEF8FDFF
0xDEFC48D8,,,0,1,0,1,1,0,0,6,6,0.87,0,break_piece,0xEC0DAFF2
0xDEFCD9AE,,,0,1,0,0,1,0,0,3,3,0.03,1,break_piece,0x97A96272
0xDF07CF5C,,,0,1,0,1,1,0,0,1,1,0.34,0,intact,0x4AB6F9B6
0xDF07DBFF,mountain_blastdoors_stitcher,rainbow,1,1,1,0,1,0,0,0,0,194.96,0,,0xDF07DBFF
0xDF0BF4A5,bone_pitch_ciwsrr,rainbow,1,1,0,0,0,0,0,6,6,2.22,1,intact,0x25FE00A7
0xDF17875D,,,0,1,0,0,1,0,0,4,4,0.03,1,break_piece,0xC2D96DD1
0xDF18175D,city_bld_apartment05,rainbow,1,1,1,0,0,0,0,0,0,0.03,0,static,0xDF18175D
0xDF32860E,,,0,1,0,1,0,0,0,3,3,17.40,0,break_piece,0xE54047D5
0xDF3B2FD1,global_weapon_tripodmount,rainbow,1,1,1,0,0,0,0,0,0,0.03,0,static,0xDF3B2FD1
0xDF402C10,,,0,1,0,0,1,0,0,3,3,0.03,1,intact,0xE59723FD
0xDF418944,,,0,1,0,1,1,0,0,4,4,9.62,0,intact,0xB0D4E642
0xDF466784,slice5e_ruin,rainbow,1,1,0,1,1,0,0,2,2,33.96,0,intact,0xA27EA462
0xDF49E688,,,0,1,0,0,1,0,0,6,6,2.09,0,break_piece,0xCDC5617A
0xDF5DE026,,,0,1,0,0,1,0,0,5,5,1.00,0,break_piece,0x4F3C5FBE
0xDF6639E0,,,0,1,0,0,1,0,0,2,2,0.03,1,break_piece,0x1A74D3EE
0xDF6ACBC3,,,0,1,1,0,0,0,0,0,0,0.03,0,static,0xDF6ACBC3
0xDF6B5806,,,0,1,0,0,1,0,0,2,2,35.96,0,break_piece,0x8B73A257
0xDF93DCDA,global_flag_largeal,rainbow,1,1,1,0,0,0,0,0,0,0.03,0,static,0xDF93DCDA
0xDF9FBF3D,global_barbequea_01,rainbow,1,1,1,0,0,0,0,0,0,0.03,0,static,0xF8157A99
0xDFBB1F9E,,,0,1,1,0,0,0,0,0,0,0.03,0,static,0xA76D0DA1
0xDFC54BE1,hp_barreltip_samfm_d,rainbow,1,1,0,0,1,0,0,6,6,0.03,1,intact,0xE54047D5
0xDFCA6EB7,,,0,1,0,0,1,0,0,6,6,1.83,1,break_piece,0x1125CB99
0xDFCF5EC8,piece1b_propdebris92,rainbow,1,1,0,1,1,0,0,3,3,24.72,1,break_piece,0xA948DDA6
0xDFD9CEED,,,0,1,0,0,1,0,0,3,3,0.03,1,break_piece,0x7604B190
0xDFE1A7C9,slice6c_propdebris04,rainbow,1,1,0,1,1,0,0,3,3,3.45,1,break_piece,0x04CC21CD
0xDFF87835,global_raillong,rainbow,1,1,1,0,0,0,0,0,0,0.03,0,static,0xDFF87835
0xE002EE64,sign37,rainbow,1,1,1,0,0,0,0,0,0,0.03,0,static,0xE002EE64
0xE01385D2,,,0,1,0,0,0,0,0,4,4,0.03,1,break_piece,0xE31521AD
0xE01CE9F2,maracaibo_bld_segment32x32a,rainbow,1,1,1,0,0,0,0,0,0,0.03,0,static,0xE01CE9F2
0xE01D2574,vz_veh_truck_m38_cab116_damage_nl,rainbow,1,1,1,0,1,0,0,0,0,46.96,0,,0xE01D2574
0xE020EFB3,,,0,1,1,0,0,0,0,0,0,0.03,0,static,0xE020EFB3
0xE03E2FF8,,,0,1,0,0,1,0,0,4,4,0.03,1,break_piece,0xDBA727BB
0xE0589D13,L1_closeup5,rainbow,1,1,0,0,1,0,0,6,6,1.23,0,intact,0x2255CE3E
0xE0691D96,village_bld_watchtower01,rainbow,1,1,1,0,0,0,0,0,0,0.03,0,static,0xE0691D96
0xE0952F25,,,0,1,0,1,1,0,0,5,5,3.04,1,break_piece,0x25FE00A7
0xE098675C,,,0,1,0,1,1,0,0,5,5,2.24,1,break_piece,0x25FE00A7
0xE09C2632,slice1c_propattach09_ruin,rainbow,1,1,0,1,0,0,0,4,4,0.03,0,break_piece,0x2F1F099B
0xE0B7F315,,,0,1,0,0,1,0,0,4,4,0.03,1,break_piece,0xD1968AF1
0xE0C7C900,floor01.slice1c,rainbow,1,1,0,0,0,0,0,1,1,0.03,0,static,0x149FC407
0xE0C8AF37,merida_signfolda,rainbow,1,1,1,0,0,0,0,0,0,0.03,0,,0xE0C8AF37
0xE0E73348,,,0,1,0,0,1,0,0,5,5,0.03,1,break_piece,0xE6027C27
0xE0F54318,,,0,1,0,0,1,0,0,5,5,0.97,1,break_piece,0x19E2962E
0xE110E2D3,proutpost_dockb,rainbow,1,1,1,0,0,0,0,0,0,0.03,0,static,0xE110E2D3
0xE115E9BC,,,0,1,0,1,1,0,0,5,5,1.70,0,break_piece,0xE31521AD
0xE1164C84,,,0,1,0,0,1,0,0,3,3,0.03,1,break_piece,0xDE3270C0
0xE11CA51E,bone_yaw_barrel,rainbow,1,1,0,0,0,0,0,6,6,0.29,1,break_piece,0xBDED558F
0xE11E99AD,,,0,1,1,0,0,0,0,0,0,0.03,0,static,0xE11E99AD
0xE1323349,piece1b_propattach16_pristine,rainbow,1,1,0,1,1,0,0,4,4,1.31,0,break_piece,0x6B3A45A6
0xE150713D,,,0,1,0,1,0,0,0,4,4,1.00,0,break_piece,0xFD0229C3
0xE152EF85,,,0,1,0,0,0,0,0,5,5,0.03,0,break_piece,0x179A7702
0xE15A50D7,slice3f_propdebris00,rainbow,1,1,0,1,1,0,0,3,3,3.15,1,break_piece,0x04CC21CD
0xE15D483A,,,0,1,0,0,1,0,0,4,4,0.03,1,intact,0xC142F94B
0xE15ECE05,slice3f_propdebris02,rainbow,1,1,0,1,1,0,0,3,3,3.31,1,break_piece,0x04CC21CD
0xE171555F,,,0,1,0,1,1,0,0,5,5,3.53,1,break_piece,0x818E5819
0xE18343ED,global_billboard_bridge01,rainbow,1,1,1,0,0,0,0,0,0,0.03,0,static,0xE18343ED
0xE196043F,,,0,1,0,0,1,0,0,3,3,2.52,1,,0x32FBE556
0xE1A5C2F0,,,0,1,0,0,1,0,0,3,3,9.22,1,intact,0xA6489D3A
0xE1B70517,,,0,1,0,1,1,0,0,1,1,1.32,0,intact,0x8BC154D7
0xE1B7FE1F,,,0,1,0,1,1,0,0,5,5,5.29,1,break_piece,0xB358951D
0xE1C50669,piece1b_propattach09_pristine,rainbow,1,1,0,1,1,0,0,4,4,0.64,0,break_piece,0x6B3A45A6
0xE1EB7ABF,merida_plateau01,rainbow,1,1,1,0,1,0,0,0,0,175.64,0,,0xE1EB7ABF
0xE1F3FB3D,,,0,1,1,0,0,0,0,0,0,1.13,0,static,0x77F115C8
0xE1FBD6FD,bone_b1,rainbow,1,1,0,0,1,0,0,5,5,1.02,0,intact,0xEC6C211D
0xE2068412,chinaoutpost_bld_hangar01,rainbow,1,1,1,0,0,0,0,0,0,0.03,0,static,0xE2068412
0xE208ED9B,hp_gunmount_ml,rainbow,1,1,0,0,1,0,0,4,4,0.03,1,intact,0x9387F335
0xE21667A3,,,0,1,0,0,1,0,0,6,6,0.03,1,break_piece,0x9FCAE910
0xE2329B68,global_boxb,rainbow,1,1,1,0,1,0,0,0,0,1.73,0,,0xE2329B68
0xE2381C50,,,0,1,0,0,1,0,0,1,1,0.03,1,static,0xA948DDA6
0xE23A9A22,hp_seat_dock_fr,rainbow,1,1,0,0,1,0,0,3,3,0.03,1,intact,0x60E7FFEB
0xE23E48E0,piece1a_propattach15,rainbow,1,1,0,0,0,0,0,3,3,0.03,1,break_piece,0xE5133554
0xE25098E4,,,0,1,1,0,0,0,0,0,0,0.03,0,static,0xE25098E4
0xE2515E06,,,0,1,1,0,1,0,0,0,0,3.35,0,,0xE2515E06
0xE259AF24,,,0,1,0,1,0,0,0,5,5,4.89,0,break_piece,0xBDED558F
0xE25FD141,,,0,1,0,1,0,0,0,5,5,0.03,1,break_piece,0xDDE0070C
0xE27B4F09,,,0,1,0,0,1,0,0,4,4,0.03,0,break_piece,0x0189C80A
0xE2904331,,,0,1,0,0,1,0,0,3,3,2.10,0,,0x14D94B9B
0xE2A510ED,,,0,1,0,1,1,0,0,5,5,2.99,1,break_piece,0xF2391F54
0xE2AFC97B,piece4a_propattach07_pristine,rainbow,1,1,0,1,1,0,0,4,4,8.03,0,intact,0x7DB2E527
0xE2B10F0B,,,0,1,0,1,1,0,0,7,7,0.76,1,break_piece,0xDA219845
0xE2B57CFB,global_flag_wallgr,rainbow,1,1,1,0,0,0,0,0,0,0.03,0,static,0xE2B57CFB
0xE2B58C39,,,0,1,0,1,1,0,0,7,7,1.18,1,break_piece,0xDA219845
0xE2D0E6DB,,,0,1,0,0,1,0,0,6,6,0.89,0,break_piece,0x340B1CB8
0xE2D35DFB,,,0,1,0,0,0,0,0,1,1,0.28,1,,0x42740E1B
0xE2D7D13C,,,0,1,0,1,1,0,0,4,4,3.52,0,break_piece,0x8B310BBB
0xE2D7DB29,,,0,1,0,0,0,0,0,1,1,0.28,1,,0x42740E1B
0xE2D8A6FE,piece2b_propdebris13,rainbow,1,1,0,1,1,0,0,3,3,4.04,1,break_piece,0xC576F6BC
0xE2DC3F06,,,0,1,1,0,0,0,0,0,0,0.03,0,static,0xE2DC3F06
0xE2E1457F,piece1e_propattach04_ruin,rainbow,1,1,0,1,1,0,0,4,4,6.48,0,break_piece,0x7DB2E527
0xE2E7F1FD,,,0,1,0,0,1,0,0,2,2,2.53,1,,0x1FBFBB4B
0xE2F837A9,,,0,1,0,0,0,0,0,2,2,0.03,1,,0x14D94B9B
0xE30D9D89,floor03.piece1b_propdebris12,rainbow,1,1,0,1,1,0,0,3,3,4.37,1,break_piece,0xCA3AC936
0xE31521AD,civ_veh_bus_escort,rainbow,1,1,1,0,0,0,0,0,0,0.03,0,static,0xE31521AD
0xE332E3BA,bullbar_horn_cage_r_ruin,rainbow,1,1,0,1,1,0,0,4,4,6.56,0,intact,0xB993D852
0xE33AA072,,,0,1,0,1,1,0,0,5,5,6.25,1,break_piece,0x2A5FF32E
0xE33E917B,,,0,1,1,0,0,0,0,0,0,0.03,0,static,0xE33E917B
0xE342D351,slice6c_ruin,rainbow,1,1,0,1,0,0,0,2,2,32.93,0,break_piece,0x04CC21CD
0xE343AF3B,shanty_bld_shack05,rainbow,1,1,1,0,0,0,0,0,0,0.03,0,static,0xE343AF3B
0xE3481A4E,piece3e_propdebris13,rainbow,1,1,0,1,1,0,0,3,3,1.97,1,break_piece,0xA1A48E75
0xE35824F8,merida_bld_lockerroom,rainbow,1,1,1,0,0,0,0,0,0,0.03,0,static,0xE35824F8
0xE35CBD6E,,,0,1,0,0,0,0,0,2,2,0.03,1,,0x14D94B9B
0xE364019B,,,0,1,0,1,1,0,0,5,5,1.55,0,break_piece,0x6B1DE27D
0xE3674023,piece1g_propdebris16,rainbow,1,1,0,1,1,0,0,3,3,3.59,1,break_piece,0xC808E35C
0xE36AC7A8,,,0,1,0,0,1,0,0,5,5,0.03,1,break_piece,0x3FF2692D
0xE36C8586,,,0,1,1,0,0,0,0,0,0,0.03,0,,0xE36C8586
0xE36EC752,,,0,1,0,0,1,0,0,3,3,7.90,1,,0x32FBE556
0xE3763759,,,0,1,0,0,1,0,0,5,5,1.91,0,intact,0x232B1C7C
0xE37F4FB0,,,0,1,0,0,0,0,0,2,2,0.03,1,,0x14D94B9B
0xE38EB866,,,0,1,0,0,1,0,0,6,6,0.95,0,break_piece,0x8CA421C3
0xE394EC10,piece1e_propattach02,rainbow,1,1,0,0,0,0,0,3,3,0.03,1,break_piece,0x7DB2E527
0xE39A338F,piece1b_propattach07_pristine,rainbow,1,1,0,1,1,0,0,4,4,4.04,0,intact,0x6B3A45A6
0xE3A34F30,slice4a_propattach10,rainbow,1,1,0,0,0,0,0,3,3,0.03,1,break_piece,0xE6027C27
0xE3B81AED,,,0,1,0,0,1,0,0,4,4,1.70,1,intact,0x74EB59B1
0xE3CCE0E6,commercial_bld_corner8x8b,rainbow,1,1,1,0,0,0,0,0,0,0.03,0,static,0xE3CCE0E6
0xE3CD9D42,global_watertowerc,rainbow,1,1,1,0,0,0,0,0,0,0.03,0,static,0xE3CD9D42
0xE3DC28A8,hp_seat_r,rainbow,1,1,0,0,1,0,0,4,4,0.03,1,intact,0xAE96B0D7
0xE3DCF232,slice2b_propdebris08,rainbow,1,1,0,1,1,0,0,3,3,2.56,1,break_piece,0xB1EFE9B5
0xE3E11BBA,,,0,1,0,1,1,0,0,1,1,0.55,0,intact,0x5253854D
0xE3F1258C,,,0,1,0,0,1,0,0,3,3,0.03,1,break_piece,0xBDE06DCB
0xE3F513FE,,,0,1,0,0,0,0,0,4,4,1.21,0,break_piece,0xB993D852
0xE3F856A9,bone_rudder_rl,rainbow,1,1,0,0,1,0,0,4,4,2.27,1,intact,0xC733E65D
0xE42B5383,,,0,1,0,0,1,0,0,1,1,0.03,1,static,0xA948DDA6
0xE42C295A,,,0,1,1,0,0,0,0,0,0,0.03,0,static,0xBDA1507E
0xE43A561C,global_env_bush01,rainbow,1,1,1,0,0,0,0,0,0,0.03,0,static,0xE43A561C
0xE440E237,slice3d_propattach00,rainbow,1,1,0,0,0,0,0,3,3,0.03,1,break_piece,0x6F4B9CA8
0xE441791C,,,0,1,0,0,1,0,0,3,3,0.03,1,break_piece,0xE59723FD
0xE4444A8B,floor01.piece1a_propdebris22,rainbow,1,1,0,1,1,0,0,3,3,11.37,1,break_piece,0x601A1292
0xE4535FF7,,,0,1,0,1,1,0,0,5,5,3.45,1,break_piece,0x35992F99
0xE4543ED4,,,0,1,0,1,0,0,0,4,4,6.42,0,break_piece,0x25FE00A7
0xE46F1C91,piece4a_propdebris00,rainbow,1,1,0,1,1,0,0,3,3,3.39,1,break_piece,0x8E8ED4C0
0xE4999459,,,0,1,0,0,1,0,0,2,2,4.98,1,,0xC1E0DE18
0xE4AA15B3,piece4c_propdebris13,rainbow,1,1,0,1,1,0,0,3,3,1.89,1,break_piece,0xFA83AC18
0xE4AB8138,slice3e_propdebris02,rainbow,1,1,0,1,1,0,0,3,3,1.96,1,break_piece,0x04CC21CD
0xE4B86624,,,0,1,0,0,1,0,0,4,4,0.03,1,intact,0xD4E88AFD
0xE4C263C8,,,0,1,0,0,1,0,0,4,4,1.03,1,break_piece,0xB993D852
0xE4E3CCE4,,,0,1,0,1,1,0,0,4,4,2.21,0,break_piece,0x7EC3FC58
0xE4EE3C3B,bone_pitch_samfm,rainbow,1,1,0,0,0,0,0,5,5,3.14,1,intact,0xE54047D5
0xE5133554,industrial_bld_silowide,rainbow,1,1,1,0,0,0,0,0,0,0.03,0,static,0xE5133554
0xE51D5290,,,0,1,0,0,1,0,0,6,6,0.03,1,intact,0x0C95FF35
0xE524F263,shanty_wallstraight02,rainbow,1,1,1,0,0,0,0,0,0,0.03,0,static,0xE524F263
0xE533239D,L3_far9,rainbow,1,1,0,0,1,0,0,5,5,11.70,0,intact,0x585A9008
0xE54047D5,al_veh_boat_destroyer,rainbow,1,1,1,0,0,0,0,0,0,0.03,0,static,0xE54047D5
0xE55B11A1,industrial_bld_gasstation02,rainbow,1,1,1,0,0,0,0,0,0,0.03,0,static,0xE55B11A1
0xE55C541A,global_stain08,rainbow,1,1,1,0,1,0,0,0,0,6.61,0,,0xE55C541A
0xE5640ED9,,,0,1,0,0,1,0,0,7,7,0.78,1,break_piece,0x25B3F7BC
0xE56C33F1,,,0,1,0,0,1,0,0,3,3,0.03,1,break_piece,0x7604B190
0xE57478EE,,,0,1,1,0,0,0,0,0,0,0.03,0,static,0xCFAC6851
0xE5784777,slice4b,rainbow,1,1,0,0,0,0,0,1,1,0.03,0,static,0x1A74D3EE
0xE5882343,piece1e_propattach05,rainbow,1,1,0,0,0,0,0,3,3,0.03,1,break_piece,0x7DB2E527
0xE596E91B,,,0,1,2,0,2,0,0,0,0,1.43,0,,0x5B3AFE68
0xE59A003D,,,0,1,0,0,1,0,0,5,5,0.03,1,break_piece,0xCFAC6851
0xE5B5E195,,,0,1,0,0,1,0,0,6,6,0.03,1,break_piece,0xB0D4E642
0xE5BD621A,,,0,1,0,0,0,0,0,2,2,0.03,1,,0x14D94B9B
0xE5C37705,,,0,1,0,0,1,0,0,5,5,1.70,0,intact,0x232B1C7C
0xE5C8A1D1,,,0,1,0,0,0,0,0,1,1,0.03,0,,0x307D6AE1
0xE5DD6D36,,,0,1,0,0,1,0,0,6,6,1.03,0,break_piece,0x46C5012C
0xE5DDF776,hp_tankshell,rainbow,1,1,1,0,1,0,0,0,0,0.53,0,,0x261F45A4
0xE5E38072,,,0,1,0,0,1,0,0,4,4,0.03,1,intact,0xD4E88AFD
0xE5E52223,bone_roll_turret_b,rainbow,1,1,0,0,1,0,0,6,6,0.98,1,intact,0xCE77D4CB
0xE5F6C122,,,0,1,0,0,1,0,0,4,4,0.03,1,break_piece,0xA113D98D
0xE5F87138,,,0,1,0,0,1,0,0,3,3,7.90,1,,0x32FBE556
0xE5FADACE,caracas_skytramplateau01,rainbow,1,1,1,0,1,0,0,0,0,105.96,0,,0xE5FADACE
0xE601A9D5,,,0,1,2,0,0,0,0,0,0,1.02,0,,0x3B2BC17E
0xE6027C27,outpost_bld_vzwarehouselarge,rainbow,1,1,1,0,0,0,0,0,0,0.03,0,static,0xE6027C27
0xE606410D,,,0,1,1,0,0,0,0,0,0,0.03,0,static,0xE606410D
0xE6108F74,,,0,1,0,0,0,0,0,3,3,0.03,1,break_piece,0x74474CB1
0xE61ADDF8,hp_jdam,rainbow,1,1,1,0,1,0,0,0,0,2.14,0,,0x96AE27BA
0xE6247481,,,0,1,0,1,1,0,0,5,5,6.22,1,break_piece,0x0B7CC1B7
0xE6360DC7,,,0,1,0,0,1,0,0,5,5,0.03,1,break_piece,0x319D840A
0xE640D6C5,,,0,1,0,0,1,0,0,6,6,0.03,1,break_piece,0x9FCAE910
0xE64E15B6,,,0,1,0,1,1,0,0,5,5,6.58,1,break_piece,0xA27EA462
0xE651CD4D,,,0,1,0,0,1,0,0,4,4,1.88,1,intact,0xA176803B
0xE655CEC4,bone_pitch_samrr,rainbow,1,1,0,0,0,0,0,6,6,3.14,1,intact,0xE54047D5
0xE65BC20B,slice3a_propattach10,rainbow,1,1,0,0,0,0,0,3,3,0.03,1,break_piece,0xE6027C27
0xE6603F39,slice3a_propattach12,rainbow,1,1,0,0,0,0,0,3,3,0.03,1,break_piece,0xE6027C27
0xE6630B09,slice2n_propattach00_ruin,rainbow,1,1,0,1,0,0,0,4,4,0.03,0,break_piece,0x0B7CC1B7
0xE67081C8,,,0,1,0,1,1,0,0,4,4,47.22,0,intact,0xC56B1A44
0xE6734708,hp_fx_clothesline_d,rainbow,1,1,0,0,1,0,0,3,3,0.03,1,break_piece,0x8F25996F
0xE67C02D6,global_pile01,rainbow,1,1,1,0,0,0,0,0,0,0.03,0,static,0xE67C02D6
0xE6810AC0,bone_rotor_blade_0,rainbow,1,1,0,0,1,0,0,7,7,7.24,0,intact,0xF6DEC8EA
0xE681E94F,,,0,1,0,0,1,0,0,3,3,0.03,1,break_piece,0xB993D852
0xE697432B,,,0,1,0,0,1,0,0,4,4,0.03,1,break_piece,0xDCE08204
0xE69EB86B,slice3e_propdebris05,rainbow,1,1,0,1,1,0,0,3,3,2.89,1,break_piece,0x04CC21CD
0xE6A4E7DE,,,0,1,0,0,1,0,0,5,5,0.03,1,break_piece,0x7366155A
0xE6A926FE,,,0,1,0,1,1,0,0,5,5,4.01,1,break_piece,0x35992F99
0xE6AA58A7,slice7f_propdebris04,rainbow,1,1,0,1,1,0,0,3,3,5.98,1,break_piece,0x04CC21CD
0xE6B3465A,global_waterpuddle06,rainbow,1,1,1,0,1,0,0,0,0,4.92,0,,0xE6B3465A
0xE6C06173,,,0,1,0,0,1,0,0,3,3,0.03,1,intact,0x6B432F1C
0xE6C071E3,,,0,1,0,1,1,0,0,5,5,6.32,1,break_piece,0x0B7CC1B7
0xE6D4A64A,,,0,1,0,1,1,0,0,4,4,6.73,0,intact,0xC56B1A44
0xE6D56345,bone_pitch_missile,rainbow,1,1,0,0,1,0,0,5,5,0.03,0,break_piece,0xC23032BC
0xE6DD967C,,,0,1,0,0,0,0,0,1,1,0.03,0,,0x307D6AE1
0xE6EC47A0,,,0,1,0,0,1,0,0,5,5,0.03,1,break_piece,0x9FCAE910
0xE6EDEA32,,,0,1,0,1,0,0,0,5,5,4.00,0,break_piece,0xAC990539
0xE6F0D073,slice2o_propattach00,rainbow,1,1,0,0,0,0,0,3,3,0.03,1,break_piece,0x0B7CC1B7
0xE700270E,,,0,1,0,0,1,0,0,3,3,0.03,1,break_piece,0x058CD8B8
0xE700B8EE,global_flag_smallal,rainbow,1,1,1,0,0,0,0,0,0,0.03,0,static,0xE700B8EE
0xE706C18E,,,0,1,0,1,1,0,0,1,1,1.37,0,intact,0xF9EA3B44
0xE72B65C4,,,0,1,0,1,1,0,0,4,4,2.43,1,break_piece,0xE54047D5
0xE73036CE,,,0,1,0,0,1,0,0,3,3,2.55,0,,0x14D94B9B
0xE74F8B4D,global_stain03,rainbow,1,1,1,0,1,0,0,0,0,21.43,0,,0xE74F8B4D
0xE75E9C19,piece1a_propattach13_pristine,rainbow,1,1,0,1,1,0,0,4,4,0.64,0,break_piece,0xE5133554
0xE76B8B42,,,0,1,0,1,1,0,0,5,5,6.32,1,break_piece,0x0B7CC1B7
0xE789E076,,,0,1,0,0,1,0,0,3,3,0.03,1,break_piece,0xB0D4E642
0xE7ADAB7E,,,0,1,0,0,0,0,0,4,4,0.34,1,break_piece,0x9FCAE910
0xE7B0ED18,hp_seat_ciwsrr,rainbow,1,1,0,0,1,0,0,3,3,0.03,1,break_piece,0x25FE00A7
0xE7B0EFBA,hp_barreltip_missile_a,rainbow,1,1,0,0,1,0,0,5,5,0.03,1,intact,0x56EE6A1F
0xE7B8D4CB,hp_weapon_b,rainbow,1,1,0,0,1,0,0,1,1,0.03,1,,0x223593E1
0xE7B9BA13,,,0,1,1,0,1,0,0,0,0,3.19,0,,0xE7B9BA13
0xE7BF2B42,,,0,1,0,0,0,0,0,3,3,0.24,1,break_piece,0xC1EEB3B3
0xE7C9D5A7,hp_barreltip_samfm_b,rainbow,1,1,0,0,1,0,0,6,6,0.03,1,intact,0xE54047D5
0xE7CE7FAA,slice2b_propattach11,rainbow,1,1,0,0,0,0,0,3,3,0.03,1,break_piece,0x6B1DE27D
0xE7D5E059,,,0,1,0,0,1,0,0,3,3,0.03,1,break_piece,0x40D1E566
0xE7DC6513,slice5c_propdebris01,rainbow,1,1,0,1,1,0,0,3,3,2.90,1,break_piece,0x04CC21CD
0xE7DD38D8,,,0,1,0,1,1,0,0,5,5,4.04,1,break_piece,0xE6027C27
0xE7E6318F,slice6c_propdebris02,rainbow,1,1,0,1,1,0,0,3,3,4.16,1,break_piece,0x04CC21CD
0xE7F6F861,hp_fx_light19,rainbow,1,1,0,0,1,0,0,1,1,0.03,1,static,0x04ED3522
0xE80BB8FC,,,0,1,0,0,0,0,0,4,4,0.03,1,break_piece,0x2B97DD31
0xE81089BB,,,0,1,0,1,1,0,0,4,4,1.91,0,intact,0xD1574A09
0xE8448B96,,,0,1,0,1,1,0,0,5,5,1.55,0,break_piece,0x6B1DE27D
0xE8464B8E,floor01.slice2b_propdebris07,rainbow,1,1,0,1,1,0,0,3,3,4.74,1,break_piece,0xD1574A09
0xE84DC031,maracaibo_patz78,rainbow,1,1,0,0,1,0,0,3,3,2.10,0,,0x14D94B9B
0xE856CDCC,,,0,1,0,0,0,0,0,5,5,1.40,1,break_piece,0x9FCAE910
0xE85A5F8A,bone_sideskirt_rg,rainbow,1,1,0,0,1,0,0,3,3,1.97,1,break_piece,0xF88147A1
0xE85D130D,oilrig_towerblowoutsmalla,rainbow,1,1,1,0,0,0,0,0,0,0.03,0,static,0xE85D130D
0xE85D9C1C,,,0,1,0,1,0,0,0,5,5,0.03,1,break_piece,0xDDE0070C
0xE861E7E8,slice3g_propdebris00,rainbow,1,1,0,1,1,0,0,3,3,3.31,1,break_piece,0x04CC21CD
0xE86593FA,global_trashbag01,rainbow,1,1,1,0,0,0,0,0,0,0.03,0,static,0xE86593FA
0xE867A77D,hp_dock_fml,rainbow,1,1,0,0,1,0,0,3,3,0.03,1,intact,0x60E7FFEB
0xE86B2EC5,,,0,1,0,1,1,0,0,5,5,4.03,0,break_piece,0x2171B6D7
0xE87F9599,slice5d_pristine,rainbow,1,1,0,1,0,0,0,2,2,39.16,0,intact,0x04CC21CD
0xE885BBF6,,,0,1,0,1,1,0,0,5,5,3.81,1,break_piece,0xFD0229C3
0xE897DB23,,,0,1,0,1,1,0,0,5,5,19.25,1,break_piece,0x56D04AA8
0xE8ACF83A,maracaibo_patz55,rainbow,1,1,0,0,1,0,0,3,3,2.10,0,,0x14D94B9B
0xE8B8F4B3,industrial_bld_domerefinery,rainbow,1,1,1,0,0,0,0,0,0,0.03,0,static,0xE8B8F4B3
0xE8BB67D7,piece1b_propattach13,rainbow,1,1,0,0,0,0,0,3,3,0.03,1,break_piece,0x6B3A45A6
0xE8C4D0D7,,,0,1,0,0,0,0,0,1,1,0.03,0,,0x307D6AE1
0xE8C6973D,,,0,1,0,0,1,0,0,4,4,0.03,1,intact,0xC733E65D
0xE8C6DC01,merida_market05,rainbow,1,1,1,0,0,0,0,0,0,0.03,0,static,0xE8C6DC01
0xE8D2B208,global_env_hedgeshort,rainbow,1,1,1,0,0,0,0,0,0,0.03,0,static,0xE8D2B208
0xE8DFE17F,white_o24627,rainbow,1,1,0,0,0,0,0,3,3,0.03,1,break_piece,0x04549112
0xE8E2E008,,,0,1,0,1,1,0,0,5,5,6.76,1,break_piece,0x0B7CC1B7
0xE8E58109,ch_veh_tank_pgz95_command,rainbow,1,1,1,0,0,0,0,0,0,0.03,0,static,0xE8E58109
0xE8EB75D7,pmcoutpost_interior_recruitmechanic,rainbow,1,1,1,0,0,0,0,0,0,0.03,0,static,0xE8EB75D7
0xE9134F27,,,0,1,0,1,1,0,0,5,5,3.47,1,break_piece,0xC1527544
0xE9219C8A,,,0,1,1,0,0,0,0,0,0,0.03,0,static,0xE9219C8A
0xE92464DD,groutpost_bld_tentsmalltarp,rainbow,1,1,1,0,0,0,0,0,0,0.03,0,static,0xE92464DD
0xE935CC2C,piece3c_propdebris39,rainbow,1,1,0,1,1,0,0,3,3,3.27,1,break_piece,0xB6B946F4
0xE9521A28,,,0,1,0,0,1,0,0,5,5,0.03,1,break_piece,0x319D840A
0xE952CFC2,,,0,1,0,0,0,0,0,5,5,1.20,1,break_piece,0x25B3F7BC
0xE9569526,piece2e_propdebris12,rainbow,1,1,0,1,1,0,0,3,3,2.18,1,break_piece,0x45C7E99D
0xE95B3F67,,,0,1,0,0,1,0,0,6,6,2.09,0,break_piece,0xCDC5617A
0xE96BEDFA,,,0,1,0,0,0,0,0,3,3,0.03,0,intact,0x6B3A45A6
0xE96F3905,,,0,1,0,0,1,0,0,5,5,1.00,0,break_piece,0x4F3C5FBE
0xE9789A7B,,,0,1,0,0,1,0,0,3,3,0.03,1,break_piece,0xB0D4E642
0xE97A0046,bone_pitch_maingun,rainbow,1,1,0,0,0,0,0,4,4,9.80,0,,0x3A1CB5C0
0xE97CB0E5,,,0,1,0,0,1,0,0,2,2,46.27,0,break_piece,0x8B73A257
0xE97E787C,village_fencewood02,rainbow,1,1,1,0,0,0,0,0,0,0.03,0,static,0xE97E787C
0xE97F3E90,,,0,1,0,0,0,0,0,4,4,0.03,0,break_piece,0x1623BB16
0xE98E2082,,,0,1,0,0,1,0,0,5,5,0.03,1,break_piece,0x319D840A
0xE99AE69E,piece3g_propdebris15,rainbow,1,1,0,1,1,0,0,3,3,1.97,1,break_piece,0xA1A48E75
0xE9AE5CA2,slice1a_propdebris37,rainbow,1,1,0,1,1,0,0,4,4,6.50,1,break_piece,0x383D01E1
0xE9B339C8,,,0,1,0,1,1,0,0,5,5,7.72,0,break_piece,0xD506BE7E
0xE9B40140,global_env_rocksmoss01,rainbow,1,1,1,0,0,0,0,0,0,0.03,0,,0xE9B40140
0xE9BAAC86,us_veh_aa__white_bld_segment8x8a_cargo,rainbow,1,1,1,0,1,0,0,0,0,1.19,0,,0xE9BAAC86
0xE9CA4B55,,,0,1,0,0,1,0,0,5,5,0.03,1,break_piece,0x7E3AB07D
0xE9CD2FEF,piece1b_propdebris91,rainbow,1,1,0,1,1,0,0,3,3,24.72,1,break_piece,0xA948DDA6
0xE9CD7F8D,,,0,1,0,0,1,0,0,4,4,3.30,1,intact,0x74EB59B1
0xE9CF9E3E,caracas_bld_skytramshopb,rainbow,1,1,1,0,0,0,0,0,0,0.03,0,static,0xE9CF9E3E
0xE9D79B53,vzoutpost_bld_alarmtower,rainbow,1,1,1,0,0,0,0,0,0,0.03,0,static,0xE9D79B53
0xE9E253D5,civ_veh_car_van_commercial,rainbow,1,1,1,0,0,0,0,0,0,0.03,0,static,0xE9E253D5
0xE9ED0A5E,city_bld_storefrontd,rainbow,1,1,1,0,0,0,0,0,0,0.03,0,static,0xE9ED0A5E
0xEA05607F,,,0,1,0,1,1,0,0,4,4,13.09,0,intact,0x91E2FC68
0xEA199738,piece2a_propdebris43,rainbow,1,1,0,1,1,0,0,3,3,4.33,1,break_piece,0x5DC2D1E2
0xEA204064,piece1a_propattach19,rainbow,1,1,0,0,0,0,0,3,3,0.03,1,break_piece,0xE5133554
0xEA3DF673,,,0,1,1,0,0,0,0,0,0,0.03,0,static,0xEA3DF673
0xEA423FCD,piece5d_pristine,rainbow,1,1,0,1,1,0,0,2,2,8.06,1,intact,0xBFC09F3E
0xEA467FB7,,,0,1,1,0,1,0,0,0,0,0.25,0,,0x321FCBB2
0xEA4D87BC,,,0,1,0,0,1,0,0,6,6,1.56,0,break_piece,0x155C8246
0xEA5253E7,caracas_fountainparquecentral,rainbow,1,1,1,0,0,0,0,0,0,0.03,0,static,0xEA5253E7
0xEA5A1A4C,floor01.piece1a_propdebris29,rainbow,1,1,0,1,1,0,0,3,3,7.83,1,break_piece,0x601A1292
0xEA5D6325,marsh_bridgeend,rainbow,1,1,1,0,0,0,0,0,0,0.03,0,static,0xEA5D6325
0xEA5E94D3,,,0,1,0,1,1,0,0,5,5,6.22,1,break_piece,0x0B7CC1B7
0xEA6B57C6,,,0,1,1,0,0,0,0,0,0,0.69,0,,0xF3C80C9C
0xEA6CE76C,piece4a_propdebris01,rainbow,1,1,0,1,1,0,0,3,3,4.23,1,break_piece,0x8E8ED4C0
0xEA81453F,,,0,1,0,0,1,0,0,3,3,2.10,0,,0x14D94B9B
0xEA8B65AD,,,0,1,0,0,1,0,0,3,3,0.03,1,intact,0x0B7CC1B7
0xEA94CCF7,,,0,1,0,0,1,0,0,3,3,2.10,0,,0x14D94B9B
0xEA956BBA,,,0,1,0,0,1,0,0,3,3,0.03,1,break_piece,0x1A74D3EE
0xEA997C12,slice2a_propattach15_pristine,rainbow,1,1,0,1,1,0,0,4,4,1.06,0,break_piece,0x2171B6D7
0xEAA1C080,maracaibo_bld_skyscraper01,rainbow,1,1,1,0,0,0,0,0,0,0.03,0,static,0xEAA1C080
0xEAA9526A,,,0,1,0,1,1,0,0,1,1,1.35,0,break_piece,0x1A9D89DF
0xEAABB846,,,0,1,0,0,1,0,0,3,3,0.03,1,break_piece,0x516CE83D
0xEACCDF12,slice9a_interior,rainbow,1,1,0,1,1,0,0,3,3,25.45,0,break_piece,0xC939089F
0xEAE33303,piece1e_propattach00_ruin,rainbow,1,1,0,1,1,0,0,4,4,6.42,0,break_piece,0x7DB2E527
0xEAE5046F,,,0,1,0,0,1,0,0,5,5,0.03,1,break_piece,0xE6027C27
0xEAF3143F,,,0,1,0,0,1,0,0,4,4,0.97,1,break_piece,0x19E2962E
0xEAF385B5,,,0,1,0,0,1,0,0,6,6,0.89,0,break_piece,0x340B1CB8
0xEB0EDEC2,,,0,1,0,0,1,0,0,2,2,0.03,1,static,0x10A7796B
0xEB1237C1,hp_asphalt,rainbow,1,1,0,0,20,0,0,2,2,2.00,0,,0x307D6AE1
0xEB20325A,pmc_veh_car_vanquish_racer,rainbow,1,1,1,0,0,0,0,0,0,0.03,0,static,0xEB20325A
0xEB209D4E,slice2c_propdebris03,rainbow,1,1,0,1,1,0,0,3,3,1.75,1,break_piece,0xB1EFE9B5
0xEB2276C5,,,0,1,1,0,1,0,0,0,0,72.78,0,,0xEB2276C5
0xEB2DDAF0,,,0,1,0,1,1,0,0,1,1,0.72,0,intact,0xEAA71CCB
0xEB305D7B,,,0,1,1,0,0,0,0,0,0,0.03,0,,0xEB305D7B
0xEB33FDAE,margarita_bld_club01_roof_nhz42,rainbow,1,1,0,1,1,0,0,1,1,0.49,0,intact,0x759BDE16
0xEB3D3706,global_tableyarda,rainbow,1,1,1,0,0,0,0,0,0,0.03,0,static,0xEB3D3706
0xEB44FB0F,,,0,1,0,1,1,0,0,1,1,1.36,0,intact,0xB0A0930E
0xEB45515B,,,0,1,0,0,1,0,0,5,5,0.03,1,break_piece,0x319D840A
0xEB49B060,,,0,1,0,0,1,0,0,6,6,1.04,0,break_piece,0x80C357EC
0xEB4CA414,piece3e_propdebris11,rainbow,1,1,0,1,1,0,0,3,3,1.97,1,break_piece,0xA1A48E75
0xEB4E78CD,,,0,1,0,1,1,0,0,6,6,2.79,0,break_piece,0x4BE3E7C4
0xEB56B7E1,,,0,1,0,0,1,0,0,6,6,1.60,0,break_piece,0xC7C3C08C
0xEB609C65,jungle_env_bushmedium03,rainbow,1,1,1,0,0,0,0,0,0,0.03,0,static,0xEB609C65
0xEB6380CC,,,0,1,0,0,1,0,0,5,5,0.03,1,break_piece,0x35992F99
0xEB69C10E,hp_pr_deliverycrate,rainbow,1,1,1,0,0,0,0,0,0,0.03,0,static,0xDBA1C013
0xEB761542,global_jugs,rainbow,1,1,1,0,0,0,0,0,0,0.03,0,static,0x778A571F
0xEB7ADF1A,,,0,1,0,0,0,0,0,2,2,0.03,1,,0x14D94B9B
0xEB7E74E9,global_firehydrantred01,rainbow,1,1,1,0,0,0,0,0,0,0.03,0,static,0xEB7E74E9
0xEB852E5B,,,0,1,0,0,1,0,0,5,5,0.03,1,intact,0x8A6DEF3D
0xEB857F01,piece5n_propdebris17,rainbow,1,1,0,1,1,0,0,3,3,4.43,1,break_piece,0x50AACA22
0xEB9EDE9A,slice4a_propattach12,rainbow,1,1,0,0,0,0,0,3,3,0.03,1,break_piece,0xE6027C27
0xEBA3D0DE,slice6d_propdebris06,rainbow,1,1,0,1,1,0,0,3,3,6.42,1,break_piece,0x04CC21CD
0xEBB499A2,piece3d_propdebris10,rainbow,1,1,0,1,1,0,0,3,3,1.51,1,break_piece,0xA517D4A3
0xEBC03FDB,,,0,1,0,0,1,0,0,3,3,0.03,1,break_piece,0xE59723FD
0xEBC40A20,,,0,1,0,0,1,0,0,5,5,0.03,1,intact,0xBFC09F3E
0xEBC66320,slice6d_propdebris08,rainbow,1,1,0,1,1,0,0,3,3,2.58,1,break_piece,0x04CC21CD
0xEBC94A43,piece5l_ruin,rainbow,1,1,0,1,0,0,0,2,2,13.67,0,break_piece,0x50AACA22
0xEBDFF0EC,L1_closeup20,rainbow,1,1,0,0,1,0,0,6,6,0.91,0,break_piece,0x16497BF1
0xEBF1518F,,,0,1,0,0,0,0,0,3,3,0.03,0,break_piece,0x6B3A45A6
0xEBFCA8E8,slice1c_propdebris77,rainbow,1,1,0,1,1,0,0,4,4,7.73,1,break_piece,0x964451A0
0xEC01329F,,,0,1,0,0,1,0,0,5,5,4.46,0,intact,0xA26387A9
0xEC0964A9,piece2c_propdebris17,rainbow,1,1,0,1,1,0,0,3,3,3.14,1,break_piece,0xE2068412
0xEC09771A,,,0,1,0,0,0,0,0,5,5,0.03,1,break_piece,0x179A7702
0xEC0DAFF2,,,0,1,1,0,0,0,0,0,0,0.03,0,static,0xEC0DAFF2
0xEC1B02E5,,,0,1,0,0,1,0,0,6,6,1.08,0,break_piece,0x8C83F560
0xEC215AE4,,,0,1,0,0,1,0,0,4,4,0.03,1,break_piece,0xD1968AF1
0xEC223F5C,,,0,1,0,1,1,0,0,5,5,7.41,1,break_piece,0x0B7CC1B7
0xEC22C084,,,0,1,0,0,1,0,0,6,6,0.18,0,break_piece,0xC1EEB3B3
0xEC2BE0FB,,,0,1,0,0,0,0,0,6,6,0.03,0,intact,0xF6DEC8EA
0xEC56D15D,,,0,1,0,0,1,0,0,3,3,0.03,1,break_piece,0xE59723FD
0xEC5752B7,piece4a_propattach03_pristine,rainbow,1,1,0,1,1,0,0,4,4,7.23,0,break_piece,0x7DB2E527
0xEC6686F0,ocoutpost_wallshort,rainbow,1,1,1,0,0,0,0,0,0,0.03,0,static,0xEC6686F0
0xEC6C211D,oc_veh_boat_turbosquid,rainbow,1,1,1,0,0,0,0,0,0,0.03,0,static,0xEC6C211D
0xEC945A4B,,,0,1,0,0,1,0,0,2,2,48.60,0,break_piece,0xD0B84392
0xEC967E2E,,,0,1,0,1,1,0,0,4,4,9.56,1,break_piece,0xE54047D5
0xEC9C38B3,,,0,1,0,1,1,0,0,1,1,1.35,0,intact,0x2703554F
0xECA4529A,,,0,1,0,0,1,0,0,4,4,0.61,0,break_piece,0x74474CB1
0xECBD78A6,,,0,1,0,0,0,0,0,4,4,0.03,0,break_piece,0xE31521AD
0xECCCA266,,,0,1,0,1,0,0,0,5,5,0.03,0,break_piece,0x149FC407
0xECDC14C0,,,0,1,0,1,1,0,0,1,1,0.52,0,intact,0x2703554F
0xECE9FFDD,piece2b_propdebris14,rainbow,1,1,0,1,1,0,0,3,3,4.70,1,break_piece,0xC576F6BC
0xECEDB3CE,,,0,1,0,0,1,0,0,3,3,2.55,0,,0x14D94B9B
0xECEFD1CD,civ_veh_boat_jetski,rainbow,1,1,1,0,0,0,0,0,0,0.03,0,static,0xECEFD1CD
0xECF21BA8,,,0,1,0,0,1,0,0,3,3,0.03,1,intact,0x98B149DF
0xED00539B,hp_seat_turret_r,rainbow,1,1,0,0,1,0,0,5,5,0.03,0,intact,0xC733E65D
0xED04EAB8,floor01.slice2c_propdebris06,rainbow,1,1,0,1,1,0,0,4,4,3.77,1,break_piece,0x149FC407
0xED0B0A68,,,0,1,0,1,1,0,0,1,1,0.82,0,intact,0x45CC35FE
0xED1196E0,,,0,1,0,0,1,0,0,5,5,0.03,1,break_piece,0x319D840A
0xED19B563,piece1b_propattach08,rainbow,1,1,0,0,0,0,0,3,3,0.03,1,break_piece,0x6B3A45A6
0xED1CE880,,,0,1,0,0,1,0,0,3,3,2.55,0,,0x14D94B9B
0xED20A88B,,,0,1,0,0,1,0,0,3,3,0.03,1,break_piece,0xB0D4E642
0xED3CE793,,,0,1,0,0,1,0,0,6,6,1.04,0,break_piece,0x80C357EC
0xED40433C,,,0,1,1,0,0,0,0,0,0,0.03,0,static,0xED40433C
0xED40AE8E,,,0,1,0,0,0,0,0,5,5,0.03,1,break_piece,0x7D0B00CB
0xED44F802,caracas_bld_plazaparquecentral02,rainbow,1,1,1,0,0,0,0,0,0,0.03,0,,0xED44F802
0xED574663,slice1f_propattach00,rainbow,1,1,0,0,0,0,0,3,3,0.03,1,break_piece,0x35992F99
0xED59732D,piece3e_propdebris14,rainbow,1,1,0,1,1,0,0,3,3,1.97,1,break_piece,0xA1A48E75
0xED60F160,,,0,1,0,0,0,0,0,3,3,0.03,0,break_piece,0x1A74D3EE
0xED65AB4F,global_chairyarda,rainbow,1,1,1,0,0,0,0,0,0,0.03,0,static,0xED65AB4F
0xED668E23,,,0,1,1,0,0,0,0,0,0,0.03,0,,0xED668E23
0xED704FE5,,,0,1,0,0,1,0,0,5,5,0.03,1,break_piece,0x1E359C2F
0xED70E1CB,sign23,rainbow,1,1,1,0,0,0,0,0,0,0.03,0,static,0xED70E1CB
0xED807CC2,,,0,1,0,0,1,0,0,3,3,0.03,1,intact,0x6A41FBB4
0xED9941D5,,,0,1,0,1,1,0,0,5,5,7.41,1,break_piece,0x0B7CC1B7
0xED9BD302,slice1e_propdebris06,rainbow,1,1,0,1,1,0,0,4,4,6.05,1,break_piece,0x1E359C2F
0xED9E8799,estate_bld_tower01,rainbow,1,1,1,0,0,0,0,0,0,0.03,0,static,0xED9E8799
0xEDA01145,,,0,1,0,0,1,0,0,6,6,0.95,0,break_piece,0x8CA421C3
0xEDDA4541,,,0,1,0,0,1,0,0,3,3,0.03,1,break_piece,0xE59723FD
0xEDF20B2C,industrial_trackstop,rainbow,1,1,1,0,1,0,0,0,0,3.86,0,,0xEDF20B2C
0xEE073720,,,0,1,0,0,1,0,0,1,1,2.25,1,,0x1FBFBB4B
0xEE33B01F,,,0,1,0,0,0,0,0,1,1,0.03,0,,0x307D6AE1
0xEE385D45,global_flag_largevz,rainbow,1,1,1,0,0,0,0,0,0,0.03,0,static,0xEE385D45
0xEE3D6B22,bone_hatchr,rainbow,1,1,0,0,1,0,0,6,6,0.85,0,intact,0x8C58E7EB
0xEE4494EE,,,0,1,0,1,1,0,0,1,1,1.41,0,intact,0xF419FFEB
0xEE7C9A2A,bone_rotor_blade_2,rainbow,1,1,0,0,1,0,0,7,7,7.42,0,intact,0xF6DEC8EA
0xEE9C04A3,,,0,1,0,0,1,0,0,5,5,3.17,0,intact,0x22BA44C8
0xEEB8C3A8,global_billboard_roof01,rainbow,1,1,1,0,0,0,0,0,0,0.03,0,static,0xEEB8C3A8
0xEEC143F4,ch_veh_truck_sx2150_tanker,rainbow,1,1,1,0,0,0,0,0,0,0.03,0,static,0xEEC143F4
0xEED4BC0B,industrial_machineparts03,rainbow,1,1,1,0,0,0,0,0,0,0.03,0,static,0xEED4BC0B
0xEED93939,industrial_machineparts01,rainbow,1,1,1,0,0,0,0,0,0,0.03,0,static,0xEED93939
0xEEDA48FA,,,0,1,0,1,1,0,0,5,5,5.56,1,break_piece,0x35992F99
0xEEF72FB8,,,0,1,0,0,1,0,0,6,6,2.07,0,break_piece,0xCDC5617A
0xEEF821EB,floor01.slice2c_propdebris01,rainbow,1,1,0,1,1,0,0,4,4,4.37,1,break_piece,0x149FC407
0xEEF9BBB6,piece2z_ruin,rainbow,1,1,0,1,0,0,0,2,2,19.22,0,break_piece,0xB6B946F4
0xEEFBACE6,,,0,1,0,0,1,0,0,6,6,2.07,0,break_piece,0xCDC5617A
0xEF037D43,,,0,1,0,0,1,0,0,3,3,2.55,0,,0x14D94B9B
0xEF1018E6,global_tablecafe,rainbow,1,1,1,0,0,0,0,0,0,0.03,0,static,0xEF1018E6
0xEF1E64A9,,,0,1,0,0,1,0,0,6,6,1.01,0,break_piece,0x461F1A3A
0xEF34C094,,,0,1,0,0,1,0,0,3,3,2.55,0,,0x14D94B9B
0xEF3B6367,,,0,1,0,0,1,0,0,4,4,0.03,1,break_piece,0x3F6D97ED
0xEF49B66D,,,0,1,0,0,1,0,0,6,6,1.26,0,break_piece,0x179A7702
0xEF54FCC9,,,0,1,0,1,0,0,0,4,4,5.01,0,break_piece,0x25FE00A7
0xEF8B5676,aloutpost_fueltanks,rainbow,1,1,1,0,0,0,0,0,0,0.03,0,static,0xEF8B5676
0xEF8E6A3C,,,0,1,0,0,1,0,0,3,3,0.03,1,break_piece,0xB0D4E642
0xEFAA1FFB,,,0,1,0,0,0,0,0,4,4,0.03,1,break_piece,0xAC990539
0xEFC3C6F9,,,0,1,0,0,1,0,0,4,4,0.03,1,break_piece,0xC1EEB3B3
0xEFC61A34,,,0,1,0,1,1,0,0,5,5,3.67,1,break_piece,0x3E7D2911
0xEFFA6E53,,,0,1,0,0,1,0,0,1,1,2.25,1,,0x1FBFBB4B
0xF009E489,piece4b_propdebris23,rainbow,1,1,0,1,1,0,0,3,3,4.02,1,break_piece,0xBFC09F3E
0xF00B7450,piece1a_propattach20,rainbow,1,1,0,0,0,0,0,3,3,0.03,1,break_piece,0xE5133554
0xF00E9F68,merida_plazabench,rainbow,1,1,1,0,0,0,0,0,0,0.03,0,static,0xF00E9F68
0xF021B3A4,oilrig_att_towerdrillpipesa,rainbow,1,1,1,0,0,0,0,0,0,0.03,0,static,0xF021B3A4
0xF0229DFD,,,0,1,0,1,1,0,0,5,5,4.04,0,break_piece,0xFB84E548
0xF0232AF8,jungle_fountainruinshotel,rainbow,1,1,1,0,0,0,0,0,0,0.03,0,static,0xF0232AF8
0xF0241F66,,,0,1,0,1,1,0,0,5,5,5.92,1,break_piece,0x35992F99
0xF024F7B6,global_toolboxb,rainbow,1,1,1,0,0,0,0,0,0,0.03,0,static,0xF024F7B6
0xF030D2B3,caracas_earthquake_top,rainbow,1,1,0,1,1,0,0,1,1,0.68,0,intact,0x60A4EEF3
0xF032F209,white_bld_corner8x16a,rainbow,1,1,1,0,0,0,0,0,0,0.03,0,static,0xF032F209
0xF037A1EF,,,0,1,0,0,0,0,0,3,3,0.03,0,break_piece,0xB0D4E642
0xF037B807,,,0,1,0,0,1,0,0,3,3,0.03,1,break_piece,0x6FF480E8
0xF03D385D,,,0,1,0,1,1,0,0,5,5,7.34,1,break_piece,0xD44C2215
0xF03E0102,industrial_bld_towerrefinerysmall,rainbow,1,1,1,0,0,0,0,0,0,0.03,0,static,0xF03E0102
0xF03E2347,vzoutpost_bld_barrackbunker_pr,rainbow,1,1,1,0,0,0,0,0,0,0.03,0,static,0xF03E2347
0xF05249F7,,,0,1,0,0,1,0,0,3,3,2.10,0,,0x14D94B9B
0xF05734F4,hp_bunkerbuster,rainbow,1,1,1,0,1,0,0,0,0,6.58,0,,0xB6CE2306
0xF0590FEE,piece7a_propdebris00,rainbow,1,1,0,1,1,0,0,3,3,5.03,1,break_piece,0x3BF3DA2E
0xF05C2F2D,,,0,1,0,0,1,0,0,1,1,5.16,1,,0x8CAFF9CF
0xF05F6E95,,,0,1,0,1,1,0,0,5,5,6.67,1,break_piece,0xA27EA462
0xF05FB44C,village_bld_house01,rainbow,1,1,1,0,0,0,0,0,0,0.03,0,static,0xF05FB44C
0xF088DE87,global_pile04,rainbow,1,1,1,0,0,0,0,0,0,0.03,0,static,0xF088DE87
0xF08A45BC,,,0,1,0,1,1,0,0,5,5,1.73,1,break_piece,0xFD0229C3
0xF08D5BB5,global_pile06,rainbow,1,1,1,0,0,0,0,0,0,0.03,0,static,0xF08D5BB5
0xF0C05ED6,,,0,1,0,0,1,0,0,5,5,0.03,1,break_piece,0x539FF827
0xF0C2B153,,,0,1,0,0,1,0,0,3,3,0.03,1,break_piece,0x7604B190
0xF0C75121,,,0,1,0,1,1,0,0,1,1,1.35,0,intact,0x01ED3D6F
0xF0D31081,floor01.slice1c_propdebris04,rainbow,1,1,0,1,1,0,0,4,4,4.88,1,break_piece,0x149FC407
0xF0E4A100,,,0,1,0,0,0,0,0,3,3,0.03,1,break_piece,0x74474CB1
0xF0EDBF00,slice2n_ierl0,rainbow,1,1,0,1,1,0,0,5,5,7.41,1,break_piece,0x0B7CC1B7
0xF0F0E3F4,,,0,1,0,0,1,0,0,6,6,1.30,1,break_piece,0x2915F4A0
0xF0FB1381,,,0,1,0,1,1,0,0,5,5,2.91,1,break_piece,0xE6027C27
0xF0FD328A,,,0,1,0,0,1,0,0,6,6,1.66,0,break_piece,0x155C8246
0xF1056CD3,global_weapon_archer,rainbow,1,1,1,0,1,0,0,0,0,2.04,0,,0xF1056CD3
0xF10590CB,,,0,1,0,0,1,0,0,3,3,6.83,1,,0x32FBE556
0xF110E66C,hp_barrel_a,rainbow,1,1,0,0,1,0,0,1,1,0.03,1,static,0x0F8A0F17
0xF1117FED,,,0,1,0,0,1,0,0,3,3,0.03,1,break_piece,0x058CD8B8
0xF112E14A,piece1o_ruin,rainbow,1,1,0,1,0,0,0,2,2,0.03,0,break_piece,0xD7FCFD11
0xF1230396,,,0,1,0,0,0,0,0,2,2,0.03,1,,0x14D94B9B
0xF131D0FE,bone_door,rainbow,1,1,0,0,1,0,0,3,3,1.93,1,intact,0xB993D852
0xF133CA23,,,0,1,0,0,0,0,0,3,3,0.03,0,break_piece,0xC56B1A44
0xF1441A89,estate_bld_mansion01,rainbow,1,1,1,0,0,0,0,0,0,0.03,0,static,0xF1441A89
0xF150D044,,,0,1,0,1,1,0,0,4,4,3.47,0,break_piece,0x7EC3FC58
0xF1554D72,,,0,1,0,1,1,0,0,4,4,4.03,0,break_piece,0x7EC3FC58
0xF164A5C0,L3_medium22,rainbow,1,1,0,0,1,0,0,6,6,1.21,0,break_piece,0x63E4703A
0xF18349DC,piece5n_propdebris16,rainbow,1,1,0,1,1,0,0,3,3,2.70,1,break_piece,0x50AACA22
0xF19B2F47,hp_snap_oilrig_catwalkB,rainbow,1,1,0,0,1,0,0,3,3,0.03,0,break_piece,0x618526A4
0xF19B3955,,,0,1,0,0,1,0,0,3,3,0.03,1,break_piece,0xB0D4E642
0xF1AF90AA,global_env_rocksmoss03,rainbow,1,1,1,0,0,0,0,0,0,0.03,0,,0xF1AF90AA
0xF1BF364C,global_fruitboxf,rainbow,1,1,1,0,1,0,0,0,0,1.22,0,,0xF1BF364C
0xF1C6C366,,,0,1,0,0,1,0,0,6,6,1.62,0,break_piece,0xC7C3C08C
0xF1CEFBF3,slice9b_interior,rainbow,1,1,0,1,1,0,0,3,3,24.53,0,break_piece,0xC939089F
0xF1CFED1E,,,0,1,0,0,1,0,0,2,2,1.88,1,,0xC1E0DE18
0xF1DB09FF,,,0,1,0,1,1,0,0,5,5,4.04,1,break_piece,0xE6027C27
0xF1F4354F,piece1d_propattach01_pristine,rainbow,1,1,0,1,0,0,0,4,4,0.03,0,break_piece,0x91E2FC68
0xF1F8EA86,,,0,1,0,1,0,0,0,5,5,0.03,0,intact,0xE54047D5
0xF1FBE8AE,,,0,1,0,1,1,0,0,4,4,11.44,1,break_piece,0xE54047D5
0xF1FEAB83,piece1a_propattach27,rainbow,1,1,0,0,0,0,0,3,3,0.03,1,break_piece,0xE5133554
0xF20CB9E0,merida_bld_tickets,rainbow,1,1,1,0,0,0,0,0,0,0.03,0,static,0xF20CB9E0
0xF22759DF,,,0,1,0,0,0,0,0,4,4,0.03,1,break_piece,0xE31521AD
0xF22EF517,,,0,1,0,1,1,0,0,1,1,1.32,0,intact,0xB0A0930E
0xF2391F54,city_bld_corner16x32a,rainbow,1,1,1,0,0,0,0,0,0,0.03,0,static,0xF2391F54
0xF24CC13F,,,0,1,0,0,1,0,0,6,6,0.95,0,break_piece,0x8CA421C3
0xF2551066,,,0,1,0,0,0,0,0,5,5,0.03,1,break_piece,0x0F9B9B04
0xF257A46D,floor01.slice2b_propdebris00,rainbow,1,1,0,1,1,0,0,4,4,8.17,1,break_piece,0x149FC407
0xF258DD8E,,,0,1,0,1,0,0,0,5,5,2.16,0,break_piece,0xB0D4E642
0xF25D5205,,,0,1,0,0,1,0,0,4,4,2.36,1,break_piece,0x25B3F7BC
0xF25EAADC,slice3a_propattach10_ruin,rainbow,1,1,0,1,0,0,0,4,4,0.03,0,break_piece,0xE6027C27
0xF2649711,,,0,1,0,1,1,0,0,1,1,1.31,0,intact,0x60A4EEF3
0xF2701792,hp_snap_piece1b_oilrig_att_pipeblowout,rainbow,1,1,0,0,1,0,0,2,2,0.03,1,static,0xD44C2215
0xF2721D01,,,0,1,0,0,1,0,0,6,6,1.56,0,break_piece,0x155C8246
0xF27BA898,,,0,1,0,0,1,0,0,5,5,2.09,0,intact,0xCDC5617A
0xF283D98D,,,0,1,1,0,1,0,0,0,0,46.56,0,,0xF283D98D
0xF284ACB3,caracas_bld_theater01_pile_xx2,rainbow,1,1,0,1,1,0,0,1,1,1.31,0,intact,0xEA7F9F3F
0xF2988081,,,0,1,0,1,1,0,0,1,1,0.63,0,intact,0xF245AC63
0xF29A3F16,,,0,1,0,0,1,0,0,5,5,0.03,1,break_piece,0x319D840A
0xF2B0420C,,,0,1,0,0,1,0,0,3,3,0.03,1,break_piece,0x516CE83D
0xF2B1CB83,,,0,1,0,0,0,0,0,4,4,2.32,1,intact,0x86A7C828
0xF2BEF3FF,civ_veh_car_w12_z12,rainbow,1,1,1,0,0,0,0,0,0,0.03,0,static,0xF2BEF3FF
0xF2D19C06,oilrig_troi95,rainbow,1,1,0,0,1,0,0,3,3,0.03,1,break_piece,0x9DFC8FF2
0xF2E0B12F,,,0,1,0,1,1,0,0,5,5,7.41,1,break_piece,0x0B7CC1B7
0xF2E2C350,piece5e_propdebris22,rainbow,1,1,0,1,1,0,0,3,3,3.55,1,break_piece,0x2CE290F9
0xF2EFB74B,vzoutpost_bld_guardtower_ch,rainbow,1,1,1,0,0,0,0,0,0,0.03,0,static,0xF2EFB74B
0xF2F61A15,,,0,1,1,0,0,0,0,0,0,0.03,0,static,0xF2F61A15
0xF2F6453A,,,0,1,0,0,1,0,0,6,6,0.94,0,break_piece,0x9C318A56
0xF30875B4,piece1b_propattach03,rainbow,1,1,0,0,0,0,0,3,3,0.03,1,break_piece,0x6B3A45A6
0xF30CF2E2,piece1b_propattach05,rainbow,1,1,0,0,0,0,0,3,3,0.03,1,break_piece,0x6B3A45A6
0xF3296A5A,,,0,1,0,1,1,0,0,1,1,0.55,0,intact,0xEAA71CCB
0xF33BD04B,,,0,1,1,0,0,0,0,0,0,0.03,0,,0xF33BD04B
0xF35CCFEB,global_playgroundride01,rainbow,1,1,1,0,0,0,0,0,0,0.03,0,static,0xF35CCFEB
0xF3656CE7,,,0,1,0,0,1,0,0,5,5,15.91,1,break_piece,0xD1968AF1
0xF37655E9,,,0,1,1,0,0,0,0,0,0,1.08,0,,0x2EFE2E33
0xF3809C05,civ_veh_car_w12_normal,rainbow,1,1,1,0,0,0,0,0,0,0.03,0,static,0xF3809C05
0xF383344C,piece1a_propdebris62,rainbow,1,1,0,1,1,0,0,3,3,10.02,1,break_piece,0x3601FC68
0xF386B18C,sign28,rainbow,1,1,1,0,0,0,0,0,0,0.03,0,static,0xF386B18C
0xF38AF161,,,0,1,0,0,1,0,0,6,6,1.04,0,break_piece,0xBBDC51DD
0xF397C056,,,0,1,1,0,0,0,0,0,0,0.03,0,static,0xF397C056
0xF3A03219,piece5n_ruin,rainbow,1,1,0,1,0,0,0,2,2,15.85,0,break_piece,0x50AACA22
0xF3A85AA4,slice6d_propdebris04,rainbow,1,1,0,1,1,0,0,3,3,3.52,1,break_piece,0x04CC21CD
0xF3AC3F7D,piece3g_propdebris12,rainbow,1,1,0,1,1,0,0,3,3,1.97,1,break_piece,0xA1A48E75
0xF3AD9F3A,,,0,1,0,0,0,0,0,3,3,0.03,1,break_piece,0x04549112
0xF3B10AEF,,,0,1,0,1,1,0,0,5,5,8.93,0,break_piece,0xD506BE7E
0xF3C52801,floor02.piece1b_propdebris02,rainbow,1,1,0,1,1,0,0,3,3,1.86,1,break_piece,0xD1574A09
0xF3C6EE35,,,0,1,0,1,1,0,0,4,4,14.71,0,intact,0x6B3A45A6
0xF3C7D18F,maracaiboruins_bld_historical02,rainbow,1,1,1,0,1,0,0,0,0,53.59,0,,0xF3C7D18F
0xF3CC0565,global_fruitboxc,rainbow,1,1,1,0,0,0,0,0,0,0.03,0,static,0xF3CC0565
0xF3D39771,slice1c_propdebris50,rainbow,1,1,0,1,1,0,0,4,4,5.09,1,break_piece,0xB6357976
0xF3D8101C,,,0,1,0,0,1,0,0,3,3,0.03,1,break_piece,0xE59723FD
0xF3DD9D32,merida_bld_universitycampus,rainbow,1,1,1,0,0,0,0,0,0,0.03,0,static,0xF3DD9D32
0xF3EAE3A4,,,0,1,0,0,1,0,0,4,4,0.03,1,break_piece,0xC142F94B
0xF3FDF76C,caracas_portplateau01,rainbow,1,1,1,0,0,0,0,0,0,130.76,0,,0xF3FDF76C
0xF3FE633D,city_bld_storefrontc,rainbow,1,1,1,0,0,0,0,0,0,0.03,0,static,0xF3FE633D
0xF3FF5133,commercial_bld_segment8x8a,rainbow,1,1,1,0,0,0,0,0,0,0.03,0,static,0xF3FF5133
0xF4051DEA,,,0,1,0,1,1,0,0,1,1,1.75,0,intact,0x4AB6F9B6
0xF405EF93,jungle_env_plantsmall02,rainbow,1,1,1,0,0,0,0,0,0,0.03,0,static,0xF405EF93
0xF4063DE9,village_bld_docks,rainbow,1,1,1,0,0,0,0,0,0,0.03,0,static,0xF4063DE9
0xF4073740,,,0,1,0,0,1,0,0,3,3,2.10,0,,0x14D94B9B
0xF4086AF1,,,0,1,0,0,1,0,0,4,4,0.03,1,break_piece,0xD1968AF1
0xF40B8235,,,0,1,0,1,0,0,0,4,4,0.03,0,break_piece,0x25B3F7BC
0xF40DF88F,caracas_bridgegovernment01,rainbow,1,1,1,0,0,0,0,0,0,0.03,0,static,0xF40DF88F
0xF40E3289,piece5h_pristine,rainbow,1,1,0,1,1,0,0,2,2,13.30,0,intact,0x2CE290F9
0xF421E76A,piece1e_propattach05_pristine,rainbow,1,1,0,1,1,0,0,4,4,6.48,0,break_piece,0x7DB2E527
0xF433C5D7,jungle_env_plantlarge02,rainbow,1,1,1,0,0,0,0,0,0,0.03,0,static,0xF433C5D7
0xF445EE6D,city_bld_corner16x32d,rainbow,1,1,1,0,0,0,0,0,0,0.03,0,static,0xF445EE6D
0xF44FDF67,,,0,1,0,1,1,0,0,5,5,4.04,1,break_piece,0xE6027C27
0xF4747070,piece2z_propdebris15,rainbow,1,1,0,1,1,0,0,3,3,5.44,1,break_piece,0xB6B946F4
0xF4839A90,,,0,1,0,0,1,0,0,2,2,51.58,0,break_piece,0x8B73A257
0xF4875C11,,,0,1,0,0,0,0,0,2,2,0.03,1,,0x14D94B9B
0xF4A846E1,global_barricadea,rainbow,1,1,1,0,0,0,0,0,0,0.03,0,static,0xF4A846E1
0xF4AAF606,chinaoutpost_bld_prison_fence1,rainbow,1,1,1,0,0,0,0,0,0,0.03,0,static,0xA1846C79
0xF4AF3C5B,,,0,1,1,0,0,0,0,0,0,0.03,0,static,0xF4AF3C5B
0xF4B640E9,bone_pitch_ciwsfr,rainbow,1,1,0,0,0,0,0,6,6,2.22,1,intact,0x25FE00A7
0xF4BB33F7,,,0,1,0,1,1,0,0,5,5,8.61,0,break_piece,0x319D840A
0xF4BBB31C,hp_barreltip_aa,rainbow,1,1,0,0,1,0,0,5,5,0.03,1,intact,0x86A7C828
0xF4C9C1A4,,,0,1,1,0,0,0,0,0,0,0.84,0,static,0x0ECC2929
0xF4D5FA83,piece5e_propdebris25,rainbow,1,1,0,1,1,0,0,3,3,3.02,1,break_piece,0x2CE290F9
0xF4D7A42A,,,0,1,0,1,1,0,0,1,1,0.54,0,intact,0x2703554F
0xF4E4E10A,,,0,1,0,0,1,0,0,3,3,0.03,1,intact,0xE59723FD
0xF4E57B84,,,0,1,0,0,1,0,0,5,5,0.03,1,break_piece,0xCA20C1D9
0xF4E636CC,proutpost_bld_guardtower01,rainbow,1,1,1,0,0,0,0,0,0,0.03,0,static,0xF4E636CC
0xF4E9F8B2,,,0,1,0,0,1,0,0,5,5,0.03,1,break_piece,0xCA20C1D9
0xF4ECAA7C,,,0,1,0,0,1,0,0,3,3,0.03,1,intact,0xF03E0102
0xF4F0388F,floor03.piece1a_propattach00,rainbow,1,1,0,0,0,0,0,3,3,0.03,1,intact,0x13417609
0xF4F1FDE3,groutpost_bld_guardtowertree03,rainbow,1,1,1,0,0,0,0,0,0,0.03,0,static,0xF4F1FDE3
0xF4F23D94,,,0,1,0,0,1,0,0,3,3,2.55,0,,0x14D94B9B
0xF50BF5F7,,,0,1,0,0,1,0,0,2,2,6.26,1,break_piece,0xE54047D5
0xF515FB68,city_bld_apartment04,rainbow,1,1,1,0,0,0,0,0,0,0.03,0,static,0xF515FB68
0xF51877EA,,,0,1,0,0,1,0,0,3,3,2.55,0,,0x14D94B9B
0xF51C01DD,caracas_bld_capitol,rainbow,1,1,1,0,0,0,0,0,0,0.03,0,static,0xF51C01DD
0xF520311C,,,0,1,0,0,1,0,0,4,4,0.03,1,intact,0xC733E65D
0xF531F62D,slice2c_propdebris04,rainbow,1,1,0,1,1,0,0,3,3,3.52,1,break_piece,0xB1EFE9B5
0xF5544D06,bone_prop_r,rainbow,1,1,0,0,1,0,0,3,3,0.54,1,intact,0x60E7FFEB
0xF55566C0,,,0,1,0,0,1,0,0,6,6,1.26,0,break_piece,0x179A7702
0xF55C893F,,,0,1,0,0,1,0,0,6,6,0.89,0,break_piece,0x340B1CB8
0xF58554EA,,,0,1,1,0,0,0,0,0,0,0.03,0,static,0xF58554EA
0xF599C4F3,,,0,1,0,0,1,0,0,6,6,1.03,0,break_piece,0x12732DD2
0xF59A7C4F,proutpost_bld_shacksmall01,rainbow,1,1,1,0,0,0,0,0,0,0.03,0,static,0xF59A7C4F
0xF59CE3BC,,,0,1,0,0,1,0,0,5,5,0.03,1,break_piece,0xC939089F
0xF5A3349B,,,0,1,0,0,1,0,0,6,6,1.08,0,break_piece,0x8C83F560
0xF5A4CB64,piece5l_propdebris29,rainbow,1,1,0,1,1,0,0,3,3,4.11,1,break_piece,0x50AACA22
0xF5B529BD,slice6d_propdebris01,rainbow,1,1,0,1,1,0,0,3,3,2.46,1,break_piece,0x04CC21CD
0xF5C2F4F2,,,0,1,1,0,0,0,0,0,0,0.03,0,static,0xF5C2F4F2
0xF5CCCFF0,,,0,1,0,0,1,0,0,6,6,1.83,0,break_piece,0x1125CB99
0xF5CD3981,,,0,1,0,0,1,0,0,3,3,0.80,1,break_piece,0x16497BF1
0xF5D4B30F,,,0,1,0,0,1,0,0,6,6,0.03,1,break_piece,0xB0D4E642
0xF5E68C16,piece2e_propdebris05,rainbow,1,1,0,1,1,0,0,3,3,2.89,1,break_piece,0xF51C01DD
0xF5FB20A7,slice2a_propattach07_ruin,rainbow,1,1,0,1,0,0,0,4,4,0.03,1,break_piece,0xE6027C27
0xF60E6BD6,,,0,1,0,1,1,0,0,5,5,12.19,1,break_piece,0x155E5F33
0xF61839AA,piece1a_propattach27_pristine,rainbow,1,1,0,1,1,0,0,4,4,0.64,0,break_piece,0xE5133554
0xF627295D,al_veh_truck_mtv_cargo,rainbow,1,1,1,0,0,0,0,0,0,0.03,0,static,0xA2EB8265
0xF63A5D22,,,0,1,0,1,1,0,0,5,5,4.89,0,intact,0xBDED558F
0xF63E44A6,,,0,1,0,0,1,0,0,1,1,10.96,1,,0x1FBFBB4B
0xF64313FD,,,0,1,0,0,0,0,0,3,3,0.03,1,break_piece,0xF6DEC8EA
0xF6465F8A,,,0,1,0,1,1,0,0,5,5,10.05,1,break_piece,0x25FE00A7
0xF661C4D3,,,0,1,0,1,1,0,0,6,6,2.79,0,intact,0x4BE3E7C4
0xF6723E1A,,,0,1,0,1,1,0,0,1,1,1.32,0,intact,0xF245AC63
0xF6896140,,,0,1,0,0,0,0,0,2,2,1.22,1,,0x33C8B389
0xF6911A9E,,,0,1,0,0,1,0,0,4,4,0.18,1,break_piece,0xC1EEB3B3
0xF691E416,,,0,1,0,0,0,0,0,3,3,0.03,1,break_piece,0xF6DEC8EA
0xF6B28BDE,,,0,1,0,0,0,0,0,2,2,0.03,1,,0x14D94B9B
0xF6B91665,,,0,1,0,1,0,0,0,4,4,0.03,0,break_piece,0xD1574A09
0xF6C96441,,,0,1,0,0,1,0,0,5,5,0.03,1,break_piece,0x35992F99
0xF6CA6AA1,,,0,1,1,0,0,0,0,0,0,0.03,0,static,0xF6CA6AA1
0xF6CB1070,merida_signfoldb,rainbow,1,1,1,0,0,0,0,0,0,0.03,0,,0xF6CB1070
0xF6D0DB5C,floor01.slice1c_propdebris05,rainbow,1,1,0,1,1,0,0,4,4,5.28,1,break_piece,0x149FC407
0xF6D36D3B,bone_pitch_mast_r,rainbow,1,1,0,0,1,0,0,5,5,14.76,1,intact,0x74EB59B1
0xF6DEC8EA,ch_veh_helicopter_ka29b,rainbow,1,1,1,0,0,0,0,0,0,0.03,0,static,0xF6DEC8EA
0xF6E2E989,shanty_env_tree02,rainbow,1,1,1,0,0,0,0,0,0,0.03,0,static,0xF6E2E989
0xF6E4B527,,,0,1,0,0,1,0,0,4,4,0.03,1,intact,0x79905D82
0xF6ECA558,piece1d_propattach00_pristine,rainbow,1,1,0,1,0,0,0,4,4,0.03,0,break_piece,0x91E2FC68
0xF6F8DE5C,,,0,1,0,1,1,0,0,5,5,1.70,1,break_piece,0xE6027C27
0xF6FF0CAD,,,0,1,0,0,1,0,0,3,3,2.55,0,,0x14D94B9B
0xF7052E85,merida_bld_pmcautoshop_interior,rainbow,1,1,1,0,0,0,0,0,0,0.03,0,static,0xF7052E85
0xF70BAF1D,,,0,1,0,0,1,0,0,3,3,2.55,0,,0x14D94B9B
0xF70F1E2A,,,0,1,0,1,1,0,0,5,5,2.24,1,break_piece,0x25FE00A7
0xF7293CCC,merida_universitystatue,rainbow,1,1,1,0,0,0,0,0,0,0.03,0,static,0xF7293CCC
0xF730B08E,slice1q_propattach01_pristine,rainbow,1,1,0,1,1,0,0,4,4,0.64,0,break_piece,0x805C965E
0xF7390A50,,,0,1,0,1,0,0,0,5,5,0.03,0,break_piece,0xFA83AC18
0xF73AA4F8,global_env_tree01_imposter,rainbow,1,1,1,0,1,0,0,0,0,7.65,0,,0xF73AA4F8
0xF73C8655,,,0,1,0,0,1,0,0,6,6,1.01,0,break_piece,0x461F1A3A
0xF743A712,,,0,1,0,0,1,0,0,3,3,0.03,1,break_piece,0x7604B190
0xF747670D,global_prop_spotlight,rainbow,1,1,1,0,0,0,0,0,0,0.03,0,static,0xF747670D
0xF74B33D9,,,0,1,0,1,1,0,0,5,5,1.91,0,break_piece,0xD1574A09
0xF75502DB,caracas_shoppingcenterplateau,rainbow,1,1,1,0,1,0,0,0,0,117.08,0,,0xF75502DB
0xF75CB210,slice3f_propdebris03,rainbow,1,1,0,1,1,0,0,3,3,6.38,1,break_piece,0x04CC21CD
0xF762CFC3,civ_veh_motorcycle_chopper,rainbow,1,1,1,0,0,0,0,0,0,0.03,0,static,0xF762CFC3
0xF77D62FB,piece3e_propdebris01,rainbow,1,1,0,1,1,0,0,3,3,5.91,1,break_piece,0xF51C01DD
0xF77DE871,slice1c_propattach04_ruin,rainbow,1,1,0,1,0,0,0,4,4,0.03,0,break_piece,0xFB84E548
0xF781E029,piece3e_propdebris03,rainbow,1,1,0,1,1,0,0,3,3,2.75,1,break_piece,0xF51C01DD
0xF78471BF,,,0,1,0,0,11,0,0,2,2,1.10,0,,0x307D6AE1
0xF79130E3,,,0,1,0,1,1,0,0,4,4,4.46,0,break_piece,0x1A74D3EE
0xF793B99B,,,0,1,0,0,1,0,0,6,6,1.01,0,break_piece,0x461F1A3A
0xF7AE7E11,,,0,1,1,0,0,0,0,0,0,0.03,0,static,0xF7AE7E11
0xF7B1B346,,,0,1,0,0,1,0,0,4,4,1.15,1,break_piece,0x25B3F7BC
0xF7B922DB,,,0,1,0,0,1,0,0,4,4,0.03,1,break_piece,0xE54047D5
0xF7B96650,,,0,1,0,1,1,0,0,1,1,1.32,0,break_piece,0x8BC154D7
0xF7BD6716,,,0,1,0,0,1,0,0,5,5,0.03,1,intact,0x9A7642ED
0xF7BE4948,,,0,1,0,0,1,0,0,3,3,0.03,1,break_piece,0x7604B190
0xF7DCE388,shanty_fencewood01,rainbow,1,1,1,0,0,0,0,0,0,0.03,0,static,0xF7DCE388
0xF7E39809,,,0,1,0,0,1,0,0,5,5,1.18,1,break_piece,0x9FCAE910
0xF7E686A2,,,0,1,0,0,1,0,0,3,3,63.22,0,break_piece,0xFF7ABB3B
0xF7F0B6BA,slice5e_pristine,rainbow,1,1,0,1,0,0,0,2,2,36.57,0,break_piece,0xA27EA462
0xF7F860DD,bone_rearflapr,rainbow,1,1,0,0,1,0,0,1,1,2.13,1,,0x223593E1
0xF7F945D2,shanty_env_bush03,rainbow,1,1,1,0,0,0,0,0,0,0.03,0,static,0xF7F945D2
0xF7FEA521,,,0,1,0,0,1,0,0,3,3,6.83,1,,0x32FBE556
0xF7FFD5B8,slice3a_propattach08,rainbow,1,1,0,0,0,0,0,3,3,0.03,1,break_piece,0xE6027C27
0xF8026023,polymsh4,rainbow,1,1,0,0,1,0,0,3,3,1.52,1,break_piece,0x0077334E
0xF80452E6,slice3a_propattach06,rainbow,1,1,0,0,0,0,0,3,3,0.03,1,break_piece,0xE6027C27
0xF809AC58,bone_yaw_mast_l,rainbow,1,1,0,0,0,0,0,4,4,1.67,1,intact,0x74EB59B1
0xF80E6E4F,piece4b_propdebris25,rainbow,1,1,0,1,1,0,0,3,3,4.02,1,break_piece,0xBFC09F3E
0xF822EED0,,,0,1,0,1,1,0,0,1,1,0.22,0,intact,0x4D4F42B5
0xF82F8847,,,0,1,0,0,1,0,0,4,4,0.03,1,break_piece,0x62D45983
0xF83CF698,,,0,1,0,1,1,0,0,5,5,2.91,1,break_piece,0x2F4F8F3E
0xF83F0253,hp_tmp,rainbow,1,1,1,0,0,0,0,0,0,0.34,0,static,0x0A069B4D
0xF841949E,,,0,1,1,0,1,0,0,0,0,53.78,0,,0xF841949E
0xF8437A7B,piece1f_propdebris11,rainbow,1,1,0,1,1,0,0,3,3,2.38,1,break_piece,0xC808E35C
0xF84765DB,slice1f_propattach03_pristine,rainbow,1,1,0,1,1,0,0,4,4,10.23,0,intact,0x35992F99
0xF847F7A9,piece1f_propdebris13,rainbow,1,1,0,1,1,0,0,3,3,2.58,1,break_piece,0xC808E35C
0xF84AEB3C,global_locationmarker,rainbow,1,1,1,0,0,0,0,0,0,3.00,0,,0xF84AEB3C
0xF855EDCD,,,0,1,0,1,1,0,0,1,1,1.41,0,intact,0xF419FFEB
0xF8561028,,,0,1,1,0,0,0,0,0,0,0.03,0,static,0xF8561028
0xF863325B,global_flag_largepr,rainbow,1,1,1,0,0,0,0,0,0,0.03,0,static,0xF863325B
0xF86FE7DC,,,0,1,0,0,1,0,0,6,6,1.66,0,break_piece,0x155C8246
0xF87E087D,caracasruins_bld_corner16x32b,rainbow,1,1,1,0,1,0,0,0,0,45.42,0,,0xF87E087D
0xF88147A1,ch_veh_tank_ztz98,rainbow,1,1,1,0,0,0,0,0,0,0.03,0,static,0xF88147A1
0xF88503ED,shanty_concreteleft,rainbow,1,1,1,0,0,0,0,0,0,0.03,0,,0xF88503ED
0xF88A5F8F,,,0,1,0,1,1,0,0,5,5,1.04,0,break_piece,0xFD0229C3
0xF8964B5C,,,0,1,0,1,1,0,0,1,1,0.50,0,intact,0xF245AC63
0xF89AB7F5,,,0,1,0,0,0,0,0,1,1,0.03,0,,0x307D6AE1
0xF8D08038,oilrig_att_pipes_flatbed_a2,rainbow,1,1,0,1,1,0,0,5,5,2.16,0,break_piece,0xB0D4E642
0xF8DBADB5,,,0,1,1,0,0,0,0,0,0,0.03,0,static,0xE59723FD
0xF8E94E6A,slice2n_ierl2,rainbow,1,1,0,1,1,0,0,5,5,6.32,1,break_piece,0x0B7CC1B7
0xF8EAAA57,,,0,1,0,0,1,0,0,6,6,0.03,1,break_piece,0xB0D4E642
0xF902BA6A,,,0,1,0,0,1,0,0,5,5,0.03,1,break_piece,0xC56B1A44
0xF91FC6AE,,,0,1,0,1,1,0,0,1,1,1.30,0,intact,0x5253854D
0xF937E3AA,,,0,1,0,0,1,0,0,3,3,0.03,1,intact,0x39620ADC
0xF9844B22,,,0,1,0,0,1,0,0,1,1,0.03,1,static,0xA948DDA6
0xF98457C2,,,0,1,0,1,1,0,0,5,5,3.81,1,break_piece,0xC1527544
0xF98D1FD7,,,0,1,0,0,0,0,0,3,3,0.03,0,break_piece,0x25FE00A7
0xF9960E73,residential_bld_corner16x16c,rainbow,1,1,1,0,0,0,0,0,0,0.03,0,static,0xF9960E73
0xF996CE20,bone_massive_4x1_a,rainbow,1,1,0,0,1,0,0,3,3,12.37,1,intact,0xE18343ED
0xF99A44D2,,,0,1,0,0,1,0,0,3,3,3.14,1,intact,0x7E013B43
0xF9A047F1,,,0,1,0,0,0,0,0,5,5,0.41,1,break_piece,0xB993D852
0xF9B1DC51,,,0,1,0,0,0,0,0,3,3,0.03,1,break_piece,0xFD0229C3
0xF9C2F2DC,floor02.piece1b_propdebris03,rainbow,1,1,0,1,1,0,0,3,3,2.99,1,break_piece,0xD1574A09
0xF9DEE7C0,slice2i_propattach01,rainbow,1,1,0,0,0,0,0,3,3,0.03,1,break_piece,0x0B7CC1B7
0xF9E56F16,slice4b_interior,rainbow,1,1,0,1,0,0,0,3,3,18.21,0,break_piece,0x1A74D3EE
0xFA00D8BB,sign34,rainbow,1,1,1,0,0,0,0,0,0,0.03,0,static,0xFA00D8BB
0xFA0D1AD8,,,0,1,0,0,1,0,0,6,6,1.05,0,break_piece,0x95F4BA55
0xFA0F5626,,,0,1,0,1,1,0,0,4,4,10.90,0,intact,0x2B503BD0
0xFA159B5D,hp_seat_cr,rainbow,1,1,0,0,1,0,0,4,4,0.03,1,break_piece,0x0E9502CF
0xFA16BF0B,,,0,1,0,0,0,0,0,3,3,0.17,1,break_piece,0xC1EEB3B3
0xFA1E0227,white_wallshort,rainbow,1,1,1,0,0,0,0,0,0,0.03,0,static,0xFA1E0227
0xFA1E0C56,,,0,1,0,0,0,0,0,2,2,5.39,1,,0x54E9C345
0xFA3613BA,,,0,1,0,0,1,0,0,3,3,0.03,1,break_piece,0xB0D4E642
0xFA3D97D3,,,0,1,0,1,1,0,0,1,1,0.55,0,intact,0x8BC154D7
0xFA413722,hp_snap_piece1A_oilrig_cranelargeA,rainbow,1,1,0,0,1,0,0,2,2,0.03,1,static,0xD44C2215
0xFA4B9B42,dlc_global_wallshort_ruin,rainbow,1,1,1,0,1,0,0,0,0,5.01,0,,0xFA4B9B42
0xFA5D6754,,,0,1,0,1,0,0,0,5,5,3.42,0,break_piece,0xB0D4E642
0xFA5E4687,,,0,1,0,1,1,0,0,5,5,1.38,0,break_piece,0xE31521AD
0xFA608660,slice2f_pristine,rainbow,1,1,0,1,0,0,0,2,2,47.53,0,break_piece,0x0B7CC1B7
0xFA64CB35,,,0,1,0,0,1,0,0,3,3,2.13,0,,0x6A2BE04D
0xFA6A68CD,piece7a_propdebris07,rainbow,1,1,0,1,1,0,0,3,3,1.74,1,break_piece,0x3BF3DA2E
0xFA6D5335,,,0,1,0,1,1,0,0,3,3,3.27,0,intact,0xE54047D5
0xFA821B70,global_gateentrance,rainbow,1,1,1,0,0,0,0,0,0,0.03,0,static,0xFA821B70
0xFA83AC18,shanty_bld_housegroup03,rainbow,1,1,1,0,0,0,0,0,0,0.03,0,static,0xFA83AC18
0xFA83D3D1,,,0,1,0,0,0,0,0,3,3,0.03,0,break_piece,0xB0D4E642
0xFA8526EC,,,0,1,0,0,0,0,0,2,2,0.03,1,,0x14D94B9B
0xFA91F7B7,pmcoutpost_hq_door_roof,rainbow,1,1,1,0,0,0,0,0,0,0.03,0,static,0xFA91F7B7
0xFAC3B76B,oilrig_att_pipes_flatbed_a5,rainbow,1,1,0,1,0,0,0,5,5,2.16,0,break_piece,0xB0D4E642
0xFAD7DA99,global_env_rocksbeach05,rainbow,1,1,1,0,0,0,0,0,0,0.03,0,,0xFAD7DA99
0xFAD8DD49,bone_pitch_turret_front,rainbow,1,1,0,0,0,0,0,5,5,0.47,1,intact,0x60E7FFEB
0xFAE59609,,,0,1,0,1,1,0,0,5,5,8.71,1,break_piece,0xB993D852
0xFAF4B31A,bone_pitch_ciwsfm,rainbow,1,1,0,0,0,0,0,7,7,3.40,1,intact,0xE54047D5
0xFB2CDD20,,,0,1,1,0,0,0,0,0,0,0.03,0,static,0x65666D4F
0xFB2FDF47,,,0,1,0,0,0,0,0,2,2,0.03,1,,0x14D94B9B
0xFB345C75,,,0,1,0,0,0,0,0,2,2,0.03,1,,0x14D94B9B
0xFB356AE0,commercial_bld_segment8x16a,rainbow,1,1,1,0,0,0,0,0,0,0.03,0,static,0xFB356AE0
0xFB3584D6,L3_far6,rainbow,1,1,0,0,1,0,0,6,6,3.80,0,break_piece,0xEAA1C080
0xFB381298,piece9c_pristine,rainbow,1,1,0,1,1,0,0,2,2,20.65,0,intact,0x69D31E85
0xFB3D686B,,,0,1,0,0,1,0,0,5,5,0.03,1,break_piece,0xC939089F
0xFB3F09AE,proutpost_bld_garageboat,rainbow,1,1,1,0,0,0,0,0,0,0.03,0,static,0xFB3F09AE
0xFB56F819,,,0,1,0,0,1,0,0,4,4,0.83,0,break_piece,0x74474CB1
0xFB756DCC,slice3b_propdebris03,rainbow,1,1,0,1,1,0,0,3,3,2.38,1,break_piece,0xF51C01DD
0xFB7A58EF,global_chairwoodd,rainbow,1,1,1,0,0,0,0,0,0,0.03,0,static,0xFB7A58EF
0xFB84E548,docks_bld_warehouse,rainbow,1,1,1,0,0,0,0,0,0,0.03,0,static,0xFB84E548
0xFB888544,,,0,1,0,0,1,0,0,6,6,1.03,0,break_piece,0x12732DD2
0xFB897164,,,0,1,1,0,0,0,0,0,0,0.03,0,static,0xFB897164
0xFB89A3B1,pmc_veh_boat_cigarette,rainbow,1,1,1,0,0,0,0,0,0,0.03,0,static,0xFB89A3B1
0xFB8D0272,,,0,1,0,0,1,0,0,6,6,1.03,0,break_piece,0x12732DD2
0xFB9593AA,,,0,1,0,1,1,0,0,5,5,1.52,0,break_piece,0x4BE3E7C4
0xFBAAD268,,,0,1,0,0,1,0,0,4,4,0.93,1,intact,0x7A9E926A
0xFBADA738,bone_yaw_bowgun,rainbow,1,1,0,0,0,0,0,4,4,7.18,0,intact,0xE54047D5
0xFBC76E25,piece4a_propattach07_ruin,rainbow,1,1,0,1,1,0,0,4,4,8.03,0,break_piece,0x7DB2E527
0xFBC8EF20,,,0,1,0,1,1,0,0,4,4,3.68,0,break_piece,0x7EC3FC58
0xFBD17E30,,,0,1,0,0,1,0,0,6,6,2.09,0,break_piece,0xCDC5617A
0xFC02C6AA,maracaibo_patz19,rainbow,1,1,0,0,1,0,0,3,3,2.10,0,,0x14D94B9B
0xFC248E34,piece1b_propattach17_ruin,rainbow,1,1,0,1,1,0,0,4,4,1.31,1,intact,0x6B3A45A6
0xFC24E7EB,,,0,1,0,0,1,0,0,5,5,0.03,1,intact,0x52BFCBFD
0xFC332812,caracas_bld_parquecentral02,rainbow,1,1,1,0,0,0,0,0,0,0.03,0,static,0xFC332812
0xFC620903,slice2b_propattach06_ruin,rainbow,1,1,0,1,1,0,0,4,4,10.69,0,intact,0xDDE0070C
0xFC6A366D,,,0,1,0,1,1,0,0,5,5,2.16,0,break_piece,0xB0D4E642
0xFC6FFFDA,piece2z_propdebris17,rainbow,1,1,0,1,1,0,0,3,3,4.82,1,break_piece,0xB6B946F4
0xFC785E1F,,,0,1,0,0,0,0,0,2,2,0.03,1,,0x14D94B9B
0xFC7979BF,,,0,1,0,0,1,0,0,5,5,2.09,0,intact,0xCDC5617A
0xFC7BEFD3,,,0,1,0,0,0,0,0,3,3,3.44,1,,0x32FBE556
0xFC7D34FA,,,0,1,0,0,0,0,0,2,2,0.03,1,break_piece,0xE54047D5
0xFC881305,commercial_wallcorner,rainbow,1,1,1,0,0,0,0,0,0,0.03,0,static,0xFC881305
0xFC950DF2,merida_bld_universitylibrary,rainbow,1,1,1,0,0,0,0,0,0,0.03,0,static,0xFC950DF2
0xFCA71AC7,,,0,1,0,0,1,0,0,5,5,0.03,1,break_piece,0x319D840A
0xFCAB97F5,,,0,1,0,0,1,0,0,5,5,0.03,1,break_piece,0x319D840A
0xFCAE37AB,civ_veh_car_crx_racing,rainbow,1,1,1,0,0,0,0,0,0,0.03,0,static,0xFCAE37AB
0xFCB5F924,,,0,1,0,0,0,0,0,4,4,1.08,0,break_piece,0x4A95F55C
0xFCC5F93A,city_busstop01,rainbow,1,1,1,0,0,0,0,0,0,0.03,0,static,0xFCC5F93A
0xFCD79D6D,,,0,1,1,0,0,0,0,0,0,0.03,0,static,0xFCD79D6D
0xFCDA2E40,,,0,1,1,0,1,0,0,0,0,3.28,0,,0xFCDA2E40
0xFCE1E35A,,,0,1,0,0,0,0,0,3,3,0.03,0,break_piece,0x1A74D3EE
0xFCE2379F,caracas_bld_cathedral,rainbow,1,1,1,0,0,0,0,0,0,0.03,0,static,0xFCE2379F
0xFCEAD398,hp_mgl,rainbow,1,1,1,0,0,0,0,0,0,0.85,0,,0x4F203D76
0xFCEEA274,bone_sideskirt_lg,rainbow,1,1,0,0,1,0,0,3,3,1.97,1,break_piece,0xF88147A1
0xFD0229C3,,,0,1,1,0,0,0,0,0,0,0.03,0,static,0xFD0229C3
0xFD05133B,,,0,1,0,0,1,0,0,4,4,0.03,1,intact,0x96195816
0xFD0849ED,,,0,1,0,1,1,0,0,5,5,3.81,1,break_piece,0xCA20C1D9
0xFD0E1F18,global_railsmall,rainbow,1,1,1,0,0,0,0,0,0,0.03,0,static,0xFD0E1F18
0xFD18CFF6,,,0,1,0,0,1,0,0,3,3,0.03,1,break_piece,0xE59723FD
0xFD1E4312,,,0,1,0,0,1,0,0,5,5,0.03,1,break_piece,0x79905D82
0xFD26139F,hp_barreltip_sidegun,rainbow,1,1,0,0,1,0,0,5,5,0.03,1,,0x3A1CB5C0
0xFD353460,floor01.slice1d_propdebris00,rainbow,1,1,0,1,1,0,0,4,4,7.85,1,break_piece,0x149FC407
0xFD50F62A,,,0,1,0,0,1,0,0,6,6,1.62,0,break_piece,0xC7C3C08C
0xFD53C219,oilrig_bld_buildinga_details_02_propattach50_pristing,rainbow,1,1,0,1,1,0,0,1,1,0.70,0,intact,0xF419FFEB
0xFD6A9199,,,0,1,0,1,1,0,0,5,5,5.50,1,break_piece,0x35992F99
0xFD7C036B,hp_shelleject_missile_b,rainbow,1,1,0,0,1,0,0,5,5,0.03,1,intact,0x56EE6A1F
0xFDA290C0,,,0,1,0,0,1,0,0,5,5,1.24,1,break_piece,0x6D394A7B
0xFDAA2C66,,,0,1,0,1,1,0,0,1,1,1.33,0,intact,0xBCBA07EE
0xFDBC2653,,,0,1,0,1,1,0,0,4,4,0.62,0,break_piece,0x7EC3FC58
0xFDBCAA56,,,0,1,0,1,1,0,0,1,1,0.22,0,intact,0xF245AC63
0xFDBF3523,,,0,1,0,0,1,0,0,3,3,0.03,1,break_piece,0xA14A463B
0xFDC6D7DB,,,0,1,0,1,1,0,0,5,5,8.37,1,break_piece,0xC56B1A44
0xFDC85F5A,,,0,1,0,0,1,0,0,6,6,1.83,1,break_piece,0x1125CB99
0xFDE54462,,,0,1,0,1,1,0,0,4,4,0.62,0,break_piece,0x7EC3FC58
0xFDE5D252,slice1b_propdebris69,rainbow,1,1,0,1,1,0,0,4,4,7.73,1,break_piece,0x964451A0
0xFDE934E5,,,0,1,0,0,1,0,0,3,3,1.17,1,,0x32FBE556
0xFDEB3989,,,0,1,0,0,1,0,0,6,6,0.03,1,break_piece,0x8C83F560
0xFDECBC9A,vzoutpost_wallb,rainbow,1,1,1,0,0,0,0,0,0,0.03,0,static,0xFDECBC9A
0xFDEE6441,slice2b_propdebris07,rainbow,1,1,0,1,1,0,0,3,3,2.61,1,break_piece,0xB1EFE9B5
0xFDF5A121,vzoutpost_bld_pillboxabandoned,rainbow,1,1,1,0,0,0,0,0,0,0.03,0,static,0xFDF5A121
0xFE1F3937,residential_bld_segment16x16a,rainbow,1,1,1,0,0,0,0,0,0,0.03,0,static,0xFE1F3937
0xFE39B8DB,,,0,1,0,1,0,0,0,3,3,16.63,0,intact,0xD1968AF1
0xFE586409,bone_ramp_f,rainbow,1,1,0,0,1,0,0,4,4,9.83,1,intact,0x4FC2D374
0xFE5D187D,slice8a_propattach01_pristine,rainbow,1,1,0,1,1,0,0,4,4,1.20,0,break_piece,0xC939089F
0xFE6DDEDB,,,0,1,0,1,1,0,0,5,5,2.19,1,break_piece,0xF6DEC8EA
0xFE8133B3,floor01.slice2d_propdebris04,rainbow,1,1,0,1,1,0,0,4,4,6.00,1,break_piece,0x149FC407
0xFE82A0F5,,,0,1,0,1,0,0,0,3,3,3.92,0,break_piece,0xE54047D5
0xFE8BE18C,global_weapon_thinner2,rainbow,1,1,1,0,0,0,0,0,0,0.03,0,static,0xFE8BE18C
0xFE8F41D2,,,0,1,0,1,1,0,0,4,4,1.20,0,break_piece,0x261F62BF
0xFE9E76EB,hp_spawn_g,rainbow,1,1,0,0,1,0,0,3,3,0.03,1,intact,0x88612024
0xFE9E9855,bone_massive_1x2_b,rainbow,1,1,0,0,1,0,0,3,3,2.65,1,intact,0x90267D03
0xFEB715A4,,,0,1,0,0,0,0,0,2,2,0.03,1,,0x14D94B9B
0xFEBDC910,piece1b_propattach10,rainbow,1,1,0,0,0,0,0,3,3,0.03,1,break_piece,0x6B3A45A6
0xFEC09561,,,0,1,0,0,1,0,0,4,4,0.03,1,intact,0xC733E65D
0xFED801F8,,,0,1,0,0,0,0,0,4,4,0.03,0,break_piece,0x2B97DD31
0xFEE1B73B,,,0,1,0,1,1,0,0,4,4,2.21,0,break_piece,0x7EC3FC58
0xFEE4DBED,hp_grapplinghook,rainbow,1,1,1,0,1,0,0,0,0,0.46,0,,0x528A5A4B
0xFEECD69D,piece8k_propdebris06,rainbow,1,1,0,1,1,0,0,3,3,1.61,1,break_piece,0x8E8ED4C0
0xFEFD0F08,,,0,1,0,0,1,0,0,3,3,0.03,1,break_piece,0x7604B190
0xFF09DA84,,,0,1,0,1,1,0,0,5,5,4.04,0,break_piece,0x2F1F099B
0xFF1972A6,sign17,rainbow,1,1,1,0,1,0,0,0,0,0.03,0,static,0xFF1972A6
0xFF2E149D,,,0,1,0,0,1,0,0,3,3,0.03,1,break_piece,0xC56B1A44
0xFF33D588,,,0,1,0,0,1,0,0,3,3,0.03,1,break_piece,0xE59723FD
0xFF414480,,,0,1,0,0,0,0,0,3,3,0.03,1,break_piece,0x994E1953
0xFF41F83F,bone_sensor_pitch,rainbow,1,1,0,0,0,0,0,5,5,0.32,1,break_piece,0xB6EDE80B
0xFF44EDFB,piece5j_pristine,rainbow,1,1,0,1,1,0,0,2,2,14.04,0,intact,0x50AACA22
0xFF547A5B,,,0,1,0,1,1,0,0,4,4,4.93,0,intact,0x91E2FC68
0xFF55E5FB,slice2c_propdebris11,rainbow,1,1,0,1,1,0,0,3,3,5.25,1,break_piece,0x9DF6B30B
0xFF6D1D10,,,0,1,0,0,1,0,0,5,5,1.00,0,break_piece,0x4F3C5FBE
0xFF6F4602,,,0,1,0,1,1,0,0,5,5,2.10,1,break_piece,0x818E5819
0xFF705311,hp_turretmount_mr,rainbow,1,1,0,0,1,0,0,4,4,0.03,1,intact,0x13A86EF7
0xFF73D8E4,ocoutpost_walllong,rainbow,1,1,1,0,0,0,0,0,0,0.03,0,static,0xFF73D8E4
0xFF7ABB3B,jungle_env_largecanopy01,rainbow,1,1,1,0,0,0,0,0,0,0.03,0,static,0xFF7ABB3B
0xFF8D0E80,slice1c_propdebris33,rainbow,1,1,0,1,1,0,0,4,4,8.88,1,break_piece,0x770E7949
0xFFAB1A62,bone_flap1_l_pitch,rainbow,1,1,0,0,1,0,0,3,3,4.41,1,,0x32FBE556
0xFFAFA72C,,,0,1,0,0,0,0,0,3,3,0.03,1,break_piece,0xFD0229C3
0xFFC77243,global_soccergoal,rainbow,1,1,1,0,0,0,0,0,0,0.03,0,static,0xFFC77243
0xFFE2A075,,,0,1,0,0,1,0,0,7,7,0.03,1,intact,0x0C95FF35
0xFFF367C7,piece2e_propdebris00,rainbow,1,1,0,1,1,0,0,3,3,10.15,1,break_piece,0xF51C01DD
0xFFF7E4F5,piece2e_propdebris02,rainbow,1,1,0,1,1,0,0,3,3,3.17,1,break_piece,0xF51C01DD
0x013A56B8,,,0,0,0,0,0,6,4,0,0,0.00,0,,
0x0797ECBD,,,0,0,0,0,0,6,4,0,0,0.00,0,,
0x0B7C39EF,,,0,0,0,0,0,6,4,0,0,0.00,0,,
0x0FB5FA0A,,,0,0,0,0,0,6,4,0,0,0.00,0,,
0x209137E6,,,0,0,0,0,0,6,4,0,0,0.00,0,,
0x2F05B0D3,,,0,0,0,0,0,6,4,0,0,0.00,0,,
0x3B3CEDF9,,,0,0,0,0,0,6,4,0,0,0.00,0,,
0x498A44C7,,,0,0,0,0,0,6,4,0,0,0.00,0,,
0x517CA9B3,,,0,0,0,0,0,6,4,0,0,0.00,0,,
0x519966CB,,,0,0,0,0,0,6,4,0,0,0.00,0,,
0x519DE3F9,,,0,0,0,0,0,6,4,0,0,0.00,0,,
0x55082B3C,,,0,0,0,0,0,6,4,0,0,0.00,0,,
0x57E846CF,,,0,0,0,0,0,6,4,0,0,0.00,0,,
0x636098DF,,,0,0,0,0,0,6,4,0,0,0.00,0,,
0x69F00CD0,,,0,0,0,0,0,6,4,0,0,0.00,0,,
0x6C89C5C4,,,0,0,0,0,0,6,4,0,0,0.00,0,,
0x6DF96EBA,,,0,0,0,0,0,6,4,0,0,0.00,0,,
0x71815941,,,0,0,0,0,0,6,4,0,0,0.00,0,,
0x76E1CF52,,,0,0,0,0,0,6,4,0,0,0.00,0,,
0x777F241C,,,0,0,0,0,0,6,4,0,0,0.00,0,,
0x79A818CE,,,0,0,0,0,0,6,4,0,0,0.00,0,,
0x7D0A2BDE,,,0,0,0,0,0,6,4,0,0,0.00,0,,
0x7E2A0DCE,,,0,0,0,0,0,6,4,0,0,0.00,0,,
0x815E8982,,,0,0,0,0,0,6,4,0,0,0.00,0,,
0x85906452,,,0,0,0,0,0,6,4,0,0,0.00,0,,
0x87BB3420,,,0,0,0,0,0,6,4,0,0,0.00,0,,
0x8ABDBC66,,,0,0,0,0,0,6,4,0,0,0.00,0,,
0x8B375E5F,,,0,0,0,0,0,6,4,0,0,0.00,0,,
0x8EE67248,,,0,0,0,0,0,6,4,0,0,0.00,0,,
0x98E4436F,,,0,0,0,0,0,6,4,0,0,0.00,0,,
0x9F0C9FFB,,,0,0,0,0,0,6,4,0,0,0.00,0,,
0x9F111D29,,,0,0,0,0,0,6,4,0,0,0.00,0,,
0xA2C2F728,,,0,0,0,0,0,6,4,0,0,0.00,0,,
0xA50C6529,bone_head1,rainbow,1,0,0,0,0,6,4,0,0,0.00,0,,
0xA614E946,,,0,0,0,0,0,6,4,0,0,0.00,0,,
0xA792D86F,,,0,0,0,0,0,6,4,0,0,0.00,0,,
0xAFCBD7F4,,,0,0,0,0,0,6,4,0,0,0.00,0,,
0xB1BDB4D5,,,0,0,0,0,0,6,4,0,0,0.00,0,,
0xB7ED5B1D,,,0,0,0,0,0,6,4,0,0,0.00,0,,
0xC785E3A5,,,0,0,0,0,0,6,4,0,0,0.00,0,,
0xCDEB3F28,,,0,0,0,0,0,6,4,0,0,0.00,0,,
0xCF0B29E1,,,0,0,0,0,0,6,4,0,0,0.00,0,,
0xD000C4C5,,,0,0,0,0,0,6,4,0,0,0.00,0,,
0xD9639138,,,0,0,0,0,0,6,4,0,0,0.00,0,,
0xDA54A874,,,0,0,0,0,0,6,4,0,0,0.00,0,,
0xDBAF6ED9,,,0,0,0,0,0,6,4,0,0,0.00,0,,
0xE5FEA8D0,,,0,0,0,0,0,6,4,0,0,0.00,0,,
0xEF968DEE,,,0,0,0,0,0,6,4,0,0,0.00,0,,
0xFD36A057,,,0,0,0,0,0,6,4,0,0,0.00,0,,
0xFE179F0D,,,0,0,0,0,0,6,4,0,0,0.00,0,,
0x3A2D3840,bone_wheel_l02,rainbow,1,0,0,0,0,4,1,0,0,0.00,0,,
