name,pandemic_hash_m2_hex,pandemic_hash_m2_dec,is_vehicle,entry_index,value_hex,aux0_hex,aux1_hex
2 Seat Boat (Passenger),0x1F3E12D3,524161747,1,717,0x8000617D,0x00001237,0x1F3E12D3
2 Seat Car (Driver),0xF4DD3619,4108138009,0,52,0x80004647,0xFFFFFFFF,0xF4DD3619
2 Seat Car (Driver) (Civ),0x148B271E,344663838,0,62,0x80004741,0x00011469,0x148B271E
2 Seat Car (Driver) (Escort),0x847BC256,2222703190,0,4642,0x80009FC4,0x000015B4,0x847BC256
2 Seat Car (Driver) (Police),0x22DF2620,585049632,0,985,0x80006874,0xFFFFFFFF,0x22DF2620
2 Seat Car (Passenger),0x90401807,2420119559,0,53,0x80004648,0xFFFFFFFF,0x90401807
2 Seat Car (Passenger) (Escort),0x76AED190,1991168400,0,4643,0x80009FC5,0x000139FB,0x76AED190
2 Seat Copter (Driver),0xFDEF813A,4260331834,0,12,0x80002351,0x00011829,0xFDEF813A
2 Seat Copter (Driver) (Allied),0x93EC73B4,2481746868,0,36,0x80004386,0xFFFFFFFF,0x93EC73B4
2 Seat Copter (Driver) (Guerilla),0x9083B5FA,2424550906,0,1026,0x800068AE,0x00006982,0x9083B5FA
2 Seat Copter (Driver) (OC),0x8CF39D8D,2364775821,0,519,0x800056EA,0xFFFFFFFF,0x8CF39D8D
2 Seat Copter (Driver) (VZ),0x1255524F,307581519,0,513,0x800056E2,0x00008981,0x1255524F
2 Seat Copter (Gunner),0x92D3A017,2463342615,0,1077,0x80006A0F,0xFFFFFFFF,0x92D3A017
3 Seat Car (Driver),0x2A00E898,704702616,0,9,0x8000234C,0x00011F1D,0x2A00E898
3 Seat Car (Driver) (Guerilla),0xE3E5DD4C,3823492428,0,59,0x80004734,0x0000A685,0xE3E5DD4C
3 Seat Car (Gunner RightFront),0xEAF6A00C,3942031372,0,721,0x80006189,0x0000F48A,0xEAF6A00C
3 Seat Car (Gunner),0x635DDFC9,1667096521,0,11,0x8000234F,0x00004B5B,0x635DDFC9
3 Seat Car (Passenger),0xABE6688C,2884003980,0,10,0x8000234D,0xFFFFFFFF,0xABE6688C
3ddecal_asphalt,0x29D0BDCB,701545931,0,6095,0x900001D6,0x00011FF1,0x29D0BDCB
3ddecal_brick,0xE893B9B5,3901995445,0,6088,0x900001CF,0xFFFFFFFF,0xE893B9B5
3ddecal_concrete_warm,0x3F637E01,1063484929,0,6091,0x900001D2,0x00002CF4,0x3F637E01
3ddecal_dirt,0x7FFDAC69,2147331177,0,6089,0x900001D0,0x0000EA17,0x7FFDAC69
3ddecal_metal,0xDCC30213,3703767571,0,6092,0x900001D3,0x0000C774,0xDCC30213
3ddecal_rock,0x2926BC49,690404425,0,6093,0x900001D4,0x00011F5C,0x2926BC49
3ddecal_tile,0x0E8C523A,244077114,0,6090,0x900001D1,0x00008E40,0x0E8C523A
3ddecal_wood,0xFBE4EEED,4226084589,0,6094,0x900001D5,0x0000C980,0xFBE4EEED
68Valiant_Ruin,0x21C43ED9,566509273,0,1085,0x80006A30,0xFFFFFFFF,0x21C43ED9
68Valiant_Ruin_fire,0x092DB194,153989524,0,2021,0x800080C4,0xFFFFFFFF,0x092DB194
__AssetTest,0x5615C3ED,1444266989,0,1557,0x8000719F,0x00006D92,0x5615C3ED
__Building HP 025,0x45840CE6,1166281958,0,2777,0x8000874F,0xFFFFFFFF,0x45840CE6
__Building HP 050,0x4B4189E6,1262586342,0,2768,0x80008746,0x00011637,0x4B4189E6
__Building HP 100,0x4E1DE140,1310581056,0,2762,0x80008740,0xFFFFFFFF,0x4E1DE140
__Building HP 150,0x1800E0A7,402710695,0,4068,0x80009AEE,0x000004A1,0x1800E0A7
__Building HP 200,0xDAC80B8F,3670543247,0,2763,0x80008741,0xFFFFFFFF,0xDAC80B8F
__Building HP 300,0xC867FCFA,3362258170,0,2770,0x80008748,0xFFFFFFFF,0xC867FCFA
__Building HP 400,0x851272D9,2232578777,0,4070,0x80009AF0,0x0000317F,0x851272D9
__Building HP 500,0x2A43B31C,709079836,0,2764,0x80008742,0x0000FA87,0x2A43B31C
__Building HP 600,0x1393EC5B,328461403,0,4067,0x80009AED,0x0000E616,0x1393EC5B
__Building HP 800,0xE049F895,3762944149,0,4072,0x80009AF2,0x0001326D,0xE049F895
__Building Shack,0xC33DD16B,3275608427,0,2765,0x80008743,0x0000377D,0xC33DD16B
__Building Skyscraper Large,0x51F35E97,1374903959,0,2766,0x80008744,0x0000B978,0x51F35E97
__Building Skyscraper Medium,0x5537A857,1429710935,0,1543,0x80007190,0x00003AD5,0x5537A857
__Building Skyscraper Small,0x8CC6E63F,2361845311,0,2769,0x80008747,0xFFFFFFFF,0x8CC6E63F
__Building Tough,0xE62D4C82,3861728386,0,2767,0x80008745,0x0000EA84,0xE62D4C82
__global_env_palmtree01,0x5536E844,1429661764,0,2933,0x800089B4,0x0000C5AB,0x5536E844
__global_env_palmtreebend02,0x3F5DB976,1063106934,0,2944,0x800089C0,0x0000D061,0x3F5DB976
__global_env_palmtreebend03,0x215FC8D3,559925459,0,2945,0x800089C1,0x000033B4,0x215FC8D3
__global_env_palmtreebend04,0x1F6C91A0,527208864,0,2946,0x800089C2,0x0000E7AC,0x1F6C91A0
__global_env_palmtreebend05,0x496F1255,1232015957,0,2947,0x800089C3,0x00010B05,0x496F1255
__global_env_palmtreeplanted01,0x80ED4DAA,2163035562,0,2948,0x800089C4,0x00009ABD,0x80ED4DAA
__global_env_tree01,0xF0486D5C,4031278428,0,2934,0x800089B5,0xFFFFFFFF,0xF0486D5C
__global_env_treeoak01,0xF26BBA79,4067146361,0,2949,0x800089C5,0xFFFFFFFF,0xF26BBA79
__global_env_treeplaza01,0xF394CA7C,4086614652,0,2950,0x800089C6,0xFFFFFFFF,0xF394CA7C
__global_env_treeplaza02,0xCD925013,3448918035,0,2951,0x800089C7,0x00009464,0xCD925013
__global_env_treeplaza03,0xEB9040B6,3952099510,0,2952,0x800089C8,0x0000A53D,0xEB9040B6
__global_env_treesidewalk01,0xA914401E,2836676638,0,2932,0x800089B3,0xFFFFFFFF,0xA914401E
__global_env_treespade,0xAA0976CC,2852746956,0,2953,0x800089C9,0xFFFFFFFF,0xAA0976CC
__global_env_treetropical01,0xEA7668B0,3933628592,0,2929,0x800089B0,0xFFFFFFFF,0xEA7668B0
__global_env_treetropical02,0xD4740777,3564373879,0,2931,0x800089B2,0xFFFFFFFF,0xD4740777
__jungle_env_largecanopy01,0x6694CAC1,1721027265,0,2954,0x800089CA,0xFFFFFFFF,0x6694CAC1
__jungle_env_smallcanopy01,0xC65D6C1D,3328011293,0,2941,0x800089BC,0x00005FA5,0xC65D6C1D
__jungle_env_smallcanopy02,0x4455E3B2,1146479538,0,3318,0x80008F82,0x0000325A,0x4455E3B2
__jungle_env_treemedium01,0x7E251DAB,2116361643,0,3750,0x80009712,0xFFFFFFFF,0x7E251DAB
__jungle_env_treemedium03,0xFE2A6459,4264191065,0,2937,0x800089B8,0x00010624,0xFE2A6459
__jungle_env_treesmall01,0xBA098E81,3121188481,0,2935,0x800089B6,0xFFFFFFFF,0xBA098E81
__jungle_env_treesmall02,0x38020616,939656726,0,2936,0x800089B7,0xFFFFFFFF,0x38020616
__jungle_env_treesmall03,0x9A04DEF3,2584010483,0,3757,0x8000971F,0x0000C68C,0x9A04DEF3
__jungle_env_treetall01,0xC0E0D8A3,3235960995,0,2963,0x800089D9,0x000039D0,0xC0E0D8A3
__jungle_env_treetall02,0xA6E2EE4C,2799889996,0,2964,0x800089DA,0x0000211D,0xA6E2EE4C
__jungle_env_treetall03,0x20E5ECF1,551939313,0,2965,0x800089DB,0x0000C54B,0x20E5ECF1
__marsh_env_treewater02,0xB8F49502,3103036674,0,2938,0x800089B9,0x0000D149,0xB8F49502
__placeable Environment Bush Plant,0x8F197374,2400809844,0,4764,0x8000A177,0x0000DFFB,0x8F197374
__placeable Environment Tree,0x988DDE4D,2559434317,0,6079,0x900001C1,0x00005E53,0x988DDE4D
__shanty_env_tree01,0x11441BFC,289676284,0,2966,0x800089E2,0x000012BC,0x11441BFC
__shanty_env_tree02,0xEB41A193,3946946963,0,3751,0x80009713,0xFFFFFFFF,0xEB41A193
__shanty_env_tree03,0x093F9236,155161142,0,3752,0x80009714,0xFFFFFFFF,0x093F9236
__Static Destructible (Crashable),0xD192FB1F,3516070687,0,2778,0x80008750,0xFFFFFFFF,0xD192FB1F
__Static Destructible (Explosive),0x66201E9B,1713381019,0,4071,0x80009AF1,0x00012D44,0x66201E9B
__Static Destructible (Sandbag),0x357D5850,897407056,0,2779,0x80008751,0xFFFFFFFF,0x357D5850
__Static Destructible (Tower),0x5442049D,1413612701,0,2780,0x80008752,0x000011BC,0x5442049D
__Static Destructible HP 025,0xCBFFD998,3422542232,0,4069,0x80009AEF,0x0000BEFA,0xCBFFD998
__Static Destructible HP 050,0x15188514,353928468,0,6080,0x900001C2,0x00012DD2,0x15188514
__Static Destructible HP 100,0xB5B55B0E,3048561422,0,4074,0x80009AF4,0xFFFFFFFF,0xB5B55B0E
__Static Destructible HP 300,0x4B6B5884,1265326212,0,4073,0x80009AF3,0x00013786,0x4B6B5884
_airport_bld_controltower,0x5E4C3BFF,1582054399,0,1837,0x800076D1,0x0000E0AB,0x5E4C3BFF
_airport_bld_hanger01,0xEC8EFD29,3968793897,0,1667,0x8000735A,0x000072A3,0xEC8EFD29
_airport_bld_terminal01,0x2E94EDF0,781512176,0,1836,0x800076D0,0x0000C6DB,0x2E94EDF0
_airport_runway1,0x677B7E05,1736146437,0,1724,0x8000759F,0x0000F165,0x677B7E05
_airport_sign,0x2AF74AC3,720849603,0,5416,0x8000A9E9,0x0000D74B,0x2AF74AC3
_airport_whitestripe1,0x3A5EF939,979302713,0,1725,0x800075A0,0x000005B7,0x3A5EF939
_aloutpost_bld_alarmtower,0x24B533CD,615855053,0,5454,0x8000AA55,0x000072D4,0x24B533CD
_aloutpost_bld_barracks01,0x67FDE537,1744692535,0,6063,0x900001AF,0x000125FB,0x67FDE537
_aloutpost_bld_barracks02,0x7E004670,2113947248,0,6064,0x900001B0,0x00010995,0x7E004670
_aloutpost_bld_barracks03,0xE8032BE5,3892521957,0,6065,0x900001B1,0x00013B4B,0xE8032BE5
_aloutpost_bld_bunker,0xEBC079B4,3955259828,0,2921,0x800089A5,0xFFFFFFFF,0xEBC079B4
_aloutpost_bld_command,0xC65DEA56,3328043606,0,6066,0x900001B2,0xFFFFFFFF,0xC65DEA56
_aloutpost_bld_garage01,0x1344DF91,323280785,0,6067,0x900001B3,0xFFFFFFFF,0x1344DF91
_aloutpost_bld_guardtowershort,0xC6F6E74D,3338069837,0,282,0x80004DE2,0x00003E4D,0xC6F6E74D
_aloutpost_bld_guardtowertall,0xA89C2354,2828804948,0,283,0x80004DE3,0x000131BA,0xA89C2354
_aloutpost_bld_hangar,0xADB07296,2914022038,0,284,0x80004DE4,0xFFFFFFFF,0xADB07296
_aloutpost_bld_hangersmall,0x85298903,2234091779,0,6068,0x900001B4,0xFFFFFFFF,0x85298903
_aloutpost_bld_helipad,0x4D0BF49A,1292629146,1,3758,0x80009720,0x0001258B,0x4D0BF49A
_aloutpost_bld_helipad_roof,0xE010DB4B,3759201099,1,5476,0x8000AA6D,0x0000FB83,0xE010DB4B
_aloutpost_bld_largetent,0x2EC3CB1B,784583451,0,3998,0x80009993,0x000020A8,0x2EC3CB1B
_aloutpost_bld_largetentextensionA,0x2BBA049F,733611167,0,4512,0x80009EF8,0x000041F2,0x2BBA049F
_aloutpost_bld_prison,0x6CDF420A,1826570762,0,325,0x80004E17,0x0000E760,0x6CDF420A
_aloutpost_bld_prison_fence,0xA82FD3E0,2821706720,0,4187,0x80009C1F,0x000100C0,0xA82FD3E0
_aloutpost_bld_storage,0x9AC533E6,2596615142,0,371,0x80005106,0x000004DA,0x9AC533E6
_aloutpost_bld_storage_fence,0xDC45D2A4,3695563428,0,4188,0x80009C20,0x000125C5,0xDC45D2A4
_aloutpost_bld_supplydepot,0x25330130,624099632,0,285,0x80004DE5,0x0000672A,0x25330130
_aloutpost_concretewall01,0xD0A85272,3500692082,0,3762,0x80009724,0x000010FE,0xD0A85272
_aloutpost_concretewall02,0x52AFDADD,1387256541,0,3763,0x80009725,0x00006F72,0x52AFDADD
_aloutpost_fueltanks,0xFA4F4AB5,4199500469,1,4544,0x80009F19,0xFFFFFFFF,0xFA4F4AB5
_aloutpost_gateentrance,0xAD110E85,2903576197,0,4784,0x8000A18D,0x00013ECF,0xAD110E85
_aloutpost_interior_herochair,0x7C809884,2088802436,0,4394,0x80009DC6,0x00010335,0x7C809884
_aloutpost_interior_job,0x4C33E8D2,1278470354,0,4754,0x8000A16D,0x0001096E,0x4C33E8D2
_angelfalls_env_base,0xAA17FEF9,2853699321,0,2051,0x80008126,0x00010B96,0xAA17FEF9
_angelfalls_env_basecornerupleft,0xC3B55702,3283441410,0,2054,0x80008129,0xFFFFFFFF,0xC3B55702
_angelfalls_env_basecornerupright,0x47D0CE79,1204866681,0,2055,0x8000812A,0x0000BE54,0x47D0CE79
_angelfalls_env_canyonside,0x665452E3,1716802275,0,2062,0x80008132,0xFFFFFFFF,0x665452E3
_angelfalls_env_middle,0x65F6EFF9,1710682105,0,2052,0x80008127,0x0000AB59,0x65F6EFF9
_angelfalls_env_middlecornerdownleft,0x0894CF99,143970201,0,2056,0x8000812B,0x000003AF,0x0894CF99
_angelfalls_env_middlecornerdownright,0xE09BE800,3768313856,0,2057,0x8000812C,0xFFFFFFFF,0xE09BE800
_angelfalls_env_middlecornerupleft,0x0ED17802,248608770,0,2059,0x8000812E,0xFFFFFFFF,0x0ED17802
_angelfalls_env_middlecornerupright,0x8518C179,2232992121,0,2058,0x8000812D,0xFFFFFFFF,0x8518C179
_angelfalls_env_top,0xF3BE17CF,4089321423,0,2053,0x80008128,0xFFFFFFFF,0xF3BE17CF
_angelfalls_env_topcornerdownleft,0x509F68F3,1352624371,0,2060,0x80008130,0xFFFFFFFF,0x509F68F3
_angelfalls_env_topcornerdownright,0x6E47829A,1850180250,0,2061,0x80008131,0xFFFFFFFF,0x6E47829A
_angelfalls_env_topcornerupleft,0x04D0C2A8,80790184,0,2063,0x80008133,0x000036DF,0x04D0C2A8
_angelfalls_env_topcornerupright,0x2801FC8F,671218831,0,2064,0x80008134,0x00003CE4,0x2801FC8F
_angelfalls_env_waterfallbase,0x229B202F,580591663,0,2065,0x80008135,0x0000B8EF,0x229B202F
_angelfalls_env_waterfallbase_stream,0x2CC3211E,750985502,0,2069,0x8000813B,0x00007D62,0x2CC3211E
_angelfalls_env_waterfallmiddle,0xBC41B837,3158423607,0,2066,0x80008136,0x0000CA12,0xBC41B837
_angelfalls_env_waterfallmiddle_stream,0x891EE676,2300503670,0,2070,0x8000813D,0x000100E3,0x891EE676
_angelfalls_env_waterfalltop,0xD6486DDD,3595070941,0,2067,0x80008137,0x0000F831,0xD6486DDD
_angelfalls_env_waterfalltop_stream,0xD5381B4C,3577224012,0,2071,0x8000813E,0x000136A1,0xD5381B4C
_asset_building,0xC53B3283,3308991107,0,1563,0x800071A5,0x000139CA,0xC53B3283
_asset_building2,0xA51C6ED3,2770104019,0,1562,0x800071A4,0x0000293F,0xA51C6ED3
_asset_none,0xB3807B61,3011541857,0,1558,0x800071A0,0x0000AD5C,0xB3807B61
_asset_none2,0x7E06E8C9,2114382025,0,1556,0x8000719E,0x00010C64,0x7E06E8C9
_asset_prop,0x16292198,371794328,0,1560,0x800071A2,0x00003CCE,0x16292198
_asset_prop2,0x94D392EE,2496893678,0,1561,0x800071A3,0x0000E35E,0x94D392EE
_asset_skyscraper,0x3F3FEA20,1061153312,0,1559,0x800071A1,0x00003944,0x3F3FEA20
_asset_skyscraper2,0x1BD8CE66,467193446,0,1564,0x800071A6,0x00007358,0x1BD8CE66
_Car Camera Presets,0xEFBFD4DF,4022326495,0,5052,0x8000A3F1,0xFFFFFFFF,0xEFBFD4DF
_Caracas_bld_capitol,0x2500A86E,620800110,0,1368,0x80006ED6,0x000135F5,0x2500A86E
_Caracas_bld_capitol_ruined,0xC126FA94,3240557204,0,4632,0x80009FB9,0xFFFFFFFF,0xC126FA94
_caracas_bld_cathedral,0xE33F6880,3812583552,0,1295,0x80006D90,0x00008346,0xE33F6880
_caracas_bld_cathedral_ruined,0x51DD01AE,1373438382,0,4631,0x80009FB8,0x00003867,0x51DD01AE
_caracas_bld_cathedralstatue,0x5772D59C,1467143580,0,1296,0x80006D91,0x00011586,0x5772D59C
_caracas_bld_construction01,0xF296DF56,4069973846,0,1369,0x80006ED7,0x0000A690,0xF296DF56
_caracas_bld_construction01_ruined,0x1CE382DC,484672220,0,4613,0x80009FA5,0x0000CC59,0x1CE382DC
_caracas_bld_firestation,0x681CB84C,1746712652,0,1001,0x80006889,0x00007E90,0x681CB84C
_caracas_bld_governmentcorner01,0x04082523,67642659,0,1370,0x80006ED8,0x00011284,0x04082523
_caracas_bld_governmentcorner02,0xEA0A3ACC,3926538956,0,1371,0x80006ED9,0x00001FB7,0xEA0A3ACC
_caracas_bld_governmentsegment,0x1184AC2C,293907500,0,1372,0x80006EDA,0x000074C4,0x1184AC2C
_caracas_bld_historical01,0xD22DFEAD,3526229677,0,1387,0x80006EE9,0x000063EA,0xD22DFEAD
_caracas_bld_historical02,0x50267642,1344697922,0,1388,0x80006EEA,0x000022BA,0x50267642
_caracas_bld_historical02_ruined,0x521AE9B8,1377495480,0,4620,0x80009FAD,0xFFFFFFFF,0x521AE9B8
_caracas_bld_historical03,0x3228859F,841516447,0,6061,0x900001AD,0x00001EDC,0x3228859F
_caracas_bld_historical03_ruined,0xFDE8B443,4259886147,0,3271,0x80008F48,0x0000E853,0xFDE8B443
_caracas_bld_historical04,0xD0212F94,3491835796,0,1389,0x80006EEB,0x0000292F,0xD0212F94
_caracas_bld_historical04_ruined,0x7EA5F2A2,2124804770,0,4619,0x80009FAC,0xFFFFFFFF,0x7EA5F2A2
_caracas_bld_historical05,0x2A23FBD9,707001305,0,1390,0x80006EEC,0x00007446,0x2A23FBD9
_caracas_bld_historical05_ruined,0xBCE17DED,3168894445,0,4147,0x80009B4A,0x000082F8,0xBCE17DED
_caracas_bld_hospitalvargas,0x5FA05820,1604343840,0,1113,0x80006B47,0x0001028A,0x5FA05820
_caracas_bld_hospitalvargas_ruined,0x47BBABCE,1203481550,0,4146,0x80009B49,0x00008DCB,0x47BBABCE
_caracas_bld_parkingstructure01,0x65DF6146,1709138246,0,1384,0x80006EE6,0xFFFFFFFF,0x65DF6146
_caracas_bld_parquecentral01,0xEC0299F2,3959593458,0,1297,0x80006D92,0xFFFFFFFF,0xEC0299F2
_caracas_bld_parquecentral01_ruined,0x34453CE8,876952808,0,4624,0x80009FB1,0x00005633,0x34453CE8
_caracas_bld_parquecentral02,0x6E0A225D,1846157917,0,1298,0x80006D93,0x00010FFB,0x6E0A225D
_caracas_bld_parquecentral02_ruined,0xB90E5371,3104723825,0,4622,0x80009FAF,0x0000BD17,0xB90E5371
_caracas_bld_parquecentral03,0x84080668,2215118440,0,1299,0x80006D94,0x00010A50,0x84080668
_caracas_bld_parquecentral03_ruined,0x759901F6,1972961782,0,4623,0x80009FB0,0xFFFFFFFF,0x759901F6
_caracas_bld_plazaparquecentral01,0xB16EB0E8,2976821480,0,1300,0x80006D95,0x00002C18,0xB16EB0E8
_caracas_bld_plazaparquecentral02,0x3B6BB88F,996915343,0,1373,0x80006EDB,0x00006180,0x3B6BB88F
_caracas_bld_skyscraperblacktower01,0xB9253A62,3106224738,0,1374,0x80006EDC,0x00010598,0xB9253A62
_caracas_bld_skyscraperblacktower01_ruined,0x6CF5EA58,1828055640,0,4625,0x80009FB2,0xFFFFFFFF,0x6CF5EA58
_caracas_bld_skyscraperbluetower01,0x8E46A4BF,2386994367,0,1375,0x80006EDD,0x0000A836,0x8E46A4BF
_caracas_bld_skyscraperbluetower01_ruined,0xCC2E0AE3,3425569507,0,4621,0x80009FAE,0x0000741E,0xCC2E0AE3
_caracas_bld_skyscrapercollapsed01,0x9E35963F,2654311999,0,1376,0x80006EDE,0x00006FF5,0x9E35963F
_caracas_bld_skyscrapercollapsed02,0x9437C518,2486682904,0,1391,0x80006EED,0x0000954A,0x9437C518
_caracas_bld_skyscraperpristine01,0x6B8C2D4E,1804348750,0,1015,0x8000689F,0x00007675,0x6B8C2D4E
_caracas_bld_skyscraperpristine02,0xCD938359,3448996697,0,1107,0x80006B41,0x000008B4,0xCD938359
_caracas_bld_skyscraperpristine02_ruined,0x0D6D586D,225269869,0,4627,0x80009FB4,0x00003AFC,0x0D6D586D
_caracas_bld_skyscraperpristine03,0x7390B714,1938863892,0,1114,0x80006B48,0x0000CABF,0x7390B714
_caracas_bld_skyscraperpristine03_ruined,0xCF31CD22,3476147490,0,4618,0x80009FAB,0x00009517,0xCF31CD22
_caracas_bld_skytrammain,0x53EFD034,1408225332,0,1377,0x80006EDF,0x00000EC5,0x53EFD034
_caracas_bld_skytrammain_ruined,0x29BD6DC2,700280258,0,4610,0x80009FA2,0x00004018,0x29BD6DC2
_caracas_bld_skytramshopA,0xC3132D1C,3272813852,0,1003,0x8000688B,0x000071D2,0xC3132D1C
_caracas_bld_skytramshopB,0x9D10B2B3,2635117235,0,1002,0x8000688A,0x0000F3E0,0x9D10B2B3
_caracas_bld_theater01,0xF0C5FA5A,4039506522,0,1392,0x80006EEE,0x000077B4,0xF0C5FA5A
_caracas_bld_theater01_Ruined,0xF28803D0,4069000144,0,4143,0x80009B46,0x000025D1,0xF28803D0
_caracas_bridgegovernment01,0x523CC48A,1379714186,0,1378,0x80006EE0,0x00004CD5,0x523CC48A
_caracas_bridgeparquecentral,0x264CC375,642564981,0,1301,0x80006D96,0x000048B7,0x264CC375
_caracas_capitolstatue,0x7BAF0531,2075067697,0,6062,0x900001AE,0x000114F5,0x7BAF0531
_caracas_cathedralplateau,0xF92CAE8F,4180455055,0,5464,0x8000AA60,0x0000D0C5,0xF92CAE8F
_caracas_fountaingovernment,0x415702CC,1096221388,0,1379,0x80006EE1,0x0000CC89,0x415702CC
_caracas_fountainparquecentral,0xC1306DE0,3241176544,0,1302,0x80006D97,0xFFFFFFFF,0xC1306DE0
_caracas_lawngovernment01,0xFD46330B,4249236235,0,1481,0x80007020,0x00006514,0xFD46330B
_caracas_lawngovernment02,0x2348AD74,591965556,0,1482,0x80007021,0x0000764F,0x2348AD74
_caracas_lawngovernment03,0xFD4AB039,4249530425,0,1483,0x80007022,0x00009F5D,0xFD4AB039
_caracas_lawnparquecentral01,0xD84A4F83,3628748675,0,1484,0x80007023,0x00001B47,0xD84A4F83
_caracas_lawnparquecentral02,0x3E4D2EAC,1045245612,0,1485,0x80007024,0x0000A066,0x3E4D2EAC
_caracas_lawnparquecentral03,0x384F63D1,944726993,0,1486,0x80007025,0x0000D81E,0x384F63D1
_caracas_lawnparquecentral04,0x5E51DE3A,1582423610,0,1487,0x80007026,0x00012E51,0x5E51DE3A
_caracas_plantercapitolcenter,0xF1693392,4050203538,0,1303,0x80006D98,0x00003A70,0xF1693392
_caracas_plantercapitolleft,0x236591D6,593859030,0,1304,0x80006D99,0xFFFFFFFF,0x236591D6
_caracas_plantercapitolright,0x172D7565,388855141,0,1305,0x80006D9A,0xFFFFFFFF,0x172D7565
_caracas_portplateau01,0x7B79F7CB,2071590859,0,5458,0x8000AA59,0x0001294B,0x7B79F7CB
_caracas_portplateau02,0xA17C7234,2709287476,0,5460,0x8000AA5C,0xFFFFFFFF,0xA17C7234
_caracas_rampgovernment01,0xCCED9715,3438122773,0,1380,0x80006EE2,0x00010E01,0xCCED9715
_caracas_rampgovernment02,0x2AE5DC4A,719707210,0,1381,0x80006EE3,0x0001148D,0x2AE5DC4A
_caracas_rampgovernmentmid,0x711E350E,1897805070,0,1382,0x80006EE4,0x00011AB8,0x711E350E
_caracas_shoppingcenterplateau,0x18B51B98,414522264,0,5463,0x8000AA5F,0x0000792A,0x18B51B98
_caracas_sidewalk1,0x532E30A0,1395536032,0,1728,0x800075A4,0x00011ABE,0x532E30A0
_caracas_sidewalk2,0xFD2B6AA7,4247480999,0,1729,0x800075A5,0x00011CB0,0xFD2B6AA7
_caracas_skyscraperplateau01,0xD5826019,3582091289,0,5462,0x8000AA5E,0x000131A3,0xD5826019
_caracas_skyscraperplateau02,0x737B0A0E,1937443342,0,5461,0x8000AA5D,0x00008281,0x737B0A0E
_caracas_skytramcolumn,0x51ED0322,1374487330,0,1385,0x80006EE7,0xFFFFFFFF,0x51ED0322
_caracas_skytramplateau01,0xA9043933,2835626291,0,5431,0x8000A9F9,0x000102E5,0xA9043933
_caracas_stairparquecentrallong,0x1CFEF671,486471281,0,1731,0x800075A7,0xFFFFFFFF,0x1CFEF671
_caracas_stairparquecentralshort,0x3890ADFF,949005823,0,1730,0x800075A6,0x0000B0D1,0x3890ADFF
_caracas_wallcorner,0xF75A76E6,4149901030,0,6081,0x900001C3,0xFFFFFFFF,0xF75A76E6
_caracas_wallcorner_pristine,0xDEBD3609,3736942089,0,4192,0x80009C24,0xFFFFFFFF,0xDEBD3609
_caracas_walllong,0xB6046123,3053740323,0,1733,0x800075AB,0x000085FD,0xB6046123
_caracas_walllong_pristine,0xA213FB4A,2719218506,0,4193,0x80009C25,0xFFFFFFFF,0xA213FB4A
_caracas_wallshort,0x229F1AB5,580852405,0,1732,0x800075AA,0x00008235,0x229F1AB5
_caracas_wallshort_pristine,0xDBC9A110,3687424272,0,4194,0x80009C26,0x0000F781,0xDBC9A110
_caracasruins_bld_corner16x16A,0x96E06243,2531287619,0,5477,0x8000AA6E,0x00004639,0x96E06243
_caracasruins_bld_corner16x16B,0xFCE3416C,4242751852,0,5478,0x8000AA6F,0xFFFFFFFF,0xFCE3416C
_caracasruins_bld_corner16x32A,0xAB6A5785,2875873157,0,5479,0x8000AA70,0xFFFFFFFF,0xAB6A5785
_caracasruins_bld_corner16x32B,0x4963017A,1231225210,0,5480,0x8000AA71,0x0000BA7B,0x4963017A
_caracasruins_bld_corner32x32A,0x87BCBC9B,2277293211,0,5482,0x8000AA73,0x0000C4B7,0x87BCBC9B
_caracasruins_bld_corner32x32B,0xEDBF9BC4,3988757444,0,5481,0x8000AA72,0x00001847,0xEDBF9BC4
_chinaoutpost_bld_alarmtower,0x8324C22F,2200224303,0,5455,0x8000AA56,0x0000BF35,0x8324C22F
_chinaoutpost_bld_commbunker01,0xD134C65F,3509896799,0,6060,0x900001AC,0x0000F49C,0xD134C65F
_chinaoutpost_bld_commbunker01_ruined,0x52562803,1381378051,0,3592,0x800093E5,0x000117F1,0x52562803
_chinaoutpost_bld_guardpost01,0xCC80CE0B,3430993419,0,6085,0x900001C8,0x00013B91,0xCC80CE0B
_chinaoutpost_bld_guardpost01_gate,0xE1EE029B,3790471835,0,3768,0x8000972A,0xFFFFFFFF,0xE1EE029B
_chinaoutpost_bld_guardtowershort,0xCAB1A873,3400640627,0,326,0x80004E18,0x00013754,0xCAB1A873
_chinaoutpost_bld_guardtowershort_ruined,0x5463E277,1415832183,0,3591,0x800093E4,0x00001CF3,0x5463E277
_chinaoutpost_bld_guardtowertall,0xE8F3EA02,3908299266,0,327,0x80004E19,0xFFFFFFFF,0xE8F3EA02
_chinaoutpost_bld_hangar01,0x2CCE9531,751736113,0,6059,0x900001AB,0x0000DEAF,0x2CCE9531
_chinaoutpost_bld_hangar01_ruined,0xA6D64645,2799060549,0,3593,0x800093E6,0x00001D8A,0xA6D64645
_chinaoutpost_bld_helipad,0xD193F670,3516135024,1,3759,0x80009721,0xFFFFFFFF,0xD193F670
_chinaoutpost_bld_prison,0xB5E32044,3051561028,0,320,0x80004E12,0x000024AF,0xB5E32044
_chinaoutpost_bld_prison_fence,0x6DAF8CD2,1840221394,0,3993,0x8000998C,0x00002C12,0x6DAF8CD2
_chinaoutpost_bld_prison_gate,0x983B00F2,2554003698,0,3992,0x80009989,0x00009B0F,0x983B00F2
_chinaoutpost_bld_prison_ruined,0x3960C5D2,962643410,0,3594,0x800093E7,0x0000F28A,0x3960C5D2
_chinaoutpost_bld_storage,0xD0D21854,3503429716,0,319,0x80004E11,0xFFFFFFFF,0xD0D21854
_chinaoutpost_bld_tent01,0x5BE217AB,1541543851,0,321,0x80004E13,0x0000D4A8,0x5BE217AB
_chinaoutpost_bld_tent02,0x81E49214,2179240468,0,322,0x80004E14,0x00008A3F,0x81E49214
_chinaoutpost_bld_tent02_ruined,0xB51D8622,3038610978,0,3598,0x800093EB,0x00006BB6,0xB51D8622
_chinaoutpost_concretewall01,0xD21BD8A4,3525040292,0,150,0x80004CE1,0xFFFFFFFF,0xD21BD8A4
_chinaoutpost_concretewall01_lowhealth,0xE5D65DB5,3856031157,0,5534,0x8000AB45,0xFFFFFFFF,0xE5D65DB5
_chinaoutpost_concretewall02,0xEC19C2FB,3961111291,0,3748,0x80009710,0x0000FF5A,0xEC19C2FB
_chinaoutpost_fueltanks,0xC12AD01B,3240808475,1,4545,0x80009F1A,0x0000D3A8,0xC12AD01B
_chinaoutpost_gateentrance,0x4A74B8DB,1249163483,0,4783,0x8000A18C,0x0000C959,0x4A74B8DB
_chinaoutpost_interior_job,0x8FB388F4,2410907892,0,4755,0x8000A16E,0x0001174B,0x8FB388F4
_chinaoutpost_signbarrier,0x036E6494,57566356,0,3769,0x8000972B,0x0000D3DB,0x036E6494
_city_bld_apartment01,0x8229E3DC,2183783388,0,1011,0x8000689B,0xFFFFFFFF,0x8229E3DC
_city_bld_apartment01_ruined,0x8697A5CA,2258085322,0,4633,0x80009FBA,0xFFFFFFFF,0x8697A5CA
_city_bld_apartment02,0x5C276973,1546086771,0,1012,0x8000689C,0xFFFFFFFF,0x5C276973
_city_bld_apartment02_ruined,0x59341D77,1496587639,0,4634,0x80009FBB,0x0000AE72,0x59341D77
_city_bld_apartment03,0xFA249096,4196700310,0,1013,0x8000689D,0x00000ABB,0xFA249096
_city_bld_apartment03_ruined,0xD0D8BE1C,3503865372,0,4635,0x80009FBC,0x0000BA4A,0xD0D8BE1C
_city_bld_apartment04,0x0435E975,70642037,0,1016,0x800068A0,0x0000A080,0x0435E975
_city_bld_apartment04_ruined,0xCACDD789,3402487689,0,4636,0x80009FBD,0x0000027D,0xCACDD789
_city_bld_apartment05,0xDA3368C0,3660802240,0,1115,0x80006B49,0x00000758,0xDA3368C0
_city_bld_apartment05_ruined,0x7C9FC0EE,2090844398,0,4637,0x80009FBE,0x00003D58,0x7C9FC0EE
_city_bld_apartment06,0x04316C47,70347847,0,786,0x8000622C,0x0000D869,0x04316C47
_city_bld_apartment06_ruined,0x3FEE5A0B,1072585227,0,4638,0x80009FBF,0x00012732,0x3FEE5A0B
_city_bld_corner16x16a,0xAB93F71D,2878600989,0,637,0x80005C44,0x000075D9,0xAB93F71D
_city_bld_corner16x16a_ruined,0xF4220431,4095870001,0,3569,0x800093CD,0xFFFFFFFF,0xF4220431
_city_bld_corner16x16b,0x298C6EB2,697069234,0,900,0x800064AD,0xFFFFFFFF,0x298C6EB2
_city_bld_corner16x16b_ruined,0xFDE2BCA8,4259495080,0,4142,0x80009B44,0xFFFFFFFF,0xFDE2BCA8
_city_bld_corner16x16c,0x4B8EE2CF,1267655375,0,899,0x800064AC,0x0001361A,0x4B8EE2CF
_city_bld_corner16x16c_ruined,0x3C7D7B33,1014856499,0,3570,0x800093CE,0x00006E3F,0x3C7D7B33
_city_bld_corner16x16d,0x2987F184,696775044,0,902,0x800064B0,0x00005328,0x2987F184
_city_bld_corner16x16d_ruined,0x959C7012,2510057490,0,4148,0x80009B4B,0x0000000C,0x959C7012
_city_bld_corner16x32A,0x7E3F8303,2118091523,0,1000,0x80006888,0x000038FB,0x7E3F8303
_city_bld_corner16x32A_ruined,0xA28C3807,2727098375,0,3571,0x800093CF,0x0000002E,0xA28C3807
_city_bld_corner16x32B,0xE442622C,3829555756,0,1020,0x800068A4,0x000106F6,0xE442622C
_city_bld_corner16x32B_ruined,0x69C2E41A,1774380058,0,4597,0x80009F94,0x0000AC79,0x69C2E41A
_city_bld_corner16x32C,0xDE449751,3729037137,0,1021,0x800068A5,0x00010C17,0xDE449751
_city_bld_corner16x32D,0x044711BA,71766458,0,1104,0x80006B3E,0x000030CD,0x044711BA
_city_bld_corner16x32D_ruined,0x419790B0,1100452016,0,4628,0x80009FB5,0x00002836,0x419790B0
_city_bld_corner32x32A,0x4EC67AED,1321630445,0,1014,0x8000689E,0x000007E0,0x4EC67AED
_city_bld_corner32x32A_ruined,0x3097A1C1,815243713,0,4601,0x80009F98,0xFFFFFFFF,0x3097A1C1
_city_bld_corner32x32B,0xCCBEF282,3435065986,0,1017,0x800068A1,0x0000305E,0xCCBEF282
_city_bld_corner32x32B_ruined,0x036E4AF8,57559800,0,4604,0x80009F9B,0xFFFFFFFF,0x036E4AF8
_city_bld_corner32x32C,0xAEC101DF,2931884511,0,1018,0x800068A2,0x00004F18,0xAEC101DF
_city_bld_corner32x32C_ruined,0xB1B67E83,2981527171,0,2479,0x800084D4,0x0000031B,0xB1B67E83
_city_bld_corner32x32D,0x4CB9ABD4,1287236564,0,1019,0x800068A3,0x0000558C,0x4CB9ABD4
_city_bld_corner32x32D_ruined,0x0AAA78E2,178944226,0,4602,0x80009F99,0x0000714B,0x0AAA78E2
_city_bld_segment16x16A,0x348240B3,880951475,0,468,0x800056A6,0x00011F86,0x348240B3
_city_bld_segment16x16A_ruined,0xE1E554B7,3789903031,0,3572,0x800093D0,0x00001A8C,0xE1E554B7
_city_bld_segment16x16b,0x5A84BB1C,1518648092,0,649,0x80005F7D,0x0000E831,0x5A84BB1C
_city_bld_segment16x16b_ruined,0x0C88990A,210278666,0,3573,0x800093D1,0x0000F463,0x0C88990A
_city_bld_segment16x16c,0x5486F041,1418129473,0,650,0x80005F7E,0x0000E4A7,0x5486F041
_city_bld_segment16x16c_ruined,0x3F97A995,1066903957,0,3574,0x800093D2,0x00011556,0x3F97A995
_city_bld_segment16x16d,0xBA89CF6A,3129593706,0,651,0x80005F7F,0xFFFFFFFF,0xBA89CF6A
_city_bld_segment16x16d_ruined,0x0AD328E0,181610720,0,3575,0x800093D3,0xFFFFFFFF,0x0AD328E0
_city_bld_segment16x32A,0x090BD135,151769397,0,783,0x80006229,0xFFFFFFFF,0x090BD135
_city_bld_segment16x32A_ruined,0x6536F149,1698099529,0,3576,0x800093D4,0xFFFFFFFF,0x6536F149
_city_bld_segment16x32B,0xE704DFEA,3875856362,0,1105,0x80006B3F,0x00004F9D,0xE704DFEA
_city_bld_segment16x32B_ruined,0x5BEA5660,1542084192,0,3577,0x800093D5,0x0001303C,0x5BEA5660
_city_bld_segment16x32C,0x09075407,151475207,0,784,0x8000622A,0x00007A2F,0x09075407
_city_bld_segment16x32C_ruined,0xB4ABBCCB,3031153867,0,3578,0x800093D6,0x0000851F,0xB4ABBCCB
_city_bld_segment16x32D,0x86FFCB9C,2264910748,0,785,0x8000622B,0xFFFFFFFF,0x86FFCB9C
_city_bld_segment16x32D_ruined,0x5D9FC68A,1570752138,0,3579,0x800093D7,0x0000A62A,0x5D9FC68A
_city_bld_segment32x32A,0x1FCE92CB,533631691,0,787,0x8000622D,0x00006309,0x1FCE92CB
_city_bld_segment32x32A_ruined,0x3978312F,964178223,0,4617,0x80009FAA,0xFFFFFFFF,0x3978312F
_city_bld_segment32x32B,0x45D10D34,1171328308,0,1106,0x80006B40,0xFFFFFFFF,0x45D10D34
_city_bld_segment32x32B_ruined,0x84803CC2,2222996674,0,4629,0x80009FB6,0x000026E0,0x84803CC2
_city_bld_segment32x32C,0x1FD30FF9,533925881,0,1116,0x80006B4A,0x0000255F,0x1FD30FF9
_city_bld_segment32x32D,0x45D58A62,1171622498,0,1117,0x80006B4B,0x00008B48,0x45D58A62
_city_bld_segment32x32D_ruined,0x4A945A58,1251236440,0,3580,0x800093D8,0x00009808,0x4A945A58
_city_bld_skyscraper01,0xB62E683B,3056494651,0,1118,0x80006B4C,0x000099F6,0xB62E683B
_city_bld_skyscraper01_ruined,0x183D33DF,406664159,0,4606,0x80009F9D,0xFFFFFFFF,0x183D33DF
_city_bld_skyscraper02,0x9C307DE4,2620423652,0,1121,0x80006B4F,0x00008933,0x9C307DE4
_city_bld_skyscraper02_ruined,0x39E21CF2,971119858,0,4630,0x80009FB7,0x00003284,0x39E21CF2
_city_bld_skyscraper03,0xB632E569,3056788841,0,1120,0x80006B4E,0xFFFFFFFF,0xB632E569
_city_bld_skyscraper03_ruined,0x7F06D37D,2131153789,0,4626,0x80009FB3,0xFFFFFFFF,0x7F06D37D
_city_bld_skyscraper04,0x1C35C492,473285778,0,1119,0x80006B4D,0x0000DD52,0x1C35C492
_city_bld_standalone01,0x936B0531,2473264433,0,467,0x800056A5,0x0000A7BA,0x936B0531
_city_bld_standalone01_ruined,0xAA781645,2859996741,0,5253,0x8000A7AF,0xFFFFFFFF,0xAA781645
_city_bld_standalone02,0x11637CC6,291732678,0,652,0x80005F80,0xFFFFFFFF,0x11637CC6
_city_bld_standalone02_ruined,0x2D6397CC,761501644,0,5254,0x8000A7B0,0x0000F523,0x2D6397CC
_city_bld_standalone03,0x3365F0E3,862318819,0,653,0x80005F81,0x0000679A,0x3365F0E3
_city_bld_standalone03_ruined,0xA4F2BFE7,2767372263,0,5255,0x8000A7B1,0xFFFFFFFF,0xA4F2BFE7
_city_bld_standalone04,0xB171F030,2977034288,0,654,0x80005F82,0x0000B37D,0xB171F030
_city_bld_standalone04_ruined,0x8D322A9E,2368875166,0,5256,0x8000A7B2,0xFFFFFFFF,0x8D322A9E
_city_bld_standalone05,0x1B74D5A5,460641701,0,655,0x80005F83,0xFFFFFFFF,0x1B74D5A5
_city_bld_standalone05_ruined,0x0E0BFC39,235666489,0,5257,0x8000A7B3,0xFFFFFFFF,0x0E0BFC39
_city_bld_storefrontA,0x73DA352E,1943680302,0,1477,0x8000701C,0x00012985,0x73DA352E
_city_bld_storefrontB,0xD5E18B39,3588328249,0,1478,0x8000701D,0x00002973,0xD5E18B39
_city_bld_storefrontC,0xFBDF8874,4225730676,0,1479,0x8000701E,0x00000A97,0xFBDF8874
_city_bld_storefrontcornerA,0xF1D108FF,4057008383,0,1386,0x80006EE8,0xFFFFFFFF,0xF1D108FF
_city_bld_storefrontcornerB,0xE7D337D8,3889379288,0,1051,0x80006927,0x000123E2,0xE7D337D8
_city_bld_storefrontcornerC,0x11D5B88D,299219085,0,1466,0x80007011,0xFFFFFFFF,0x11D5B88D
_city_bld_storefrontcornerD,0x07C45FAE,130310062,0,1502,0x80007037,0xFFFFFFFF,0x07C45FAE
_city_bld_storefrontcornerE,0x69C7388B,1774663819,0,1539,0x8000718C,0x00000502,0x69C7388B
_city_bld_storefrontcornerF,0x8FC9B2F4,2412360436,0,1511,0x8000716E,0x00013E72,0x8FC9B2F4
_city_bld_storefrontD,0x5DE6DE7F,1575411327,0,1480,0x8000701F,0x000057BE,0x5DE6DE7F
_city_bld_storefrontE,0xFBE405A2,4226024866,0,1500,0x80007035,0x00002A67,0xFBE405A2
_city_bld_storefrontF,0x7DEB8E0D,2112589325,0,1501,0x80007036,0x0000E89A,0x7DEB8E0D
_city_busstop01,0x499A441F,1234846751,0,3309,0x80008F79,0xFFFFFFFF,0x499A441F
_civilian_chaira,0x6371A6AA,1668392618,0,2534,0x80008560,0xFFFFFFFF,0x6371A6AA
_commercial_bld_clinic,0x8D8E3BFC,2374908924,0,249,0x80004DBA,0xFFFFFFFF,0x8D8E3BFC
_commercial_bld_corner16x16a,0x704116CC,1883313868,0,365,0x80005100,0x00008C36,0x704116CC
_commercial_bld_corner16x16a_ruined,0xD89B2E3A,3634048570,0,3272,0x80008F49,0x0001034D,0xD89B2E3A
_commercial_bld_corner8x16a,0xD65F4757,3596568407,0,253,0x80004DBE,0x0000B75E,0xD65F4757
_commercial_bld_corner8x16a_ruined,0x67F5B75B,1744156507,0,3273,0x80008F4A,0xFFFFFFFF,0x67F5B75B
_commercial_bld_corner8x16b,0xEC61A890,3965823120,0,252,0x80004DBD,0x00000F9C,0xEC61A890
_commercial_bld_corner8x16b_ruined,0x630B76FE,1661695742,0,3264,0x80008F41,0x00012699,0x630B76FE
_commercial_bld_corner8x16c,0xD663C485,3596862597,0,255,0x80004DC0,0x00012036,0xD663C485
_commercial_bld_corner8x16c_ruined,0xB9430D19,3108179225,0,3289,0x80008F5B,0xFFFFFFFF,0xB9430D19
_commercial_bld_corner8x8a,0x0394938A,60068746,0,81,0x80004B39,0x0000951E,0x0394938A
_commercial_bld_corner8x8a_ruined,0xCDF49980,3455359360,0,3267,0x80008F44,0x00003BBD,0xCDF49980
_commercial_bld_corner8x8b,0xA59C4E55,2778484309,0,254,0x80004DBF,0x0000CE45,0xA59C4E55
_commercial_bld_corner8x8b_ruined,0xAC5AD069,2891632745,0,3285,0x80008F56,0x0001359F,0xAC5AD069
_commercial_bld_firestation,0x169D4A64,379406948,0,257,0x80004DC3,0xFFFFFFFF,0x169D4A64
_commercial_bld_policestation,0xB885803E,3095756862,0,324,0x80004E16,0x0000DC0E,0xB885803E
_commercial_bld_ruins16x16,0xCA77D281,3396850305,0,5426,0x8000A9F3,0xFFFFFFFF,0xCA77D281
_commercial_bld_ruins16x24,0x016F76AE,24082094,0,5424,0x8000A9F1,0x00003428,0x016F76AE
_commercial_bld_ruins16x32,0xF80C16EF,4161541871,0,5425,0x8000A9F2,0x00009A04,0xF80C16EF
_commercial_bld_ruins8x24,0xF381B8AF,4085364911,0,5428,0x8000A9F5,0xFFFFFFFF,0xF381B8AF
_commercial_bld_ruins8x32,0x652AE0AA,1697308842,0,5427,0x8000A9F4,0x0000C133,0x652AE0AA
_commercial_bld_segment16x16a,0x22F4BCBC,586464444,0,364,0x800050FF,0xFFFFFFFF,0x22F4BCBC
_commercial_bld_segment16x16a_ruined,0x586AB1AA,1483387306,0,3274,0x80008F4B,0xFFFFFFFF,0x586AB1AA
_commercial_bld_segment8x16a,0xB1EDD787,2985154439,0,245,0x80004DB6,0x00009F0E,0xB1EDD787
_commercial_bld_segment8x16a_ruined,0xCF70AB4B,3480267595,0,3288,0x80008F5A,0xFFFFFFFF,0xCF70AB4B
_commercial_bld_segment8x16b,0x87EFD400,2280641536,0,277,0x80004DDD,0x0000E56E,0x87EFD400
_commercial_bld_segment8x16c,0xB1F254B5,2985448629,0,123,0x80004CC5,0x0001109A,0xB1F254B5
_commercial_bld_segment8x16c_ruined,0x7FFBDFC9,2147213257,0,3268,0x80008F45,0x00008421,0x7FFBDFC9
_commercial_bld_segment8x16d,0xA7E0FBD6,2816539606,0,122,0x80004CC4,0x000030D8,0xA7E0FBD6
_commercial_bld_segment8x16d_ruined,0xF54B745C,4115362908,0,3287,0x80008F59,0xFFFFFFFF,0xF54B745C
_commercial_bld_segment8x16e,0x09E3D4B3,165926067,0,126,0x80004CC8,0x00001DB9,0x09E3D4B3
_commercial_bld_segment8x16e_ruined,0x4DC170B7,1304522935,0,3265,0x80008F42,0x000006BC,0x4DC170B7
_commercial_bld_segment8x8a,0xDFFE58BA,3757988026,0,251,0x80004DBC,0x0000C9A2,0xDFFE58BA
_commercial_bld_segment8x8a_ruined,0x1ECE2DB0,516828592,0,3266,0x80008F43,0x000024DB,0x1ECE2DB0
_commercial_bld_segment8x8b,0x4205AEC5,1107668677,0,134,0x80004CD1,0x0000CF21,0x4205AEC5
_commercial_bld_segment8x8b_ruined,0x50FE2759,1358833497,0,3284,0x80008F55,0xFFFFFFFF,0x50FE2759
_commercial_bld_segment8x8c,0x580392D0,1476629200,0,82,0x80004B3A,0x00002364,0x580392D0
_commercial_bld_segment8x8c_ruined,0xBE488E3E,3192426046,0,3269,0x80008F46,0x000091AC,0xBE488E3E
_commercial_bld_segment8x8d,0x59F6CA03,1509345795,0,250,0x80004DBB,0x00004282,0x59F6CA03
_commercial_bld_segment8x8d_ruined,0x7FC2D507,2143474951,0,3270,0x80008F47,0x0000AA78,0x7FC2D507
_commercial_bld_supermarket,0x75BE4579,1975403897,0,323,0x80004E15,0x0000335F,0x75BE4579
_commercial_bld_supermarket_ruined,0xFAACC60D,4205626893,0,3286,0x80008F58,0xFFFFFFFF,0xFAACC60D
_commercial_lightclinic,0x54BDD1B3,1421726131,0,1400,0x80006EF8,0x0000605C,0x54BDD1B3
_commercial_merge_concrete,0x13DC322B,333197867,0,686,0x80005FA4,0x00005B18,0x13DC322B
_commercial_mergeconcrete,0x05E91342,99160898,0,3551,0x800093B9,0x0000D47C,0x05E91342
_commercial_road10,0x81A1B270,2174857840,0,275,0x80004DDA,0x0000AB54,0x81A1B270
_commercial_road10Clean,0x7BEC3EA7,2079080103,0,1858,0x800076E9,0x00004A67,0x7BEC3EA7
_commercial_road10Cleancross,0xB9509A0D,3109067277,0,1859,0x800076EA,0x0000236A,0xB9509A0D
_commercial_road10CleanL,0x1A808871,444631153,0,1860,0x800076EB,0x0000440A,0x1A808871
_commercial_road10CleanT,0x3A4490A9,977572009,0,1861,0x800076EC,0x000079E4,0x3A4490A9
_commercial_road10CleanT20,0x1953C29B,424919707,0,1862,0x800076ED,0x00006259,0x1953C29B
_commercial_road10CleanT5,0x42DE3E8A,1121861258,0,1863,0x800076EE,0x000083EF,0x42DE3E8A
_commercial_road10cross,0x6A6CA690,1785505424,0,261,0x80004DCB,0x00005835,0x6A6CA690
_commercial_road10cross5,0xCD077E75,3439820405,0,263,0x80004DCD,0x000092E4,0xCD077E75
_commercial_road10l,0xCAFC0198,3405513112,0,262,0x80004DCC,0x0000661E,0xCAFC0198
_commercial_road10middle,0x3BE9E69F,1005184671,0,1054,0x8000692A,0xFFFFFFFF,0x3BE9E69F
_commercial_road10straight,0x240E67BA,604923834,0,3315,0x80008F7F,0x000112CC,0x240E67BA
_commercial_road10t,0xCAE879E0,3404233184,0,260,0x80004DCA,0x00000C79,0xCAE879E0
_commercial_road10t20,0xD6A80E46,3601337926,0,1034,0x80006913,0x000125E7,0xD6A80E46
_commercial_road10t5,0xC0447285,3225711237,0,264,0x80004DCE,0x000112DD,0xC0447285
_commercial_road10Transparent,0xB5FEE212,3053380114,0,1738,0x800075B1,0xFFFFFFFF,0xB5FEE212
_commercial_road20,0x170A6BC1,386558913,0,274,0x80004DD8,0x000123BC,0x170A6BC1
_commercial_road20b,0x2FB4F779,800388985,0,1059,0x8000692F,0x000072CA,0x2FB4F779
_commercial_road20Clean,0x2401AAB0,604089008,0,1864,0x800076EF,0x0000EB4D,0x2401AAB0
_commercial_road20Cleanb,0x29524986,693258630,0,1865,0x800076F0,0xFFFFFFFF,0x29524986
_commercial_road20Cleancross,0x0637AED0,104312528,0,1866,0x800076F1,0x00006043,0x0637AED0
_commercial_road20CleanT,0xA9397B20,2839116576,0,1867,0x800076F2,0x0000809F,0xA9397B20
_commercial_road20CleanT10,0xEBAE3E4B,3954064971,0,1868,0x800076F3,0x00010B44,0xEBAE3E4B
_commercial_road20cross,0xCEA0D127,3466645799,0,270,0x80004DD4,0x00000720,0xCEA0D127
_commercial_road20cross10,0xEEBF26A4,4005504676,0,271,0x80004DD5,0x000051F5,0xEEBF26A4
_commercial_road20merge10,0x54D09630,1422956080,0,353,0x80004EFD,0x000100EF,0x54D09630
_commercial_road20t,0x5792A42F,1469228079,0,272,0x80004DD6,0x00007F5B,0x5792A42F
_commercial_road20t10,0xCD4AED8C,3444239756,0,273,0x80004DD7,0x00008AF9,0xCD4AED8C
_commercial_road20t10b,0x526909CA,1382615498,0,3543,0x800093B1,0x0000795C,0x526909CA
_commercial_road5,0xDA968AB0,3667298992,0,269,0x80004DD3,0x00011235,0xDA968AB0
_commercial_road5cross,0x83BE4ED0,2210287312,0,265,0x80004DCF,0x00007E0F,0x83BE4ED0
_commercial_road5l,0x15A9A2D8,363438808,0,266,0x80004DD0,0x0000DB8E,0x15A9A2D8
_commercial_road5t,0x15961B20,362158880,0,267,0x80004DD1,0x0000F6BC,0x15961B20
_commercial_road5t10,0xC1EBDE4B,3253460555,0,268,0x80004DD2,0x0001179B,0xC1EBDE4B
_commercial_roadgovnt,0xACAC7E4F,2896985679,0,1727,0x800075A3,0x0000DCCD,0xACAC7E4F
_commercial_roadstraight10,0x00AAD096,11194518,0,3257,0x80008F36,0x000057C2,0x00AAD096
_commercial_roadstraight10_crater02,0x056DA31E,91071262,0,5260,0x8000A7B7,0x000113C7,0x056DA31E
_commercial_roadstraight10_crater02_straight,0xC5D81E3F,3319275071,0,5272,0x8000A7C3,0x0000770C,0xC5D81E3F
_commercial_roadstraight10_crater_stitcher,0xD682416D,3598860653,0,5259,0x8000A7B6,0x00001230,0xD682416D
_commercial_roadstraight20,0xC95EFD5B,3378445659,0,3313,0x80008F7D,0x00001D96,0xC95EFD5B
_commercial_roadstraight20_crater02,0x22C44025,583286821,0,4608,0x80009FA0,0x0000D4F3,0x22C44025
_commercial_roadstraight20_crater02_straight,0x173398F6,389257462,0,5258,0x8000A7B5,0xFFFFFFFF,0x173398F6
_commercial_roadstraight20_crater_stitcher,0x674EAAA8,1733208744,0,4607,0x80009F9F,0x0000201D,0x674EAAA8
_commercial_roadstraight20b,0xD213D90B,3524516107,0,3314,0x80008F7E,0x00002334,0xD213D90B
_commercial_roadstraight5,0x6245D0CA,1648742602,0,3258,0x80008F37,0x0000651A,0x6245D0CA
_commercial_sidewalk,0x447A6247,1148871239,0,276,0x80004DDB,0x0001307E,0x447A6247
_commercial_sidewalk02,0x259FE84D,631236685,0,5267,0x8000A7BE,0x0001122F,0x259FE84D
_commercial_sidewalkClean,0xFC8DB1F2,4237144562,0,1869,0x800076F4,0x00000425,0xFC8DB1F2
_commercial_sidewalkCleansmall,0x19260E7B,421924475,0,1870,0x800076F5,0xFFFFFFFF,0x19260E7B
_commercial_sidewalksmall,0x138FB724,328185636,0,367,0x80005102,0x00006BD8,0x138FB724
_commercial_tunnelcap,0x3E06D87D,1040636029,0,1067,0x80006937,0x00008CAB,0x3E06D87D
_commercial_tunnelsegment,0x87B99176,2277085558,0,1068,0x80006939,0xFFFFFFFF,0x87B99176
_commercial_wall,0xD08A375D,3498719069,0,151,0x80004CE2,0xFFFFFFFF,0xD08A375D
_commercial_wallbeachlong,0xDB4E6594,3679348116,0,1233,0x80006CE5,0x00001152,0xDB4E6594
_commercial_wallbeachshort,0xA5B485E0,2780071392,0,1234,0x80006CE6,0x000091E1,0xA5B485E0
_commercial_wallcorner,0x9997052E,2576811310,0,179,0x80004D09,0x00005109,0x9997052E
_commercial_wallcorner_pristine,0xC1FE8321,3254682401,0,4189,0x80009C21,0x000097C5,0xC1FE8321
_commercial_walllong,0x7C827A9B,2088925851,0,180,0x80004D0A,0x00006392,0x7C827A9B
_commercial_walllong_pristine,0x5811F9D2,1477573074,0,4190,0x80009C22,0x000140B8,0x5811F9D2
_commercial_wallshort,0xA8BE3C0D,2831039501,0,181,0x80004D0B,0x00001A5F,0xA8BE3C0D
_commercial_wallshort_pristine,0x62E0DD58,1658903896,0,4191,0x80009C23,0xFFFFFFFF,0x62E0DD58
_cumana_bld_corner16x16b,0x0494455A,76825946,0,4200,0x80009C2D,0x00005384,0x0494455A
_cumana_bld_corner16x16c,0xE69654B7,3868611767,0,4201,0x80009C2E,0x00010CD1,0xE69654B7
_cumana_bld_corner32x32B,0xB5C3AE6A,3049500266,0,4203,0x80009C30,0xFFFFFFFF,0xB5C3AE6A
_cumana_bld_fortress01,0x0F46E72E,256304942,0,6056,0x900001A8,0x00007121,0x0F46E72E
_cumana_bld_hotelfourstar01,0xB69BFEAC,3063676588,0,6057,0x900001A9,0x00007BAD,0xB69BFEAC
_cumana_bld_hotelfourstar01_ruined,0xD25D559A,3529332122,0,4139,0x80009B3A,0x000070DD,0xD25D559A
_cumana_bld_hoteltwostar01,0x19669520,426153248,0,6058,0x900001AA,0x0000CE97,0x19669520
_cumana_bld_hoteltwostar01_ruined,0xEC057ACE,3959782094,0,4138,0x80009B36,0x000128A0,0xEC057ACE
_cumana_bld_segment16x16a,0xC932E0EB,3375554795,0,5433,0x8000A9FB,0x00002A85,0xC932E0EB
_cumana_bld_segment32x32D,0x5FE42C3A,1608789050,0,4204,0x80009C32,0xFFFFFFFF,0x5FE42C3A
_cumana_bridge_end,0xBA7B9611,3128661521,0,6096,0x900001D8,0x00003E0E,0xBA7B9611
_cumana_bridge_midA,0x0EC8A1C5,248029637,0,6097,0x900001D9,0x00001445,0x0EC8A1C5
_cumana_bridge_whiteend,0x10977A0C,278362636,0,6104,0x900001E0,0xFFFFFFFF,0x10977A0C
_cumana_bridge_whitemid,0x6B2BBDB1,1798028721,0,6103,0x900001DF,0xFFFFFFFF,0x6B2BBDB1
_DELETE ME,0x8030427D,2150646397,0,28,0x8000437D,0x0000D849,0x8030427D
_dlc_coro_bld_motorpool,0xD2BC640A,3535561738,0,5262,0x8000A7B9,0x000090C5,0xD2BC640A
_DLC_global_env_treemedium02,0xFBBCD0E5,4223455461,0,5265,0x8000A7BC,0x00013926,0xFBBCD0E5
_DLC_outskirt_road10,0x5C12EFA7,1544744871,0,5263,0x8000A7BA,0x00012E71,0x5C12EFA7
_docks_bld_bar,0x0EA28FE1,245534689,0,256,0x80004DC2,0xFFFFFFFF,0x0EA28FE1
_docks_bld_booth,0x327D909A,847089818,0,139,0x80004CD6,0x0001055D,0x327D909A
_docks_bld_toolshed,0x2DE708EA,770115818,0,135,0x80004CD2,0x0000BE89,0x2DE708EA
_docks_bld_toolshed_ruined,0xBF648960,3211037024,0,5560,0x8000AB61,0x0000EB25,0xBF648960
_docks_bld_warehouse,0xEC496AA7,3964234407,0,258,0x80004DC4,0x00011055,0xEC496AA7
_docks_bld_warehouse_ruined,0x482909EB,1210649067,0,4612,0x80009FA4,0x0000B57C,0x482909EB
_docks_bld_warehousesmall,0x625F3B84,1650408324,0,244,0x80004DB5,0xFFFFFFFF,0x625F3B84
_docks_bld_warehousesmall_ruined,0x4149FE12,1095368210,0,4611,0x80009FA3,0x000055E4,0x4149FE12
_docks_crane,0x86CC17EA,2261522410,0,182,0x80004D0C,0x0000A197,0x86CC17EA
_docks_dockconcrete,0x062770FF,103248127,0,183,0x80004D0D,0x0000A36D,0x062770FF
_docks_docklarge,0x4362A993,1130539411,0,184,0x80004D0E,0x0000AA50,0x4362A993
_docks_docklarge_ruin,0x695F2284,1767842436,0,5558,0x8000AB5F,0xFFFFFFFF,0x695F2284
_docks_dockmini,0x28F9DCE3,687463651,0,185,0x80004D0F,0x0000AE9B,0x28F9DCE3
_docks_dockmini_ruined,0xF1CB23E7,4056622055,0,5557,0x8000AB5E,0x000079BA,0xF1CB23E7
_docks_dockpump,0x070941AC,118047148,0,186,0x80004D10,0x0000A549,0x070941AC
_docks_docksmall,0x25D4384B,634665035,0,187,0x80004D11,0x0000CB35,0x25D4384B
_docks_docksmall_ruined,0x1BFB75AF,469464495,0,5559,0x8000AB60,0x00006201,0x1BFB75AF
_docks_fishcage,0x7E4F04F1,2119107825,0,199,0x80004D1D,0x0000212A,0x7E4F04F1
_docks_fishingpole,0xDDECDED9,3723288281,0,200,0x80004D1E,0x00012F4B,0xDDECDED9
_docks_lamppost,0x77DE8FD3,2011074515,0,188,0x80004D12,0x0000DF12,0x77DE8FD3
_docks_net,0xEDCF6DFC,3989794300,0,189,0x80004D13,0x0000E4C6,0xEDCF6DFC
_docks_netbundled,0xFEBF31EC,4273943020,0,191,0x80004D15,0x0000FE9C,0xFEBF31EC
_docks_netoverhang,0x2D661052,761663570,0,190,0x80004D14,0x0000E876,0x2D661052
_docks_tiredock,0xF069B3C8,4033459144,0,201,0x80004D20,0x00013570,0xF069B3C8
_estate_benchstone01,0xB3067FAB,3003547563,0,1885,0x80007706,0xFFFFFFFF,0xB3067FAB
_estate_bld_mansion01,0x61C41F60,1640243040,0,670,0x80005F94,0x00012581,0x61C41F60
_estate_bld_mansion01_partialRuin,0x8271FE7C,2188508796,0,4027,0x80009A0F,0x0000FBFB,0x8271FE7C
_estate_bld_mansion01_ruined,0x656C4F0E,1701596942,0,4145,0x80009B48,0x00007376,0x656C4F0E
_estate_bld_mansion02,0x0BC15967,197220711,0,618,0x80005C2B,0x0000C7BB,0x0BC15967
_estate_bld_mansion02_ruined,0xAD2FEBAB,2905598891,0,4022,0x80009A08,0x0000E712,0xAD2FEBAB
_estate_bld_mansion03,0xE9BEE54A,3921601866,0,663,0x80005F8C,0xFFFFFFFF,0xE9BEE54A
_estate_bld_mansion03_ruined,0x282F7440,674198592,0,4144,0x80009B47,0x0000C3AD,0x282F7440
_estate_bld_mansion04,0x03BCCFA1,62705569,0,788,0x8000622F,0x00008A19,0x03BCCFA1
_estate_bld_mansion04_ruined,0x95352BF5,2503289845,0,4152,0x80009B4F,0x0000D0BA,0x95352BF5
_estate_bld_poolelevated01,0x07F13467,133248103,0,1877,0x800076FD,0x000034AE,0x07F13467
_Estate_bld_securityshed,0xE4E141EA,3839967722,0,1886,0x80007707,0x000068B7,0xE4E141EA
_estate_bld_tower01,0x3AA91B50,984161104,0,1753,0x800075C2,0x00011691,0x3AA91B50
_estate_bld_tower02,0x24A6BA17,614906391,0,1752,0x800075C1,0x00008E96,0x24A6BA17
_estate_sidewalk,0xF92280A5,4179787941,0,1749,0x800075BE,0xFFFFFFFF,0xF92280A5
_estate_sidewalksmall,0x6F49AB3A,1867098938,0,1750,0x800075BF,0x0000A2E1,0x6F49AB3A
_estate_stairs01,0x4CD2F7B8,1288894392,0,1746,0x800075BB,0x0000499B,0x4CD2F7B8
_estate_stairs02,0xD6CFFF5F,3603955551,0,1747,0x800075BC,0x0000ED7E,0xD6CFFF5F
_estate_stairs03,0xF4CDF002,4107137026,0,615,0x80005C28,0x00007D8C,0xF4CDF002
_estate_stairscenter01,0x790C8DDF,2030865887,0,1748,0x800075BD,0x00001355,0x790C8DDF
_estate_wallgate01,0xF6B820F7,4139262199,0,1874,0x800076FA,0xFFFFFFFF,0xF6B820F7
_estate_wallgate01_ruined,0x876EDBFB,2272189435,0,2522,0x80008553,0xFFFFFFFF,0x876EDBFB
_estate_walllong,0x0812E7D5,135456725,0,1875,0x800076FB,0xFFFFFFFF,0x0812E7D5
_estate_walllong_pristine,0x637B5630,1669027376,0,4195,0x80009C27,0x000008D9,0x637B5630
_estate_walllong_ruined,0xCD4D50E9,3444396265,0,2106,0x8000817B,0x0000034F,0xCD4D50E9
_estate_wallpole,0x18BE0545,415106373,0,6071,0x900001B7,0x00011B5B,0x18BE0545
_estate_wallshort,0x8639A29B,2251924123,0,1876,0x800076FC,0x00005AB6,0x8639A29B
_estate_wallshort_pristine,0x2EECF1D2,787280338,0,4196,0x80009C28,0x00004042,0x2EECF1D2
_fueltanks parent,0x6AF39AFD,1794349821,1,4546,0x80009F1B,0xFFFFFFFF,0x6AF39AFD
_global_acunita,0x51FE4E53,1375620691,0,156,0x80004CE9,0xFFFFFFFF,0x51FE4E53
_global_acunitb,0x7800C8BC,2013317308,0,157,0x80004CEA,0xFFFFFFFF,0x7800C8BC
_global_antennaB,0x319CC265,832356965,0,2959,0x800089D2,0xFFFFFFFF,0x319CC265
_global_antennaD,0x498DDDA3,1234034083,0,2960,0x800089D3,0x00004BE2,0x498DDDA3
_global_att_chandelier,0x7319C1F9,1931067897,0,6106,0x900001E2,0x00000DD0,0x7319C1F9
_global_att_signlanemerge,0xFFE29107,4293038343,0,1062,0x80006932,0x00008267,0xFFE29107
_global_att_signnouturn,0x554211D6,1430393302,0,1064,0x80006934,0x000078F1,0x554211D6
_global_att_signoneway,0x28B81A82,683154050,0,1935,0x80007DF8,0xFFFFFFFF,0x28B81A82
_global_att_signspeed,0xC78ED160,3348025696,0,1063,0x80006933,0x0000C385,0xC78ED160
_global_awninga,0xDEDB3C77,3738909815,0,158,0x80004CEB,0x00007054,0xDEDB3C77
_global_bannera,0x5C049143,1543803203,0,3991,0x80009988,0x00004592,0x5C049143
_global_barbedwirelong,0x772B42C9,1999323849,0,3291,0x80008F5E,0x0000E075,0x772B42C9
_global_barbedwireshort,0x5EE0CF37,1591791415,0,3292,0x80008F5F,0x00011442,0x5EE0CF37
_global_barbell,0xCD2A1788,3442087816,0,2651,0x8000862D,0x00011938,0xCD2A1788
_global_barbequea,0x84BDA044,2227019844,0,2684,0x800086DA,0x00012531,0x84BDA044
_global_barrela,0x65674451,1701266513,0,159,0x80004CEC,0x00000F4C,0x65674451
_global_barrelb,0xE35FBBE6,3814702054,0,160,0x80004CED,0x00008ED3,0xE35FBBE6
_global_barrelc,0x05623003,90320899,0,161,0x80004CEE,0x0000D545,0x05623003
_global_barrelmarketa,0x373DA789,926787465,0,419,0x800055C1,0x0000C148,0x373DA789
_global_barrelmarketb,0x9535ECBE,2503339198,0,421,0x800055C3,0x0000A107,0x9535ECBE
_global_barrelmarketc,0xB73860DB,3073925339,0,422,0x800055C4,0x000003AC,0xB73860DB
_global_barrelmarketd,0xB54529A8,3041208744,0,420,0x800055C2,0x0000F04C,0xB54529A8
_global_barreloil,0xE87C70F0,3900469488,0,6110,0x900001E8,0xFFFFFFFF,0xE87C70F0
_global_barrelorange,0xE59AF1EA,3852136938,0,958,0x800065EC,0x00011651,0xE59AF1EA
_global_barricadea,0xD8154C52,3625274450,0,959,0x800065ED,0x00012B96,0xD8154C52
_global_barricadeb,0x5A1CD4BD,1511838909,0,960,0x800065EE,0x000110DD,0x5A1CD4BD
_global_barricadec,0xF019EF48,4028231496,0,961,0x800065EF,0xFFFFFFFF,0xF019EF48
_global_barricaded,0x720DEFFB,1913516027,0,962,0x800065F0,0x00000CC5,0x720DEFFB
_global_barrierCornerOC,0x82D32C4C,2194877516,0,2739,0x80008727,0x00000CCB,0x82D32C4C
_global_barrierStraightOC,0xD9EEDD1D,3656310045,0,2740,0x80008728,0x00002FC6,0xD9EEDD1D
_global_bencha,0xD2CFA533,3536823603,0,162,0x80004CEF,0x000090F2,0xD2CFA533
_global_benchpark,0x4F058F0E,1325764366,0,2957,0x800089CE,0x000070AF,0x4F058F0E
_global_billboard01,0x59FBF0E4,1509683428,0,2939,0x800089BA,0x0000B15A,0x59FBF0E4
_global_billboard02,0x73F9DB3B,1945754427,0,2928,0x800089AF,0x0000D6EF,0x73F9DB3B
_global_billboard03,0x51F7671E,1375168286,0,2940,0x800089BB,0xFFFFFFFF,0x51F7671E
_global_billboard04,0x5C08BFFD,1544077309,0,3310,0x80008F7A,0x0000BCED,0x5C08BFFD
_global_billboard05,0xF205DA88,4060469896,0,4003,0x80009998,0x00008DEA,0xF205DA88
_global_billboard06,0xFC03ABAF,4228098991,0,4004,0x80009999,0x00009FBF,0xFC03ABAF
_global_billboard_bridge01,0x2A426AAE,708995758,0,4005,0x8000999A,0x00009B2F,0x2A426AAE
_global_billboard_roof01,0x55D77BE3,1440185315,0,4006,0x8000999B,0x0000C274,0x55D77BE3
_global_billboard_roof02,0x3BD9918C,1004114316,0,4007,0x8000999C,0xFFFFFFFF,0x3BD9918C
_global_billboard_wall01,0x18124D9D,403852701,0,4008,0x8000999D,0x00000A4F,0x18124D9D
_global_billboard_wall02,0x960AC532,2517288242,0,4009,0x8000999E,0x000095A1,0x960AC532
_global_billboard_wall03,0xB80D394F,3087874383,0,4010,0x8000999F,0xFFFFFFFF,0xB80D394F
_global_billboard_wall04,0x96064804,2516994052,0,4511,0x80009EF7,0x0000C567,0x96064804
_global_binnoculars,0x4EB00652,1320158802,0,121,0x80004C32,0x0000E8E4,0x4EB00652
_global_bld_bunkersandbag,0x6801EDCA,1744956874,0,2757,0x8000873A,0x0000BED5,0x6801EDCA
_global_bld_loadingdockA,0xE461FEBB,3831627451,0,3765,0x80009727,0x0000D4BB,0xE461FEBB
_global_bld_loadingdockB,0xCA641464,3395556452,0,3766,0x80009728,0x0000A892,0xCA641464
_global_bld_officetrailerA,0x6C1B532F,1813730095,0,2730,0x8000871D,0x0000707E,0x6C1B532F
_global_bld_potty0,0xF1C85BA1,4056439713,0,1846,0x800076DC,0x000115AC,0xF1C85BA1
_global_bld_tentmarket01,0xC3B0284B,3283101771,0,423,0x800055C5,0x000057BD,0xC3B0284B
_global_bld_tentmarket02,0xE9B2A2B4,3920798388,0,424,0x800055C6,0x000085D1,0xE9B2A2B4
_global_blueprints,0x96398108,2520350984,0,4547,0x80009F1C,0xFFFFFFFF,0x96398108
_global_bonfire01,0x20E6E498,552002712,0,1041,0x8000691A,0x00006EF0,0x20E6E498
_global_bookshelflargea,0x7D461273,2101744243,0,921,0x800064C4,0x0000956F,0x7D461273
_global_bookshelfsmalla,0x11E449AB,300173739,0,922,0x800064C5,0xFFFFFFFF,0x11E449AB
_global_boxa,0xE649C320,3863593760,0,328,0x80004E1A,0x000081A0,0xE649C320
_global_boxb,0x9046FD27,2420571431,0,163,0x80004CF0,0x0000904E,0x9046FD27
_global_boxb_lowhealth,0x5B9356AE,1536382638,0,5531,0x8000AB41,0xFFFFFFFF,0x5B9356AE
_global_boxc,0x6E44890A,1849985290,0,329,0x80004E1B,0x00000349,0x6E44890A
_global_boxc_lowhealth,0xC5269137,3307639095,0,5532,0x8000AB42,0xFFFFFFFF,0xC5269137
_global_boxd,0x88427361,2286056289,0,375,0x8000510B,0x0000A35B,0x88427361
_global_boxd OilCon020,0xFA0EBF27,4195270439,0,4020,0x80009A06,0x00003307,0xFA0EBF27
_global_boxholes,0xA595A40C,2778047500,0,4526,0x80009F06,0xFFFFFFFF,0xA595A40C
_global_boxholes_parrot,0x8C57434F,2354529103,0,4843,0x8000A226,0x00012F1B,0x8C57434F
_global_brickpile01,0x096C35F6,158086646,0,2738,0x80008725,0xFFFFFFFF,0x096C35F6
_global_bridgepedestrian01,0xD437CFA1,3560427425,0,1401,0x80006EF9,0x0000FE32,0xD437CFA1
_global_bridgetransition,0xA2E766F2,2733074162,0,6105,0x900001E1,0xFFFFFFFF,0xA2E766F2
_global_cartbrick,0x953479FD,2503244285,0,2759,0x8000873D,0x0000315A,0x953479FD
_global_centerdivider_long,0x8465B4DF,2221257951,0,4774,0x8000A182,0xFFFFFFFF,0x8465B4DF
_global_centerdivider_middle,0xBC0059F2,3154139634,0,4775,0x8000A183,0xFFFFFFFF,0xBC0059F2
_global_centerdivider_short,0xF04253B9,4030878649,0,4776,0x8000A184,0xFFFFFFFF,0xF04253B9
_global_chaircafe,0x0AAB62C4,179004100,0,330,0x80004E1C,0x00009413,0x0AAB62C4
_global_chaircomputer,0x55B1F098,1437724824,0,6111,0x900001E9,0x0000D1F6,0x55B1F098
_global_chairfolding,0xFE320A4E,4264692302,0,6113,0x900001EB,0x00004F93,0xFE320A4E
_global_chairwooda,0x73384441,1933067329,0,164,0x80004CF1,0x000098E5,0x73384441
_global_chairwoodb,0xF130BBD6,4046502870,0,332,0x80004E1F,0x0000AE84,0xF130BBD6
_global_chairwoodc,0x533394B3,1395889331,0,333,0x80004E20,0xFFFFFFFF,0x533394B3
_global_chairwoodd,0xD13F9400,3510604800,0,334,0x80004E21,0x000137EE,0xD13F9400
_global_chairwoode,0xFB4214B5,4215411893,0,335,0x80004E22,0x00013AB4,0xFB4214B5
_global_chairwoodf,0xD93B236A,3644531562,0,336,0x80004E23,0x0000598F,0xD93B236A
_global_chairyarda,0x6348F534,1665725748,0,337,0x80004E24,0xFFFFFFFF,0x6348F534
_global_checkpointA,0x5BEED12F,1542377775,0,1030,0x8000690E,0x0000180A,0x5BEED12F
_global_chessset,0x0D3FD180,222286208,0,417,0x800055BE,0x00006ADE,0x0D3FD180
_global_clothlineshort,0xD27A01C0,3531211200,0,3994,0x8000998D,0x000129CC,0xD27A01C0
_global_concretebarrier01,0x94CC289F,2496407711,0,6108,0x900001E6,0x0001407F,0x94CC289F
_global_concretebarrier_vz,0xF99EFFBD,4187946941,0,4751,0x8000A169,0xFFFFFFFF,0xF99EFFBD
_global_constructionpileC,0xF46E7E2A,4100881962,0,3747,0x8000970F,0x00002391,0xF46E7E2A
_global_containertransplant,0x90FF58B8,2432653496,0,4528,0x80009F08,0x0000BC08,0x90FF58B8
_global_decal_puddle01,0x5D674767,1567049575,0,426,0x800055C8,0x00013143,0x5D674767
_global_decal_puddle02,0xB36A0D60,3010071904,0,427,0x800055C9,0x00009CF9,0xB36A0D60
_global_decal_puddle03,0xDD6C8E15,3714878997,0,428,0x800055CA,0xFFFFFFFF,0xDD6C8E15
_global_decal_puddle04,0xD35B3536,3545969974,0,429,0x800055CB,0xFFFFFFFF,0xD35B3536
_global_decal_puddle05,0xB55D4493,3042788499,0,430,0x800055CC,0xFFFFFFFF,0xB55D4493
_global_drinkingfountain,0x31B8E0AE,834199726,0,374,0x8000510A,0x000126D9,0x31B8E0AE
_global_dumpstergraylong,0x8CB07ACD,2360376013,0,2701,0x800086F9,0x00005C92,0x8CB07ACD
_global_dumpstergreenshort,0x50A3FA37,1352923703,0,2703,0x800086FE,0x00013BBC,0x50A3FA37
_global_dumpstergreyshort,0x39E555C7,971331015,0,2702,0x800086FD,0x00007459,0x39E555C7
_global_electricalbox01,0x82BA5A04,2193250820,0,373,0x80005108,0x000031D4,0x82BA5A04
_global_electricalbox02,0x1CB77ADB,481786587,0,378,0x8000510F,0x00013FC0,0x1CB77ADB
_global_electricboxa,0xA9CF60A1,2848940193,0,166,0x80004CF3,0x0000DFAA,0xA9CF60A1
_global_electronicboxA,0xA766B6E6,2808526566,0,2958,0x800089D1,0x00001614,0xA766B6E6
_global_emptyfruitbox,0xF9DD80DE,4192043230,0,2685,0x800086DC,0x0000F33E,0xF9DD80DE
_global_env_bush01,0x48BDE593,1220404627,0,923,0x800064C6,0xFFFFFFFF,0x48BDE593
_global_env_bushlarge01,0x79E24672,2044872306,0,1047,0x80006921,0x00007BBA,0x79E24672
_global_env_bushlarge02,0xFBE9CEDD,4226404061,0,1060,0x80006930,0x0000A923,0xFBE9CEDD
_global_env_hedgecorner,0xB595EAB0,3046501040,0,5443,0x8000AA49,0x0000BD6F,0xB595EAB0
_global_env_hedgelong,0xD566029D,3580232349,0,5437,0x8000AA42,0x00001664,0xD566029D
_global_env_hedgelong01,0x012CB410,19706896,0,1744,0x800075B9,0x00002230,0x012CB410
_global_env_hedgelong02,0xEB2A52D7,3945419479,0,1755,0x800075C4,0x0001330E,0xEB2A52D7
_global_env_hedgelong03,0x892779FA,2301065722,0,1884,0x80007705,0xFFFFFFFF,0x892779FA
_global_env_hedgelong04,0x6324FF91,1663369105,0,2012,0x800080BB,0x0000BB3E,0x6324FF91
_global_env_hedgelowcorner,0x514366D0,1363371728,0,5444,0x8000AA4A,0x0000B006,0x514366D0
_global_env_hedgelowlong,0x1EDE6EBD,517893821,0,5440,0x8000AA46,0x00000082,0x1EDE6EBD
_global_env_hedgelowshort,0xD07C1F63,3497795427,0,5441,0x8000AA47,0x000068C3,0xD07C1F63
_global_env_hedgelowsquare,0x95B702EA,2511799018,0,5442,0x8000AA48,0x0000ACAE,0x95B702EA
_global_env_hedgeshort,0xB5FA41C3,3053076931,0,5439,0x8000AA44,0x00004C0C,0xB5FA41C3
_global_env_hedgeshort01,0x073EBCBE,121552062,0,1745,0x800075BA,0x00002E1B,0x073EBCBE
_global_env_hedgesquare,0x3F954CCA,1066749130,0,5438,0x8000AA43,0x00011EB2,0x3F954CCA
_global_env_lawnuniversity01,0x934DDD13,2471353619,0,146,0x80004CDD,0xFFFFFFFF,0x934DDD13
_global_env_lawnuniversity02,0xB950577C,3109050236,0,145,0x80004CDC,0x0000F866,0xB950577C
_global_env_palmtree01,0x347C8A5D,880577117,0,235,0x80004DAC,0xFFFFFFFF,0x347C8A5D
_global_env_palmtreebend01,0x16DD7ED0,383614672,0,964,0x800065F2,0x000066CB,0x16DD7ED0
_global_env_palmtreebend02,0x00DB1D97,14359959,0,999,0x80006887,0x0000CDC3,0x00DB1D97
_global_env_palmtreebend03,0x9ED844BA,2664973498,0,998,0x80006886,0x0000AF9C,0x9ED844BA
_global_env_palmtreebend04,0x78D5CA51,2027276881,0,997,0x80006885,0x00009EE2,0x78D5CA51
_global_env_palmtreebend05,0x7ED3952C,2127795500,0,996,0x80006884,0x00001378,0x7ED3952C
_global_env_palmtreeplanted01,0x077D6479,125658233,0,418,0x800055BF,0x0000AF17,0x077D6479
_global_env_plantersidewalk01,0x151286A9,353535657,0,1056,0x8000692C,0x00000BB0,0x151286A9
_global_env_rockjungle01,0x0856CCDD,139906269,0,5417,0x8000A9EA,0x0001071A,0x0856CCDD
_global_env_rockjungle02,0x864F4472,2253341810,0,5418,0x8000A9EB,0xFFFFFFFF,0x864F4472
_global_env_rockjungle03,0xA851B88F,2823927951,0,5419,0x8000A9EC,0x00013863,0xA851B88F
_global_env_rockjungle04,0x864AC744,2253047620,0,5420,0x8000A9ED,0x000072ED,0x864AC744
_global_env_rockjungle05,0xA04D2EC9,2689412809,0,5421,0x8000A9EE,0x0000E808,0xA04D2EC9
_global_env_rockjungle06,0xFE4573FE,4265964542,0,5422,0x8000A9EF,0x00003C15,0xFE4573FE
_global_env_rocksbeach01,0x672E6A22,1731095074,0,1053,0x80006929,0x00002011,0x672E6A22
_global_env_rocksbeach02,0xE935F28D,3912626829,0,1052,0x80006928,0xFFFFFFFF,0xE935F28D
_global_env_rocksbeach03,0xBF3371D8,3207819736,0,1055,0x8000692B,0x000025BE,0xBF3371D8
_global_env_rocksbeach04,0x4127728B,1093104267,0,1058,0x8000692E,0x00002D62,0x4127728B
_global_env_rocksbeach05,0xDF2499AE,3743717806,0,1057,0x8000692D,0x00002BBC,0xDF2499AE
_global_env_rocksbeach06,0x412BEFB9,1093398457,0,1061,0x80006931,0x00001BBA,0x412BEFB9
_global_env_rocksmall01,0x52AD1D89,1387077001,0,361,0x800050F6,0x000132BA,0x52AD1D89
_global_env_rocksmine01,0x710C425A,1896628826,0,1699,0x8000753B,0x0000D593,0x710C425A
_global_env_rocksmine02,0xD3139865,3541276773,0,1700,0x8000753C,0x0000902D,0xD3139865
_global_env_rocksmine03,0x6910B2F0,1762702064,0,1701,0x8000753D,0xFFFFFFFF,0x6910B2F0
_global_env_rocksmine04,0xEB04B3A3,3942953891,0,1702,0x8000753E,0xFFFFFFFF,0xEB04B3A3
_global_env_rocksmine05,0xC9023F86,3372367750,0,1703,0x8000753F,0x0000E347,0xC9023F86
_global_env_rocksmine06,0x4B09C7F1,1258932209,0,1704,0x80007540,0xFFFFFFFF,0x4B09C7F1
_global_env_rocksmoss01,0xF4D9320D,4107874829,0,2717,0x80008710,0x000055B0,0xF4D9320D
_global_env_rocksmoss02,0x72D1A9A2,1926343074,0,2718,0x80008711,0xFFFFFFFF,0x72D1A9A2
_global_env_rocksmoss03,0xD4D4827F,3570696831,0,2719,0x80008712,0xFFFFFFFF,0xD4D4827F
_global_env_rocksmoss04,0x72CD2C74,1926048884,0,2720,0x80008713,0xFFFFFFFF,0x72CD2C74
_global_env_rocksmoss05,0x4CCF2F39,1288646457,0,2721,0x80008714,0x00013A43,0x4CCF2F39
_global_env_rocksmoss06,0xEAC7D92E,3938965806,0,2722,0x80008715,0x00003500,0xEAC7D92E
_global_env_rocktall01,0xE9D7D2AB,3923235499,0,360,0x800050F5,0x00011703,0xE9D7D2AB
_global_env_scrub03,0x1A855392,444945298,0,1112,0x80006B46,0x00001CDF,0x1A855392
_global_env_tree01,0x68ECDFDD,1760354269,0,233,0x80004DAA,0x000083E1,0x68ECDFDD
_global_env_treeoak01,0xDB65DF8E,3680886670,0,925,0x800064C8,0x00007453,0xDB65DF8E
_global_env_treeplaza01,0x485FF5CF,1214248399,0,232,0x80004DA9,0x000056D2,0x485FF5CF
_global_env_treeplaza02,0xBE62EE28,3194154536,0,155,0x80004CE8,0xFFFFFFFF,0xBE62EE28
_global_env_treeplaza03,0xA8650A1D,2825194013,0,234,0x80004DAB,0xFFFFFFFF,0xA8650A1D
_global_env_treesidewalk01,0xA574991F,2775882015,0,3253,0x80008F2E,0x0000D8D9,0xA574991F
_global_env_treespade,0x7F2E10EB,2133725419,0,924,0x800064C7,0x00005C8E,0x7F2E10EB
_global_env_treetropical01,0xA6D01109,2798653705,0,359,0x800050F4,0x00003C83,0xA6D01109
_global_env_treetropical02,0x04C8563E,80238142,0,3250,0x80008F2A,0x00011914,0x04C8563E
_global_explosivebarrel,0x134DB845,323860549,0,387,0x80005489,0x00012E63,0x134DB845
_global_explosivebarrel_crashable,0x8D42D251,2369966673,0,5759,0x8000AE09,0x00009480,0x8D42D251
_global_explosivebarrel_Long_Hibernation,0x08A2350E,144848142,0,5565,0x8000AB67,0x00009CC3,0x08A2350E
_global_fencebarbed,0x826FBFF3,2188361715,0,676,0x80005F9A,0x000126E4,0x826FBFF3
_global_fencebarbedpole,0x554EFF2D,1431240493,0,675,0x80005F99,0xFFFFFFFF,0x554EFF2D
_global_fencechain,0xACCADBF6,2898975734,0,338,0x80004E25,0xFFFFFFFF,0xACCADBF6
_global_fencechaingate,0x18AFECBF,414182591,0,339,0x80004E26,0x00006E65,0x18AFECBF
_global_fencechainlong,0xF8AF5AE4,4172241636,0,2686,0x800086DD,0x000105B5,0xF8AF5AE4
_global_fencechainpole,0xE82A3150,3895079248,0,347,0x80004EF5,0x0000D3F3,0xE82A3150
_global_fencechaintarped,0x5825F792,1478883218,0,346,0x80004EF4,0x0000B7FB,0x5825F792
_global_fencechaintemp,0x1FA5C33C,530957116,0,348,0x80004EF6,0x00011260,0x1FA5C33C
_global_fencewoodpanel,0xF51979AE,4112087470,0,434,0x800055D0,0x00010B37,0xF51979AE
_global_files,0xE6A6AA7D,3869682301,0,1294,0x80006D8E,0xFFFFFFFF,0xE6A6AA7D
_global_firehydrantred01,0x114ACD2A,290114858,0,677,0x80005F9B,0xFFFFFFFF,0x114ACD2A
_global_firehydrantred02,0x3351BE75,860995189,0,678,0x80005F9C,0xFFFFFFFF,0x3351BE75
_global_firehydrantyellow01,0x14139CEB,336829675,0,679,0x80005F9D,0xFFFFFFFF,0x14139CEB
_global_fireobject,0xA19AE91D,2711283997,0,4000,0x80009995,0x00000D4F,0xA19AE91D
_global_flag_largeAL,0xA8B51C6D,2830441581,0,2710,0x80008708,0x00010ACE,0xA8B51C6D
_global_flag_largeCH,0xD962EBF3,3647138803,0,2711,0x80008709,0xFFFFFFFF,0xD962EBF3
_global_flag_largeGR,0x16535745,374560581,0,2712,0x8000870A,0xFFFFFFFF,0x16535745
_global_flag_largeOC,0x2317E018,588767256,0,2713,0x8000870C,0x0000E464,0x2317E018
_global_flag_largePR,0xEA0D185C,3926726748,0,2714,0x8000870D,0x00010C78,0xEA0D185C
_global_flag_largeVZ,0x6FA6FBCE,1873214414,0,2715,0x8000870E,0x0000A4C4,0x6FA6FBCE
_global_flag_smallAL,0xB4AF1DE5,3031375333,0,2692,0x800086EF,0x00009FB7,0xB4AF1DE5
_global_flag_smallCH,0x85AC082B,2242644011,0,2693,0x800086F0,0xFFFFFFFF,0x85AC082B
_global_flag_smallGR,0xE225E48D,3794134157,0,2694,0x800086F1,0x00012398,0xE225E48D
_global_flag_smallOC,0x3F313E70,1060191856,0,2695,0x800086F2,0xFFFFFFFF,0x3F313E70
_global_flag_smallPR,0x1354A944,324315460,0,2696,0x800086F3,0xFFFFFFFF,0x1354A944
_global_flag_smallVZ,0x99159C26,2568330278,0,3791,0x800097A7,0xFFFFFFFF,0x99159C26
_global_flag_wallAL,0x06D1156A,114365802,0,2731,0x8000871E,0xFFFFFFFF,0x06D1156A
_global_flag_wallCH,0x57F5D8A0,1475729568,0,2732,0x8000871F,0x0000EA69,0x57F5D8A0
_global_flag_wallGR,0x8A13221E,2316509726,0,2733,0x80008720,0xFFFFFFFF,0x8A13221E
_global_flag_wallOC,0x754E8CB3,1968082099,0,2734,0x80008721,0xFFFFFFFF,0x754E8CB3
_global_flag_wallPR,0x3AEA52AB,988435115,0,2735,0x80008722,0x000041EC,0x3AEA52AB
_global_flarestick,0x8FBC1B40,2411469632,0,4002,0x80009997,0x0000B30C,0x8FBC1B40
_global_fountainsmall,0xF60D28CD,4128057549,0,1393,0x80006EEF,0x00006956,0xF60D28CD
_global_fountainsmall_ruined,0x31A393A1,832803745,0,4154,0x80009B51,0x0000F1FD,0x31A393A1
_global_freewayelevatedcurve,0x63085A76,1661491830,0,2026,0x800080C9,0xFFFFFFFF,0x63085A76
_global_freewayelevatedlong,0x0F999C87,261725319,0,1878,0x800076FF,0x00008915,0x0F999C87
_global_freewayelevatedlongramp,0x2C58D32F,744018735,0,1883,0x80007704,0x00001658,0x2C58D32F
_global_freewayelevatedonofframp,0x2AA8765D,715683421,0,2025,0x800080C8,0xFFFFFFFF,0x2AA8765D
_global_fruita,0x5B8FE753,1536157523,0,919,0x800064C2,0x00008286,0x5B8FE753
_global_fruitb,0x819261BC,2173854140,0,920,0x800064C3,0x00000A27,0x819261BC
_global_fruitboxa,0x7766DA9E,2003229342,0,167,0x80004CF4,0x00003F61,0x7766DA9E
_global_fruitboxb,0x996DCBE9,2574109673,0,168,0x80004CF6,0x00000A7E,0x996DCBE9
_global_fruitboxc,0x7F6B6464,2137744484,0,917,0x800064C0,0x00012405,0x7F6B6464
_global_fruitboxd,0x21731F2F,561192751,0,916,0x800064BF,0x0000C3D1,0x21731F2F
_global_fruitboxe,0xFF70AB12,4285573906,0,915,0x800064BE,0x0000BF3C,0xFF70AB12
_global_fruitboxf,0x8178337D,2172138365,0,918,0x800064C1,0xFFFFFFFF,0x8178337D
_global_gateentrance,0x7E7F8603,2122286595,0,4785,0x8000A18E,0x00003DF3,0x7E7F8603
_global_gunboxA,0xD9BF6376,3653198710,0,5499,0x8000AAB8,0x00012279,0xD9BF6376
_global_heathaze,0xDCF17894,3706812564,0,5199,0x8000A558,0x000124DA,0xDCF17894
_global_intercomA,0x2C8FF4C2,747631810,0,4765,0x8000A178,0x000130BD,0x2C8FF4C2
_global_intercomA (Invincible),0xC8FC312A,3371970858,0,5754,0x8000ADA4,0x0000F4C9,0xC8FC312A
_global_jugs01,0x723D6C1C,1916627996,0,4527,0x80009F07,0xFFFFFFFF,0x723D6C1C
_global_junkpile01,0x0B4FA30B,189768459,0,441,0x800055DD,0x000120EF,0x0B4FA30B
_global_junkpile02,0x31521D74,827465076,0,442,0x800055DE,0x00011676,0x31521D74
_global_junkpile03,0x0B542039,190062649,0,586,0x80005C04,0xFFFFFFFF,0x0B542039
_global_junkpile04,0x31569AA2,827759266,0,585,0x80005C03,0x000098AF,0x31569AA2
_global_ladderdockmedium01,0xDE7B8271,3732636273,0,4736,0x8000A158,0x0000F753,0xDE7B8271
_global_ladderdocksmall01,0x82980827,2191001639,0,4530,0x80009F0B,0xFFFFFFFF,0x82980827
_global_lampcablea,0x0663672A,107177770,0,169,0x80004CF7,0x0000481F,0x0663672A
_global_lamppostA,0x1380D52D,327210285,0,1534,0x80007185,0x0000E9D7,0x1380D52D
_global_lamppostB,0x91794CC2,2440645826,0,1535,0x80007186,0xFFFFFFFF,0x91794CC2
_global_lamppostmilitary,0x511ED675,1360975477,0,4786,0x8000A18F,0x0000141E,0x511ED675
_global_landingpad,0x80EA4188,2162835848,0,3996,0x8000998F,0x0000F354,0x80EA4188
_global_liftauto,0xC0D7BC8E,3235363982,0,6112,0x900001EA,0x000089A6,0xC0D7BC8E
_global_locker,0x2AA683EC,715555820,0,911,0x800064B9,0x0000D51C,0x2AA683EC
_global_market01,0x0CE95815,216619029,0,2736,0x80008723,0xFFFFFFFF,0x0CE95815
_global_market02,0x6AE19D4A,1793170762,0,2737,0x80008724,0x000110E3,0x6AE19D4A
_global_newspaperbin01,0xB8974AF5,3096922869,0,680,0x80005F9E,0xFFFFFFFF,0xB8974AF5
_global_newspaperbin02,0x969059AA,2526042538,0,681,0x80005F9F,0x0000A212,0x969059AA
_global_newspaperstand01,0x6038DD9A,1614339482,0,584,0x80005C02,0x0001376D,0x6038DD9A
_global_pallet,0x70CD95C2,1892521410,0,435,0x800055D1,0xFFFFFFFF,0x70CD95C2
_global_palletcement,0x56727392,1450341266,0,436,0x800055D2,0x0000ED56,0x56727392
_global_paperA,0xC801CA6F,3355560559,0,4852,0x8000A23B,0xFFFFFFFF,0xC801CA6F
_global_parkinglota,0x7D2DEB82,2100161410,0,352,0x80004EFC,0xFFFFFFFF,0x7D2DEB82
_global_parkinglotb,0xFF3573ED,4281693165,0,2046,0x800080E0,0x000100AB,0xFF3573ED
_global_phone1A,0x3DD6A3E6,1037476838,0,1871,0x800076F6,0x000099F8,0x3DD6A3E6
_global_phoneAhandset,0xD020AF12,3491802898,0,1872,0x800076F7,0x0000578D,0xD020AF12
_global_pile01,0xFF908CCD,4287663309,0,2922,0x800089A7,0x00012A5A,0xFF908CCD
_global_pile02,0x7D890462,2106131554,0,2923,0x800089A8,0xFFFFFFFF,0x7D890462
_global_pile03,0xDF8BDD3F,3750485311,0,2924,0x800089A9,0x00000F3F,0xDF8BDD3F
_global_pile04,0x7D848734,2105837364,0,2925,0x800089AA,0xFFFFFFFF,0x7D848734
_global_pile05,0x578689F9,1468434937,0,2926,0x800089AB,0x00007504,0x578689F9
_global_pile06,0xF57F33EE,4118754286,0,2927,0x800089AC,0xFFFFFFFF,0xF57F33EE
_global_pile07,0x57820CCB,1468140747,0,3260,0x80008F3B,0x0000D824,0x57820CCB
_global_pipeunderground,0x5B8571C3,1535472067,0,3563,0x800093C6,0xFFFFFFFF,0x5B8571C3
_global_platform01,0xE233FB3C,3795057468,0,5406,0x8000A9DF,0x0000909D,0xE233FB3C
_global_playgroundride01,0xA768D6C8,2808665800,0,1239,0x80006CEE,0xFFFFFFFF,0xA768D6C8
_global_playgroundride02,0xB166A7EF,2976294895,0,1238,0x80006CED,0x00011E1E,0xB166A7EF
_global_playgroundride03,0x8F6433D2,2405708754,0,1237,0x80006CEC,0x0000D9E7,0x8F6433D2
_global_pole,0xE3CE6D3E,3821956414,0,3995,0x8000998E,0xFFFFFFFF,0xE3CE6D3E
_global_portablelight,0x96279A17,2519177751,0,2072,0x80008140,0xFFFFFFFF,0x96279A17
_global_prisonpen,0xE5659BE6,3848641510,0,3997,0x80009992,0xFFFFFFFF,0xE5659BE6
_global_propanecannistera,0x9635E555,2520114517,0,2619,0x80008604,0x0000E302,0x9635E555
_Global_propanetanklargeA,0x78F605A5,2029389221,1,587,0x80005C05,0xFFFFFFFF,0x78F605A5
_global_propanetanklargeB,0x16EEAF9A,384741274,1,2622,0x80008607,0xFFFFFFFF,0x16EEAF9A
_Global_propanetanksmallA,0x31F47FC9,838107081,1,580,0x80005BFE,0x0001204C,0x31F47FC9
_global_protestsigna,0xFF69CD8B,4285123979,0,914,0x800064BD,0x0000B595,0xFF69CD8B
_global_pylon,0xC30AABEC,3272256492,0,2826,0x80008784,0xFFFFFFFF,0xC30AABEC
_global_racearrow,0xF3EF35D2,4092540370,0,3987,0x80009984,0x00002ED1,0xF3EF35D2
_global_racecheckpoint,0x64D6F3F5,1691808757,0,3988,0x80009985,0x00005C07,0x64D6F3F5
_global_racefinish,0x80A127A6,2158045094,0,3990,0x80009987,0x0000B01D,0x80A127A6
_global_racering,0xF6DA1881,4141488257,0,3989,0x80009986,0x00013647,0xF6DA1881
_global_radioA,0x371216DE,923932382,0,3307,0x80008F77,0x000094F0,0x371216DE
_global_rail01,0xCC2EF3B9,3425629113,0,440,0x800055DA,0x00008474,0xCC2EF3B9
_global_railend01,0x3CE88F26,1021873958,0,444,0x800055E7,0x0000209C,0x3CE88F26
_global_railend02,0xBEF01791,3203405713,0,445,0x800055EA,0xFFFFFFFF,0xBEF01791
_global_raillong,0xEBB2DE0E,3954368014,0,3263,0x80008F40,0x00007A56,0xEBB2DE0E
_global_railsmall,0x4F2A34BD,1328166077,0,3262,0x80008F3F,0x0001298B,0x4F2A34BD
_global_ramp_roadlessrider,0x2769DAFA,661248762,0,4752,0x8000A16B,0x0000196C,0x2769DAFA
_global_redoxytank,0xF0446A31,4031015473,1,2620,0x80008605,0x0001160E,0xF0446A31
_global_road_parking,0x305066EF,810575599,0,3316,0x80008F80,0x00000508,0x305066EF
_global_sandbagscornerAN,0x31AB4695,833308309,0,2742,0x8000872A,0x00009353,0x31AB4695
_global_sandbagscornerCH,0x30E42AB9,820259513,0,2741,0x80008729,0x000066D1,0x30E42AB9
_global_sandbagscornerGR,0xED5410DF,3981709535,0,2743,0x8000872B,0x00009F86,0xED5410DF
_global_sandbagscornerPR,0xD5E5F96A,3588618602,0,2744,0x8000872C,0x0000B29A,0xD5E5F96A
_global_sandbagscornerVZ,0xC6E31610,3336771088,0,2745,0x8000872D,0x0000B4C5,0xC6E31610
_global_sandbagscurveda,0xBB548E31,3142880817,0,377,0x8000510E,0xFFFFFFFF,0xBB548E31
_global_sandbagscurvedB,0x394D05C6,961349062,0,2913,0x8000899D,0x0000CD0E,0x394D05C6
_global_sandbagsendAN,0x070402EF,117703407,0,2746,0x8000872E,0x0000F799,0x070402EF
_global_sandbagsendCH,0xD8551C43,3629456451,0,2747,0x8000872F,0x00010903,0xD8551C43
_global_sandbagsendGR,0x94F69F35,2499190581,0,2748,0x80008730,0x00013248,0x94F69F35
_global_sandbagsendPR,0xC62563EC,3324339180,0,2749,0x80008732,0xFFFFFFFF,0xC62563EC
_global_sandbagsendVZ,0x4BBF475E,1270826846,0,2750,0x80008733,0x0000A8BE,0x4BBF475E
_global_sandbagsstraighta,0xF902B6F6,4177704694,0,376,0x8000510D,0x00010835,0xF902B6F6
_global_sandbagsstraightAN,0x32B19078,850497656,0,2751,0x80008734,0x00008BB3,0x32B19078
_global_sandbagsstraightCH,0x0BD11998,198252952,0,2752,0x80008735,0x0000E96D,0x0BD11998
_global_sandbagsstraightGR,0xC040F326,3225482022,0,2753,0x80008736,0x00010F0A,0xC040F326
_global_sandbagsstraightPR,0xF118ED33,4044942643,0,2754,0x80008737,0x0000ABFB,0xF118ED33
_global_sandbagsstraightthinCH,0x1028601D,271081501,0,4773,0x8000A181,0xFFFFFFFF,0x1028601D
_global_sandbagsstraightVZ,0xA6C6A3ED,2798035949,0,2755,0x80008738,0x000106C0,0xA6C6A3ED
_global_satellitedishB,0xB6FE4907,3070118151,0,2961,0x800089D4,0x00000067,0xB6FE4907
_global_satellitedishC,0x94FBD4EA,2499532010,0,2962,0x800089D5,0x00006EAB,0x94FBD4EA
_global_scaffold,0x574B85A2,1464567202,0,3744,0x80009683,0x00012828,0x574B85A2
_global_scaffoldB,0x94958970,2492828016,0,3745,0x80009684,0xFFFFFFFF,0x94958970
_global_scaffoldC,0xFE986EE5,4271402725,0,3746,0x80009685,0x000086B6,0xFE986EE5
_global_searchlighta,0x1C87FDA5,478674341,0,170,0x80004CF8,0x000064E8,0x1C87FDA5
_global_shoppingcartgreen,0xA52067FF,2770364415,0,682,0x80005FA0,0xFFFFFFFF,0xA52067FF
_global_sign_freeway,0xC96B930D,3379270413,0,3771,0x8000972D,0x00000C16,0xC96B930D
_global_sign_road,0xA489AC9C,2760486044,0,3772,0x8000972E,0x000009D0,0xA489AC9C
_global_sign_road02,0x8E5D7DC6,2388491718,0,3986,0x80009983,0x00011ECB,0x8E5D7DC6
_global_signBar,0x212D279E,556607390,0,1857,0x800076E8,0x000028FF,0x212D279E
_global_signcokea,0x0CFA647E,217736318,0,171,0x80004CF9,0x00001EFB,0x0CFA647E
_global_signlanemerge,0xBA2C6ED7,3123474135,0,4963,0x8000A38A,0xFFFFFFFF,0xBA2C6ED7
_global_signnouturn,0xD017AC86,3491212422,0,4962,0x8000A389,0xFFFFFFFF,0xD017AC86
_global_signonewayleft,0x3A607295,979399317,0,6043,0x9000019B,0xFFFFFFFF,0x3A607295
_global_signspeed,0xDE7C9F10,3732709136,0,4964,0x8000A38B,0x0000CB7D,0xDE7C9F10
_global_signstopa,0x626AC5A8,1651164584,0,643,0x80005C4B,0x00012656,0x626AC5A8
_global_signtaco,0x9B5C90E8,2606534888,0,172,0x80004CFA,0x000091F5,0x9B5C90E8
_global_soccerball,0x2C83C3BA,746832826,0,913,0x800064BC,0x000025E8,0x2C83C3BA
_global_soccergoal,0x5F51F944,1599207748,0,2050,0x80008120,0x0000C1AF,0x5F51F944
_global_spotlight,0x52D68644,1389790788,0,5498,0x8000AAB7,0x000054F7,0x52D68644
_global_stain01,0x87B54AA6,2276805286,0,4514,0x80009EFA,0x000110E9,0x87B54AA6
_global_stain02,0x09BCD311,163369745,0,4515,0x80009EFB,0xFFFFFFFF,0x09BCD311
_global_stain03,0x0FBA9DEC,263888364,0,4516,0x80009EFC,0x00000CD1,0x0FBA9DEC
_global_stain04,0x91C22657,2445420119,0,4517,0x80009EFD,0xFFFFFFFF,0x91C22657
_global_stain05,0x2FBF4D7A,801066362,0,4518,0x80009EFE,0x0000B4C8,0x2FBF4D7A
_global_stain06,0x91C6A385,2445714309,0,4519,0x80009EFF,0xFFFFFFFF,0x91C6A385
_global_stain07,0xA7C48790,2814674832,0,4520,0x80009F00,0x000120E1,0xA7C48790
_global_stain08,0x89A404AB,2309227691,0,4521,0x80009F01,0xFFFFFFFF,0x89A404AB
_global_stairsidewalk01,0x03CFC9A8,63949224,0,354,0x80004EFE,0x00004E13,0x03CFC9A8
_global_stairsidewalk02,0x8DCCD14F,2379010383,0,622,0x80005C33,0x0000B045,0x8DCCD14F
_global_tablea,0x842866DD,2217240285,0,165,0x80004CF2,0x0000DA5A,0x842866DD
_global_tableb,0x0220DE72,35708530,0,173,0x80004CFB,0x00001B30,0x0220DE72
_global_tablecafe,0x905BA26B,2421924459,0,331,0x80004E1D,0x0000A51D,0x905BA26B
_global_tablechess,0x93F543FC,2482324476,0,416,0x800055BD,0x0000344F,0x93F543FC
_global_tablefolding,0xAE0AB043,2919936067,0,5407,0x8000A9E0,0x00009FF7,0xAE0AB043
_global_tablemarket,0x6288B184,1653125508,0,912,0x800064BB,0x00000D27,0x6288B184
_global_tableyarda,0x8B7C8BF9,2340195321,0,349,0x80004EF8,0x000114C7,0x8B7C8BF9
_global_tanktrap01,0x12DB78E4,316373220,1,6109,0x900001E7,0x00009619,0x12DB78E4
_global_telephonebooth,0x6AD84718,1792558872,0,350,0x80004EF9,0x000129F9,0x6AD84718
_global_tirelargea,0xA39928B4,2744723636,0,174,0x80004CFC,0x00009F4E,0xA39928B4
_global_tiresmalla,0x2CB9FDDC,750386652,0,175,0x80004CFD,0x0000453E,0x2CB9FDDC
_global_toolboxa,0x670CCC62,1728892002,0,176,0x80004CFE,0x0000A14A,0x670CCC62
_global_toolboxb,0xE91454CD,3910423757,0,177,0x80004CFF,0x00001924,0xE91454CD
_global_torchlamp,0x41DEB854,1105115220,0,4001,0x80009996,0x00002603,0x41DEB854
_global_towerelectrical01,0x54D169AC,1423010220,0,683,0x80005FA1,0x00000BE7,0x54D169AC
_global_towerlift,0x3722E4F0,925033712,0,684,0x80005FA2,0x000046E8,0x3722E4F0
_global_towerliftend,0xB1937297,2979230359,0,685,0x80005FA3,0x00001E6D,0xB1937297
_global_trafficlight01,0x54BF448C,1421821068,0,449,0x800055F1,0x0000B5A4,0x54BF448C
_global_trafficlight02,0x6EBD2EE3,1857892067,0,579,0x80005BFD,0xFFFFFFFF,0x6EBD2EE3
_global_trafficpath,0x73C57156,1942319446,0,3293,0x80008F64,0x0001238A,0x73C57156
_global_trafficpathIntersection,0xE2BAE2A5,3803898533,0,3294,0x80008F67,0x0000F0C6,0xE2BAE2A5
_global_trashbag01,0x5D079001,1560776705,0,578,0x80005BFC,0xFFFFFFFF,0x5D079001
_global_trashcan02,0x5FAD147A,1605178490,0,2955,0x800089CC,0xFFFFFFFF,0x5FAD147A
_global_trashcana,0xA4CF9C81,2765069441,0,178,0x80004D00,0x00003B90,0xA4CF9C81
_global_trashpile01,0x0669F143,107606339,0,610,0x80005C20,0x0000F1F1,0x0669F143
_global_trashpile02,0x6C6CD06C,1819070572,0,611,0x80005C21,0x0000FEEB,0x6C6CD06C
_global_trashpile03,0x666F0591,1718551953,0,609,0x80005C1F,0x0000E3BF,0x666F0591
_global_treasures,0x24C69082,616992898,0,4548,0x80009F1D,0xFFFFFFFF,0x24C69082
_global_vault,0x2D73145C,762516572,0,2707,0x80008705,0xFFFFFFFF,0x2D73145C
_global_vendingmachine01,0x06C8278F,113780623,0,910,0x800064B8,0x00002076,0x06C8278F
_global_vendingmachine02,0x7CCB1FE8,2093686760,0,372,0x80005107,0x00012C16,0x7CCB1FE8
_global_waterbumper,0x40CAC02C,1087029292,0,6074,0x900001BA,0x00000620,0x40CAC02C
_global_waterpuddle01,0x090231B4,151138740,0,3545,0x800093B3,0xFFFFFFFF,0x090231B4
_global_waterpuddle02,0xE2FFB74B,3808409419,0,3546,0x800093B4,0x00008D5E,0xE2FFB74B
_global_waterpuddle03,0x80FCDE6E,2164055662,0,3548,0x800093B6,0x00008F3A,0x80FCDE6E
_global_waterpuddle04,0x8B0E374D,2332964685,0,3547,0x800093B5,0x0000D0E7,0x8B0E374D
_global_waterpuddle05,0x610BB698,1628157592,0,4531,0x80009F0C,0x0000AC01,0x610BB698
_global_waterpuddle06,0x6B0987BF,1795786687,0,4532,0x80009F0D,0xFFFFFFFF,0x6B0987BF
_global_waterpuddle07,0x0906AEE2,151432930,0,4533,0x80009F0E,0xFFFFFFFF,0x0906AEE2
_global_waterpuddle08,0x631885B1,1662551473,0,4534,0x80009F0F,0x00000487,0x631885B1
_global_watertowerA,0x4FB48B91,1337232273,0,2725,0x80008718,0x00006DFA,0x4FB48B91
_global_watertowerB,0xCDAD0326,3450667814,0,2726,0x80008719,0x000134A1,0xCDAD0326
_global_watertowerC,0xEFAF7743,4021253955,0,2727,0x8000871A,0xFFFFFFFF,0xEFAF7743
_global_weightbench,0xC999385E,3382261854,0,6086,0x900001C9,0xFFFFFFFF,0xC999385E
_global_weightbench (Allied Users),0x943DD17C,2487079292,0,3808,0x800097C6,0x000039ED,0x943DD17C
_global_weightbench (OC Users),0xE5B07A0D,3853548045,0,2533,0x8000855F,0xFFFFFFFF,0xE5B07A0D
_global_wheelbarrel,0x51E41E7D,1373904509,0,3749,0x80009711,0x000107BA,0x51E41E7D
_global_yellowoxytank,0xF5B44E82,4122234498,1,2621,0x80008606,0x00013FA2,0xF5B44E82
_GR_veh_truck_m151_static,0x75626E17,1969384983,1,1087,0x80006A33,0xFFFFFFFF,0x75626E17
_groutpost_bld_alarmtower,0x91F09A65,2448464485,0,4185,0x80009C1B,0xFFFFFFFF,0x91F09A65
_groutpost_bld_bunkerbeetle,0x235700A5,592904357,0,966,0x800065F4,0x00009F80,0x235700A5
_groutpost_bld_bunkerconcrete,0xFCF2821D,4243751453,0,967,0x800065F5,0x000108FF,0xFCF2821D
_groutpost_bld_bunkersandbag01,0xC91E4FF9,3374206969,0,969,0x800065F7,0x000123C6,0xC91E4FF9
_groutpost_bld_bunkersemitruck,0x54D6FD33,1423375667,1,971,0x800065F9,0x00004528,0x54D6FD33
_groutpost_bld_cranemining,0xCB0104A6,3405841574,0,1244,0x80006CF3,0x0000442D,0xCB0104A6
_groutpost_bld_earthmover,0x2546BDE8,625393128,0,1259,0x80006D03,0x000005D5,0x2546BDE8
_groutpost_bld_guardtowertree01,0xB83C4D78,3090959736,0,972,0x800065FA,0x00013242,0xB83C4D78
_groutpost_bld_guardtowertree02,0x4239551F,1111053599,0,1248,0x80006CF7,0x00004F82,0x4239551F
_groutpost_bld_guardtowertree03,0x603745C2,1614235074,0,1246,0x80006CF5,0x0000C099,0x603745C2
_groutpost_bld_guardtowertree04,0x3A34CB59,976538457,0,1247,0x80006CF6,0x0001142C,0x3A34CB59
_groutpost_bld_helipad,0x6D880D42,1837632834,1,3760,0x80009722,0xFFFFFFFF,0x6D880D42
_groutpost_bld_shackbus,0xF7C17325,4156650277,0,973,0x800065FB,0x0000A8B9,0xF7C17325
_groutpost_bld_shackcave01,0x851B532F,2233160495,0,974,0x800065FC,0x00008BAD,0x851B532F
_groutpost_bld_shackcave01_Ruined,0x739CBF93,1939652499,0,5218,0x8000A685,0x00000D15,0x739CBF93
_groutpost_bld_shackcave02,0x7B1D8208,2065531400,0,1245,0x80006CF4,0x0000644E,0x7B1D8208
_groutpost_bld_shackcave03,0xE520677D,3844106109,0,1252,0x80006CFB,0x00007A0C,0xE520677D
_groutpost_bld_shackcave04,0xDB0F0E9E,3675197086,0,1251,0x80006CFA,0x00005A64,0xDB0F0E9E
_groutpost_bld_shackcave05,0xFD1182BB,4245783227,0,1250,0x80006CF9,0x00000855,0xFD1182BB
_groutpost_bld_shackcave05_Ruined,0x02EE2F5F,49164127,0,5217,0x8000A684,0xFFFFFFFF,0x02EE2F5F
_groutpost_bld_shackcave06,0xE3139864,3809712228,0,1249,0x80006CF8,0x00012471,0xE3139864
_groutpost_bld_shackfuselarge,0x50479153,1346867539,0,976,0x800065FE,0x000129EB,0x50479153
_groutpost_bld_shackperm01,0xA199B59A,2711205274,0,1242,0x80006CF1,0x0000A9F5,0xA199B59A
_groutpost_bld_shackperm02,0x03A10BA5,60885925,0,968,0x800065F6,0x00001B7E,0x03A10BA5
_groutpost_bld_shackperm03,0x999E2630,2577278512,0,1243,0x80006CF2,0x00004934,0x999E2630
_groutpost_bld_shacksemiperm01,0x76EB6924,1995139364,0,1241,0x80006CF0,0x000026BB,0x76EB6924
_groutpost_bld_shacktall01,0xB7801ADD,3078626013,0,1254,0x80006CFD,0x00009143,0xB7801ADD
_groutpost_bld_shacktall02,0x35789272,897094258,0,1253,0x80006CFC,0x000062E4,0x35789272
_groutpost_bld_shacktall02_Ruined,0x22BDE268,582869608,0,5219,0x8000A686,0x00002B87,0x22BDE268
_groutpost_bld_tentlargetarp,0x9D7242FA,2641511162,0,970,0x800065F8,0x00013012,0x9D7242FA
_groutpost_bld_tentlargetarp02,0xC8CA7210,3368710672,0,2919,0x800089A3,0x0000D9D7,0xC8CA7210
_groutpost_bld_tentlargetarp03,0xB2CC8E05,2999750149,0,2920,0x800089A4,0x000038E5,0xB2CC8E05
_groutpost_bld_tentsmalltarp,0x4A0510FE,1241846014,0,975,0x800065FD,0x0000E967,0x4A0510FE
_groutpost_bld_tentsmalltarp02,0x271F1024,656347172,0,2917,0x800089A1,0xFFFFFFFF,0x271F1024
_groutpost_bld_tentsmalltarp03,0x412177A9,1092712361,0,2918,0x800089A2,0x00007DC7,0x412177A9
_groutpost_bld_trailerhut01,0x7394A08A,1939120266,0,977,0x800065FF,0x0000ABF5,0x7394A08A
_groutpost_bld_trailerhut02,0x159C5B55,362568533,0,1240,0x80006CEF,0xFFFFFFFF,0x159C5B55
_groutpost_env_cave,0xE9D90E55,3923316309,0,1726,0x800075A1,0x00002482,0xE9D90E55
_groutpost_env_junglewall,0x41175AA1,1092049569,0,2036,0x800080D4,0xFFFFFFFF,0x41175AA1
_groutpost_env_junglewall02,0xC51D03BB,3307013051,0,2040,0x800080D8,0x00010866,0xC51D03BB
_groutpost_env_junglewallcornerleft,0x66955CED,1721064685,0,2037,0x800080D5,0x00000C7F,0x66955CED
_groutpost_env_junglewallcornerleft02,0x3F7BC827,1065076775,0,2041,0x800080D9,0x00009DAE,0x3F7BC827
_groutpost_env_junglewallcornerright,0x7998D38C,2040058764,0,2038,0x800080D6,0x00003FE9,0x7998D38C
_groutpost_env_junglewallcornerright02,0x3489F276,881455734,0,2042,0x800080DA,0x00006129,0x3489F276
_groutpost_env_minewall,0x324BF23F,843838015,0,1705,0x80007542,0xFFFFFFFF,0x324BF23F
_groutpost_env_minewall6left,0x64327318,1681027864,0,2788,0x8000875A,0xFFFFFFFF,0x64327318
_groutpost_env_minewall6right,0xEA946FBF,3935596479,0,2789,0x8000875B,0xFFFFFFFF,0xEA946FBF
_groutpost_env_minewallcorner16left,0x6E10B75A,1846589274,0,1715,0x8000754D,0xFFFFFFFF,0x6E10B75A
_groutpost_env_minewallcorner16right,0xB656FA31,3059153457,0,1717,0x8000754F,0x00013B2B,0xB656FA31
_groutpost_env_minewallcorner32left,0x2C34A64C,741647948,0,1718,0x80007550,0x0000523E,0x2C34A64C
_groutpost_env_minewallcorner32right,0x4FFC198B,1341921675,0,1716,0x8000754E,0x00000837,0x4FFC198B
_groutpost_env_minewalldrop01,0x09A03249,161493577,0,1710,0x80007548,0x0000EF94,0x09A03249
_groutpost_env_minewalldrop02,0x6798777E,1738045310,0,1711,0x80007549,0x00012203,0x6798777E
_groutpost_env_minewallintersection16,0x31866C35,830893109,0,1714,0x8000754C,0xFFFFFFFF,0x31866C35
_groutpost_env_minewallintersection32,0x4F070FBB,1325862843,0,1713,0x8000754B,0x00013F93,0x4F070FBB
_groutpost_env_minewallrise01,0xDD1B6775,3709560693,0,1709,0x80007547,0x0000C07E,0xDD1B6775
_groutpost_env_minewallrise02,0xBB14762A,3138680362,0,1712,0x8000754A,0x00012455,0xBB14762A
_groutpost_env_minewallshort,0x0B233177,186855799,0,2787,0x80008759,0x00007205,0x0B233177
_groutpost_env_minewalltall,0x93BEB496,2478748822,0,1708,0x80007546,0x000090C3,0x93BEB496
_groutpost_fueltanks,0xB673F35D,3061052253,1,4768,0x8000A17C,0x00005E2E,0xB673F35D
_groutpost_interior_job,0x0441D0EA,71422186,0,4756,0x8000A16F,0x000130DF,0x0441D0EA
_groutpost_mine_road10,0x4A2188EB,1243711723,0,1696,0x80007536,0x0000C92B,0x4A2188EB
_groutpost_mine_road10i,0x192E27FC,422455292,0,2068,0x8000813A,0x0000CCE0,0x192E27FC
_groutpost_mine_road10merge,0xD13BAE81,3510349441,0,3963,0x80009953,0x00003C50,0xD13BAE81
_groutpost_mine_road10T,0x1B4E7ECD,458129101,0,1697,0x80007537,0x00001587,0x1B4E7ECD
_groutpost_mine_road20U,0x4E096A37,1309239863,0,1698,0x8000753A,0x000013F8,0x4E096A37
_groutpost_podium,0x1E20A092,505454738,0,2758,0x8000873B,0x000003CE,0x1E20A092
_groutpost_podium (speaker),0x0A17EC1A,169339930,0,3801,0x800097BE,0x00013D87,0x0A17EC1A
_guanare_bridgeorinoco,0x3F2D24A2,1059923106,0,6054,0x900001A6,0x0000675D,0x3F2D24A2
_guanare_bridgeorinocosupport,0x7D29156B,2099844459,0,6055,0x900001A7,0x000077FB,0x7D29156B
_guerilla_chaira,0x88AA3BDA,2292857818,0,3792,0x800097AD,0xFFFFFFFF,0x88AA3BDA
_guerilla_chairb,0xEAB191E5,3937505765,0,3795,0x800097B0,0xFFFFFFFF,0xEAB191E5
_guerilla_chairc,0x80AEAC70,2158931056,0,3796,0x800097B1,0x000109AA,0x80AEAC70
_guerilla_junker,0x5DE6C75D,1575405405,0,3793,0x800097AE,0x00002A20,0x5DE6C75D
_guerilla_junker_full,0x3E8893A7,1049138087,0,3799,0x800097B6,0xFFFFFFFF,0x3E8893A7
_guerilla_junker_hood,0x50C4CEFA,1355075322,0,3798,0x800097B5,0xFFFFFFFF,0x50C4CEFA
_guerilla_junker_tire,0x03A2CCCE,61000910,0,3797,0x800097B4,0x000102B1,0x03A2CCCE
_industrial_att_pipelargeangle,0x5862432E,1482834734,0,1006,0x80006896,0x00007534,0x5862432E
_industrial_att_pipelargeangle_AllCon002,0x69EF2FEC,1777283052,0,2678,0x80008680,0x00007D29,0x69EF2FEC
_industrial_att_pipelargecap,0x7456859B,1951827355,0,1007,0x80006897,0x0000C420,0x7456859B
_industrial_att_pipelargecap_AllCon002,0x8D26404D,2368094285,0,2679,0x80008681,0xFFFFFFFF,0x8D26404D
_industrial_att_pipelargeL,0x005B049B,5964955,0,1008,0x80006898,0xFFFFFFFF,0x005B049B
_industrial_att_pipelargeL_AllCon002,0xCAD0374D,3402643277,0,2680,0x80008682,0xFFFFFFFF,0xCAD0374D
_industrial_att_pipelargeshort,0x5D09CD45,1560923461,0,1009,0x80006899,0xFFFFFFFF,0x5D09CD45
_industrial_att_pipelargeshort_AllCon002,0x49F953DB,1241076699,0,2677,0x8000867F,0xFFFFFFFF,0x49F953DB
_industrial_att_pipelargeY,0x068A6C42,109734978,0,1010,0x8000689A,0xFFFFFFFF,0x068A6C42
_industrial_att_pipelargeY_AllCon002,0xDF7457D8,3748943832,0,2681,0x80008683,0xFFFFFFFF,0xDF7457D8
_Industrial_bld_conveyorbelt,0x1B770D31,460786993,0,2916,0x800089A0,0x00007C22,0x1B770D31
_Industrial_bld_conveyorbeltangle,0x3604CE92,906284690,0,2915,0x8000899F,0xFFFFFFFF,0x3604CE92
_Industrial_bld_conveyortransition,0x9F85B48B,2676339851,0,2914,0x8000899E,0xFFFFFFFF,0x9F85B48B
_industrial_bld_domerefinery,0x58619CC4,1482792132,0,616,0x80005C29,0x0000C48E,0x58619CC4
_industrial_bld_gasstation01,0xC72905CD,3341354445,0,807,0x80006243,0xFFFFFFFF,0xC72905CD
_industrial_bld_gasstation01_ruined,0x9C6142A1,2623619745,0,4616,0x80009FA8,0xFFFFFFFF,0x9C6142A1
_industrial_bld_gasstation02,0x45217D62,1159822690,0,808,0x80006244,0xFFFFFFFF,0x45217D62
_industrial_bld_gasstation02_ruined,0x945F9B58,2489293656,0,4639,0x80009FC0,0xFFFFFFFF,0x945F9B58
_industrial_bld_gasstation_bathroom,0x059D6F15,94203669,0,793,0x80006234,0x000052C5,0x059D6F15
_industrial_bld_gasstationpump01,0x40B92BD7,1085877207,0,792,0x80006233,0xFFFFFFFF,0x40B92BD7
_industrial_bld_gasstationpump01_ruined,0xDAB6C0DB,3669410011,0,4615,0x80009FA7,0x00001BC3,0xDAB6C0DB
_industrial_bld_gasstationpump02,0x56BB8D10,1455131920,0,809,0x80006245,0xFFFFFFFF,0x56BB8D10
_industrial_bld_gasstationpump02_ruined,0xD5CC807E,3586949246,0,4640,0x80009FC1,0xFFFFFFFF,0xD5CC807E
_industrial_bld_gasstationpump03,0x40BDA905,1086171397,0,1399,0x80006EF7,0x000089EC,0x40BDA905
_industrial_bld_hangar01,0x3F8A1245,1066013253,0,617,0x80005C2A,0x000106CC,0x3F8A1245
_industrial_bld_hangar01_ruined,0x7F0DB5D9,2131604953,0,5846,0x8000AF9E,0x0000BF00,0x7F0DB5D9
_industrial_bld_oilrig,0x69064E47,1762020935,0,475,0x800056B1,0xFFFFFFFF,0x69064E47
_industrial_bld_refinery01,0x77F5D454,2012599380,0,1396,0x80006EF4,0x00003B13,0x77F5D454
_industrial_bld_refinery02,0x51F359EB,1374902763,0,1276,0x80006D7C,0xFFFFFFFF,0x51F359EB
_industrial_bld_refinery03,0x6FF14A8E,1878084238,0,1397,0x80006EF5,0x0000285B,0x6FF14A8E
_industrial_bld_refinery04,0x7A02A36D,2046993261,0,1398,0x80006EF6,0x0000627F,0x7A02A36D
_industrial_bld_refinery04_Ruined,0xA5A15741,2778814273,0,5229,0x8000A698,0x00004D7A,0xA5A15741
_industrial_bld_refinery05,0x500022B8,1342186168,0,1271,0x80006D77,0xFFFFFFFF,0x500022B8
_industrial_bld_refinery06,0xD9FD2A5F,3657247327,0,1272,0x80006D78,0x000134D4,0xD9FD2A5F
_industrial_bld_silosmall,0x2C587443,743994435,0,657,0x80005F85,0xFFFFFFFF,0x2C587443
_industrial_bld_silowide,0x4805C763,1208338275,0,658,0x80005F86,0x00008686,0x4805C763
_industrial_bld_smokestack,0x003BFA08,3930632,0,656,0x80005F84,0xFFFFFFFF,0x003BFA08
_industrial_bld_towerrefinerysmall,0x9B3946BD,2604222141,0,659,0x80005F87,0x0000A18A,0x9B3946BD
_industrial_bld_towerrefinerytall,0xB4F3B8CD,3035871437,0,660,0x80005F88,0xFFFFFFFF,0xB4F3B8CD
_industrial_bld_warehouse01,0xC9CA213B,3385467195,0,661,0x80005F89,0xFFFFFFFF,0xC9CA213B
_industrial_bld_warehouse01_Ruined,0xB56796DF,3043464927,0,5228,0x8000A697,0xFFFFFFFF,0xB56796DF
_industrial_bld_warehouse02,0xAFCC36E4,2949396196,0,624,0x80005C35,0xFFFFFFFF,0xAFCC36E4
_industrial_bld_warehouse02_Ruined,0xD70C7FF2,3607920626,0,5227,0x8000A696,0x00001E66,0xD70C7FF2
_industrial_bld_warehouse03,0xC9CE9E69,3385761385,0,625,0x80005C36,0x0000DA48,0xC9CE9E69
_industrial_bld_warehouse03 dangerous1,0x0EBCB5A6,247248294,0,557,0x80005BAB,0x0000058E,0x0EBCB5A6
_industrial_bld_warehouse04,0x2FD17D92,802258322,0,635,0x80005C41,0x0000589B,0x2FD17D92
_industrial_bld_warehouse05,0x51D3F1AF,1372844463,0,903,0x800064B1,0x0000130F,0x51D3F1AF
_industrial_bld_warehouse05_ruined,0x26162713,638986003,0,4151,0x80009B4E,0x00013181,0x26162713
_industrial_bld_warehouse06,0x47D62088,1205215368,0,662,0x80005F8B,0xFFFFFFFF,0x47D62088
_industrial_bld_warehouse06_ruined,0xFBF51E96,4227145366,0,5224,0x8000A693,0xFFFFFFFF,0xFBF51E96
_industrial_bld_warehouselarge01,0x502033FA,1344287738,0,901,0x800064AE,0xFFFFFFFF,0x502033FA
_industrial_bld_warehouselarge02,0xB2278A05,2988935685,0,904,0x800064B2,0x00009E9A,0xB2278A05
_industrial_bld_warehousesmall01,0xF6CA7CC2,4140465346,0,1394,0x80006EF2,0x0000BD46,0xF6CA7CC2
_industrial_bld_warehousesmall01_ruined,0xCFC34938,3485681976,0,5849,0x8000AFA1,0x00010FF6,0xCFC34938
_industrial_bld_warehousesmall02,0x78D2052D,2027029805,0,1395,0x80006EF3,0x000018E8,0x78D2052D
_industrial_bld_warehousesmall02_ruined,0x817D0F01,2172456705,0,4614,0x80009FA6,0x0000F089,0x817D0F01
_industrial_cart,0x0AA399A2,178493858,0,629,0x80005C3A,0x00012BFA,0x0AA399A2
_industrial_cartlong,0x668B6350,1720410960,0,628,0x80005C39,0x0000F2D4,0x668B6350
_industrial_cartribbed,0x59B8430E,1505248014,0,631,0x80005C3D,0x000095F6,0x59B8430E
_industrial_cartsmelting,0xFABD4EF1,4206710513,0,632,0x80005C3E,0x000054CC,0xFABD4EF1
_industrial_catwalkangle,0x355BE790,895215504,0,905,0x800064B3,0x00001FD9,0x355BE790
_industrial_catwalkcap,0xBE72DD61,3195198817,0,906,0x800064B4,0xFFFFFFFF,0xBE72DD61
_industrial_catwalkl,0xB847F33D,3091723069,0,907,0x800064B5,0xFFFFFFFF,0xB847F33D
_industrial_catwalkshort,0x4B6F2993,1265576339,0,908,0x800064B6,0xFFFFFFFF,0x4B6F2993
_industrial_catwalkstraight,0xA08E2DE9,2693672425,0,909,0x800064B7,0xFFFFFFFF,0xA08E2DE9
_industrial_generator01,0x86CE46A6,2261665446,0,623,0x80005C34,0x00011313,0x86CE46A6
_industrial_lamppost01,0xBC6A1C9D,3161070749,0,641,0x80005C49,0x000008CD,0xBC6A1C9D
_industrial_lamppost02,0x3A629432,979538994,0,664,0x80005F8E,0xFFFFFFFF,0x3A629432
_industrial_machineparts01,0xE63456EE,3862189806,0,665,0x80005F8F,0x00007CCE,0xE63456EE
_industrial_machineparts02,0x483BACF9,1211870457,0,666,0x80005F90,0xFFFFFFFF,0x483BACF9
_industrial_machineparts03,0x6E39AA34,1849272884,0,667,0x80005F91,0xFFFFFFFF,0x6E39AA34
_industrial_machinepartsramp01,0x4EA9DACE,1319754446,0,4164,0x80009C01,0x000032A6,0x4EA9DACE
_Industrial_pipe12m,0x9C48CA52,2622016082,0,5414,0x8000A9E7,0xFFFFFFFF,0x9C48CA52
_Industrial_pipe20m,0xB55C960F,3042743823,0,5415,0x8000A9E8,0x0001301C,0xB55C960F
_Industrial_pipe4m,0xE885A2ED,3901072109,0,5413,0x8000A9E6,0xFFFFFFFF,0xE885A2ED
_Industrial_pipecurveSide,0x5D683004,1567109124,0,5409,0x8000A9E2,0xFFFFFFFF,0x5D683004
_Industrial_pipecurveUpdown,0x8DF7DF8A,2381832074,0,5408,0x8000A9E1,0x0000C050,0x8DF7DF8A
_industrial_pipeground01,0x7B544FF0,2069123056,0,668,0x80005F92,0xFFFFFFFF,0x7B544FF0
_industrial_pipesstacked,0x9FDB14BA,2681935034,0,669,0x80005F93,0x0000E04A,0x9FDB14BA
_Industrial_pipesupport12m,0x1978C889,427346057,0,5411,0x8000A9E4,0x0000290A,0x1978C889
_Industrial_pipesupport16m,0x53EA4DAD,1407864237,0,5410,0x8000A9E3,0xFFFFFFFF,0x53EA4DAD
_Industrial_pipesupport8m,0x4FE22CC0,1340222656,0,5412,0x8000A9E5,0x00000B11,0x4FE22CC0
_industrial_signgasshort,0x6F91415C,1871790428,0,1264,0x80006D6F,0x00010DA8,0x6F91415C
_industrial_signgastall,0xE8ED678B,3907872651,0,1265,0x80006D70,0xFFFFFFFF,0xE8ED678B
_industrial_track,0x30A9B545,816428357,0,1033,0x80006912,0x00010D9A,0x30A9B545
_industrial_trackcurve,0xCD43AA92,3443763858,0,926,0x800064CA,0x0000D6D0,0xCD43AA92
_industrial_trackstop,0x0C375955,204953941,0,633,0x80005C3F,0x00003F42,0x0C375955
_industrial_trackstraight,0x3204223F,839131711,0,927,0x800064CB,0x000052FB,0x3204223F
_island_att_battlement,0xB8E09698,3101726360,0,1274,0x80006D7A,0x0000F01E,0xB8E09698
_island_bld_boothrefreshments01,0xA0EAE0E8,2699747560,0,6053,0x900001A5,0x00002961,0xA0EAE0E8
_island_bld_boothrefreshments01_ruined,0xDB0B3D76,3674946934,0,2078,0x8000814D,0x00007045,0xDB0B3D76
_island_bld_boothrental,0xEB999BF3,3952712691,0,6044,0x9000019C,0xFFFFFFFF,0xEB999BF3
_island_bld_bridge01,0xB98FEEC9,3113217737,0,805,0x80006241,0xFFFFFFFF,0xB98FEEC9
_island_bld_bridge01_ruined,0xCACC33DD,3402380253,0,5556,0x8000AB5D,0x00002314,0xCACC33DD
_island_bld_fortress01,0x8A35B530,2318775600,0,806,0x80006242,0x000134F1,0x8A35B530
_island_bld_fortress01_ruined,0xD8F0519E,3639628190,0,5554,0x8000AB5B,0xFFFFFFFF,0xD8F0519E
_island_bld_hutmodern01,0x84ECA286,2230100614,0,6045,0x9000019D,0x000100FC,0x84ECA286
_island_bld_hutmodern01_ruined,0x7E118C8C,2115079308,0,2077,0x8000814C,0xFFFFFFFF,0x7E118C8C
_island_bld_tower01,0x62E28227,1659011623,0,804,0x80006240,0x00012FD9,0x62E28227
_island_bld_tower01_ruined,0x6235146B,1647645803,0,5555,0x8000AB5C,0x0000CFAD,0x6235146B
_island_wallangled,0xC0260DB5,3223719349,0,1661,0x80007354,0x000133D9,0xC0260DB5
_island_wallangled_ruined,0x702E42C9,1882079945,0,5549,0x8000AB56,0x00004716,0x702E42C9
_island_wallcorner,0x1CA8196D,480778605,0,1662,0x80007355,0x000073ED,0x1CA8196D
_island_wallcorner_ruined,0xC2440941,3259238721,0,5550,0x8000AB57,0x00008790,0xC2440941
_island_wallend,0x29A43585,698627461,0,1663,0x80007356,0x00008050,0x29A43585
_island_wallend_ruined,0x070DD819,118347801,0,5551,0x8000AB58,0x0000C419,0x070DD819
_island_wallstraight,0x3AC713AC,986125228,0,1664,0x80007357,0x00000D09,0x3AC713AC
_island_wallstraight_ruined,0xDD26EC9A,3710315674,0,5552,0x8000AB59,0xFFFFFFFF,0xDD26EC9A
_island_wallT,0x66D2981A,1725077530,0,1665,0x80007358,0x00002B7E,0x66D2981A
_island_wallT_ruined,0x27349990,657758608,0,5553,0x8000AB5A,0xFFFFFFFF,0x27349990
_jungle_bld_ruinshotelback,0x975027B3,2538612659,0,1523,0x8000717A,0x000093FB,0x975027B3
_jungle_bld_ruinshotelback_ruined,0x73CAD1B7,1942671799,0,5273,0x8000A7C4,0x00008441,0x73CAD1B7
_Jungle_bld_ruinshotelcorner,0x1B24B935,455391541,0,1524,0x8000717B,0x0000A91B,0x1B24B935
_Jungle_bld_ruinshotelcorner_ruined,0x1F026949,520251721,0,2110,0x80008184,0x0000F6AF,0x1F026949
_jungle_bld_ruinshotelfront,0x0A152D47,169160007,0,1525,0x8000717C,0x00012600,0x0A152D47
_jungle_bld_ruinshotelfront_ruined,0xF498950B,4103640331,0,5274,0x8000A7C5,0x000092C1,0xF498950B
_jungle_bld_ruinshotelside,0xAA42BA23,2856499747,0,1526,0x8000717D,0x0000D1E5,0xAA42BA23
_jungle_bld_ruinshotelside_ruined,0x15CF9127,365924647,0,5275,0x8000A7C6,0x00004884,0x15CF9127
_jungle_bridge_metalvehicleA,0x34ED110C,887951628,0,1527,0x8000717E,0x00003CA7,0x34ED110C
_jungle_bridge_woodpedestrianA,0xBF5FF99D,3210738077,0,1528,0x8000717F,0xFFFFFFFF,0xBF5FF99D
_jungle_env_background01,0x88F2A743,2297603907,0,951,0x800065E5,0xFFFFFFFF,0x88F2A743
_jungle_env_bushlarge01,0x933DB7B4,2470295476,0,4535,0x80009F10,0x0000277E,0x933DB7B4
_jungle_env_bushlarge02,0x6D3B3D4B,1832598859,0,803,0x8000623E,0x0000E19D,0x6D3B3D4B
_jungle_env_bushlarge03,0x0B38646E,188245102,0,1273,0x80006D79,0xFFFFFFFF,0x0B38646E
_jungle_env_bushmedium01,0x4215F558,1108735320,0,794,0x80006235,0x0000FC03,0x4215F558
_jungle_env_bushmedium02,0x4C13C67F,1276364415,0,795,0x80006236,0x0000A4F7,0x4C13C67F
_jungle_env_bushmedium03,0xEA10EDA2,3926977954,0,796,0x80006237,0x00006761,0xEA10EDA2
_jungle_env_bushsmall01,0x86C5B570,2261103984,0,797,0x80006238,0x000017BF,0x86C5B570
_jungle_env_bushsmall02,0x70C35437,1891849271,0,1266,0x80006D71,0xFFFFFFFF,0x70C35437
_jungle_env_bushsmall03,0x8EC144DA,2395030746,0,929,0x800064CF,0x0001383A,0x8EC144DA
_jungle_env_junglewallfoliage01,0x81B99A1B,2176424475,0,3295,0x80008F68,0x00011AA8,0x81B99A1B
_jungle_env_junglewallfoliage02,0xE7BC7944,3887888708,0,3297,0x80008F6A,0x00006F98,0xE7BC7944
_jungle_env_junglewallfoliage03,0x01BEE0C9,29286601,0,3296,0x80008F69,0x00001FF1,0x01BEE0C9
_jungle_env_junglewallfoliage04,0xE7C0F672,3888182898,0,5266,0x8000A7BD,0x0000565A,0xE7C0F672
_jungle_env_largecanopy01,0xC69265EE,3331483118,0,1260,0x80006D04,0x0000E465,0xC69265EE
_jungle_env_largecanopy01_standalone,0xA6246CCC,2787405004,0,4763,0x8000A176,0x00004D95,0xA6246CCC
_jungle_env_plantlarge01,0xE2F627AB,3807782827,0,798,0x80006239,0x0000B342,0xE2F627AB
_jungle_env_plantlarge02,0x08F8A214,150512148,0,6070,0x900001B6,0xFFFFFFFF,0x08F8A214
_jungle_env_plantlarge04,0x88FDE8C2,2298341570,0,930,0x800064D0,0xFFFFFFFF,0x88FDE8C2
_jungle_env_plantmed01,0xAC787460,2893575264,0,1236,0x80006CEB,0x00004B92,0xAC787460
_jungle_env_plantmed03,0x34733A4A,879966794,0,931,0x800064D1,0x00002876,0x34733A4A
_jungle_env_plantsmall02,0x90EACF9C,2431307676,0,799,0x8000623A,0x00010B58,0x90EACF9C
_jungle_env_plantsmall03,0x8AED04C1,2330789057,0,800,0x8000623B,0x00012143,0x8AED04C1
_Jungle_env_rockhuge01,0xE4600495,3831497877,0,5261,0x8000A7B8,0x00011956,0xE4600495
_Jungle_env_rockhuge02,0x425849CA,1113082314,0,4979,0x8000A39A,0x0000A3A2,0x425849CA
_jungle_env_rocklarge01,0x2165017F,560267647,0,6072,0x900001B8,0x000078CB,0x2165017F
_jungle_env_rocklarge02,0x17673058,392638552,0,1108,0x80006B42,0xFFFFFFFF,0x17673058
_jungle_env_rocklarge03,0x4169B10D,1097445645,0,1267,0x80006D72,0xFFFFFFFF,0x4169B10D
_jungle_env_rockmedium01,0xD7F8BD21,3623402785,0,932,0x800064D2,0x000032D7,0xD7F8BD21
_jungle_env_rockmedium02,0x55F134B6,1441871030,0,965,0x800065F3,0x0000934D,0x55F134B6
_jungle_env_rockmedium03,0x37F34413,938689555,0,933,0x800064D3,0x00003883,0x37F34413
_jungle_env_rocksmall01,0xA158FFB7,2706964407,0,934,0x800064D4,0x00010AC8,0xA158FFB7
_jungle_env_rocksmall02,0xB75B60F0,3076219120,0,935,0x800064D5,0x00004640,0xB75B60F0
_jungle_env_rocksmall03,0x215E4665,559826533,0,936,0x800064D6,0xFFFFFFFF,0x215E4665
_jungle_env_smallcanopy01,0x4BDD9516,1272812822,0,2942,0x800089BE,0x0000996D,0x4BDD9516
_jungle_env_smallcanopy02,0xCDE51D81,3454344577,0,3317,0x80008F81,0x0000280A,0xCDE51D81
_jungle_env_treecanopy01,0x1BDD901B,467505179,0,1004,0x8000688C,0x0000187F,0x1BDD901B
_jungle_env_treecanopy02,0x81E06F44,2178969412,0,1275,0x80006D7B,0xFFFFFFFF,0x81E06F44
_jungle_env_treemedium01,0xB5D32B06,3050515206,0,801,0x8000623C,0x00010767,0xB5D32B06
_jungle_env_treemedium03,0xBDD7B4CC,3185030348,0,937,0x800064D7,0x0000FAF3,0xBDD7B4CC
_jungle_env_treesmall01,0x4555E076,1163255926,0,938,0x800064D8,0x0000BA82,0x4555E076
_jungle_env_treesmall02,0xC75D68E1,3344787681,0,2074,0x80008149,0x000040D0,0xC75D68E1
_jungle_env_treesmall03,0x4D5A6A3C,1297771068,0,3756,0x8000971E,0x00000137,0x4D5A6A3C
_jungle_env_treetall01,0x43D0ACEE,1137749230,0,939,0x800064D9,0xFFFFFFFF,0x43D0ACEE
_jungle_env_treetall01_standalone,0xBF94D9CC,3214203340,0,4760,0x8000A173,0x00011B43,0xBF94D9CC
_jungle_env_treetall02,0xA5D802F9,2782397177,0,942,0x800064DC,0xFFFFFFFF,0xA5D802F9
_jungle_env_treetall02_standalone,0x4FE46019,1340366873,0,4761,0x8000A174,0x00005909,0x4FE46019
_jungle_env_treetall03,0xCBD60034,3419799604,0,6069,0x900001B5,0x0000B1D8,0xCBD60034
_jungle_env_treetall03_standalone,0x8B40409A,2336243866,0,4762,0x8000A175,0xFFFFFFFF,0x8B40409A
_jungle_env_treethin01,0xED2D89EA,3979184618,0,956,0x800065EA,0x0000EA63,0xED2D89EA
_jungle_env_treethin02,0x0F347B35,255097653,0,955,0x800065E9,0x00009B01,0x0F347B35
_jungle_env_treethin03,0xE531FA80,3845257856,0,954,0x800065E8,0x00007079,0xE531FA80
_jungle_env_vines01,0xD4D2A838,3570575416,0,952,0x800065E6,0xFFFFFFFF,0xD4D2A838
_jungle_env_vines02,0x5ECFAFDF,1590669279,0,953,0x800065E7,0x00004567,0x5ECFAFDF
_jungle_fountainruinshotel,0xFA7C4323,4202447651,0,1529,0x80007180,0x000009E7,0xFA7C4323
_jungle_fountainruinshotel_ruined,0xE874E427,3899974695,0,5277,0x8000A7C8,0x00010226,0xE874E427
_jungle_guardgate,0x259E3704,631125764,0,5457,0x8000AA58,0x00008DDE,0x259E3704
_jungle_road10,0xDFBEBCAB,3753819307,0,957,0x800065EB,0x0001156A,0xDFBEBCAB
_jungle_road10cross,0x611C61E1,1629250017,0,978,0x80006600,0xFFFFFFFF,0x611C61E1
_jungle_road10cross5,0x3074D9F2,812964338,0,2033,0x800080D0,0x0001203A,0x3074D9F2
_jungle_road10merge,0xD963C641,3647194689,0,3304,0x80008F74,0xFFFFFFFF,0xD963C641
_jungle_road10mergeOutskirt,0x4D40C974,1296091508,0,3557,0x800093BF,0x0000E732,0x4D40C974
_jungle_road10straight,0xD8ECD1C1,3639398849,0,3306,0x80008F76,0x000009ED,0xD8ECD1C1
_jungle_road10t,0x63042A8D,1661217421,0,963,0x800065F1,0x00007293,0x63042A8D
_jungle_road10t20,0xECEC885F,3974924383,0,1037,0x80006916,0x0000175C,0xECEC885F
_jungle_road10t5,0xFC426B5E,4232211294,0,2032,0x800080CF,0x00010096,0xFC426B5E
_jungle_road20,0x170A8FE6,386568166,0,1039,0x80006918,0x0000DB1B,0x170A8FE6
_jungle_road20cross10,0x6AE0E589,1793123721,0,1036,0x80006915,0xFFFFFFFF,0x6AE0E589
_jungle_road20t10,0x5FA3BB15,1604565781,0,1038,0x80006917,0x00007C72,0x5FA3BB15
_jungle_road5,0x03D76EA5,64450213,0,2030,0x800080CD,0x0000B764,0x03D76EA5
_jungle_road5cross,0x8942178B,2302809995,0,2034,0x800080D2,0xFFFFFFFF,0x8942178B
_jungle_road5t,0xB2B0ECC3,2997939395,0,2035,0x800080D3,0x0001105B,0xB2B0ECC3
_jungle_road5transition,0x8FEB7E30,2414575152,0,2031,0x800080CE,0x0000CE4B,0x8FEB7E30
_jungle_ruinshotelarch,0x2DC0C04B,767606859,0,1530,0x80007181,0x000094EA,0x2DC0C04B
_jungle_ruinshotelarch_ruined,0x09C4CDAF,163892655,0,5276,0x8000A7C7,0x00009D90,0x09C4CDAF
_jungle_ruinshotelpool,0x40D01C25,1087380517,0,1531,0x80007182,0xFFFFFFFF,0x40D01C25
_jungle_ruinsplane01_back,0x47C9ED04,1204415748,0,2704,0x80008700,0xFFFFFFFF,0x47C9ED04
_jungle_ruinsplane01_front,0xBAE40F9A,3135508378,0,2705,0x80008701,0xFFFFFFFF,0xBAE40F9A
_jungle_ruinsplane01_mid,0xF85966F1,4166608625,0,2706,0x80008702,0xFFFFFFFF,0xF85966F1
_jungle_ruinsplane01_wing,0x52D8EC44,1389947972,0,3999,0x80009994,0xFFFFFFFF,0x52D8EC44
_jungle_wallgate,0x0736675F,121005919,0,3558,0x800093C0,0x00012C7B,0x0736675F
_lwcommercial_road10,0x1585ED61,361098593,0,562,0x80005BE9,0x00013C22,0x1585ED61
_lwcommercial_road10cross,0x998A7847,2575988807,0,576,0x80005BF8,0x0000FF18,0x998A7847
_lwcommercial_road10cross5,0x1FB8AA84,532195972,0,575,0x80005BF7,0x000099E4,0x1FB8AA84
_lwcommercial_road10l,0x35787A97,897088151,0,574,0x80005BF6,0xFFFFFFFF,0x35787A97
_lwcommercial_road10t,0x553C82CF,1430029007,0,573,0x80005BF5,0xFFFFFFFF,0x553C82CF
_lwcommercial_road10t5,0x3126673C,824600380,0,572,0x80005BF4,0xFFFFFFFF,0x3126673C
_lwcommercial_road20,0x815A6890,2170185872,0,563,0x80005BEA,0x0000E133,0x815A6890
_lwcommercial_road20cross,0xE00401B0,3758358960,0,571,0x80005BF3,0xFFFFFFFF,0xE00401B0
_lwcommercial_road20cross10,0xF9788E5B,4185427547,0,570,0x80005BF2,0x000097B3,0xF9788E5B
_lwcommercial_road20t10,0xAFA2E1AB,2946687403,0,569,0x80005BF1,0x0000CDFB,0xAFA2E1AB
_lwcommercial_road5,0x454AEE97,1162538647,0,561,0x80005BE8,0x00003EBC,0x454AEE97
_lwcommercial_road5cross,0x79DDB93D,2044574013,0,568,0x80005BF0,0x000102CC,0x79DDB93D
_lwcommercial_road5l,0xC951E601,3377587713,0,567,0x80005BEF,0x0000FC48,0xC951E601
_lwcommercial_road5t,0x296604D9,694551769,0,566,0x80005BEE,0x00009711,0x296604D9
_lwcommercial_road5t10,0xBB9E9E86,3147734662,0,565,0x80005BED,0x00007FA9,0xBB9E9E86
_lwcommercial_wallshort,0x8536E25A,2234966618,0,577,0x80005BFB,0x00003A09,0x8536E25A
_lwcommericial_sidewalk,0x09956D5D,160787805,0,564,0x80005BEB,0xFFFFFFFF,0x09956D5D
_mar_commercial_road10,0x91F629C1,2448828865,0,2474,0x800084CF,0xFFFFFFFF,0x91F629C1
_mar_commercial_road10CleanT20,0x74DF8F86,1960808326,0,2457,0x800084BD,0xFFFFFFFF,0x74DF8F86
_mar_commercial_road10CleanT20b,0x48A1801C,1218543644,0,3952,0x80009940,0x0001113B,0x48A1801C
_mar_commercial_road10cross,0xC3E48B27,3286534951,0,2459,0x800084BF,0x00000D6D,0xC3E48B27
_mar_commercial_road10cross5,0x6B83FC64,1803811940,0,2458,0x800084BE,0xFFFFFFFF,0x6B83FC64
_mar_commercial_road10L,0x38E9EC77,954854519,0,2460,0x800084C0,0x00000BED,0x38E9EC77
_mar_commercial_road10middle,0x7EEB16A2,2129335970,0,2461,0x800084C1,0x000046ED,0x7EEB16A2
_mar_commercial_road10T,0xD8AEBE2F,3635330607,0,2462,0x800084C3,0x00006969,0xD8AEBE2F
_mar_commercial_road10T5,0xBDFA441C,3187295260,0,2473,0x800084CE,0x00006CD9,0xBDFA441C
_mar_commercial_road20,0xFC8D7070,4237127792,0,3955,0x80009943,0x0000A72D,0xFC8D7070
_mar_commercial_road20b,0xCC1D6246,3424477766,0,3956,0x80009944,0x0000D004,0xCC1D6246
_mar_commercial_road20Clean,0x712FF8A7,1898969255,0,2463,0x800084C4,0x0000C3EA,0x712FF8A7
_mar_commercial_road20Cleanb,0x3C0F587F,1007638655,0,2464,0x800084C5,0x000125D9,0x3C0F587F
_mar_commercial_road20Cleancross,0xAA7D480D,2860337165,0,2466,0x800084C7,0xFFFFFFFF,0xAA7D480D
_mar_commercial_road20Cleancross10,0x87F4A77A,2280957818,0,2465,0x800084C6,0xFFFFFFFF,0x87F4A77A
_mar_commercial_road20CleanT,0x53E25EA9,1407344297,0,2468,0x800084C9,0x0000798E,0x53E25EA9
_mar_commercial_road20CleanT10,0xA28513D6,2726630358,0,2467,0x800084C8,0x0000CF7D,0xA28513D6
_mar_commercial_road20CleanTn10,0x0B479E3A,189242938,0,4609,0x80009FA1,0x00001992,0x0B479E3A
_mar_commercial_road5,0x97C83377,2546479991,0,2472,0x800084CD,0x0000ECC0,0x97C83377
_mar_commercial_road5cross,0x2EF8BE9D,788053661,0,2453,0x800084B9,0x000126E9,0x2EF8BE9D
_mar_commercial_road5L,0xC5C2EBE1,3317885921,0,2454,0x800084BA,0xFFFFFFFF,0xC5C2EBE1
_mar_commercial_road5T,0xA5D64139,2782282041,0,2456,0x800084BC,0xFFFFFFFF,0xA5D64139
_mar_commercial_road5T10,0x3BCB5766,1003181926,0,2455,0x800084BB,0x0001273A,0x3BCB5766
_mar_commercial_roadgovnt,0x3BDDA0B0,1004380336,0,2469,0x800084CA,0x00013BE1,0x3BDDA0B0
_mar_commercial_roadstraight10,0xD7555B37,3612695351,0,2471,0x800084CC,0x000061D0,0xD7555B37
_mar_commercial_roadstraight10_crater02,0x29AC88F1,699173105,0,5268,0x8000A7BF,0x00000C72,0x29AC88F1
_mar_commercial_roadstraight10_crater02_straight,0x92BB2EDA,2461740762,0,5271,0x8000A7C2,0x000065FD,0x92BB2EDA
_mar_commercial_roadstraight20,0x8E524612,2387756562,0,3953,0x80009941,0x0000A1AB,0x8E524612
_mar_commercial_roadstraight20_crater02,0x406C869A,1080854170,0,5269,0x8000A7C0,0x00002D66,0x406C869A
_mar_commercial_roadstraight20b,0xA2F94540,2734245184,0,3954,0x80009942,0x00012B2C,0xA2F94540
_mar_commercial_roadstraight5,0x6762E351,1734533969,0,2470,0x800084CB,0x0000E22C,0x6762E351
_mar_commercial_sidewalk,0x8B20070A,2334131978,0,3950,0x8000993D,0x0000B735,0x8B20070A
_mar_commercial_sidewalksmall,0x8C838753,2357430099,0,3951,0x8000993E,0xFFFFFFFF,0x8C838753
_mar_global_freewayelevatedcurve,0x280EE8BB,672065723,0,3959,0x80009949,0x00003FB9,0x280EE8BB
_mar_global_freewayelevatedlong,0x4D4BBB94,1296808852,0,3957,0x80009947,0x00000C54,0x4D4BBB94
_mar_global_freewayelevatedlongramp,0xB7D50350,3084190544,0,3958,0x80009948,0x00001C82,0xB7D50350
_maracaibo_bld_civic02,0xA7C99C9D,2815007901,0,1278,0x80006D7E,0x00002E41,0xA7C99C9D
_maracaibo_bld_civic02_ruined,0x77B548B1,2008369329,0,3581,0x800093D9,0x00010750,0x77B548B1
_maracaibo_bld_corner16x32A,0xC62F60FD,3324993789,0,1279,0x80006D7F,0xFFFFFFFF,0xC62F60FD
_maracaibo_bld_corner16x32A_ruined,0x7F3E0211,2134770193,0,3582,0x800093DA,0x0001334E,0x7F3E0211
_maracaibo_bld_corner16x32B,0x4427D892,1143462034,0,1280,0x80006D80,0xFFFFFFFF,0x4427D892
_maracaibo_bld_corner32x32A,0x96BE4F13,2529054483,0,1287,0x80006D87,0xFFFFFFFF,0x96BE4F13
_maracaibo_bld_corner32x32A_ruined,0x18844117,411320599,0,3583,0x800093DB,0x00004070,0x18844117
_maracaibo_bld_corner32x32B,0xBCC0C97C,3166751100,0,1288,0x80006D88,0xFFFFFFFF,0xBCC0C97C
_maracaibo_bld_corner32x32B_ruined,0x45E7C96A,1172818282,0,3584,0x800093DC,0x0000717E,0x45E7C96A
_maracaibo_bld_firestation01,0xF46E2154,4100858196,0,1281,0x80006D81,0x00004225,0xF46E2154
_maracaibo_bld_firestation01_ruined,0x5653AD62,1448324450,0,3585,0x800093DD,0x00000B4D,0x5653AD62
_maracaibo_bld_gasstation02,0xDB2D4070,3677175920,0,5466,0x8000AA62,0x00008D07,0xDB2D4070
_maracaibo_bld_gasstationpump02,0x7AFCD1DE,2063389150,0,5465,0x8000AA61,0xFFFFFFFF,0x7AFCD1DE
_maracaibo_bld_historical01,0xB884051E,3095659806,0,1292,0x80006D8C,0x0000F4CB,0xB884051E
_maracaibo_bld_historical01_ruined,0xAEB40DC4,2931035588,0,3586,0x800093DE,0x000008FC,0xAEB40DC4
_maracaibo_bld_historical02,0xDA8AF669,3666540137,0,1293,0x80006D8D,0x00011D94,0xDA8AF669
_maracaibo_bld_historical02_ruined,0x6C7B7E7D,1820032637,0,3587,0x800093DF,0x00009399,0x6C7B7E7D
_maracaibo_bld_hospital01,0xFD7C87F8,4252796920,0,1282,0x80006D82,0x0000ED9F,0xFD7C87F8
_maracaibo_bld_hospital01_ruined,0x45A39DC6,1168350662,0,3588,0x800093E0,0x000028EB,0x45A39DC6
_maracaibo_bld_parkingstructure01,0x3458A081,878223489,0,1283,0x80006D83,0x0000106F,0x3458A081
_maracaibo_bld_parkingstructure01_ruined,0x9422BDD5,2485304789,0,3589,0x800093E1,0x0000F7DA,0x9422BDD5
_maracaibo_bld_parkingstructure02,0xB2511816,2991659030,0,1289,0x80006D89,0xFFFFFFFF,0xB2511816
_maracaibo_bld_parkingstructure02_ruined,0x62B3989C,1655937180,0,3590,0x800093E2,0x000116E9,0x62B3989C
_maracaibo_bld_segment16x32A,0x5BE0647B,1541432443,0,1290,0x80006D8A,0xFFFFFFFF,0x5BE0647B
_maracaibo_bld_segment16x32A_ruined,0xB6EA311F,3068801311,0,4594,0x80009F90,0x00011E84,0xB6EA311F
_maracaibo_bld_segment32x32A,0x8FE89365,2414383973,0,1291,0x80006D8B,0xFFFFFFFF,0x8FE89365
_maracaibo_bld_segment32x32a_ruined,0x24A9ADF9,615099897,0,4149,0x80009B4C,0x00010CAF,0x24A9ADF9
_Maracaibo_bld_skyscraper01,0xEE40C9D5,3997223381,0,1284,0x80006D84,0x0000D96F,0xEE40C9D5
_Maracaibo_bld_skyscraper01_ruined,0x0381E6E9,58844905,0,4595,0x80009F92,0xFFFFFFFF,0x0381E6E9
_maracaibo_bld_skyscraper02,0x4C390F0A,1278807818,0,1285,0x80006D85,0x00011A0F,0x4C390F0A
_maracaibo_bld_skyscraper02_ruined,0x251BB000,622571520,0,4603,0x80009F9A,0x0000E09E,0x251BB000
_maracaibo_bld_skyscraper03,0x6E3B8327,1849393959,0,1286,0x80006D86,0x0001212F,0x6E3B8327
_maracaibo_bld_skyscraper03_ruined,0xD3D50F6B,3553955691,0,4596,0x80009F93,0x000135C4,0xD3D50F6B
_maracaibo_bld_stagerepublica,0xFCC16614,4240533012,0,1262,0x80006D06,0x00011CC4,0xFCC16614
_maracaibo_bld_stagerepublica_ruined,0xEBD16222,3956367906,0,4598,0x80009F95,0xFFFFFFFF,0xEBD16222
_maracaibo_bridge_segmenta,0xCA48F45C,3393778780,0,1042,0x8000691B,0x000099C5,0xCA48F45C
_maracaibo_bridge_segmenta_ruined,0xE17AD34A,3782923082,0,5848,0x8000AFA0,0x0000EF32,0xE17AD34A
_maracaibo_bridge_segmentb,0xA44679F3,2756082163,0,1046,0x8000691F,0x00007819,0xA44679F3
_maracaibo_fence01,0x39DE1AB0,970857136,0,3323,0x80008F88,0x0000AE64,0x39DE1AB0
_maracaibo_freewayascender01,0x9231CA13,2452736531,0,1050,0x80006924,0x0000ECF6,0x9231CA13
_maracaibo_freewaystraight01,0x782ECFBE,2016333758,0,1048,0x80006922,0x00007140,0x782ECFBE
_maracaibo_freewaytrenchbridge01_overpass,0xFBDF9CB5,4225735861,0,1235,0x80006CE9,0x0000B61A,0xFBDF9CB5
_maracaibo_freewaytrenchbridge01_overpass_autobridge,0x86F4A062,2264178786,0,558,0x80005BAD,0x00002444,0x86F4A062
_maracaibo_freewaytrenchbridge01_underpass,0xBC506E51,3159387729,0,1049,0x80006923,0x0000DED3,0xBC506E51
_maracaibo_lampposta,0x6A5CCB23,1784466211,0,1751,0x800075C0,0x0000D949,0x6A5CCB23
_maracaibo_lamppostb,0x505EE0CC,1348395212,0,1720,0x8000759B,0x0000D76E,0x505EE0CC
_maracaibo_obelisk,0x536E7991,1399749009,0,1719,0x8000759A,0x000082EC,0x536E7991
_maracaibo_obelisk_ruined,0xF6667AA5,4133911205,0,4599,0x80009F96,0xFFFFFFFF,0xF6667AA5
_maracaibo_outskirtbridge20cross10,0x158ABA19,361413145,0,1066,0x80006936,0x0001315A,0x158ABA19
_maracaibo_outskirtbridge20cross20,0xA0223328,2686595880,0,1226,0x80006CD8,0x0000A6E0,0xA0223328
_maracaibo_park,0x88281132,2284327218,0,1263,0x80006D07,0x0000179B,0x88281132
_maracaibo_signgastall,0x1EFCC969,519883113,0,5467,0x8000AA63,0xFFFFFFFF,0x1EFCC969
_maracaibo_wall06m,0xA94F1195,2840531349,0,1721,0x8000759C,0x0000487B,0xA94F1195
_maracaibo_wall10m,0xB70FB362,3071259490,0,1722,0x8000759D,0x0000EB6F,0xB70FB362
_maracaibo_wall20m,0xCBC798B5,3418855605,0,1723,0x8000759E,0x0000732F,0xCBC798B5
_maracaiboruins_bld_govtbld,0x97B3BDF0,2545139184,0,5470,0x8000AA66,0x00005ECE,0x97B3BDF0
_maracaiboruins_bld_historical01,0xF7373837,4147591223,0,5471,0x8000AA67,0x00012E2E,0xF7373837
_maracaiboruins_bld_historical02,0x0D399970,221878640,0,5472,0x8000AA68,0xFFFFFFFF,0x0D399970
_maracaiboruins_bld_radiotower,0x462A2536,1177167158,0,5474,0x8000AA6A,0xFFFFFFFF,0x462A2536
_maracaiboruins_bld_skyscraper01,0x74C3B028,1958981672,0,5473,0x8000AA69,0xFFFFFFFF,0x74C3B028
_maracaiboruins_bld_skyscraper02,0xFEC0B7CF,4274042831,0,5475,0x8000AA6B,0xFFFFFFFF,0xFEC0B7CF
_margarita_bld_bank,0x5CDA4ADE,1557809886,0,2708,0x80008706,0x0000287C,0x5CDA4ADE
_margarita_bld_club01,0xF96F58AD,4184823981,0,6046,0x9000019E,0x00007C46,0xF96F58AD
_margarita_bld_condo01,0x6176308A,1635135626,0,6047,0x9000019F,0x0000DAFD,0x6176308A
_margarita_bld_hotelresort01,0xC5FD29D0,3321702864,0,6048,0x900001A0,0x00004BF1,0xC5FD29D0
_margarita_env_trench,0x39DB7CF3,970685683,0,2107,0x8000817E,0x0000AE8A,0x39DB7CF3
_Margarita_hotelpool,0x3116A4C3,823567555,0,6052,0x900001A4,0x0000214F,0x3116A4C3
_marsh_bridge02end,0x88861CC8,2290490568,0,4766,0x8000A179,0xFFFFFFFF,0x88861CC8
_marsh_bridge02end_ruined,0xA5D4FCD6,2782198998,0,3562,0x800093C5,0x0000F160,0xA5D4FCD6
_marsh_bridge02mid,0xEF0E2A55,4010682965,0,4767,0x8000A17A,0x0000C520,0xEF0E2A55
_marsh_bridge02mid_ruined,0xA60D8469,2785903721,0,3561,0x800093C4,0x0000AEB6,0xA60D8469
_marsh_bridgeend,0x65A33902,1705195778,0,6050,0x900001A2,0x0000E0B4,0x65A33902
_marsh_bridgeend_ruined,0x5D156A78,1561684600,0,3559,0x800093C2,0x0000819B,0x5D156A78
_marsh_bridgemid,0xD50BB3E3,3574313955,0,6049,0x900001A1,0x00006ECD,0xD50BB3E3
_marsh_bridgemid_AIcollision,0xB2DEFAA0,3000957600,0,4769,0x8000A17D,0x0000E69F,0xB2DEFAA0
_marsh_bridgemid_ruined,0x738CF0E7,1938616551,0,3560,0x800093C3,0x00002239,0x738CF0E7
_marsh_bridgerailing01,0xB94918F4,3108575476,0,4777,0x8000A185,0xFFFFFFFF,0xB94918F4
_marsh_bridgerailing02,0x93469E8B,2470878859,0,4778,0x8000A186,0x0000B9F6,0x93469E8B
_Marsh_env_treewater02,0xB5E63803,3051763715,0,3251,0x80008F2C,0x00012E57,0xB5E63803
_merida_bld_hotel,0x37B0D170,934334832,0,80,0x80004B38,0x00007425,0x37B0D170
_merida_bld_hotel_ruined,0x680C3DDE,1745632734,0,3283,0x80008F54,0xFFFFFFFF,0x680C3DDE
_merida_bld_lockerroom,0xB7513987,3075553671,0,370,0x80005105,0x0000E65F,0xB7513987
_merida_bld_mediabooth,0x2E14153A,773068090,0,448,0x800055F0,0x00005D73,0x2E14153A
_merida_bld_oilwellland,0x6AFE8CA5,1795067045,0,351,0x80004EFB,0x0001406A,0x6AFE8CA5
_merida_bld_oilwellland_ruined,0x4AD66939,1255565625,0,5845,0x8000AF9D,0x000004A3,0x4AD66939
_merida_bld_oilwellwater,0x1ABC2EF7,448540407,0,286,0x80004DE7,0x000036D9,0x1ABC2EF7
_merida_bld_plazachurch,0x2285EF81,579202945,0,125,0x80004CC7,0x00000966,0x2285EF81
_merida_bld_pmcautoshop,0x021C6B27,35416871,0,6107,0x900001E4,0x0000CBAF,0x021C6B27
_merida_bld_pmcautoshop_interior,0x22E0FB26,585169702,0,4759,0x8000A172,0xFFFFFFFF,0x22E0FB26
_merida_bld_soccerstadium,0x680E4358,1745765208,0,287,0x80004DE8,0x0000B8EB,0x680E4358
_merida_bld_tickets,0xE0439E0D,3762527757,0,363,0x800050FA,0x00002582,0xE0439E0D
_merida_bld_universityadmin,0x6E6D6867,1852663911,0,288,0x80004DE9,0x0000CA0D,0x6E6D6867
_merida_bld_universityadmin_ruined,0x3C46A0AB,1011261611,0,3281,0x80008F52,0x0000360E,0x3C46A0AB
_merida_bld_universitycampus,0x249D52B1,614290097,0,289,0x80004DEA,0x00011F07,0x249D52B1
_merida_bld_universitycampus_ruined,0xD62412C5,3592688325,0,3280,0x80008F51,0x000107DC,0xD62412C5
_merida_bld_universitydorm,0x701657EA,1880512490,0,290,0x80004DEB,0x0001369B,0x701657EA
_merida_bld_universitydorm_ruined,0xDF2AFE60,3744136800,0,3282,0x80008F53,0x0000E1FF,0xDF2AFE60
_merida_bld_universitylibrary,0x9FC4B9D3,2680469971,0,291,0x80004DEC,0x0000CCDC,0x9FC4B9D3
_merida_busstop,0xE4BFA2F7,3837764343,0,192,0x80004D16,0x00010341,0xE4BFA2F7
_merida_env_plazabush01,0x498D0238,1233977912,0,193,0x80004D17,0x000035DC,0x498D0238
_merida_env_plazabush02,0xD38A09DF,3549039071,0,194,0x80004D18,0x0000E1DF,0xD38A09DF
_merida_env_plazaflowers01,0x6A3D407C,1782399100,0,195,0x80004D19,0x000103C3,0x6A3D407C
_merida_env_plazaflowers02,0x443AC613,1144702483,0,196,0x80004D1A,0x00011E68,0x443AC613
_merida_env_plazahedgecorner,0x7432AC69,1949477993,0,197,0x80004D1B,0x0001279E,0x7432AC69
_merida_env_plazahedgestraight,0xE722F488,3877827720,0,198,0x80004D1C,0x0001281C,0xE722F488
_merida_env_plazahedgestraightlong,0x5F443962,1598306658,0,369,0x80005104,0x00005DE0,0x5F443962
_merida_env_plazalawn01,0x99831304,2575504132,0,148,0x80004CDF,0xFFFFFFFF,0x99831304
_merida_env_plazalawn02,0x338033DB,864039899,0,147,0x80004CDE,0x00002F03,0x338033DB
_merida_env_plazalawn03,0x117DBFBE,293453758,0,144,0x80004CDB,0xFFFFFFFF,0x117DBFBE
_merida_env_plazalawn04,0x1B8F189D,462362781,0,143,0x80004CDA,0x0000B935,0x1B8F189D
_merida_fencemetalgatea,0x2A7A250F,712647951,0,208,0x80004D27,0x00005B2C,0x2A7A250F
_merida_fencemetallonga,0xE2687D0A,3798498570,0,209,0x80004D8F,0x00006F66,0xE2687D0A
_merida_fencemetalshorta,0xBF13D504,3205747972,0,210,0x80004D90,0x00007B48,0xBF13D504
_merida_lawna,0x570BCE56,1460391510,0,207,0x80004D26,0x00011A8B,0x570BCE56
_merida_lightstadiuma,0x4A07F687,1242035847,0,446,0x800055EE,0x00000D47,0x4A07F687
_merida_lightstadiumb,0x2009F300,537522944,0,447,0x800055EF,0x00009E2F,0x2009F300
_merida_market01,0x684D96AE,1749915310,0,202,0x80004D21,0xFFFFFFFF,0x684D96AE
_merida_market02,0xCA54ECB9,3394563257,0,203,0x80004D22,0xFFFFFFFF,0xCA54ECB9
_merida_market03,0xF052E9F4,4031965684,0,211,0x80004D91,0x0000D4AF,0xF052E9F4
_merida_market04,0x525A3FFF,1381646335,0,212,0x80004D92,0x0000B558,0x525A3FFF
_merida_market05,0xF0576722,4032259874,0,204,0x80004D23,0xFFFFFFFF,0xF0576722
_merida_parkingplantercorner,0x24AA8196,615154070,0,149,0x80004CE0,0x0000C4A5,0x24AA8196
_merida_parkingplanterstraight,0xFA16CE7F,4195798655,0,213,0x80004D93,0x0000434C,0xFA16CE7F
_merida_plateau01,0x05DF6F22,98529058,0,5430,0x8000A9F8,0x000085C5,0x05DF6F22
_merida_plazabench,0x3D2755E3,1025988067,0,205,0x80004D24,0xFFFFFFFF,0x3D2755E3
_merida_plazalampost,0x6A2E2FE1,1781411809,0,214,0x80004D94,0x0000F99B,0x6A2E2FE1
_merida_plazastatue,0x070CC4DF,118277343,0,215,0x80004D95,0x000021E3,0x070CC4DF
_merida_plazawaterfountain,0x6C6052A8,1818251944,0,216,0x80004D96,0x0000D3D5,0x6C6052A8
_merida_pmcautoshop_sportscar,0xB88DBED4,3096297172,0,5435,0x8000A9FD,0xFFFFFFFF,0xB88DBED4
_merida_signa,0x1F0BBF11,520863505,0,206,0x80004D25,0xFFFFFFFF,0x1F0BBF11
_merida_signb,0x9D0436A6,2634299046,0,219,0x80004D99,0x000094C1,0x9D0436A6
_merida_signc,0xBF06AAC3,3204885187,0,220,0x80004D9A,0x00010975,0xBF06AAC3
_merida_signfolda,0xFBC54A56,4224010838,0,221,0x80004D9B,0x00013390,0xFBC54A56
_merida_signfoldb,0x7DCCD2C1,2110575297,0,222,0x80004D9C,0x0000BCC9,0x7DCCD2C1
_merida_signfoldc,0x83CA9D9C,2211093916,0,223,0x80004D9D,0x0000BB4E,0x83CA9D9C
_merida_soccerfield,0xB8F19856,3102840918,0,142,0x80004CD9,0x00010E6A,0xB8F19856
_merida_telephonepole,0x7586F083,1971777667,0,217,0x80004D97,0x0000F4E2,0x7586F083
_merida_universityfence,0x1EA223DA,513942490,0,218,0x80004D98,0x000009C6,0x1EA223DA
_merida_universitylamppost,0x0D0323AB,218309547,0,362,0x800050F7,0x000058F4,0x0D0323AB
_merida_universitylibraryplateau01,0xCD4E6943,3444468035,0,5459,0x8000AA5A,0xFFFFFFFF,0xCD4E6943
_merida_universitypicnictable,0x71C293FF,1908577279,0,224,0x80004DA1,0x0000F597,0x71C293FF
_merida_universitystatue,0xB5DD5B9B,3051183003,0,225,0x80004DA2,0x00002CB0,0xB5DD5B9B
_mountain_blastdoors,0xE1DF0AF5,3789490933,0,2688,0x800086DF,0x0000701A,0xE1DF0AF5
_mountain_blastdoors_invincible,0xB8FEB0DB,3103699163,0,2538,0x80008565,0x0000C768,0xB8FEB0DB
_mountain_blastdoors_stitcher,0x49BD7FB2,1237155762,0,2687,0x800086DE,0x00001136,0x49BD7FB2
_mountain_bld_bunkerdestroyed,0x653621C7,1698046407,0,2689,0x800086E0,0x00004269,0x653621C7
_NOT YET ORGANIZED,0x90356F04,2419420932,0,500,0x800056D1,0x000028D6,0x90356F04
_ocoutpost_bench,0x5602C117,1443021079,0,1845,0x800076DB,0x0001146C,0x5602C117
_ocoutpost_bld_alarmtower,0xDDD6DD04,3721846020,0,5456,0x8000AA57,0x0000C3CA,0xDDD6DD04
_ocoutpost_bld_guardpost01,0x9013EE16,2417225238,0,2047,0x800080E1,0x000131C0,0x9013EE16
_ocoutpost_bld_guardpost01_gate,0xD6CFC6E8,3603941096,0,3767,0x80009729,0xFFFFFFFF,0xD6CFC6E8
_ocoutpost_bld_helipad,0x22C3FE09,583269897,1,3761,0x80009723,0x00011A92,0x22C3FE09
_ocoutpost_bld_hq,0x5467DE77,1416093303,0,1473,0x80007018,0x0000FEB7,0x5467DE77
_ocoutpost_bld_hq_ruined,0x7657A87B,1985456251,0,5844,0x8000AF9A,0x0000E61A,0x7657A87B
_ocoutpost_bld_radiotower,0x348A63CA,881484746,0,1533,0x80007184,0x0000BCE8,0x348A63CA
_ocoutpost_bld_radiotower_ruined,0x9FAA7BC0,2678750144,0,4605,0x80009F9C,0xFFFFFFFF,0x9FAA7BC0
_ocoutpost_bld_warehouse01,0x16A8A38A,380150666,0,1367,0x80006ED4,0x00007CFD,0x16A8A38A
_ocoutpost_desklobby,0x1AE7E19C,451404188,0,1508,0x8000716B,0x0001359A,0x1AE7E19C
_ocoutpost_expandablevan_prop,0x8C028676,2348975734,0,1947,0x80007F8D,0x0001266F,0x8C028676
_ocoutpost_exterior_job,0xD17FCAC9,3514813129,0,2378,0x80008336,0x00008CD6,0xD17FCAC9
_ocoutpost_fountain01,0xB6D866E6,3067635430,0,1510,0x8000716D,0x00002156,0xB6D866E6
_ocoutpost_fountainentrance,0x721F6649,1914660425,0,1509,0x8000716C,0x0000CE9E,0x721F6649
_ocoutpost_fueltanks,0xF00C7A06,4027349510,1,4543,0x80009F18,0x00002F67,0xF00C7A06
_ocoutpost_guardtower,0x231B6EC5,589000389,0,1841,0x800076D7,0x000013BC,0x231B6EC5
_ocoutpost_hqbase,0xDB8F74AD,3683611821,0,1474,0x80007019,0x000103EF,0xDB8F74AD
_ocoutpost_hqbaseIntersection,0x5D5506B6,1565853366,0,1856,0x800076E7,0xFFFFFFFF,0x5D5506B6
_ocoutpost_hqplaza,0x5A59F8D0,1515845840,0,1475,0x8000701A,0x00012AED,0x5A59F8D0
_ocoutpost_interior_job,0xCD2388CF,3441658063,0,4757,0x8000A170,0xFFFFFFFF,0xCD2388CF
_ocoutpost_planter01,0xC0A23CEA,3231857898,0,1532,0x80007183,0x000099A4,0xC0A23CEA
_ocoutpost_statueoil,0x70364271,1882604145,0,1516,0x80007173,0x00007824,0x70364271
_ocoutpost_tablearmwrestling,0xE91AC6DE,3910846174,0,1855,0x800076E6,0xFFFFFFFF,0xE91AC6DE
_ocoutpost_wallcorner,0x6960908C,1767936140,0,1847,0x800076DD,0xFFFFFFFF,0x6960908C
_ocoutpost_wallgate,0xA893A52E,2828248366,0,1842,0x800076D8,0x00006FD0,0xA893A52E
_ocoutpost_wallLong,0xF30CBF21,4077698849,0,1843,0x800076D9,0x0000715D,0xF30CBF21
_ocoutpost_wallShort,0x037D306F,58536047,0,1844,0x800076DA,0x0000A817,0x037D306F
_oilrig_att_towerdrillspeakersA,0x08AA2E32,145370674,0,5423,0x8000A9F0,0x00005376,0x08AA2E32
_oilrig_bld_helipadsmalla,0x30086385,805856133,1,947,0x800065E0,0x00006AAE,0x30086385
_oilrig_fueltanklargeA,0xE754321B,3881054747,1,412,0x80005587,0xFFFFFFFF,0xE754321B
_oilrig_tankmedA,0x268F6EBA,646934202,1,733,0x800061EE,0x000120DB,0x268F6EBA
_oilrig_tanksmallA,0x59F415BB,1509168571,1,407,0x8000557D,0xFFFFFFFF,0x59F415BB
_oilrig_tanktallA,0x80FB9C09,2163973129,1,411,0x80005583,0x0001388C,0x80FB9C09
_outpost_bld_farming01,0xE680454D,3867166029,0,2697,0x800086F4,0x00000A2D,0xE680454D
_outpost_bld_farming01_true,0x12BAD0A8,314233000,0,5150,0x8000A488,0x0000FA58,0x12BAD0A8
_outpost_bld_govtbld,0x02B87F56,45645654,0,1277,0x80006D7D,0x00002F3F,0x02B87F56
_outpost_bld_govtbld_ruined,0x235B62DC,593191644,0,4600,0x80009F97,0xFFFFFFFF,0x235B62DC
_outpost_bld_municipal,0x6F5867C8,1868064712,0,2690,0x800086EC,0x00011DED,0x6F5867C8
_outpost_bld_municipal_fence,0x6E814B6E,1853967214,0,4990,0x8000A3A5,0x00005D70,0x6E814B6E
_outpost_bld_municipal_true,0xE8F23753,3908187987,0,5151,0x8000A489,0x00003702,0xE8F23753
_outpost_bld_office,0xF4152750,4095027024,0,2699,0x800086F6,0x00009575,0xF4152750
_outpost_bld_plantation02,0x1C316850,473000016,0,2698,0x800086F5,0x000048FF,0x1C316850
_outpost_bld_shack,0xC461646C,3294717036,0,2691,0x800086ED,0x00010E1C,0xC461646C
_outpost_bld_vzwarehouselarge,0xE5A53D46,3852811590,0,2443,0x800084AE,0xFFFFFFFF,0xE5A53D46
_outpost_bld_vzwarehouselarge_Ruined,0xD589554C,3582547276,0,5231,0x8000A69A,0x0000F338,0xD589554C
_outpost_bld_warehouse01,0xBAA777CC,3131537356,0,2700,0x800086F7,0x00005189,0xBAA777CC
_outskirt_bld_church,0xAC945F54,2895404884,0,124,0x80004CC6,0x00012B7B,0xAC945F54
_outskirt_bld_church_ruined,0x381A7762,941258594,0,3949,0x8000993B,0x0000DAEA,0x381A7762
_outskirt_bld_house01,0x49CD0782,1238173570,0,138,0x80004CD5,0x0000EC88,0x49CD0782
_outskirt_bld_house02,0xCBD48FED,3419705325,0,789,0x80006230,0x00002FE6,0xCBD48FED
_outskirt_bld_house03,0xA1D20F38,2714898232,0,6087,0x900001CE,0xFFFFFFFF,0xA1D20F38
_outskirt_bld_house04,0xA3C5466B,2747614827,0,790,0x80006231,0x000056FC,0xA3C5466B
_outskirt_bld_house05,0xC1C3370E,3250796302,0,791,0x80006232,0x0000A966,0xC1C3370E
_outskirt_bld_house06,0x23CA8D19,600476953,0,802,0x8000623D,0x00003559,0x23CA8D19
_outskirt_bld_market01,0x3B8A7310,998929168,0,137,0x80004CD4,0x0000E905,0x3B8A7310
_outskirt_bld_market02,0x258811D7,629674455,0,136,0x80004CD3,0x0000275D,0x258811D7
_outskirt_bld_market03,0xC38538FA,3280287994,0,133,0x80004CD0,0x0000C1D0,0xC38538FA
_outskirt_bld_market04,0x9D82BE91,2642591377,0,132,0x80004CCF,0x0000ABAA,0x9D82BE91
_outskirt_bld_market05,0xA380896C,2743109996,0,131,0x80004CCE,0x0000BBC7,0xA380896C
_outskirt_bld_mercbar,0x09569D2D,156671277,0,6073,0x900001B9,0x000127CF,0x09569D2D
_outskirt_chickenfencelong,0x4E7E161A,1316886042,0,433,0x800055CF,0x00010011,0x4E7E161A
_outskirt_chickenfenceshort,0x68A053F2,1755337714,0,432,0x800055CE,0x000000AC,0x68A053F2
_outskirt_curb,0x6A727450,1785885776,0,431,0x800055CD,0x00004C20,0x6A727450
_outskirt_road10,0xF0310CAD,4029746349,0,292,0x80004DED,0xFFFFFFFF,0xF0310CAD
_outskirt_road10cross,0xCB93CBD3,3415460819,0,293,0x80004DEF,0x0000E21D,0xCB93CBD3
_outskirt_road10crossboth,0x7E4A171E,2118784798,0,1224,0x80006CD6,0x000016BB,0x7E4A171E
_outskirt_road10merge,0x4FEB7927,1340832039,0,3312,0x80008F7C,0x0000F5A3,0x4FEB7927
_outskirt_road10straight,0xBFD970C7,3218698439,0,2028,0x800080CB,0x0000125C,0xBFD970C7
_outskirt_road10t,0xBC8B0D5B,3163229531,0,294,0x80004DF2,0x000045A1,0xBC8B0D5B
_outskirt_road10t02,0x23D6B321,601273121,0,2039,0x800080D7,0x0000D632,0x23D6B321
_outskirt_road10t20,0xCAA2D8C9,3399669961,0,2027,0x800080CA,0xFFFFFFFF,0xCAA2D8C9
_outskirt_road10t5,0x3DB6C788,1035388808,0,3553,0x800093BB,0x00007269,0x3DB6C788
_outskirt_road10tleft,0xADD46DE0,2916380128,0,1070,0x8000693B,0xFFFFFFFF,0xADD46DE0
_outskirt_road10tright,0xF490DC47,4103134279,0,1225,0x80006CD7,0x00007D52,0xF490DC47
_outskirt_road20,0x5AC8535C,1523077980,0,437,0x800055D4,0x00001330,0x5AC8535C
_outskirt_road20cross,0x97060AAC,2533755564,0,439,0x800055D7,0x00002C06,0x97060AAC
_outskirt_road20cross10,0x981571F7,2551542263,0,1035,0x80006914,0x00013B0E,0x981571F7
_outskirt_road20crossboth,0xEABA162D,3938063917,0,1071,0x8000693C,0x0000D5F3,0xEABA162D
_outskirt_road20straight,0x3104F53E,822408510,0,450,0x800055F2,0x0000BF5B,0x3104F53E
_outskirt_road20t,0x5FE12E9C,1608593052,0,438,0x800055D6,0x00001052,0x5FE12E9C
_outskirt_road20t10,0xB3D1D8E7,3016874215,0,443,0x800055E1,0xFFFFFFFF,0xB3D1D8E7
_outskirt_road20tleft,0x1CDD0373,484246387,0,1073,0x8000693E,0x00006954,0x1CDD0373
_outskirt_road20tright,0x7341BA1A,1933687322,0,1072,0x8000693D,0x00012DF3,0x7341BA1A
_outskirt_road5,0x0D722943,225585475,0,1069,0x8000693A,0xFFFFFFFF,0x0D722943
_outskirt_road5T,0xBC50C2D5,3159409365,0,3555,0x800093BD,0x00008FCA,0xBC50C2D5
_outskirt_road5T10,0x6430D3C2,1680921538,0,3554,0x800093BC,0x0000332C,0x6430D3C2
_outskirt_wallchurchcorner,0x973E3926,2537437478,0,226,0x80004DA3,0xFFFFFFFF,0x973E3926
_outskirt_wallchurchlong,0x2CEA8063,753565795,0,227,0x80004DA4,0x00001DAC,0x2CEA8063
_outskirt_wallchurchshort,0xE65D54F5,3864876277,0,228,0x80004DA5,0x00002DDB,0xE65D54F5
_pedestrian_x,0x703C9692,1883018898,0,1261,0x80006D05,0x0000DCEF,0x703C9692
_pirate_chaira,0x5D74EB8E,1567943566,0,3804,0x800097C1,0xFFFFFFFF,0x5D74EB8E
_pirate_chairb,0xBF7C4199,3212591513,0,3805,0x800097C2,0xFFFFFFFF,0xBF7C4199
_pirate_chairb (Dancing),0x7AE910C4,2062094532,0,3810,0x800097CA,0x0001009C,0x7AE910C4
_pmcoutpost_armyCot,0x770D34FC,1997354236,0,4740,0x8000A15C,0x0000C550,0x770D34FC
_pmcoutpost_beerA,0x660F0FF8,1712263160,0,4741,0x8000A15D,0x00002123,0x660F0FF8
_pmcoutpost_beerB,0xF00C179F,4027324319,0,4742,0x8000A15E,0xFFFFFFFF,0xF00C179F
_pmcoutpost_beerC,0x0E0A0842,235538498,0,4743,0x8000A15F,0x000012C2,0x0E0A0842
_pmcoutpost_bld_dock,0x3D56E499,1029104793,0,1848,0x800076DE,0xFFFFFFFF,0x3D56E499
_pmcoutpost_bld_fueldepot,0xF592C1D6,4120035798,0,5496,0x8000AAB4,0x0000A6E5,0xF592C1D6
_pmcoutpost_bld_guardpost,0xBD0F9621,3171915297,0,4772,0x8000A180,0x00004A63,0xBD0F9621
_pmcoutpost_bld_guardtower,0xA614A8B2,2786371762,0,6102,0x900001DE,0xFFFFFFFF,0xA614A8B2
_pmcoutpost_bld_hangar,0xD4286725,3559417637,0,1849,0x800076DF,0xFFFFFFFF,0xD4286725
_pmcoutpost_bld_hq,0xFA352751,4197787473,0,1669,0x8000735C,0x0000CECC,0xFA352751
_pmcoutpost_bld_hq_interior,0xEFF62F70,4025888624,0,1850,0x800076E0,0x00002698,0xEFF62F70
_pmcoutpost_bld_hq_livedin,0xAA5CF2EB,2858218219,0,6101,0x900001DD,0xFFFFFFFF,0xAA5CF2EB
_Pmcoutpost_bld_hq_livedin_pmccon003,0xE8F7513D,3908522301,0,5851,0x8000AFA3,0xFFFFFFFF,0xE8F7513D
_pmcoutpost_bld_hq_stitch,0xF7137923,4145248547,0,2013,0x800080BC,0xFFFFFFFF,0xF7137923
_pmcoutpost_bld_hqgarage,0x0CEDB83E,216905790,0,6098,0x900001DA,0xFFFFFFFF,0x0CEDB83E
_pmcoutpost_bld_hqgarage_livedin,0x4277ECA0,1115155616,0,6100,0x900001DC,0x0000B64B,0x4277ECA0
_pmcoutpost_bld_hqsuites,0x4D024F06,1291996934,0,6099,0x900001DB,0x0000AD57,0x4D024F06
_pmcoutpost_bld_pool,0x98C100B2,2562785458,0,1851,0x800076E1,0x00004750,0x98C100B2
_pmcoutpost_bld_pool_stitch,0x54C98856,1422493782,0,2014,0x800080BD,0x00012F75,0x54C98856
_pmcoutpost_bridge,0xCB1C662E,3407636014,0,1734,0x800075AC,0x0000A12D,0xCB1C662E
_pmcoutpost_bridge_aicollision,0xC56BCD09,3312176393,0,4550,0x80009F20,0x0000CDCF,0xC56BCD09
_pmcoutpost_bridgepole,0x194BCD28,424398120,0,1854,0x800076E5,0x000022A4,0x194BCD28
_pmcoutpost_carcreeper,0x3571DA99,896653977,0,4557,0x80009F27,0x000011C2,0x3571DA99
_pmcoutpost_carramp,0xA82ED4C5,2821641413,0,4558,0x80009F28,0x00008EE4,0xA82ED4C5
_pmcoutpost_chandeliers,0x6541730F,1698788111,0,1043,0x8000691C,0x0000AC6E,0x6541730F
_pmcoutpost_column,0x148994D7,344560855,0,1873,0x800076F8,0x00012F9C,0x148994D7
_pmcoutpost_column_noreflection,0x0F3F4CA8,255806632,0,2824,0x80008782,0xFFFFFFFF,0x0F3F4CA8
_pmcoutpost_column_noreflection_large,0xC9B17DA8,3383852456,0,2825,0x80008783,0x00007146,0xC9B17DA8
_pmcoutpost_column_noreflection_large_HighHP,0xFD46DE83,4249280131,0,5575,0x8000AB73,0x000102B7,0xFD46DE83
_pmcoutpost_column_noreflection_large_lowHP,0x1AF22B27,452078375,0,5570,0x8000AB6D,0xFFFFFFFF,0x1AF22B27
_pmcoutpost_column_noreflection_physics,0x26BAEADA,649784026,0,5543,0x8000AB50,0x0000A896,0x26BAEADA
_pmcoutpost_coverflowerpot,0x7C8D8304,2089648900,0,5434,0x8000A9FC,0x000140E6,0x7C8D8304
_pmcoutpost_electricBoxA,0xEE253ECC,3995418316,0,4537,0x80009F12,0x0000BEDB,0xEE253ECC
_pmcoutpost_electricBoxB,0x08232923,136522019,0,4538,0x80009F13,0x000106E1,0x08232923
_pmcoutpost_electricBoxC,0xE620B506,3860903174,0,4539,0x80009F14,0xFFFFFFFF,0xE620B506
_pmcoutpost_fountain,0x2F2C856D,791446893,0,4205,0x80009C35,0x00008B7A,0x2F2C856D
_pmcoutpost_gate,0xDD1CB508,3709646088,0,1852,0x800076E3,0xFFFFFFFF,0xDD1CB508
_pmcoutpost_gate_open,0xBCF03323,3169858339,0,2783,0x80008755,0x0000753A,0xBCF03323
_pmcoutpost_generator,0xFA076A98,4194790040,0,4540,0x80009F15,0xFFFFFFFF,0xFA076A98
_pmcoutpost_hq_door_entrance,0x6A72B4FC,1785902332,0,4522,0x80009F02,0xFFFFFFFF,0x6A72B4FC
_pmcoutpost_hq_door_entranceCollision,0x568D9ABC,1452120764,0,5436,0x8000A9FE,0xFFFFFFFF,0x568D9ABC
_pmcoutpost_hq_door_garage,0x0322E7DD,52619229,0,4523,0x80009F03,0x0001324B,0x0322E7DD
_pmcoutpost_hq_door_roof,0x79BABB3C,2042280764,0,4513,0x80009EF9,0x000119DC,0x79BABB3C
_pmcoutpost_hq_garageentrance,0xF514923E,4111766078,0,5429,0x8000A9F7,0xFFFFFFFF,0xF514923E
_pmcoutpost_hqgarage_door_backdoor,0xA139AC30,2704911408,0,4524,0x80009F04,0x00000972,0xA139AC30
_pmcoutpost_hqgarage_door_big,0x28F6E095,687267989,0,4525,0x80009F05,0x00013C31,0x28F6E095
_pmcoutpost_hqgarage_door_roof,0xA992B4C3,2844964035,0,4529,0x80009F0A,0x0000E973,0xA992B4C3
_pmcoutpost_icebox,0x994C22F9,2571903737,0,4744,0x8000A160,0x00001023,0x994C22F9
_pmcoutpost_interior_money,0x5F83D7E4,1602476004,0,4791,0x8000A194,0x00005726,0x5F83D7E4
_pmcoutpost_interior_money_a,0xA60DB1AC,2785915308,0,4790,0x8000A193,0xFFFFFFFF,0xA60DB1AC
_pmcoutpost_interior_money_b,0x400AD283,1074451075,0,4792,0x8000A195,0xFFFFFFFF,0x400AD283
_pmcoutpost_interior_money_c,0x1E085E66,503864934,0,4793,0x8000A196,0xFFFFFFFF,0x1E085E66
_pmcoutpost_interior_money_d,0x2819B745,672773957,0,4794,0x8000A197,0x00000F97,0x2819B745
_pmcoutpost_interior_money_e,0x3E179B50,1041734480,0,4795,0x8000A198,0x000026C1,0x3E179B50
_pmcoutpost_interior_money_f,0x28153A17,672479767,0,4796,0x8000A199,0x000090D7,0x28153A17
_pmcoutpost_interior_money_g,0xC612613A,3323093306,0,4797,0x8000A19A,0x0000FA1A,0xC612613A
_pmcoutpost_interior_money_h,0x9FFC5F19,2684116761,0,4798,0x8000A19B,0x0001247C,0x9FFC5F19
_pmcoutpost_interior_money_i,0x45F992D4,1173983956,0,4799,0x8000A19C,0x00011BD3,0x45F992D4
_pmcoutpost_interior_recruitheli,0xD148EB92,3511217042,1,4958,0x8000A2BC,0x00003448,0xD148EB92
_pmcoutpost_interior_recruitjet,0x9F5875D3,2673374675,0,4739,0x8000A15B,0x00012CBE,0x9F5875D3
_pmcoutpost_interior_recruitmechanic,0x9719D1C4,2535051716,0,4555,0x80009F25,0xFFFFFFFF,0x9719D1C4
_pmcoutpost_interior_recruitmechanic_wallReplace,0x360F3129,906965289,0,4556,0x80009F26,0xFFFFFFFF,0x360F3129
_pmcoutpost_interior_scaffold,0x80F17406,2163307526,0,4789,0x8000A192,0x00013104,0x80F17406
_pmcoutpost_interior_sickbay,0xF31A49D2,4078586322,0,4749,0x8000A166,0x000111E7,0xF31A49D2
_pmcoutpost_interior_stockpile,0x0045888E,4556942,0,4788,0x8000A191,0x0000AD4D,0x0045888E
_pmcoutpost_IV,0x85E31274,2246251124,0,4745,0x8000A161,0x00007B9F,0x85E31274
_pmcoutpost_munitions,0xEDA24071,3986833521,0,4801,0x8000A19E,0xFFFFFFFF,0xEDA24071
_pmcoutpost_munitions_artillery_A,0x448CD8A6,1150081190,0,4800,0x8000A19D,0x00013D45,0x448CD8A6
_pmcoutpost_munitions_artillery_B,0xC6946111,3331612945,0,4802,0x8000A19F,0xFFFFFFFF,0xC6946111
_pmcoutpost_munitions_artillery_C,0xCC922BEC,3432131564,0,4803,0x8000A1A0,0xFFFFFFFF,0xCC922BEC
_pmcoutpost_munitions_bombingrun_A,0x11EE32DF,300823263,0,4804,0x8000A1A1,0x00000861,0x11EE32DF
_pmcoutpost_munitions_bombingrun_B,0x87F12B38,2280729400,0,4815,0x8000A1AC,0x0000DCFB,0x87F12B38
_pmcoutpost_munitions_bombingrun_C,0xB1F3ABED,2985536493,0,4816,0x8000A1AD,0xFFFFFFFF,0xB1F3ABED
_pmcoutpost_munitions_bunkerbuster_A,0x63CB97E8,1674287080,0,4805,0x8000A1A2,0x0000587B,0x63CB97E8
_pmcoutpost_munitions_bunkerbuster_B,0xEDC89F8F,3989348239,0,4817,0x8000A1AE,0xFFFFFFFF,0xEDC89F8F
_pmcoutpost_munitions_bunkerbuster_C,0xCBC62B72,3418762098,0,4818,0x8000A1AF,0xFFFFFFFF,0xCBC62B72
_pmcoutpost_munitions_cap_A,0xD307BFD0,3540500432,0,4806,0x8000A1A3,0xFFFFFFFF,0xD307BFD0
_pmcoutpost_munitions_cap_B,0xBD055E97,3171245719,0,4819,0x8000A1B0,0xFFFFFFFF,0xBD055E97
_pmcoutpost_munitions_cap_C,0x5B0285BA,1526891962,0,4820,0x8000A1B1,0x0000825E,0x5B0285BA
_pmcoutpost_munitions_clusterbomb_A,0x934AE316,2471158550,0,4807,0x8000A1A4,0xFFFFFFFF,0x934AE316
_pmcoutpost_munitions_clusterbomb_B,0x15526B81,357723009,0,4821,0x8000A1B2,0x00008623,0x15526B81
_pmcoutpost_munitions_clusterbomb_C,0x1B50365C,458241628,0,4822,0x8000A1B3,0x000021C5,0x1B50365C
_pmcoutpost_munitions_daisycutter_A,0x7869B7CF,2020194255,0,4808,0x8000A1A5,0x0000EB91,0x7869B7CF
_pmcoutpost_munitions_daisycutter_B,0xEE6CB028,4000100392,0,4823,0x8000A1B4,0x0000A796,0xEE6CB028
_pmcoutpost_munitions_daisycutter_C,0xD86ECC1D,3631139869,0,4824,0x8000A1B5,0x00002283,0xD86ECC1D
_pmcoutpost_munitions_fae_A,0x724367F4,1917020148,0,4809,0x8000A1A6,0x00010246,0x724367F4
_pmcoutpost_munitions_fae_B,0x4C40ED8B,1279323531,0,4825,0x8000A1B6,0x000029C7,0x4C40ED8B
_pmcoutpost_munitions_fae_C,0xEA3E14AE,3929937070,0,4826,0x8000A1B7,0x0000C9C6,0xEA3E14AE
_pmcoutpost_munitions_gbu16_A,0xDE4C9A41,3729562177,0,4810,0x8000A1A7,0x000132ED,0xDE4C9A41
_pmcoutpost_munitions_gbu16_B,0x5C4511D6,1548030422,0,4827,0x8000A1B8,0xFFFFFFFF,0x5C4511D6
_pmcoutpost_munitions_gbu16_C,0xBE47EAB3,3192384179,0,4828,0x8000A1B9,0xFFFFFFFF,0xBE47EAB3
_pmcoutpost_munitions_MOAB_A,0xD212950D,3524433165,0,4811,0x8000A1A8,0xFFFFFFFF,0xD212950D
_pmcoutpost_munitions_MOAB_B,0x500B0CA2,1342901410,0,4829,0x8000A1BA,0x00011F02,0x500B0CA2
_pmcoutpost_munitions_MOAB_C,0xB20DE57F,2987255167,0,4830,0x8000A1BB,0x00004C42,0xB20DE57F
_pmcoutpost_munitions_rocketartillery_A,0x5F93B866,1603516518,0,4812,0x8000A1A9,0x00000719,0x5F93B866
_pmcoutpost_munitions_rocketartillery_B,0xE19B40D1,3785048273,0,4831,0x8000A1BC,0x00002F4B,0xE19B40D1
_pmcoutpost_munitions_rocketartillery_C,0xE7990BAC,3885566892,0,5483,0x8000AAA7,0xFFFFFFFF,0xE7990BAC
_pmcoutpost_munitions_surgicalstrike_A,0x4E1B15E8,1310397928,0,4813,0x8000A1AA,0x0000ADBA,0x4E1B15E8
_pmcoutpost_munitions_surgicalstrike_B,0xD8181D8F,3625459087,0,5484,0x8000AAA8,0x00012E66,0xD8181D8F
_pmcoutpost_munitions_surgicalstrike_C,0xB615A972,3054872946,0,5485,0x8000AAA9,0x0000D1C3,0xB615A972
_pmcoutpost_munitions_tankbuster_A,0x9DE55C33,2649054259,1,4814,0x8000A1AB,0x00008AF2,0x9DE55C33
_pmcoutpost_munitions_tankbuster_B,0xC3E7D69C,3286750876,1,5486,0x8000AAAA,0xFFFFFFFF,0xC3E7D69C
_pmcoutpost_munitions_tankbuster_C,0xBDEA0BC1,3186232257,1,5487,0x8000AAAB,0xFFFFFFFF,0xBDEA0BC1
_pmcoutpost_planter01,0xE873C630,3899901488,0,1853,0x800076E4,0x000063C4,0xE873C630
_pmcoutpost_plantera,0x1834E2F2,406119154,0,2016,0x800080BF,0x00001A18,0x1834E2F2
_pmcoutpost_planterb,0x9A3C6B5D,2587650909,0,2020,0x800080C3,0x000139A5,0x9A3C6B5D
_pmcoutpost_planterc,0xB03A4F68,2956611432,0,2019,0x800080C2,0x000109A4,0xB03A4F68
_pmcoutpost_planterd,0xB22D869B,2989328027,0,2018,0x800080C1,0xFFFFFFFF,0xB22D869B
_pmcoutpost_plantere,0x902B127E,2418741886,0,2017,0x800080C0,0x0000F68D,0x902B127E
_pmcoutpost_printer,0xC936132F,3375764271,0,4536,0x80009F11,0x00003160,0xC936132F
_pmcoutpost_road_sidewalk,0x38D4A6D8,953460440,0,1743,0x800075B7,0x000000CF,0x38D4A6D8
_pmcoutpost_road_sidewalk01,0xE9985DDD,3919076829,0,3566,0x800093C9,0x0000F640,0xE9985DDD
_pmcoutpost_road_sidewalkcurve01,0xE0B079F0,3769661936,0,3568,0x800093CB,0xFFFFFFFF,0xE0B079F0
_pmcoutpost_road_sidewalksmall,0x417E1A41,1098783297,0,1742,0x800075B6,0xFFFFFFFF,0x417E1A41
_pmcoutpost_road_sidewalksmall01,0xCC74F104,3430215940,0,3567,0x800093CA,0x00013A88,0xCC74F104
_pmcoutpost_road_sidewalkssmcurveleft01,0xE7194906,3877193990,0,3564,0x800093C7,0x00010AA6,0xE7194906
_pmcoutpost_road_sidewalkssmcurveright01,0x49C9AA0F,1237953039,0,3565,0x800093C8,0x00004B64,0x49C9AA0F
_pmcoutpost_shootinggallerytarget01,0x539C3F12,1402748690,0,5348,0x8000A94D,0x00006E44,0x539C3F12
_pmcoutpost_sofa,0x133EC8C4,322881732,0,6084,0x900001C7,0xFFFFFFFF,0x133EC8C4
_pmcoutpost_statuecup,0x5206D86B,1376180331,0,2015,0x800080BE,0x0000F8E3,0x5206D86B
_pmcoutpost_statuedavid,0x08B37231,145977905,0,1741,0x800075B5,0x00011EE1,0x08B37231
_pmcoutpost_statuedavid_lowhealth,0x096EB764,158250852,0,5533,0x8000AB44,0x0000013D,0x096EB764
_pmcoutpost_statuedavid_ruined,0xE0A6F545,3769038149,0,2367,0x80008321,0x000072CC,0xE0A6F545
_pmcoutpost_statuediscus,0xAFE5E3C2,2951078850,0,1740,0x800075B4,0xFFFFFFFF,0xAFE5E3C2
_pmcoutpost_statueSolanobust,0xB7D02E4D,3083873869,0,5432,0x8000A9FA,0x0000D3BC,0xB7D02E4D
_pmcoutpost_statueSolanobust_lowHP,0x484C1FA2,1212948386,0,5965,0x8000B2F9,0x0001226E,0x484C1FA2
_pmcoutpost_statuethinker,0x2D978172,764903794,0,1739,0x800075B3,0xFFFFFFFF,0x2D978172
_pmcoutpost_steamerTrunk,0xDC753284,3698668164,0,4746,0x8000A162,0x0000A636,0xDC753284
_pmcoutpost_togoBox,0xA2A8F48F,2728981647,0,4541,0x80009F16,0xFFFFFFFF,0xA2A8F48F
_pmcoutpost_tray,0x4F0EE265,1326375525,0,4747,0x8000A163,0x0000FD97,0x4F0EE265
_pmcoutpost_TV,0x890C98DF,2299304159,0,4748,0x8000A164,0x0000F1A8,0x890C98DF
_pmcoutpost_walla,0x51DF5BE2,1373592546,0,1735,0x800075AE,0x0000A5A1,0x51DF5BE2
_pmcoutpost_wallb,0xD3E6E44D,3555124301,0,1736,0x800075AF,0x00002ABA,0xD3E6E44D
_pmcoutpost_waterCooler,0x9252F580,2454910336,0,4542,0x80009F17,0x0000B97D,0x9252F580
_policeoutpost_bld_guardtower,0xA0BF3B00,2696887040,0,1657,0x8000734E,0x00007B83,0xA0BF3B00
_policeoutpost_bld_motorpool,0xD1204EB7,3508555447,0,1658,0x8000734F,0x0000FD77,0xD1204EB7
_policeoutpost_bld_policeHQ,0xB0E73C59,2967944281,0,1122,0x80006B50,0x00005BC6,0xB0E73C59
_policeoutpost_bld_policestation01,0x7E89185D,2122913885,0,1659,0x80007350,0x0000FDC0,0x7E89185D
_policeoutpost_bld_prison,0x91431313,2437092115,0,1660,0x80007351,0x000114D8,0x91431313
_port_containera,0x545DCABE,1415432894,0,612,0x80005C25,0x000120B7,0x545DCABE
_port_containera_light,0x9C19E827,2618943527,0,5574,0x8000AB72,0x000088C4,0x9C19E827
_port_containerb,0xF6658589,4133848457,0,613,0x80005C26,0xFFFFFFFF,0xF6658589
_port_containerb_light,0x1F1C6F34,521957172,0,5571,0x8000AB6E,0xFFFFFFFF,0x1F1C6F34
_port_containerc,0xDC631E04,3697483268,0,614,0x80005C27,0xFFFFFFFF,0xDC631E04
_port_containerc_light,0x03DA8FBD,64655293,0,5572,0x8000AB6F,0xFFFFFFFF,0x03DA8FBD
_port_containerd,0xFE6A0F4F,4268363599,0,687,0x80005FA5,0xFFFFFFFF,0xFE6A0F4F
_port_containerd_light,0x8DF486DA,2381612762,0,5573,0x8000AB70,0x00007F84,0x8DF486DA
_port_crane01,0x58193AC2,1478048450,0,626,0x80005C37,0x000118FF,0x58193AC2
_port_crane01_ruined,0x9A3F9338,2587857720,0,5847,0x8000AF9F,0x00003185,0x9A3F9338
_port_crane02,0xDA20C32D,3659580205,0,627,0x80005C38,0x0001219A,0xDA20C32D
_port_cranegantry01,0xAC4F5FD3,2890883027,0,1005,0x8000688D,0xFFFFFFFF,0xAC4F5FD3
_port_dock_ladderlong,0x0790D4CE,126932174,0,4551,0x80009F21,0xFFFFFFFF,0x0790D4CE
_port_dock_ladderlong02,0x0BDCC8F4,199018740,0,4554,0x80009F24,0xFFFFFFFF,0x0BDCC8F4
_port_dock_laddermedium01,0x365C22D8,912007896,0,4737,0x8000A159,0x00004BE5,0x365C22D8
_port_dock_laddershort,0x39A1F0AE,966914222,0,4552,0x80009F22,0xFFFFFFFF,0x39A1F0AE
_port_dock_laddershort02,0x74882D54,1955081556,0,4553,0x80009F23,0xFFFFFFFF,0x74882D54
_port_dockdoorleft,0xA8B4392A,2830383402,0,1513,0x80007170,0xFFFFFFFF,0xA8B4392A
_port_dockdoorright,0xBDA0A581,3181421953,0,1512,0x8000716F,0xFFFFFFFF,0xBDA0A581
_port_dockdry,0x8066913C,2154205500,0,1465,0x80007010,0xFFFFFFFF,0x8066913C
_port_dockdryendA,0x44C8B3AC,1154003884,0,1488,0x80007027,0xFFFFFFFF,0x44C8B3AC
_port_dockdryendB,0xDEC5D483,3737506947,0,1489,0x80007028,0x00003BB8,0xDEC5D483
_port_dockdryT,0x36BEFCFC,918486268,0,1490,0x80007029,0x0000519D,0x36BEFCFC
_port_dockend,0x3B3157A0,993089440,0,1491,0x8000702A,0x000069FD,0x3B3157A0
_port_dockloading,0xE0DB6447,3772474439,0,1476,0x8000701B,0x0000D8D3,0xE0DB6447
_port_docklong,0x185A2B9B,408562587,0,1492,0x8000702B,0x000091A7,0x185A2B9B
_port_dockshort,0xFD49DF0D,4249476877,0,1493,0x8000702C,0x00010D84,0xFD49DF0D
_port_dockT,0x26C330CB,650326219,0,1494,0x8000702D,0xFFFFFFFF,0x26C330CB
_port_gangplankA,0x19F13030,435236912,0,1495,0x8000702E,0xFFFFFFFF,0x19F13030
_port_gangplankB,0x03EECEF7,65982199,0,1496,0x8000702F,0x000043CD,0x03EECEF7
_port_scaffoldA,0xB0CE1B07,2966297351,0,1497,0x80007030,0x0000A56C,0xB0CE1B07
_proutpost_att_neonA,0x28413890,675362960,0,1515,0x80007172,0xFFFFFFFF,0x28413890
_proutpost_att_neonB,0x123ED757,306108247,0,1514,0x80007171,0xFFFFFFFF,0x123ED757
_proutpost_att_neonC,0xB03BFE7A,2956721786,0,1546,0x80007193,0x0000AE5F,0xB03BFE7A
_proutpost_att_neonD,0x8A398411,2319025169,0,1547,0x80007194,0x0000A46F,0x8A398411
_proutpost_att_neonE,0x90374EEC,2419543788,0,1548,0x80007195,0x00000255,0x90374EEC
_proutpost_att_satelitelarge,0xEF69798B,4016667019,0,1549,0x80007196,0x00003D4A,0xEF69798B
_proutpost_att_satelitelarge_ruined,0x2032E9EF,540207599,0,4140,0x80009B42,0x00012EEC,0x2032E9EF
_proutpost_bld_alarmtower,0x40D1E50C,1087497484,0,4186,0x80009C1C,0xFFFFFFFF,0x40D1E50C
_proutpost_bld_barstand,0x9F1FD55F,2669663583,0,6051,0x900001A3,0x00001AC6,0x9F1FD55F
_proutpost_bld_bunker,0xC27BD1A9,3262894505,0,1231,0x80006CDE,0x00003DEB,0xC27BD1A9
_proutpost_bld_bunkersandbag,0xFBDA6937,4225394999,0,2756,0x80008739,0x000078C0,0xFBDA6937
_proutpost_bld_command,0xA9A06925,2845862181,0,1258,0x80006D01,0x000138C0,0xA9A06925
_proutpost_bld_command_ruined,0x15479AB9,357014201,0,4150,0x80009B4D,0xFFFFFFFF,0x15479AB9
_proutpost_bld_dormitory,0x1297A0FF,311927039,0,1257,0x80006D00,0x000045D7,0x1297A0FF
_proutpost_bld_dormitory_ruined,0xBD52BE23,3176316451,0,4153,0x80009B50,0xFFFFFFFF,0xBD52BE23
_proutpost_bld_garageboat,0x74CEB277,1959703159,1,1229,0x80006CDC,0x0000C94F,0x74CEB277
_proutpost_bld_garageboat_Ruined,0x9359847B,2472117371,1,5230,0x8000A699,0x00004EE3,0x9359847B
_proutpost_bld_gasstationpump02,0x65D06087,1708155015,0,5000,0x8000A3B1,0x00008D27,0x65D06087
_proutpost_bld_gasstationpump03,0x43CDEC6A,1137568874,0,5001,0x8000A3B2,0x0000CBE4,0x43CDEC6A
_proutpost_bld_guardtower01,0x75662AC1,1969629889,0,1230,0x80006CDD,0x00008123,0x75662AC1
_proutpost_bld_hq,0xA815D69F,2820003487,0,1256,0x80006CFF,0x0001305E,0xA815D69F
_proutpost_bld_pavilion,0x54E1BE76,1424080502,0,1544,0x80007191,0x0000F53D,0x54E1BE76
_proutpost_bld_shacksmall01,0x6C66D3DA,1818678234,0,2723,0x80008716,0x0000E180,0x6C66D3DA
_proutpost_bld_shacksmall02,0xCE6E29E5,3463326181,0,2724,0x80008717,0x00006AB1,0xCE6E29E5
_proutpost_bld_shacksmall03,0x646B4470,1684751472,0,2728,0x8000871B,0x0000E39F,0x646B4470
_proutpost_bld_shacksmall03_Ruined,0x732EFEDE,1932459742,0,5213,0x8000A680,0x000111C5,0x732EFEDE
_proutpost_bld_shacksmall04,0xE65F4523,3865003299,0,2729,0x8000871C,0xFFFFFFFF,0xE65F4523
_proutpost_bld_surveillance,0x33A4C96D,866437485,0,1668,0x8000735B,0x0000B2D5,0x33A4C96D
_proutpost_dockA,0x9F368947,2671151431,0,1545,0x80007192,0xFFFFFFFF,0x9F368947
_proutpost_dockB,0x753885C0,1966638528,0,1232,0x80006CDF,0x00001414,0x753885C0
_proutpost_fencewood01,0x8E5C1924,2388400420,0,1834,0x800076CE,0x00008807,0x8E5C1924
_proutpost_fencewood02,0xA85A037B,2824471419,0,1835,0x800076CF,0x0000A688,0xA85A037B
_proutpost_fueltanks,0x7DD4EF9E,2111106974,1,2991,0x80008A17,0x0000D5E8,0x7DD4EF9E
_proutpost_helipad,0x4CE92E2A,1290350122,1,1255,0x80006CFE,0x0000EB87,0x4CE92E2A
_proutpost_interior_job,0x39394E37,960056887,0,4753,0x8000A16C,0x00000B7F,0x39394E37
_Proutpost_lampA,0x4B6D3286,1265447558,0,1838,0x800076D2,0x0000C8CE,0x4B6D3286
_residential_bld_corner16x16a,0xFBEE37C0,4226693056,0,246,0x80004DB7,0x0000AD51,0xFBEE37C0
_residential_bld_corner16x16b,0x25EC3B47,636238663,0,127,0x80004CCA,0xFFFFFFFF,0x25EC3B47
_residential_bld_corner16x16c,0x03E9C72A,65652522,0,128,0x80004CCB,0xFFFFFFFF,0x03E9C72A
_residential_bld_corner16x16d,0x9DE6E801,2649155585,0,129,0x80004CCC,0x00004E8D,0x9DE6E801
_residential_bld_corner16x16e,0xA3E4B2DC,2749674204,0,130,0x80004CCD,0x0000A9A4,0xA3E4B2DC
_residential_bld_segment16x16a,0xAB17B940,2870458688,0,278,0x80004DDE,0x0000BE50,0xAB17B940
_residential_bld_segment16x16b,0xD515BCC7,3574971591,0,279,0x80004DDF,0x0000A5CE,0xD515BCC7
_residential_bld_segment16x16b_ruined,0xD737478B,3610724235,0,3279,0x80008F50,0xFFFFFFFF,0xD737478B
_residential_bld_segment16x16c,0xB31348AA,3004385450,0,280,0x80004DE0,0x000126B5,0xB31348AA
_residential_bld_segment16x16c_ruined,0x0F313320,254882592,0,5992,0x8000B3C4,0x00001D37,0x0F313320
_residential_bld_segment16x16d,0x4D106981,1292921217,0,281,0x80004DE1,0x0000B41A,0x4D106981
_residential_driveway,0x81AD7A10,2175629840,0,366,0x80005101,0xFFFFFFFF,0x81AD7A10
_residential_driveway02,0xF52D70AA,4113395882,0,368,0x80005103,0x0000AC4F,0xF52D70AA
_residential_road10,0xB2EDD014,3001929748,0,295,0x80004DF9,0xFFFFFFFF,0xB2EDD014
_residential_road10cross,0xE4F46104,3841220868,0,297,0x80004DFB,0x00002B4A,0xE4F46104
_residential_road10l,0xCAF7F2CC,3405247180,0,298,0x80004DFC,0x00008EB7,0xCAF7F2CC
_residential_road10t,0x4ABC9224,1253872164,0,299,0x80004DFD,0x0000EACC,0x4ABC9224
_residential_road10t5,0xAEEB2BB9,2934647737,0,300,0x80004DFE,0x0000F380,0xAEEB2BB9
_residential_road5,0x8F67EE14,2405953044,0,296,0x80004DFA,0x0000A31A,0x8F67EE14
_residential_road5cross,0x464B3B04,1179335428,0,301,0x80004DFF,0x000071B4,0x464B3B04
_residential_road5cross10,0xA714354F,2803119439,0,302,0x80004E00,0x0000FFCD,0xA714354F
_residential_road5l,0xDF352CCC,3744804044,0,303,0x80004E01,0x00002635,0xDF352CCC
_residential_road5t,0x5EF9CC24,1593429028,0,304,0x80004E02,0x00009E36,0x5EF9CC24
_residential_road5t10,0x9978C5EF,2574829039,0,305,0x80004E03,0x0000B5C9,0x9978C5EF
_residential_sidewalk,0xFE26F5BB,4263966139,0,317,0x80004E0F,0xFFFFFFFF,0xFE26F5BB
_scrub_DLC_global_env_treemedium02,0x778DECED,2005789933,0,5264,0x8000A7BB,0x00012B58,0x778DECED
_scrub_env_largecanopy01,0x1BB4EE74,464842356,0,3320,0x80008F84,0x00003ADA,0x1BB4EE74
_scrub_env_smallcanopy,0x9265E3AD,2456150957,0,3298,0x80008F6B,0x00001986,0x9265E3AD
_scrub_env_smallcanopy02,0x25BA8CE7,632982759,0,3319,0x80008F83,0x00003861,0x25BA8CE7
_scrub_global_bananna,0x88E8C91D,2296957213,0,2045,0x800080DE,0x0000A7D9,0x88E8C91D
_scrub_global_env_treesidewalk01,0x547805A7,1417151911,0,3303,0x80008F73,0xFFFFFFFF,0x547805A7
_scrub_global_palmtree01,0xA3265679,2737198713,0,2044,0x800080DD,0x0000DB94,0xA3265679
_scrub_global_palmtreebend01,0xFD2975F4,4247352820,0,2084,0x80008162,0xFFFFFFFF,0xFD2975F4
_scrub_global_palmtreebend02,0xD726FB8B,3609656203,0,2085,0x80008163,0xFFFFFFFF,0xD726FB8B
_scrub_global_palmtreebend03,0x752422AE,1965302446,0,2086,0x80008164,0xFFFFFFFF,0x752422AE
_scrub_global_palmtreebend04,0x7F357B8D,2134211469,0,2087,0x80008165,0x00003F24,0x7F357B8D
_scrub_global_palmtreebend05,0x5532FAD8,1429404376,0,2088,0x80008166,0x00000A74,0x5532FAD8
_scrub_global_palmtreeMix01,0x20E2B0AB,551727275,0,2094,0x8000816D,0x00009659,0x20E2B0AB
_scrub_global_palmtreeMix02,0x46E52B14,1189423892,0,2095,0x8000816E,0x00010BFF,0x46E52B14
_scrub_global_palmtreeplanted01,0x22B71F15,582426389,0,2091,0x80008169,0xFFFFFFFF,0x22B71F15
_scrub_global_treeoak01,0x2A54D6BA,710203066,0,2090,0x80008168,0x00005B1F,0x2A54D6BA
_scrub_global_treeplaza01,0xC9A4EC6B,3383028843,0,3299,0x80008F6F,0x000072C2,0xC9A4EC6B
_scrub_global_treeplaza02,0xEFA766D4,4020725460,0,3300,0x80008F70,0x0000CC33,0xEFA766D4
_scrub_global_treeplaza03,0x49AA3319,1235890969,0,3301,0x80008F71,0x00004357,0x49AA3319
_scrub_global_treeplazaMix,0xA0955814,2694141972,0,3302,0x80008F72,0x0000D4D5,0xA0955814
_scrub_global_treesidewalk01,0x0720F3CB,119600075,0,3252,0x80008F2D,0x00009B77,0x0720F3CB
_scrub_global_treespade,0x13E7446F,333923439,0,2089,0x80008167,0x00001827,0x13E7446F
_scrub_global_treetropical01,0x06116B5D,101804893,0,2092,0x8000816A,0x00003013,0x06116B5D
_scrub_global_treetropical02,0x8409E2F2,2215240434,0,2093,0x8000816B,0x00001AFF,0x8409E2F2
_scrub_global_tropicalmix,0x2AFAEC36,721087542,0,3249,0x80008F29,0x000103F5,0x2AFAEC36
_scrub_jungle_treemed01,0x7291BD75,1922153845,0,2096,0x8000816F,0xFFFFFFFF,0x7291BD75
_scrub_jungle_treemed03,0x728D4047,1921859655,0,2076,0x8000814B,0x0000FFD3,0x728D4047
_scrub_Jungle_treesmall01,0xD8734A7E,3631434366,0,2073,0x80008146,0x0000F500,0xD8734A7E
_scrub_jungle_treesmall02,0x7A7B0549,2054882633,0,2075,0x8000814A,0x0000DFE8,0x7A7B0549
_scrub_jungle_treesmall03,0x60789DC4,1618517444,0,3322,0x80008F87,0xFFFFFFFF,0x60789DC4
_scrub_jungle_treetall01,0xD0CA23F6,3502908406,0,3550,0x800093B8,0x00005F2B,0xD0CA23F6
_scrub_jungle_treetall02,0x52D1AC61,1389472865,0,3549,0x800093B7,0xFFFFFFFF,0x52D1AC61
_scrub_jungle_treetall03,0xD8CEADBC,3637423548,0,2097,0x80008170,0x000024B0,0xD8CEADBC
_scrub_Jungle_treethin01,0x9682BEE2,2525150946,0,2098,0x80008171,0x00003B54,0x9682BEE2
_scrub_Jungle_treethin02,0x188A474D,411715405,0,2099,0x80008172,0x00008A45,0x188A474D
_scrub_Jungle_treethin03,0xEE87C698,4001875608,0,2100,0x80008173,0x00003365,0xEE87C698
_scrub_junglemix,0x44E6AAEB,1155967723,0,2048,0x800080E2,0x000051FA,0x44E6AAEB
_scrub_junglemix02,0xF2C6A9B1,4073105841,0,3254,0x80008F32,0x00005517,0xF2C6A9B1
_scrub_marsh_treewater02,0xCD1993FF,3441005567,0,3248,0x80008F27,0x0000B6A1,0xCD1993FF
_scrub_shanty_tree01,0x64B365D5,1689478613,0,2101,0x80008174,0x0000F5F9,0x64B365D5
_scrub_shanty_tree02,0xC2ABAB0A,3266030346,0,2102,0x80008175,0xFFFFFFFF,0xC2ABAB0A
_scrub_shanty_tree03,0xE4AE1F27,3836616487,0,2103,0x80008176,0xFFFFFFFF,0xE4AE1F27
_sean,0xA5960A21,2778073633,0,940,0x800064DA,0xFFFFFFFF,0xA5960A21
_shanty_bld_apartment01,0xFE31D148,4264677704,0,692,0x80005FAB,0x00005B26,0xFE31D148
_shanty_bld_apartment01_ruined,0xA88CF656,2827810390,0,2108,0x80008181,0x000017E3,0xA88CF656
_shanty_bld_apartment02,0x082FA26F,137339503,0,693,0x80005FAC,0x00007989,0x082FA26F
_shanty_bld_apartment02_ruined,0xEBFAB3D3,3959075795,0,2109,0x80008182,0x0000C2ED,0xEBFAB3D3
_shanty_bld_apartment03,0xE62D2E52,3861720658,0,694,0x80005FAD,0x00003A9E,0xE62D2E52
_shanty_bld_apartment04,0x802A4F29,2150256425,0,898,0x800064AB,0x00011EB7,0x802A4F29
_shanty_bld_apartment04_Ruined,0xD2A16A3D,3533793853,0,5232,0x8000A69B,0xFFFFFFFF,0xD2A16A3D
_shanty_bld_house01,0xA3ED4CB2,2750237874,0,588,0x80005C09,0xFFFFFFFF,0xA3ED4CB2
_shanty_bld_house02,0x25F4D51D,636802333,0,589,0x80005C0A,0xFFFFFFFF,0x25F4D51D
_shanty_bld_house02_Ruined,0x76E3AE31,1994632753,0,5235,0x8000A69E,0x0000E684,0x76E3AE31
_shanty_bld_house03,0x3BF2B928,1005762856,0,582,0x80005C00,0xFFFFFFFF,0x3BF2B928
_shanty_bld_house03_Ruined,0xDAB61FB6,3669368758,0,5215,0x8000A682,0x00012067,0xDAB61FB6
_shanty_bld_house04,0x3DE5F05B,1038479451,0,581,0x80005BFF,0x00007BCA,0x3DE5F05B
_shanty_bld_housegroup01,0xF92264C1,4179780801,0,590,0x80005C0B,0xFFFFFFFF,0xF92264C1
_Shanty_bld_housegroup02,0x771ADC56,1998249046,0,671,0x80005F95,0xFFFFFFFF,0x771ADC56
_Shanty_bld_housegroup03,0xD91DB533,3642602803,0,672,0x80005F96,0x0001057B,0xD91DB533
_Shanty_bld_housegroup03_ruined,0xD2AE8E37,3534655031,0,3596,0x800093E9,0x00008C05,0xD2AE8E37
_shanty_bld_housegroup04,0x5729B480,1462350976,0,630,0x80005C3C,0xFFFFFFFF,0x5729B480
_shanty_bld_housegroup05,0x812C3535,2167158069,0,466,0x800056A4,0x000032FB,0x812C3535
_shanty_bld_housegroup05_Ruined,0x04E8FD49,82378057,0,5234,0x8000A69D,0xFFFFFFFF,0x04E8FD49
_shanty_bld_housegroup06,0x5F2543EA,1596277738,0,470,0x800056A8,0xFFFFFFFF,0x5F2543EA
_shanty_bld_housegroup06_ruined,0xFB9C6260,4221330016,0,3597,0x800093EA,0x0001390C,0xFB9C6260
_Shanty_bld_housegroup07,0x8127B807,2166863879,0,673,0x80005F97,0x000115FC,0x8127B807
_Shanty_bld_housegroup07_Ruined,0x545DC8CB,1415432395,0,5233,0x8000A69C,0x000055FE,0x545DC8CB
_Shanty_bld_housegroup08,0xDF0C7584,3742135684,0,674,0x80005F98,0x00011A7C,0xDF0C7584
_shanty_bld_housegroupsmall01,0xB0AB5E98,2964020888,0,1383,0x80006EE5,0x000073C1,0xB0AB5E98
_shanty_bld_housegroupsmall01_ruined,0x193C38E6,423377126,0,3595,0x800093E8,0x000125B0,0x193C38E6
_shanty_bld_housegroupsmall02,0xBAA92FBF,3131649983,0,691,0x80005FAA,0x000022E0,0xBAA92FBF
_shanty_bld_housegroupsmall03,0x58A656E2,1487296226,0,469,0x800056A7,0x00004649,0x58A656E2
_shanty_bld_housegroupsmall04,0x32A3DC79,849599609,0,4758,0x8000A171,0xFFFFFFFF,0x32A3DC79
_shanty_bld_outhouse,0x9A39FC3D,2587491389,0,583,0x80005C01,0x00012EE4,0x9A39FC3D
_shanty_bld_shack01,0xD5A65D02,3584449794,0,591,0x80005C0C,0xFFFFFFFF,0xD5A65D02
_shanty_bld_shack02,0x57ADE56D,1471014253,0,592,0x80005C0D,0xFFFFFFFF,0x57ADE56D
_shanty_bld_shack03,0x2DAB64B8,766207160,0,593,0x80005C0E,0x000082EE,0x2DAB64B8
_shanty_bld_shack04,0x2F9E9BEB,798923755,0,594,0x80005C0F,0xFFFFFFFF,0x2F9E9BEB
_shanty_bld_shack05,0x4D9C8C8E,1302105230,0,595,0x80005C10,0x00005C69,0x4D9C8C8E
_shanty_bld_shack06,0xAFA3E299,2946753177,0,596,0x80005C11,0x0000B21F,0xAFA3E299
_shanty_canvaslong,0x0AEC5052,183259218,0,983,0x8000660E,0xFFFFFFFF,0x0AEC5052
_shanty_canvasshort,0x8DD8B7CA,2379790282,0,982,0x8000660B,0x00003154,0x8DD8B7CA
_shanty_clotheslinea,0x98A1BEFF,2560737023,0,979,0x80006601,0x000078BA,0x98A1BEFF
_shanty_clotheslineb,0x8EA3EDD8,2393107928,0,980,0x80006602,0x00012D23,0x8EA3EDD8
_shanty_concreteleft,0x5886172E,1485182766,0,1706,0x80007544,0xFFFFFFFF,0x5886172E
_shanty_concreteright,0x3BA5C55D,1000719709,0,1707,0x80007545,0x000026AA,0x3BA5C55D
_shanty_dockB,0xD35B1049,3545960521,0,4991,0x8000A3A6,0xFFFFFFFF,0xD35B1049
_shanty_env_bush01,0x26FBE0CF,654041295,0,690,0x80005FA9,0x0000C5AE,0x26FBE0CF
_shanty_env_bush02,0x9CFED928,2633947432,0,689,0x80005FA7,0xFFFFFFFF,0x9CFED928
_shanty_env_bush03,0x8700F51D,2264986909,0,688,0x80005FA6,0x0000BCA5,0x8700F51D
_shanty_env_tree01,0x1FAAA339,531276601,0,3754,0x80009718,0xFFFFFFFF,0x1FAAA339
_shanty_env_tree02,0xBDA34D2E,3181595950,0,3755,0x80009719,0x0000568E,0xBDA34D2E
_shanty_env_tree03,0x1FA6260B,530982411,0,3753,0x80009717,0x00001EC8,0x1FA6260B
_shanty_fencecorner01,0xDC8E2081,3700301953,0,608,0x80005C1E,0x00009932,0xDC8E2081
_shanty_fencestraight01,0x1592F8F8,361953528,0,607,0x80005C1D,0x0000CBD9,0x1592F8F8
_shanty_fencewood01,0xA578E4E9,2776163561,0,5468,0x8000AA64,0x00006C64,0xA578E4E9
_shanty_fencewood02,0x8371F39E,2205283230,0,5469,0x8000AA65,0x00013836,0x8371F39E
_shanty_plankA,0xA8DA8AE1,2832894689,0,4738,0x8000A15A,0x0001057A,0xA8DA8AE1
_shanty_polepower,0x2B84DD25,730127653,0,606,0x80005C1C,0x0000C160,0x2B84DD25
_shanty_shower,0xF48695FE,4102460926,0,604,0x80005C1A,0x000056A5,0xF48695FE
_shanty_telephonepolepair,0xFB99B8DE,4221155550,0,981,0x80006604,0x000003C8,0xFB99B8DE
_shanty_telephonepolesingle,0x78838436,2021884982,0,1031,0x80006910,0x00007F8B,0x78838436
_shanty_wallcorner01,0xE092ACA2,3767708834,0,605,0x80005C1B,0x00005E97,0xE092ACA2
_shanty_wallcorner02,0x629A350D,1654273293,0,603,0x80005C18,0x00008CD0,0x629A350D
_shanty_wallcorner03,0x3897B458,949466200,0,602,0x80005C17,0x00002737,0x3897B458
_shanty_walllargecorner01,0x1FF99F4F,536452943,0,601,0x80005C16,0x00003A2F,0x1FF99F4F
_shanty_walllargestraight01,0xA2469366,2722534246,0,600,0x80005C15,0x00000657,0xA2469366
_shanty_wallstraight01,0x7741A32B,2000790315,0,599,0x80005C14,0x00009777,0x7741A32B
_shanty_wallstraight02,0x9D441D94,2638486932,0,598,0x80005C13,0x00007912,0x9D441D94
_shanty_wallstraight03,0xF746E9D9,4148619737,0,597,0x80005C12,0x00013175,0xF746E9D9
_sign01,0xC64F2C1E,3327077406,0,3770,0x8000972C,0xFFFFFFFF,0xC64F2C1E
_sign02,0xE8561D69,3897957737,0,3773,0x8000972F,0x00004711,0xE8561D69
_sign03,0xCE53B5E4,3461592548,0,3774,0x80009730,0x0000878A,0xCE53B5E4
_sign04,0x705B70AF,1885040815,0,3775,0x80009731,0x000094CD,0x705B70AF
_sign05,0x4E58FC92,1314454674,0,3776,0x80009732,0xFFFFFFFF,0x4E58FC92
_sign06,0xD06084FD,3495986429,0,3777,0x80009733,0xFFFFFFFF,0xD06084FD
_sign07,0x665D9F88,1717411720,0,3778,0x80009734,0x0000CFA7,0x665D9F88
_sign08,0xC864F593,3362059667,0,3779,0x80009735,0x0000230E,0xC864F593
_sign09,0xE662E636,3865241142,0,3780,0x80009736,0x00002CBA,0xE662E636
_sign10,0xDA090940,3658025280,0,3781,0x80009737,0x000079B4,0xDA090940
_sign11,0x040B89F5,67865077,0,3782,0x80009738,0x00003ABF,0x040B89F5
_sign12,0xE20498AA,3791952042,0,3783,0x80009739,0x000027EE,0xE20498AA
_sign13,0x04070CC7,67570887,0,3784,0x8000973A,0x000051B0,0x04070CC7
_sign14,0x81FF845C,2181006428,0,3785,0x8000973B,0x000061FB,0x81FF845C
_sign15,0x7C01B981,2080487809,0,3786,0x8000973C,0x00005FF6,0x7C01B981
_sign16,0xF9FA3116,4193923350,0,3787,0x8000973D,0x0000B170,0xF9FA3116
_sign17,0x5BFD09F3,1543309811,0,3788,0x8000973E,0xFFFFFFFF,0x5BFD09F3
_sign18,0xF9F5B3E8,4193629160,0,3789,0x8000973F,0x0000BB43,0xF9F5B3E8
_sign19,0xE3F7CFDD,3824668637,0,3790,0x80009740,0x0000A44F,0xE3F7CFDD
_sign20,0x6F71C291,1869726353,0,3965,0x8000996E,0x0000A7D5,0x6F71C291
_sign21,0x756F8D6C,1970244972,0,3966,0x8000996F,0x00007319,0x756F8D6C
_sign22,0x0F6CAE43,258780739,0,3967,0x80009970,0x00002529,0x0F6CAE43
_sign23,0xED6A3A26,3983161894,0,3968,0x80009971,0x00002F92,0xED6A3A26
_sign24,0xF77B9305,4152070917,0,3969,0x80009972,0x000052E5,0xF77B9305
_sign25,0x0D797710,226064144,0,3970,0x80009973,0x00005407,0x0D797710
_sign26,0xF77715D7,4151776727,0,3971,0x80009974,0x00006AE2,0xF77715D7
_sign27,0x95743CFA,2507422970,0,3972,0x80009975,0x00007F18,0x95743CFA
_sign28,0x6F5E3AD9,1868446425,0,3973,0x80009976,0x00008AAA,0x6F5E3AD9
_sign29,0x155B6E94,358313620,0,3974,0x80009977,0x000044B7,0x155B6E94
_sign30,0x1F9D7376,530412406,0,3975,0x80009978,0x00000468,0x1F9D7376
_sign31,0x019F82D3,27230931,0,3976,0x80009979,0x000069C8,0x019F82D3
_sign32,0x27A1FD3C,664927548,0,3977,0x8000997A,0x00007892,0x27A1FD3C
_sign33,0xA1A4FBE1,2711944161,0,3978,0x8000997B,0x0000AB13,0xA1A4FBE1
_sign34,0x87A7118A,2275873162,0,3979,0x8000997C,0x00002AA4,0x87A7118A
_sign35,0xA9A985A7,2846459303,0,3980,0x8000997D,0x0000AF22,0xA9A985A7
_sign36,0xFFAC4BA0,4289481632,0,3981,0x8000997E,0x0000B114,0xFFAC4BA0
_sign37,0x29AECC55,699321429,0,3982,0x8000997F,0x0000B401,0x29AECC55
_sign38,0xFF89B95E,4287215966,0,3983,0x80009980,0x00003680,0xFF89B95E
_sign39,0x218C2D7B,562834811,0,3984,0x80009981,0x0000B8B0,0x218C2D7B
_sign40,0xA3EC08A7,2750154919,0,3985,0x80009982,0x0000EEE5,0xA3EC08A7
_stealth_road10,0xA4EDCDD5,2767048149,0,559,0x80005BB1,0x0000E443,0xA4EDCDD5
_streamer_maracaibo_e,0x0A6F5B9F,175070111,0,4982,0x8000A39D,0x0000ED4F,0x0A6F5B9F
_streamer_maracaibo_n,0xA0860E10,2693139984,0,4981,0x8000A39C,0x00007ADE,0xA0860E10
_streamer_maracaibo_s,0xA2432B49,2722310985,0,4980,0x8000A39B,0x0000104B,0xA2432B49
_streamer_maracaibo_w,0x0A4CC95D,172804445,0,4983,0x8000A39E,0x000119B8,0x0A4CC95D
_test_16x16_block,0xA48C9401,2760676353,0,474,0x800056AE,0x0000C2A4,0xA48C9401
_test_32x32_block,0x64831FA5,1686314917,0,465,0x800056A1,0x0000E706,0x64831FA5
_test_4x1_ramp,0x127F9387,310350727,0,457,0x80005699,0x0000F224,0x127F9387
_test_4x1_stick,0xF58EE529,4119782697,0,460,0x8000569C,0xFFFFFFFF,0xF58EE529
_test_4x4_block,0x058B91AF,93032879,0,456,0x80005698,0x0000ECE1,0x058B91AF
_underwater_minea,0x02B39BC4,45325252,0,945,0x800065DD,0x00003E3D,0x02B39BC4
_Vehicle (Immobile),0xE538BEB5,3845701301,1,3205,0x80008EF7,0x0000B28F,0xE538BEB5
_Vehicle (Old),0x7B6F2B60,2070883168,1,520,0x80005722,0xFFFFFFFF,0x7B6F2B60
_Vehicle (Production Ready),0xDE2704A1,3727099041,1,822,0x8000637D,0x0000A61E,0xDE2704A1
_village_att_pierlong,0xD1ABEBB5,3517705141,0,1540,0x8000718D,0x00002804,0xD1ABEBB5
_village_att_piershort,0x755D477B,1969047419,0,1541,0x8000718E,0x00003254,0x755D477B
_village_bencha,0x12BFA394,314549140,0,1463,0x80007006,0xFFFFFFFF,0x12BFA394
_Village_bld_cattleranch,0x15D118AB,366024875,0,1552,0x80007199,0x0000BA23,0x15D118AB
_Village_bld_docks,0xCC016B02,3422644994,0,1550,0x80007197,0x00002A34,0xCC016B02
_Village_bld_docks02,0x9910FB38,2568026936,0,5405,0x8000A9DE,0x00007565,0x9910FB38
_Village_bld_docks_Ruined,0x2F687078,795373688,0,5221,0x8000A688,0x0000B535,0x2F687078
_Village_bld_farmhouse,0xD3D977BE,3554244542,0,1551,0x80007198,0x000089BB,0xD3D977BE
_Village_bld_farming01,0x9E59885F,2656667743,0,1553,0x8000719A,0x0000CC9B,0x9E59885F
_Village_bld_farming02,0x145C80B8,341606584,0,1554,0x8000719B,0x0000D724,0x145C80B8
_Village_bld_farming03,0x3E5F016D,1046413677,0,1555,0x8000719C,0x0000F8F5,0x3E5F016D
_Village_bld_farming03_ruined,0x93F98141,2482602305,0,2080,0x8000814F,0x00012CE1,0x93F98141
_Village_bld_farming04,0x344DA88E,877504654,0,1633,0x80007336,0x000023E8,0x344DA88E
_Village_bld_farming05,0x164FB7EB,374323179,0,1634,0x80007337,0x00003389,0x164FB7EB
_Village_bld_farming05_ruined,0x7ADBB0CF,2061217999,0,2104,0x80008178,0x0000E49A,0x7ADBB0CF
_Village_bld_food01,0xB046C41F,2957427743,0,1635,0x80007338,0x00003B5E,0xB046C41F
_Village_bld_food02,0x2649BC78,642366584,0,1636,0x80007339,0x00008FF7,0x2649BC78
_Village_bld_food03,0x504C3D2D,1347173677,0,1637,0x8000733A,0x0000992C,0x504C3D2D
_village_bld_gasstation,0xD1928BDB,3516042203,0,1521,0x80007178,0x00001984,0xD1928BDB
_Village_bld_hangar,0x7EE71C1B,2129075227,0,1638,0x8000733B,0x0000DC2B,0x7EE71C1B
_Village_bld_hangar_Ruined,0x298E1CBF,697179327,0,5226,0x8000A695,0xFFFFFFFF,0x298E1CBF
_Village_bld_house01,0x4F2E5A1F,1328437791,0,1640,0x8000733D,0x0000943F,0x4F2E5A1F
_Village_bld_house01_ruined,0x197E0DC3,427691459,0,5578,0x8000ABD7,0x00013D8A,0x197E0DC3
_Village_bld_house02,0xC5315278,3308343928,0,1639,0x8000733C,0x00012CAA,0xC5315278
_Village_bld_house02_ruined,0x492C2946,1227630918,0,5579,0x8000ABD8,0x00008E28,0x492C2946
_village_bld_housestilts01,0xDF865002,3750121474,0,1522,0x80007179,0x0000CC2D,0xDF865002
_village_bld_housestilts01_ruined,0x1E00F778,503379832,0,2451,0x800084B7,0x00006F4F,0x1E00F778
_village_bld_housestilts02,0x618DD86D,1636685933,0,1536,0x80007187,0xFFFFFFFF,0x618DD86D
_village_bld_housestilts03,0x378B57B8,931878840,0,1537,0x80007188,0xFFFFFFFF,0x378B57B8
_village_bld_housestilts04,0x397E8EEB,964595435,0,1538,0x80007189,0x0000E6AD,0x397E8EEB
_Village_bld_housestilts05,0x577C7F8E,1467776910,0,1641,0x8000733E,0x00001F15,0x577C7F8E
_Village_bld_housestilts05_ruined,0x8DBB3134,2377855284,0,2452,0x800084B8,0xFFFFFFFF,0x8DBB3134
_village_bld_outhouse,0x64C2EA2E,1690495534,0,950,0x800065E4,0xFFFFFFFF,0x64C2EA2E
_village_bld_plantation01,0xC04C2E39,3226218041,0,1642,0x8000733F,0x00000202,0xC04C2E39
_village_bld_plantation02,0x5E44D82E,1581570094,0,1643,0x80007340,0x0000A524,0x5E44D82E
_village_bld_plantation03,0xC047B10B,3225923851,0,1644,0x80007341,0x000021F1,0xC047B10B
_village_bld_plantationsmall01,0x0D2693B0,220631984,0,1645,0x80007342,0x0000C30E,0x0D2693B0
_village_bld_plantationsmall02,0xF7243277,4146344567,0,1646,0x80007343,0xFFFFFFFF,0xF7243277
_village_bld_plantationsmall02_ruined,0x972E047B,2536375419,0,5580,0x8000ABD9,0x00007C6B,0x972E047B
_village_bld_plantationsmall03,0x1522231A,354558746,0,1647,0x80007344,0xFFFFFFFF,0x1522231A
_village_bld_shackovergrown01,0x3E54BBB0,1045740464,0,949,0x800065E3,0x0000F26B,0x3E54BBB0
_Village_bld_shacksmall01,0xDA4F734E,3662639950,0,948,0x800065E2,0x00006DF4,0xDA4F734E
_Village_bld_shacksmall01_ruined,0x656B64F4,1701537012,0,2079,0x8000814E,0x00000EF9,0x656B64F4
_village_bld_shacksmall02,0x3C56C959,1012320601,0,1648,0x80007345,0x00011E4E,0x3C56C959
_village_bld_shacksmall02_Ruined,0x120AFA6D,302709357,0,5220,0x8000A687,0x00004E3B,0x120AFA6D
_village_bld_shacksmall03,0xE253FD14,3797155092,0,1649,0x80007346,0xFFFFFFFF,0xE253FD14
_village_bld_shacksmall03_ruined,0xD3CF6F22,3553586978,0,2081,0x80008151,0x0000FE63,0xD3CF6F22
_village_bld_shacksmall04,0x445B531F,1146835743,0,1650,0x80007347,0x00006E8B,0x445B531F
_Village_bld_toolshed,0xFF3E3C56,4282268758,0,1651,0x80007348,0x0000CD45,0xFF3E3C56
_Village_bld_watchtower01,0x8F9B3643,2409313859,0,1652,0x80007349,0x000039BE,0x8F9B3643
_Village_bld_watchtower02,0xF59E156C,4120778092,0,1653,0x8000734A,0x000020F1,0xF59E156C
_Village_bld_watchtower03,0xEFA04A91,4020259473,0,1654,0x8000734B,0x0000CE53,0xEFA04A91
_Village_bld_windmill01,0xB25A949B,2992280731,0,1655,0x8000734C,0x00001292,0xB25A949B
_Village_bld_windmillbroken,0x731597AD,1930794925,0,1656,0x8000734D,0x00000FF3,0x731597AD
_village_campfire,0xF16D962C,4050490924,0,1464,0x80007007,0x00007DE0,0xF16D962C
_village_cota,0xE2799EE8,3799621352,0,1413,0x80006F05,0xFFFFFFFF,0xE2799EE8
_village_fencewood01,0x729B9AD0,1922800336,0,1411,0x80006F03,0x000034D4,0x729B9AD0
_village_fencewood02,0x5C993997,1553545623,0,1412,0x80006F04,0x0000E163,0x5C993997
_village_fruitboxstacka,0x756A0B03,1969883907,0,1408,0x80006F00,0x0000F69D,0x756A0B03
_village_fruitboxstackb,0xDB6CEA2C,3681348140,0,1409,0x80006F01,0xFFFFFFFF,0xDB6CEA2C
_village_fruitboxstackc,0xD56F1F51,3580829521,0,1410,0x80006F02,0xFFFFFFFF,0xD56F1F51
_village_fruitboxstackd,0xFB7199BA,4218526138,0,1407,0x80006EFF,0x00013FFB,0xFB7199BA
_village_ladderwooda,0x85A82315,2242388757,0,1406,0x80006EFE,0x0000178C,0x85A82315
_village_lampcolemana,0x855E87C3,2237564867,0,1405,0x80006EFD,0x000128B9,0x855E87C3
_village_postthin,0x52A39764,1386452836,0,1227,0x80006CD9,0x0001264A,0x52A39764
_village_postwide,0x8C05E6C4,2349196996,0,1228,0x80006CDA,0x00013469,0x8C05E6C4
_village_prop_chaira,0x4E88605B,1317560411,0,1403,0x80006EFB,0x000124F1,0x4E88605B
_village_prop_tentsmallpupa,0xFFAC5A91,4289485457,0,1404,0x80006EFC,0x0000A4A5,0xFFAC5A91
_village_stairs,0x2072AC75,544386165,0,1542,0x8000718F,0x00003860,0x2072AC75
_village_tablewooda,0x84E2E827,2229463079,0,1402,0x80006EFA,0x00010D43,0x84E2E827
_vzoutpost_bld_alarmtower,0xB015A102,2954207490,0,2810,0x80008773,0xFFFFFFFF,0xB015A102
_vzoutpost_bld_alarmtower_ruined,0x00A16278,10576504,0,5547,0x8000AB54,0xFFFFFFFF,0x00A16278
_vzoutpost_bld_barrack,0x3D078262,1023902306,0,2813,0x80008776,0xFFFFFFFF,0x3D078262
_vzoutpost_bld_barrack_ruined,0xF5B28258,4122116696,0,5548,0x8000AB55,0x00000C1C,0xF5B28258
_vzoutpost_bld_barrackabandoned,0xB9BA6C86,3116002438,0,4064,0x80009AEA,0x00006B96,0xB9BA6C86
_vzoutpost_bld_barrackbunker,0xBF32FF01,3207790337,0,2816,0x80008779,0x0000DB21,0xBF32FF01
_vzoutpost_bld_barrackbunker_AL,0xCE7223B7,3463586743,0,4969,0x8000A390,0x00013E12,0xCE7223B7
_vzoutpost_bld_barrackbunker_CH,0x0D121909,219289865,0,5445,0x8000AA4B,0x00001309,0x0D121909
_vzoutpost_bld_barrackbunker_GR,0x47567E8F,1196850831,0,4166,0x80009C07,0x00013D10,0x47567E8F
_vzoutpost_bld_barrackbunker_OC,0x5EE52EDA,1592078042,0,2827,0x80008786,0xFFFFFFFF,0x5EE52EDA
_vzoutpost_bld_barrackbunker_PR,0x4D5D05FA,1297942010,0,4174,0x80009C0F,0x00004B28,0x4D5D05FA
_vzoutpost_bld_barrackbunker_ruined,0x92B36555,2461230421,0,5561,0x8000AB63,0x0000B175,0x92B36555
_vzoutpost_bld_barrackbunkerabandoned,0x3E81BC13,1048689683,0,4065,0x80009AEB,0x000128AD,0x3E81BC13
_vzoutpost_bld_barrackreinforced,0x23E4CC43,602197059,0,2819,0x8000877C,0x00011E7E,0x23E4CC43
_vzoutpost_bld_barrackreinforced_AL,0xCE3EDED1,3460226769,0,4970,0x8000A391,0xFFFFFFFF,0xCE3EDED1
_vzoutpost_bld_barrackreinforced_CH,0x2F50337F,793785215,0,5446,0x8000AA4C,0x0000C5CE,0x2F50337F
_vzoutpost_bld_barrackreinforced_GR,0x1268F4E9,308868329,0,4167,0x80009C08,0xFFFFFFFF,0x1268F4E9
_vzoutpost_bld_barrackreinforced_OC,0x11F77F6C,301432684,0,2828,0x80008787,0xFFFFFFFF,0x11F77F6C
_vzoutpost_bld_barrackreinforced_PR,0x4CF82448,1291330632,0,4175,0x80009C10,0x00013A19,0x4CF82448
_vzoutpost_bld_barrackreinforcedabandoned,0x9FCA6061,2680840289,0,4066,0x80009AEC,0x0000898D,0x9FCA6061
_vzoutpost_bld_barracktent,0xBE0103C5,3187737541,0,2814,0x80008777,0x00001762,0xBE0103C5
_vzoutpost_bld_barracktent_AL,0xF0CBA403,4039877635,0,4971,0x8000A392,0xFFFFFFFF,0xF0CBA403
_vzoutpost_bld_barracktent_CH,0x7D0535FD,2097493501,0,5447,0x8000AA4D,0x00002BDB,0x7D0535FD
_vzoutpost_bld_barracktent_GR,0xC2DE1C0B,3269336075,0,4168,0x80009C09,0x0000FAD4,0xC2DE1C0B
_vzoutpost_bld_barracktent_OC,0x27E98286,669614726,0,2829,0x80008788,0xFFFFFFFF,0x27E98286
_vzoutpost_bld_barracktent_PR,0x920621FE,2449875454,0,4176,0x80009C11,0x0000B04C,0x920621FE
_vzoutpost_bld_barracktent_ruined,0x6BF67E59,1811316313,0,4141,0x80009B43,0x00002043,0x6BF67E59
_vzoutpost_bld_bunker,0xB6AE801F,3064889375,0,3764,0x80009726,0x00007B53,0xB6AE801F
_vzoutpost_bld_garage,0xB90CBD9B,3104619931,0,2820,0x8000877D,0x0000AC73,0xB90CBD9B
_vzoutpost_bld_garage_AL,0x1F388B59,523799385,0,4972,0x8000A393,0xFFFFFFFF,0x1F388B59
_vzoutpost_bld_garage_CH,0xA274C987,2725562759,0,5449,0x8000AA4F,0xFFFFFFFF,0xA274C987
_vzoutpost_bld_garage_GR,0xE604E361,3859080033,0,4165,0x80009C06,0x0000D2D7,0xE604E361
_vzoutpost_bld_garage_OC,0x52C0A494,1388356756,0,2831,0x8000878A,0xFFFFFFFF,0x52C0A494
_vzoutpost_bld_garage_PR,0xFE197760,4263081824,0,4177,0x80009C12,0x0000F07D,0xFE197760
_vzoutpost_bld_garagebunker,0xB19DDBAC,2979912620,0,2821,0x8000877E,0x00007393,0xB19DDBAC
_vzoutpost_bld_garagebunker_AL,0xE49E9CBC,3835600060,0,4973,0x8000A394,0x00004C1A,0xE49E9CBC
_vzoutpost_bld_garagebunker_CH,0x8379C056,2205794390,0,5450,0x8000AA50,0xFFFFFFFF,0x8379C056
_vzoutpost_bld_garagebunker_GR,0x35F07F90,904953744,0,4179,0x80009C14,0x00006DCA,0x35F07F90
_vzoutpost_bld_garagebunker_OC,0x866272FD,2254598909,0,2832,0x8000878B,0x00002BC2,0x866272FD
_vzoutpost_bld_garagebunker_PR,0x78D68631,2027324977,0,4178,0x80009C13,0xFFFFFFFF,0x78D68631
_vzoutpost_bld_guardtower,0xBA7BB30E,3128668942,0,2812,0x80008775,0x0000E8BF,0xBA7BB30E
_vzoutpost_bld_guardtower_AL,0xC39B6AE6,3281742566,0,4974,0x8000A395,0x0001000A,0xC39B6AE6
_vzoutpost_bld_guardtower_CH,0x44ACF1F4,1152184820,0,5448,0x8000AA4E,0x0000ED30,0x44ACF1F4
_vzoutpost_bld_guardtower_GR,0x900B7B9A,2416671642,0,4170,0x80009C0B,0xFFFFFFFF,0x900B7B9A
_vzoutpost_bld_guardtower_OC,0x8B4ECB1F,2337196831,0,2830,0x80008789,0x00002017,0x8B4ECB1F
_vzoutpost_bld_guardtower_PR,0x8A04F42F,2315580463,0,4180,0x80009C15,0xFFFFFFFF,0x8A04F42F
_vzoutpost_bld_guardtower_ruined,0x6DF4AFB4,1844752308,0,5563,0x8000AB65,0x000070EE,0x6DF4AFB4
_vzoutpost_bld_hangar,0x0E8CCD09,244108553,0,2822,0x8000877F,0x00005B7F,0x0E8CCD09
_vzoutpost_bld_hangar_AL,0xDD1B358F,3709547919,0,4975,0x8000A396,0x0000BD90,0xDD1B358F
_vzoutpost_bld_hangar_CH,0xFC0AAA61,4228557409,0,5451,0x8000AA51,0xFFFFFFFF,0xFC0AAA61
_vzoutpost_bld_hangar_GR,0x9676B677,2524362359,0,4172,0x80009C0D,0x0000F744,0x9676B677
_vzoutpost_bld_hangar_OC,0x7D5DEBB2,2103307186,0,2833,0x8000878D,0x0000C38B,0x7D5DEBB2
_vzoutpost_bld_hangar_PR,0xA1338882,2704509058,0,4183,0x80009C19,0xFFFFFFFF,0xA1338882
_vzoutpost_bld_hangarbunker,0x4C7B99C2,1283168706,0,2818,0x8000877B,0x00006EF6,0x4C7B99C2
_vzoutpost_bld_helipad,0x7ADCACC3,2061282499,1,2817,0x8000877A,0x0000E216,0x7ADCACC3
_vzoutpost_bld_pillbox,0xAF28FC30,2938698800,0,2811,0x80008774,0xFFFFFFFF,0xAF28FC30
_vzoutpost_bld_pillbox_ruined,0x13FAEE9E,335212190,0,5564,0x8000AB66,0x0000E7CE,0x13FAEE9E
_vzoutpost_bld_pillboxabandoned,0xDC44B210,3695489552,0,2956,0x800089CD,0xFFFFFFFF,0xDC44B210
_vzoutpost_fueltanks,0xC8CA3A68,3368696424,1,2815,0x80008778,0x00003633,0xC8CA3A68
_vzoutpost_fueltanks_PmcCon018,0x21A4DB9A,564452250,1,5567,0x8000AB6A,0xFFFFFFFF,0x21A4DB9A
_vzoutpost_fueltanks_ruined,0xEEB1FDF6,4004642294,1,5216,0x8000A683,0x0000AD0C,0xEEB1FDF6
_vzoutpost_gatewall_GR,0x5B462DE0,1531325920,0,4173,0x80009C0E,0x000089D7,0x5B462DE0
_vzoutpost_walla,0x3AF501BE,989135294,0,2709,0x80008707,0x000032DD,0x3AF501BE
_vzoutpost_walla_AL,0xD3F86B56,3556272982,0,4976,0x8000A397,0xFFFFFFFF,0xD3F86B56
_vzoutpost_walla_CH,0x15098DA4,352947620,0,5452,0x8000AA52,0x0000206F,0x15098DA4
_vzoutpost_walla_GR,0x60B7C92A,1622657322,0,4169,0x80009C0A,0x0000BA60,0x60B7C92A
_vzoutpost_walla_oc,0x9BABCB8F,2611727247,0,2835,0x80008790,0x00008DBD,0x9BABCB8F
_vzoutpost_wallA_PR,0x7825E09F,2015748255,0,4181,0x80009C17,0xFFFFFFFF,0x7825E09F
_vzoutpost_wallb,0xDCFCBC89,3707550857,0,2716,0x8000870F,0xFFFFFFFF,0xDCFCBC89
_vzoutpost_wallb_AL,0xC95CE00F,3378307087,0,4977,0x8000A398,0xFFFFFFFF,0xC95CE00F
_vzoutpost_wallb_CH,0xE84C54E1,3897316577,0,5453,0x8000AA53,0x000059E7,0xE84C54E1
_vzoutpost_wallb_GR,0x82B860F7,2193121527,0,4171,0x80009C0C,0x0000559E,0x82B860F7
_vzoutpost_wallb_oc,0x699F9632,1772066354,0,2836,0x80008791,0x0000A929,0x699F9632
_vzoutpost_wallB_PR,0x8D753302,2373268226,0,4182,0x80009C18,0xFFFFFFFF,0x8D753302
_vzoutpost_wallgate,0x3F5E24C4,1063134404,0,4549,0x80009F1E,0xFFFFFFFF,0x3F5E24C4
_vzoutpost_wallgate_AL,0x093B0CE4,154864868,0,4978,0x8000A399,0x000041CC,0x093B0CE4
_vzoutpost_wallgate_OC,0xFDF85725,4260910885,0,2834,0x8000878E,0x0000B579,0xFDF85725
_vzoutpost_wallgate_PR,0xC25082C9,3260056265,0,4184,0x80009C1A,0xFFFFFFFF,0xC25082C9
_white_bld_corner16x16a,0x85141433,2232685619,0,248,0x80004DB9,0xFFFFFFFF,0x85141433
_white_bld_corner16x16a_ruined,0x8261B337,2187440951,0,2105,0x8000817A,0x000081A5,0x8261B337
_white_bld_corner16x16b,0xAB168E9C,2870382236,0,239,0x80004DB0,0xFFFFFFFF,0xAB168E9C
_white_bld_corner16x16b_ruined,0xAD04F78A,2902783882,0,3277,0x80008F4E,0x0000974A,0xAD04F78A
_white_bld_corner8x16a,0x882C056E,2284586350,0,241,0x80004DB2,0xFFFFFFFF,0x882C056E
_white_bld_corner8x16a_ruined,0x73172994,1930897812,0,3278,0x80008F4F,0x0000E89F,0x73172994
_white_bld_corner8x16b,0xEA335B79,3929234297,0,243,0x80004DB4,0xFFFFFFFF,0xEA335B79
_white_bld_corner8x16b_ruined,0x8B61580D,2338412557,0,2477,0x800084D2,0x00009CAD,0x8B61580D
_white_bld_corner8x8a,0x1033A6B9,271820473,0,140,0x80004CD7,0xFFFFFFFF,0x1033A6B9
_white_bld_corner8x8a_ruined,0x5EE0AE4D,1591782989,0,3290,0x80008F5C,0x00009E76,0x5EE0AE4D
_white_bld_corner8x8b,0xAE2C50AE,2922139822,0,236,0x80004DAD,0x0000B9FB,0xAE2C50AE
_white_bld_corner8x8b_ruined,0xA8B95BD4,2830719956,0,2476,0x800084D1,0xFFFFFFFF,0xA8B95BD4
_white_bld_corner8x8c,0x102F298B,271526283,0,242,0x80004DB3,0x0001399F,0x102F298B
_white_bld_corner8x8c_ruined,0xBD4679EF,3175512559,0,2480,0x800084D5,0xFFFFFFFF,0xBD4679EF
_white_bld_segment16x16a,0xD04E4EBD,3494792893,0,237,0x80004DAE,0xFFFFFFFF,0xD04E4EBD
_white_bld_segment16x16a_ruined,0x51C256D1,1371690705,0,2475,0x800084D0,0x00005FCA,0x51C256D1
_white_bld_segment8x16a,0x1784EFB8,394588088,0,238,0x80004DAF,0xFFFFFFFF,0x1784EFB8
_white_bld_segment8x16a_ruined,0x9B007386,2600498054,0,3275,0x80008F4C,0xFFFFFFFF,0x9B007386
_white_bld_segment8x16b,0xA181F75F,2709649247,0,240,0x80004DB1,0x000029AC,0xA181F75F
_white_bld_segment8x16b_ruined,0x90A13303,2426483459,0,2478,0x800084D3,0xFFFFFFFF,0x90A13303
_white_bld_segment8x8a,0x8452890B,2220001547,0,247,0x80004DB8,0xFFFFFFFF,0x8452890B
_white_bld_segment8x8a_ruined,0x07C71C6F,130489455,0,3276,0x80008F4D,0x00010DC9,0x07C71C6F
_white_freewaytrenchbridge01_overpass_autobridge,0x9033E10A,2419319050,0,3552,0x800093BA,0x00001C3A,0x9033E10A
_white_freewaytrenchbridge01_underpass,0x3783B2E9,931377897,0,3321,0x80008F85,0x000051B6,0x3783B2E9
_white_merge_brick,0x7C671538,2087130424,0,640,0x80005C48,0x0000CB14,0x7C671538
_white_merge_dirt,0xFE900046,4270850118,0,639,0x80005C47,0x00001B19,0xFE900046
_white_mergebrick,0x0A713425,175191077,0,3311,0x80008F7B,0x00009685,0x0A713425
_white_road10,0x402F5EAB,1076846251,0,306,0x80004E04,0x0000F9CD,0x402F5EAB
_white_road10cross,0xC1D5C7E1,3252013025,0,308,0x80004E06,0xFFFFFFFF,0xC1D5C7E1
_white_road10cross5,0x74506BF2,1951427570,0,309,0x80004E07,0xFFFFFFFF,0x74506BF2
_white_road10l,0x343FA8D5,876587221,0,310,0x80004E08,0xFFFFFFFF,0x343FA8D5
_white_road10t,0x3453308D,877867149,0,311,0x80004E09,0x00000A70,0x3453308D
_white_road10t5,0x7BA8DD5E,2074664286,0,312,0x80004E0A,0x000007AF,0x7BA8DD5E
_white_road5,0x0B1184A5,185697445,0,307,0x80004E05,0x0000FE5D,0x0B1184A5
_white_road5cross,0x809AD98B,2157631883,0,316,0x80004E0E,0x00010BF9,0x809AD98B
_white_road5l,0x92E62E1B,2464558619,0,313,0x80004E0B,0x00001821,0x92E62E1B
_white_road5t,0x13218EC3,320966339,0,314,0x80004E0C,0xFFFFFFFF,0x13218EC3
_white_road5t10,0x238CC3E0,596427744,0,315,0x80004E0D,0x0000EE20,0x238CC3E0
_white_road_merge01,0x51131270,1360204400,0,634,0x80005C40,0x000047FC,0x51131270
_white_sidewalk,0x4DC93618,1305032216,0,318,0x80004E10,0xFFFFFFFF,0x4DC93618
_white_sidewalk02,0x2AA416B2,715396786,0,3261,0x80008F3C,0x00010C08,0x2AA416B2
_white_sidewalksmall,0x051DCF81,85839745,0,2029,0x800080CC,0x0000D38E,0x051DCF81
_white_wallcorner,0x275B525D,660296285,0,229,0x80004DA6,0x000027E7,0x275B525D
_white_wallcorner_pristine,0x03131C28,51584040,0,4197,0x80009C29,0xFFFFFFFF,0x03131C28
_white_walllong,0xE69D1104,3869053188,0,230,0x80004DA7,0x0000322B,0xE69D1104
_white_walllong_pristine,0x92CDFB03,2462972675,0,4199,0x80009C2B,0x0000EBF3,0x92CDFB03
_white_wallshort,0x4A59C690,1247397520,0,231,0x80004DA8,0x00003AB8,0x4A59C690
_white_wallshort_pristine,0x554AE977,1430972791,0,4198,0x80009C2A,0x00007E75,0x554AE977
A10,0xD035894D,3493169485,0,1823,0x800076AE,0x0000B0FB,0xD035894D
A8 15m DeadEnd,0xAB804258,2877309528,0,93,0x80004BF9,0x0000A0E9,0xAB804258
A8 15m Four,0x2721975F,656512863,0,92,0x80004BF8,0x0000041F,0x2721975F
A8 15m L,0x457F5FFD,1165975549,0,94,0x80004BFA,0x00012F99,0x457F5FFD
A8 15m Road,0xAE748E09,2926874121,0,95,0x80004BFB,0x0000F912,0xAE748E09
A8 15m T,0xC5BAC0A5,3317350565,0,91,0x80004BF7,0x00009CD2,0xC5BAC0A5
A8 Enemy,0xD4A0D006,3567308806,0,96,0x80004BFC,0x0000B0C3,0xD4A0D006
AA (Advanced),0x6B27034E,1797718862,0,2418,0x80008452,0x000008D3,0x6B27034E
AA (Basic),0x9954F398,2572481432,0,2415,0x8000844F,0x0000A1CF,0x9954F398
AA (Jammer),0x3A8084E0,981501152,0,2419,0x80008453,0x0000403C,0x3A8084E0
AA (Medium),0xA4045DDB,2751749595,0,2417,0x80008451,0x00012854,0xA4045DDB
AA Missile,0x4FCA603B,1338662971,0,26,0x80004379,0x0000654D,0x4FCA603B
AA Missile (amraam),0xB4C61361,3032879969,0,5511,0x8000AAC6,0xFFFFFFFF,0xB4C61361
abatters,0x695C8E03,1767673347,0,391,0x8000556A,0x00005704,0x695C8E03
Action Hijack Prop (Grenade),0x7984A387,2038735751,0,1778,0x800075E4,0xFFFFFFFF,0x7984A387
Action Hijack Prop (Pistol),0x456017C2,1163925442,0,1777,0x800075E3,0xFFFFFFFF,0x456017C2
Action Hijack Prop (Rifle),0xC736471B,3342223131,0,4407,0x80009DE7,0x00010575,0xC736471B
AH1Z,0x2FF37317,804483863,1,1769,0x800075DB,0x00008D58,0x2FF37317
AH1Z (Driver),0x7337DAC2,1933040322,1,1770,0x800075DC,0x0000D0E1,0x7337DAC2
AH1Z (Ewan),0xB8AE263B,3098420795,1,5970,0x8000B35E,0x00000CA5,0xB8AE263B
AH1Z (Full),0x9E563131,2656448817,1,1771,0x800075DD,0x00006C96,0x9E563131
Aid Worker (Female),0x8BA8A22A,2343084586,0,2142,0x800081A5,0x00004EBC,0x8BA8A22A
Aid Worker Male,0xC53404FC,3308520700,0,2141,0x800081A4,0xFFFFFFFF,0xC53404FC
Air Boat,0xB017A293,2954338963,1,3332,0x80008FF8,0x0000AFEE,0xB017A293
Air Boat (Driver),0xBDDE21EE,3185451502,1,3335,0x80008FFB,0x0000F699,0xBDDE21EE
Air Boat (Driver) (Civ Poor female),0xC71ACCBD,3340422333,1,4666,0x80009FDC,0x00013207,0xC71ACCBD
Air Boat (Driver) (Civ Poor male),0x5BB2AF10,1538436880,1,4665,0x80009FDB,0x00011191,0x5BB2AF10
Air Boat (Full),0xEB754F35,3950333749,1,3680,0x8000952F,0xFFFFFFFF,0xEB754F35
Airboat_Driver,0x5877732E,1484223278,1,5079,0x8000A40E,0xFFFFFFFF,0x5877732E
Airstrike AA Missile,0x57A81395,1470632853,0,4891,0x8000A269,0x000044E6,0x57A81395
Airstrike AT Missile,0x99178348,2568454984,0,4080,0x80009AFA,0xFFFFFFFF,0x99178348
AL Baseball Bat,0x8370A9EF,2205198831,0,3814,0x800097CF,0xFFFFFFFF,0x8370A9EF
AL Defender (AA),0x4DB3557A,1303598458,0,5020,0x8000A3C9,0x0000EC5D,0x4DB3557A
AL Defender (AT),0x60CB7BF5,1623948277,0,5021,0x8000A3CA,0x0000F63A,0x60CB7BF5
AL Defender (AT) (Window Spawner),0xE62D4B32,3861728050,0,3003,0x80008A23,0x00000186,0xE62D4B32
AL Defender (MG),0xF2A22EA0,4070715040,0,5022,0x8000A3CB,0x0001054F,0xF2A22EA0
AL Defender (Rifle),0x4791BB94,1200733076,0,5019,0x8000A3C8,0x0000AF3B,0x4791BB94
AL Golf Club,0x0FA8CB7A,262720378,0,3813,0x800097CE,0xFFFFFFFF,0x0FA8CB7A
ALHQSpawnList,0xD4D6A410,3570836496,0,3809,0x800097C8,0x0000CA43,0xD4D6A410
AllCon003_Peng,0x55012554,1426138452,0,5012,0x8000A3C0,0xFFFFFFFF,0x55012554
AllDbSpawner,0xDB7FA4B4,3682575540,0,2382,0x8000833A,0x00005E9C,0xDB7FA4B4
AllDbSpawner (Squad Full AT),0x7F637141,2137223489,0,3018,0x80008A32,0x000026BD,0x7F637141
AllDbSpawner (Squad Half AT),0x293FB845,692041797,0,3019,0x80008A33,0x0000227B,0x293FB845
AllDbSpawner (Squad Quarter AT),0x7FA52B06,2141530886,0,5908,0x8000B03B,0xFFFFFFFF,0x7FA52B06
AllDbSpawner (Squad),0x38CF880B,953124875,0,3013,0x80008A2D,0x00010C56,0x38CF880B
AllHq_Interior,0xC8EF281E,3371116574,0,2364,0x8000831E,0x0000203D,0xC8EF281E
Allied,0xBBC34EF4,3150139124,0,13,0x80002CF0,0xFFFFFFFF,0xBBC34EF4
Allied Airborne,0xC9010376,3372286838,0,1314,0x80006E3F,0x00005061,0xC9010376
Allied Airborne (AT),0x7F4797AA,2135398314,0,4508,0x80009E66,0x00005029,0x7F4797AA
Allied Airborne (Light MG),0xC357E50F,3277317391,0,4507,0x80009E65,0xFFFFFFFF,0xC357E50F
Allied Boss,0xAC3B6A63,2889575011,0,2161,0x800081BB,0x00004AD4,0xAC3B6A63
Allied Boss (Invincible),0xD8ABEF7D,3635146621,0,5752,0x8000ADA2,0x0000046E,0xD8ABEF7D
Allied Boss (Wheelchair),0x28DBE71C,685500188,0,3853,0x8000980B,0xFFFFFFFF,0x28DBE71C
Allied Destroyer,0x4D9AEFA3,1301999523,1,3206,0x80008EF8,0x000119B2,0x4D9AEFA3
Allied Destroyer (Full),0xEB3948C5,3946399941,1,3220,0x80008F06,0x00005624,0xEB3948C5
Allied Destroyer (Jammer),0xA4E888AC,2766702764,1,3235,0x80008F17,0xFFFFFFFF,0xA4E888AC
Allied Heavy (AA),0x271F10CC,656347340,0,4055,0x80009AE0,0x0000B2A9,0x271F10CC
Allied Heavy (AT Rocket),0xD18F961F,3515848223,0,1353,0x80006EC2,0x0000C896,0xD18F961F
Allied Heavy (Light MG),0x3BC90F3E,1003032382,0,1312,0x80006E3D,0xFFFFFFFF,0x3BC90F3E
Allied Medic,0x2A36FD82,708246914,0,2316,0x800082D0,0x00002684,0x2A36FD82
Allied Officer,0x01BDAD6E,29207918,0,1313,0x80006E3E,0x0000F890,0x01BDAD6E
Allied Paratrooper,0xBF4829E3,3209177571,0,5007,0x8000A3BB,0x00010E98,0xBF4829E3
Allied Pilot,0xACA6923E,2896597566,0,1316,0x80006E42,0xFFFFFFFF,0xACA6923E
Allied Pilot (God),0x218470B5,562327733,0,5969,0x8000B35D,0xFFFFFFFF,0x218470B5
Allied Prisoner,0xC526991C,3307641116,0,2163,0x800081BD,0x00013943,0xC526991C
Allied Sailor,0xE2A857D8,3802683352,0,1317,0x80006E43,0x00005D91,0xE2A857D8
Allied Sailor (AA),0xBF287DA3,3207101859,0,4056,0x80009AE1,0x0000F7BF,0xBF287DA3
Allied Sailor (Light MG),0xE593B215,3851661845,0,4058,0x80009AE3,0x00010A00,0xE593B215
Allied Soldier,0xC864E4A2,3362055330,0,1311,0x80006E3C,0xFFFFFFFF,0xC864E4A2
Allied Soldier (Bench Press),0x297C6502,696018178,0,3811,0x800097CC,0xFFFFFFFF,0x297C6502
Allied Soldier (Hip Hop Dancing),0x68813B31,1753299761,0,3812,0x800097CD,0x00011061,0x68813B31
Allied Starter 01,0x050E6C22,84831266,0,2158,0x800081B8,0x0000F8A5,0x050E6C22
Allied Starter 02,0x8715F48D,2266363021,0,2159,0x800081B9,0x000085A3,0x8715F48D
Allied Starter 03,0x5D1373D8,1561555928,0,2160,0x800081BA,0x0000D58C,0x5D1373D8
Allied Starter 04,0xDF07748B,3741807755,0,2335,0x800082E7,0x00011C83,0xDF07748B
Allied Starter 05,0x7D049BAE,2097453998,0,2336,0x800082E8,0x0000DC9F,0x7D049BAE
Allied Starters,0x183F7210,406811152,0,2157,0x800081B6,0x00000211,0x183F7210
Allied Worker,0x5AACD022,1521274914,0,2162,0x800081BC,0x00012709,0x5AACD022
Allied Worker (Baseball),0x0F837BD3,260275155,0,3816,0x800097D1,0x00006622,0x0F837BD3
Allied Worker (Golf),0xBC664A97,3160820375,0,3815,0x800097D0,0x00010869,0xBC664A97
Allied Worker B,0x64B0DDB8,1689312696,0,2355,0x800082FC,0x0000AC96,0x64B0DDB8
AlliedHQDbSpawner,0x729E051D,1922958621,0,5639,0x8000AC8A,0x0000D8B9,0x729E051D
AlliesSkirmishTest,0xD181EFFB,3514953723,0,3091,0x80008BAF,0xFFFFFFFF,0xD181EFFB
Alouette 3 Transport (VZ) (Delivery),0x76B96B2A,1991863082,1,2225,0x800081FE,0x00010F17,0x76B96B2A
Alouette3 (base),0x725FE691,1918887569,1,1209,0x80006CC3,0xFFFFFFFF,0x725FE691
Alouette3 Attack (base),0x9217A97B,2451024251,1,2253,0x80008227,0x0000C2A9,0x9217A97B
Alouette3 Attack (PR),0xD944EA90,3645172368,1,2255,0x80008229,0x0000D69A,0xD944EA90
Alouette3 Attack (PR) (Driver),0x597C43AF,1501316015,1,2257,0x8000822B,0x0000FBF5,0x597C43AF
Alouette3 Attack (PR) (Ewan),0x5076A026,1349951526,1,5971,0x8000B35F,0x0000F787,0x5076A026
Alouette3 Attack (PR) (Full),0x422E9BE4,1110350820,1,2264,0x80008232,0xFFFFFFFF,0x422E9BE4
Alouette3 Attack (VZ),0x0384A0EE,59023598,1,2256,0x8000822A,0x0000FB19,0x0384A0EE
Alouette3 Attack (VZ) (Driver),0x10440985,272894341,1,2258,0x8000822C,0x00013A61,0x10440985
Alouette3 Attack (VZ) (Ewan),0x76908A00,1989184000,1,5972,0x8000B360,0x00004048,0x76908A00
Alouette3 Attack (VZ) (Full),0xDB44C532,3678717234,1,2265,0x80008233,0xFFFFFFFF,0xDB44C532
Alouette3 Elite,0x3D582382,1029186434,1,2254,0x80008228,0x00004B4E,0x3D582382
Alouette3 Elite (Driver),0x34CE8229,885948969,1,2266,0x80008234,0x00013F89,0x34CE8229
Alouette3 Elite (Ewan),0x5F7B68E4,1601923300,1,5973,0x8000B361,0x0000669E,0x5F7B68E4
Alouette3 Elite (Full),0x4656350E,1180054798,1,2267,0x80008235,0x000084F8,0x4656350E
Alouette3 Superiority,0x048DB4E4,76395748,1,1210,0x80006CC4,0x0000DFF1,0x048DB4E4
Alouette3 Superiority (Driver),0xC3E6EDC3,3286691267,1,1782,0x800075E8,0x0000FB39,0xC3E6EDC3
Alouette3 Superiority (Ewan),0x63E0E84A,1675683914,1,5974,0x8000B362,0x00009324,0x63E0E84A
Alouette3 SuperiorityElite (Base),0xF2FF732B,4076827435,1,3634,0x8000946E,0x00002905,0xF2FF732B
Alouette3 Transport,0x4B481510,1263015184,1,2223,0x800081FC,0x00000D4B,0x4B481510
Alouette3 Transport (PR),0x1C12B15F,470987103,1,2228,0x80008201,0x00009B2D,0x1C12B15F
Alouette3 Transport (PR) (Driver),0x8DFF774A,2382329674,1,2230,0x80008203,0xFFFFFFFF,0x8DFF774A
Alouette3 Transport (PR) (Ewan),0x2EEC9423,787256355,1,5975,0x8000B363,0x000108E2,0x2EEC9423
Alouette3 Transport (PR) (Extraction),0x00DC7AB9,14449337,1,4409,0x80009DEE,0xFFFFFFFF,0x00DC7AB9
Alouette3 Transport (PR) (Full),0xD41A4509,3558491401,1,2231,0x80008204,0x00000A49,0xD41A4509
Alouette3 Transport (PR) (Pursuit),0x59787A94,1501067924,1,4910,0x8000A281,0x00013C70,0x59787A94
Alouette3 Transport (VZ),0x3AAD2021,984424481,1,2229,0x80008202,0xFFFFFFFF,0x3AAD2021
Alouette3 Transport (VZ) (Driver),0x1A774D3C,444026172,1,2224,0x800081FD,0x0000B309,0x1A774D3C
Alouette3 Transport (VZ) (Ewan),0xEF9E6839,4020135993,1,5976,0x8000B364,0xFFFFFFFF,0xEF9E6839
Alouette3 Transport (VZ) (Pursuit),0x4D3FA01E,1296015390,1,4911,0x8000A282,0x00005DD9,0x4D3FA01E
Alouette3 Transport (VZA Intro) (Driver),0x71A0FFFF,1906376703,1,5960,0x8000B22D,0x0000E385,0x71A0FFFF
Altagracia Test Traffic (VZ),0x9537357E,2503423358,0,2516,0x8000854C,0xFFFFFFFF,0x9537357E
Ambulance,0xDC065B95,3691404181,1,2562,0x800085C2,0xFFFFFFFF,0xDC065B95
Ambulance (Driver),0x26FA5C20,653941792,1,4285,0x80009CB8,0x0000610A,0x26FA5C20
Ambulance (Driver) (Civ Doctor 2 female),0x2077F55C,544732508,1,4287,0x80009CBA,0x0000F7F6,0x2077F55C
Ambulance (Driver) (Civ Doctor female),0x713DE192,1899880850,1,4286,0x80009CB9,0xFFFFFFFF,0x713DE192
Ambulance_Driver,0xE80E4896,3893250198,1,5054,0x8000A3F3,0xFFFFFFFF,0xE80E4896
Ammo Pickup (1xC4),0x00C8F9AC,13171116,0,2194,0x800081DF,0x00005401,0x00C8F9AC
Ammo Pickup (Bullet),0x4E3F3CE6,1312767206,0,7,0x8000233E,0x00002DCC,0x4E3F3CE6
Ammo Pickup (Full C4),0x789E2A14,2023631380,0,508,0x800056DD,0x00008BD3,0x789E2A14
Ammo Pickup (Grenades),0xD5F15751,3589363537,0,2171,0x800081C5,0x00001200,0xD5F15751
Ammo Pickup (Rocket),0xA79D21D2,2812092882,0,507,0x800056DC,0x0000D7D2,0xA79D21D2
Ammo Pickup (Single Grenade),0xC475E2EC,3296060140,0,2182,0x800081D2,0x000065CB,0xC475E2EC
Ammo Pickup (Small),0x500E0DC7,1343098311,0,4914,0x8000A286,0x00005C3D,0x500E0DC7
ammo_designator_beacon,0xC6B65A9B,3333839515,0,893,0x800063E5,0x000120A2,0xC6B65A9B
ammo_designator_beacon_light,0x13CC5386,332157830,0,5789,0x8000AEF5,0x0000747C,0x13CC5386
AMX30,0x36AEDE98,917429912,1,1615,0x80007255,0x000074E1,0x36AEDE98
AMX30 (Base),0x7D2C4AA0,2100054688,1,3450,0x800092B8,0xFFFFFFFF,0x7D2C4AA0
AMX30 (Driver),0xA5572877,2773952631,1,1613,0x80007253,0x00000F15,0xA5572877
Amx30 (Full),0x48B454BC,1219777724,1,1614,0x80007254,0x0000BFC4,0x48B454BC
AMX30 (Tanks),0x5069957C,1349096828,1,1612,0x80007252,0x0000D51F,0x5069957C
AMX30 AA,0x45D11D72,1171332466,1,1617,0x80007257,0xFFFFFFFF,0x45D11D72
AMX30 AA (Driver),0xF2A84619,4071114265,1,1618,0x80007258,0xFFFFFFFF,0xF2A84619
AMX30 Elite,0x3F6EDBED,1064229869,1,1616,0x80007256,0x00009BC1,0x3F6EDBED
AMX30 Elite (Driver),0x6648F4F8,1716057336,1,1619,0x80007259,0xFFFFFFFF,0x6648F4F8
AMX30 Elite (Full),0x901B8C7F,2417724543,1,1620,0x8000725B,0xFFFFFFFF,0x901B8C7F
AMX30_RUIN,0x421F2DE1,1109339617,1,3465,0x800092C7,0x00011237,0x421F2DE1
AMXFullSpawnlist,0x1AC7CF1F,449302303,0,2403,0x800083F1,0x00010E2A,0x1AC7CF1F
Antenna,0x1D49104E,491327566,0,1908,0x80007864,0x0000C1D5,0x1D49104E
Anti-Material Rifle,0x3326597B,858151291,0,1338,0x80006EAB,0x00009256,0x3326597B
Anti-Material Rifle (KSVK),0x050B3C39,84622393,0,1343,0x80006EB3,0x00000919,0x050B3C39
Anti-Material Rifle Bullet,0xA4B7629D,2763481757,0,1337,0x80006EAA,0x00006579,0xA4B7629D
AP Autocannon Shell,0x91A508E2,2443512034,0,2290,0x8000824E,0x0000E610,0x91A508E2
AP Autocannon Shell (CH),0xF842A460,4165117024,0,4093,0x80009B08,0x0000268A,0xF842A460
APC,0x9CDBD62D,2631652909,1,2786,0x80008758,0xFFFFFFFF,0x9CDBD62D
APC_Passenger,0x15D3C4A4,366199972,1,5096,0x8000A421,0x000056E4,0x15D3C4A4
Armor (Building),0x434436BF,1128543935,0,476,0x800056B2,0xFFFFFFFF,0x434436BF
Armor (Bunker),0x9FA80226,2678587942,0,4052,0x80009ADD,0x000023A2,0x9FA80226
Armor (Hero),0xBFCEDA4F,3218004559,0,482,0x800056BD,0x00006E14,0xBFCEDA4F
Armor (Human),0xC37C574A,3279705930,0,481,0x800056BC,0x00006ACD,0xC37C574A
Armor (HVT),0x12E4336D,316945261,0,4899,0x8000A273,0x0000F7EC,0x12E4336D
Armor (Light),0x64F3FB33,1693711155,0,1572,0x8000720F,0x0000F759,0x64F3FB33
Armor (Medium),0x6E97F4AC,1855452332,0,4051,0x80009ADC,0x00000B27,0x6E97F4AC
Armor (Prop),0x6759484A,1733904458,0,477,0x800056B3,0x00004B4A,0x6759484A
Armor (Prop.Fragile),0xD97E8024,3648946212,0,503,0x800056D7,0xFFFFFFFF,0xD97E8024
Armor (Road),0x0B7B8D99,192646553,0,501,0x800056D4,0x0000D337,0x0B7B8D99
Armor (Tank),0x17FACC4F,402312271,1,479,0x800056B5,0xFFFFFFFF,0x17FACC4F
Armor (Terrain),0x9C8D8282,2626519682,0,1124,0x80006B52,0x00008662,0x9C8D8282
Armor (Vegetation),0xAE5E289B,2925406363,0,6078,0x900001C0,0xFFFFFFFF,0xAE5E289B
Armor (Vehicle),0x8260A047,2187370567,0,478,0x800056B4,0x00013A5D,0x8260A047
Armored Bank Truck,0x2F0DA5B8,789423544,1,1796,0x800075FA,0x0000F45F,0x2F0DA5B8
Armored Bank Truck (driver),0xBEB9DA97,3199851159,1,3647,0x800094E1,0x00010B4A,0xBEB9DA97
Armored Bank Truck (Driver) (Civ Taxi Driver male),0xE915BA21,3910515233,1,4280,0x80009CB3,0x00007A7F,0xE915BA21
Armored Bank Truck_Driver,0xD3EFA565,3555698021,1,5055,0x8000A3F4,0xFFFFFFFF,0xD3EFA565
Artillery Shell,0xC05F0F87,3227455367,0,1342,0x80006EB2,0xFFFFFFFF,0xC05F0F87
Artillery Smoke Shell,0x84C5189C,2227509404,0,4904,0x8000A278,0x0000803C,0x84C5189C
Assault Rifle,0x8387E850,2206722128,0,22,0x8000436F,0x0000A710,0x8387E850
Assault Rifle (VZ),0x72DBE6E1,1927014113,0,1141,0x80006B64,0x00006F2B,0x72DBE6E1
Assault Rifle (VZ) (Window Spawner),0xEC1A6E46,3961155142,0,2999,0x80008A1F,0xFFFFFFFF,0xEC1A6E46
Assault Rifle (Window Spawner),0x9A0D0F39,2584547129,0,2998,0x80008A1E,0xFFFFFFFF,0x9A0D0F39
Assault Rifle Bullet,0xA0D42D08,2698259720,0,25,0x80004375,0x0000CD9A,0xA0D42D08
Assault Rifle Bullet (GR),0x6EF0F048,1861283912,0,4086,0x80009B00,0x0000ACCA,0x6EF0F048
AT Missile,0xFC44785E,4232345694,0,1110,0x80006B44,0x00007E57,0xFC44785E
AT Missile (CH),0x8893FB24,2291399460,0,5813,0x8000AF76,0xFFFFFFFF,0x8893FB24
AT Rocket,0x1153B156,290697558,0,1130,0x80006B58,0x00008E10,0x1153B156
Atmosphere,0x04047F6D,67403629,0,6019,0x900000CF,0xFFFFFFFF,0x04047F6D
Atmosphere (interior),0xDD9463C2,3717489602,0,2377,0x80008333,0x0000F1F7,0xDD9463C2
Audible (Vehicle HIGH),0x1D04192A,486807850,0,3231,0x80008F12,0x0000B955,0x1D04192A
Audible (Vehicle LOW),0x52C5A3FE,1388684286,0,3229,0x80008F10,0xFFFFFFFF,0x52C5A3FE
Audible (Vehicle MEDIUM),0xDED48B6D,3738471277,0,3230,0x80008F11,0x00010E92,0xDED48B6D
Austin (base),0xB2CDBC45,2999827525,0,2608,0x800085F7,0x0000ADF4,0xB2CDBC45
Austin (CIV),0xCEBC1D68,3468434792,0,1787,0x800075ED,0x00010AA1,0xCEBC1D68
Austin (CIV) (Driver),0x4768D8C7,1198053575,0,1789,0x800075EF,0x0001182F,0x4768D8C7
Austin (CIV) (Driver) (Mechanic male),0x6663D1C1,1717817793,0,4425,0x80009E03,0x000065AB,0x6663D1C1
Austin (Civ) (Full),0x3C10400C,1007697932,0,1790,0x800075F0,0x0000B070,0x3C10400C
Austin (OC),0x99691E22,2573803042,0,861,0x800063B6,0x0000DABD,0x99691E22
Austin (OC) (Driver),0x3A3FD9C9,977263049,0,1683,0x800074BD,0x00007254,0x3A3FD9C9
Austin (OC) (Full),0x59183AAE,1494760110,0,1791,0x800075F1,0xFFFFFFFF,0x59183AAE
Austin_Driver,0x5B327388,1530033032,0,5075,0x8000A409,0x0000D4D6,0x5B327388
Autocannon Shell (AL),0xE235626F,3795149423,0,4095,0x80009B0A,0x0000F9EF,0xE235626F
Autocannon Shell (GR),0x7638E52B,1983440171,0,4094,0x80009B09,0x0000C44F,0x7638E52B
Automatic Rifle,0x388A8AE8,948603624,0,1147,0x80006B6A,0xFFFFFFFF,0x388A8AE8
Automatic Rifle (Chinese),0x4BEC74A2,1273787554,0,1143,0x80006B66,0x0000D9D1,0x4BEC74A2
Automatic Rifle (GR),0xBF4E2628,3209569832,0,4103,0x80009B12,0xFFFFFFFF,0xBF4E2628
Automatic Rifle Bullet,0xBC623E70,3160555120,0,1148,0x80006B6B,0x0000BFE6,0xBC623E70
Automatic Rifle Bullet (CH),0x07CC98C6,130848966,0,4087,0x80009B01,0x0000D30F,0x07CC98C6
Automatic Rifle Bullet (GR),0x71DD9D80,1910349184,0,4099,0x80009B0E,0xFFFFFFFF,0x71DD9D80
Autopistol Bullet,0x76146767,1981048679,0,1577,0x80007215,0x0001026C,0x76146767
Avenger (Cargo),0x334FCB0C,860867340,0,2615,0x800085FE,0x00002796,0x334FCB0C
b52_ghost,0x8307FF04,2198339332,0,381,0x8000522A,0xFFFFFFFF,0x8307FF04
Barco,0xAC33E162,2889081186,0,2280,0x80008244,0x000048A6,0xAC33E162
Barco (Driver),0x33F98B89,871992201,0,2281,0x80008245,0x000136D9,0x33F98B89
Barco (Driver) (Civ Poor female),0xC0AD2F6E,3232575342,0,4645,0x80009FC7,0x00006DAC,0xC0AD2F6E
Barco (Driver) (Civ Poor male),0x551E7EA3,1428061859,0,4644,0x80009FC6,0xFFFFFFFF,0x551E7EA3
Barco_Driver,0xC38D6323,3280823075,0,5080,0x8000A40F,0x0000572D,0xC38D6323
Barrel_Hijack_Entrance,0x12673ECD,308756173,0,695,0x80005FB0,0x000061CA,0x12673ECD
Basic4Way,0xDE7BB098,3732648088,0,89,0x80004B94,0x0000603D,0xDE7BB098
basicTestRoad,0xA935C8AB,2838874283,0,46,0x80004515,0xFFFFFFFF,0xA935C8AB
battle_med (30x30),0x465C372F,1180448559,0,4408,0x80009DED,0x00009789,0x465C372F
battle_med_100mRadius 0x8000a6e8,0x43B98313,1136231187,0,5239,0x8000A6E8,0xFFFFFFFF,0x43B98313
battle_med_150mRadius 0x8000a6ea,0xC9F53405,3388290053,0,5241,0x8000A6EA,0xFFFFFFFF,0xC9F53405
battle_med_250mRadius 0x8000a6e9,0xA3400AE6,2738883302,0,5240,0x8000A6E9,0xFFFFFFFF,0xA3400AE6
battle_med_300mRadius 0x8000a6e7,0x2FDC5BEA,802970602,0,5238,0x8000A6E7,0x00003207,0x2FDC5BEA
Beacon Designator,0x689CE209,1755111945,0,894,0x800063E7,0xFFFFFFFF,0x689CE209
Bench Seat (Left),0x2FEB65F0,803956208,0,107,0x80004C14,0xFFFFFFFF,0x2FEB65F0
Bench Seat (Right),0x353C04FB,893125883,0,106,0x80004C13,0xFFFFFFFF,0x353C04FB
benches,0x431E175D,1126045533,0,110,0x80004C1B,0x00001D5F,0x431E175D
Binoculars,0xA0332C77,2687708279,0,4048,0x80009AD8,0x0001110E,0xA0332C77
Blanco,0x5E5548C8,1582647496,0,1363,0x80006ECF,0xFFFFFFFF,0x5E5548C8
Blast Cannon Shell,0x56075C12,1443322898,0,4886,0x8000A264,0x0000FD5A,0x56075C12
bld_attachTemplate,0x5487BA35,1418181173,0,6117,0x900001EF,0x00010458,0x5487BA35
bld_debrisdestructTemplate,0x5F144D41,1595166017,0,6118,0x900001F0,0x00013450,0x5F144D41
bld_pieceTemplate050,0x1DD7B153,500674899,0,6116,0x900001EE,0x0000A9DB,0x1DD7B153
bld_pieceTemplate100,0x153BCAA1,356240033,0,2773,0x8000874B,0x0000CDC9,0x153BCAA1
bld_pieceTemplate200,0xC82F8C6E,3358559342,0,2775,0x8000874D,0x0000529E,0xC82F8C6E
bld_sliceTemplate050,0x1EDD4587,517817735,0,6115,0x900001ED,0x00000888,0x1EDD4587
bld_sliceTemplate100,0x8F5A93AD,2405077933,0,2774,0x8000874C,0x00009EE8,0x8F5A93AD
bld_sliceTemplate200,0x4160D2DA,1096864474,0,2776,0x8000874E,0xFFFFFFFF,0x4160D2DA
Boat,0x45847B03,1166310147,1,833,0x8000638E,0x00012EA8,0x45847B03
Boat Seats (Driver) (VZ),0x5984F529,1501885737,1,1025,0x800068AB,0x0000340C,0x5984F529
BoatList_Amazon_Act1,0x85405DEC,2235588076,1,4579,0x80009F48,0x0000842C,0x85405DEC
BoatList_Amazon_Act2,0x1F3D7EC3,524123843,1,5940,0x8000B1E1,0xFFFFFFFF,0x1F3D7EC3
BoatList_AngelFalls_Ac1,0xD2C7B595,3536303509,1,5643,0x8000AC8E,0x0000AA18,0xD2C7B595
BoatList_Caracas_Act1_A,0x7495A0A6,1955963046,1,4565,0x80009F34,0x0000FEC4,0x7495A0A6
BoatList_Caracas_Act1_B,0xF69D2911,4137494801,1,4566,0x80009F35,0x00003F86,0xF69D2911
BoatList_Caracas_Act1_C,0xFC9AF3EC,4238013420,1,4567,0x80009F37,0x00000AC6,0xFC9AF3EC
BoatList_Caracas_Act2_ALL,0xEA2C5BC5,3928775621,1,4568,0x80009F3A,0x00006546,0xEA2C5BC5
BoatList_Caracas_Act2_CHI,0x4D76D8E2,1299634402,1,5188,0x8000A4B3,0x000050DE,0x4D76D8E2
BoatList_Caracas_Act3_ALL,0xC7957078,3348459640,1,4569,0x80009F3B,0x0000A08B,0xC7957078
BoatList_Caracas_Act3_CHI,0x4E288B0F,1311279887,1,4570,0x80009F3C,0x0000D843,0x4E288B0F
BoatList_Cumana_Act1_A,0xA109E753,2701780819,1,4572,0x80009F3E,0x0001253B,0xA109E753
BoatList_Cumana_Act1_B,0xC70C61BC,3339477436,1,4573,0x80009F3F,0x000129AB,0xC70C61BC
BoatList_Cumana_Act1_C,0x410F6061,1091526753,1,4574,0x80009F40,0x0000DE65,0x410F6061
BoatList_Cumana_Act2_CHI,0x8C249C77,2351209591,1,4575,0x80009F42,0xFFFFFFFF,0x8C249C77
BoatList_Jungle_Act1,0xCD93B7A1,3449010081,1,4578,0x80009F47,0x0000698D,0xCD93B7A1
BoatList_Jungle_Act2,0x4B8C2F36,1267478326,1,5938,0x8000B1DF,0x00005718,0x4B8C2F36
BoatList_Mar_City_Act1_A,0x53020772,1392641906,1,4358,0x80009D2C,0xFFFFFFFF,0x53020772
BoatList_Mar_City_Act1_B,0xD5098FDD,3574173661,1,4359,0x80009D2F,0x000029D3,0xD5098FDD
BoatList_Mar_City_Act1_C,0xEB0773E8,3943134184,1,4360,0x80009D30,0xFFFFFFFF,0xEB0773E8
BoatList_Mar_City_Act1_D,0xECFAAB1B,3975850779,1,4361,0x80009D34,0xFFFFFFFF,0xECFAAB1B
BoatList_Mar_City_Act2_A,0x9E0D2FC1,2651664321,1,4563,0x80009F31,0x00009B7A,0x9E0D2FC1
BoatList_Mar_City_Act3_A,0x123F28B4,306129076,1,4564,0x80009F32,0x0000A70A,0x123F28B4
BoatList_Merida_Act1,0x8D7F0FF0,2373914608,1,4576,0x80009F43,0x000024EE,0x8D7F0FF0
BoatList_Merida_Act2,0x777CAEB7,2004659895,1,4577,0x80009F44,0x00003BDA,0x777CAEB7
BoatList_OC_Depot,0xE4E9AEDB,3840519899,1,5918,0x8000B1C8,0x00002049,0xE4E9AEDB
BoatList_OC_Depot_Act1,0xC0692A6B,3228117611,1,5633,0x8000AC83,0x0000DA1B,0xC0692A6B
BoatList_PirateHQ_Cutter,0x5BCF12D6,1540297430,1,5650,0x8000AC97,0x00005A69,0x5BCF12D6
BoatList_PirateHQ_Jetski,0x43943B5F,1133787999,1,5648,0x8000AC95,0x00010A80,0x43943B5F
BoatList_PirateHQ_Jetski_Driver,0x43DE8FEC,1138659308,1,5951,0x8000B1ED,0x00013FF4,0x43DE8FEC
BoatList_PirateIsles_Act1_A,0x098196E7,159487719,1,5962,0x8000B2D7,0x00000FBE,0x098196E7
BoatList_PmcHQ_Act1,0xF41256D3,4094842579,1,5642,0x8000AC8D,0x000047DB,0xF41256D3
BoatList_Simple,0x37E6A534,937862452,1,3100,0x80008BB8,0x0000F649,0x37E6A534
BoatList_VZCon001,0x8EC130AB,2395025579,1,5945,0x8000B1E7,0x0000FADA,0x8EC130AB
Bomb,0xA9FD3561,2851943777,0,1574,0x80007211,0x00010887,0xA9FD3561
Box,0xA0787FC8,2692251592,0,0,0x80000002,0x00001DBB,0xA0787FC8
Box Trailer,0x160D3EBD,369966781,0,1813,0x800076A4,0x00009A40,0x160D3EBD
Briefing Interior,0x0B054E4B,184897099,0,1913,0x80007A02,0x00002763,0x0B054E4B
Buggy,0x6AFF0875,1795098741,1,57,0x80004730,0x00007CE0,0x6AFF0875
Buggy (Guerilla driver),0xAF3C2665,2939954789,1,58,0x80004732,0x00008801,0xAF3C2665
Buggy (Hellfire),0x8E0908F1,2382956785,1,4697,0x8000A000,0x000120BB,0x8E0908F1
Buggy (PR),0x86835E18,2256756248,1,2583,0x800085DA,0x000134F7,0x86835E18
Buggy_Driver,0x1FC07476,532706422,1,5070,0x8000A403,0x00011448,0x1FC07476
BuggyPR_Driver,0x42AE049C,1118700700,1,5111,0x8000A452,0x000136D2,0x42AE049C
Building Slice Collapse,0x0007CCC4,511172,0,83,0x80004B3D,0x00005638,0x0007CCC4
Building Spawner,0x7C3107D5,2083588053,0,1355,0x80006EC6,0x0000E514,0x7C3107D5
Bullpup Rifle,0x3F93CEF7,1066651383,0,994,0x80006881,0xFFFFFFFF,0x3F93CEF7
Bullpup Rifle (Window Spawner),0x4B27AF68,1260892008,0,3001,0x80008A21,0x0000E9EC,0x4B27AF68
Bullpup Rifle Bullet,0xFA695BE9,4201208809,0,995,0x80006882,0xFFFFFFFF,0xFA695BE9
Bunker Buster Projectile,0x74C64496,1959150742,0,2425,0x8000845D,0x0000CAE8,0x74C64496
C4,0xCAF30DA8,3404926376,0,707,0x80005FD3,0x0000F046,0xCAF30DA8
C4 Detonator,0xA5F4BC6C,2784279660,0,709,0x80005FD5,0x0000F8CD,0xA5F4BC6C
C4 Projectile,0xFC6B9E2D,4234911277,0,708,0x80005FD4,0x000088A2,0xFC6B9E2D
Car,0xCE27C791,3458713489,0,499,0x800056D0,0xFFFFFFFF,0xCE27C791
Carbine,0xDF10D765,3742422885,0,1575,0x80007212,0x000121AD,0xDF10D765
Carbine (Window Spawner),0x4EA10F02,1319177986,0,3006,0x80008A26,0x0000C745,0x4EA10F02
Carbine Bullet,0x73697F5F,1936293727,0,5837,0x8000AF92,0xFFFFFFFF,0x73697F5F
Cargo Ship,0x4CF6278F,1291200399,1,3210,0x80008EFC,0x000030EC,0x4CF6278F
Carmona,0xED346E8A,3979636362,0,2292,0x800082B6,0x0000E98A,0xED346E8A
Carpet Bomb Projectile,0x38F6D4D5,955700437,0,383,0x8000522D,0x00005A93,0x38F6D4D5
Cart Worker (female),0x80CDF678,2160981624,0,2139,0x800081A2,0x00001E37,0x80CDF678
Cart Worker (male),0x20A0AAA9,547400361,0,2134,0x8000819D,0x0000B50A,0x20A0AAA9
Cash (Case),0xF6FA1AB5,4143585973,0,2627,0x8000860D,0xFFFFFFFF,0xF6FA1AB5
Cash (Large),0xE8E9D8CA,3907639498,0,2628,0x8000860E,0x0000876B,0xE8E9D8CA
Cash (Medium),0x1A7DE40E,444457998,0,2626,0x8000860C,0xFFFFFFFF,0x1A7DE40E
Cash (Small),0xFAA7FE7E,4205313662,0,2625,0x8000860B,0x0000506D,0xFAA7FE7E
Cessna,0x3C411D08,1010900232,0,1821,0x800076AC,0x00006BB0,0x3C411D08
CH Defender (AA),0xDF26D7BC,3743864764,0,5030,0x8000A3D3,0x0000D8DC,0xDF26D7BC
CH Defender (AT),0xD94D6FEF,3645730799,0,5029,0x8000A3D2,0xFFFFFFFF,0xD94D6FEF
CH Defender (AT) (Window Spawner),0x05D217B0,97654704,0,3004,0x80008A24,0x0000015E,0x05D217B0
CH Defender (MG),0xEA3ECB5E,3929983838,0,5040,0x8000A3DD,0xFFFFFFFF,0xEA3ECB5E
CH Defender (Rifle),0xAF46FE02,2940665346,0,5028,0x8000A3D1,0xFFFFFFFF,0xAF46FE02
CH Defender (Sniper),0x1BA70DC1,463932865,0,5031,0x8000A3D4,0x0000551D,0x1BA70DC1
Chain Cannon Bullet,0xA26ABEA5,2724904613,0,4047,0x80009AD6,0x00011BF5,0xA26ABEA5
Chain Cannon Bullet (CH),0x34067D75,872840565,0,4108,0x80009B17,0x0001384B,0x34067D75
Chain Cannon Bullet (GR),0x50072627,1342645799,0,4115,0x80009B1E,0x000069AB,0x50072627
chairs,0x214F3303,558838531,0,111,0x80004C1C,0x00006D42,0x214F3303
CheapDebrisTemplate,0x31E69F35,837197621,0,6114,0x900001EC,0xFFFFFFFF,0x31E69F35
Cheat RPG,0x49401D0B,1228938507,0,4893,0x8000A26B,0x0001304C,0x49401D0B
Cheat RPG Rocket,0xBBF165B1,3153159601,0,4892,0x8000A26A,0x00010759,0xBBF165B1
ChiDbSpawner,0x6E0EED01,1846471937,0,2381,0x80008339,0x00010D55,0x6E0EED01
ChiDbSpawner (Squad Full AT),0x54D605F4,1423312372,0,5661,0x8000ACA4,0x0000BDA1,0x54D605F4
ChiDbSpawner (Squad Half AT),0xBB7FE84C,3145721932,0,5662,0x8000ACA5,0x00011CE7,0xBB7FE84C
ChiDbSpawner (Squad Quarter AT),0x17419369,390173545,0,5909,0x8000B03C,0xFFFFFFFF,0x17419369
ChiDbSpawner (Squad),0x2C95035A,747963226,0,3014,0x80008A2E,0x00005721,0x2C95035A
ChiHq_Interior,0xA9BF983F,2847905855,0,2363,0x8000831D,0xFFFFFFFF,0xA9BF983F
china,0x41359CCE,1094032590,0,491,0x800056C6,0x0000CB52,0x41359CCE
ChinaSkirmishTest,0xE54C502A,3846983722,0,3092,0x80008BB0,0xFFFFFFFF,0xE54C502A
Chinese Airborne,0x34DA0AF0,886704880,0,2295,0x800082B9,0x000107FE,0x34DA0AF0
Chinese Airborne (AT),0x41C0EAE0,1103162080,0,4509,0x80009E67,0x00002E0F,0x41C0EAE0
Chinese Airborne (Light MG),0x8F248EDD,2401537757,0,4510,0x80009E68,0x0000B79D,0x8F248EDD
Chinese Boss,0x03393679,54081145,0,2156,0x800081B5,0x00013FC6,0x03393679
Chinese Boss (Invincible),0x70F1D3BB,1894896571,0,5753,0x8000ADA3,0x0000BE00,0x70F1D3BB
Chinese Destroyer,0x02DFA76D,48211821,1,3208,0x80008EFA,0x00012B8C,0x02DFA76D
Chinese Destroyer (FULL),0x4A5512FF,1247089407,1,3219,0x80008F05,0x0000C1F9,0x4A5512FF
Chinese Destroyer (Jammer),0x0177153A,24581434,1,3234,0x80008F16,0x0000FB58,0x0177153A
Chinese Elite Soldier,0xA11F6971,2703190385,0,2166,0x800081C0,0x00000045,0xA11F6971
Chinese Heavy (AA),0x8B12853E,2333246782,0,4053,0x80009ADE,0x00008D73,0x8B12853E
Chinese Heavy (Light MG),0xA7CE8B80,2815331200,0,1351,0x80006EC0,0x0000E25A,0xA7CE8B80
Chinese Heavy (RPG),0xDBACFF2D,3685547821,0,1352,0x80006EC1,0x000005E7,0xDBACFF2D
Chinese Medic,0x2CCA7D48,751467848,0,2152,0x800081B1,0xFFFFFFFF,0x2CCA7D48
Chinese Officer,0x59ED821C,1508737564,0,2296,0x800082BA,0x00012D3F,0x59ED821C
Chinese Paratrooper,0x056D6979,91056505,0,5005,0x8000A3B9,0x0000F5DB,0x056D6979
Chinese Pilot (God),0x7A1028CB,2047879371,0,5840,0x8000AF95,0x0000AF30,0x7A1028CB
Chinese Pilot A,0x579DD039,1469960249,0,2148,0x800081AD,0x000004E0,0x579DD039
Chinese Pilot B,0xF5967A2E,4120279598,0,2149,0x800081AE,0xFFFFFFFF,0xF5967A2E
Chinese Prisoner,0xCB0A2146,3406438726,0,2151,0x800081B0,0xFFFFFFFF,0xCB0A2146
Chinese Sailor,0x65C7D21A,1707594266,0,2150,0x800081AF,0x000031D9,0x65C7D21A
Chinese Sailor (AA),0x272F8B51,657427281,0,4057,0x80009AE2,0x00010918,0x272F8B51
Chinese Sailor (Light MG),0x515CFB63,1365048163,0,4059,0x80009AE4,0x0000D7DC,0x515CFB63
Chinese Sniper,0x0B0A1B2B,185211691,0,1354,0x80006EC4,0x0000DD9D,0x0B0A1B2B
Chinese Soldier,0x26EC3650,653014608,0,1350,0x80006EBF,0x0000AAD0,0x26EC3650
Chinese Starter 01,0xE515DDBC,3843415484,0,2154,0x800081B3,0xFFFFFFFF,0xE515DDBC
Chinese Starter 02,0xBF136353,3205718867,0,2155,0x800081B4,0x00007866,0xBF136353
Chinese Starter 03,0xDD1153F6,3708900342,0,2337,0x800082E9,0x0000974C,0xDD1153F6
Chinese Starter 04,0xE722ACD5,3877809365,0,2338,0x800082EA,0x0000DF65,0xE722ACD5
Chinese Starter 05,0xBD202C20,3173002272,0,2339,0x800082EB,0x0000C11C,0xBD202C20
Chinese Starters,0x3DB9383E,1035548734,0,2153,0x800081B2,0xFFFFFFFF,0x3DB9383E
Chinese Tank Commander,0x70DA1B50,1893342032,1,2297,0x800082BB,0xFFFFFFFF,0x70DA1B50
Chinese VIP,0x38C5CB33,952486707,0,2391,0x80008385,0x0000FACE,0x38C5CB33
Chinese Worker,0xF4D53B94,4107615124,0,2147,0x800081AC,0x0000E663,0xF4D53B94
Chinese Worker (Exercise),0x38E8BC3F,954776639,0,3827,0x800097DD,0x0000C1B5,0x38E8BC3F
ChiVehTraffic,0x82B00835,2192574517,0,2674,0x8000867B,0x00011EBD,0x82B00835
chong,0xF856AB5E,4166429534,0,67,0x800047A7,0x00004CC9,0xF856AB5E
chong c1,0x6101B5F6,1627502070,0,68,0x800047A9,0x0000CC60,0x6101B5F6
chong c2,0xE3093E61,3809033825,0,648,0x80005D82,0xFFFFFFFF,0xE3093E61
Chopper,0x78CF64E6,2026857702,1,2240,0x80008215,0x0000D451,0x78CF64E6
Chopper (Driver),0x714FA07D,1901043837,1,2285,0x80008249,0x00004EA4,0x714FA07D
Chopper (Driver) (Civ Motorcycle male),0x47F9E30C,1207558924,1,4297,0x80009CC4,0x000132F6,0x47F9E30C
Chopper_Driver,0xC532455F,3308406111,1,5113,0x8000A457,0xFFFFFFFF,0xC532455F
chris,0xD64BB122,3595284770,0,1781,0x800075E7,0xFFFFFFFF,0xD64BB122
ChrisChickensuit,0xC2398360,3258549088,0,2306,0x800082C4,0xFFFFFFFF,0xC2398360
chrisupgrade1,0x4834745B,1211397211,0,4835,0x8000A1C1,0x0000EDAB,0x4834745B
chrisupgrade2,0xAE375384,2922861444,0,4836,0x8000A1C2,0xFFFFFFFF,0xAE375384
chrisupgrade3,0xC839BB09,3359226633,0,4837,0x8000A1C3,0x0000107B,0xC839BB09
ChrisV2,0xAA1A3B0A,2853845770,0,2304,0x800082C2,0x00004A3D,0xAA1A3B0A
ChrisV3,0xCC1CAF27,3424431911,0,2305,0x800082C3,0x00004AA3,0xCC1CAF27
Chunk,0x950E7438,2500752440,0,1093,0x80006A75,0x00003969,0x950E7438
Chunk Set,0xC06C5F3C,3228327740,0,389,0x8000555C,0x00009019,0xC06C5F3C
Chunk Set (Tree Branches),0xC2FA6CE5,3271191781,0,1840,0x800076D5,0x0000F0F8,0xC2FA6CE5
Chunk_aa,0x21EDB019,569225241,0,1094,0x80006A76,0x0000F41F,0x21EDB019
Chunk_ab,0xBFE65A0E,3219544590,0,1095,0x80006A77,0xFFFFFFFF,0xBFE65A0E
Chunk_ac,0xA1E8696B,2716363115,0,1096,0x80006A78,0xFFFFFFFF,0xA1E8696B
Chunk_ad,0x9FF53238,2683646520,0,840,0x80006397,0x000031AE,0x9FF53238
Chunk_ae,0xC9F7B2ED,3388453613,0,839,0x80006396,0x00001E8F,0xC9F7B2ED
Chunk_af,0x47F02A82,1206921858,0,838,0x80006395,0x00002792,0x47F02A82
Chunk_ag,0x29F239DF,703740383,0,837,0x80006394,0x00001AE4,0x29F239DF
Chunk_ah,0x27FF02AC,671023788,0,842,0x80006399,0x0000E63F,0x27FF02AC
Chunk_ai,0x220137D1,570505169,0,841,0x80006398,0x0000C199,0x220137D1
Chunk_aj,0x9FF9AF66,2683940710,0,766,0x80006217,0xFFFFFFFF,0x9FF9AF66
Chunk_ak,0xC1FC2383,3254526851,0,767,0x80006218,0x00001174,0xC1FC2383
Chunk_al,0xC008EC50,3221810256,0,768,0x80006219,0x00000EDD,0xC008EC50
Chunk_am,0xAA0B0845,2852849733,0,769,0x8000621A,0x00007C01,0xAA0B0845
Chunk_asphalt_small02,0x7A81F6E2,2055337698,0,2797,0x80008763,0xFFFFFFFF,0x7A81F6E2
Chunk_asphalt_small03,0xDC84CFBF,3699691455,0,2798,0x80008764,0xFFFFFFFF,0xDC84CFBF
Chunk_asphalt_small04,0x7A7D79B4,2055043508,0,2799,0x80008765,0x000024ED,0x7A7D79B4
Chunk_Branch01,0xF8EBFE62,4176215650,0,3708,0x8000955A,0x0000D1BD,0xF8EBFE62
Chunk_Brick_Small01,0xBF25A4A7,3206915239,0,84,0x80004B45,0x0000FE24,0xBF25A4A7
Chunk_Brick_Small02,0x15286AA0,354970272,0,85,0x80004B46,0x00006253,0x15286AA0
Chunk_Brick_Small03,0x3F2AEB55,1059777365,0,87,0x80004B48,0xFFFFFFFF,0x3F2AEB55
Chunk_Brick_Small04,0x35199276,890868342,0,86,0x80004B47,0x0000283D,0x35199276
Chunk_Concrete_Large01,0x8B55BA93,2337651347,0,1308,0x80006D9F,0x0000C182,0x8B55BA93
Chunk_Concrete_Large02,0xB15834FC,2975347964,0,1309,0x80006DA0,0x0000E3E8,0xB15834FC
Chunk_Concrete_Small01,0x02E016BB,48240315,0,1468,0x80007013,0xFFFFFFFF,0x02E016BB
Chunk_Concrete_Small02,0xE8E22C64,3907136612,0,1469,0x80007014,0x0000705E,0xE8E22C64
Chunk_Concrete_Small03,0x02E493E9,48534505,0,1470,0x80007015,0x00001867,0x02E493E9
Chunk_Concrete_Small04,0x68E77312,1759998738,0,1471,0x80007016,0xFFFFFFFF,0x68E77312
Chunk_Metal_LargeA,0x4C8224B9,1283597497,0,760,0x80006210,0xFFFFFFFF,0x4C8224B9
Chunk_Metal_LargeB,0xEA7ACEAE,3933916846,0,761,0x80006211,0xFFFFFFFF,0xEA7ACEAE
Chunk_Metal_LargeC,0x4C7DA78B,1283303307,0,778,0x80006223,0x00006473,0x4C7DA78B
Chunk_Metal_LargeD,0xCA89A6D8,3398018776,0,779,0x80006224,0x00007FD2,0xCA89A6D8
Chunk_Metal_LongA,0x17D9F02E,400158766,0,762,0x80006212,0x0000D683,0x17D9F02E
Chunk_Metal_PipeA,0x16468BCC,373722060,0,763,0x80006214,0xFFFFFFFF,0x16468BCC
Chunk_Metal_smallA,0x7EE8355D,2129147229,0,764,0x80006215,0xFFFFFFFF,0x7EE8355D
Chunk_Metal_SmallB,0xFCE0ACF2,4242582770,0,1518,0x80007175,0x00011AA5,0xFCE0ACF2
Chunk_Metal_SmallC,0x1EE3210F,518201615,0,1519,0x80007176,0x00001FEB,0x1EE3210F
Chunk_rpg,0x3341C41C,859948060,0,1976,0x80008015,0xFFFFFFFF,0x3341C41C
Chunk_Tile_Small01,0xBC16FBAE,3155622830,0,1498,0x80007032,0xFFFFFFFF,0xBC16FBAE
Chunk_Tile_Small02,0x1E1E51B9,505303481,0,1499,0x80007033,0x00010DC5,0x1E1E51B9
Chunk_Tree_Branch,0x1EE3478A,518211466,0,1839,0x800076D4,0x0000615B,0x1EE3478A
chunk_wood_beam,0xD84D272A,3628934954,0,2794,0x80008760,0x00011C43,0xD84D272A
chunk_wood_panel,0xC478DD9B,3296255387,0,2795,0x80008761,0x0001278D,0xC478DD9B
chunk_wood_small01,0x6CA9C995,1823066517,0,2792,0x8000875E,0x0000922E,0x6CA9C995
chunk_wood_small02,0xCAA20ECA,3399618250,0,2793,0x8000875F,0x0000A085,0xCAA20ECA
ChunkFlame,0x2B687AE5,728267493,0,1097,0x80006A79,0x0000F54D,0x2B687AE5
ChunkFlamePersistent,0xF0325066,4029829222,0,1156,0x80006BAA,0x0000C5A6,0xF0325066
chunks_debriseffect,0xA6175DE4,2786549220,0,1307,0x80006D9E,0x00005F43,0xA6175DE4
chunks_rpg,0x673929DB,1731799515,0,1977,0x80008016,0xFFFFFFFF,0x673929DB
ChunkSmoke,0x4B366E23,1261858339,0,1098,0x80006A7A,0x0000C0C1,0x4B366E23
Cigarette (base),0x5809751D,1477014813,0,1766,0x800075D8,0x00007956,0x5809751D
Cigarette_Driver,0x101FD2E0,270521056,0,5081,0x8000A410,0x0000D1E6,0x101FD2E0
CIV,0xDCC8B14D,3704140109,0,483,0x800056BE,0x00009F20,0xDCC8B14D
Civ Beach A (Female),0x42183C02,1108884482,0,2115,0x80008189,0x000137F4,0x42183C02
Civ Beach B (Female),0x17DB1883,400234627,0,2116,0x8000818A,0x00006E6A,0x17DB1883
Civ Beach C (Female),0x9CF92F0C,2633576204,0,2345,0x800082F2,0x00002A73,0x9CF92F0C
Civ Beach D (Female),0x3C2BB74D,1009497933,0,2346,0x800082F3,0x0000CDFF,0x3C2BB74D
Civ Business (Female),0xEAF68A6A,3942025834,0,1329,0x80006E52,0x00005CE6,0xEAF68A6A
Civ Business (male),0xD581782F,3582031919,0,1339,0x80006EAD,0x0000981B,0xD581782F
Civ Business B (male),0x93B36E7D,2478009981,0,2135,0x8000819E,0x0000F2B8,0x93B36E7D
Civ Casual (female),0x2A5C35C9,710686153,0,1319,0x80006E45,0xFFFFFFFF,0x2A5C35C9
Civ Casual (male),0xA22617AC,2720405420,0,1318,0x80006E44,0xFFFFFFFF,0xA22617AC
Civ Casual with Hat (female),0xE1785BBC,3782761404,0,2356,0x800082FD,0xFFFFFFFF,0xE1785BBC
Civ Cowboy (male),0xAA5175EE,2857465326,0,1320,0x80006E46,0x0000C84E,0xAA5175EE
Civ Doctor (female),0x6837129F,1748439711,0,2329,0x800082DE,0xFFFFFFFF,0x6837129F
Civ Doctor 2 (female),0x6B7E69E5,1803446757,0,2330,0x800082DF,0x00001CA2,0x6B7E69E5
Civ Fueltrailer,0x73999888,1939445896,0,4012,0x800099A2,0x00002F10,0x73999888
Civ Fueltrailer_PmcCon018,0x022F55BA,36656570,0,5566,0x8000AB68,0xFFFFFFFF,0x022F55BA
Civ Industrial (female),0xDFA85263,3752350307,0,817,0x80006318,0x00011A35,0xDFA85263
Civ Industrial (male),0x9B1A9B92,2602212242,0,818,0x8000631A,0x00000E9D,0x9B1A9B92
Civ Journalist A (male),0x6477AB1B,1685564187,0,2325,0x800082DA,0x0000769D,0x6477AB1B
Civ Journalist B (male),0x48F58526,1224049958,0,2326,0x800082DB,0x0001331F,0x48F58526
Civ Journalist C (female),0x9B77D2F0,2608321264,0,2327,0x800082DC,0xFFFFFFFF,0x9B77D2F0
Civ Journalist D (female),0xC1A99029,3249115177,0,2328,0x800082DD,0x00003083,0xC1A99029
Civ Motorcycle (male),0x63825598,1669485976,1,2358,0x800082FF,0xFFFFFFFF,0x63825598
Civ Poor (female),0x6D8CBE4C,1837940300,0,2131,0x80008199,0x00004E19,0x6D8CBE4C
Civ Poor (male),0x26E9D55D,652858717,0,2130,0x80008198,0x000100F4,0x26E9D55D
Civ Rich (female),0x4A506AEA,1246784234,0,2133,0x8000819C,0x000093D2,0x4A506AEA
Civ Rich (male),0x996B44AF,2573943983,0,2132,0x8000819B,0x0000A246,0x996B44AF
Civ Taxi Driver (male),0x7DCB768D,2110486157,0,2359,0x80008300,0x0000A29B,0x7DCB768D
Civilian,0xD2601C86,3529514118,0,108,0x80004C15,0xFFFFFFFF,0xD2601C86
CivilianList,0x059AF94E,94042446,0,102,0x80004C05,0xFFFFFFFF,0x059AF94E
ClownCar,0x04770EA2,74911394,0,1906,0x8000780B,0x0000BBCA,0x04770EA2
Cluster Bomb Projectile,0xBEC3E888,3200510088,0,2421,0x80008459,0x00006374,0xBEC3E888
Cluster Bomblet Projectile,0xE9EF1357,3924759383,0,2422,0x8000845A,0x0000EBEE,0xE9EF1357
Coanda,0x937D0BCB,2474445771,1,867,0x800063BF,0x0001200A,0x937D0BCB
Coanda Attack,0x8FA0A591,2409670033,1,3644,0x80009478,0x0000E802,0x8FA0A591
Coanda Attack (Driver),0xA156846C,2706801772,1,3646,0x8000947A,0x0000042B,0xA156846C
Coanda Attack (Ewan),0xFDBB6BA9,4256918441,1,5978,0x8000B366,0x00010CD7,0xFDBB6BA9
Coanda Attack (Full),0x7313CA1B,1930676763,1,3654,0x80009515,0x000085C1,0x7313CA1B
Coanda Gunship,0xB321082B,3005286443,1,868,0x800063C0,0x00012380,0xB321082B
Coanda Gunship (Delivery),0xE998E2A4,3919110820,1,1932,0x80007D94,0x0000D1B7,0xE998E2A4
Coanda Gunship (Driver),0x112B50C6,288051398,1,1776,0x800075E2,0x00012C7A,0x112B50C6
Coanda Gunship (Ewan),0x84E5AF7F,2229645183,1,5979,0x8000B367,0x0000CAF4,0x84E5AF7F
Coanda Gunship (Full),0xF86F549D,4168045725,1,873,0x800063C5,0x00009278,0xF86F549D
Coanda Superiority,0xECD7D340,3973567296,1,3645,0x80009479,0x00002457,0xECD7D340
Coanda Superiority (Driver),0x001783DF,1541087,1,3653,0x80009514,0x00005BB8,0x001783DF
Coanda Superiority (Ewan),0x011C5856,18634838,1,5980,0x8000B368,0x00000764,0x011C5856
Coanda Superiority (Full),0xF86A3C54,4167711828,1,3655,0x80009516,0x000096BB,0xF86A3C54
Coanda Transport,0x4925098C,1227164044,1,2220,0x800081F9,0x0001167C,0x4925098C
Coanda Transport (Driver),0x44CF1B8B,1154423691,1,2221,0x800081FA,0x000020A2,0x44CF1B8B
Coanda Transport (Ewan),0x8642C152,2252521810,1,5981,0x8000B369,0x000101BE,0x8642C152
Coanda Transport (Extraction),0xE063D388,3764638600,1,5046,0x8000A3E3,0x00013C51,0xE063D388
Coanda Transport (Full),0x4DF1FD48,1307704648,1,2222,0x800081FB,0x00013300,0x4DF1FD48
Coanda Transport (Pursuit),0x46F96893,1190750355,1,4906,0x8000A27D,0x000005F3,0x46F96893
Coilgun,0x25A6B2FE,631681790,0,2408,0x80008448,0xFFFFFFFF,0x25A6B2FE
Coilgun Bullet,0xAABA7EEE,2864348910,0,2412,0x8000844C,0x000075DF,0xAABA7EEE
coinoperated,0x6C519C7A,1817287802,0,120,0x80004C26,0x0000B288,0x6C519C7A
Combat Rifle,0x5E3DE643,1581114947,0,988,0x80006878,0x00003777,0x5E3DE643
Combat Rifle (Window Spawner),0xDC4B09CC,3695905228,0,3000,0x80008A20,0xFFFFFFFF,0xDC4B09CC
Combat Rifle Bullet,0xFBD57875,4225071221,0,987,0x80006877,0x0000FA81,0xFBD57875
commercial_raod5,0xD2216BAD,3525405613,0,153,0x80004CE6,0xFFFFFFFF,0xD2216BAD
commercial_raod5t,0x69F09A5B,1777375835,0,73,0x80004A42,0xFFFFFFFF,0x69F09A5B
commercial_road10cross.xsi,0xA2D106BF,2731607743,0,154,0x80004CE7,0x0000412F,0xA2D106BF
commercial_road10cross5.xsi,0x869EAA1C,2258545180,0,75,0x80004A44,0x0000474C,0x869EAA1C
commercial_road5,0xBE7BE56D,3195790701,0,70,0x80004A3F,0x0000466E,0xBE7BE56D
commercial_road5cross,0x1A98F393,446231443,0,74,0x80004A43,0x00000C29,0x1A98F393
commercial_road5L,0xBB5C6FC3,3143397315,0,71,0x80004A40,0x0000D204,0xBB5C6FC3
commercial_road5t10,0x011624D8,18228440,0,72,0x80004A41,0x00012A90,0x011624D8
Cougar,0x7690A482,1989190786,0,4017,0x800099A7,0x0000D456,0x7690A482
Cougar (Driver) (Civ Business B Male),0x4D32D5FB,1295177211,0,4592,0x80009F5A,0x000053D1,0x4D32D5FB
Cover,0xBABE579E,3133036446,0,2983,0x80008A0C,0x00011B3E,0xBABE579E
Cover (Barrel),0xBACBBC6F,3133914223,0,5692,0x8000ACC5,0xFFFFFFFF,0xBACBBC6F
Cover (Barricade),0xEAEC1AF8,3941341944,0,5684,0x8000ACBB,0x0000D9CB,0xEAEC1AF8
Cover (Box),0xED03DE66,3976453734,0,2987,0x80008A12,0xFFFFFFFF,0xED03DE66
Cover (Building Custom),0x35888DF4,898141684,0,5683,0x8000ACBA,0x00007B31,0x35888DF4
Cover (Building Poor),0x8E85833F,2391114559,0,5688,0x8000ACBF,0x000136C4,0x8E85833F
Cover (Building),0x043CB553,71087443,0,5676,0x8000ACB3,0xFFFFFFFF,0x043CB553
Cover (Car),0x8689C3E5,2257175525,0,5687,0x8000ACBE,0x0000F98D,0x8689C3E5
Cover (Container),0xE7FF5728,3892270888,0,5686,0x8000ACBD,0x0000B516,0xE7FF5728
Cover (Custom),0x7C9DFFAC,2090729388,0,5691,0x8000ACC4,0xFFFFFFFF,0x7C9DFFAC
Cover (Fence),0x562500A6,1445265574,0,5674,0x8000ACB1,0x00001498,0x562500A6
Cover (Junk),0xB521C7B9,3038889913,0,5685,0x8000ACBC,0x0000CC14,0xB521C7B9
Cover (Placeable Popup),0xD3A761B2,3550962098,0,5677,0x8000ACB4,0xFFFFFFFF,0xD3A761B2
Cover (Placeable Sidestep),0x5639C55F,1446626655,0,5678,0x8000ACB5,0xFFFFFFFF,0x5639C55F
Cover (Plant),0xE3E474B2,3823400114,0,5673,0x8000ACB0,0x00007CA3,0xE3E474B2
Cover (Rock),0x5FA0B806,1604368390,0,5670,0x8000ACAD,0x0000CB88,0x5FA0B806
Cover (Sandbag Corner),0x60B2EB06,1622338310,0,5679,0x8000ACB6,0xFFFFFFFF,0x60B2EB06
Cover (Sandbag Custom),0xF167ED60,4050120032,0,5682,0x8000ACB9,0x000010C8,0xF167ED60
Cover (Sandbag End),0x8AA9A276,2326372982,0,5680,0x8000ACB7,0x0000EDFC,0x8AA9A276
Cover (Sandbag Straight),0x7E2C94A9,2116850857,0,5681,0x8000ACB8,0x00012054,0x7E2C94A9
Cover (Sandbag),0xE7BD3547,3887936839,0,2985,0x80008A0F,0x0000976E,0xE7BD3547
Cover (Statue),0x65B98F8B,1706659723,0,5689,0x8000ACC0,0x00003113,0x65B98F8B
Cover (Tree Medium),0x51AC7CF8,1370258680,0,5671,0x8000ACAE,0x00013524,0x51AC7CF8
Cover (Tree Small),0xA2657DB0,2724560304,0,5672,0x8000ACAF,0xFFFFFFFF,0xA2657DB0
Cover (Tree),0x56073DB3,1443315123,0,2984,0x80008A0D,0x00008D9F,0x56073DB3
Cover (Vehicle),0x0A969F1B,177643291,0,5690,0x8000ACC2,0xFFFFFFFF,0x0A969F1B
Cover (Wall),0x3E05A4CF,1040557263,0,5675,0x8000ACB2,0xFFFFFFFF,0x3E05A4CF
Covert Pistol,0x175AB11B,391819547,0,1142,0x80006B65,0x00004C81,0x175AB11B
Covert Pistol Bullet,0x5A8F273D,1519331133,0,1146,0x80006B69,0xFFFFFFFF,0x5A8F273D
Covert SMG,0x3FDF8065,1071612005,0,1144,0x80006B67,0x000115E6,0x3FDF8065
Covert SMG Bullet,0xBFC5325F,3217371743,0,1145,0x80006B68,0xFFFFFFFF,0xBFC5325F
Cruise Missile Projectile,0x39F9955D,972658013,0,3165,0x80008E40,0x000022BF,0x39F9955D
CrushingDebrisLargeTemplate,0x1E1DD33E,505271102,0,2772,0x8000874A,0xFFFFFFFF,0x1E1DD33E
CrushingDebrisMedTemplate,0x099867E9,160983017,0,1045,0x8000691E,0x0000E0E1,0x099867E9
CrushingDebrisSmallTemplate,0x6986DB9A,1770445722,0,1044,0x8000691D,0x0000738D,0x6986DB9A
CRX,0xB67908C6,3061385414,0,60,0x8000473F,0x0000C6D6,0xB67908C6
CRX (Driver),0x0B67B3DD,191345629,0,61,0x80004740,0x0000E0A5,0x0B67B3DD
CRX (Driver) (Civ Business B),0x60531464,1616057444,0,4279,0x80009CB2,0x00000E41,0x60531464
CRX (racing),0x03F95C1D,66673693,0,2564,0x800085C4,0x0000630F,0x03F95C1D
CRX (racing) (Driver),0x5C5AD328,1549456168,0,4464,0x80009E2A,0x00007020,0x5C5AD328
CRX (racing) (Driver) (Civ Motorcycle male),0x54BAD151,1421529425,1,4641,0x80009FC3,0x00001723,0x54BAD151
CRX_Driver,0x1C5AD3BF,475714495,0,5053,0x8000A3F2,0x00010DCD,0x1C5AD3BF
CRX_RUIN,0xF4982A1F,4103612959,0,3466,0x800092C8,0x000104EE,0xF4982A1F
CRXRacing_Driver,0x44256B69,1143303017,0,5105,0x8000A42A,0x0000E132,0x44256B69
Cutter (base),0xD156A6EC,3512116972,0,2184,0x800081D4,0x00009D75,0xD156A6EC
Cutter (PR),0x6DA31E8B,1839406731,0,3329,0x80008FF4,0x0000D5A5,0x6DA31E8B
Cutter (PR) (Driver),0xAEB97C26,2931391526,0,3684,0x80009533,0x00003E36,0xAEB97C26
Cutter (PR) (Full),0xDCAB53FD,3702215677,0,3685,0x80009534,0x0000C1DA,0xDCAB53FD
Cutter (PR)_Ruined,0x6303B0EF,1661186287,0,4155,0x80009B52,0x00008CDC,0x6303B0EF
Cutter_Driver,0x83BD7A69,2210232937,0,5100,0x8000A425,0x00013FED,0x83BD7A69
Daisy Cutter Projectile,0x251BF46B,622589035,0,3166,0x80008E41,0xFFFFFFFF,0x251BF46B
Dance Radio,0x52F25E7F,1391615615,0,4912,0x8000A283,0x000090E5,0x52F25E7F
Dance Radio AL,0xDE9309A6,3734178214,0,4988,0x8000A3A3,0xFFFFFFFF,0xDE9309A6
Dance Radio AL Contact,0xA6F7A1CA,2801246666,0,4995,0x8000A3AB,0x00002F9C,0xA6F7A1CA
Dance Radio CH,0x5FA490B4,1604620468,0,4987,0x8000A3A2,0x000030F2,0x5FA490B4
Dance Radio CH Contact,0xE621A4E0,3860964576,0,4996,0x8000A3AC,0x000037FA,0xE621A4E0
Dance Radio Eva,0x9A6AAB11,2590681873,0,4999,0x8000A3B0,0x0000C1FF,0x9A6AAB11
Dance Radio GR,0xAD7D835A,2910683994,0,4985,0x8000A3A0,0x00012A27,0xAD7D835A
Dance Radio GR Contact,0x5318FDFE,1394146814,0,4997,0x8000A3AD,0x00007937,0x5318FDFE
Dance Radio OC,0xA8C0D2DF,2831209183,0,4986,0x8000A3A1,0xFFFFFFFF,0xA8C0D2DF
Dance Radio OC Contact,0xBFA48753,3215230803,0,4998,0x8000A3AE,0x000086FE,0xBFA48753
Dance Radio PR Contact,0xB6E03723,3068147491,0,4989,0x8000A3A4,0x00011D56,0xB6E03723
DangerousBuildingSimpleSpawners,0xBCD05D22,3167771938,0,3086,0x80008BAA,0x0000D047,0xBCD05D22
DangerousBuildingTest1,0x64FA3A44,1694120516,0,556,0x80005BAA,0x0000E7E8,0x64FA3A44
DangerousBuildingVZBarracks,0xDE512D7A,3729862010,0,2197,0x800081E2,0x00008AA4,0xDE512D7A
DangerousBuildingVZBarracks_HalfSpawn,0xB7E95A1F,3085523487,0,5535,0x8000AB46,0x00004A10,0xB7E95A1F
DangerousBuildingVZBarracks_HalfSpawn_Squad,0x211E5D68,555638120,0,2203,0x800081E8,0x000101FE,0x211E5D68
DangerousBuildingVZBarrackstent_RPG,0x85B8A191,2243469713,0,5913,0x8000B0C9,0x0000A2A7,0x85B8A191
DangerousBuildingVZBunker,0x21F8F2D4,569963220,0,2986,0x80008A11,0x00004D8F,0x21F8F2D4
DangerousBuildingVZTower,0x57C6E44E,1472652366,0,2198,0x800081E3,0x0000821D,0x57C6E44E
DB VZ RPG + Rifle,0xD3AA8AE5,3551169253,0,2989,0x80008A15,0x00006C1D,0xD3AA8AE5
DB_SquadTest,0xEA87BA74,3934763636,0,3096,0x80008BB4,0x000001D7,0xEA87BA74
debris m151 wheel,0x72227C3D,1914862653,1,2781,0x80008753,0xFFFFFFFF,0x72227C3D
debris m35 wheel,0xC1E768D8,3253168344,1,2782,0x80008754,0xFFFFFFFF,0xC1E768D8
debris_barreldrum,0xF2B6EB83,4072074115,0,3942,0x80009869,0x00006A94,0xF2B6EB83
debris_metal_chainlinkfence,0xA34CF23D,2739728957,0,4311,0x80009CD2,0xFFFFFFFF,0xA34CF23D
debris_metal_huge,0xE347179E,3813087134,0,2802,0x80008768,0x00006988,0xE347179E
debris_metal_lrg,0xB9ED0DA8,3119320488,0,3945,0x8000986D,0xFFFFFFFF,0xB9ED0DA8
debris_metal_med,0xD3413D47,3544268103,0,3943,0x8000986A,0x00012BAE,0xD3413D47
debris_metal_pipes,0xE695DCDE,3868581086,0,2805,0x8000876B,0x0000C110,0xE695DCDE
debris_metal_sml,0x844B57BD,2219530173,0,4310,0x80009CD1,0xFFFFFFFF,0x844B57BD
debris_metalpole_lrg,0x078F8C6A,126848106,0,4308,0x80009CCF,0x00002B0C,0x078F8C6A
debris_oilrig 0x8000a6f6,0x360397F2,906205170,0,5252,0x8000A6F6,0x00012BCB,0x360397F2
debris_rubber,0x66E977B5,1726576565,0,5250,0x8000A6F4,0x00011AF4,0x66E977B5
debris_sheetmetal_lrg,0xFBCCE465,4224509029,0,4309,0x80009CD0,0x0000311B,0xFBCCE465
debris_sheetmetal_sml,0x03CA0258,63570520,0,3944,0x8000986C,0x00013948,0x03CA0258
debris_stone_huge,0x3EBBF6D4,1052505812,0,4304,0x80009CCB,0xFFFFFFFF,0x3EBBF6D4
debris_stone_lrg,0x944C7D36,2488040758,0,3947,0x8000986F,0x0000E330,0x944C7D36
debris_stone_med,0xC471EE9D,3295800989,0,4305,0x80009CCC,0x00012547,0xC471EE9D
debris_stone_sml,0x88F18137,2297528631,0,4306,0x80009CCD,0x0000C88D,0x88F18137
debris_veh_civ_ruin,0xE53EA0D0,3846086864,1,4312,0x80009CD4,0x000055EE,0xE53EA0D0
debris_wood_sml,0xF96233D1,4183962577,0,3941,0x80009866,0x000104D0,0xF96233D1
DebrisDestructTemplate,0x6729C128,1730789672,0,1467,0x80007012,0x0000F3C6,0x6729C128
DebrisTemplate,0x31EB7EA2,837516962,0,390,0x80005569,0x0000AD26,0x31EB7EA2
decals,0x306169B7,811690423,0,425,0x800055C7,0x00002A99,0x306169B7
DefaultTrafficZone,0xEDD263D1,3989988305,0,548,0x80005B9E,0x00002341,0xEDD263D1
Destroyer_Driver,0x154B2E39,357248569,1,5503,0x8000AABE,0x0000A1D4,0x154B2E39
Detach,0x6A75ED48,1786113352,0,15,0x800038A6,0xFFFFFFFF,0x6A75ED48
Devastator,0x4739D812,1194973202,0,5497,0x8000AAB6,0x00000DF3,0x4739D812
Devastator_Driver,0xAAA9E373,2863260531,0,5403,0x8000A994,0x0001237F,0xAAA9E373
Dinghy,0x6A77E320,1786241824,1,1773,0x800075DF,0x00005F25,0x6A77E320
Dinghy (Driver),0x23051FBF,587538367,1,1775,0x800075E1,0x00010B42,0x23051FBF
Dinghy (Driver) (Civ Poor female),0x7EA81174,2124943732,1,4647,0x80009FC9,0xFFFFFFFF,0x7EA81174
Dinghy (Driver) (Civ Poor male),0x6B22C245,1797440069,1,4646,0x80009FC8,0x00010B16,0x6B22C245
Dinghy_Driver,0x3AB2899D,984779165,1,5082,0x8000A411,0xFFFFFFFF,0x3AB2899D
Disguise Scale (Armored),0xC0FE9DE9,3237912041,0,2974,0x80008A03,0x000111E3,0xC0FE9DE9
Disguise Scale (Boat),0x9219DBA9,2451168169,1,2976,0x80008A05,0x00000B7A,0x9219DBA9
Disguise Scale (Car),0xBE1726D1,3189188305,0,2977,0x80008A06,0x00010968,0xBE1726D1
Disguise Scale (Default),0xF091F576,4036097398,0,2200,0x800081E5,0x0000AF1C,0xF091F576
Disguise Scale (Helicopter),0xD88C74B2,3633083570,1,2975,0x80008A04,0x00012A09,0xD88C74B2
Disguise Scale (Motorcycle),0xCD6D84EE,3446506734,1,2978,0x80008A07,0x00011746,0xCD6D84EE
Disguise Scale (Open Boat),0x2A685D91,711482769,1,2201,0x800081E6,0x0000B3FB,0x2A685D91
Disguise Scale (Open Car),0x4F1F14D9,1327437017,0,2202,0x800081E7,0x00002A9F,0x4F1F14D9
DLC Green Goblin Bomb Projectile,0xF65BD4CB,4133213387,0,5345,0x8000A94A,0x0000E738,0xF65BD4CB
DLC Green Goblin Bomblet Projectile,0xE05C94CE,3764163790,0,5346,0x8000A94B,0x0000F5EE,0xE05C94CE
DLC_50cal,0xFA6E3CA4,4201528484,0,5494,0x8000AAB2,0x0000E39C,0xFA6E3CA4
DLC_global_particle_3d,0x2AD585BB,718636475,0,5339,0x8000A940,0x000001C3,0x2AD585BB
DLC_global_particle_explosion_huge,0x647D2F0B,1685925643,0,5337,0x8000A93E,0x0000A4F0,0x647D2F0B
DLC_Green_Goblin_Explosion,0x42446B02,1111780098,0,5340,0x8000A942,0x0000C2C5,0x42446B02
DLC_hero,0xEDB9F3A3,3988386723,0,5703,0x8000ACD5,0xFFFFFFFF,0xEDB9F3A3
DLC_Light_explosion_huge,0x862DC7E9,2251147241,0,5338,0x8000A93F,0x0000AEBC,0x862DC7E9
DLC_M1A1,0x28F72787,687286151,0,5495,0x8000AAB3,0x0000F269,0x28F72787
DLC_npc_mercenaryelite,0x8128012A,2166882602,0,5704,0x8000ACD6,0x000031E5,0x8128012A
DO NOT USE  HondaCRX Test,0x30F53A4D,821377613,0,56,0x8000464D,0x00001694,0x30F53A4D
DO NOT USE (OLD police cruiser),0xE2415973,3795933555,0,644,0x80005C4E,0x0000636E,0xE2415973
DO NOT USE Weapon Test DSHK,0x8EC416AC,2395215532,0,1416,0x80006F6F,0xFFFFFFFF,0x8EC416AC
DO NOT USE Weapon Test M2,0xB0AC94E5,2964100325,0,1414,0x80006F6D,0xFFFFFFFF,0xB0AC94E5
DO NOT USE Weapon Test M60,0x3349F36B,860484459,0,1417,0x80006F70,0xFFFFFFFF,0x3349F36B
DO NOT USE Weapon Test MK19,0xC1D0275E,3251644254,0,1415,0x80006F6E,0x00013E07,0xC1D0275E
DO NOT USE Weapon Test TOW,0xCEEDCE4E,3471691342,0,1223,0x80006CD4,0xFFFFFFFF,0xCEEDCE4E
DONOTUSE_oc_veh_semi_fueltrailer,0xB38BF710,3012294416,1,946,0x800065DE,0xFFFFFFFF,0xB38BF710
DropPoint (AL),0x9FC35DA0,2680380832,0,5540,0x8000AB4D,0xFFFFFFFF,0x9FC35DA0
DropPoint (CH),0x0388C38E,59294606,0,5539,0x8000AB4C,0x00006F78,0x0388C38E
DropPoint (GR),0x973E1418,2537427992,0,5538,0x8000AB4A,0x00001371,0x973E1418
DropPoint (OC),0xEBD90A17,3956869655,0,5541,0x8000AB4E,0x000118F1,0xEBD90A17
DropPoint (PR),0x32804CB7,847269047,0,5542,0x8000AB4F,0x00007E89,0x32804CB7
DropPoint (VZ),0x839D3BC9,2208119753,0,5537,0x8000AB48,0x0000F0BB,0x839D3BC9
DSV Scout Vehicle,0x39870E26,965152294,0,847,0x8000639E,0x00004D1C,0x39870E26
Dumb Rocket,0xE1B587D7,3786770391,0,992,0x8000687E,0xFFFFFFFF,0xE1B587D7
Dumb Rocket (CH),0x69C5003F,1774518335,0,5507,0x8000AAC2,0xFFFFFFFF,0x69C5003F
E3 Missile Stage 1,0xEC4DB016,3964514326,0,890,0x800063E0,0x0000B3D8,0xEC4DB016
E3 Missile Stage 2,0x6E553881,1851078785,0,891,0x800063E1,0x00010F04,0x6E553881
E3_OC_Littlebirds,0xB5A69C43,3047595075,0,1023,0x800068A9,0x000024EB,0xB5A69C43
e3demo,0xDF1B9620,3743127072,0,394,0x8000556F,0x0000C992,0xDF1B9620
E3MeridaMedTraffic,0xDF329FB0,3744636848,0,1027,0x800068B1,0x0000DC93,0xDF329FB0
Effect_Impact,0x60D1B0BB,1624355003,0,523,0x800057B8,0xFFFFFFFF,0x60D1B0BB
Effect_ParticleSmoke,0x3882A7CA,948086730,0,19,0x800038E7,0x0000F459,0x3882A7CA
Effects,0xC8EA585D,3370801245,0,1090,0x80006A72,0xFFFFFFFF,0xC8EA585D
El Grande,0x53BAB15D,1404744029,0,356,0x80004F3F,0x000093CC,0x53BAB15D
El Grande (Driver),0x9C3D99E8,2621282792,0,66,0x80004745,0x0000D4F9,0x9C3D99E8
El Grande (Driver) (Civ Poor female),0x126CFB2F,309132079,0,4283,0x80009CB6,0x000114EF,0x126CFB2F
El Grande (Driver) (Civ Poor male),0x98861C8E,2558925966,0,4282,0x80009CB5,0x00009880,0x98861C8E
El Grande_Driver,0xCF505E8E,3478150798,0,5056,0x8000A3F5,0xFFFFFFFF,0xCF505E8E
Emplaced GL,0x415B91A9,1096520105,0,1357,0x80006EC8,0x0000F480,0x415B91A9
Emplaced GL (Driver),0xA52F3DC4,2771336644,0,4210,0x80009C68,0x00008956,0xA52F3DC4
Emplaced GL (NO Physics),0x6B439A94,1799592596,0,3346,0x80009006,0x00011218,0x6B439A94
Emplaced GL (NO Physics) (Driver),0x1DD8B573,500741491,0,4209,0x80009C67,0x00002D26,0x1DD8B573
Emplaced M101A1 (Base),0xB3953317,3012899607,0,3365,0x8000901F,0x0000E597,0xB3953317
Emplaced M101A1 (GR),0x3606AE5B,906407515,0,3366,0x80009020,0x0000BE73,0x3606AE5B
Emplaced M101A1 (GR) (Driver),0xFF912536,4287702326,0,5640,0x8000AC8B,0x0000C0BD,0xFF912536
Emplaced M101A1 (VZ),0xD83A395A,3627694426,0,2279,0x80008243,0x00001B84,0xD83A395A
Emplaced M101A1 (VZ) (Driver),0x8D7E0F01,2373848833,0,2530,0x8000855C,0x0000C9F7,0x8D7E0F01
Emplaced MG,0x0737A57C,121087356,0,1134,0x80006B5C,0x000000F0,0x0737A57C
Emplaced MG (AL),0x87C1F1F4,2277634548,0,4050,0x80009ADA,0x00000CEC,0x87C1F1F4
Emplaced MG (AL) (Gunner),0x03DB8EE6,64720614,0,4560,0x80009F2C,0x0000F9E2,0x03DB8EE6
Emplaced MG (CH),0xAC58DB2A,2891504426,0,4559,0x80009F2B,0x0000DA87,0xAC58DB2A
Emplaced MG (Guerilla),0x79156930,2031446320,0,4387,0x80009D5B,0x0000C584,0x79156930
Emplaced MG (NO Physics),0x24A780DF,614957279,0,3345,0x80009005,0x00002FBC,0x24A780DF
Emplaced MG (OC),0x42C1E09B,1120002203,0,4389,0x80009D5D,0x0000948F,0x42C1E09B
Emplaced MG (PR),0xB5D0D153,3050361171,0,4390,0x80009D5E,0x00000672,0xB5D0D153
Emplaced MG (VZ),0xDE9A32BD,3734647485,0,2528,0x8000855A,0xFFFFFFFF,0xDE9A32BD
Emplaced MG DB,0x42A42946,1118054726,0,1907,0x8000780D,0x00003E31,0x42A42946
Emplaced MG3 (Allied),0x062E7C3B,103709755,0,4368,0x80009D3F,0x00011599,0x062E7C3B
Emplaced MG3 (OC),0x15C178B6,365000886,0,2397,0x800083E9,0x0000D196,0x15C178B6
Emplaced Quad50 (Driver),0x948AAE91,2492116625,0,2529,0x8000855B,0x0000C887,0x948AAE91
Emplaced Quad50 (GR),0x01CC3F6E,30162798,0,2871,0x80008918,0x00004E62,0x01CC3F6E
Emplaced Recoiless Rifle,0xCFC5EA73,3485854323,0,2411,0x8000844B,0x00009B8D,0xCFC5EA73
Emplaced Recoiless Rifle (Allied),0xB32356DF,3005437663,0,4561,0x80009F2D,0x0000F701,0xB32356DF
Emplaced Recoiless Rifle (China),0xF3ECF579,4092392825,0,2398,0x800083EA,0xFFFFFFFF,0xF3ECF579
Emplaced Recoiless Rifle (GR),0xC9C40571,3385066865,0,4388,0x80009D5C,0x00002C47,0xC9C40571
Emplaced Recoiless Rifle (OC),0x73341312,1932792594,0,2396,0x800083E8,0x000089D2,0x73341312
Emplaced Recoiless Rifle (VZ),0xED0D7950,3977083216,0,2394,0x800083E6,0x0001244E,0xED0D7950
Emplaced TOW,0x9E1AF7CE,2652567502,0,1206,0x80006CBE,0x00011B3B,0x9E1AF7CE
Emplaced TOW (Allied),0x03AB6E40,61566528,0,2402,0x800083F0,0xFFFFFFFF,0x03AB6E40
Emplaced Tripod Weapon,0x154AC16C,357220716,0,1133,0x80006B5B,0xFFFFFFFF,0x154AC16C
Emplaced Weapon,0xB00CE408,2953634824,0,4730,0x8000A024,0x0000AE9A,0xB00CE408
Emplaced ZU23,0x8A48F46A,2320036970,0,2546,0x800085AC,0x0000B642,0x8A48F46A
Emplaced ZU23 (Driver),0xF239B751,4063868753,0,3065,0x80008B92,0x0000D975,0xF239B751
Emplaced ZU23 (Driver) (Seatbelted),0x26B2F447,649262151,0,5967,0x8000B2FB,0xFFFFFFFF,0x26B2F447
Endriago (Attack),0x8C18A0BB,2350424251,0,2172,0x800081C6,0x000113A7,0x8C18A0BB
Endriago (Attack) (Driver),0xCF9CDE96,3483164310,0,2188,0x800081D8,0x0000F6EB,0xCF9CDE96
Endriago (Attack) (Ewan),0x373FE88F,926935183,0,5987,0x8000B36F,0x0000E5DC,0x373FE88F
Endriago (Attack) (Full),0xAA2BBCED,2854993133,0,3836,0x800097F4,0xFFFFFFFF,0xAA2BBCED
Endriago (Elite),0xF7847648,4152653384,0,2177,0x800081CC,0xFFFFFFFF,0xF7847648
Endriago (Elite) (Driver),0xBBD6B527,3151410471,0,2189,0x800081D9,0x00007313,0xBBD6B527
Endriago (Elite) (Ewan),0x52C22EBE,1388457662,0,5988,0x8000B370,0x0000D28A,0x52C22EBE
Endriago (Superiority),0x81AF7BF6,2175761398,0,2175,0x800081CA,0x00011135,0x81AF7BF6
Endriago (Superiority) (Driver),0xBAB8C94D,3132672333,0,2190,0x800081DA,0x00002524,0xBAB8C94D
Endriago (Superiority) (Ewan),0x7856D228,2018955816,0,5989,0x8000B371,0x0000A60C,0x7856D228
entrance,0x7F436ABB,2135124667,0,8,0x8000234B,0x000096D7,0x7F436ABB
Equipment,0xDAB653E7,3669382119,0,20,0x8000436C,0x0000F705,0xDAB653E7
Equipment (Pistol),0x0EF3F28B,250868363,0,1132,0x80006B5A,0x00007CAA,0x0EF3F28B
escort,0x3392134D,865211213,0,1681,0x800074B3,0x0000E67A,0x3392134D
Escort (Driver),0xA22C2ED8,2720804568,0,1682,0x800074BC,0x000068FC,0xA22C2ED8
Escort (Driver) (Civ Taxi Driver male),0xCCC0ED14,3435195668,0,4284,0x80009CB7,0x00012613,0xCCC0ED14
Escort_Driver,0x74AF4DDE,1957645790,0,5057,0x8000A3F6,0xFFFFFFFF,0x74AF4DDE
ESV,0xE715B0A5,3876958373,0,886,0x800063DB,0x0000E53A,0xE715B0A5
ESV (Driver),0xBFCEB0B0,3217993904,0,1806,0x8000769D,0x0000406A,0xBFCEB0B0
ESV (Executive Passengers),0x231C723D,589066813,0,1808,0x8000769F,0x00000B47,0x231C723D
ESV (Full),0x53857247,1401254471,0,1807,0x8000769E,0x00007178,0x53857247
Esv (lowrider),0x45A8D20C,1168691724,0,4015,0x800099A5,0x0000AFC7,0x45A8D20C
ESV (Lowrider) (Civ Business (male),0x05179C74,85433460,0,5146,0x8000A484,0x0000B42C,0x05179C74
ESV/EXT,0x17088F3D,386436925,0,874,0x800063CA,0x0000D173,0x17088F3D
ESV_Driver,0xB9EDD606,3119371782,0,5110,0x8000A451,0xFFFFFFFF,0xB9EDD606
ESVLowrider_Driver,0xE53146F0,3845211888,0,5104,0x8000A429,0x00002A3E,0xE53146F0
Eva,0x46D28FA9,1188204457,0,504,0x800056D9,0x0001143D,0x46D28FA9
Explosion,0x16930AFE,378735358,0,3,0x8000232F,0x0000465E,0x16930AFE
Explosion ( Surgical Strike Small),0xE3C9E9B8,3821660600,0,5381,0x8000A975,0x00012C06,0xE3C9E9B8
Explosion (25mm Autocannon Shell),0x7028DCFA,1881726202,0,2864,0x80008911,0x0000171D,0x7028DCFA
Explosion (AA Detonation),0x9A4F1130,2588873008,0,2430,0x80008462,0x00006B5A,0x9A4F1130
Explosion (Action Hijack Grenade),0xD1F8D673,3522745971,0,1824,0x800076AF,0xFFFFFFFF,0xD1F8D673
Explosion (Airstike Bomb Final Strike),0xCD8E9443,3448673347,0,5820,0x8000AF7D,0x0000B7C2,0xCD8E9443
Explosion (Airstike Bomb),0x76647795,1986295701,0,3164,0x80008E3F,0x000063F0,0x76647795
Explosion (Airstrike Frag),0xB598F2B1,3046699697,0,5042,0x8000A3DF,0x000028CF,0xB598F2B1
Explosion (AT Mine),0xAD41C2AF,2906768047,0,1151,0x80006B6F,0x0000D6EA,0xAD41C2AF
Explosion (AT Missile),0xBC2A728E,3156898446,0,5786,0x8000AEF2,0x0000492D,0xBC2A728E
Explosion (Bombing Run),0xD2B69D9A,3535183258,0,3169,0x80008E44,0x000077BA,0xD2B69D9A
Explosion (Bunker Buster Stage 1),0xDDFC11F4,3724284404,0,2427,0x8000845F,0x00004515,0xDDFC11F4
Explosion (Bunker Buster Stage 2),0xAD85F5DD,2911237597,0,2426,0x8000845E,0x00011530,0xAD85F5DD
Explosion (C4 Primary),0x150F6CE6,353332454,0,993,0x8000687F,0x000097A8,0x150F6CE6
Explosion (C4 Secondary),0xF4A69A1E,4104559134,0,4901,0x8000A275,0x00009A65,0xF4A69A1E
Explosion (Carpet bomb),0x7CBBB47A,2092676218,0,382,0x8000522B,0xFFFFFFFF,0x7CBBB47A
Explosion (Cluster Bomb),0x25273161,623325537,0,5281,0x8000A8AD,0x00008AD6,0x25273161
Explosion (Cluster Bomblet),0x8BE95DA4,2347326884,0,2423,0x8000845B,0x0000537E,0x8BE95DA4
Explosion (Cruise Missile),0x4B08A278,1258857080,0,3159,0x80008E3A,0xFFFFFFFF,0x4B08A278
Explosion (Daisy Cutter),0x34DEC7A2,887015330,0,3160,0x80008E3B,0x000073C6,0x34DEC7A2
Explosion (E3 Missile Strike),0x6B6C4D1D,1802259741,0,892,0x800063E2,0x00010CF4,0x6B6C4D1D
Explosion (Force),0xC0F7BAA4,3237460644,0,5047,0x8000A3E5,0x0000AA7E,0xC0F7BAA4
Explosion (Fuel Air Bomb),0x834C9BF3,2202835955,0,3157,0x80008E37,0x00011493,0x834C9BF3
Explosion (Fuel Air Rocket Stage II),0xC64F9AC3,3327105731,0,5814,0x8000AF77,0x000134CD,0xC64F9AC3
Explosion (Fuel Air Rocket),0x1500DD83,352378243,0,5792,0x8000AEF8,0x0000AFCC,0x1500DD83
Explosion (Grenade Frag),0xF5D8EE81,4124634753,0,4895,0x8000A26F,0x00004FD7,0xF5D8EE81
Explosion (Grenade MG),0xE443510D,3829616909,0,4079,0x80009AF9,0x00008162,0xE443510D
Explosion (Grenade),0x6A8141F5,1786855925,0,453,0x8000568D,0xFFFFFFFF,0x6A8141F5
Explosion (Gunship Shell),0xBF766119,3212206361,1,5829,0x8000AF88,0x0000B2AE,0xBF766119
Explosion (Hand Grenade Frag),0x486B6D16,1214999830,0,5209,0x8000A5F1,0x0000129E,0x486B6D16
Explosion (Hand Grenade),0xB6393F34,3057205044,0,5208,0x8000A5F0,0xFFFFFFFF,0xB6393F34
Explosion (Handheld PEP),0x671C7430,1729918000,0,5765,0x8000AED2,0x0001364C,0x671C7430
Explosion (Handheld RPG Frag),0x03EAE0C8,65724616,0,5211,0x8000A5F3,0x0000B812,0x03EAE0C8
Explosion (Handheld RPG),0xEB4ECA16,3947809302,0,5210,0x8000A5F2,0x00009E61,0xEB4ECA16
Explosion (MOAB),0xD511013C,3574661436,0,3161,0x80008E3C,0x0000C064,0xD511013C
Explosion (Munitions Laptop),0xE7DBFE85,3889954437,0,5797,0x8000AEFE,0x00002FDC,0xE7DBFE85
Explosion (Munitions),0x599F00F1,1503592689,0,5795,0x8000AEFC,0x00003B28,0x599F00F1
Explosion (Nil),0xA3FB3C40,2751151168,0,5832,0x8000AF8D,0x000030FF,0xA3FB3C40
Explosion (Practice Bomb),0xEEC245A4,4005709220,0,5838,0x8000AF93,0x0000A8ED,0xEEC245A4
Explosion (Rocket Artillery),0x985804BD,2555905213,0,3162,0x80008E3D,0xFFFFFFFF,0x985804BD
Explosion (RPG Frag),0x400A470A,1074415370,0,4905,0x8000A27B,0x00009768,0x400A470A
Explosion (RPG),0xFD0F7310,4245648144,0,452,0x8000568C,0xFFFFFFFF,0xFD0F7310
Explosion (Small Airstike Bomb),0x66BA5A4E,1723488846,0,5821,0x8000AF7E,0x00001F93,0x66BA5A4E
Explosion (Small),0x4D62A088,1298309256,0,512,0x800056E1,0x00007DA7,0x4D62A088
Explosion (Smart Bomb),0x36BE81FC,918454780,0,3163,0x80008E3E,0x00000A0A,0x36BE81FC
Explosion (Strategic Missile),0x6D290F19,1831407385,0,3158,0x80008E39,0x00012375,0x6D290F19
Explosion (Surgical Strike Invisible),0xEDB48E74,3988033140,0,1923,0x80007CD1,0x0000FB77,0xEDB48E74
Explosion (Surgical Strike),0x3219AC3B,840543291,0,1833,0x800076CD,0x00001699,0x3219AC3B
Explosion (Tank Artillery),0x35EC2FDD,904671197,1,4136,0x80009B34,0x0000A2A1,0x35EC2FDD
Explosion (Tank Shell),0x0AB943B9,179913657,1,3179,0x80008E5B,0x0000EAFA,0x0AB943B9
Explosion (TEST),0x1DFA117F,502927743,0,4078,0x80009AF8,0x00004CF9,0x1DFA117F
Explosion (Tiny),0xCFC135B5,3485545909,0,510,0x800056DF,0xFFFFFFFF,0xCFC135B5
Explosion (Very Small),0xE1F3EBA4,3790859172,0,511,0x800056E0,0xFFFFFFFF,0xE1F3EBA4
Explosion (Very Tiny),0xCCE4F221,3437556257,0,2407,0x800083F5,0xFFFFFFFF,0xCCE4F221
Explosion (Water Mine),0xF5E7C0D5,4125606101,0,4900,0x8000A274,0xFFFFFFFF,0xF5E7C0D5
Explosion AllCon002 Pipes,0x93805F82,2474663810,0,2675,0x8000867D,0xFFFFFFFF,0x93805F82
Explosion_Artillery,0x7B661479,2070287481,0,2420,0x80008456,0x00005B4A,0x7B661479
Explosion_Large,0x56B83982,1454913922,0,1099,0x80006A7B,0x0000AA1F,0x56B83982
Explosion_Large_OilTruck,0x23B6A048,599171144,1,1153,0x80006BA4,0xFFFFFFFF,0x23B6A048
explosion_rpg,0x5CDE5C1E,1558076446,0,502,0x800056D6,0x00009A26,0x5CDE5C1E
Explosion_Test,0xB6F610E5,3069579493,0,2006,0x8000803A,0x00011FD5,0xB6F610E5
ExplosionGrit,0xF565D29E,4117090974,0,415,0x80005592,0x00008A9E,0xF565D29E
EXT,0x26308AFA,640715514,0,883,0x800063D8,0x0000E91F,0x26308AFA
EXT (Driver),0x5BFB8AA1,1543211681,0,1805,0x8000769C,0x0001129F,0x5BFB8AA1
EXT (DriverGunner),0xB1FC1FF2,2986090482,0,3609,0x80009455,0xFFFFFFFF,0xB1FC1FF2
EXT (Full),0x44CD8436,1154319414,0,884,0x800063D9,0x0000AAEE,0x44CD8436
EXT (GL),0xB60CD310,3054293776,0,3610,0x80009456,0x000037CC,0xB60CD310
EXT (GL) (Driver),0xBD9DF52F,3181245743,0,3611,0x80009457,0x00002DA4,0xBD9DF52F
EXT (GL) (DriverGunner),0xCC757908,3430250760,0,3612,0x80009458,0x000099B2,0xCC757908
EXT (GL) (Full),0xC43D9164,3292369252,0,3613,0x80009459,0x0000A68B,0xC43D9164
EXT (monster),0xB6D6F9F1,3067542001,0,4016,0x800099A6,0xFFFFFFFF,0xB6D6F9F1
EXT (TOW),0xE49A8C75,3835333749,0,1089,0x80006A37,0x0000B039,0xE49A8C75
EXT (TOW) (Driver),0x6D3F3C80,1832860800,0,3616,0x8000945C,0x0000C8D3,0x6D3F3C80
EXT (TOW) (DriverGunner),0x8C4F663F,2354013759,0,3615,0x8000945B,0x000074BE,0x8C4F663F
EXT (TOW) (Full),0xD2C8CD97,3536375191,0,3614,0x8000945A,0x00007758,0xD2C8CD97
EXT (Unarmed),0x78C50A1D,2026179101,0,1078,0x80006A13,0xFFFFFFFF,0x78C50A1D
EXT (Unarmed) (Driver),0xEC30FD28,3962633512,0,5655,0x8000AC9D,0xFFFFFFFF,0xEC30FD28
EXT_Driver,0x44C70BAB,1153895339,0,5058,0x8000A3F7,0x00003614,0x44C70BAB
EXTMonster_Driver,0x952B1D5D,2502630749,0,5137,0x8000A478,0x00005C62,0x952B1D5D
F35b,0x1AD49939,450140473,1,1199,0x80006CAF,0x00000B74,0x1AD49939
F35b (GR driver),0x4F6B3B65,1332427621,1,1140,0x80006B63,0x000010CF,0x4F6B3B65
FA Missile,0x06BFC2BE,113230526,0,5816,0x8000AF79,0xFFFFFFFF,0x06BFC2BE
FA RPG Rocket,0xE8279B7D,3894909821,0,1365,0x80006ED1,0x00002EA0,0xE8279B7D
Faction (Allied),0x4933886F,1228114031,0,485,0x800056C0,0x00004C60,0x4933886F
Faction (China),0x3F8DCE69,1066258025,0,492,0x800056C7,0x000097F4,0x3F8DCE69
Faction (Civ),0x898188A8,2306967720,0,496,0x800056CB,0x00013339,0x898188A8
Faction (Guerilla),0x9D95C52D,2643838253,0,493,0x800056C8,0x0000DE0A,0x9D95C52D
Faction (OC),0x9FE42462,2682528866,0,494,0x800056C9,0x0000D1FF,0x9FE42462
Faction (Pirate),0x4C0CB2F9,1275900665,0,495,0x800056CA,0x000114BC,0x4C0CB2F9
Faction (PMC),0xA55FA50A,2774508810,0,488,0x800056C3,0x00000FC7,0xA55FA50A
Faction (Police),0x95F6F9CE,2515990990,0,486,0x800056C1,0xFFFFFFFF,0x95F6F9CE
Faction (VZ),0x8E772860,2390173792,0,484,0x800056BF,0x0000EFB4,0x8E772860
Faction Building (Allied),0xEC7B01D9,3967484377,0,2992,0x80008A18,0x00012DB9,0xEC7B01D9
Faction Building (China),0xF678EBC7,4135119815,0,2993,0x80008A19,0x00006924,0xF678EBC7
Faction Building (Guerilla),0xFD2D649F,4247610527,0,2994,0x80008A1A,0xFFFFFFFF,0xFD2D649F
Faction Building (OC),0x2804AA7C,671394428,0,2995,0x80008A1B,0x00012348,0x2804AA7C
Faction Building (Pirate),0xA452EC97,2756897943,0,2996,0x80008A1C,0xFFFFFFFF,0xA452EC97
Faction Building (VZ),0xBDEDDE5A,3186482778,0,2997,0x80008A1D,0x00007107,0xBDEDDE5A
Fake Physics Prop,0x8E1BFDB8,2384199096,0,3741,0x8000961B,0x0000DD86,0x8E1BFDB8
Fake Physics Prop Destructible,0x11DCF132,299692338,0,3740,0x8000961A,0x0000BDAD,0x11DCF132
Fern01,0xA15E4C37,2707311671,0,941,0x800064DB,0xFFFFFFFF,0xA15E4C37
Fiona,0xC6D8FB46,3336108870,0,1779,0x800075E5,0x0000229A,0xC6D8FB46
Fiona Taylor,0x723E34F7,1916679415,0,3832,0x800097ED,0x0000BE5A,0x723E34F7
Fire,0x8A552089,2320834697,0,392,0x8000556D,0x0000E324,0x8A552089
Fire Damage (Huge),0xD31A163A,3541702202,0,4085,0x80009AFF,0xFFFFFFFF,0xD31A163A
Fire Damage (Large),0xB85EAA42,3093211714,0,4081,0x80009AFB,0x00004AA8,0xB85EAA42
Fire Damage (Medium Canopy),0xE87D41BC,3900522940,0,2806,0x8000876C,0xFFFFFFFF,0xE87D41BC
Fire Damage (Medium),0x3DF67356,1039561558,0,4082,0x80009AFC,0xFFFFFFFF,0x3DF67356
Fire Damage (Small),0x11D78F96,299339670,0,4083,0x80009AFD,0xFFFFFFFF,0x11D78F96
Fire Damage (Tiny),0x927B288F,2457544847,0,4084,0x80009AFE,0xFFFFFFFF,0x927B288F
Fishing Boat,0x5ED1AEE5,1590800101,1,3245,0x80008F22,0xFFFFFFFF,0x5ED1AEE5
Fishing Boat (Driver),0x1C0DF270,470676080,1,3246,0x80008F23,0xFFFFFFFF,0x1C0DF270
Fishing Boat (Driver) (Civ Poor female),0x75FFCB27,1979697959,1,4649,0x80009FCB,0x0000526C,0x75FFCB27
Fishing Boat (Driver) (Civ Poor male),0x27950AA6,664079014,1,4648,0x80009FCA,0x00004E65,0x27950AA6
Fishing Boat_Ruined,0xEA99A479,3935937657,1,4156,0x80009B53,0x0000BB86,0xEA99A479
FishingBoat_Driver,0x27672BF8,661072888,1,5083,0x8000A412,0x000087AB,0x27672BF8
Fixed Physics Prop,0x65635CE1,1701010657,0,3743,0x8000961D,0x00002D39,0x65635CE1
Fixed Physics Prop Destructible,0xB0B47C61,2964618337,0,3739,0x80009619,0x00000449,0xB0B47C61
Fixed Physics Prop destructible chair,0x114108D2,289474770,0,2809,0x8000876F,0x000096F1,0x114108D2
Flare,0x0DA8F2A7,229175975,0,3141,0x80008DCB,0x00013C6B,0x0DA8F2A7
Flare Designator,0x95BBB587,2512106887,0,1919,0x80007CCC,0x00010E6F,0x95BBB587
Flare Projectile,0xD2E88940,3538454848,0,1918,0x80007CCB,0xFFFFFFFF,0xD2E88940
Flare Projectile Stage 2,0x691C913C,1763479868,0,1921,0x80007CCF,0xFFFFFFFF,0x691C913C
Flare0,0x0DBFB9FD,230668797,0,3139,0x80008DC3,0x00002F61,0x0DBFB9FD
Flare1,0xA3BCD488,2747061384,0,3140,0x80008DC6,0x0000B879,0xA3BCD488
Flare2,0xADBAA5AF,2914690479,0,2640,0x80008622,0x00005D09,0xADBAA5AF
FlareSmoke,0xE8FE3776,3908974454,0,1091,0x80006A73,0xFFFFFFFF,0xE8FE3776
Flatbed Trailer,0xD779F5F0,3615094256,0,1815,0x800076A6,0x000117EB,0xD779F5F0
Flow Control,0x00C4CFDE,12898270,0,524,0x800059E9,0x0000A66A,0x00C4CFDE
foliage_test,0xBC97DA6D,3164068461,0,2930,0x800089B1,0xFFFFFFFF,0xBC97DA6D
foodcarts,0x784CDE76,2018303606,0,115,0x80004C20,0x0000BD62,0x784CDE76
Ford F150,0x2874601E,678715422,0,65,0x80004744,0x00006FCB,0x2874601E
fountains,0x1A94E908,445966600,0,113,0x80004C1E,0x00004194,0x1A94E908
Fuel Air Bomb Projectile,0x4A35D0C4,1245040836,0,3177,0x80008E4D,0x00006061,0x4A35D0C4
Fuel Air Trail,0x13432421,323167265,0,3156,0x80008E36,0x0001128A,0x13432421
Fuel Pickup (Large),0xDEE1F1F1,3739349489,0,2624,0x80008609,0xFFFFFFFF,0xDEE1F1F1
Fuel Pickup (Small),0x8905D2F5,2298860277,0,2623,0x80008608,0xFFFFFFFF,0x8905D2F5
Fuel Trailer,0xD9B1BD84,3652304260,0,1081,0x80006A1E,0x0000BA3E,0xD9B1BD84
Fuel-Air RPG,0x47E86EB3,1206415027,0,1364,0x80006ED0,0xFFFFFFFF,0x47E86EB3
Fx_CHUNKTRAIL_DUST,0x9FF3CC1A,2683554842,0,3381,0x800090FD,0xFFFFFFFF,0x9FF3CC1A
Fx_CHUNKTRAIL_FIRE,0xB3F07C5A,3018882138,0,3382,0x800090FE,0xFFFFFFFF,0xB3F07C5A
Fx_CHUNKTRAIL_UNLITFIRE,0xCCF36BD2,3438504914,0,3383,0x800090FF,0x00009ECA,0xCCF36BD2
fx_CollapseBits,0xD0BAEA4F,3501910607,0,5994,0x90000066,0xFFFFFFFF,0xD0BAEA4F
fx_CollapseBitsFort,0x4B83C230,1266926128,0,5311,0x8000A923,0x00002617,0x4B83C230
fx_CollapseBitsShort,0x7CDB4407,2094744583,0,5314,0x8000A927,0xFFFFFFFF,0x7CDB4407
fx_CollapseBitsShortSmoke,0xEE68CDD6,3999845846,0,5718,0x8000AD48,0x00012BB2,0xEE68CDD6
fx_CollapseBitsShortSpecial,0x96ACBE54,2527903316,0,5377,0x8000A971,0x00005DB3,0x96ACBE54
fx_CollapseBitsSmoke,0x93823A5E,2474785374,0,5717,0x8000AD47,0x0001394E,0x93823A5E
fx_CollapseBitsSmokeSuper,0xF2E7D883,4075280515,0,5716,0x8000AD46,0x00008883,0xF2E7D883
fx_CollapseBitsSuper,0x5B1CB278,1528607352,0,5710,0x8000AD3F,0x000002EF,0x5B1CB278
fx_CollapseBitsTiny,0xD0415261,3493941857,0,5335,0x8000A93C,0x00008FD0,0xD0415261
fx_CollapseBitsTinySmoke,0x2335C668,590726760,0,5719,0x8000AD49,0xFFFFFFFF,0x2335C668
fx_CollapseCoverDust,0x64E12D08,1692478728,0,5993,0x90000065,0xFFFFFFFF,0x64E12D08
fx_CollapseCoverDust_end,0xE9421F0A,3913424650,0,3113,0x80008C0B,0xFFFFFFFF,0xE9421F0A
fx_CollapseCoverDust_endSuper,0xD3CAA477,3553272951,0,5715,0x8000AD45,0xFFFFFFFF,0xD3CAA477
fx_CollapseCoverDust_LOD0,0xBBAC3C2C,3148626988,0,5309,0x8000A921,0x00013316,0xBBAC3C2C
fx_CollapseCoverDust_LOD1,0xB5AE7151,3048108369,0,5310,0x8000A922,0xFFFFFFFF,0xB5AE7151
fx_CollapseCoverDust_start,0x81CEB475,2177807477,0,3715,0x80009561,0x00003990,0x81CEB475
fx_CollapseCoverDust_startSuper,0x8278C062,2188951650,0,5714,0x8000AD44,0x0000F8AD,0x8278C062
fx_CollapseCoverDustBottom,0x5685D6B1,1451611825,0,5317,0x8000A92A,0xFFFFFFFF,0x5685D6B1
fx_CollapseCoverDustBottomSuper,0x10AC5566,279729510,0,5713,0x8000AD43,0x0000F04D,0x10AC5566
fx_CollapseCoverDustSuper,0x8D53C8C1,2371078337,0,5709,0x8000AD3E,0x000104D6,0x8D53C8C1
fx_CollapseCoverWater,0xECC01BF5,3972013045,0,3719,0x80009565,0x00012971,0xECC01BF5
fx_CollapseFire,0xC60FDD97,3322928535,0,3114,0x80008C0C,0x000044E0,0xC60FDD97
fx_CollapseFireFull,0xA29C1DD8,2728140248,0,5347,0x8000A94C,0x00002D78,0xA29C1DD8
fx_CollapseFireFullSuper,0x3985EFB1,965078961,0,5711,0x8000AD40,0x0000021B,0x3985EFB1
fx_CollapseFireSuper,0x8994E8D0,2308237520,0,5712,0x8000AD41,0x0000A432,0x8994E8D0
fx_EmitChimineySmoke,0xA73AF2D6,2805658326,0,745,0x800061FC,0x0000EF0B,0xA73AF2D6
fx_EmitFlame,0xF7505100,4149235968,0,744,0x800061FB,0x0000BE2B,0xF7505100
fx_EmitFlameOil,0x3D4CD6C0,1028445888,0,3714,0x80009560,0x0000B68A,0x3D4CD6C0
fx_EmitFlameOilrigTower,0x88237E81,2284027521,0,747,0x800061FE,0xFFFFFFFF,0x88237E81
fx_EmitFlameOilrigTower_smoke,0x7F8DC56B,2139997547,0,5736,0x8000AD5C,0x00003FBC,0x7F8DC56B
fx_EmitFlameSmall,0x0EBC8B29,247237417,0,741,0x800061F7,0x0000524D,0x0EBC8B29
fx_EmitFlameTiny,0x4CB97C3A,1287224378,0,742,0x800061F8,0x0000997E,0x4CB97C3A
fx_EmitSmokeStack,0x00A433FE,10761214,0,746,0x800061FD,0x00006836,0x00A433FE
fx_engineDamageSmoke,0x499056C2,1234196162,0,1269,0x80006D74,0x00003539,0x499056C2
fx_engineHeatHaze,0x49A06570,1235248496,0,1268,0x80006D73,0x000021BE,0x49A06570
fx_Explosion_Huge,0x09EC0A9B,166464155,0,1517,0x80007174,0xFFFFFFFF,0x09EC0A9B
fx_Explosion_Huge_LOD0,0x6AB2FF79,1790115705,0,5727,0x8000AD51,0x000053CF,0x6AB2FF79
fx_Explosion_Huge_LOD1,0x90B0FCB4,2427518132,0,5728,0x8000AD52,0x00008FFD,0x90B0FCB4
fx_Explosion_HugeBoat,0x431548E1,1125468385,1,5957,0x8000B1FA,0xFFFFFFFF,0x431548E1
fx_Explosion_HugeOil,0x78A27901,2023913729,0,752,0x80006204,0x0000785F,0x78A27901
fx_Explosion_HugeOil_LOD0,0xFC01CDB3,4227976627,0,5725,0x8000AD4F,0x0000120B,0xFC01CDB3
fx_Explosion_HugeOil_LOD1,0x99FEF4D6,2583622870,0,5726,0x8000AD50,0x000113AF,0x99FEF4D6
fx_Explosion_HugeOil_RigOnly,0x0B9A59F4,194664948,0,2784,0x80008756,0xFFFFFFFF,0x0B9A59F4
fx_Explosion_HugeOilTower,0x150059D4,352344532,0,3391,0x8000910A,0x00002648,0x150059D4
fx_Explosion_HugeOilTower_LOD0,0xF09B8A90,4036725392,0,5733,0x8000AD57,0x00007A5B,0xF09B8A90
fx_Explosion_HugeOilTower_LOD1,0xDA9DA685,3667764869,0,5734,0x8000AD58,0x00000C59,0xDA9DA685
fx_Explosion_HugeOilTower_RigOnly,0x10E37095,283340949,0,2785,0x80008757,0xFFFFFFFF,0x10E37095
fx_Explosion_HugeOilTowerBoat,0x37C5936A,935695210,1,5798,0x8000AF00,0x0000330D,0x37C5936A
fx_Explosion_Large,0x0538CC93,87608467,0,454,0x80005695,0x00003801,0x0538CC93
fx_Explosion_Large_LOD0,0x89DC4011,2312912913,0,5721,0x8000AD4B,0xFFFFFFFF,0x89DC4011
fx_Explosion_Large_LOD1,0x8FDA0AEC,2413431532,0,5722,0x8000AD4C,0xFFFFFFFF,0x8FDA0AEC
fx_Explosion_Medium,0x7A757DBB,2054520251,0,3111,0x80008C09,0x00000E18,0x7A757DBB
fx_Explosion_Medium_LOD0,0x4087C799,1082640281,0,5729,0x8000AD53,0x0000CE1A,0x4087C799
fx_Explosion_Medium_LOD1,0xE684FB54,3867474772,0,5730,0x8000AD54,0x0000A1AD,0xE684FB54
fx_Explosion_MediumBoat,0x27531981,659757441,1,5958,0x8000B1FB,0xFFFFFFFF,0x27531981
fx_Explosion_MediumOil,0xD6FB13A1,3606778785,0,753,0x80006205,0x0000C881,0xD6FB13A1
fx_Explosion_MediumOil_LOD0,0xB0987253,2962780755,0,5731,0x8000AD55,0x0000F734,0xB0987253
fx_Explosion_MediumOil_LOD1,0xCE9662F6,3465962230,0,5732,0x8000AD56,0x000059DA,0xCE9662F6
fx_Explosion_MediumOilPipe,0xFA3F97E5,4198471653,0,3389,0x80009107,0xFFFFFFFF,0xFA3F97E5
fx_Explosion_Small,0xE7AA5B4B,3886701387,0,3112,0x80008C0A,0x0000C0DA,0xE7AA5B4B
fx_Explosion_Small_LOD0,0x991D9B49,2568854345,0,5723,0x8000AD4D,0xFFFFFFFF,0x991D9B49
fx_Explosion_Small_LOD1,0x7F1B33C4,2132489156,0,5724,0x8000AD4E,0xFFFFFFFF,0x7F1B33C4
fx_Explosion_SmallBoat,0xD96D22F1,3647808241,1,5959,0x8000B1FC,0x0000CD5C,0xD96D22F1
fx_ExplosionGrit,0x6AD474EF,1792308463,0,743,0x800061FA,0x0000AB35,0x6AD474EF
fx_ExplosionGritDelay3,0x9DB60747,2645952327,0,1270,0x80006D76,0xFFFFFFFF,0x9DB60747
fx_ImpactShockwaveMedium,0xE10E0D0C,3775794444,0,1666,0x80007359,0x00004E31,0xE10E0D0C
fx_OilrigDebrisDestroy,0x11199B75,286890869,0,755,0x80006207,0x0000F818,0x11199B75
fx_OilrigDebrisDestroyExplosion,0x360357A6,906188710,0,776,0x80006221,0x000047B5,0x360357A6
fx_ShortCollapseCoverDust,0xDCF9ED86,3707366790,0,5998,0x9000006A,0x00010107,0xDCF9ED86
fx_ShortCollapseCoverDustBottom,0x9C913EA3,2626764451,0,5315,0x8000A928,0x00010738,0x9C913EA3
fx_ShortCollapseCoverDustFort,0xDC6FD589,3698316681,0,5312,0x8000A924,0x0000BF8A,0xDC6FD589
fx_ShortCollapseCoverDustFortStart,0x27AC0203,665584131,0,5313,0x8000A926,0xFFFFFFFF,0x27AC0203
fx_ShortCollapseCoverDustStart,0xF3D0717A,4090524026,0,3701,0x80009552,0x0000FB7D,0xF3D0717A
fx_ShortCollapseFire,0xFE2734ED,4263982317,0,3115,0x80008C0D,0x0000657F,0xFE2734ED
fx_ShortCollapseFireDelay,0x87F84666,2281195110,0,5359,0x8000A95D,0x0000FCEF,0x87F84666
fx_ShortCoverDustBottom,0x2ABC0D28,716967208,0,5316,0x8000A929,0xFFFFFFFF,0x2ABC0D28
fx_TinyCollapseCoverDust,0xB66CF4AA,3060593834,0,5333,0x8000A93A,0x0000571A,0xB66CF4AA
fx_TinyCollapseCoverDustBottom,0xA126713F,2703651135,0,5334,0x8000A93B,0x00005A12,0xA126713F
fx_TinyCollapseFire,0x18281EE9,405282537,0,5358,0x8000A95C,0xFFFFFFFF,0x18281EE9
Garbage Truck,0x1015767F,269842047,1,2183,0x800081D3,0x000076E6,0x1015767F
Garbage Truck (Driver),0xAF8AEAEA,2945116906,1,4291,0x80009CBE,0xFFFFFFFF,0xAF8AEAEA
Garbage Truck (Driver) (Civ Industrial female),0x41195AFC,1092180732,1,4293,0x80009CC0,0x0000EFAC,0x41195AFC
Garbage Truck (Driver) (Civ Industrial male),0xE242790D,3796007181,1,4292,0x80009CBF,0x0000B1D2,0xE242790D
Garbage_Driver,0xFC338953,4231235923,0,5060,0x8000A3F9,0xFFFFFFFF,0xFC338953
Generic_Large_Interior,0x4EB64B07,1320569607,0,2366,0x80008320,0x00001A23,0x4EB64B07
Generic_Small_Interior,0xFDC46BF3,4257508339,0,2365,0x8000831F,0xFFFFFFFF,0xFDC46BF3
GlassShards,0xB6655EC8,3060096712,0,1100,0x80006A84,0x0001225E,0xB6655EC8
gleach,0xEF44FAAB,4014275243,0,895,0x80006464,0x00003662,0xEF44FAAB
gleach child 1,0x40537CAC,1079213228,0,896,0x80006465,0x0000B890,0x40537CAC
gleach child 2,0xDA509D83,3662716291,0,897,0x80006466,0x0000DB5E,0xDA509D83
global_debris_woodbeams01,0x28FCBBBB,687651771,0,525,0x80005A4F,0x0000C6B8,0x28FCBBBB
global_env_tree_large_debris,0xE25EA4C7,3797853383,0,2800,0x80008766,0x00003BD5,0xE25EA4C7
global_env_tree_medium_debris,0x6F648A87,1868860039,0,1946,0x80007EF4,0x000064EE,0x6F648A87
global_env_treecanopy_debris,0x5F75A3D7,1601545175,0,5192,0x8000A550,0x00009193,0x5F75A3D7
global_particle_0x80009e34,0xE7C9E46F,3888768111,0,4470,0x80009E34,0x00011DF2,0xE7C9E46F
global_particle_airstrike_artillery,0xF132D8D1,4046641361,0,1949,0x80007FF3,0xFFFFFFFF,0xF132D8D1
global_particle_airstrike_bunkerbuster,0xEEECE9F9,4008503801,0,1975,0x80008011,0xFFFFFFFF,0xEEECE9F9
global_particle_airstrike_bunkerbuster_flash,0x1C0D7336,470643510,0,5735,0x8000AD59,0x00001C88,0x1C0D7336
global_particle_airstrike_bunkerbuster_initial,0x4DCC85CC,1305249228,0,4861,0x8000A245,0x00005F4E,0x4DCC85CC
global_particle_airstrike_carpetbomb_LOD0,0xDF505090,3746582672,0,1971,0x8000800C,0x000107B8,0xDF505090
global_particle_airstrike_carpetbomb_LOD1,0xC9526C85,3377622149,0,5297,0x8000A915,0xFFFFFFFF,0xC9526C85
global_particle_airstrike_clusterbomb,0xBBAD61F9,3148702201,0,1972,0x8000800E,0xFFFFFFFF,0xBBAD61F9
global_particle_airstrike_clusterbomb_flame,0xFDE728C5,4259784901,0,3443,0x800091FF,0x000072A9,0xFDE728C5
global_particle_airstrike_cruisemissile,0x3113506C,823349356,0,3433,0x800091F2,0x00007B87,0x3113506C
global_particle_airstrike_daisycutter,0x65E42D40,1709452608,0,3429,0x800091EE,0xFFFFFFFF,0x65E42D40
global_particle_airstrike_distance,0xA3ADF8C8,2746087624,0,4865,0x8000A24A,0x00003358,0xA3ADF8C8
global_particle_airstrike_exit_explosion,0x9EC090A1,2663420065,0,1888,0x80007734,0x00002257,0x9EC090A1
global_particle_airstrike_fuelairbomb,0x8B944877,2341750903,0,3407,0x8000911F,0xFFFFFFFF,0x8B944877
global_particle_airstrike_missile,0x5FED4B9B,1609386907,0,1974,0x80008010,0x00013576,0x5FED4B9B
global_particle_airstrike_moab,0xC2F6DEE0,3270958816,0,1994,0x8000802A,0x00000C10,0xC2F6DEE0
global_particle_airstrike_rocket_artillery_LOD0,0xB3F67166,3019272550,0,5299,0x8000A917,0x000049A4,0xB3F67166
global_particle_airstrike_rocket_artillery_LOD1,0xD5F8E583,3589858691,0,5300,0x8000A918,0xFFFFFFFF,0xD5F8E583
global_particle_airstrike_smartbomb,0x8EB9C034,2394538036,0,3436,0x800091F5,0x000111BF,0x8EB9C034
global_particle_airstrike_tactnuke,0x45D71EEA,1171726058,0,3404,0x8000911B,0x000124D8,0x45D71EEA
global_particle_airstrike_tactnuke_distance,0x14B7D77C,347592572,0,5707,0x8000AD3C,0xFFFFFFFF,0x14B7D77C
global_particle_blastdoors_ext_smoke,0xEE56EB8F,3998673807,0,3406,0x8000911D,0xFFFFFFFF,0xEE56EB8F
global_particle_blastdoors_tunnelbottom_smoke,0xCE764F3D,3463860029,0,3691,0x80009548,0xFFFFFFFF,0xCE764F3D
global_particle_blastdoors_tunneltop_smoke,0x6DF39525,1844679973,0,3690,0x80009547,0xFFFFFFFF,0x6DF39525
global_particle_boatroostertail,0xE1FE22C4,3791528644,1,4849,0x8000A238,0xFFFFFFFF,0xE1FE22C4
global_particle_boatroostertail_slow,0xB43ADDD0,3023756752,1,4850,0x8000A239,0xFFFFFFFF,0xB43ADDD0
global_particle_boatroostertail_small,0x875B9010,2270924816,1,3716,0x80009562,0x00004C57,0x875B9010
global_particle_boatroostertail_small_drift,0xC36D5A48,3278723656,1,3718,0x80009564,0x000103CF,0xC36D5A48
global_particle_boatroostertail_small_slow,0x7601FDC4,1979841988,1,3717,0x80009563,0x0000DFB0,0x7601FDC4
global_particle_boatwake,0x33DF8EDA,870289114,1,3699,0x80009550,0x0000F871,0x33DF8EDA
global_particle_boatwake_drift,0xC92D0D2E,3375172910,1,3704,0x80009555,0x00001842,0xC92D0D2E
global_particle_boatwake_drift_small,0x16141FAA,370417578,1,5193,0x8000A551,0x000018DD,0x16141FAA
global_particle_boatwake_point,0x8F3162A5,2402378405,1,4848,0x8000A237,0xFFFFFFFF,0x8F3162A5
global_particle_boatwake_point_slow,0x73BF064F,1941898831,1,4851,0x8000A23A,0xFFFFFFFF,0x73BF064F
global_particle_boatwake_slow,0xEDAB7A02,3987438082,1,3703,0x80009554,0x0000C4B1,0xEDAB7A02
global_particle_boatwake_slow_small,0xF1C7B02E,4056395822,1,5194,0x8000A552,0x0000036C,0xF1C7B02E
global_particle_boatwake_small,0x8032FA06,2150824454,1,5195,0x8000A554,0x0000A52C,0x8032FA06
global_particle_buildingdebrislarge,0xD1492CDA,3511233754,0,1897,0x80007743,0xFFFFFFFF,0xD1492CDA
global_particle_bunker_top_smoke,0x98EE4149,2565751113,0,3692,0x80009549,0x00001A4E,0x98EE4149
global_particle_debris_rpg01,0x44576F90,1146580880,0,1978,0x80008017,0xFFFFFFFF,0x44576F90
global_particle_dirtexplosion,0xB7EDE5F8,3085821432,0,5349,0x8000A94E,0x00001A91,0xB7EDE5F8
global_particle_dirtexplosion_fan_large,0xDF2F904A,3744436298,0,5376,0x8000A970,0x0000AC2F,0xDF2F904A
global_particle_dirtexplosion_large,0x46DB9478,1188795512,0,5350,0x8000A94F,0x00010AAB,0x46DB9478
global_particle_dirtexplosion_small,0xEB216074,3944833140,0,5351,0x8000A950,0xFFFFFFFF,0xEB216074
global_particle_dustexplosion,0x338AC051,864731217,0,1898,0x80007744,0xFFFFFFFF,0x338AC051
global_particle_dustfall,0xCA4220A3,3393331363,0,5336,0x8000A93D,0x0000A963,0xCA4220A3
global_particle_dustshanty,0x03723F4D,57818957,0,3702,0x80009553,0xFFFFFFFF,0x03723F4D
global_particle_duststrike,0x26E1A04A,652320842,0,1889,0x80007736,0x00006D47,0x26E1A04A
global_particle_dusttrail,0xFAB952F0,4206449392,0,3119,0x80008C18,0xFFFFFFFF,0xFAB952F0
global_particle_env_bug_swarm_placeable,0x6958E54F,1767433551,0,3132,0x80008C27,0x0000EE9E,0x6958E54F
global_particle_env_firesmokeplume_infinite,0x07C664D5,130442453,0,4859,0x8000A243,0x00006CA4,0x07C664D5
global_particle_env_godray2_placeable,0x7956CD3C,2035731772,0,4483,0x80009E48,0x00011890,0x7956CD3C
global_particle_env_godray_placeable,0xC743959A,3343095194,0,3380,0x800090FC,0xFFFFFFFF,0xC743959A
global_particle_env_merida_smoke_boat,0x0A9BF54F,177993039,1,5769,0x8000AED6,0x00009EB1,0x0A9BF54F
global_particle_env_merida_smoke_infinite,0x100DAAB9,269331129,0,3117,0x80008C10,0x00006084,0x100DAAB9
global_particle_env_mist_light_placeable,0xE2D5AB12,3805653778,0,4858,0x8000A241,0x0000D108,0xE2D5AB12
global_particle_env_smokeplume_boat,0xC85169EF,3360778735,1,5770,0x8000AED7,0xFFFFFFFF,0xC85169EF
global_particle_env_smokeplume_boat_LOD1,0x3F303830,1060124720,1,5779,0x8000AEE0,0xFFFFFFFF,0x3F303830
global_particle_env_smokeplume_distance,0x81B1D9D4,2175916500,0,4868,0x8000A250,0xFFFFFFFF,0x81B1D9D4
global_particle_env_smokeplume_distance_light,0x68CD69CD,1758292429,0,4870,0x8000A252,0xFFFFFFFF,0x68CD69CD
global_particle_env_smokeplume_distance_light_LOD1,0x1B4B3AFA,457915130,0,5774,0x8000AEDB,0x000105E6,0x1B4B3AFA
global_particle_env_smokeplume_distance_LOD0,0x76500A90,1984957072,0,5773,0x8000AEDA,0x0000F359,0x76500A90
global_particle_env_smokeplume_distance_LOD1,0x60522685,1615996549,0,5772,0x8000AED9,0x0000811C,0x60522685
global_particle_env_smokeplume_distance_tall,0x0E187EA2,236486306,0,4869,0x8000A251,0xFFFFFFFF,0x0E187EA2
global_particle_env_smokeplume_distance_tall_light,0x549CD12B,1419563307,0,4871,0x8000A253,0x0000940C,0x549CD12B
global_particle_env_smokeplume_distance_tall_light_LOD1,0xB887A2A4,3095896740,0,5776,0x8000AEDD,0x0000703D,0xB887A2A4
global_particle_env_smokeplume_distance_tall_LOD1,0xD424C6D7,3559179991,0,5775,0x8000AEDC,0x0000114B,0xD424C6D7
global_particle_env_smokeplume_infinite,0x58AC1659,1487672921,0,3129,0x80008C23,0x000005ED,0x58AC1659
global_particle_env_smokeplume_infinite_LOD1,0x1635366E,372586094,0,5777,0x8000AEDE,0x00011E17,0x1635366E
global_particle_env_smokeplume_light_infinite,0x3969FD12,963247378,0,3384,0x80009100,0xFFFFFFFF,0x3969FD12
global_particle_env_smokeplume_light_infinite_LOD1,0x929663A7,2459329447,0,5778,0x8000AEDF,0x0000CC94,0x929663A7
global_particle_exp_falling_debris_airstrike,0xBB148FF6,3138686966,0,5379,0x8000A973,0x0000E99D,0xBB148FF6
global_particle_exp_falling_debris_huge,0x71186BE1,1897425889,0,3432,0x800091F1,0x00001298,0x71186BE1
global_particle_exp_falling_debris_lrg,0xC0D14C79,3234942073,0,3431,0x800091F0,0xFFFFFFFF,0xC0D14C79
global_particle_exp_falling_debris_lrg_special,0x72DEAE19,1927196185,0,5378,0x8000A972,0x0000E638,0x72DEAE19
global_particle_exp_falling_debris_lrg_tall,0x95D31FC9,2513641417,0,3434,0x800091F3,0x00005285,0x95D31FC9
global_particle_exp_falling_debris_med,0xB1FE2F96,2986225558,0,3442,0x800091FC,0x00002B83,0xB1FE2F96
global_particle_exp_falling_debris_med_tall,0x98AF6234,2561630772,0,3441,0x800091FB,0x00000D0F,0x98AF6234
global_particle_exp_falling_debris_med_tall_LOD0,0x481DC970,1209911664,0,5298,0x8000A916,0x00013671,0x481DC970
global_particle_exp_shockwave_ground,0x72FDE10D,1929240845,0,3417,0x80009129,0x0000036A,0x72FDE10D
global_particle_exp_shockwave_ground_bunkerbuster,0x40E58CE4,1088785636,0,5342,0x8000A945,0x00004B67,0x40E58CE4
global_particle_exp_shockwave_ground_bunkerbuster_a,0x1162EEAC,291696300,0,5343,0x8000A946,0x0000E142,0x1162EEAC
global_particle_exp_shockwave_ground_bunkerbuster_b,0xAB600F83,2875199363,0,5344,0x8000A947,0x0000A8AC,0xAB600F83
global_particle_exp_shockwave_ground_lrg,0x96BEBFA1,2529083297,0,3428,0x800091ED,0x00013543,0x96BEBFA1
global_particle_exp_shockwave_ground_moab,0xC88A5AE1,3364510433,0,5341,0x8000A943,0x0000DBE9,0xC88A5AE1
global_particle_exp_shockwave_ground_pep,0x0B48A267,189309543,0,5746,0x8000AD6B,0x000051E7,0x0B48A267
global_particle_exp_shockwave_ground_sml,0x9042EDA4,2420305316,0,3437,0x800091F6,0x00004E0E,0x9042EDA4
global_particle_exp_shockwave_ground_tactnuke,0x9590904F,2509279311,0,3405,0x8000911C,0xFFFFFFFF,0x9590904F
global_particle_exp_shockwave_ground_tiny,0x7DEEC326,2112799526,0,3438,0x800091F7,0x000114DD,0x7DEEC326
global_particle_exp_shockwave_ground_tiny_asphalt,0x2E796D6A,779709802,0,4846,0x8000A235,0x00009E32,0x2E796D6A
global_particle_exp_shockwave_ground_tiny_concrete,0x3E3664CC,1043752140,0,4847,0x8000A236,0x0000BF9D,0x3E3664CC
global_particle_exp_shockwave_ground_tiny_grass,0x82186D45,2182638917,0,4845,0x8000A234,0x00002630,0x82186D45
global_particle_exp_sparks_sphere_lrg,0xA2D1A7B6,2731648950,0,3430,0x800091EF,0x000020F7,0xA2D1A7B6
global_particle_explosion,0x57F368D9,1475569881,0,5997,0x90000069,0x0000FA7C,0x57F368D9
global_particle_explosion_c4,0x98FE1D7D,2566790525,0,1992,0x80008028,0x0000EFA4,0x98FE1D7D
global_particle_explosion_canvas,0xD0329D94,3492978068,0,3399,0x80009113,0xFFFFFFFF,0xD0329D94
global_particle_explosion_canvas_large,0x45FE04E4,1174275300,0,3400,0x80009114,0x000007D6,0x45FE04E4
global_particle_explosion_clothes_a,0x05F94DB0,100224432,0,5356,0x8000A956,0x00013042,0x05F94DB0
global_particle_explosion_clothes_b,0xEFF6EC77,4025937015,0,5357,0x8000A957,0x0000F069,0xEFF6EC77
global_particle_explosion_feathers,0xDFAAA9E8,3752503784,0,4480,0x80009E42,0xFFFFFFFF,0xDFAAA9E8
global_particle_explosion_flag_blue,0x256C3DC9,627850697,0,5794,0x8000AEFA,0x0000D45C,0x256C3DC9
global_particle_explosion_flag_red,0x8221D026,2183254054,0,5793,0x8000AEF9,0xFFFFFFFF,0x8221D026
global_particle_explosion_flash,0x458BF396,1166799766,0,1986,0x8000801F,0x00006F6C,0x458BF396
global_particle_explosion_flash_large,0xB7C5C5FA,3083191802,0,3370,0x800090F1,0x00003E72,0xB7C5C5FA
global_particle_explosion_guts,0xA11F9967,2703202663,0,5738,0x8000AD61,0x0000929C,0xA11F9967
global_particle_explosion_heli_bladeflame,0x946D93E4,2490209252,1,1981,0x8000801A,0x00012589,0x946D93E4
global_particle_explosion_heli_bladesparks,0x0BA8DD59,195616089,1,1982,0x8000801B,0xFFFFFFFF,0x0BA8DD59
global_particle_explosion_heli_flame,0x0F2F66A8,254764712,1,2852,0x80008843,0x000026DD,0x0F2F66A8
global_particle_explosion_huge,0x5A8AB4FD,1519039741,0,3191,0x80008E8D,0xFFFFFFFF,0x5A8AB4FD
global_particle_explosion_huge_oil,0x75ED7824,1978497060,0,3192,0x80008E8E,0x00013E0D,0x75ED7824
global_particle_explosion_medium,0xE5802F81,3850383233,0,1989,0x80008022,0x0000A88C,0xE5802F81
global_particle_explosion_medium_oil,0x043828E0,70789344,0,3193,0x80008E8F,0xFFFFFFFF,0x043828E0
global_particle_explosion_money_large,0x78311300,2016482048,0,5322,0x8000A92F,0x0000D32A,0x78311300
global_particle_explosion_money_large_fire,0x50D6FCC3,1356266691,0,5332,0x8000A939,0x000056F7,0x50D6FCC3
global_particle_explosion_money_small,0x2B9F96FC,731879164,0,5323,0x8000A930,0x0000EE0F,0x2B9F96FC
global_particle_explosion_papers,0x5E3601BD,1580597693,0,5198,0x8000A557,0x00012167,0x5E3601BD
global_particle_explosion_parrotfeathers,0xCE91FE1C,3465674268,0,4842,0x8000A225,0x0000EAC8,0xCE91FE1C
global_particle_explosion_pickup_ammo,0x03451E79,54861433,0,5327,0x8000A934,0x00011C22,0x03451E79
global_particle_explosion_pickup_c4,0x48CE797A,1221491066,0,5331,0x8000A938,0x00003332,0x48CE797A
global_particle_explosion_pickup_fuel,0x170E0A0F,386796047,0,5741,0x8000AD65,0x0000985B,0x170E0A0F
global_particle_explosion_pickup_grenade,0xF1C5A4D3,4056261843,0,5329,0x8000A936,0x00001C3F,0xF1C5A4D3
global_particle_explosion_pickup_health,0x25F57375,636842869,0,5328,0x8000A935,0x0000D482,0x25F57375
global_particle_explosion_pickup_large,0x743A2AD4,1949969108,0,5324,0x8000A931,0x0000D0ED,0x743A2AD4
global_particle_explosion_pickup_money,0xDEF99209,3740897801,0,5325,0x8000A932,0x0000536A,0xDEF99209
global_particle_explosion_pickup_money_small,0xB35F1111,3009351953,0,5326,0x8000A933,0x00008F40,0xB35F1111
global_particle_explosion_pickup_rocket,0xA24B5B2B,2722847531,0,5330,0x8000A937,0x000028A4,0xA24B5B2B
global_particle_explosion_plaster_chips,0x1B329175,456298869,0,5764,0x8000AED1,0x00012B32,0x1B329175
global_particle_explosion_rpg,0xC2C0EEFD,3267423997,0,1979,0x80008018,0xFFFFFFFF,0xC2C0EEFD
global_particle_explosion_rpg_center,0xB3EE5AAB,3018742443,0,1980,0x80008019,0xFFFFFFFF,0xB3EE5AAB
global_particle_explosion_shockwave_ring,0x94A59F9E,2493882270,0,1987,0x80008020,0x00004C8A,0x94A59F9E
global_particle_explosion_shockwave_sphere,0x772FF1B7,1999630775,0,1985,0x8000801E,0x000010F8,0x772FF1B7
global_particle_explosion_shockwave_sphere_bunkerbuster,0xBFE62FD2,3219533778,0,4860,0x8000A244,0xFFFFFFFF,0xBFE62FD2
global_particle_explosion_small,0xD21C3CE1,3525065953,0,1990,0x80008026,0x0000B55E,0xD21C3CE1
global_particle_explosion_tankhatch,0xB334C7E6,3006580710,1,1958,0x80007FFD,0xFFFFFFFF,0xB334C7E6
global_particle_explosion_tankhull,0xFB159F49,4212498249,1,1963,0x80008004,0xFFFFFFFF,0xFB159F49
global_particle_explosion_tankturretflame,0x1E54DCAF,508877999,1,1964,0x80008005,0xFFFFFFFF,0x1E54DCAF
global_particle_explosion_tankturretseam,0x590A8C40,1493863488,1,1961,0x80008002,0x0000E4CC,0x590A8C40
global_particle_explosion_tiny,0x6335F002,1664479234,0,1993,0x80008029,0x0000F99D,0x6335F002
global_particle_explosion_treetrunk,0xC3B1D63A,3283211834,0,3401,0x80009115,0x00010850,0xC3B1D63A
global_particle_explosion_vehicle_air,0xC6622D45,3328322885,1,1983,0x8000801C,0xFFFFFFFF,0xC6622D45
global_particle_explosion_vehicle_ground,0xDC673342,3697750850,1,1962,0x80008003,0x00000443,0xDC673342
global_particle_explosion_vehicle_weakpoint,0x0544C717,88393495,1,5791,0x8000AEF7,0x00013BDE,0x0544C717
global_particle_explosion_water_large,0x2438D2A1,607703713,0,4867,0x8000A24F,0x00005A2D,0x2438D2A1
global_particle_explosion_waterbumper,0x71A6013C,1906704700,0,3733,0x80009574,0x0000EC09,0x71A6013C
global_particle_explosion_watertower,0xA8F00200,2834301440,0,3732,0x80009573,0x0000639E,0xA8F00200
global_particle_explosionhuge,0xF85E869C,4166944412,0,6000,0x9000006D,0xFFFFFFFF,0xF85E869C
global_particle_explosionlarge,0x639F99B6,1671403958,0,6001,0x9000006E,0x000049ED,0x639F99B6
global_particle_explosionoiltower,0x619FE42A,1637868586,0,3390,0x80009109,0x00000F1B,0x619FE42A
global_particle_explosionsmall,0x840E78FE,2215540990,0,6002,0x9000006F,0xFFFFFFFF,0x840E78FE
global_particle_explosionverysmall,0x351DD232,891146802,0,6003,0x90000070,0x00001521,0x351DD232
global_particle_fire_armwrestling,0xD0F96D18,3506007320,0,1959,0x80007FFE,0x00005245,0xD0F96D18
global_particle_fire_carhood,0xC6666A25,3328600613,0,3108,0x80008C06,0x00009C09,0xC6666A25
global_particle_fire_jetengine_boost_infinite,0xF8068AAD,4161178285,0,5706,0x8000AD3B,0xFFFFFFFF,0xF8068AAD
global_particle_fire_jetengine_end,0x384185DC,943818204,0,5517,0x8000AACD,0xFFFFFFFF,0x384185DC
global_particle_fire_jetengine_infinite,0x5D6365F9,1566795257,0,5382,0x8000A976,0x00012D57,0x5D6365F9
global_particle_fire_jetengine_orange_infinite,0x69333F6E,1764966254,0,5705,0x8000AD3A,0x00006CC1,0x69333F6E
global_particle_fireblue_infinite,0x791258A3,2031245475,0,4486,0x80009E4C,0x0000D91D,0x791258A3
global_particle_fireboatflamejet,0xFB1C0DB8,4212919736,1,3724,0x8000956A,0x000084D9,0xFB1C0DB8
global_particle_fireboatflamejet_smoke,0x54AAFB66,1420491622,1,3736,0x80009577,0x0000AA57,0x54AAFB66
global_particle_fireboatgrande,0x148F0151,344916305,1,3720,0x80009566,0x00000DEE,0x148F0151
global_particle_fireboatgrande_smoke,0xBD19723B,3172561467,1,3737,0x80009578,0x0000E838,0xBD19723B
global_particle_fireboatlarge,0x440BEA87,1141631623,1,5197,0x8000A556,0x0000F953,0x440BEA87
global_particle_fireboatmedium,0xF05590E7,4032139495,1,3721,0x80009567,0x0000482A,0xF05590E7
global_particle_fireboatsmall,0x798CBC2F,2039266351,1,3722,0x80009568,0x000054F1,0x798CBC2F
global_particle_fireboattiny,0x71BD9CD4,1908251860,1,3723,0x80009569,0x000064F4,0x71BD9CD4
global_particle_fireflare_infinite,0xEEFB3B23,4009442083,0,3726,0x8000956C,0x0000A1D1,0xEEFB3B23
global_particle_firegrandesmoke,0x50888846,1351125062,0,1896,0x8000773F,0x00012F0A,0x50888846
global_particle_firegrandesmoke_infinite,0x90D31235,2429751861,0,3392,0x8000910B,0x000074E7,0x90D31235
global_particle_firegrandesmoke_infinite_smoke,0xF8C87BEF,4173888495,0,4465,0x80009E2F,0x00010BED,0xF8C87BEF
global_particle_firegrandesmoke_smoke,0x948694F4,2491847924,0,4466,0x80009E30,0x0000426D,0x948694F4
global_particle_firehedge,0x8E87B41F,2391258143,0,4497,0x80009E58,0xFFFFFFFF,0x8E87B41F
global_particle_firehydrant_spray,0x8D57E3E4,2371347428,0,3725,0x8000956B,0x000097DE,0x8D57E3E4
global_particle_firelarge,0xF5AB345D,4121637981,0,1890,0x80007737,0x0000419A,0xF5AB345D
global_particle_firelarge_infinite,0xA7BD01E8,2814181864,0,5296,0x8000A914,0x00011EE5,0xA7BD01E8
global_particle_firelarge_infinite_placeable,0x57632C60,1466117216,0,5371,0x8000A96B,0x000116EC,0x57632C60
global_particle_firelarge_smoke,0xABDE53F7,2883474423,0,4467,0x80009E31,0x00004CEE,0xABDE53F7
global_particle_firelargesmoke,0x749958E4,1956206820,0,1895,0x8000773D,0x0000ED25,0x749958E4
global_particle_firelargesmoke_infinite,0x8CF6A76F,2364974959,0,2009,0x8000803D,0xFFFFFFFF,0x8CF6A76F
global_particle_firelargesmoke_infinite_placeable,0x0D2B6E3F,220950079,0,5367,0x8000A967,0x00001B9D,0x0D2B6E3F
global_particle_firelargesmoke_infinite_smoke,0x48974AB9,1217874617,0,4469,0x80009E33,0x00009FBA,0x48974AB9
global_particle_firelargesmoke_infinite_smoke_placeable,0xA7021585,2801931653,0,5368,0x8000A968,0x00001CF8,0xA7021585
global_particle_firelargesmoke_smoke,0x271A4F42,656035650,0,4468,0x80009E32,0x0000F9C1,0x271A4F42
global_particle_firelargesmoke_smoke_vehicle,0x35F9E783,905570179,1,5363,0x8000A962,0x0000514C,0x35F9E783
global_particle_firelargesmoke_vehicle,0xD5624ED9,3579989721,1,5362,0x8000A961,0x00000B53,0xD5624ED9
global_particle_firemedium,0x03A9A049,61448265,0,4853,0x8000A23C,0x0000CF4C,0x03A9A049
global_particle_firemediumsmoke,0xA169E7F0,2708072432,0,5996,0x90000068,0x0000374E,0xA169E7F0
global_particle_firemediumsmoke_heli,0xDA1905F7,3659073015,1,5783,0x8000AEEF,0xFFFFFFFF,0xDA1905F7
global_particle_firemediumsmoke_heli_infinite,0xF7211396,4146140054,1,5784,0x8000AEF0,0xFFFFFFFF,0xF7211396
global_particle_firemediumsmoke_infinite,0xC4858F83,3297087363,0,2022,0x800080C5,0xFFFFFFFF,0xC4858F83
global_particle_firemediumsmoke_infinite_constant,0xB94BD146,3108753734,0,5743,0x8000AD67,0x0000077F,0xB94BD146
global_particle_firemediumsmoke_infinite_placeable,0x59DAC62B,1507509803,0,5370,0x8000A96A,0x0000F290,0x59DAC62B
global_particle_firemediumsmoke_infinite_smoke,0x54D85FBD,1423466429,0,4472,0x80009E36,0xFFFFFFFF,0x54D85FBD
global_particle_firemediumsmoke_infinite_smoke_placeable,0x7AD74241,2060927553,0,5369,0x8000A969,0x00010A10,0x7AD74241
global_particle_firemediumsmoke_smoke,0xDEF283BE,3740435390,0,4471,0x80009E35,0xFFFFFFFF,0xDEF283BE
global_particle_firemediumsmoke_smoke_vehicle,0xE4D6C747,3839280967,1,5361,0x8000A960,0x00002B52,0xE4D6C747
global_particle_firemediumsmoke_tree_box_flame,0x72AB2999,1923819929,0,5787,0x8000AEF3,0x00006447,0x72AB2999
global_particle_firemediumsmoke_vehicle,0x0E54069D,240387741,1,5360,0x8000A95F,0xFFFFFFFF,0x0E54069D
global_particle_firemediumsmoke_vehicle_boat_box_flame,0xF2762404,4067828740,1,5785,0x8000AEF1,0x00000A53,0xF2762404
global_particle_firemediumsmoke_vehicle_box_flame,0x602D65D7,1613587927,1,4489,0x80009E4F,0xFFFFFFFF,0x602D65D7
global_particle_firesmall,0x608D7C59,1619885145,0,1893,0x8000773B,0x00000E8C,0x608D7C59
global_particle_firesmall_infinite,0x1337775C,322402140,0,3376,0x800090F8,0xFFFFFFFF,0x1337775C
global_particle_firesmall_infinite_constant,0x28FD3D27,687684903,0,5742,0x8000AD66,0x0000A72F,0x28FD3D27
global_particle_firesmall_infinite_placeable,0xC6DB17EC,3336247276,0,5372,0x8000A96C,0x00005B8E,0xC6DB17EC
global_particle_firesmall_infinite_smoke,0x73B0889A,1940949146,0,4474,0x80009E38,0x00000A32,0x73B0889A
global_particle_firesmall_infinite_smoke_placeable,0xB31C02A6,3004957350,0,5373,0x8000A96D,0x00007FEB,0xB31C02A6
global_particle_firesmall_smoke,0xAB377163,2872537443,0,4473,0x80009E37,0x00004777,0xAB377163
global_particle_firesmallsmoke,0x79F41D80,2046041472,0,1894,0x8000773C,0x00007ABA,0x79F41D80
global_particle_firesmallsmoke_smoke,0xD9B3670E,3652413198,0,4475,0x80009E39,0x00004905,0xD9B3670E
global_particle_firesmallsmoke_smoke_vehicle,0xDA5F1597,3663664535,1,5365,0x8000A964,0x00002F19,0xDA5F1597
global_particle_firesmallsmoke_vehicle,0xF46BFBAD,4100717485,1,5364,0x8000A963,0x0000939F,0xF46BFBAD
global_particle_firetiny,0x92CEB6AA,2463020714,0,6006,0x90000074,0xFFFFFFFF,0x92CEB6AA
global_particle_firetiny_infinite,0x6FE47C31,1877244977,0,1970,0x8000800B,0x000035E2,0x6FE47C31
global_particle_firetiny_infinite_placeable,0xDA1AC3ED,3659187181,0,5374,0x8000A96E,0x00008C0B,0xDA1AC3ED
global_particle_firetreecanopydwarf,0xE4AF6CDC,3836701916,0,4844,0x8000A227,0xFFFFFFFF,0xE4AF6CDC
global_particle_firetreecanopydwarf_LOD0,0x90E8C578,2431174008,0,5303,0x8000A91B,0xFFFFFFFF,0x90E8C578
global_particle_firetreecanopydwarf_LOD1,0xBAEB462D,3135981101,0,5304,0x8000A91C,0x0000A2ED,0xBAEB462D
global_particle_firetreecanopymedium,0x9A24C9F5,2586102261,0,3695,0x8000954C,0xFFFFFFFF,0x9A24C9F5
global_particle_firetreecanopymedium_LOD0,0x339C8FFF,865898495,0,5301,0x8000A919,0x000014C6,0x339C8FFF
global_particle_firetreecanopymedium_LOD1,0xD199B722,3516512034,0,5302,0x8000A91A,0x0000E14E,0xD199B722
global_particle_firetreecanopymedium_static,0xB5C59F0A,3049627402,0,4872,0x8000A254,0x0000185E,0xB5C59F0A
global_particle_firetreecanopymedium_static_smoke,0x63DA8038,1675264056,0,5191,0x8000A54F,0x00008412,0x63DA8038
global_particle_firetreecanopysmall,0x6FFB154D,1878725965,0,3697,0x8000954E,0x00012850,0x6FFB154D
global_particle_firetreecanopysmall_LOD0,0x80283657,2150118999,0,5305,0x8000A91D,0xFFFFFFFF,0x80283657
global_particle_firetreecanopysmall_LOD1,0x1E255D7A,505765242,0,5306,0x8000A91E,0x00008EA0,0x1E255D7A
global_particle_firetreecanopytiny,0x5617466E,1444365934,0,3709,0x8000955B,0xFFFFFFFF,0x5617466E
global_particle_firetreecanopytiny_LOD0,0x29DA148E,702157966,0,5307,0x8000A91F,0x0001169A,0x29DA148E
global_particle_firetreecanopytiny_LOD1,0x0BDC23EB,198976491,0,5308,0x8000A920,0xFFFFFFFF,0x0BDC23EB
global_particle_firetreelargesmoke,0xD223D588,3525563784,0,4855,0x8000A23E,0x000122D3,0xD223D588
global_particle_firetreemediumsmoke,0x1697661C,379020828,0,4856,0x8000A23F,0xFFFFFFFF,0x1697661C
global_particle_firetreesmallsmoke,0x24986514,613967124,0,4857,0x8000A240,0x0000EE1B,0x24986514
global_particle_firetreetrunkA,0xB5B9E4F7,3048858871,0,4476,0x80009E3D,0x0000641C,0xB5B9E4F7
global_particle_firetreetrunkB,0xCBBC4630,3418113584,0,4477,0x80009E3E,0x0000957B,0xCBBC4630
global_particle_firetreetrunkC,0x35BF2BA5,901720997,0,4484,0x80009E4A,0x000062B1,0x35BF2BA5
global_particle_firetreetrunkD,0x2BADD2C6,732811974,0,4485,0x80009E4B,0x00010AD4,0x2BADD2C6
global_particle_flaresmoke,0x02F6773F,49706815,0,6005,0x90000072,0xFFFFFFFF,0x02F6773F
global_particle_flaresmoke_airstrike,0x9C10F46C,2618356844,0,5771,0x8000AED8,0xFFFFFFFF,0x9C10F46C
global_particle_flaresmoke_fail,0xA1F75A3A,2717342266,0,5318,0x8000A92B,0xFFFFFFFF,0xA1F75A3A
global_particle_flaresmoke_green,0x41675D0B,1097293067,0,1999,0x80008033,0x0000BCCE,0x41675D0B
global_particle_flaresmoke_green_aristrike,0x1E31D18E,506581390,0,5780,0x8000AEEB,0xFFFFFFFF,0x1E31D18E
global_particle_flaresmoke_green_fail,0xF5894946,4119415110,0,5319,0x8000A92C,0xFFFFFFFF,0xF5894946
global_particle_flaresmoke_green_infinite,0xC18C0252,3247178322,0,3395,0x8000910F,0x000114C0,0xC18C0252
global_particle_flaresmoke_infinite,0xED6EA40E,3983451150,0,3394,0x8000910E,0x00005A48,0xED6EA40E
global_particle_flaresmoke_lightblue,0x6EFE9D26,1862180134,0,2000,0x80008034,0xFFFFFFFF,0x6EFE9D26
global_particle_flaresmoke_lightblue_airstrike,0xA36A90E5,2741670117,0,5781,0x8000AEEC,0xFFFFFFFF,0xA36A90E5
global_particle_flaresmoke_lightblue_fail,0xEC738915,3966994709,0,5320,0x8000A92D,0x00007FCB,0xEC738915
global_particle_flaresmoke_lightblue_infinite,0xC6BF9415,3334444053,0,3396,0x80009110,0xFFFFFFFF,0xC6BF9415
global_particle_flaresmoke_yellow,0xF8171566,4162262374,0,2001,0x80008035,0xFFFFFFFF,0xF8171566
global_particle_flaresmoke_yellow_airstrike,0x78E50725,2028275493,0,5782,0x8000AEEE,0x0000D89E,0x78E50725
global_particle_flaresmoke_yellow_fail,0xE1DBDE55,3789282901,0,5321,0x8000A92E,0xFFFFFFFF,0xE1DBDE55
global_particle_flaresmoke_yellow_infinite,0xBA245355,3122942805,0,3397,0x80009111,0xFFFFFFFF,0xBA245355
global_particle_flotsum,0xEB453E60,3947183712,0,3116,0x80008C0E,0x00010DF3,0xEB453E60
global_particle_flotsum_ash,0xCA429139,3393360185,0,3133,0x80008C29,0x0000F2AE,0xCA429139
global_particle_flotsum_birds,0x6BE8743D,1810396221,0,3373,0x800090F5,0x0000FA52,0x6BE8743D
global_particle_flotsum_bugs,0x647189BE,1685162430,0,3131,0x80008C26,0x0000DDA3,0x647189BE
global_particle_flotsum_bugs_mosquito,0x04D89340,81302336,0,3379,0x800090FB,0xFFFFFFFF,0x04D89340
global_particle_flotsum_bugs_pirate,0x23CEDDB6,600759734,0,3377,0x800090F9,0xFFFFFFFF,0x23CEDDB6
global_particle_flotsum_dandy,0xEBB461C9,3954467273,0,3134,0x80008C2A,0x000090DF,0xEBB461C9
global_particle_flotsum_dust,0xCE4504C3,3460629699,0,3135,0x80008C2B,0x00011817,0xCE4504C3
global_particle_flotsum_dust_dark,0x60EBF5FE,1626076670,0,5375,0x8000A96F,0x00006BBC,0x60EBF5FE
global_particle_flotsum_dust_ground,0x5D39458F,1564034447,0,3137,0x80008C2D,0x00013716,0x5D39458F
global_particle_flotsum_leaves,0x41560073,1096155251,0,3130,0x80008C25,0x0000E260,0x41560073
global_particle_flotsum_papers,0x0961D706,157406982,0,4854,0x8000A23D,0x0000CA18,0x0961D706
global_particle_flotsum_smoke_ground,0x658F68B4,1703897268,0,3136,0x80008C2C,0x000128E8,0x658F68B4
global_particle_fountian_a,0x35458D10,893750544,0,3120,0x80008C19,0x0000091D,0x35458D10
global_particle_fountian_b,0x1F432BD7,524495831,0,3128,0x80008C21,0x000083B2,0x1F432BD7
global_particle_fountian_drops_a,0xE146016B,3779461483,0,3126,0x80008C1F,0x00001D11,0xE146016B
global_particle_fountian_sheet_short_a,0xDC97F80B,3700946955,0,3124,0x80008C1D,0x00009A61,0xDC97F80B
global_particle_fountian_sheet_short_b,0x029A7274,43676276,0,3125,0x80008C1E,0x000018A4,0x029A7274
global_particle_fountian_sheet_tall_a,0x5D77115A,1568084314,0,3121,0x80008C1A,0xFFFFFFFF,0x5D77115A
global_particle_fountian_sheet_tall_b,0xBF7E6765,3212732261,0,3122,0x80008C1B,0xFFFFFFFF,0xBF7E6765
global_particle_fountian_sheet_tall_c,0x557B81F0,1434157552,0,3127,0x80008C20,0x000077B0,0x557B81F0
global_particle_fountian_splash_a,0xD2EC0E42,3538685506,0,3123,0x80008C1C,0xFFFFFFFF,0xD2EC0E42
global_particle_grenadeexplosion,0x2440B40B,608220171,0,5999,0x9000006C,0x00000120,0x2440B40B
global_particle_gritexplosion,0x314341D1,826491345,0,5995,0x90000067,0x0000F30C,0x314341D1
global_particle_hedge_cover,0xCE8D144F,3465352271,0,5739,0x8000AD62,0x000060DA,0xCE8D144F
global_particle_hedge_cover_fire,0xF5481F8A,4115144586,0,5740,0x8000AD63,0x00003C53,0xF5481F8A
global_particle_impact_blood,0xF9AB154B,4188738891,0,6014,0x9000007E,0x00009BC8,0xF9AB154B
global_particle_impact_brick,0xFB787A44,4218976836,0,6012,0x9000007C,0x00000F6C,0xFB787A44
global_particle_impact_brick_nodamage,0x6448B461,1682486369,0,4492,0x80009E52,0xFFFFFFFF,0x6448B461
global_particle_impact_brick_point,0x1EE5B78B,518371211,0,5355,0x8000A954,0x00004F23,0x1EE5B78B
global_particle_impact_brickplaster_nodamage,0x9DC7132A,2647069482,0,4493,0x80009E53,0xFFFFFFFF,0x9DC7132A
global_particle_impact_bullet_blood,0x99905F7C,2576375676,0,4502,0x80009E5D,0xFFFFFFFF,0x99905F7C
global_particle_impact_bullet_brick,0x79176617,2031576599,0,2844,0x8000883B,0x00008CB1,0x79176617
global_particle_impact_bullet_dirt,0x3747110B,927404299,0,2846,0x8000883D,0x0000BD11,0x3747110B
global_particle_impact_bullet_glass,0x4F4CAF70,1330425712,0,2848,0x8000883F,0x0000D5F8,0x4F4CAF70
global_particle_impact_bullet_leaves,0xDD533E50,3713220176,0,2847,0x8000883E,0xFFFFFFFF,0xDD533E50
global_particle_impact_bullet_metal,0xEDA838E5,3987224805,0,2849,0x80008840,0x0000E6D0,0xEDA838E5
global_particle_impact_bullet_metal_flare,0xC410BEA4,3289431716,0,4498,0x80009E59,0x000075C3,0xC410BEA4
global_particle_impact_bullet_stone,0xFBA53CCB,4221910219,0,2845,0x8000883C,0x0000BB6E,0xFBA53CCB
global_particle_impact_bullet_water,0x58A40C49,1487146057,0,4501,0x80009E5C,0xFFFFFFFF,0x58A40C49
global_particle_impact_bullet_wood,0xEC2E1CE7,3962445031,0,2850,0x80008841,0x00010B39,0xEC2E1CE7
global_particle_impact_concrete,0xC99D2D00,3382521088,0,6008,0x90000078,0xFFFFFFFF,0xC99D2D00
global_particle_impact_concrete_nodamage,0xBF5270FD,3209851133,0,4482,0x80009E44,0x000079EB,0xBF5270FD
global_particle_impact_concrete_point,0x59938797,1502840727,0,5354,0x8000A953,0x00008039,0x59938797
global_particle_impact_dirt,0x14CE41AA,349061546,0,6007,0x90000077,0xFFFFFFFF,0x14CE41AA
global_particle_impact_dirt_point,0x41B379D5,1102281173,0,5353,0x8000A952,0xFFFFFFFF,0x41B379D5
global_particle_impact_generic_nodamage,0xEA28E571,3928548721,0,4495,0x80009E56,0xFFFFFFFF,0xEA28E571
global_particle_impact_glass,0x51CCB517,1372370199,0,6016,0x90000080,0x0000FEB0,0x51CCB517
global_particle_impact_glass_nodamage,0x3C0239E4,1006778852,0,4491,0x80009E51,0x00010C7E,0x3C0239E4
global_particle_impact_leaves,0x94171375,2484540277,0,6013,0x9000007D,0x00010F40,0x94171375
global_particle_impact_metal,0x9386E236,2475090486,0,6011,0x9000007B,0xFFFFFFFF,0x9386E236
global_particle_impact_metal_nodamage,0x279A7267,664433255,0,4481,0x80009E43,0x00003EEF,0x279A7267
global_particle_impact_metal_nodamage_flare,0x43D6AC22,1138142242,0,4499,0x80009E5A,0x00003506,0x43D6AC22
global_particle_impact_metal_point,0x6A97ADC1,1788325313,0,5352,0x8000A951,0x0000FD41,0x6A97ADC1
global_particle_impact_rocket_weakpoint,0x2C6E80E2,745439458,0,4503,0x80009E5F,0xFFFFFFFF,0x2C6E80E2
global_particle_impact_rpg_glass,0x91BAFC77,2444950647,0,1984,0x8000801D,0x00012085,0x91BAFC77
global_particle_impact_slide_brick,0xE5889AD6,3850934998,0,3730,0x80009571,0xFFFFFFFF,0xE5889AD6
global_particle_impact_slide_dirt,0xE8E827DC,3907528668,0,3728,0x8000956F,0x0000CB3B,0xE8E827DC
global_particle_impact_slide_leaves,0xEDBB4783,3988473731,0,3731,0x80009572,0x000028BD,0xEDBB4783
global_particle_impact_slide_stone,0xABFD5BDA,2885508058,0,3729,0x80009570,0x00012674,0xABFD5BDA
global_particle_impact_stone,0x5D7A9344,1568314180,0,6015,0x9000007F,0x0000C3F5,0x5D7A9344
global_particle_impact_stone_nodamage,0x07066F61,117862241,0,4494,0x80009E54,0x0000539E,0x07066F61
global_particle_impact_sweat,0x1567287F,359082111,0,4841,0x8000A223,0x0000D97B,0x1567287F
global_particle_impact_water,0x73FD2F8A,1945972618,0,6009,0x90000079,0x0000F3C1,0x73FD2F8A
global_particle_impact_wood,0xEC86D392,3968258962,0,6010,0x9000007A,0xFFFFFFFF,0xEC86D392
global_particle_impact_wood_nodamage,0x773B3573,2000369011,0,4488,0x80009E4E,0x000045C8,0x773B3573
global_particle_industrial_fire_infinite,0xD60D99D3,3591215571,0,1966,0x80008007,0x00005348,0xD60D99D3
global_particle_industrial_firesmoke_infinite,0x0610E7B2,101771186,0,1965,0x80008006,0xFFFFFFFF,0x0610E7B2
global_particle_industrial_smoke_infinite,0xA2227E4E,2720169550,0,1967,0x80008008,0x00012822,0xA2227E4E
global_particle_industrial_smokesmall_infinite,0x09CB1077,164302967,0,1969,0x8000800A,0x000086B0,0x09CB1077
global_particle_monstertruck_turbo,0x9919B4C6,2568598726,1,5790,0x8000AEF6,0x000095A7,0x9919B4C6
global_particle_muzzleflash,0x2E59B6BB,777631419,0,6004,0x90000071,0x00008487,0x2E59B6BB
global_particle_muzzleflash_25mm,0xE738A8AF,3879250095,0,2005,0x80008039,0x00003ABA,0xE738A8AF
global_particle_muzzleflash_AA,0x025925B0,39396784,0,2002,0x80008036,0x00002308,0x025925B0
global_particle_muzzleflash_artillery,0x1433A0E8,338927848,0,5196,0x8000A555,0x0000DEEF,0x1433A0E8
global_particle_muzzleflash_blue,0x341B47C6,874203078,0,5768,0x8000AED5,0x0000A6D9,0x341B47C6
global_particle_muzzleflash_grenadelauncher,0x579E9394,1470010260,0,3711,0x8000955D,0xFFFFFFFF,0x579E9394
global_particle_muzzleflash_handgun,0x5A1F98BD,1512020157,0,1956,0x80007FFA,0x00006398,0x5A1F98BD
global_particle_muzzleflash_jet,0xBA8DBF73,3129851763,0,4928,0x8000A296,0x0000B02B,0xBA8DBF73
global_particle_muzzleflash_MG,0x1E98062A,513279530,0,3694,0x8000954B,0xFFFFFFFF,0x1E98062A
global_particle_muzzleflash_rpg,0x00F0790B,15759627,0,1954,0x80007FF8,0x000024D2,0x00F0790B
global_particle_muzzleflash_SAM_amx30,0x157AAB71,360360817,1,3693,0x8000954A,0x00005EC8,0x157AAB71
global_particle_muzzleflash_shotgun,0xA45CF97C,2757556604,0,1960,0x80007FFF,0x0000AA54,0xA45CF97C
global_particle_muzzleflash_tank,0xDE8D74DA,3733812442,1,1988,0x80008021,0x00007B4D,0xDE8D74DA
global_particle_muzzleflash_vulcan,0x0CAA3B0B,212482827,0,3713,0x8000955F,0xFFFFFFFF,0x0CAA3B0B
global_particle_rotorwash,0xC05BD005,3227242501,0,3700,0x80009551,0x00004635,0xC05BD005
global_particle_rotorwash_water,0xC78204C1,3347186881,0,5295,0x8000A913,0x0000B8D7,0xC78204C1
global_particle_shatteringGlass_chandelier,0xDBE087CF,3688925135,0,4496,0x80009E57,0xFFFFFFFF,0xDBE087CF
global_particle_shatteringGlass_vehicle,0xD1AD89DA,3517811162,1,1957,0x80007FFB,0x0000EC07,0xD1AD89DA
global_particle_shell,0x867C9756,2256312150,0,6018,0x90000082,0xFFFFFFFF,0x867C9756
global_particle_shellAA,0x1ECC57AC,516708268,0,2004,0x80008038,0x00001DAF,0x1ECC57AC
global_particle_shellAA_large,0x874AD95C,2269829468,0,5708,0x8000AD3D,0x0000E425,0x874AD95C
global_particle_shellgrenade,0xA64EC344,2790179652,0,1950,0x80007FF4,0xFFFFFFFF,0xA64EC344
global_particle_shellhandgun,0xE86E5149,3899543881,0,1951,0x80007FF5,0xFFFFFFFF,0xE86E5149
global_particle_shellmg,0x01E51916,31791382,0,1952,0x80007FF6,0x00004544,0x01E51916
global_particle_shellmissile,0x940A359E,2483697054,0,3663,0x8000951E,0x0000007D,0x940A359E
global_particle_shellrocket,0xA89FC596,2829043094,0,3665,0x80009520,0x00002259,0xA89FC596
global_particle_shellrpg,0x2D4A6587,759850375,0,1955,0x80007FF9,0x000028BB,0x2D4A6587
global_particle_shellsam,0xD4DD31D7,3571266007,0,3375,0x800090F7,0x0000B913,0xD4DD31D7
global_particle_shellshotgun,0x55F1C5E8,1441908200,0,1953,0x80007FF7,0xFFFFFFFF,0x55F1C5E8
global_particle_shellsmall,0xF7FA615F,4160381279,0,6017,0x90000081,0xFFFFFFFF,0xF7FA615F
global_particle_smoke_ac_large_infinite,0x3A737049,980643913,0,3734,0x80009575,0xFFFFFFFF,0x3A737049
global_particle_smoke_ac_small_infinite,0xC38B1511,3280672017,0,3735,0x80009576,0xFFFFFFFF,0xC38B1511
global_particle_smoke_heli_tailrotor,0xC389EFF5,3280596981,1,1991,0x80008027,0x0000D4B5,0xC389EFF5
global_particle_smokeblack,0xC1BEFB24,3250518820,0,1892,0x80007739,0x00007BE7,0xC1BEFB24
global_particle_smokeblack_infinite,0x4F5EC3AF,1331610543,0,1968,0x80008009,0x000044B4,0x4F5EC3AF
global_particle_smokeblack_tank,0x3EBA6E4F,1052405327,1,4479,0x80009E41,0x00013BC2,0x3EBA6E4F
global_particle_smokeblackwide,0x7E9B9B41,2124127041,0,1891,0x80007738,0x00009C30,0x7E9B9B41
global_particle_smokeblackwide_vehicle,0x95E10064,2514550884,1,5366,0x8000A965,0x00010942,0x95E10064
global_particle_smokemedium_infinite,0xD240B36D,3527455597,0,1973,0x8000800F,0xFFFFFFFF,0xD240B36D
global_particle_sparks_rpg_decal,0xC325D0CC,3274035404,0,4478,0x80009E40,0x0000745F,0xC325D0CC
global_particle_sparkslarge,0x41F7E4A7,1106764967,0,3398,0x80009112,0x00003F39,0x41F7E4A7
global_particle_sparksmedium,0x0D4B1F07,223026951,0,1948,0x80007FF1,0xFFFFFFFF,0x0D4B1F07
global_particle_splash_dive,0x1BF7AC8A,469216394,0,5720,0x8000AD4A,0xFFFFFFFF,0x1BF7AC8A
global_particle_splash_huge,0x4720A979,1193322873,0,3416,0x80009128,0x000081BB,0x4720A979
global_particle_splash_lrg,0x18CBDA81,416012929,0,3415,0x80009127,0x000050D8,0x18CBDA81
global_particle_splash_lrg_vehicle,0x2A7F4FA4,712986532,1,5737,0x8000AD5E,0x000065D7,0x2A7F4FA4
global_particle_splash_med,0x4E210C3E,1310788670,0,3414,0x80009126,0x000045F8,0x4E210C3E
global_particle_splash_sml,0x79041D04,2030312708,0,3413,0x80009125,0x00004398,0x79041D04
global_particle_teargas,0xD6B6F657,3602314839,0,1995,0x8000802F,0x000009CA,0xD6B6F657
global_particle_test2,0x56D9F6FA,1457125114,0,1887,0x80007732,0x0000BD64,0x56D9F6FA
global_particle_tree_destruction_leaves_green,0x7D7470C4,2104783044,0,3118,0x80008C17,0xFFFFFFFF,0x7D7470C4
global_particle_tree_destruction_leaves_green_fire,0x26240627,639895079,0,4862,0x8000A247,0x0000E759,0x26240627
global_particle_tree_destruction_leaves_green_large,0x651ADB14,1696258836,0,3710,0x8000955C,0xFFFFFFFF,0x651ADB14
global_particle_tree_destruction_leaves_green_large_fire,0xF6ECDD57,4142718295,0,4863,0x8000A248,0xFFFFFFFF,0xF6ECDD57
global_particle_tree_destruction_leaves_green_small,0xC8AF6E10,3366940176,0,4490,0x80009E50,0xFFFFFFFF,0xC8AF6E10
global_particle_tree_destruction_leaves_green_small_fire,0x472B5433,1194021939,0,4864,0x8000A249,0xFFFFFFFF,0x472B5433
global_particle_tree_destruction_leaves_palm,0x984BE1BF,2555109823,0,3402,0x80009117,0xFFFFFFFF,0x984BE1BF
global_particle_veh_exhaust_car,0x06A262B1,111305393,1,2851,0x80008842,0x00012C42,0x06A262B1
global_particle_veh_exhaust_tank,0x74FE93B9,1962841017,1,4866,0x8000A24B,0xFFFFFFFF,0x74FE93B9
global_particle_veh_smoke_asphalt,0x49402063,1228939363,1,3706,0x80009558,0x0000C7DE,0x49402063
global_particle_veh_smoke_brakes,0xB89DCE16,3097349654,1,3411,0x80009123,0x0000338F,0xB89DCE16
global_particle_veh_smoke_dust,0x52B3F712,1387525906,1,3412,0x80009124,0x00003B63,0x52B3F712
global_particle_veh_smoke_grass,0x078B3B78,126565240,1,3705,0x80009557,0x00003D7D,0x078B3B78
global_particle_veh_smoke_rock,0x250CEEF1,621604593,1,3707,0x80009559,0x000106D8,0x250CEEF1
global_particle_water_spray_fall_pmc,0x93C07918,2478864664,0,5763,0x8000AED0,0x00010F68,0x93C07918
global_particle_water_spray_pmc,0x9AFBE3BE,2600199102,0,5762,0x8000AECF,0x0000F803,0x9AFBE3BE
global_particle_waterfall_bottom,0x4C8B89AC,1284213164,0,3425,0x800091E9,0x00013AD4,0x4C8B89AC
global_particle_waterfall_bottom_small,0x7EAD8BD8,2125302744,0,3371,0x800090F2,0xFFFFFFFF,0x7EAD8BD8
global_particle_waterfall_bottom_tiny,0x57F582AD,1475707565,0,3372,0x800090F3,0x000080F7,0x57F582AD
global_particle_waterfall_smoke,0x385341F8,944980472,0,3388,0x80009105,0xFFFFFFFF,0x385341F8
global_particle_waterfall_smoke_large,0x81361078,2167804024,0,4500,0x80009E5B,0x0000E184,0x81361078
global_particle_waterfall_wall,0xFFB152A9,4289811113,0,3426,0x800091EA,0x00004BD4,0xFFB152A9
global_particle_waterfall_wall_small,0x28B0D431,682677297,0,3374,0x800090F6,0x000036FC,0x28B0D431
global_ribbon_artillery,0x1CBC91C0,482120128,0,3367,0x800090ED,0x0000EF24,0x1CBC91C0
global_ribbon_artillery_daisy,0xA686E2FB,2793857787,0,3387,0x80009103,0x0000F393,0xA686E2FB
global_ribbon_artillery_moab,0x6A5FE1FA,1784668666,0,3386,0x80009102,0x00012ED2,0x6A5FE1FA
global_ribbon_artillery_slow,0xE95D53F4,3915207668,0,3385,0x80009101,0x0000E11A,0xE95D53F4
global_ribbon_grenade,0xA2CDC550,2731394384,0,3368,0x800090EF,0xFFFFFFFF,0xA2CDC550
global_ribbon_grenadelauncher,0x1482586C,344086636,0,3712,0x8000955E,0x00009BF2,0x1482586C
global_ribbon_plane_contrail,0xAD2E0F9F,2905477023,0,3369,0x800090F0,0x0000B427,0xAD2E0F9F
global_ribbon_RPG,0xDA30DE43,3660635715,0,3444,0x80009201,0x0000A255,0xDA30DE43
global_strategic_missile_contrail,0x1EC9F481,516551809,0,5380,0x8000A974,0x000125B5,0x1EC9F481
GR Defender (AA),0xFF50CA66,4283484774,0,5035,0x8000A3D8,0x0000CB4B,0xFF50CA66
GR Defender (AT),0x15AECCF9,363777273,0,5034,0x8000A3D7,0x00006520,0x15AECCF9
GR Defender (AT) (Window Spawner),0x502D026E,1345127022,0,3005,0x80008A25,0x0000469A,0x502D026E
GR Defender (MG),0x6C3D798C,1815968140,0,5033,0x8000A3D6,0x000057C5,0x6C3D798C
GR Defender (rifle),0xDAE42A40,3672386112,0,5032,0x8000A3D5,0x0000297D,0xDAE42A40
Grapple,0x25F753CA,636965834,0,943,0x80006545,0x00009CEE,0x25F753CA
Grapple Hook,0xB3AC7513,3014423827,0,944,0x80006546,0xFFFFFFFF,0xB3AC7513
Grass01,0x6EE5BA88,1860549256,0,619,0x80005C2D,0x0000F517,0x6EE5BA88
Grass01_PMC,0x5EB991F1,1589219825,0,3964,0x80009954,0x00010204,0x5EB991F1
Grass01_Short,0x143B218F,339419535,0,638,0x80005C46,0x000097B9,0x143B218F
Grass01_swamp,0x2513CF9D,622055325,0,3962,0x80009952,0xFFFFFFFF,0x2513CF9D
Grass01_Tall,0x8EAD531E,2393723678,0,928,0x800064CE,0x000096D1,0x8EAD531E
Grass01_TallSwamp,0xCCE17C62,3437329506,0,1695,0x80007534,0x00004AE5,0xCCE17C62
GrassJungle,0x96E15D32,2531351858,0,3961,0x8000994B,0x000076EB,0x96E15D32
GrassThick,0x3BE92EA4,1005137572,0,1737,0x800075B0,0x0000FC80,0x3BE92EA4
GrassYellow,0x423C7291,1111257745,0,3960,0x8000994A,0x000065D1,0x423C7291
Grassyellowgreen,0xC61E7E9E,3323887262,0,3556,0x800093BE,0x0000DBE3,0xC61E7E9E
Grenade,0x496D5A75,1231903349,0,4,0x80002331,0xFFFFFFFF,0x496D5A75
Grenade (AI),0x36B18E60,917605984,0,2982,0x80008A0B,0x00008FA7,0x36B18E60
Grenade Launcher,0x06332D9F,104017311,0,1333,0x80006EA4,0xFFFFFFFF,0x06332D9F
Grenade Launcher PEP,0x7200B6C8,1912649416,0,5766,0x8000AED3,0x000016B4,0x7200B6C8
Grenade Launcher Projectile,0x188B0408,411763720,0,1334,0x80006EA6,0x0000C0D5,0x188B0408
Grenade Launcher Projectile PEP,0xF50ECA0F,4111387151,0,5767,0x8000AED4,0x00007D4B,0xF50ECA0F
Grenade MG Projectile,0x4254D63C,1112856124,0,1571,0x8000720E,0x0000584A,0x4254D63C
Grenade Projectile,0xC4817A02,3296819714,0,5,0x80002332,0xFFFFFFFF,0xC4817A02
Grenade Projectile (AI),0x42E5A8F1,1122347249,0,2981,0x80008A0A,0xFFFFFFFF,0x42E5A8F1
Guerilla,0xB10D73CE,2970448846,0,14,0x80002CF1,0xFFFFFFFF,0xB10D73CE
Guerilla Boss,0xFB56A321,4216759073,0,2118,0x8000818C,0x00013AB9,0xFB56A321
Guerilla Elite Soldier,0x0FA5ED09,262532361,0,2117,0x8000818B,0x00013519,0x0FA5ED09
Guerilla Heavy,0x1AB98DEF,448368111,0,2125,0x80008193,0x00012440,0x1AB98DEF
Guerilla Heavy (Light MG),0x954BECF8,2504781048,0,1348,0x80006EBD,0x00009A5B,0x954BECF8
Guerilla Heavy (RPG),0x90468595,2420540821,0,518,0x800056E8,0x0000FF88,0x90468595
Guerilla Officer,0x333D82A4,859669156,0,2126,0x80008194,0x000127AD,0x333D82A4
Guerilla Officer (Female),0x96F68841,2532739137,0,2129,0x80008197,0xFFFFFFFF,0x96F68841
Guerilla Prisoner,0xFDD26F2E,4258426670,0,2371,0x80008326,0x00000008,0xFDD26F2E
Guerilla Soldier,0x6C42D8C8,1816320200,0,31,0x80004381,0x00011038,0x6C42D8C8
Guerilla Soldier (Female),0xB5DE8E35,3051261493,0,515,0x800056E5,0x00007248,0xB5DE8E35
Guerilla Soldier (God),0x4EAC3517,1319908631,0,5841,0x8000AF96,0x0000E98C,0x4EAC3517
Guerilla Soldier B,0x388DED42,948825410,0,516,0x800056E6,0x000002B5,0x388DED42
Guerilla Soldier B (Female),0x2FBF334F,801059663,0,517,0x800056E7,0x0000872A,0x2FBF334F
Guerilla Starter 01,0xB2B19FD4,2997985236,0,2121,0x8000818F,0xFFFFFFFF,0xB2B19FD4
Guerilla Starter 02,0x8CAF256B,2360288619,0,2122,0x80008190,0xFFFFFFFF,0x8CAF256B
Guerilla Starter 03,0xAAAD160E,2863470094,0,2124,0x80008192,0x0000A62E,0xAAAD160E
Guerilla Starter 04,0xB4BE6EED,3032379117,0,2120,0x8000818E,0x0000148C,0xB4BE6EED
Guerilla Starter 05,0x8ABBEE38,2327572024,0,2123,0x80008191,0x00007853,0x8ABBEE38
Guerilla Starters,0x4EEA8396,1323991958,0,2119,0x8000818D,0x000020CB,0x4EEA8396
Guerilla Tank Commander,0xA20BDCE8,2718686440,1,2127,0x80008195,0x00011A5F,0xA20BDCE8
Guerilla Worker,0xDCE7940C,3706164236,0,2128,0x80008196,0x0000A772,0xDCE7940C
Gunship Shell,0xB5434279,3041084025,1,5828,0x8000AF87,0x00009E0D,0xB5434279
Guntruck (OC),0x8730B849,2268117065,1,856,0x800063A9,0x0000001B,0x8730B849
Guntruck (OC) (Driver),0x1776F2E4,393671396,1,2268,0x80008236,0x00008E1B,0x1776F2E4
Guntruck (OC) (Full),0x6D9A82A3,1838842531,1,2269,0x80008237,0x0000DE10,0x6D9A82A3
Guntruck (OC) (Gunners Only),0xC8628708,3361900296,1,4994,0x8000A3AA,0x0000BBEC,0xC8628708
Guntruck (OC) (SemiFull),0x47036AC1,1191406273,1,5155,0x8000A48E,0xFFFFFFFF,0x47036AC1
GuntruckOC_Driver,0x07CEED75,131001717,1,5383,0x8000A977,0x00002287,0x07CEED75
GurDbSpawner,0x7C80110D,2088767757,0,2379,0x80008337,0x0000BB80,0x7C80110D
GurDbSpawner (Squad Full AT),0x81FE6838,2180933688,0,5663,0x8000ACA6,0xFFFFFFFF,0x81FE6838
GurDbSpawner (Squad Half AT),0x792FB590,2033169808,0,5664,0x8000ACA7,0xFFFFFFFF,0x792FB590
GurDbSpawner (Squad Quarter AT),0x608DA4BD,1619895485,0,5910,0x8000B03D,0xFFFFFFFF,0x608DA4BD
GurDbSpawner (Squad),0x01EB03A6,32179110,0,3015,0x80008A2F,0x0000427B,0x01EB03A6
GurHq_Interior,0x50916633,1351706163,0,2362,0x8000831C,0xFFFFFFFF,0x50916633
GurPedTraffic,0x0663B41F,107197471,0,1942,0x80007E0C,0x000140F1,0x0663B41F
GurVehTraffic,0x4FD073D1,1339061201,0,1941,0x80007E0B,0x00012AE0,0x4FD073D1
HangarTest01,0x7D7932A9,2105094825,0,3079,0x80008BA3,0xFFFFFFFF,0x7D7932A9
HE Autocannon Shell,0x9E32F51C,2654139676,0,5825,0x8000AF84,0x0000A753,0x9E32F51C
HE Autocannon Shell (CH),0x1D6587CA,493193162,0,5827,0x8000AF86,0x00000CF2,0x1D6587CA
Health Pickup,0xB8580455,3092776021,0,1336,0x80006EA9,0x0000979B,0xB8580455
Heavy MG Bullet,0x22982FBE,580399038,0,473,0x800056AD,0x0000D695,0x22982FBE
Heavy MG Bullet (AL),0xF2677BFA,4066868218,0,4090,0x80009B05,0x00004276,0xF2677BFA
Heavy MG Bullet (CH),0xD4C2BF04,3569532676,0,4088,0x80009B03,0xFFFFFFFF,0xD4C2BF04
Heavy MG Bullet (GR),0x8A7E6992,2323540370,0,4089,0x80009B04,0x00013E25,0x8A7E6992
HeavyPropTemplate,0x7C86FBD7,2089221079,0,414,0x8000558E,0x00002F87,0x7C86FBD7
Helicopter,0x800DC82E,2148386862,1,852,0x800063A3,0xFFFFFFFF,0x800DC82E
Helicopter_Hijack_Entrance,0x9F874D9E,2676444574,1,1074,0x800069A8,0xFFFFFFFF,0x9F874D9E
HeliList_Caracas_Act1_A,0x582F4DB8,1479495096,1,4585,0x80009F51,0x0000BDD2,0x582F4DB8
HeliList_Caracas_Act2_ALL,0xF3A82FDB,4087885787,1,4586,0x80009F52,0x000067D6,0xF3A82FDB
HeliList_Caracas_Act3ALL,0x552BB387,1428927367,1,4587,0x80009F53,0x0000EE8B,0x552BB387
HeliList_Caracas_Act3CHI,0x50E738C8,1357330632,1,4588,0x80009F54,0xFFFFFFFF,0x50E738C8
HeliList_Cumana_Act1_CHI,0xF3809ADE,4085291742,1,4589,0x80009F56,0x0000E8C5,0xF3809ADE
HeliList_Cumana_Act2_CHI,0x858EDC6D,2240732269,1,4590,0x80009F58,0x000118C1,0x858EDC6D
HeliList_JungleMtn_Act1,0x254B4DAC,625692076,1,5629,0x8000AC7F,0x00005960,0x254B4DAC
HeliList_Mar_City_Act1_A,0xCF63A97C,3479415164,1,4580,0x80009F49,0x0000F12A,0xCF63A97C
HeliList_Mar_City_Act2_A,0xA219969F,2719585951,1,4581,0x80009F4A,0x0000AAA2,0xA219969F
HeliList_Mar_City_Act3_A,0x30C61E5A,818290266,1,4582,0x80009F4B,0x0001036C,0x30C61E5A
HeliList_Merida_Act1_A,0x77024A0A,1996638730,1,4583,0x80009F4D,0x0000E4F5,0x77024A0A
HeliList_Merida_Act2_A,0x9F92D6F9,2677200633,1,4584,0x80009F4E,0x000043E3,0x9F92D6F9
Hero,0x51728909,1366460681,0,505,0x800056DA,0x00001D81,0x51728909
Hibernation Control (Building Huge),0xBF977E5B,3214376539,0,1882,0x80007703,0xFFFFFFFF,0xBF977E5B
Hibernation Control (Building Large),0xA6C02A91,2797611665,0,1881,0x80007702,0x00013DE1,0xA6C02A91
Hibernation Control (Building Medium),0x1272156B,309466475,0,1880,0x80007701,0xFFFFFFFF,0x1272156B
Hibernation Control (Building Small),0x903C1895,2419857557,0,1879,0x80007700,0x0000AFF6,0x903C1895
Hibernation Control (Building Static Small),0x74CA0025,1959395365,0,4771,0x8000A17F,0xFFFFFFFF,0x74CA0025
Hibernation Control (Building Streamer),0x3E1E0B7F,1042156415,0,4984,0x8000A39F,0xFFFFFFFF,0x3E1E0B7F
Hibernation Control (Building Super),0x9CD0BE09,2630925833,0,4770,0x8000A17E,0x00012DBE,0x9CD0BE09
Hibernation Control (Effects Huge),0x23712EBB,594620091,0,4960,0x8000A387,0xFFFFFFFF,0x23712EBB
Hibernation Control (Effects Large),0x01DA5C71,31087729,0,4959,0x8000A386,0xFFFFFFFF,0x01DA5C71
Hibernation Control (Effects Medium),0x1226B0CB,304525515,0,4781,0x8000A189,0xFFFFFFFF,0x1226B0CB
Hibernation Control (Effects Small),0xABFE3D75,2885565813,0,4780,0x8000A188,0x0000018A,0xABFE3D75
Hibernation Control (Effects Standard),0xC2F16CC5,3270601925,0,4779,0x8000A187,0xFFFFFFFF,0xC2F16CC5
Hibernation Control (Effects Super),0x5E9D7169,1587376489,0,4961,0x8000A388,0x0000C143,0x5E9D7169
Hibernation Control (Environmental Huge),0x842A9E89,2217385609,0,6041,0x90000199,0x0000F961,0x842A9E89
Hibernation Control (Environmental Large),0xA35F2AEF,2740923119,0,6040,0x90000198,0xFFFFFFFF,0xA35F2AEF
Hibernation Control (Environmental Medium),0x3B6CE98D,996993421,0,6039,0x90000197,0x000122BA,0x3B6CE98D
Hibernation Control (Environmental Small),0x715BB747,1901836103,0,6038,0x90000196,0x000043C9,0x715BB747
Hibernation Control (Environmental Super),0x23937BDF,596868063,0,2838,0x80008793,0x00001BC0,0x23937BDF
Hibernation Control (Environmental Tiny),0x9E2783EC,2653389804,0,6042,0x9000019A,0x00013AE6,0x9E2783EC
Hibernation Control (Foliage Scrub Brush Assets),0x40ED35AB,1089287595,0,2823,0x80008781,0x000135BE,0x40ED35AB
Hibernation Control (Prop Huge),0x11E18E88,299994760,0,6123,0x900001F5,0x0000F083,0x11E18E88
Hibernation Control (Prop Large),0x0DC7C248,231195208,0,6122,0x900001F4,0x0000EBB5,0x0DC7C248
Hibernation Control (Prop Medium),0xD7226CF8,3609357560,0,6121,0x900001F3,0x00008F7D,0xD7226CF8
Hibernation Control (Prop small),0x048DCDB0,76402096,0,6120,0x900001F2,0x00008397,0x048DCDB0
Hibernation Control (Prop Super),0xA682B7D4,2793584596,0,4734,0x8000A029,0x000070B5,0xA682B7D4
Hibernation Control (Vehicle Helicopter),0xD6D598A3,3604322467,1,878,0x800063D2,0x000072F1,0xD6D598A3
Hibernation Control (Vehicle Immobile Ship),0x6E396D12,1849257234,1,3207,0x80008EF9,0x000066AB,0x6E396D12
Hibernation Control (Vehicle LargeA),0x9B0967A8,2601084840,0,879,0x800063D3,0x00002510,0x9B0967A8
Hibernation Control (Vehicle LargeB),0x097E2261,159261281,0,877,0x800063D1,0x0000A7C2,0x097E2261
Hibernation Control (Vehicle Medium),0x35E994E5,904500453,0,875,0x800063CF,0x00011173,0x35E994E5
Hibernation Control (Vehicle Plane),0x022C183A,36444218,0,1200,0x80006CB0,0xFFFFFFFF,0x022C183A
Hibernation Control (Vehicle Small) 0,0x05451017,88412183,0,880,0x800063D4,0x00003C1C,0x05451017
Hibernation Control (Vehicle Tiny),0xFA430C24,4198698020,0,876,0x800063D0,0x00012960,0xFA430C24
Hibernation Control (Vehicle Wheels),0xDE606342,3730858818,0,1175,0x80006C87,0x00001F30,0xDE606342
HighDensityPedTraffic,0x782C6BF9,2016177145,0,1899,0x800077FE,0xFFFFFFFF,0x782C6BF9
HighRoad,0x59FE080B,1509820427,0,98,0x80004BFF,0xFFFFFFFF,0x59FE080B
HMMWV (4 door base),0x67D16052,1741774930,0,3528,0x8000933C,0x0000D94F,0x67D16052
HMMWV (Armored) (50Cal),0x37905F6B,932208491,0,3529,0x8000933D,0x00008E9A,0x37905F6B
HMMWV (Armored) (50Cal) (Driver),0x738B3286,1938502278,0,3536,0x80009344,0xFFFFFFFF,0x738B3286
HMMWV (Armored) (50Cal) (DriverGunner),0x8DD3AE5D,2379460189,0,3540,0x80009348,0xFFFFFFFF,0x8DD3AE5D
HMMWV (Armored) (50Cal) (Full),0x2E06295D,772155741,0,3601,0x8000944A,0xFFFFFFFF,0x2E06295D
HMMWV (Armored) (base),0x91F9A7C7,2449057735,0,3525,0x80009339,0x00001359,0x91F9A7C7
HMMWV (Armored) (GL),0x80B1B641,2159130177,0,3530,0x8000933E,0x00011696,0x80B1B641
HMMWV (Armored) (GL) (Driver),0xD175755C,3514135900,0,3534,0x80009342,0x0000BF84,0xD175755C
HMMWV (Armored) (GL) (DriverGunner),0xF8B8D143,4172861763,0,3541,0x80009349,0xFFFFFFFF,0xF8B8D143
HMMWV (Armored) (GL) (Full),0x35921ACB,898767563,0,3602,0x8000944B,0x0000D2A5,0x35921ACB
HMMWV (Armored) (TOW),0x9B70EDF2,2607869426,0,3531,0x8000933F,0x000140EA,0x9B70EDF2
HMMWV (Armored) (TOW) (Driver),0x39BB2F99,968568729,0,3535,0x80009343,0xFFFFFFFF,0x39BB2F99
HMMWV (Armored) (TOW) (DriverGunner),0xE377604A,3816251466,0,3539,0x80009347,0x0000C289,0xE377604A
HMMWV (Armored) (TOW) (Full),0x4BFDFBBE,1274936254,0,3603,0x8000944C,0xFFFFFFFF,0x4BFDFBBE
HMMWV (Avenger),0xAAB4BBC1,2863971265,0,3524,0x80009338,0x0000E148,0xAAB4BBC1
HMMWV (Avenger) (Driver),0x0273ADDC,41135580,0,3533,0x80009341,0xFFFFFFFF,0x0273ADDC
HMMWV (Avenger) (DriverGunner),0xAB0145C3,2868987331,0,3538,0x80009346,0x00010732,0xAB0145C3
HMMWV (Avenger) (Full),0x50027F4B,1342340939,0,3600,0x80009449,0x00005DAD,0x50027F4B
HMMWV (base),0x2CC31BFE,750984190,0,1419,0x80006F72,0x00007061,0x2CC31BFE
HMMWV (Softtop),0x1D5BDF68,492560232,0,714,0x800060B1,0x0000F654,0x1D5BDF68
HMMWV (Softtop) (Driver),0x4A8DFEC7,1250819783,0,3537,0x80009345,0x00008E0A,0x4A8DFEC7
HMMWV (Softtop) (Full),0x266B760C,644576780,0,3604,0x8000944D,0xFFFFFFFF,0x266B760C
HMMWV_Avenger_Driver,0xD3AC574E,3551287118,0,5391,0x8000A982,0x00013CD9,0xD3AC574E
HMMWV_Driver,0xFEFE9D0B,4278099211,0,5061,0x8000A3FA,0xFFFFFFFF,0xFEFE9D0B
HouseSpawn,0x1115537C,286610300,0,43,0x80004512,0x0000BDD9,0x1115537C
Huangfeng,0x9119EDA6,2434395558,1,3021,0x80008B65,0x0000A9F7,0x9119EDA6
Huangfeng (Driver),0xF21B7ABD,4061887165,1,3040,0x80008B78,0xFFFFFFFF,0xF21B7ABD
Huangfeng (Jammer),0x87BD19FF,2277317119,1,3324,0x80008FEF,0x0000A474,0x87BD19FF
Huangfeng (Jammer) (Driver),0x7A4B1D6A,2051743082,1,3325,0x80008FF0,0x0000025B,0x7A4B1D6A
HuangFeng_Driver,0xD1D13A1F,3520150047,1,5101,0x8000A426,0x0000A478,0xD1D13A1F
Human,0xAD431BF0,2906856432,0,29,0x8000437E,0x00004064,0xAD431BF0
Human Heavy MG,0x988C5BAB,2559335339,0,4075,0x80009AF5,0x00007EBF,0x988C5BAB
Humvee (Cargo),0x8EE207C2,2397177794,1,2614,0x800085FD,0x000004C4,0x8EE207C2
Hunting Pistol,0x3CD65BF3,1020681203,0,1362,0x80006ECE,0x0000B873,0x3CD65BF3
Hunting Pistol Bullet,0x67672885,1734813829,0,1361,0x80006ECD,0x00005490,0x67672885
HVT,0xA3BAD77D,2746931069,0,5871,0x8000B012,0x00006A38,0xA3BAD77D
impact,0xA9FC5F87,2851889031,0,2574,0x800085D1,0x000017C4,0xA9FC5F87
Impact (base),0x08DD0349,148702025,0,2575,0x800085D2,0x0000B348,0x08DD0349
Impact (base) (Driver),0x7E4223E4,2118263780,0,4456,0x80009E22,0xFFFFFFFF,0x7E4223E4
Impact (base) (Driver) (Civ Rich female),0xFE035BD9,4261632985,0,4457,0x80009E23,0x0000A6B5,0xFE035BD9
Impact (base) (Driver) (Civ Rich male),0x110889BC,285772220,0,4458,0x80009E24,0x00009E9F,0x110889BC
Impact (sut),0xE9386912,3912788242,0,2576,0x800085D3,0x00012FDD,0xE9386912
Impact (sut) (Driver),0x0B42BFB9,188923833,0,4459,0x80009E25,0x00001FE3,0x0B42BFB9
Impact (sut) (Driver) (Civ Rich female),0xE381D808,3816937480,0,4460,0x80009E26,0x0000C717,0xE381D808
Impact (sut) (Driver) (Civ Rich male),0xA583A479,2776867961,0,4461,0x80009E27,0x0000EF56,0xA583A479
Impact_Driver,0xE1F525E4,3790939620,0,5062,0x8000A3FB,0x000135A3,0xE1F525E4
ImpactSUT_Driver,0xE8F330F6,3908251894,0,5115,0x8000A459,0xFFFFFFFF,0xE8F330F6
International (subfaction),0x73CEE4D6,1942938838,0,2140,0x800081A3,0x00002588,0x73CEE4D6
Intersection,0xB69CE2C6,3063734982,0,259,0x80004DC8,0xFFFFFFFF,0xB69CE2C6
Jammer,0x960171AD,2516677037,0,4782,0x8000A18B,0x000029A5,0x960171AD
Jen,0xB06FC6E8,2960115432,0,1780,0x800075E6,0x0000465F,0xB06FC6E8
JenChickensuit,0xC3FD0436,3288138806,0,2308,0x800082C6,0x00008491,0xC3FD0436
jenupgrade1,0xDD2CA3B1,3710690225,0,4838,0x8000A1C4,0x0000A313,0xDD2CA3B1
jenupgrade2,0x5B251B46,1529158470,0,4839,0x8000A1C5,0x0000A64E,0x5B251B46
jenupgrade3,0x7D278F63,2099744611,0,4840,0x8000A1C6,0x00008EB4,0x7D278F63
JenV2,0xBE9D5CB0,3197983920,0,2301,0x800082BF,0x000087E4,0xBE9D5CB0
JenV3,0x28A04225,681591333,0,2302,0x800082C0,0x0000C6BD,0x28A04225
JenV4,0x1E8EE946,512682310,0,2303,0x800082C1,0xFFFFFFFF,0x1E8EE946
JenV5,0x40915D63,1083268451,0,3833,0x800097EE,0x00002709,0x40915D63
Jetski (Base),0x37257397,925201303,0,3328,0x80008FF3,0x0000CCA1,0x37257397
Jetski (Civ),0xA4D1B14E,2765205838,0,1080,0x80006A1D,0xFFFFFFFF,0xA4D1B14E
Jetski (Civ) (Driver),0x74C91EE5,1959337701,0,1601,0x80007246,0xFFFFFFFF,0x74C91EE5
Jetski (Civ) (Driver) (Civ Beach A Female),0x119ED3DC,295621596,0,4652,0x80009FCE,0x00001D58,0x119ED3DC
Jetski (Civ) (Driver) (Civ Beach B Female),0x4C55C413,1280689171,0,4653,0x80009FCF,0x00004F65,0x4C55C413
Jetski (Civ) (Driver) (Civ Beach C Female),0x44B20C8A,1152519306,0,4654,0x80009FD0,0x0000DE8A,0x44B20C8A
Jetski (Civ) (Driver) (Civ Beach D Female),0x97F32909,2549295369,0,4655,0x80009FD1,0x00011350,0x97F32909
Jetski (PR),0x19AE3DA4,430849444,0,3326,0x80008FF1,0x0000BA29,0x19AE3DA4
Jetski (PR) (Driver),0xC431A403,3291587587,0,3327,0x80008FF2,0x00002A38,0xC431A403
Jetski_Driver,0x8E0E2052,2383290450,0,5084,0x8000A413,0xFFFFFFFF,0x8E0E2052
JetTest,0xE9037B6E,3909319534,0,984,0x80006618,0x00003EAD,0xE9037B6E
jnilsson,0xBEA0F5B3,3198219699,0,342,0x80004E2D,0x000020C5,0xBEA0F5B3
Journalist A (Female),0xA8C22B68,2831297384,0,2145,0x800081A8,0xFFFFFFFF,0xA8C22B68
Journalist A (Male),0xE6AD9CD9,3870137561,0,2143,0x800081A6,0x0000BC7E,0xE6AD9CD9
Journalist B (Female),0x07BE10B5,129896629,0,2146,0x800081A9,0xFFFFFFFF,0x07BE10B5
Journalist B (Male),0x9DBF9648,2646578760,0,2144,0x800081A7,0xFFFFFFFF,0x9DBF9648
Joyce Wheelchair,0x12A4F45F,312800351,0,3852,0x8000980A,0x00008135,0x12A4F45F
Jungle Elite,0x6DE626BF,1843799743,0,1315,0x80006E40,0xFFFFFFFF,0x6DE626BF
JustPhoenix,0x1D1A6CC8,488271048,0,550,0x80005BA4,0xFFFFFFFF,0x1D1A6CC8
Ka29b,0xE96A0E24,3916041764,1,1804,0x8000769A,0x0000B44B,0xE96A0E24
Ka29b (base),0x9E26024C,2653291084,1,2598,0x800085EC,0x0000A622,0x9E26024C
Ka29b (bomber),0xCB2041FA,3407888890,1,2599,0x800085ED,0xFFFFFFFF,0xCB2041FA
Ka29b (Delivery),0xB25169AD,2991679917,1,2227,0x80008200,0xFFFFFFFF,0xB25169AD
Ka29b (Driver),0xF3D88D83,4091055491,1,2226,0x800081FF,0xFFFFFFFF,0xF3D88D83
Ka29b (DriverGunner),0x008776D4,8877780,1,3461,0x800092C3,0x00003201,0x008776D4
Ka29b (Ewan),0x92265E0A,2451987978,1,5977,0x8000B365,0x00005387,0x92265E0A
Ka29b (Extraction),0xFF914EF0,4287713008,1,5834,0x8000AF8F,0x00011A08,0xFF914EF0
Ka29b (Full),0x0DB71EB0,230104752,1,3462,0x800092C4,0x0001233A,0x0DB71EB0
Ka29b (pursuit),0x0BE78C3B,199724091,1,4908,0x8000A27F,0x0000E266,0x0BE78C3B
Kodiak Ridgeline (Driver) (Mechanic (male)),0x1988CF23,428396323,0,4593,0x80009F5B,0x0000DB27,0x1988CF23
L300,0x7B978FE6,2073530342,0,1799,0x800075FD,0xFFFFFFFF,0x7B978FE6
L300 (base),0x1B061B9A,453385114,0,2607,0x800085F6,0xFFFFFFFF,0x1B061B9A
L300 (Driver),0x4D90717D,1301311869,0,1816,0x800076A7,0x00007793,0x4D90717D
L300 (Driver) (Cartel),0x64834415,1686324245,0,4025,0x80009A0B,0x0000FB1E,0x64834415
L300 (Driver) (Civ Business B Male),0x4AF6A2D7,1257677527,0,4212,0x80009C6A,0x00008691,0x4AF6A2D7
L300 (Driver) (Civ Business female),0x7AE87B2C,2062056236,0,4213,0x80009C6B,0x00007341,0x7AE87B2C
L300 (Driver) (Civ Business Male),0x2C34B9BD,741652925,0,4211,0x80009C69,0x0000D289,0x2C34B9BD
L300 (Driver) (Civ Rich Female),0x464A98CC,1179293900,0,4223,0x80009C75,0xFFFFFFFF,0x464A98CC
L300 (Driver) (Civ Rich Male),0xC4548BDD,3293875165,0,4222,0x80009C74,0x0000011B,0xC4548BDD
L300 (Driver) (OC),0xC9A2D430,3382891568,0,1818,0x800076A9,0xFFFFFFFF,0xC9A2D430
L300 (Fling Backward),0x3901E608,956425736,0,5569,0x8000AB6C,0xFFFFFFFF,0x3901E608
L300 (Fling Forward),0x14692BF8,342436856,0,5545,0x8000AB52,0x000071CB,0x14692BF8
L300 (Racing),0x9B7F14BD,2608796861,0,1809,0x800076A0,0x000008F6,0x9B7F14BD
L300 (Racing) (Driver),0x2F755B48,796220232,0,1810,0x800076A1,0x000116E6,0x2F755B48
L300 (Racing) (Driver) (Civ Motorcycle male),0x3B3AEE71,993717873,1,4290,0x80009CBD,0xFFFFFFFF,0x3B3AEE71
L300 (Racing) (Driver) (OC),0xA0F74AA7,2700561063,0,1819,0x800076AA,0xFFFFFFFF,0xA0F74AA7
L300 (Racing) (Long Hibernation),0x40F244BF,1089619135,0,5964,0x8000B2F8,0x0001285A,0x40F244BF
L300_Driver,0xB5E86E5F,3051908703,0,5063,0x8000A3FC,0xFFFFFFFF,0xB5E86E5F
L300Racing_Driver,0x47FEB889,1207875721,0,5103,0x8000A428,0xFFFFFFFF,0x47FEB889
Ladder Seat (Bottom A),0x7DDE7EAD,2111733421,0,3421,0x80009192,0x00009445,0x7DDE7EAD
Ladder Seat (Bottom B),0xEEF2D044,4008890436,0,3422,0x80009193,0x0000A528,0xEEF2D044
Ladder Seat (Bottom C),0x7B72778B,2071099275,0,2186,0x800081D6,0x0000EF8E,0x7B72778B
Ladder Seat (Bottom D),0x9BBBF222,2612785698,0,2761,0x8000873F,0xFFFFFFFF,0x9BBBF222
Ladder Seat (Bottom E),0xA8DA33A9,2832872361,0,4703,0x8000A009,0x0000750A,0xA8DA33A9
Ladder Seat (Bottom F),0x3AB52AD0,984951504,0,5488,0x8000AAAC,0xFFFFFFFF,0x3AB52AD0
Ladder Seat (Bottom G),0x57D38587,1473480071,0,5489,0x8000AAAD,0x00009BF6,0x57D38587
Ladder Seat (Bottom H),0x798AA2CE,2039128782,0,5490,0x8000AAAE,0x00009F16,0x798AA2CE
Ladder Seat (Bottom),0xE17233BE,3782357950,0,3418,0x80009185,0x00001F18,0xE17233BE
Ladder Seat (No Enter Top A),0x5D20D540,1562432832,0,5002,0x8000A3B3,0x0000ECE0,0x5D20D540
Ladder Seat (No Enter Top B),0xCBE541D9,3420799449,0,5003,0x8000A3B4,0x0000F21D,0xCBE541D9
Ladder Seat (No Enter Top C),0x3E286612,1042834962,0,5004,0x8000A3B5,0x00005EF3,0x3E286612
Ladder Seat (No Enter Top D),0xDDDE86BB,3722348219,0,5279,0x8000A87B,0x000051ED,0xDDDE86BB
Ladder Seat (No Enter Top E),0xD0C04534,3502261556,0,5280,0x8000A87C,0x00007F38,0xD0C04534
Ladder Seat (Top A),0x4D97BE21,1301790241,0,3423,0x80009194,0x0000C312,0x4D97BE21
Ladder Seat (Top B),0xDF230368,3743613800,0,3424,0x80009195,0x000035AA,0xDF230368
Ladder Seat (Top C),0x5BA2917F,1537380735,0,2187,0x800081D7,0x00004859,0x5BA2917F
Ladder Seat (Top D),0xE4B708DE,3837200606,0,2760,0x8000873E,0xFFFFFFFF,0xE4B708DE
Ladder Seat (Top E),0x829B0D45,2191199557,0,4702,0x8000A008,0x00002661,0x829B0D45
Ladder Seat (Top F),0x33AFC39C,867156892,0,5491,0x8000AAAF,0x000030A3,0x33AFC39C
Ladder Seat (Top G),0xC02F6AE3,3224333027,0,5492,0x8000AAB0,0x00003995,0xC02F6AE3
Ladder Seat (Top H),0x08258CB2,136678578,0,5493,0x8000AAB1,0x0000DFB5,0x08258CB2
Ladder Seat (Top),0xDADEB192,3672027538,0,3419,0x80009189,0x0000840C,0xDADEB192
Landing Zone,0xA979B1A8,2843324840,0,1924,0x80007CD3,0xFFFFFFFF,0xA979B1A8
Landing Zone (player 1),0xB00D853B,2953676091,0,1925,0x80007CD4,0xFFFFFFFF,0xB00D853B
Landing Zone (player 2),0x74E43DF6,1961115126,0,1926,0x80007CD5,0x0000170D,0x74E43DF6
Laser Designator,0x317226F4,829564660,0,1920,0x80007CCE,0x00009F98,0x317226F4
Laser Guided Bomb Projectile,0x936A4827,2473216039,0,1922,0x80007CD0,0x0000F86C,0x936A4827
LAV III (Base),0x5C6FD13B,1550831931,1,2503,0x80008539,0x00007BA6,0x5C6FD13B
Lav_Driver,0x187DB76F,410892143,1,5077,0x8000A40B,0x000112AE,0x187DB76F
LAVIII (25mm),0xCDC13EBD,3451993789,1,2551,0x800085B5,0xFFFFFFFF,0xCDC13EBD
LAVIII (25mm) (Driver),0x53C33948,1405303112,1,2865,0x80008912,0x000015AE,0x53C33948
LAVIII (25mm) (Full),0x06CFF94F,114293071,1,3236,0x80008F18,0xFFFFFFFF,0x06CFF94F
LAVIII (AD),0xA7F3F42B,2817782827,1,2550,0x800085B4,0x00012CCC,0xA7F3F42B
LAVIII (AD) (Driver),0x066154C6,107041990,1,2866,0x80008913,0x000139F5,0x066154C6
LAVIII (AD) (Full),0x2C0CB89D,739031197,1,3238,0x80008F1A,0xFFFFFFFF,0x2C0CB89D
LAVIII (AT),0x965F28DB,2522818779,1,2552,0x800085B6,0x00000DC4,0x965F28DB
LAVIII (AT) (Driver),0xC36D6CB6,3278728374,1,2867,0x80008914,0xFFFFFFFF,0xC36D6CB6
LAVIII (AT) (Full),0x6EDBF08D,1859907725,1,3239,0x80008F1B,0x0000CDA7,0x6EDBF08D
LAVIII (Cargo),0x6334EA20,1664412192,1,2616,0x800085FF,0x000031B4,0x6334EA20
LAVIII (MEWSS),0x745AEC4D,1952115789,1,2553,0x800085B7,0x000047BB,0x745AEC4D
LAVIII (MEWSS) (Driver),0xCB9229D8,3415353816,1,2869,0x80008916,0xFFFFFFFF,0xCB9229D8
LAVIII (MEWSS) (Full),0xBD5C1BDF,3176930271,1,3240,0x80008F1C,0xFFFFFFFF,0xBD5C1BDF
LAVIII (MGS),0x7E78EA99,2121853593,1,2549,0x800085B3,0x0000DA08,0x7E78EA99
LAVIII (MGS) (Driver),0xB4561D74,3025542516,1,2868,0x80008915,0x00006DA6,0xB4561D74
LAVIII (MGS) (Full),0x6ADBCCB3,1792789683,1,3241,0x80008F1D,0xFFFFFFFF,0x6ADBCCB3
LAVIII (Minigun),0x7AADF15B,2058219867,1,2547,0x800085AD,0x00004BA1,0x7AADF15B
LAVIII (Minigun) (Driver),0x7495BE36,1955970614,1,2506,0x8000853C,0xFFFFFFFF,0x7495BE36
LAVIII (Minigun) (DriverGunner),0xE4EA490D,3840559373,1,5158,0x8000A491,0x00001519,0xE4EA490D
LAVIII (Minigun) (Full),0x2AA8860D,715687437,1,3237,0x80008F19,0x0000C4D3,0x2AA8860D
LCUR,0xCAE7696F,3404163439,0,3211,0x80008EFD,0xFFFFFFFF,0xCAE7696F
LCUR (Driver),0x33D54F9A,869617562,0,3212,0x80008EFE,0x00011D50,0x33D54F9A
LCUR (heavy),0x7F1DA981,2132650369,0,2611,0x800085FA,0x00002C41,0x7F1DA981
LCUR (light),0xDDBBEA8E,3720080014,0,2618,0x80008601,0x0000C19C,0xDDBBEA8E
LCUR (medium),0xF2B75B03,4072102659,0,2617,0x80008600,0x0000AC3A,0xF2B75B03
LCUR_Driver,0x10F465DC,284452316,0,5085,0x8000A414,0x0000F11E,0x10F465DC
Lifestyle Job ArmageddonChair,0xD92ECD54,3643723092,0,1927,0x80007D2C,0x0000C4AB,0xD92ECD54
Lifestyle Job Entrance (Armageddon It Minigame),0x510DC102,1359855874,0,1928,0x80007D2D,0x00012764,0x510DC102
Lifestyle Job Entrance (High Voltage Minigame),0x8ED2E29D,2396185245,0,2390,0x80008384,0xFFFFFFFF,0x8ED2E29D
Lifestyle Job HighVoltage,0xD08E52E1,3498988257,0,2385,0x8000837F,0x00004F42,0xD08E52E1
Lifestyle OilLif001 radio,0x80BAFCB9,2159738041,0,2388,0x80008382,0x00007764,0x80BAFCB9
Lifestyle OilLif001 Table,0xE650ED3C,3864063292,0,2389,0x80008383,0x00004631,0xE650ED3C
Lifestyle Seat ArmageddonChair,0xCD29A57A,3442058618,0,1929,0x80007D2E,0xFFFFFFFF,0xCD29A57A
Lifestyle Seat ArmageddonChair Player,0x1A579E61,441949793,0,2384,0x8000837E,0x0000E3C5,0x1A579E61
Lifestyle Seat HIghVoltage,0xD9EDB65F,3656234591,0,2387,0x80008381,0xFFFFFFFF,0xD9EDB65F
Lifestyle Seat HighVoltagePlayer,0xAA02452C,2852275500,0,2386,0x80008380,0x00013D0A,0xAA02452C
Light (Point),0x5DF27220,1576170016,0,2839,0x800087D8,0xFFFFFFFF,0x5DF27220
Light (Point) small orange,0xB07F4765,2961131365,0,2629,0x80008613,0x00008851,0xB07F4765
Light (Spot),0xAF211D30,2938182960,0,2840,0x800087D9,0x00013160,0xAF211D30
Light MG,0x69F71F2D,1777803053,0,462,0x8000569E,0xFFFFFFFF,0x69F71F2D
Light MG Bullet (GR),0x903AB295,2419765909,0,4113,0x80009B1C,0x00003BF9,0x903AB295
Light MG Bullet (OC),0x1FF01686,535828102,0,463,0x8000569F,0x0000D44C,0x1FF01686
Light_airstrike_carpetbomb,0x49A2462E,1235371566,0,3440,0x800091F9,0x00012897,0x49A2462E
Light_airstrike_clusterbomb,0xBFE3091B,3219327259,0,3439,0x800091F8,0x000073F0,0xBFE3091B
Light_airstrike_cruisemissile_flash,0xE4E6C0BD,3840327869,0,3435,0x800091F4,0x0000B80C,0xE4E6C0BD
Light_airstrike_fuelairbomb_lrg,0x53C24771,1405241201,0,3410,0x80009122,0x000023ED,0x53C24771
Light_airstrike_fuelairbomb_lrg_flash,0xA4B8835E,2763555678,0,3408,0x80009120,0x000006A2,0xA4B8835E
Light_airstrike_fuelairbomb_sml,0x6D2ABCB4,1831517364,0,3409,0x80009121,0x0000054F,0x6D2ABCB4
Light_airstrike_moab_flash,0x4E739509,1316197641,0,3427,0x800091EC,0x00006E90,0x4E739509
Light_Animation_yellow_tiny (Flicker) 0x80008623,0x5A52191C,1515329820,0,2641,0x80008623,0x00009120,0x5A52191C
Light_c4,0x30B7AB37,817343287,0,2007,0x8000803B,0x00003231,0x30B7AB37
Light_contrail,0xF98BAAC6,4186680006,0,3110,0x80008C08,0x0000A71F,0xF98BAAC6
Light_enormous_whiteblue 0x8000861f,0x95D441BD,2513715645,0,2639,0x8000861F,0x0000B712,0x95D441BD
Light_explosion_huge,0x4208EF77,1107881847,0,3196,0x80008E92,0x00009AF9,0x4208EF77
Light_explosion_huge_oil,0x68E64D76,1759923574,0,3194,0x80008E90,0xFFFFFFFF,0x68E64D76
Light_explosion_medium,0x91E7AC07,2447879175,0,3195,0x80008E91,0xFFFFFFFF,0x91E7AC07
Light_explosion_medium_oil,0xDD241666,3710129766,0,3199,0x80008E95,0xFFFFFFFF,0xDD241666
Light_explosion_small,0x2CE3C94F,753125711,0,3197,0x80008E93,0x000068E3,0x2CE3C94F
Light_explosion_tiny,0x43F3DCF4,1140055284,0,3198,0x80008E94,0x0000BD8A,0x43F3DCF4
Light_fire_blue,0x4DCE0DB1,1305349553,0,4487,0x80009E4D,0x0000388B,0x4DCE0DB1
Light_fire_carhood,0x7C969B5B,2090244955,0,3109,0x80008C07,0x0000F71D,0x7C969B5B
Light_fire_flare,0x79BB13EB,2042303467,0,3727,0x8000956E,0x00004FAB,0x79BB13EB
Light_fire_huge,0x4BC87F94,1271431060,0,3403,0x80009119,0x00011C2B,0x4BC87F94
Light_fire_lamp,0xB97A6E77,3111808631,0,3378,0x800090FA,0xFFFFFFFF,0xB97A6E77
Light_fire_large,0x428234FE,1115829502,0,2008,0x8000803C,0xFFFFFFFF,0x428234FE
Light_fire_medium,0x9AA8E5C0,2594760128,0,3106,0x80008C04,0x00001AA6,0x9AA8E5C0
Light_fire_small,0xFFB554A6,4290073766,0,3107,0x80008C05,0x00005ABC,0xFFB554A6
Light_fire_tiny,0xF9B5B2F7,4189434615,0,3105,0x80008C03,0x0000B6F1,0xF9B5B2F7
Light_grenade,0x4441861C,1145144860,0,1998,0x80008032,0x00004F6C,0x4441861C
Light_large_blue_cumana,0x48DF4684,1222592132,0,2448,0x800084B4,0x000115A3,0x48DF4684
Light_large_red 0x8000863f,0x4FCD1260,1338839648,0,2664,0x8000863F,0x0000EEC0,0x4FCD1260
Light_large_whiteblue 0x80008619,0x446789D3,1147636179,0,2633,0x80008619,0x0000A402,0x446789D3
Light_large_whiteblue_bright 0x8000861e,0x899ED6B8,2308888248,0,2638,0x8000861E,0x0000DAC3,0x899ED6B8
Light_large_whiteblue_cumana,0x580CEB11,1477241617,0,2447,0x800084B3,0x000049E1,0x580CEB11
Light_large_whiteblue_dim 0x8000862b,0x4A6E7484,1248752772,0,2649,0x8000862B,0x0000927E,0x4A6E7484
Light_large_whiteblue_lessbright,0x666C09C3,1718356419,0,2670,0x80008646,0xFFFFFFFF,0x666C09C3
Light_large_yellow 0x80008618,0x031011CB,51384779,0,2632,0x80008618,0xFFFFFFFF,0x031011CB
Light_large_yellow_bright 0x8000861c,0x201C00B9,538706105,0,2636,0x8000861C,0x00001452,0x201C00B9
Light_large_yellow_dim,0x476E7B49,1198422857,0,2668,0x80008644,0x0000F6E1,0x476E7B49
Light_med_warm_lantern 0x80008638,0x731178D0,1930524880,0,2658,0x80008638,0x00008A7F,0x731178D0
Light_medium_blue 0x8000861d,0x43E392CB,1138987723,0,2637,0x8000861D,0xFFFFFFFF,0x43E392CB
Light_medium_blue_dark,0x5BCB3571,1540044145,0,2666,0x80008642,0x00006800,0x5BCB3571
Light_medium_green 0x8000863a,0xC06EFE77,3228499575,0,2660,0x8000863A,0x00009A75,0xC06EFE77
Light_medium_orange_bright 0x80008639,0x2C4EE52F,743367983,0,2659,0x80008639,0x000053E1,0x2C4EE52F
Light_medium_yellow 0x8000861a,0xCEC820E6,3469222118,0,2634,0x8000861A,0xFFFFFFFF,0xCEC820E6
Light_medium_yellow_bright 0x8000863c,0xAFF7260F,2952209935,0,2661,0x8000863C,0x0000AAF4,0xAFF7260F
Light_muzzleflash,0x9D204719,2636138265,0,1997,0x80008031,0x000094C7,0x9D204719
Light_muzzleflash_AA,0xDDF53CE6,3723836646,0,2003,0x80008037,0x00002CB5,0xDDF53CE6
Light_rpg,0x769E762F,1990096431,0,3104,0x80008BFF,0x0000DAAF,0x769E762F
Light_small_blue,0x9DDE617A,2648596858,0,2631,0x80008615,0x0000C879,0x9DDE617A
Light_small_blue_dim 0x80008636,0x8E4C0966,2387347814,0,2656,0x80008636,0x00002514,0x8E4C0966
Light_small_blue_intense 0x80008634,0x9ADBE028,2598101032,0,2654,0x80008634,0x0001186D,0x9ADBE028
Light_small_darkblue 0x80008640,0xA86337B4,2825074612,0,2665,0x80008640,0xFFFFFFFF,0xA86337B4
Light_small_orange,0x192CEFA8,422375336,0,2663,0x8000863E,0x0000E540,0x192CEFA8
Light_small_red 0x80008635,0x5911C7EF,1494337519,0,2655,0x80008635,0xFFFFFFFF,0x5911C7EF
Light_small_red_dim,0x700DE444,1879958596,0,2667,0x80008643,0x0000B3DE,0x700DE444
Light_small_white 0x80008633,0xBE090CAF,3188264111,0,2653,0x80008633,0xFFFFFFFF,0xBE090CAF
Light_small_white_dim,0x4A35C926,1245038886,0,2671,0x80008647,0xFFFFFFFF,0x4A35C926
Light_small_yellow,0xD965157E,3647280510,0,2630,0x80008614,0xFFFFFFFF,0xD965157E
Light_small_yellow_dim 0x8000862c,0x1419DF50,337239888,0,2650,0x8000862C,0x0000B45F,0x1419DF50
Light_solano_ahj,0x4B266A46,1260808774,0,4414,0x80009DF3,0xFFFFFFFF,0x4B266A46
Light_spot_enormous_yellow 0x80008637,0x1931F7EE,422705134,0,2657,0x80008637,0x00007EF7,0x1931F7EE
Light_spot_large_white 0x8000863d,0x9A30F32B,2586899243,0,2662,0x8000863D,0x00012E9E,0x9A30F32B
Light_spot_large_yellow 0x80008627,0x29C86AD8,701000408,0,2645,0x80008627,0x00000E3E,0x29C86AD8
Light_spot_medium_blue_cumana,0xB7E51F4B,3085246283,0,2450,0x800084B6,0x00011601,0xB7E51F4B
Light_spot_medium_yellow 0x8000862e,0xC5F66F28,3321261864,0,2652,0x8000862E,0x00011BB0,0xC5F66F28
Light_spot_medium_yellow_cumana,0x66D3DC9B,1725160603,0,2449,0x800084B5,0x00010581,0x66D3DC9B
Light_spot_tiny_white 0x80008629,0x1EDD0CDA,517803226,0,2647,0x80008629,0x0000D177,0x1EDD0CDA
Light_spot_tiny_yellow 0x80008625,0x42B1C513,1118946579,0,2643,0x80008625,0x000100FE,0x42B1C513
Light_tiny_blue 0x80008624,0xF6A261B5,4137836981,0,2642,0x80008624,0x00010037,0xF6A261B5
Light_tiny_warm_lantern 0x8000862a,0x0FD8221E,265822750,0,2648,0x8000862A,0x000065A5,0x0FD8221E
Light_tiny_white_weak 0x80008628,0xD3C1A1B3,3552682419,0,2646,0x80008628,0x00001C5C,0xD3C1A1B3
Light_tiny_yellow 0x8000861b,0xB2D6402A,3000385578,0,2635,0x8000861B,0xFFFFFFFF,0xB2D6402A
LightAnimation (Flicker),0x074ABA2A,122337834,0,2843,0x800087DE,0xFFFFFFFF,0x074ABA2A
LightAnimation (Pulse),0xB11604F3,2971010291,0,2841,0x800087DC,0xFFFFFFFF,0xB11604F3
LightAnimation (Strobe),0x55C70F11,1439108881,0,2842,0x800087DD,0xFFFFFFFF,0x55C70F11
Lights,0xE1A18DDA,3785461210,0,1996,0x80008030,0x00008784,0xE1A18DDA
Listening Post,0x5023CB6E,1344523118,0,3178,0x80008E4F,0xFFFFFFFF,0x5023CB6E
LivingWorld Objects,0x8955971E,2304087838,0,103,0x80004C10,0xFFFFFFFF,0x8955971E
LivingWorldTestParkZone,0x6F79C4D4,1870251220,0,810,0x80006247,0xFFFFFFFF,0x6F79C4D4
LivingWorldTestZone,0x05D8E01C,98099228,0,811,0x80006248,0xFFFFFFFF,0x05D8E01C
location,0x5FB9E764,1606018916,0,386,0x80005422,0x0000EAB4,0x5FB9E764
Lowresterrain,0x1602815C,369262940,0,2049,0x800080E4,0x00007F61,0x1602815C
LowRoad,0x2AA7C187,715637127,0,99,0x80004C00,0xFFFFFFFF,0x2AA7C187
LW_Entrance_FrontCenter,0x6ADB51C8,1792758216,0,722,0x8000618D,0x00011625,0x6ADB51C8
LW_Seat_LR_L,0xD1DFE43A,3521111098,0,118,0x80004C23,0x00001E07,0xD1DFE43A
LW_Seat_LR_L (Ragdoll),0xD2D16A00,3536939520,0,5747,0x8000AD71,0x0000540D,0xD2D16A00
LW_Seat_LR_R,0x319FD404,832558084,0,119,0x80004C24,0x00006679,0x319FD404
LW_Seat_LR_R (Ragdoll),0x4D312516,1295066390,0,5748,0x8000AD72,0x0000D00A,0x4D312516
LWEntrance_Single,0x9846E607,2554783239,0,4405,0x80009DD2,0x00008857,0x9846E607
LWEntrance_Single (MercsBar),0xFC8F5C5B,4237253723,0,4406,0x80009DD3,0xFFFFFFFF,0xFC8F5C5B
LWRoads,0x3FD5F28B,1070985867,0,560,0x80005BE7,0x00011C7E,0x3FD5F28B
LWSeat_Single,0xB1E57184,2984604036,0,117,0x80004C22,0x00000C82,0xB1E57184
LWSeat_Single (MercsBar),0xE0B3F3AA,3769889706,0,4404,0x80009DD1,0xFFFFFFFF,0xE0B3F3AA
LWSeat_Single (No Hijack),0x5D1CC178,1562165624,0,3802,0x800097BF,0xFFFFFFFF,0x5D1CC178
LWSeat_Single (No Hijack) (Ragdoll),0xEF730982,4017293698,0,5749,0x8000AD73,0x0000AB17,0xEF730982
LWSeat_Single (Ragdoll),0xABD76E96,2883022486,0,5750,0x8000AD74,0x0000E292,0xABD76E96
LWSeats,0x12DDCF58,316526424,0,116,0x80004C21,0x00000E86,0x12DDCF58
M113 (Base Passenger),0xDD0FBB45,3708795717,1,1784,0x800075EA,0xFFFFFFFF,0xDD0FBB45
M113 (Base),0xAB5BAEF9,2874912505,1,4256,0x80009C9B,0x000033DE,0xAB5BAEF9
M113 (GR),0xCE5E8D35,3462303029,1,2206,0x800081EB,0xFFFFFFFF,0xCE5E8D35
M113 (GR) (Driver),0x48FB03C0,1224410048,1,2216,0x800081F5,0x00002C0C,0x48FB03C0
M113 (GR) (DriverGunner),0x9AF7067F,2599880319,1,3352,0x8000900C,0x000121B3,0x9AF7067F
M113 (GR) (Full),0xD7604AD7,3613412055,1,2217,0x800081F6,0xFFFFFFFF,0xD7604AD7
M113 (VZ),0xC9900D64,3381661028,1,2207,0x800081EC,0xFFFFFFFF,0xC9900D64
M113 (VZ) (Driver),0xEB80EF43,3951095619,1,2214,0x800081F3,0x00001333,0xEB80EF43
M113 (VZ) (DriverGunner),0xDA41DF94,3661750164,1,3353,0x8000900D,0x00007E39,0xDA41DF94
M113 (VZ) (Full RPG),0xA81BE3EB,2820400107,1,2808,0x8000876E,0xFFFFFFFF,0xA81BE3EB
M113 (VZ) (Full),0x88D24F70,2295484272,1,2215,0x800081F4,0x00008478,0x88D24F70
M113 AA (base),0x5266EAA9,1382476457,1,2208,0x800081ED,0xFFFFFFFF,0x5266EAA9
M113 AA (GR),0xEBD1DEE5,3956399845,1,1075,0x80006A0C,0x00003278,0xEBD1DEE5
M113 AA (GR) (Driver),0x973B8270,2537259632,1,2210,0x800081EF,0x0000C5E6,0x973B8270
M113 AA (GR) (DriverGunner),0xF8B5BD2F,4172660015,1,5925,0x8000B1CF,0xFFFFFFFF,0xF8B5BD2F
M113 AA (GR) (Full),0x180BD007,403427335,1,2211,0x800081F0,0x00013641,0x180BD007
M113 AA (VZ),0x26D6AE34,651603508,1,2209,0x800081EE,0x000000B2,0x26D6AE34
M113 AA (VZ) (Driver),0x50F46313,1358193427,1,2212,0x800081F1,0xFFFFFFFF,0x50F46313
M113 AA (VZ) (Full),0xB1BC8DC0,2981924288,1,2213,0x800081F2,0x0000B019,0xB1BC8DC0
M113 Jammer,0xC3B398ED,3283327213,1,2282,0x80008246,0x00007770,0xC3B398ED
M113 Jammer (VZ),0x5F15847E,1595245694,1,2283,0x80008247,0x00002565,0x5F15847E
M113 Jammer (VZ) (Driver),0x63E36415,1675846677,1,2284,0x80008248,0x0000A8E1,0x63E36415
M113 Transport,0x127C2568,310125928,1,2205,0x800081EA,0x00013149,0x127C2568
M113FullSpawnList,0xF15F844D,4049568845,1,2404,0x800083F2,0xFFFFFFFF,0xF15F844D
M151 (Base),0x55639ADF,1432591071,1,1083,0x80006A23,0x000001AA,0x55639ADF
M151 (MG),0x58918BDE,1485933534,1,1185,0x80006C98,0x0000E024,0x58918BDE
M151 (MG) (GR),0xA72B34B2,2804626610,1,1182,0x80006C95,0xFFFFFFFF,0xA72B34B2
M151 (MG) (GR) (Driver),0x288238D9,679622873,1,1825,0x800076B0,0xFFFFFFFF,0x288238D9
M151 (MG) (GR) (DriverGunner),0xE6A2F38A,3869438858,1,5160,0x8000A494,0xFFFFFFFF,0xE6A2F38A
M151 (MG) (VZ) (Driver),0xC26E9EFE,3262029566,1,1826,0x800076B1,0xFFFFFFFF,0xC26E9EFE
M151 .50Cal (GR) (Full),0x4F814028,1333870632,1,1829,0x800076B4,0x0000A1C3,0x4F814028
M151 .50Cal (VZ),0xEEA87FED,4004020205,1,1183,0x80006C96,0xFFFFFFFF,0xEEA87FED
M151 .50Cal (VZ) (DriverGunner),0x72A4CB37,1923402551,1,4877,0x8000A25B,0xFFFFFFFF,0x72A4CB37
M151 .50Cal (VZ) (Full),0x888F587F,2291095679,1,1830,0x800076B5,0x00010818,0x888F587F
M151 Softtop,0x7260D03C,1918947388,1,1184,0x80006C97,0xFFFFFFFF,0x7260D03C
M151 Softtop (GR),0x4411809C,1141997724,1,1180,0x80006C93,0xFFFFFFFF,0x4411809C
M151 Softtop (GR) (Driver),0x5871785B,1483831387,1,1827,0x800076B2,0xFFFFFFFF,0x5871785B
M151 Softtop (GR) (Full),0xF37B0A58,4084927064,1,1832,0x800076B7,0xFFFFFFFF,0xF37B0A58
M151 Softtop (VZ),0xD68A30FD,3599380733,1,1181,0x80006C94,0x0000160E,0xD68A30FD
M151 Softtop (VZ) (Driver),0x23713C08,594623496,1,1828,0x800076B3,0x00002F52,0x23713C08
M151 Softtop (VZ) (Full),0x25FE790F,637434127,1,1831,0x800076B6,0xFFFFFFFF,0x25FE790F
M151_Driver,0x9F163EDA,2669035226,1,5069,0x8000A402,0x00011422,0x9F163EDA
M151_Ruin,0x94F06992,2498783634,1,6124,0x900001F6,0x00010266,0x94F06992
M163 Driver Seat,0xB348901B,3007877147,0,1076,0x80006A0D,0xFFFFFFFF,0xB348901B
M1A2,0x0118204A,18358346,1,1686,0x800074C0,0x00002AEA,0x0118204A
M1A2 (Cargo),0x21D37A93,567507603,1,2613,0x800085FC,0x0000066C,0x21D37A93
M1A2 (Driver),0x5415F131,1410724145,1,1687,0x800074C1,0x00012758,0x5415F131
M1A2 (Full),0x48606406,1214276614,1,1688,0x800074C2,0x00012D9B,0x48606406
M2A3,0xAE0761D0,2919719376,1,1690,0x800074C4,0x00001E15,0xAE0761D0
M2A3 (Base),0x7B720A28,2071071272,1,1689,0x800074C3,0xFFFFFFFF,0x7B720A28
M2A3 (Driver),0x1DA3756F,497251695,1,1692,0x800074C6,0x0000B9DB,0x1DA3756F
M35 (AA),0xCF00E219,3472941593,1,2893,0x8000892E,0x00001947,0xCF00E219
M35 (AA) (GR),0x7E68250B,2120754443,1,2894,0x8000892F,0x00008B4E,0x7E68250B
M35 (AA) (GR) (Driver),0xB29EA7A6,2996742054,1,2896,0x80008931,0x00006B3A,0xB29EA7A6
M35 (AA) (GR) (Full),0x44AEB37D,1152299901,1,2897,0x80008932,0xFFFFFFFF,0x44AEB37D
M35 (AA) (VZ),0x22A3CAEA,581159658,1,2895,0x80008930,0x0000DD58,0x22A3CAEA
M35 (AA) (VZ) (Driver),0x855352D1,2236830417,1,2898,0x80008933,0x00008936,0x855352D1
M35 (AA) (VZ) (Full),0xD34462A6,3544474278,1,2899,0x80008934,0x00005BCB,0xD34462A6
M35 (Cargo),0x0B3E0EEB,188616427,1,2873,0x8000891A,0x00008750,0x0B3E0EEB
M35 (Cargo) (GR),0x15A6E679,363259513,1,2884,0x80008925,0x000116CB,0x15A6E679
M35 (Cargo) (GR) (Driver),0x00FB4CD4,16469204,1,2885,0x80008926,0x000121D7,0x00FB4CD4
M35 (Cargo) (GR) (Full),0xA4F49093,2767491219,1,2886,0x80008927,0xFFFFFFFF,0xA4F49093
M35 (Cargo) (VZ),0x69BA71A8,1773826472,1,2555,0x800085B9,0x00006479,0x69BA71A8
M35 (Cargo) (VZ) (Driver),0x1821E287,404873863,1,2874,0x8000891B,0x0000E380,0x1821E287
M35 (Cargo) (VZ) (Full RPG),0x0735588F,120936591,1,2807,0x8000876D,0x000043DD,0x0735588F
M35 (Cargo) (VZ) (Full),0xE0D2C7CC,3771910092,1,2875,0x8000891C,0x00001D52,0xE0D2C7CC
M35 (Fuel),0x617EEDAB,1635708331,1,3487,0x800092DF,0x0000A1B6,0x617EEDAB
M35 (Fuel) (GR),0xF351EFB9,4082233273,1,3488,0x800092E0,0x00011BC6,0xF351EFB9
M35 (Fuel) (GR) (Driver),0xED202294,3978306196,1,3605,0x80009451,0x0000FFA4,0xED202294
M35 (Fuel) (GR) (Full),0x7A605253,2053132883,1,3606,0x80009452,0x0000A33C,0x7A605253
M35 (Fuel) (VZ),0x60B22FE8,1622290408,1,3489,0x800092E1,0x00013C50,0x60B22FE8
M35 (Fuel) (VZ) (Driver),0x15DC6847,366766151,1,3608,0x80009454,0xFFFFFFFF,0x15DC6847
M35 (Fuel) (VZ) (Full),0xEB7A638C,3950666636,1,3607,0x80009453,0x00013B8B,0xEB7A638C
M35 (Guntruck),0x5F128AE6,1595050726,1,3049,0x80008B82,0x00009D0D,0x5F128AE6
M35 (Guntruck) (GR),0x1EB74FCA,515329994,1,3050,0x80008B83,0xFFFFFFFF,0x1EB74FCA
M35 (Guntruck) (GR) (Driver),0xB1D007B1,2983200689,1,3054,0x80008B87,0x00002F45,0xB1D007B1
M35 (Guntruck) (GR) (Full),0x4E05F686,1309013638,1,3678,0x8000952D,0xFFFFFFFF,0x4E05F686
M35 (Guntruck) (VZ),0x7BE5F40B,2078667787,1,3051,0x80008B84,0x0000F023,0x7BE5F40B
M35 (Guntruck) (VZ) (Driver),0xE44A24A6,3830064294,1,3055,0x80008B88,0x00002E47,0xE44A24A6
M35 (Guntruck) (VZ) (Full),0xC06CA87D,3228346493,1,3677,0x8000952C,0xFFFFFFFF,0xC06CA87D
M35 (Guntruck) (VZ) (SemiFull),0xE49CA0B7,3835470007,1,5157,0x8000A490,0x00007D86,0xE49CA0B7
M35 Truck (base),0x8FC60AB1,2412120753,1,2554,0x800085B8,0x00004951,0x8FC60AB1
M35_Driver,0xBE2248D3,3189917907,1,5064,0x8000A3FD,0xFFFFFFFF,0xBE2248D3
M35_Ruin,0xE32FBDBB,3811556795,1,6125,0x900001F7,0x0001152C,0xE32FBDBB
M35VZGuntruckFull_Spawnlist,0x808CADD6,2156703190,1,5544,0x8000AB51,0xFFFFFFFF,0x808CADD6
M551,0x43C6A9CD,1137093069,1,1756,0x800075CE,0x00014066,0x43C6A9CD
M551 (Driver),0x48F70A58,1224149592,1,1757,0x800075CF,0x00002613,0x48F70A58
M551 (Full),0xBF98E85F,3214469215,1,1758,0x800075D0,0x0000BF7E,0xBF98E85F
M6 - DO NOT USE,0x67477F92,1732738962,0,1691,0x800074C5,0x00001835,0x67477F92
Machine Pistol,0xAB74E231,2876564017,0,1125,0x80006B53,0xFFFFFFFF,0xAB74E231
Machine Pistol (PP2000),0x8FDEFF14,2413756180,0,1576,0x80007213,0xFFFFFFFF,0x8FDEFF14
Machine Pistol (TMP),0x462810E1,1177030881,0,1129,0x80006B57,0xFFFFFFFF,0x462810E1
Machine Pistol (Uzi),0x6B018DF6,1795263990,0,1131,0x80006B59,0x00004980,0x6B018DF6
Machine Pistol (Window Spawner),0x9A28F0B6,2586374326,0,5905,0x8000B038,0xFFFFFFFF,0x9A28F0B6
Machine Pistol Bullet,0x43F1553B,1139889467,0,1127,0x80006B55,0xFFFFFFFF,0x43F1553B
Magazine (Assault Rifle),0xA5BC19DF,2780568031,1,2414,0x8000844E,0x00009B52,0xA5BC19DF
Magazine (RPG),0xC6709D09,3329269001,1,1912,0x800079FF,0xFFFFFFFF,0xC6709D09
Magazines,0x2DE2E5AE,769844654,1,1911,0x800079FE,0xFFFFFFFF,0x2DE2E5AE
MagicBarrack,0xF199D264,4053389924,0,3088,0x80008BAC,0x0000E753,0xF199D264
MagicSeat,0x5EEA3C95,1592409237,0,3089,0x80008BAD,0xFFFFFFFF,0x5EEA3C95
MagicTurret,0x5B1E2C94,1528704148,0,3090,0x80008BAE,0x00005A27,0x5B1E2C94
Mark (Civ),0xDAA49C09,3668220937,0,2270,0x80008239,0x00011BF1,0xDAA49C09
Mark (Civ) (Driver),0x17386824,389572644,0,2272,0x8000823B,0xFFFFFFFF,0x17386824
Mark (Civ) (Driver) (Mechanic male),0xFD8DD31E,4253930270,0,4426,0x80009E04,0x0000983E,0xFD8DD31E
Mark (Civ) (Full),0xD2B2BCE3,3534929123,0,2273,0x8000823C,0x00000CE6,0xD2B2BCE3
Mark (PR),0x746B03ED,1953170413,0,2271,0x8000823A,0x00011108,0x746B03ED
Mark (PR) (Driver),0x0FA2ECF8,262335736,0,2274,0x8000823D,0x00005D63,0x0FA2ECF8
Mark (PR) (Full),0x69B6C47F,1773585535,0,2275,0x8000823E,0x00008D6D,0x69B6C47F
Mark_Driver,0x75D25B87,1976720263,0,5092,0x8000A41B,0xFFFFFFFF,0x75D25B87
MarkV,0xD621AED8,3592531672,0,1761,0x800075D3,0xFFFFFFFF,0xD621AED8
MarkV (Driver),0x0A0BBB37,168540983,0,1762,0x800075D4,0x0000C283,0x0A0BBB37
MarkV (Full),0x2A83887C,713263228,0,1763,0x800075D5,0x00010BC1,0x2A83887C
MarkV (Full) (Allied),0xCD4136EA,3443603178,0,4362,0x80009D35,0x0000167D,0xCD4136EA
MarkV (Half) (Allied),0x8DA232F6,2376217334,0,5955,0x8000B1F3,0x00009BEF,0x8DA232F6
MarkV_Driver,0x05795405,91837445,0,5086,0x8000A415,0x00007388,0x05795405
Matches Projectile,0xD70A8661,3607791201,0,710,0x80005FD6,0x00012BD1,0xD70A8661
Material Test Asset,0x304B38AA,810236074,0,1586,0x80007224,0x0000AB78,0x304B38AA
Mattias,0x030E6C38,51276856,0,1,0x80000003,0xFFFFFFFF,0x030E6C38
Mattias Chopper,0x1ECD5E19,516775449,1,3244,0x80008F21,0x0001054B,0x1ECD5E19
MattiasChickensuit,0x98507A86,2555411078,0,2300,0x800082BE,0x00003D1F,0x98507A86
mattiasupgrade1,0x7D2EEA01,2100226561,0,4832,0x8000A1BE,0x0000C621,0x7D2EEA01
mattiasupgrade2,0xFB276196,4213662102,0,4833,0x8000A1BF,0x000049B4,0xFB276196
mattiasupgrade3,0x5D2A3A73,1563048563,0,4834,0x8000A1C0,0x00013F38,0x5D2A3A73
MattiasV2,0x043D0100,71106816,0,2298,0x800082BC,0x00007EBA,0x043D0100
MattiasV3,0x2E3F81B5,775913909,0,2299,0x800082BD,0x000037A2,0x2E3F81B5
MD-500,0xC9B8D3D0,3384333264,0,854,0x800063A6,0x0000C874,0xC9B8D3D0
Mechanic (male),0xA3A8AC09,2745740297,0,2138,0x800081A1,0xFFFFFFFF,0xA3A8AC09
merida_wallchurchshort,0x5F67A1D9,1600627161,0,48,0x80004578,0xFFFFFFFF,0x5F67A1D9
merida_wallcommercialshorta,0x6F04F6AD,1862596269,0,47,0x80004577,0x000118C8,0x6F04F6AD
MeridaTest Allies,0x8D9D02A1,2375877281,0,2515,0x8000854A,0xFFFFFFFF,0x8D9D02A1
MeridaTest VZ,0xF7A3427F,4154671743,0,2514,0x80008549,0xFFFFFFFF,0xF7A3427F
MH53J,0x83143980,2199140736,1,3463,0x800092C5,0x00002AEE,0x83143980
MH53J (Driver),0x4B5CA29F,1264362143,1,3464,0x800092C6,0x0000B0B4,0x4B5CA29F
MH53J (DriverGunner),0x859F20B8,2241798328,1,3626,0x80009466,0xFFFFFFFF,0x859F20B8
MH53J (Ewan),0x70719716,1886492438,1,5982,0x8000B36A,0x00008B80,0x70719716
MH53J (Extraction),0x913C4E6C,2436648556,1,5843,0x8000AF98,0x00010F0C,0x913C4E6C
MH53J (Full),0xC97B7814,3380312084,1,3627,0x80009467,0x000019B5,0xC97B7814
MH53J (Pursuit),0x9964CB9F,2573519775,1,4907,0x8000A27E,0x00008C2F,0x9964CB9F
Mi26 (base),0x9567C231,2506605105,1,1220,0x80006CD1,0x00007101,0x9567C231
Mi26 (CH),0x2A46CE47,709283399,1,1221,0x80006CD2,0x0000F808,0x2A46CE47
Mi26 (CH) (Delivery),0xE8E09FB0,3907035056,1,2238,0x8000820D,0xFFFFFFFF,0xE8E09FB0
Mi26 (CH) (Driver),0x67B02532,1739597106,1,2237,0x8000820C,0xFFFFFFFF,0x67B02532
Mi26 (CH) (Ewan),0x71CAED6B,1909124459,1,5983,0x8000B36B,0x0000E93A,0x71CAED6B
Mi26 (PMC),0x8E30490E,2385529102,1,1418,0x80006F71,0xFFFFFFFF,0x8E30490E
Mi26 (PMC) (Driver),0x9F6ADD25,2674580773,1,2236,0x8000820B,0x0000C252,0x9F6ADD25
Mi26 (VZ),0x58D6ABEC,1490463724,1,2548,0x800085AF,0x000057A5,0x58D6ABEC
Mi26 (VZ) (Driver),0x77C9BD6B,2009709931,1,2495,0x8000852B,0x0000B0A3,0x77C9BD6B
Mi26 (VZ) (Ewan),0x4AFFE432,1258284082,1,5984,0x8000B36C,0x00006B65,0x4AFFE432
Mi26 (VZA Intro) (Driver),0xCB82945A,3414332506,1,5961,0x8000B22E,0xFFFFFFFF,0xCB82945A
Mi35,0xD2119BCF,3524369359,1,2497,0x80008531,0x0000F490,0xD2119BCF
Mi35 (AA Driver),0x7B286256,2066244182,1,5850,0x8000AFA2,0xFFFFFFFF,0x7B286256
Mi35 (AA),0xA0D30616,2698184214,1,2603,0x800085F1,0x0001329F,0xA0D30616
Mi35 (AA) (Ewan),0xF31E7948,4078860616,1,5985,0x8000B36D,0xFFFFFFFF,0xF31E7948
Mi35 (base),0x5D916CC1,1569811649,1,2602,0x800085F0,0xFFFFFFFF,0x5D916CC1
Mi35 (Driver),0x0EED5CFA,250436858,1,2498,0x80008532,0x00011FAE,0x0EED5CFA
Mi35 (Ewan),0x6E0D5F93,1846370195,1,5986,0x8000B36E,0x0000895C,0x6E0D5F93
Mi35 (Full),0xCDDFDF39,3454000953,1,2499,0x80008533,0x00012B61,0xCDDFDF39
Mi35 (Gunner),0x743728D7,1949771991,1,2500,0x80008534,0xFFFFFFFF,0x743728D7
Mi35 (Solano),0xA2EFB316,2733617942,1,3445,0x800092B3,0x0000B530,0xA2EFB316
Mine (Human),0x73FB8018,1945862168,0,1332,0x80006EA3,0x00012B04,0x73FB8018
Mine (IED),0xBE4E6E3F,3192811071,0,4874,0x8000A257,0x0000AED6,0xBE4E6E3F
Mine (Vehicle),0xDFE0E1E1,3756057057,0,1150,0x80006B6E,0x000074FE,0xDFE0E1E1
Mine (Water),0x3EF3D17E,1056166270,0,4894,0x8000A26C,0x0000608A,0x3EF3D17E
Mine (Water) (Light),0x87D2A00F,2278727695,0,5968,0x8000B2FC,0x0000D03A,0x87D2A00F
Minigun,0x624C0986,1649150342,0,2409,0x80008449,0x000054D2,0x624C0986
Minigun 1000,0x049CD8B9,77387961,0,4878,0x8000A25C,0xFFFFFFFF,0x049CD8B9
Minigun 1800,0x99DD73C1,2581427137,0,4879,0x8000A25D,0xFFFFFFFF,0x99DD73C1
Minigun 900,0x9369BBB3,2473180083,0,4880,0x8000A25E,0x00002FCF,0x9369BBB3
Minigun Bullet,0xDAF903E6,3673752550,0,1341,0x80006EAF,0x00010DEF,0xDAF903E6
Minigun Bullet (AL),0x7303A282,1929618050,0,4123,0x80009B26,0x0000CE04,0x7303A282
Minigun Bullet (CH),0x0B31ED4C,187821388,0,4124,0x80009B27,0xFFFFFFFF,0x0B31ED4C
Minigun Bullet (GR),0x59D47ACA,1507097290,0,4125,0x80009B28,0x000058DF,0x59D47ACA
Minigun Bullet (Ship),0x18DFE609,417326601,1,3340,0x80009000,0x0000A0B8,0x18DFE609
MLRS Rocket,0x2560F199,627110297,0,3502,0x80009322,0x00007F32,0x2560F199
MOAB Projectile,0xFCB92D05,4239994117,0,3167,0x80008E42,0x0000744C,0xFCB92D05
Monster Ridgeline,0x1D489F46,491298630,0,4014,0x800099A4,0x0000C256,0x1D489F46
Monster Truck,0xBA21D4C4,3122779332,1,1186,0x80006C99,0x00001AB7,0xBA21D4C4
Monster Truck (base),0x1000B4EC,268481772,1,4920,0x8000A28E,0xFFFFFFFF,0x1000B4EC
Monster truck phase1,0x9383C116,2474885398,1,2790,0x8000875C,0x00000AC0,0x9383C116
Monster truck phase2,0x158B4981,361449857,1,2791,0x8000875D,0x0000767B,0x158B4981
Monster truck test,0x9003C228,2416165416,1,2544,0x800085AA,0x0000117A,0x9003C228
MonsterRidgeline_Driver,0x506C2D61,1349266785,0,5098,0x8000A423,0x00010D3E,0x506C2D61
MonsterRTR_Driver,0xC091FE7C,3230793340,0,5097,0x8000A422,0x00006010,0xC091FE7C
monuments,0xE28D61F9,3800916473,0,114,0x80004C1F,0x00009C2C,0xE28D61F9
Motorcycle,0xA14A4912,2706000146,1,3243,0x80008F1F,0xFFFFFFFF,0xA14A4912
Motorcycle_Driver,0x6664AE73,1717874291,1,5066,0x8000A3FF,0x0000A664,0x6664AE73
MotorcycleOld,0x25A09161,631279969,1,4393,0x80009D61,0x0000EC99,0x25A09161
MotorCycleTest,0x261B03E6,639304678,1,340,0x80004E28,0xFFFFFFFF,0x261B03E6
Mounted AA Missile (1) (AMX30) A,0xABE72070,2884051056,1,3361,0x8000901B,0x0000A981,0xABE72070
Mounted AA Missile (1) (AMX30) B,0x95E4BF37,2514796343,1,3362,0x8000901C,0x00006B16,0x95E4BF37
Mounted AA Missile (1) (AMX30) C,0xB3E2AFDA,3017977818,1,5509,0x8000AAC4,0xFFFFFFFF,0xB3E2AFDA
Mounted AA Missile (1) (AMX30) D,0x8DE03571,2380281201,1,5510,0x8000AAC5,0x0000EC0B,0x8DE03571
Mounted AA Missile (1) (hp_barreltip_archer_a),0x2069A810,543795216,0,4714,0x8000A014,0x00003045,0x2069A810
Mounted AA Missile (1) (hp_barreltip_archer_b),0x8E8EB0E9,2391716073,0,4715,0x8000A015,0x0000D14F,0x8E8EB0E9
Mounted AA Missile (1) (hp_barreltip_archer_c),0x81706F62,2171629410,0,4716,0x8000A016,0x0001062A,0x81706F62
Mounted AA Missile (1) (hp_barreltip_archer_d),0x6126F4CB,1629942987,0,4717,0x8000A017,0x000106ED,0x6126F4CB
Mounted AA Missile (1) (hp_barreltip_archer_e),0xD4A74D84,3567734148,0,4718,0x8000A018,0x0000A143,0xD4A74D84
Mounted AA Missile (1) (hp_barreltip_archer_f),0x6392FBED,1670577133,0,4719,0x8000A019,0xFFFFFFFF,0x6392FBED
Mounted AA Missile (1) (hp_barreltip_archer_g),0x25FDAD86,637382022,0,4720,0x8000A01A,0x00000576,0x25FDAD86
Mounted AA Missile (1) (hp_barreltip_archer_h),0x558C0E6F,1435242095,0,4721,0x8000A01B,0x00002406,0x558C0E6F
Mounted AA Missile (1) (hp_barreltip_sidewinder_L),0x52074186,1376207238,0,4271,0x80009CAA,0x00004BED,0x52074186
Mounted AA Missile (1) (hp_barreltip_sidewinder_R),0x32E24A08,853690888,0,4272,0x80009CAB,0x00006EC7,0x32E24A08
Mounted AA Missile (1) (PGZ95) A,0xB5466BDA,3041291226,1,3036,0x80008B74,0x000005DA,0xB5466BDA
Mounted AA Missile (1) (PGZ95) B,0x174DC1E5,390971877,1,3039,0x80008B77,0x00011CC6,0x174DC1E5
Mounted AA Missile (1) (PGZ95) C,0xAD4ADC70,2907364464,1,3038,0x80008B76,0x0000DCF5,0xAD4ADC70
Mounted AA Missile (1) (PGZ95) D,0x2F3EDD23,792648995,1,3037,0x80008B75,0x00004373,0x2F3EDD23
Mounted AA Missile (2) (Zu23) A,0xF03FA40A,4030702602,0,4128,0x80009B2C,0x00004C04,0xF03FA40A
Mounted AA Missile (2) (Zu23) B,0x92475ED5,2454150869,0,4129,0x80009B2D,0x00006897,0x92475ED5
Mounted AA Missile (4),0x9B70F72E,2607871790,0,509,0x800056DE,0x000128A6,0x9B70F72E
Mounted AC A (VZ),0x8917B47D,2300032125,0,5830,0x8000AF8B,0x0000EA4F,0x8917B47D
Mounted AC B (VZ),0xC70BEFB0,3339448240,0,5831,0x8000AF8C,0x000100ED,0xC70BEFB0
Mounted AH1Z Cannon,0xCEBA555E,3468318046,1,3679,0x8000952E,0x00012945,0xCEBA555E
Mounted AT Missile (1)  (hp_barreltip_a),0x3016AB93,806792083,0,5810,0x8000AF73,0x00003532,0x3016AB93
Mounted AT Missile (1)  (hp_barreltip_b),0x153D488E,356337806,0,5811,0x8000AF74,0x00007598,0x153D488E
Mounted AT Missile (1) (Base),0x4C9BEF00,1285287680,0,4674,0x80009FE4,0x0000ABA5,0x4C9BEF00
Mounted AT Missile (1) (hp_barreltip_hellfire_raila),0xA8DC9549,2833028425,0,4263,0x80009CA2,0xFFFFFFFF,0xA8DC9549
Mounted AT Missile (1) (hp_barreltip_hellfire_railab),0x8FCC7C4B,2412543051,0,4267,0x80009CA6,0xFFFFFFFF,0x8FCC7C4B
Mounted AT Missile (1) (hp_barreltip_hellfire_railac),0x034CD504,55366916,0,4264,0x80009CA3,0x00013AE0,0x034CD504
Mounted AT Missile (1) (hp_barreltip_hellfire_railad),0xBD343869,3174316137,0,4265,0x80009CA4,0xFFFFFFFF,0xBD343869
Mounted AT Missile (1) (hp_barreltip_hellfire_railae),0xB015F6E2,2954229474,0,4266,0x80009CA5,0x0000220B,0xB015F6E2
Mounted AT Missile (1) (hp_barreltip_hellfire_railaf),0x6C2D8A47,1814923847,0,4268,0x80009CA7,0x000070DB,0x6C2D8A47
Mounted AT Missile (1) (hp_barreltip_hellfire_railag),0x4F0F2F90,1326395280,0,4269,0x80009CA8,0x0000163C,0x4F0F2F90
Mounted AT Missile (1) (hp_barreltip_hellfire_railah),0xAB2A11B5,2871660981,0,4270,0x80009CA9,0x00007C40,0xAB2A11B5
Mounted AT Missile (1) (hp_barreltip_missile_L),0x3060A513,811640083,0,2601,0x800085EF,0x00004FEE,0x3060A513
Mounted AT Missile (1) (hp_barreltip_missile_la),0x1A63F32C,442757932,0,4275,0x80009CAE,0x0000F496,0x1A63F32C
Mounted AT Missile (1) (hp_barreltip_missile_R),0xF3E10699,4091610777,0,4673,0x80009FE3,0x0000A99E,0xF3E10699
Mounted AT Missile (1) (hp_barreltip_missileL_a),0xEBA333F2,3953341426,0,3668,0x80009523,0x0000ED2B,0xEBA333F2
Mounted AT Missile (1) (hp_barreltip_missileL_b),0x271C2D17,656157975,0,3669,0x80009524,0x0001198D,0x271C2D17
Mounted AT Missile (1) (hp_barreltip_missileR_a),0xFA21F9E0,4196530656,0,3660,0x8000951B,0x0000165E,0xFA21F9E0
Mounted AT Missile (1) (hp_barreltip_missileR_b),0xE8E59CF9,3907362041,0,3662,0x8000951D,0xFFFFFFFF,0xE8E59CF9
Mounted AT Missile (2)  (hp_barreltip_c),0x4F784B20,1333283616,0,5812,0x8000AF75,0xFFFFFFFF,0x4F784B20
Mounted AT Missile (2) (M2A3),0x6C8EDBAD,1821301677,1,4116,0x80009B1F,0x0000AEF8,0x6C8EDBAD
Mounted AT Missile (4),0x70CB82B3,1892385459,0,5809,0x8000AF72,0x00013A6A,0x70CB82B3
Mounted AT Missile (4) (hp_barreltip_missile_L),0x70478B06,1883736838,0,4675,0x80009FE5,0xFFFFFFFF,0x70478B06
Mounted AT Missile (4) (hp_barreltip_missile_R),0x51229388,1361220488,0,4676,0x80009FE6,0x00005BD1,0x51229388
Mounted AT Missile (8),0xB2FD0467,3002926183,0,4042,0x80009AD0,0xFFFFFFFF,0xB2FD0467
Mounted AT Missile (hp_barreltip_missile_lb),0x7D548893,2102691987,0,4276,0x80009CAF,0x0000F657,0x7D548893
Mounted AT Missile (hp_barreltip_missile_ra),0x8F08CF54,2399719252,0,4278,0x80009CB1,0x00007BA9,0x8F08CF54
Mounted AT Missile (hp_barreltip_missile_rb),0xDD56483D,3713419325,0,4277,0x80009CB0,0x00010085,0xDD56483D
Mounted AT Missile (Veyron),0x5B34F448,1530197064,0,5808,0x8000AF71,0xFFFFFFFF,0x5B34F448
Mounted Autocannon (AL),0x6090304D,1620062285,0,2289,0x8000824D,0x00008987,0x6090304D
Mounted Autocannon (CH),0xB17FB08B,2977935499,0,4097,0x80009B0C,0x00010CE7,0xB17FB08B
Mounted Autocannon (Type 14310),0x7BC113EF,2076251119,0,2185,0x800081D5,0x0000EC2E,0x7BC113EF
Mounted Blast Cannon,0x37938DD0,932416976,0,4885,0x8000A263,0xFFFFFFFF,0x37938DD0
Mounted Chain Cannon,0x50AA1C3F,1353325631,0,4046,0x80009AD5,0xFFFFFFFF,0x50AA1C3F
Mounted Chain Cannon (CH),0x7872DE87,2020793991,0,4109,0x80009B18,0xFFFFFFFF,0x7872DE87
Mounted Chain Cannon (GR),0xF97B07CD,4185589709,0,4114,0x80009B1D,0x000051AE,0xF97B07CD
Mounted Coax 20mm (OC),0x08D57327,148206375,0,4117,0x80009B20,0x0000DCA5,0x08D57327
Mounted Coax 20mm (VZ),0x658DA359,1703781209,0,4118,0x80009B21,0x0000786F,0x658DA359
Mounted Coax MG (AL),0x544E96C0,1414436544,0,699,0x80005FB6,0x0000ECBA,0x544E96C0
Mounted Coax MG (CH),0xB6D6C82E,3067529262,0,4096,0x80009B0B,0x0000D37B,0xB6D6C82E
Mounted Coax MG (GR),0xCBCA16B8,3419018936,0,4098,0x80009B0D,0x00013E3B,0xCBCA16B8
Mounted Coax MG (VZ),0x1D9E8B69,496929641,0,5013,0x8000A3C1,0xFFFFFFFF,0x1D9E8B69
Mounted Cruise Missile,0x6F53A674,1867753076,0,3354,0x8000900E,0x0000DBBF,0x6F53A674
Mounted Cruise Missile Projectile,0x61048FB9,1627688889,0,4045,0x80009AD3,0xFFFFFFFF,0x61048FB9
Mounted Destroyer Cannon,0xF76F060F,4151248399,1,3355,0x80009014,0x000131EC,0xF76F060F
Mounted Destroyer Cannon (Chinese),0x4414CCB9,1142213817,1,3360,0x8000901A,0x00008B2A,0x4414CCB9
Mounted FAE (1) (hp_barreltip_hellfire_raila),0x1CB068A0,481323168,0,5815,0x8000AF78,0xFFFFFFFF,0x1CB068A0
Mounted FAE (1) (hp_barreltip_hellfire_railb),0x0B740BB9,192154553,0,5817,0x8000AF7A,0xFFFFFFFF,0x0B740BB9
Mounted FAE (1) (hp_barreltip_hellfire_railc),0x7EF46472,2129945714,0,5818,0x8000AF7B,0xFFFFFFFF,0x7EF46472
Mounted FAE (1) (hp_barreltip_hellfire_raild),0x1EAA851B,514491675,0,5819,0x8000AF7C,0xFFFFFFFF,0x1EAA851B
Mounted Grenade Launcher,0x14DA2EDB,349843163,0,1345,0x80006EB5,0xFFFFFFFF,0x14DA2EDB
Mounted Grenade Launcher (UH1 Elite),0xD57B8791,3581642641,1,4249,0x80009C8F,0x00010B74,0xD57B8791
Mounted Grenade Launcher Shooting Gallery,0xDE0D1378,3725398904,0,5562,0x8000AB64,0x00010D36,0xDE0D1378
Mounted Gun (Endriago) (Superiority) (LB),0x3F410E0A,1061228042,0,2192,0x800081DD,0x000052E1,0x3F410E0A
Mounted Gun (Endriago) (Superiority) (LT),0xA043EF7C,2688806780,0,2191,0x800081DC,0x00002F8C,0xA043EF7C
Mounted Gun (Endriago) (Superiority) (RB),0x35F50D74,905252212,0,4208,0x80009C66,0xFFFFFFFF,0x35F50D74
Mounted Gun (Endriago) (Superiority) (RT),0x74F194E2,1961989346,0,4207,0x80009C65,0x00006B5F,0x74F194E2
Mounted Gun (Piranha) (L),0x97AF2A8A,2544839306,1,3203,0x80008EF5,0x000110C4,0x97AF2A8A
Mounted Gun (Piranha) (R),0xDFC07DB4,3753934260,1,3204,0x80008EF6,0x00007AD8,0xDFC07DB4
Mounted Gun Front (Patrol Boat VZ),0xEAD9F069,3940151401,1,5203,0x8000A5EB,0xFFFFFFFF,0xEAD9F069
Mounted Gunpod (L) (AL),0x1F02D391,520278929,0,3656,0x80009517,0x000102E0,0x1F02D391
Mounted Gunpod (R) (AL),0x6B0EC633,1796130355,0,3657,0x80009518,0xFFFFFFFF,0x6B0EC633
Mounted Heavy MG (AL),0xB300A00E,3003162638,0,6,0x80002336,0xFFFFFFFF,0xB300A00E
Mounted Heavy MG (Avenger),0x1F3D06B9,524093113,0,3527,0x8000933B,0x0000A2E7,0x1F3D06B9
Mounted Heavy MG (Base),0x70274A56,1881623126,0,3643,0x80009477,0x00006049,0x70274A56
Mounted Heavy MG (CH),0x4F3B3A20,1329281568,0,4091,0x80009B06,0x00011369,0x4F3B3A20
Mounted Heavy MG (GR),0x54D1D516,1423037718,0,4092,0x80009B07,0xFFFFFFFF,0x54D1D516
Mounted Heavy MG (Jeep) (AL),0x3565F12D,895873325,1,5700,0x8000ACCE,0x000122FC,0x3565F12D
Mounted Heavy MG (Jeep) (GR),0xBC105279,3155186297,1,5701,0x8000ACCF,0xFFFFFFFF,0xBC105279
Mounted Heavy MG (Jeep) (OC),0xDF170CCA,3742829770,1,5702,0x8000ACD0,0x00003A81,0xDF170CCA
Mounted Heavy MG (No Model),0xA88E044D,2827879501,0,2557,0x800085BB,0x0000BF17,0xA88E044D
Mounted Heavy MG (NOAMMO),0xC3B9FF06,3283746566,0,5612,0x8000AC5C,0xFFFFFFFF,0xC3B9FF06
Mounted Heavy MG (OC),0x21ED52B5,569201333,0,5398,0x8000A98C,0xFFFFFFFF,0x21ED52B5
Mounted Heavy MG (Tank) (AL),0xF58133B9,4118885305,1,5694,0x8000ACC7,0xFFFFFFFF,0xF58133B9
Mounted Heavy MG (Tank) (CH),0x60CFE4EF,1624237295,1,5696,0x8000ACC9,0x0000BC8A,0x60CFE4EF
Mounted Heavy MG (Tank) (GR),0x745B25A5,1952130469,1,5695,0x8000ACC8,0xFFFFFFFF,0x745B25A5
Mounted Heavy MG (Tank) (OC),0xFA33A7F6,4197689334,1,5697,0x8000ACCA,0xFFFFFFFF,0xFA33A7F6
Mounted Heavy MG (Tank) (VZ),0x96133FF4,2517843956,1,5693,0x8000ACC6,0x00001E42,0x96133FF4
Mounted Heavy MG (VZ),0x08DB8417,148603927,0,1344,0x80006EB4,0x0001370B,0x08DB8417
Mounted Light MG (GR),0x39A0741B,966816795,0,4112,0x80009B1B,0x000024FB,0x39A0741B
Mounted LockOn Missile,0xAFEB579B,2951436187,0,3658,0x80009519,0xFFFFFFFF,0xAFEB579B
Mounted M101A1 Gun,0xD462BFB2,3563241394,0,3456,0x800092BE,0x0000E9C4,0xD462BFB2
Mounted MG (L),0x285BA208,677093896,0,5514,0x8000AACA,0x00004521,0x285BA208
Mounted MG (R),0x47809986,1199610246,0,5515,0x8000AACB,0x00001A0A,0x47809986
Mounted Minigun (Destroyer) (FL),0x51AEEAC1,1370417857,1,3356,0x80009016,0xFFFFFFFF,0x51AEEAC1
Mounted Minigun (Destroyer) (FM),0x4490A93A,1150331194,1,3676,0x8000952B,0xFFFFFFFF,0x4490A93A
Mounted Minigun (Destroyer) (FR),0x3C4B3A4B,1011563083,1,3357,0x80009017,0xFFFFFFFF,0x3C4B3A4B
Mounted Minigun (Destroyer) (RL),0xC6661465,3328578661,1,3358,0x80009018,0x0000073B,0xC6661465
Mounted Minigun (Destroyer) (RR),0xD99C8DC7,3650915783,1,3359,0x80009019,0xFFFFFFFF,0xD99C8DC7
Mounted Minigun (Human) (AL),0xACA58116,2896527638,0,3637,0x80009471,0xFFFFFFFF,0xACA58116
Mounted Minigun (Human) (GR),0x499A11CE,1234833870,0,4126,0x80009B29,0xFFFFFFFF,0x499A11CE
Mounted Minigun (Human) HelCon001,0x2F3E5314,792613652,0,4021,0x80009A07,0x000038A2,0x2F3E5314
Mounted Minigun (No Model) (AL),0x52B5AA0B,1387637259,0,4127,0x80009B2A,0x00011E98,0x52B5AA0B
Mounted Minigun (No model) (Hind),0x2E850373,780469107,1,2577,0x800085D4,0xFFFFFFFF,0x2E850373
Mounted Minigun (No Model) (LAV3 AD),0x102B093D,271255869,1,2596,0x800085EA,0x0000F973,0x102B093D
Mounted Minigun (No model) (M1A2),0xB2B5511F,2998227231,1,3364,0x8000901E,0xFFFFFFFF,0xB2B5511F
Mounted Minigun (No Model) (VZ),0xFC34C616,4231317014,0,1340,0x80006EAE,0x0000407A,0xFC34C616
Mounted Minigun (Remote) (AL),0xCE7E778F,3464394639,0,18,0x800038E6,0xFFFFFFFF,0xCE7E778F
Mounted Minigun Left (No Model) (GR),0x4F1B684C,1327196236,0,857,0x800063AF,0x0000A3FC,0x4F1B684C
Mounted Minigun Left (No Model) (Small) (VZ),0xEB11BE9F,3943808671,0,2589,0x800085E2,0x00002E5B,0xEB11BE9F
Mounted Minigun Right (No Model) (GR),0xBDE3C1E5,3185820133,0,858,0x800063B0,0xFFFFFFFF,0xBDE3C1E5
Mounted Minigun Right (No Model) (Small) (VZ),0x58CF48F6,1489979638,0,2590,0x800085E3,0x0000B7DF,0x58CF48F6
Mounted MLRS,0xAC223AF7,2887924471,0,3501,0x80009321,0x00001940,0xAC223AF7
Mounted MLRS (SX2150) (01),0x11965E4F,295067215,0,3503,0x80009323,0x00008AD0,0x11965E4F
Mounted MLRS (SX2150) (02),0x366DAE2A,913157674,0,3504,0x80009324,0x0000AD9C,0x366DAE2A
Mounted MLRS (SX2150) (03),0xC2ED5571,3270333809,0,3505,0x80009325,0x0000DCD3,0xC2ED5571
Mounted MLRS (SX2150) (04),0xA9055AEC,2835700460,0,3506,0x80009326,0xFFFFFFFF,0xA9055AEC
Mounted MLRS (SX2150) (05),0xB6239C73,3055787123,0,3507,0x80009327,0x0000C159,0xB6239C73
Mounted MLRS (SX2150) (06),0x1A0C3B6E,437009262,0,3508,0x80009328,0xFFFFFFFF,0x1A0C3B6E
Mounted MLRS (SX2150) (07),0xB7526F15,3075632917,0,3509,0x80009329,0x0000A133,0xB7526F15
Mounted MLRS (SX2150) (08),0xDB36C370,3677799280,0,3510,0x8000932A,0x00008603,0xDB36C370
Mounted MLRS (SX2150) (09),0xF8551E27,4166327847,0,3511,0x8000932B,0x0000A5A7,0xF8551E27
Mounted MLRS (SX2150) (10),0x414EE8C5,1095690437,0,3512,0x8000932C,0x0000FC85,0x414EE8C5
Mounted MLRS (SX2150) (11),0xA36AE45E,2741691486,0,3513,0x8000932D,0x00002ABF,0xA36AE45E
Mounted MLRS (SX2150) (12),0x7EE34663,2128823907,0,3514,0x8000932E,0x00013EF2,0x7EE34663
Mounted Panhard Assault Cannon,0x53E032EF,1407202031,0,4729,0x8000A023,0x0000A542,0x53E032EF
Mounted PGZ95 Gun,0x06B1335C,112276316,1,3030,0x80008B6E,0x000062EA,0x06B1335C
Mounted PGZ95 Gun (A),0x77662EDA,2003185370,1,3031,0x80008B6F,0x0000EB8C,0x77662EDA
Mounted PGZ95 Gun (B),0x928F43BF,2458862527,1,3034,0x80008B72,0x00011507,0x928F43BF
Mounted PGZ95 Gun (C),0x160FB5A8,370128296,1,3033,0x80008B71,0xFFFFFFFF,0x160FB5A8
Mounted PGZ95 Gun (D),0xB987BF85,3112681349,1,3032,0x80008B70,0xFFFFFFFF,0xB987BF85
Mounted Piranha Deck Cannon,0x49DEA0CC,1239326924,1,5513,0x8000AAC9,0x0000449D,0x49DEA0CC
Mounted Piranha Jet Exhaust,0xEF7FFB65,4018142053,1,3467,0x800092C9,0x0000B9E1,0xEF7FFB65
Mounted Quad50 Gun A (GR),0x88A30040,2292383808,0,2888,0x80008929,0x00010290,0x88A30040
Mounted Quad50 Gun A (VZ),0x0D76BCC1,225885377,0,4119,0x80009B22,0x00007FB5,0x0D76BCC1
Mounted Quad50 Gun B (GR),0x1DECD9B5,502061493,0,2889,0x8000892A,0xFFFFFFFF,0x1DECD9B5
Mounted Quad50 Gun B (VZ),0x191E59E4,421419492,0,4120,0x80009B23,0x0000820E,0x191E59E4
Mounted Quad50 Gun C (GR),0xD228E09E,3525894302,0,2890,0x8000892B,0xFFFFFFFF,0xD228E09E
Mounted Quad50 Gun C (VZ),0x2DE9E22F,770302511,0,4121,0x80009B24,0x0000971D,0x2DE9E22F
Mounted Quad50 Gun D (GR),0xEF6E0ED3,4016967379,0,2891,0x8000892C,0x0000CAC3,0xEF6E0ED3
Mounted Quad50 Gun D (VZ),0x005BB6E2,6010594,0,4122,0x80009B25,0x0000DF6B,0x005BB6E2
Mounted Recoiless Rifle,0xF6A450BC,4137963708,0,2410,0x8000844A,0x00004802,0xF6A450BC
Mounted Rocket (3),0xBB1AA49D,3139085469,0,5518,0x8000AACE,0x00006B86,0xBB1AA49D
Mounted Rocket Pod (10) (hp_barreltip_rocket_L),0xEAB93289,3938005641,0,4929,0x8000A297,0x000013EA,0xEAB93289
Mounted Rocket Pod (10) (hp_barreltip_rocket_R),0x440F9F23,1141874467,0,4930,0x8000A298,0x00007001,0x440F9F23
Mounted Rocket Pod (19),0x09C80673,164103795,0,480,0x800056B6,0xFFFFFFFF,0x09C80673
Mounted Rocket Pod (19) (hp_barreltip_rcketlgL),0x992241C5,2569159109,0,4955,0x8000A2B7,0x00013889,0x992241C5
Mounted Rocket Pod (19) (hp_barreltip_rcketlgR),0xAB1B86A7,2870707879,0,4956,0x8000A2B8,0x00011C9F,0xAB1B86A7
Mounted Rocket Pod (19) (hp_barreltip_xrocketL),0x35E451C1,904155585,0,3666,0x80009521,0xFFFFFFFF,0x35E451C1
Mounted Rocket Pod (19) (hp_barreltip_xrocketR),0x2080A14B,545300811,0,3664,0x8000951F,0x000068BD,0x2080A14B
Mounted Rocket Pod (20),0xA5E26E43,2783080003,0,4110,0x80009B19,0x000006FF,0xA5E26E43
Mounted Rocket Pod (32),0xCEC74E4C,3469168204,0,2496,0x8000852D,0x0000B74F,0xCEC74E4C
Mounted Rocket Pod (32) (hp_barreltip_rocket_L),0x42C03281,1119892097,0,4957,0x8000A2BA,0xFFFFFFFF,0x42C03281
Mounted Rocket Pod (32) (hp_barreltip_rocket_R),0x2D5C820B,761037323,0,5200,0x8000A5E8,0x00013066,0x2D5C820B
Mounted Rocket Pod (6) (L),0xDF92C81E,3750938654,0,3631,0x8000946B,0x00007563,0xDF92C81E
Mounted Rocket Pod (7),0x267A1638,645535288,0,2262,0x80008230,0x0000F43A,0x267A1638
Mounted Rocket Pod (7) (hp_barreltip_smlroktl),0x16379B62,372743010,0,5520,0x8000AAD0,0xFFFFFFFF,0x16379B62
Mounted Rocket Pod (7) (hp_barreltip_smlroktr),0xF02CA23C,4029456956,0,5521,0x8000AAD1,0xFFFFFFFF,0xF02CA23C
Mounted Rocket Pod (7) (OC),0xE4107BF7,3826285559,0,5519,0x8000AACF,0xFFFFFFFF,0xE4107BF7
Mounted Rocket Pod (7) (R),0xB3E3709B,3018027163,0,3632,0x8000946C,0x0000C04A,0xB3E3709B
Mounted RocketPod (Endriago) (Superiority) (L),0x37E1FB77,937556855,0,2193,0x800081DE,0x00003454,0x37E1FB77
Mounted RocketPod (Endriago) (Superiority) (R),0x49124D35,1225936181,0,2195,0x800081E0,0x00006AE0,0x49124D35
Mounted SAM (1),0xA6EAC7DC,2800404444,0,1578,0x80007219,0x000131E6,0xA6EAC7DC
Mounted SAM (LAVIII AD) BA,0x704586F5,1883604725,1,3022,0x80008B66,0x0000C09F,0x704586F5
Mounted SAM (LAVIII AD) BB,0x4E3E95AA,1312724394,1,3029,0x80008B6D,0x000120D4,0x4E3E95AA
Mounted SAM (LAVIII AD) BC,0x704109C7,1883310535,1,3028,0x80008B6C,0x00007A11,0x704109C7
Mounted SAM (LAVIII AD) BD,0xEE39815C,3996746076,1,3027,0x80008B6B,0x0000085B,0xEE39815C
Mounted SAM (LAVIII AD) BE,0xE83BB681,3896227457,1,3026,0x80008B6A,0xFFFFFFFF,0xE83BB681
Mounted SAM (LAVIII AD) BF,0x66342E16,1714695702,1,3025,0x80008B69,0xFFFFFFFF,0x66342E16
Mounted SAM (LAVIII AD) BG,0xC83706F3,3359049459,1,3023,0x80008B67,0x00012222,0xC83706F3
Mounted SAM (LAVIII AD) BH,0x662FB0E8,1714401512,1,3024,0x80008B68,0x00012477,0x662FB0E8
Mounted Ship Gun,0xE9291BB1,3911785393,1,3348,0x80009008,0x00003FFC,0xE9291BB1
Mounted Ship Gun (Huangfeng) (FA),0x599E50E5,1503547621,1,3347,0x80009007,0x0001133B,0x599E50E5
Mounted Ship Gun (Huangfeng) (FA) (AllCon002),0xEAB0852D,3937436973,1,4036,0x80009A21,0xFFFFFFFF,0xEAB0852D
Mounted Ship Gun (Huangfeng) (FB),0x8AB23DBC,2326937020,1,3351,0x8000900B,0x0001088D,0x8AB23DBC
Mounted Ship Gun (Huangfeng) (FB) (AllCon002),0x4E1C02CC,1310458572,1,4037,0x80009A22,0xFFFFFFFF,0x4E1C02CC
Mounted Ship Gun (Huangfeng) (FC),0x186F1983,409934211,1,3349,0x80009009,0x0000F75C,0x186F1983
Mounted Ship Gun (Huangfeng) (FD),0x98B92B3A,2562272058,1,3350,0x8000900A,0x00006646,0x98B92B3A
Mounted Ship Gun (Piranha) (JetExhaust),0xD9268BDF,3643182047,1,4927,0x8000A295,0x0000618C,0xD9268BDF
Mounted Ship Minigun (No model),0xDB079345,3674706757,1,3339,0x80008FFF,0x00013FE7,0xDB079345
Mounted SSM (Huangfeng FL),0x5959102A,1499009066,1,4163,0x80009BA0,0x000026F3,0x5959102A
Mounted SSM (Huangfeng FR),0x216999D4,560568788,1,4244,0x80009C8A,0x0000CF82,0x216999D4
Mounted SSM (Huangfeng RL),0x440319E6,1141053926,1,4162,0x80009B9F,0x00004F45,0x440319E6
Mounted SSM (Huangfeng RR),0xA4DEEBE8,2766072808,1,4161,0x80009B9E,0x000052B0,0xA4DEEBE8
Mounted Tank Gun (Artillery),0x4515E1EC,1159061996,1,4134,0x80009B32,0xFFFFFFFF,0x4515E1EC
Mounted Tank Gun (Cannister),0x59B859C1,1505253825,1,5014,0x8000A3C2,0x0000C4D9,0x59B859C1
Mounted Tank Gun (Default),0x32057B9F,839220127,1,698,0x80005FB5,0x00005FC4,0x32057B9F
Mounted Tank Gun (Sabot),0xD2F93EBB,3539549883,1,4135,0x80009B33,0x00007BCF,0xD2F93EBB
Mounted Tank Gun (Weak),0x91FE83D0,2449376208,1,4133,0x80009B31,0x0000ED06,0x91FE83D0
Mounted TOW Missile,0x2E092CD1,772353233,0,1088,0x80006A35,0x000015A8,0x2E092CD1
Mounted TOW Missile (1) (hp_barreltip_hellfire_A),0x1EFACDA6,519753126,0,2592,0x800085E6,0x00004251,0x1EFACDA6
Mounted TOW Missile (1) (hp_barreltip_hellfire_B),0x5A2414EB,1512314091,0,2593,0x800085E7,0x0000A3F5,0x5A2414EB
Mounted TOW Missile (1) (hp_barreltip_hellfire_C),0xCC673924,3429316900,0,2594,0x800085E8,0x0000EDCA,0xCC673924
Mounted TOW Missile (1) (hp_barreltip_hellfire_D),0x078C9A89,126655113,0,2595,0x800085E9,0x00011A3B,0x078C9A89
Mounted TOW Missile (1) (no model),0x59CA8EC2,1506447042,0,4873,0x8000A256,0x000001DB,0x59CA8EC2
Mounted TOW Missile (2) (hp_barrel_tip_a),0x12477118,306671896,0,4936,0x8000A2A2,0x0000C991,0x12477118
Mounted TOW Missile (2) (hp_barrel_tip_b),0x81F96051,2180603985,0,4937,0x8000A2A3,0x0000D578,0x81F96051
Mounted TOW Missile (2) (hp_barreltip_c),0xB599A693,3046745747,0,4938,0x8000A2A4,0x00000D75,0xB599A693
Mounted TOW Missile (4) (hp_barreltip_a),0xA2ECBCB7,2733423799,0,4888,0x8000A266,0x00000E1E,0xA2ECBCB7
Mounted TOW Missile (4) (no model),0xE74AE3BB,3880444859,0,4698,0x8000A001,0xFFFFFFFF,0xE74AE3BB
Mounted TOW Missile (no model),0xFF4EC498,4283352216,0,2870,0x80008917,0x0000396F,0xFF4EC498
Mounted WZ10 Cannon,0xCEF89994,3472398740,0,4111,0x80009B1A,0x00000599,0xCEF89994
Mounted ZU23 Gun A,0x25A78994,631736724,0,2508,0x8000853E,0x00006104,0x25A78994
Mounted ZU23 Gun B,0xFFA50F2B,4289007403,0,2509,0x8000853F,0x0000DB74,0xFFA50F2B
MountedM60 MG,0x709B8A92,1889241746,0,49,0x80004632,0x00007834,0x709B8A92
mr_boss_test,0xE96E444B,3916317771,0,2912,0x80008946,0x0000C66D,0xE96E444B
mr_boss_test2,0xD9A92C6B,3651742827,0,3073,0x80008B9C,0xFFFFFFFF,0xD9A92C6B
MR_rd_10_1,0x4F81F793,1333917587,0,2903,0x80008939,0xFFFFFFFF,0x4F81F793
MR_rd_10_2,0x758471FC,1971614204,0,3074,0x80008B9E,0x0000ADDB,0x758471FC
MR_rd_20_1,0xCBF63B36,3421911862,0,2902,0x80008938,0xFFFFFFFF,0xCBF63B36
mreeves,0xD4D44884,3570681988,0,529,0x80005B87,0x00002244,0xD4D44884
MTV (base),0xC0D414DC,3235124444,0,3470,0x800092CC,0xFFFFFFFF,0xC0D414DC
MTV (Cargo),0xDE067C2D,3724966957,0,3471,0x800092CD,0x00013EC0,0xDE067C2D
MTV (Cargo) (Driver),0x142EB3B8,338604984,0,3495,0x8000931B,0x0000C370,0x142EB3B8
MTV (Cargo) (Full),0x73BDBE3F,1941814847,0,3498,0x8000931E,0x00004881,0x73BDBE3F
MTV (Expandible Van),0xB7495554,3075036500,0,3475,0x800092D1,0x000084AA,0xB7495554
MTV (Expandible Van) (Driver),0x5ECC34B3,1590441139,0,3496,0x8000931C,0x0000D774,0x5ECC34B3
MTV (Expandible Van) (Full),0xD61300E0,3591569632,0,3499,0x8000931F,0x0001339D,0xD61300E0
MTV (Fuel),0xDB734B8D,3681766285,0,3472,0x800092CE,0xFFFFFFFF,0xDB734B8D
MTV (Fuel) (Driver),0x770C9A98,1997314712,0,3497,0x8000931D,0x00010221,0x770C9A98
MTV (Fuel) (Full),0x694EB79F,1766766495,0,3500,0x80009320,0x000138AB,0x694EB79F
MTV (semi),0xA3D40E0B,2748583435,0,4013,0x800099A3,0x00005CAE,0xA3D40E0B
MTV (semi) (Driver),0xAECCD2A6,2932658854,0,3085,0x80008BA9,0x0000C188,0xAECCD2A6
MTV_Driver,0x6B984FB9,1805143993,0,5076,0x8000A40A,0x0000CC37,0x6B984FB9
MTVExpandibleVan_Driver,0x43570A2C,1129777708,0,5388,0x8000A97C,0x0000880E,0x43570A2C
Munitions (Artillery Ch),0x048E9847,76453959,0,5877,0x8000B019,0xFFFFFFFF,0x048E9847
Munitions (Artillery Gr),0x8596C18D,2241249677,0,5876,0x8000B018,0x00013E3C,0x8596C18D
Munitions (Artillery Laptop),0x4C7050FC,1282429180,0,5796,0x8000AEFD,0xFFFFFFFF,0x4C7050FC
Munitions (Artillery VZ),0x331E75EC,857634284,0,5872,0x8000B014,0x00008E1D,0x331E75EC
Munitions (Artillery),0x65BFA29A,1707057818,0,2442,0x80008471,0x000095E0,0x65BFA29A
Munitions (Bombing Run Al),0xFAEE8B68,4209937256,0,5886,0x8000B022,0x00010708,0xFAEE8B68
Munitions (Bombing Run Ch),0xDA9C40F6,3667673334,0,5878,0x8000B01A,0x00000AF1,0xDA9C40F6
Munitions (Bombing Run OC),0x8A4F9C3F,2320473151,0,5894,0x8000B02A,0x0000DF71,0x8A4F9C3F
Munitions (Bombing Run VZ),0x848DCD31,2223885617,0,5873,0x8000B015,0x00009FDE,0x848DCD31
Munitions (Bombing Run),0xE9B43425,3920901157,0,3142,0x80008E28,0xFFFFFFFF,0xE9B43425
Munitions (Bunker Buster Al),0xFBA255D9,4221720025,0,5887,0x8000B023,0x000024FE,0xFBA255D9
Munitions (Bunker Buster),0xF38C2502,4086048002,0,2432,0x80008465,0x00002D20,0xF38C2502
Munitions (Carpet Bomb),0x3724C6AD,925157037,0,3150,0x80008E30,0x00006186,0x3724C6AD
Munitions (Cluster Bomb OC),0x6904D454,1761924180,0,5895,0x8000B02B,0x0000E50E,0x6904D454
Munitions (Cluster Bomb VZ),0x446E9D12,1148099858,0,5874,0x8000B016,0x0000F714,0x446E9D12
Munitions (Cluster Bomb),0x768E6A44,1989044804,0,3143,0x80008E29,0xFFFFFFFF,0x768E6A44
Munitions (Combat Air Patrol Al),0x4DBD93DD,1304269789,0,5888,0x8000B024,0x0000244B,0x4DBD93DD
Munitions (Combat Air Patrol Ch),0x77F9645B,2012832859,0,5879,0x8000B01B,0x00006572,0x77F9645B
Munitions (Combat Air Patrol),0x47590DD6,1197018582,0,2433,0x80008468,0xFFFFFFFF,0x47590DD6
Munitions (Cruise Missile),0x2B8222D5,729948885,0,3151,0x80008E31,0x0000C8F6,0x2B8222D5
Munitions (Daisy Cutter Al),0x456B6262,1164665442,0,5889,0x8000B025,0x00003BFE,0x456B6262
Munitions (Daisy Cutter),0x7D29FEE3,2099904227,0,3144,0x80008E2A,0x00007D03,0x7D29FEE3
Munitions (Fuel-Air Bomb Ch),0x839F8C84,2208271492,0,5880,0x8000B01C,0x000076A6,0x839F8C84
Munitions (Fuel-Air Bomb),0xC55F371B,3311351579,0,3145,0x80008E2B,0x00008828,0xC55F371B
Munitions (HARM),0x8977BD24,2306325796,0,3153,0x80008E33,0x00006FFB,0x8977BD24
Munitions (Laptop),0x5DFA6876,1576691830,0,5043,0x8000A3E0,0x000091B2,0x5DFA6876
Munitions (Laser Guided Bomb Al),0xA4056FFE,2751819774,0,5890,0x8000B026,0x000051DB,0xA4056FFE
Munitions (Laser Guided Bomb Ch),0x47323650,1194473040,0,5881,0x8000B01D,0x0000924F,0x47323650
Munitions (Laser Guided Bomb),0xA1FEDF6F,2717835119,0,2434,0x80008469,0xFFFFFFFF,0xA1FEDF6F
Munitions (MOAB),0xCF23B9A5,3475224997,0,3146,0x80008E2C,0x0000A695,0xCF23B9A5
Munitions (Rocket Artillery Ch),0xBF0E49A1,3205384609,0,5883,0x8000B01F,0x00003C43,0xBF0E49A1
Munitions (Rocket Artillery),0x98EA2ECC,2565484236,0,3147,0x80008E2D,0x00009E80,0x98EA2ECC
Munitions (Smart Bomb),0x67D0E315,1741742869,0,3154,0x80008E34,0x0001059D,0x67D0E315
Munitions (Strategic Missile),0x3BCF38A2,1003436194,0,3152,0x80008E32,0x000013E6,0x3BCF38A2
Munitions (Surgical Strike Al),0x62C3BD57,1656995159,0,5891,0x8000B027,0x000069B1,0x62C3BD57
Munitions (Surgical Strike Ch),0xC8602D19,3361746201,0,5884,0x8000B020,0x00001CAE,0xC8602D19
Munitions (Surgical Strike),0xB4F78D44,3036122436,0,3148,0x80008E2E,0x00001FBC,0xB4F78D44
Munitions (Tank Buster Al),0xC17825EC,3245876716,1,5892,0x8000B028,0x00008430,0xC17825EC
Munitions (Tank Buster Ch),0xA80BDD22,2819349794,1,5885,0x8000B021,0x0000D859,0xA80BDD22
Munitions (Tank Buster VZ),0x5B3B80D5,1530626261,1,5875,0x8000B017,0x0001103F,0x5B3B80D5
Munitions (Tank Buster),0x57EBF5C9,1475081673,1,3149,0x80008E2F,0x000074C7,0x57EBF5C9
Munitions Spawner (Al Passcodes),0x81BF38EA,2176792810,0,3190,0x80008E66,0xFFFFFFFF,0x81BF38EA
Munitions Spawner (Al),0x21104E27,554716711,0,3186,0x80008E62,0xFFFFFFFF,0x21104E27
Munitions Spawner (Ch),0x86ACBDE9,2259467753,0,3187,0x80008E63,0xFFFFFFFF,0x86ACBDE9
Munitions Spawner (Default),0xBDC66D51,3183897937,0,2436,0x8000846B,0x0000868B,0xBDC66D51
Munitions Spawner (Gr),0x4CBD7F53,1287487315,0,3188,0x80008E64,0x000034DA,0x4CBD7F53
Munitions Spawner (OC),0xA5980AE4,2778204900,0,5896,0x8000B02C,0x00013EAF,0xA5980AE4
Munitions Spawner (VZ),0x5DAB2762,1571497826,0,3189,0x80008E65,0x0000E169,0x5DAB2762
Munitions Spawnlist (Al Passcodes),0x917C7A09,2440854025,0,3185,0x80008E61,0x0000F6A1,0x917C7A09
Munitions Spawnlist (Al),0xBED90AC0,3201895104,0,3183,0x80008E5F,0x00001792,0xBED90AC0
Munitions Spawnlist (Ch),0x21613C2E,560020526,0,3182,0x80008E5E,0xFFFFFFFF,0x21613C2E
Munitions Spawnlist (Gr),0x36548AB8,911510200,0,3184,0x80008E60,0xFFFFFFFF,0x36548AB8
Munitions Spawnlist (OC),0x09B182B7,162628279,0,5893,0x8000B029,0x000091DD,0x09B182B7
Munitions Spawnlist (Test),0x7FE13D29,2145467689,0,2435,0x8000846A,0x0000567B,0x7FE13D29
Munitions Spawnlist (VZ),0x8828FF69,2284388201,0,3180,0x80008E5C,0xFFFFFFFF,0x8828FF69
Muzzle Flash (RR),0x7EAC3B61,2125216609,0,5826,0x8000AF85,0x00011114,0x7EAC3B61
New Template 0x80008a02,0x4E62D16C,1315098988,0,2973,0x80008A02,0x0000FD92,0x4E62D16C
New Template 0x80008a09,0xC84C382B,3360438315,0,2980,0x80008A09,0xFFFFFFFF,0xC84C382B
New Template 0x800097ff,0xB8307A83,3090184835,0,3845,0x800097FF,0xFFFFFFFF,0xB8307A83
New Template 0x8000b01e,0xF06FFCAF,4033871023,0,5882,0x8000B01E,0x0000308F,0xF06FFCAF
New Terrain,0xC221E8F2,3257002226,0,1032,0x80006911,0x000096EB,0xC221E8F2
New Terrain (Large),0x479273EC,1200780268,0,1765,0x800075D7,0x000082AD,0x479273EC
New Terrain (medium),0xA40E7C64,2752412772,0,1065,0x80006935,0x0000D08F,0xA40E7C64
New Terrain (Small),0x7B8D4CA4,2072857764,0,780,0x80006226,0x0000D330,0x7B8D4CA4
NGLV,0xAEE02F3A,2933927738,0,3052,0x80008B85,0x00013F32,0xAEE02F3A
NGLV (GL),0xD2EA92D0,3538588368,0,3056,0x80008B89,0x0000C61B,0xD2EA92D0
NGLV (GL) (Driver),0x4E0AF86F,1309341807,0,3058,0x80008B8B,0x0000EDA5,0x4E0AF86F
NGLV (GL) (DriverGunner),0x27A05248,664818248,0,3060,0x80008B8D,0x00001075,0x27A05248
NGLV (GL) (Full),0x782AE2A4,2016076452,0,3064,0x80008B91,0x0000A860,0x782AE2A4
NGLV (MG),0xDBDEC16F,3688808815,0,3053,0x80008B86,0x0001189D,0xDBDEC16F
NGLV (MG) (Driver),0x909DD79A,2426263450,0,3057,0x80008B8A,0x00010BB8,0x909DD79A
NGLV (MG) (DriverGunner),0x69264E99,1764118169,0,3059,0x80008B8C,0x000136ED,0x69264E99
NGLV (MG) (Full),0x48E47D59,1222933849,0,3063,0x80008B90,0x0000A64A,0x48E47D59
NGLV_Driver,0x2EB0A1EB,783327723,0,5065,0x8000A3FE,0xFFFFFFFF,0x2EB0A1EB
Night Vision Elite,0xCF703D6A,3480239466,0,2293,0x800082B7,0x000002B8,0xCF703D6A
NM SS,0xC353AD20,3277040928,0,2904,0x8000893B,0x00003E8E,0xC353AD20
Nuclear Bunker Buster Projectile,0x4BBAE398,1270539160,0,4875,0x8000A258,0x00013D73,0x4BBAE398
OC,0xE947B797,3913791383,0,490,0x800056C5,0x000084F2,0xE947B797
OC Board Member,0x164999FF,373922303,0,2311,0x800082CA,0xFFFFFFFF,0x164999FF
OC Boss,0x5885B432,1485157426,0,820,0x80006323,0x00010948,0x5885B432
OC Boss (phone),0xBD427E13,3175251475,0,816,0x80006254,0x0000F19C,0xBD427E13
OC Boss Phone,0x4FF6C2FE,1341571838,0,1943,0x80007E8F,0x00000DE8,0x4FF6C2FE
OC Defender (AA),0xE6653D0B,3865394443,0,5041,0x8000A3DE,0xFFFFFFFF,0xE6653D0B
OC Defender (AT),0x5412C040,1410515008,0,5024,0x8000A3CD,0xFFFFFFFF,0x5412C040
OC Defender (AT) (Window Spawner),0x5D885C09,1569217545,0,3007,0x80008A27,0x00013EC9,0x5D885C09
OC Defender (MG),0xA8573F8D,2824290189,0,5025,0x8000A3CE,0x0000B6A5,0xA8573F8D
OC Defender (Rifle),0x5F9983AF,1603896239,0,5023,0x8000A3CC,0xFFFFFFFF,0x5F9983AF
OC Defender (Sniper),0x02CC7BAE,46955438,0,5026,0x8000A3CF,0x0000EACD,0x02CC7BAE
OC Elite,0x3225BF3A,841334586,0,990,0x8000687B,0x00011632,0x3225BF3A
OC Exec Box,0x997A0FF5,2574913525,0,2673,0x80008679,0x0000B894,0x997A0FF5
OC Executive,0xE0428861,3762456673,0,1327,0x80006E50,0x00011372,0xE0428861
OC Executive (Armed),0x8962059B,2304902555,0,2542,0x8000856B,0xFFFFFFFF,0x8962059B
OC Executive (Box),0x31A786AD,833062573,0,2672,0x80008678,0x00003668,0x31A786AD
OC Executive (Crying),0xD3817D3E,3548478782,0,1945,0x80007E91,0x000054EB,0xD3817D3E
OC Executive (Female),0xDDAF8A12,3719268882,0,1328,0x80006E51,0x0000B6EB,0xDDAF8A12
OC Executive (OilCon002_Hostage),0xA25CDC6C,2723994732,0,5915,0x8000B0CD,0xFFFFFFFF,0xA25CDC6C
OC Executive (Phone),0x8B29C584,2334770564,0,1938,0x80007E02,0x0000DFAD,0x8B29C584
OC Executive (Shredder),0x76B9F9CF,1991899599,0,1944,0x80007E90,0x00004825,0x76B9F9CF
OC Firefighter,0xF63D05CC,4131194316,0,2315,0x800082CF,0xFFFFFFFF,0xF63D05CC
OC Heavy (Grenade Launcher),0x4A53C685,1247004293,0,1346,0x80006EBB,0x000051DD,0x4A53C685
OC Heavy (Light MG),0x15348807,355764231,0,989,0x80006879,0x0000B973,0x15348807
OC Heavy (RPG),0x35DF2250,903815760,0,1103,0x80006AD9,0x00009B43,0x35DF2250
OC Lifestyle Starter,0x77547833,2002024499,0,2165,0x800081BF,0xFFFFFFFF,0x77547833
OC Officer,0xA68AA209,2794103305,0,1326,0x80006E4D,0x000011E8,0xA68AA209
OC Pilot,0x42552FF1,1112879089,0,2314,0x800082CE,0xFFFFFFFF,0x42552FF1
OC Prisoner,0x0F073CB1,252132529,0,2368,0x80008323,0x00007372,0x0F073CB1
OC Sniper,0x07E46DF4,132410868,0,1347,0x80006EBC,0x00007ED3,0x07E46DF4
OC Soldier,0x07B00AAD,128977581,0,514,0x800056E4,0xFFFFFFFF,0x07B00AAD
OC Soldier (Bench Press),0xBB217A61,3139533409,0,2532,0x8000855E,0xFFFFFFFF,0xBB217A61
OC Soldier (God),0xEDD00DA2,3989835170,0,5839,0x8000AF94,0x00004EA6,0xEDD00DA2
OC Soldier (Saunter),0x8E0FD15E,2383401310,0,1937,0x80007E01,0x0000B684,0x8E0FD15E
OC Starter 1,0x05323547,87176519,0,2331,0x800082E2,0x00013845,0x05323547
OC Starter 2,0xDB3431C0,3677630912,0,2332,0x800082E3,0x0000601D,0xDB3431C0
OC Starter 3,0x0536B275,87470709,0,2333,0x800082E4,0xFFFFFFFF,0x0536B275
OC Starter 4,0xFB255996,4213528982,0,2334,0x800082E5,0x00000593,0xFB255996
OC Starters,0x10120EDD,269618909,0,2164,0x800081BE,0xFFFFFFFF,0x10120EDD
OC Tank Commander,0xD0F85B6F,3505937263,1,2313,0x800082CD,0xFFFFFFFF,0xD0F85B6F
OC Worker,0x2D571F27,760684327,0,2312,0x800082CC,0x0000F3EC,0x2D571F27
OCDepotWarehouseSpawner,0x2D530F48,760418120,0,5149,0x8000A487,0xFFFFFFFF,0x2D530F48
OCHQ Paper,0xAA9D345C,2862429276,0,2291,0x8000824F,0x0000D29E,0xAA9D345C
OCHQSpawnList,0x6C57EA0B,1817700875,0,1507,0x80007042,0xFFFFFFFF,0x6C57EA0B
OCHQVehicleSpawnList,0xCC4C5D33,3427556659,0,1934,0x80007DF7,0x000084CF,0xCC4C5D33
OCMercSpawnList,0x134119C9,323033545,0,1940,0x80007E06,0x00009054,0x134119C9
OCPedTraffic,0x3A988AAD,983075501,0,2082,0x80008153,0xFFFFFFFF,0x3A988AAD
OCVehTraffic,0xAFD1C1E3,2949759459,0,2083,0x80008154,0x0000AE58,0xAFD1C1E3
Offroad Motorcycle (AI ONLY),0xF6B714A8,4139193512,1,5106,0x8000A44D,0xFFFFFFFF,0xF6B714A8
Offroad Motorcycle (AL),0xA52A5783,2771015555,1,824,0x8000637F,0xFFFFFFFF,0xA52A5783
Offroad Motorcycle (AL) (Driver),0x3975175E,963975006,1,830,0x80006385,0xFFFFFFFF,0x3975175E
Offroad Motorcycle (GR),0xFE3B86CF,4265313999,1,825,0x80006380,0xFFFFFFFF,0xFE3B86CF
Offroad Motorcycle (GR) (Driver),0x82F76DFA,2197253626,1,828,0x80006383,0xFFFFFFFF,0x82F76DFA
OffroadMotorcycle_Driver,0x1E0A049E,503973022,1,5385,0x8000A979,0xFFFFFFFF,0x1E0A049E
Ofroad Motorcycle,0x1AE863DB,451437531,1,823,0x8000637E,0x0000B4E9,0x1AE863DB
Oil Tanker (OC),0x73554933,1934969139,1,3209,0x80008EFB,0xFFFFFFFF,0x73554933
OilCon020_Carbine,0x768BB7FE,1988868094,0,4029,0x80009A16,0x0001402A,0x768BB7FE
OilCon020_Carbine_b,0x2DEED175,770625909,0,4032,0x80009A1C,0x00013A64,0x2DEED175
OilDbSpawner,0xF10AD117,4044017943,0,2380,0x80008338,0x00006C4C,0xF10AD117
OilDbSpawner (Squad Full AT),0x9EC1D98A,2663504266,0,5665,0x8000ACA8,0xFFFFFFFF,0x9EC1D98A
OilDbSpawner (Squad Half AT),0xE672B662,3866277474,0,5666,0x8000ACA9,0x0000865D,0xE672B662
OilDbSpawner (Squad Quarter AT),0xA4607BBF,2757786559,0,5911,0x8000B03E,0xFFFFFFFF,0xA4607BBF
OilDbSpawner (Squad),0x5F97BBDC,1603779548,0,3016,0x80008A30,0xFFFFFFFF,0x5F97BBDC
OilHq_Interior,0x3FAAFEE5,1068170981,0,1914,0x80007A03,0x00006C5F,0x3FAAFEE5
oilrig,0x7ED017FB,2127566843,0,393,0x8000556E,0xFFFFFFFF,0x7ED017FB
oilrig buildings,0x8ED2A0D4,2396168404,0,395,0x80005570,0xFFFFFFFF,0x8ED2A0D4
oilrig_att_anchorlinegrillA,0x9D98438E,2644001678,0,726,0x800061E5,0x0000582B,0x9D98438E
oilrig_att_anchorlinespindleA,0x3C05E445,1007019077,0,403,0x80005579,0xFFFFFFFF,0x3C05E445
oilrig_att_BuildingDpipe,0x2CC316D6,750982870,0,773,0x8000621E,0x00012019,0x2CC316D6
oilrig_att_dockingrampA,0x7B5578A2,2069199010,0,399,0x80005575,0x000095D9,0x7B5578A2
oilrig_att_dockingrampB,0xFD5D010D,4250730765,0,754,0x80006206,0x0000C9F1,0xFD5D010D
oilrig_att_ductdisposalA,0x2C874C90,747064464,0,408,0x80005580,0xFFFFFFFF,0x2C874C90
oilrig_att_pipeblowout,0x8E4E954A,2387514698,0,740,0x800061F6,0xFFFFFFFF,0x8E4E954A
oilrig_att_towerdrillpipesA,0xF021B3A4,4028740516,0,770,0x8000621B,0x0000B63D,0xF021B3A4
oilrig_att_towerdrillpipesB,0x0A1F9DFB,169844219,0,771,0x8000621C,0x0000CD23,0x0A1F9DFB
oilrig_bld_buildingA,0xD23F52FC,3527365372,0,406,0x8000557C,0x000076E0,0xD23F52FC
oilrig_bld_buildingB,0xAC3CD893,2889668755,0,409,0x80005581,0x0000EB55,0xAC3CD893
oilrig_bld_buildingBB,0x3D7B1AD3,1031477971,0,404,0x8000557A,0xFFFFFFFF,0x3D7B1AD3
oilrig_bld_buildingC,0xCA3AC936,3392850230,0,400,0x80005576,0x0001112F,0xCA3AC936
oilrig_bld_buildingD,0xD44C2215,3561759253,0,396,0x80005571,0x00000D7C,0xD44C2215
oilrig_bld_helipadlargeA,0x4DDC8DF8,1306299896,1,398,0x80005573,0x00007586,0x4DDC8DF8
oilrig_catwalkA,0xC2EEF876,3270441078,0,725,0x800061E4,0x00007A74,0xC2EEF876
oilrig_catwalkB,0x44F680E1,1157005537,0,402,0x80005578,0xFFFFFFFF,0x44F680E1
oilrig_catwalkC,0xCAF3823C,3404956220,0,410,0x80005582,0x00004853,0xCAF3823C
oilrig_catwalkD,0x4CFB0AA7,1291520679,0,727,0x800061E6,0x0001177E,0x4CFB0AA7
oilrig_cranelargeA,0x16970F43,378998595,0,729,0x800061E9,0x00009877,0x16970F43
oilrig_cranesmallA,0x3925E07B,958783611,0,728,0x800061E8,0x00006604,0x3925E07B
oilrig_radiojammer,0x786ECF9F,2020528031,0,732,0x800061ED,0x0000D619,0x786ECF9F
oilrig_radiojammer_ruined,0xB96B4243,3110814275,0,5225,0x8000A694,0x00010D0A,0xB96B4243
oilrig_scaffold,0x68B59E68,1756733032,0,405,0x8000557B,0x0000081B,0x68B59E68
oilrig_simple,0x618526A4,1636116132,0,748,0x800061FF,0xFFFFFFFF,0x618526A4
oilrig_simple_ruined,0x9C06A4B2,2617681074,0,4137,0x80009B35,0x00004C6E,0x9C06A4B2
oilrig_smokestack,0x9A6F6587,2590991751,0,734,0x800061EF,0xFFFFFFFF,0x9A6F6587
oilrig_stairwellA,0xFA1394CE,4195587278,0,735,0x800061F0,0x0001213F,0xFA1394CE
oilrig_stairwellB,0x5C1AEAD9,1545267929,0,736,0x800061F1,0x00012195,0x5C1AEAD9
oilrig_stairwellC,0x02181E94,35135124,0,737,0x800061F2,0xFFFFFFFF,0x02181E94
oilrig_stairwellD,0x641F749F,1679783071,0,738,0x800061F3,0x0000BBB9,0x641F749F
oilrig_stairwellE,0x821D6542,2182964546,0,749,0x80006201,0xFFFFFFFF,0x821D6542
oilrig_stairwellF,0x0424EDAD,69529005,0,750,0x80006202,0xFFFFFFFF,0x0424EDAD
oilrig_stairwellG,0xDA226CF8,3659689208,0,751,0x80006203,0xFFFFFFFF,0xDA226CF8
oilrig_stairwellH,0xFC295E43,4230569539,0,731,0x800061EB,0x0000B499,0xFC295E43
oilrig_towerblowoutdiagonal,0x8566262E,2238064174,0,397,0x80005572,0x000026A5,0x8566262E
oilrig_towerblowoutlargeA,0xBD858E29,3179646505,0,739,0x800061F4,0x0000542F,0xBD858E29
oilrig_towerblowoutsmallA,0xE85D130D,3898413837,0,730,0x800061EA,0x00009D96,0xE85D130D
oilrig_towerdrill,0x299798D8,697800920,0,401,0x80005577,0x000121F3,0x299798D8
OilrigDebris,0x2E56EC4A,777448522,0,413,0x80005589,0x0000251E,0x2E56EC4A
OilrigDebrisLarge,0x6A3605FB,1781925371,0,756,0x8000620C,0xFFFFFFFF,0x6A3605FB
OilrigDebrisLong,0xA301CD08,2734804232,0,777,0x80006222,0x00009FFF,0xA301CD08
OilrigDebrisMedium,0xA53995D3,2772014547,0,759,0x8000620F,0x000014CD,0xA53995D3
OilrigDebrisMediumFloat,0x29DF5B4F,702503759,0,757,0x8000620D,0xFFFFFFFF,0x29DF5B4F
OilrigDebrisSmall,0xEFD97A93,4024007315,0,758,0x8000620E,0x000016DA,0xEFD97A93
OLD DO NOT USE gr_veh_tank_m551sheridan,0x22682C0C,577252364,1,1079,0x80006A1A,0xFFFFFFFF,0x22682C0C
Omen,0xCB516D9C,3411111324,0,835,0x80006390,0x0000E2FE,0xCB516D9C
Omen (Driver),0x53DF6F5B,1407151963,0,1764,0x800075D6,0x00002FA1,0x53DF6F5B
Omen (Full),0x39546958,961833304,0,3683,0x80009532,0xFFFFFFFF,0x39546958
Omen (Full) (OC),0x195C2497,425469079,0,4363,0x80009D37,0x00007C87,0x195C2497
Omen (OC) (DriverGunner),0xA6E1016D,2799763821,0,4030,0x80009A19,0xFFFFFFFF,0xA6E1016D
Opentop Trailer,0x6F4EE91B,1867442459,0,4011,0x800099A1,0xFFFFFFFF,0x6F4EE91B
OutskirtsTraffic,0x3ED61736,1054218038,0,1503,0x8000703A,0x000058CC,0x3ED61736
OutskirtTrafficZone,0x7582021D,1971454493,0,547,0x80005B9C,0x0000CFD7,0x7582021D
PalmTreeDebrisTemplate,0x53FE886A,1409189994,0,3698,0x8000954F,0xFFFFFFFF,0x53FE886A
Panel Damage (Car),0x18D60B8B,416680843,0,55,0x8000464C,0xFFFFFFFF,0x18D60B8B
Panhard,0x47924871,1200769137,0,4691,0x80009FF8,0x000109B0,0x47924871
Panhard (Assault),0x449BB52B,1151055147,0,2587,0x800085E0,0xFFFFFFFF,0x449BB52B
Panhard (base),0xD3D29EAF,3553795759,0,2545,0x800085AB,0x00007C07,0xD3D29EAF
Panhard_Driver,0xDBCF4D8A,3687796106,0,5114,0x8000A458,0xFFFFFFFF,0xDBCF4D8A
ParachuteA,0x61024957,1627539799,0,5500,0x8000AAB9,0xFFFFFFFF,0x61024957
Paradrop Location (AL),0xA34D87BB,2739767227,0,5010,0x8000A3BE,0xFFFFFFFF,0xA34D87BB
Paradrop Location (CH),0x2BEE94C5,737055941,0,5009,0x8000A3BD,0xFFFFFFFF,0x2BEE94C5
ParkedCarList,0x7901B2E0,2030154464,0,3098,0x80008BB6,0x00013D6D,0x7901B2E0
ParkingSpawner,0x361E6E2D,907963949,0,3097,0x80008BB5,0x0000C854,0x361E6E2D
PathSpawner1,0x107FF8ED,276822253,0,3099,0x80008BB7,0x0000AF64,0x107FF8ED
PathSpawner_AlliedHQ_PedList,0x5A4D3ABD,1515010749,0,5638,0x8000AC88,0x0000EF58,0x5A4D3ABD
PathSpawner_Boat_Amazon_Act1,0xEA6FF3F2,3933205490,1,5632,0x8000AC82,0x0000704F,0xEA6FF3F2
PathSpawner_Boat_Amazon_Act2,0x6C777C5D,1819769949,1,5939,0x8000B1E0,0x00012E10,0x6C777C5D
PathSpawner_Boat_Car_City_Act1_A,0xD326695A,3542509914,1,5182,0x8000A4AD,0x00005564,0xD326695A
PathSpawner_Boat_Car_City_Act1_B,0x352DBF65,892190565,1,5183,0x8000A4AE,0x00012400,0x352DBF65
PathSpawner_Boat_Car_City_Act1_C,0xCB2AD9F0,3408583152,1,5184,0x8000A4AF,0x000072E7,0xCB2AD9F0
PathSpawner_Boat_Car_City_Act2_Allied,0xD9C80A41,3653765697,1,5186,0x8000A4B1,0x0000191C,0xD9C80A41
PathSpawner_Boat_Car_City_Act2_China,0xDEF109A9,3740338601,1,5189,0x8000A4B4,0x00006367,0xDEF109A9
PathSpawner_Boat_Car_City_Act3_Allied,0x4F90EB72,1334897522,1,5614,0x8000AC6F,0xFFFFFFFF,0x4F90EB72
PathSpawner_Boat_Car_City_Act3_China,0x93E6C2C0,2481373888,1,5190,0x8000A4B5,0x000045FE,0x93E6C2C0
PathSpawner_Boat_Cumana_Act1_A,0xC234DE49,3258244681,1,5617,0x8000AC72,0xFFFFFFFF,0xC234DE49
PathSpawner_Boat_Cumana_Act1_B,0x202D237E,539829118,1,5618,0x8000AC73,0xFFFFFFFF,0x202D237E
PathSpawner_Boat_Cumana_Act1_C,0x422F979B,1110415259,1,5619,0x8000AC74,0x00013B2E,0x422F979B
PathSpawner_Boat_Cumana_Act2_China,0xB5651806,3043301382,1,5622,0x8000AC77,0xFFFFFFFF,0xB5651806
PathSpawner_Boat_JungleMtn_Act1,0xF7D0FF94,4157669268,1,5631,0x8000AC81,0x000084C0,0xF7D0FF94
PathSpawner_Boat_JungleMtn_Act2,0xD1CE852B,3519972651,1,5937,0x8000B1DE,0x0000531E,0xD1CE852B
PathSpawner_Boat_Mar_City_Act1_A,0x2C56E3D4,743891924,1,3101,0x80008BB9,0x00011850,0x2C56E3D4
PathSpawner_Boat_Mar_City_Act1_B,0x0654696B,106195307,1,5176,0x8000A4A7,0x000047F5,0x0654696B
PathSpawner_Boat_Mar_City_Act1_C,0x24525A0E,609376782,1,5177,0x8000A4A8,0x000064BC,0x24525A0E
PathSpawner_Boat_Mar_City_Act1_D,0x2E63B2ED,778285805,1,5178,0x8000A4A9,0x00010856,0x2E63B2ED
PathSpawner_Boat_Mar_City_Act2,0x82E10253,2195784275,1,5175,0x8000A4A6,0x00003F3E,0x82E10253
PathSpawner_Boat_Mar_City_Act3,0xA0DEF2F6,2698965750,1,5180,0x8000A4AB,0x00011C31,0xA0DEF2F6
PathSpawner_Boat_Merida_Act1,0x2783AD86,662941062,1,5624,0x8000AC79,0x0000EA37,0x2783AD86
PathSpawner_Boat_Merida_Act2,0xA98B35F1,2844472817,1,5628,0x8000AC7E,0x000040DC,0xA98B35F1
PathSpawner_Boat_OC_Depot_Act1,0x49FFA4B5,1241490613,1,5634,0x8000AC84,0x0000B662,0x49FFA4B5
PathSpawner_Boat_PirateIsles_Act1_A,0xD45B17A5,3562739621,1,5963,0x8000B2D8,0x0000CED9,0xD45B17A5
PathSpawner_ChiHQ_PedList,0x34E8DA10,887675408,0,5933,0x8000B1DA,0x0000D6A9,0x34E8DA10
PathSpawner_GurHQ_PedList,0x2E9E9CD8,782146776,0,5930,0x8000B1D4,0x0000FE2C,0x2E9E9CD8
PathSpawner_GurHQ_VehList,0x76FC6D8A,1996254602,1,5929,0x8000B1D3,0x00009543,0x76FC6D8A
PathSpawner_Heli_Car_City_Act1,0x502D8994,1345161620,1,5185,0x8000A4B0,0x000006A8,0x502D8994
PathSpawner_Heli_Car_City_Act2,0x2A2B0F2B,707465003,1,5187,0x8000A4B2,0x00003B69,0x2A2B0F2B
PathSpawner_Heli_Car_City_Act3_Allied,0x1B4FA27C,458203772,1,5615,0x8000AC70,0xFFFFFFFF,0x1B4FA27C
PathSpawner_Heli_Car_City_Act3_China,0x05CC2646,97265222,1,5616,0x8000AC71,0xFFFFFFFF,0x05CC2646
PathSpawner_Heli_Cumana_Act1_China,0xE03AF933,3761961267,1,5620,0x8000AC75,0xFFFFFFFF,0xE03AF933
PathSpawner_Heli_Cumana_Act2_China,0xF217B55C,4061640028,1,5621,0x8000AC76,0xFFFFFFFF,0xF217B55C
PathSpawner_Heli_JungleMtn_Act1,0xB17B15DE,2977633758,1,5630,0x8000AC80,0x0000B033,0xB17B15DE
PathSpawner_Heli_Mar_City_Act1,0xA0B53D36,2696232246,1,3103,0x80008BBB,0xFFFFFFFF,0xA0B53D36
PathSpawner_Heli_Mar_City_Act2,0x22BCC5A1,582796705,1,5179,0x8000A4AA,0x00012F2D,0x22BCC5A1
PathSpawner_Heli_Mar_City_Act3,0xA8B9C6FC,2830747388,1,5181,0x8000A4AC,0x00001B15,0xA8B9C6FC
PathSpawner_Heli_Merida_Act1,0x51B9C050,1371127888,1,5623,0x8000AC78,0x00007D69,0x51B9C050
PathSpawner_Heli_Merida_Act2,0x3BB75F17,1001873175,1,5625,0x8000AC7A,0xFFFFFFFF,0x3BB75F17
PathSpawner_OCHQ_Depot_PedList,0x50B01295,1353716373,0,5644,0x8000AC8F,0x0000D628,0x50B01295
PathSpawner_Pirate_Jetski,0x4D147C27,1293188135,0,5952,0x8000B1EE,0x00013A1E,0x4D147C27
PathSpawner_Pirate_VehList,0x8EC67A18,2395372056,1,5950,0x8000B1EC,0x0000F74A,0x8EC67A18
PathSpawner_PirateHQ_PedList,0x6B567E2B,1800830507,0,5645,0x8000AC92,0x0000FBE1,0x6B567E2B
PathSpawner_PMC001_Stairs01,0x4811DE86,1209130630,0,2539,0x80008566,0x00008ECC,0x4811DE86
PathSpawner_VZCon001_M151,0x351C54B5,891049141,1,5944,0x8000B1E6,0xFFFFFFFF,0x351C54B5
PathSpawner_VZCon001_PedList,0xF61AA94C,4128942412,0,5942,0x8000B1E4,0xFFFFFFFF,0xF61AA94C
PathSpawners,0xEFDBE59F,4024165791,0,3102,0x80008BBA,0xFFFFFFFF,0xEFDBE59F
Patrol Boat (base),0x74FC9169,1962709353,1,4687,0x80009FF3,0xFFFFFFFF,0x74FC9169
Patrol Boat (PMC),0x1D9FC746,497010502,1,2584,0x800085DD,0xFFFFFFFF,0x1D9FC746
Patrol Boat (PMC) (Driver),0x180E875D,403605341,1,4682,0x80009FED,0xFFFFFFFF,0x180E875D
Patrol Boat (VZ),0xBB5331F4,3142791668,1,2586,0x800085DF,0x00013F58,0xBB5331F4
Patrol Boat (VZ) (Driver),0x9D326D53,2637327699,1,4705,0x8000A00B,0x0000D6F5,0x9D326D53
Patrol Boat (VZ) (DriverGunners),0xD749939B,3611923355,1,5536,0x8000AB47,0x0001258F,0xD749939B
Patrol Boat (VZ) (Full),0x26BC0400,649856000,1,4713,0x8000A013,0xFFFFFFFF,0x26BC0400
Patrolboat_Driver,0x918E1442,2442007618,1,5087,0x8000A416,0x0000BCF3,0x918E1442
PatrolboatVZ_Driver,0x915322FE,2438144766,1,5102,0x8000A427,0xFFFFFFFF,0x915322FE
PatrolSpawner,0xD7D9C119,3621372185,0,3081,0x80008BA5,0xFFFFFFFF,0xD7D9C119
PD Soldier,0xD18E58CB,3515766987,0,34,0x80004384,0x000019E4,0xD18E58CB
PDA,0xFA62754E,4200756558,0,4049,0x80009AD9,0xFFFFFFFF,0xFA62754E
PedList_AllCon002_Traffic,0x94BDB230,2495459888,0,4366,0x80009D3D,0x00002E61,0x94BDB230
PedList_AlliedHQ_Paths,0xA9BB4F26,2847624998,0,5637,0x8000AC87,0x00009042,0xA9BB4F26
PedList_AllJob001,0x28D493F2,685020146,0,4367,0x80009D3E,0x0000C646,0x28D493F2
PedList_Amazon_Act1,0xAE54EA83,2924800643,0,4349,0x80009D21,0x0000DD1F,0xAE54EA83
PedList_Amazon_AllJob002_i_Act1,0xE634825C,3862200924,0,4351,0x80009D23,0x0000B34E,0xE634825C
PedList_Blank,0x2C5096CB,743478987,0,2393,0x80008387,0x000106D2,0x2C5096CB
PedList_Car_Big_Act1,0xBCFC6CE6,3170659558,0,4344,0x80009D1C,0x0000EBAF,0xBCFC6CE6
PedList_Car_City_Act1,0xE27F610F,3799998735,0,4336,0x80009D13,0x0000BF1D,0xE27F610F
PedList_Car_City_Act2ALL,0xF3F707B9,4093052857,0,5170,0x8000A49F,0x0000F2CE,0xF3F707B9
PedList_Car_City_Act2CHI,0x52E973E6,1391031270,0,5171,0x8000A4A0,0x00009047,0x52E973E6
PedList_Car_City_Act3ALL,0x36FED14A,922669386,0,4373,0x80009D49,0x0000D99F,0x36FED14A
PedList_Car_City_Act3CHI,0x7581CD7D,1971441021,0,4391,0x80009D5F,0x00001AEB,0x7581CD7D
PedList_Car_Dock_Act1,0x4C179CFF,1276615935,0,4337,0x80009D14,0x000124A0,0x4C179CFF
PedList_Car_Estate_Act1,0x5A8CF76C,1519187820,0,4333,0x80009D10,0x0000647F,0x5A8CF76C
PedList_Car_Shanty_Act1,0xAD11F307,2903634695,0,4331,0x80009D0E,0x00004957,0xAD11F307
PedList_ChiHQ_Paths,0x6E079873,1845991539,0,5931,0x8000B1D8,0xFFFFFFFF,0x6E079873
PedList_Cumana_act1ALL,0x5E724CE9,1584549097,0,5173,0x8000A4A2,0x000118F9,0x5E724CE9
PedList_Cumana_Act1CHI,0xBD64B916,3177494806,0,5174,0x8000A4A3,0xFFFFFFFF,0xBD64B916
PedList_Cumana_act2ALL,0x17B486D0,397706960,0,4376,0x80009D4C,0x00012A46,0x17B486D0
PedList_Cumana_act2CHI,0x19426E67,423784039,0,4377,0x80009D4D,0xFFFFFFFF,0x19426E67
PedList_Cumana_City_Act1,0xE591C396,3851535254,0,4357,0x80009D2A,0x000094B6,0xE591C396
PedList_Cumana_Outskirts_Act1,0x23D326B7,601040567,0,4355,0x80009D27,0x00012FE3,0x23D326B7
PedList_Guanare_Act1,0xAD750756,2910127958,0,4346,0x80009D1E,0x00013B88,0xAD750756
PedList_Guanare_Big_Act1,0x20BCB8BB,549238971,0,4347,0x80009D1F,0x00009CE4,0x20BCB8BB
PedList_GurHQ_Paths,0xDFDBF3CB,3755733963,0,3794,0x800097AF,0x0000E122,0xDFDBF3CB
PedList_JungleMtnA_Act1,0x00E37D92,14908818,0,4329,0x80009D0C,0x00000DCA,0x00E37D92
PedList_JungleMtnB_Act1,0x32B64927,850807079,0,4330,0x80009D0D,0x000047C0,0x32B64927
PedList_Mar_Altagracia_Act1,0x94F73793,2499229587,0,4321,0x80009D04,0x0000117D,0x94F73793
PedList_Mar_Altagracia_Act2,0xBAF9B1FC,3136926204,0,5166,0x8000A49B,0xFFFFFFFF,0xBAF9B1FC
PedList_Mar_Big_Act1,0xE0A7B124,3769086244,0,4339,0x80009D16,0x00007A3A,0xE0A7B124
PedList_Mar_City_Act1,0x950F6EE5,2500816613,0,4314,0x80009CFD,0xFFFFFFFF,0x950F6EE5
PedList_Mar_City_Act2,0x330818DA,856168666,0,2446,0x800084B2,0x0000E050,0x330818DA
PedList_Mar_City_Act3,0x150A2837,352987191,0,4370,0x80009D41,0x00011A41,0x150A2837
PedList_Mar_City_Act4,0x93029FCC,2466422732,0,4372,0x80009D44,0x00007B1D,0x93029FCC
PedList_Mar_Industrial_Act1,0xE2755041,3799339073,0,4323,0x80009D06,0x0000D24B,0xE2755041
PedList_Mar_Industrial_Act2,0x606DC7D6,1617807318,0,4383,0x80009D56,0x000104CD,0x606DC7D6
PedList_Mar_Industrial_Act3,0xC270A0B3,3262161075,0,4384,0x80009D57,0xFFFFFFFF,0xC270A0B3
PedList_Mar_Outskirt_Act1,0x6E384A11,1849182737,0,4319,0x80009D02,0x00005304,0x6E384A11
PedList_Mar_Village_Act1,0x1EA86682,514352770,0,4317,0x80009D00,0xFFFFFFFF,0x1EA86682
PedList_Margarita_Act1,0x983F54CB,2554287307,0,4364,0x80009D3B,0x00013F5E,0x983F54CB
PedList_Mer_Big_Act1,0xC137BD20,3241655584,0,4341,0x80009D18,0x00006315,0xC137BD20
PedList_Mer_City_Act1,0x22F441D9,586432985,0,2523,0x80008554,0xFFFFFFFF,0x22F441D9
PedList_Mer_City_Act2,0xC0ECEBCE,3236752334,0,4379,0x80009D50,0xFFFFFFFF,0xC0ECEBCE
PedList_Mer_City_Act3,0xA2EEFB2B,2733570859,0,4380,0x80009D51,0x00005BAF,0xA2EEFB2B
PedList_Mer_City_Act4,0xA0FBC3F8,2700854264,0,4381,0x80009D52,0x00000993,0xA0FBC3F8
PedList_Mer_Outskirt_Act1,0x3F8CEA6D,1066199661,0,4325,0x80009D08,0x00012CD2,0x3F8CEA6D
PedList_OilDepot_Paths,0xBA16CBA0,3122056096,0,4315,0x80009CFE,0x0000C76E,0xBA16CBA0
PedList_PirateHQ_Paths,0xA3DA8CA4,2749009060,0,5646,0x8000AC93,0x0001064C,0xA3DA8CA4
PedList_Protester,0xAD0D6299,2903335577,0,2406,0x800083F4,0x00012AD5,0xAD0D6299
PedList_VZCon001,0xB9445ADE,3108264670,0,5941,0x8000B1E2,0x000056F1,0xB9445ADE
PEP Rocket,0x642E5554,1680758100,0,5745,0x8000AD6A,0x00002F96,0x642E5554
PGZ95,0x76BE6D86,1992191366,1,1629,0x80007265,0xFFFFFFFF,0x76BE6D86
PGZ95 (base),0x2213B43A,571716666,1,1627,0x80007262,0x0000555F,0x2213B43A
PGZ95 (Driver),0x2157351D,559363357,1,1628,0x80007263,0x0000D125,0x2157351D
PGZ95 Command,0x19CCC8A1,432851105,1,1630,0x80007266,0x0000995C,0x19CCC8A1
PGZ95 Command (Driver),0x87E43EBC,2279882428,1,1631,0x80007267,0x0000069F,0x87E43EBC
Phoenix,0xA516ABB2,2769726386,0,645,0x80005C55,0x0000EBE9,0xA516ABB2
Phoenix (crappy),0xCA2E0D98,3392015768,0,2561,0x800085C1,0x00007A35,0xCA2E0D98
Phoenix (crappy) (Driver) (Civ Poor female),0x5B8D933C,1536004924,0,4415,0x80009DF9,0x0000DAC9,0x5B8D933C
Phoenix (crappy) (Driver) (Civ Poor male),0x9794874D,2543093581,0,4416,0x80009DFA,0x0000CB95,0x9794874D
Phoenix (Driver),0x40442DD9,1078210009,0,718,0x80006181,0xFFFFFFFF,0x40442DD9
Phoenix (Driver) (Civ Poor female),0xB76B085E,3077245022,0,4301,0x80009CC8,0xFFFFFFFF,0xB76B085E
Phoenix (Driver) (Civ Poor male),0xCCD52953,3436521811,0,4300,0x80009CC7,0xFFFFFFFF,0xCCD52953
Phoenix (racing),0x753E9DA1,1967037857,0,2568,0x800085CB,0xFFFFFFFF,0x753E9DA1
Phoenix (racing) (Driver),0x9CB16DBC,2628873660,0,4417,0x80009DFB,0x00005D0F,0x9CB16DBC
Phoenix (racing) (Driver) (Civ Motorcycle male),0x21FF7645,570390085,1,4418,0x80009DFC,0x0001003D,0x21FF7645
Phoenix_Driver,0x8B4A7993,2336913811,0,5073,0x8000A407,0x0000111A,0x8B4A7993
Phoenix_Driver (tight),0xF765B0B2,4150636722,0,5138,0x8000A47A,0x0000A986,0xF765B0B2
Phoenix_Ruin,0x9F2A637B,2670355323,0,1084,0x80006A2F,0x00005B84,0x9F2A637B
Phoenix_Ruin_Fire,0xE80D5226,3893187110,0,2023,0x800080C6,0x0000F536,0xE80D5226
PhoenixTestRoad20m,0x87040FE3,2265190371,0,551,0x80005BA5,0x00004F1A,0x87040FE3
Physics Crashable (car),0x677F3B2A,1736391466,0,4504,0x80009E61,0xFFFFFFFF,0x677F3B2A
Physics Crashable (tank),0x0C30201A,204480538,1,4506,0x80009E63,0xFFFFFFFF,0x0C30201A
Physics Crashable (truck),0xDC31BC5F,3694247007,1,4505,0x80009E62,0xFFFFFFFF,0xDC31BC5F
Pickup (Cash),0x5BF2AB21,1542630177,0,4903,0x8000A277,0x00001D17,0x5BF2AB21
PickupList1,0x07D0880E,131106830,0,41,0x8000450D,0x0000530C,0x07D0880E
piece_building2x2x2,0x8E32F426,2385703974,0,782,0x80006228,0xFFFFFFFF,0x8E32F426
Pirahna (GurCon003),0x2D1EEE58,757001816,0,4031,0x80009A1A,0xFFFFFFFF,0x2D1EEE58
Piranha,0x42C221BA,1120018874,1,1767,0x800075D9,0x00009639,0x42C221BA
Piranha (Driver),0xB4B4BCE1,3031743713,1,1768,0x800075DA,0xFFFFFFFF,0xB4B4BCE1
Piranha (DriverGunner),0xFB99B032,4221153330,1,5626,0x8000AC7B,0x0000C795,0xFB99B032
Piranha (Full),0x9CA00276,2627732086,1,3681,0x80009530,0x00008312,0x9CA00276
Piranha Jet Exhaust ammo,0x75E63C99,1978023065,1,3468,0x800092CA,0x00001838,0x75E63C99
Piranha_Driver,0xE4DF656B,3839845739,1,5389,0x8000A980,0x00004D15,0xE4DF656B
Pirate,0xC18215FE,3246527998,0,487,0x800056C2,0xFFFFFFFF,0xC18215FE
Pirate Officer,0x07E00634,132122164,0,1323,0x80006E4A,0xFFFFFFFF,0x07E00634
Pirate Officer (RPG),0xBA29E876,3123308662,0,2521,0x80008552,0xFFFFFFFF,0xBA29E876
Pirate Pilot,0x5E78D2CC,1584976588,0,2323,0x800082D8,0x000082CF,0x5E78D2CC
Pirate Prisoner,0x76A386FE,1990428414,0,2370,0x80008325,0x000082F2,0x76A386FE
Pirate Sailor,0xFCE48F72,4242837362,0,1322,0x80006E49,0x0000AF60,0xFCE48F72
Pirate Sailor (Drinker),0xD776EAD6,3614894806,0,3806,0x800097C4,0x0000A09F,0xD776EAD6
Pirate Starter 01,0x10855284,277172868,0,2321,0x800082D6,0xFFFFFFFF,0x10855284
Pirate Starter 02,0xAA82735B,2860675931,0,2322,0x800082D7,0xFFFFFFFF,0xAA82735B
Pirate Starter 03,0x887FFF3E,2290089790,0,2340,0x800082EC,0xFFFFFFFF,0x887FFF3E
Pirate Starter 04,0x9291581D,2458998813,0,2341,0x800082ED,0x00010EED,0x9291581D
Pirate Starter 05,0xA88F3C28,2827959336,0,1325,0x80006E4C,0xFFFFFFFF,0xA88F3C28
Pirate Thug,0x9DC036EA,2646619882,0,1321,0x80006E48,0x00013D68,0x9DC036EA
Pirate Thug (AA),0x91188C81,2434305153,0,2519,0x80008550,0x00013486,0x91188C81
Pirate Thug (Female AA),0x6B347CE1,1798601953,0,2520,0x80008551,0x0000EF11,0x6B347CE1
Pirate Thug (Female),0xD1FEF2C7,3523146439,0,1324,0x80006E4B,0xFFFFFFFF,0xD1FEF2C7
Pirate Thug (God),0x70CC53F9,1892439033,0,5842,0x8000AF97,0x0000AC17,0x70CC53F9
Pirate Thug (RPG),0x28CF4EB4,684674740,0,2518,0x8000854F,0x0000AB3B,0x28CF4EB4
Pirate Thug (Shotgun),0x136BD415,325833749,0,1366,0x80006ED2,0x00005A85,0x136BD415
Pirate Traffic,0xCA85ABA9,3397757865,0,1506,0x80007041,0x0000B83B,0xCA85ABA9
Pirate Worker,0x226333BC,576926652,0,2324,0x800082D9,0x00000AE5,0x226333BC
Pirate Worker (Cell Phone),0xA6B03989,2796566921,0,3817,0x800097D2,0xFFFFFFFF,0xA6B03989
PirDbSpawner,0x95E72680,2514953856,0,2383,0x8000833B,0x0001317B,0x95E72680
PirDbSpawner (Squad Full AT),0x23A81C25,598219813,0,5667,0x8000ACAA,0x0000358B,0x23A81C25
PirDbSpawner (Squad Half AT),0x98ED8089,2565701769,0,5668,0x8000ACAB,0x000073F9,0x98ED8089
PirDbSpawner (Squad Quarter AT),0x9653836A,2522055530,0,5912,0x8000B03F,0xFFFFFFFF,0x9653836A
PirDbSpawner (Squad),0xB1E30047,2984443975,0,3017,0x80008A31,0x00000F91,0xB1E30047
Pistol,0xD48C7D34,3565976884,0,1111,0x80006B45,0x0000EBC9,0xD48C7D34
Pistol (AL),0xF7D358AC,4157823148,0,4106,0x80009B15,0x0000EF88,0xF7D358AC
Pistol (CH),0xDE670FE2,3731296226,0,4104,0x80009B13,0xFFFFFFFF,0xDE670FE2
Pistol (GR),0x8C9B1E24,2358976036,0,4105,0x80009B14,0x00003089,0x8C9B1E24
Pistol (silver),0x4A02D924,1241700644,0,358,0x8000508E,0x0000B504,0x4A02D924
Pistol Bullet,0xA9F6A3BC,2851513276,0,1123,0x80006B51,0x0000B0E5,0xA9F6A3BC
Pistol Bullet (CH),0x819173EA,2173793258,0,4101,0x80009B10,0x00000AEB,0x819173EA
Pistol Bullet (GR),0x215A1B1C,559553308,0,4100,0x80009B0F,0xFFFFFFFF,0x215A1B1C
Pistol Bullet (OC),0x31472E5B,826748507,0,4102,0x80009B11,0x000076A2,0x31472E5B
placeable Building,0x8DC14572,2378253682,0,77,0x80004B30,0x000022A2,0x8DC14572
placeable Constrained,0x8850798A,2286975370,0,1472,0x80007017,0x00006A1F,0x8850798A
placeable Environment,0x0F3754C5,255284421,0,79,0x80004B32,0x000063BE,0x0F3754C5
placeable Fence,0xFF05D325,4278571813,0,6076,0x900001BC,0x0000E9D1,0xFF05D325
placeable Prop,0xE8CB9DED,3905658349,0,78,0x80004B31,0x000019ED,0xE8CB9DED
placeable Prop Destructible,0xF82EF36D,4163826541,0,6075,0x900001BB,0x00008C86,0xF82EF36D
placeable Static,0xE8137428,3893589032,0,141,0x80004CD8,0xFFFFFFFF,0xE8137428
placeable Static Destructible,0x88BDAEE2,2294132450,0,152,0x80004CE3,0x0000C7D4,0x88BDAEE2
placeable Wall,0xDFA3C5B6,3752052150,0,69,0x80004A17,0x00013CA1,0xDFA3C5B6
Planes (as Buildings),0xFFD23808,4291966984,0,1820,0x800076AB,0xFFFFFFFF,0xFFD23808
PLZ45,0x4515E6E4,1159063268,1,1632,0x80007268,0x0000054A,0x4515E6E4
PLZ45 (Driver),0x3AAE63C3,984507331,1,1670,0x8000749B,0xFFFFFFFF,0x3AAE63C3
PLZ45 (Full),0xF6B88FF0,4139290608,1,4728,0x8000A022,0x0000946A,0xF6B88FF0
pMc,0x30E4A26F,820290159,0,489,0x800056C4,0xFFFFFFFF,0x30E4A26F
PmcHq_Interior,0x1EEE05C1,518915521,0,2376,0x8000832C,0x0000D0B4,0x1EEE05C1
PmcSeat,0x78EBB784,2028713860,0,1916,0x80007A14,0x00010FA8,0x78EBB784
PointTraffic,0x3C55A4B8,1012245688,0,3080,0x80008BA4,0xFFFFFFFF,0x3C55A4B8
PointTraffic_AlliedHQ_AA,0x5775B480,1467331712,0,5635,0x8000AC85,0x00001F70,0x5775B480
PointTraffic_AlliedHQ_HMMWV,0x45833FC3,1166229443,0,5922,0x8000B1CC,0x0000B58E,0x45833FC3
PointTraffic_ChiHQ_AA,0x5FE4A4E3,1608819939,0,5936,0x8000B1DD,0xFFFFFFFF,0x5FE4A4E3
PointTraffic_ChiHQ_Soldiers,0x1E2C21E4,506208740,0,5932,0x8000B1D9,0x0000BD3F,0x1E2C21E4
PointTraffic_ChiHQ_Vehicles,0xB2CC6B46,2999741254,1,5934,0x8000B1DB,0xFFFFFFFF,0xB2CC6B46
PointTraffic_GurHQ_AA,0xB6CEC6BB,3067004603,0,5926,0x8000B1D0,0x00003CBA,0xB6CEC6BB
PointTraffic_GurHQ_Soldiers,0x53A2E42C,1403184172,0,5923,0x8000B1CD,0x0000C3B3,0x53A2E42C
PointTraffic_GurHQ_Vehicles,0xD1F25B0E,3522321166,1,5927,0x8000B1D1,0xFFFFFFFF,0xD1F25B0E
PointTraffic_OC_EXT,0xC63DB251,3325932113,0,5653,0x8000AC9B,0x00009172,0xC63DB251
PointTraffic_OC_GunTrucks,0x3ECEC776,1053738870,1,5656,0x8000AC9E,0x00005243,0x3ECEC776
PointTraffic_OC_Omen,0xEA0B050D,3926590733,0,5919,0x8000B1C9,0x00000EBE,0xEA0B050D
PointTraffic_OC_Soldiers,0x1BB1F43D,464647229,0,5920,0x8000B1CA,0x00001DC6,0x1BB1F43D
PointTraffic_OC_Stingray,0xC39AAE15,3281694229,1,5917,0x8000B1C7,0xFFFFFFFF,0xC39AAE15
PointTraffic_Pirate_T300DriverGunner,0xD5D0C497,3587228823,0,5953,0x8000B1EF,0xFFFFFFFF,0xD5D0C497
PointTraffic_PirateHQ_Cutter,0x72792695,1920542357,0,5649,0x8000AC96,0x000008AD,0x72792695
PointTraffic_PirateHQ_Jetski,0xBC5A7380,3160044416,0,5647,0x8000AC94,0x00001B05,0xBC5A7380
PointTraffic_PirateHQ_LandVehicle,0xCD67CB21,3446131489,0,5651,0x8000AC98,0x00012AC2,0xCD67CB21
PointTraffic_Pmc_Boats,0xD4783061,3564646497,1,5641,0x8000AC8C,0x00000C42,0xD4783061
PointTraffic_Roadblock_CHINGLV50Spawn,0xD6B41900,3602127104,0,5163,0x8000A498,0x000038DE,0xD6B41900
PointTraffic_Roadblock_GunTrucksOC,0xF1340AC9,4046719689,1,4992,0x8000A3A7,0x000018C8,0xF1340AC9
PointTraffic_Roadblock_Gur50JeepSpawn,0xA57EA2D9,2776539865,1,5164,0x8000A499,0x0000F399,0xA57EA2D9
PointTraffic_Roadblock_HMMVSpawn,0x5F997554,1603892564,0,5167,0x8000A49C,0x00000F20,0x5F997554
PointTraffic_Roadblock_VZ50jeepSpawn,0xDC5C7AB5,3697048245,1,5161,0x8000A495,0x00007DB3,0xDC5C7AB5
PointTraffic_VZCon001_Dirtbike,0xF770D59D,4151367069,0,5947,0x8000B1E9,0x00003D6E,0xF770D59D
PointTraffic_VZCon001_PBoat,0x3E6A6B05,1047161605,1,5946,0x8000B1E8,0x0000A49E,0x3E6A6B05
Police,0xC6FBA403,3338380291,0,33,0x80004383,0xFFFFFFFF,0xC6FBA403
Police (Gasmask),0xA9352497,2838832279,0,522,0x80005726,0x000087DE,0xA9352497
Police (Riot),0x02CC0CC2,46927042,0,521,0x80005725,0x00007EB4,0x02CC0CC2
Police car (Police driver),0xB40344EC,3020113132,0,986,0x80006875,0xFFFFFFFF,0xB40344EC
Police Cruiser,0xB6A5ED4A,3064327498,0,1187,0x80006C9E,0xFFFFFFFF,0xB6A5ED4A
Police Cruiser (Driver),0xAB6F8831,2876213297,0,1188,0x80006C9F,0x00013C7F,0xAB6F8831
police cruiser With Civ Driver,0x351B674A,890988362,0,719,0x80006182,0x0000B74B,0x351B674A
Police Helicopter,0xDC56A3AA,3696665514,1,1191,0x80006CA3,0x00007A62,0xDC56A3AA
Police Helicopter (Delivery),0x3FAD763F,1068332607,1,2219,0x800081F8,0x0000F34E,0x3FAD763F
Police Helicopter (Driver),0x03E72111,65478929,1,1192,0x80006CA4,0x00007B94,0x03E72111
Pony (base),0x14B85D27,347626791,0,2179,0x800081CF,0x0001337E,0x14B85D27
Pony (crappy),0x3957B519,962049305,0,2180,0x800081D0,0x00000C4E,0x3957B519
Pony (Crappy) (Driver),0xA1B054F4,2712687860,0,3083,0x80008BA7,0xFFFFFFFF,0xA1B054F4
Pony (crappy) (Driver) (Civ Poor female),0x3E6DC31B,1047380763,0,4281,0x80009CB4,0x000113D6,0x3E6DC31B
Pony (crappy) (Driver) (Civ Poor male),0x1AF7A1CA,452436426,0,4252,0x80009C97,0x00005FD0,0x1AF7A1CA
Pony (normal),0x89A24815,2309113877,0,2181,0x800081D1,0x00003FB4,0x89A24815
Pony (Normal) (black),0xD727254F,3609666895,0,5596,0x8000AC4B,0x00006134,0xD727254F
Pony (Normal) (blue),0xFD344F9A,4248063898,0,5597,0x8000AC4C,0x0000DBA0,0xFD344F9A
Pony (Normal) (Driver),0xE75BD9A0,3881556384,0,3084,0x80008BA8,0x00005F49,0xE75BD9A0
Pony (Normal) (Driver) (Civ Poor female),0x2E0C2837,772548663,0,4420,0x80009DFE,0xFFFFFFFF,0x2E0C2837
Pony (Normal) (Driver) (Civ Poor male),0x308AC676,814401142,0,4419,0x80009DFD,0x0001193C,0x308AC676
Pony (Normal) (green),0xDB96D9D7,3684096471,0,5601,0x8000AC50,0xFFFFFFFF,0xDB96D9D7
Pony (Normal) (lightblue),0x93EB015C,2481652060,0,5602,0x8000AC51,0xFFFFFFFF,0x93EB015C
Pony (Normal) (orange),0xA6C359DC,2797820380,0,5599,0x8000AC4E,0xFFFFFFFF,0xA6C359DC
Pony (Normal) (red),0xB9844A27,3112454695,0,5598,0x8000AC4D,0x00000BAA,0xB9844A27
Pony (Normal) (white),0xA3C23DFD,2747416061,0,5600,0x8000AC4F,0xFFFFFFFF,0xA3C23DFD
Pony_Driver,0xA0E58342,2699395906,0,5091,0x8000A41A,0x0000233A,0xA0E58342
PopulationRegions,0x9DB5BF57,2645933911,0,97,0x80004BFE,0xFFFFFFFF,0x9DB5BF57
PR buggy (Gunner RightFront),0xD4C38954,3569584468,1,5613,0x8000AC5D,0xFFFFFFFF,0xD4C38954
PR Cup,0xD236C9FF,3526806015,0,3807,0x800097C5,0x00004DBB,0xD236C9FF
PR Defender (AA),0xEA15496B,3927263595,0,5038,0x8000A3DB,0x00001B4F,0xEA15496B
PR Defender (AT),0xD68661A0,3599131040,0,5037,0x8000A3DA,0x0000D829,0xD68661A0
PR Defender (AT) (Window Spawner),0x2A580369,710411113,0,3009,0x80008A29,0x00001419,0x2A580369
PR Defender (MG),0x2C08156D,738727277,0,5039,0x8000A3DC,0x00012991,0x2C08156D
PR Defender (Rifle),0xFB7ED48F,4219393167,0,5036,0x8000A3D9,0x0000D35D,0xFB7ED48F
PR HQ Cell Phone,0x1A4F5240,441406016,0,3818,0x800097D3,0x00009DB4,0x1A4F5240
Practice LGB Projectile,0x041F899E,69175710,0,4881,0x8000A25F,0xFFFFFFFF,0x041F899E
Primary Equipment,0xDFCF027D,3754885757,0,705,0x80005FD0,0x0000A43D,0xDFCF027D
Programmer Test Template,0x89923DE7,2308062695,0,341,0x80004E2C,0xFFFFFFFF,0x89923DE7
ProgrammerBlueRoad10,0xE6BA19F8,3870956024,0,541,0x80005B95,0x000087B2,0xE6BA19F8
ProgrammerBlueRoad20,0x1AE507A9,451217321,0,545,0x80005B9A,0x00010CE5,0x1AE507A9
ProgrammerBlueZone,0xAEB500CF,2931097807,0,535,0x80005B8F,0xFFFFFFFF,0xAEB500CF
ProgrammerGreenRoad10,0x62C45ABB,1657035451,0,542,0x80005B96,0x0000C022,0x62C45ABB
ProgrammerGreenZone,0x02A13980,44120448,0,538,0x80005B92,0x000073A7,0x02A13980
ProgrammerRedHDTemplate,0x02F37108,49508616,0,544,0x80005B98,0x0000EE62,0x02F37108
ProgrammerRedRoad10,0xD81F2DDB,3625922011,0,540,0x80005B94,0x0000754D,0xD81F2DDB
ProgrammerRedRoad20,0x0F6B0116,258670870,0,543,0x80005B97,0x0000C445,0x0F6B0116
ProgrammerRedZone,0x4235BFA0,1110818720,0,536,0x80005B90,0xFFFFFFFF,0x4235BFA0
ProgrammerTest10Cross,0xED2056E2,3978319586,0,528,0x80005B86,0xFFFFFFFF,0xED2056E2
ProgrammerTestRoad10w,0xEF2A1E77,4012514935,0,527,0x80005B85,0x00004A38,0xEF2A1E77
ProgrammerTestRoad20c,0xCFA7AD64,3483872612,0,533,0x80005B8B,0x00004CA8,0xCFA7AD64
ProgrammerTestZone,0x590C0497,1493959831,0,526,0x80005B84,0xFFFFFFFF,0x590C0497
ProgrammerYellowRoad10,0x9D8FABBC,2643438524,0,539,0x80005B93,0x00002680,0x9D8FABBC
ProgrammerYellowZone,0x48A5E12B,1218830635,0,537,0x80005B91,0xFFFFFFFF,0x48A5E12B
Projectile,0xBD8C6F10,3180097296,0,23,0x80004372,0x00005542,0xBD8C6F10
prop_metal_lrg,0x30E6DADE,820435678,0,3946,0x8000986E,0x00009C5A,0x30E6DADE
prop_stone_lrg,0x8A394748,2319009608,0,4307,0x80009CCE,0xFFFFFFFF,0x8A394748
PropDestructTemplate,0x56C61F52,1455824722,0,6037,0x90000195,0x00010D23,0x56C61F52
PropTemplate,0x6A5C2678,1784424056,0,388,0x8000555B,0x0001393D,0x6A5C2678
PropTemplate_chandellier,0xFDF1F196,4260491670,0,4302,0x80009CC9,0x0000D5EF,0xFDF1F196
Protester (female),0x43DD69DC,1138584028,0,2137,0x800081A0,0xFFFFFFFF,0x43DD69DC
Protester (male),0x1EA64DED,514215405,0,2136,0x8000819F,0xFFFFFFFF,0x1EA64DED
Proximity Mine,0x0C1E83CD,203326413,0,1331,0x80006EA2,0x00007366,0x0C1E83CD
Proximity Mine (Planted),0xDF14909C,3742666908,0,1149,0x80006B6C,0x000046CA,0xDF14909C
Proximity Mine Projectile,0x8557688A,2237098122,0,1330,0x80006EA1,0x0000F718,0x8557688A
QuotaObject,0x15D0D35E,366007134,0,44,0x80004513,0x000067DD,0x15D0D35E
R90,0xCA5BBA82,3395009154,0,1792,0x800075F2,0xFFFFFFFF,0xCA5BBA82
R90 (Driver),0x3876D729,947312425,0,1794,0x800075F8,0x000098BE,0x3876D729
R90 (Driver) (Civ Business B Male),0x209227FB,546449403,0,4215,0x80009C6D,0x0000FF3D,0x209227FB
R90 (Driver) (Civ Business Female),0xE594BA20,3851729440,0,4216,0x80009C6E,0x000029EF,0xE594BA20
R90 (Driver) (Civ Business Male),0xDC9E9AD1,3701381841,0,4214,0x80009C6C,0x0000A606,0xDC9E9AD1
R90 (Driver) (Civ Rich Female),0x1F49A5F8,524920312,0,4225,0x80009C77,0xFFFFFFFF,0x1F49A5F8
R90 (Driver) (Civ Rich Male),0x258DEE29,630058537,0,4224,0x80009C76,0x000049E7,0x258DEE29
R90 (Driver) (OC),0x219BDAFC,563862268,0,1817,0x800076A8,0x0001154A,0x219BDAFC
R90 (Fling Left),0x4F977B9C,1335327644,0,5568,0x8000AB6B,0xFFFFFFFF,0x4F977B9C
R90 (Fling Right),0x8FD76CCF,2413259983,0,5546,0x8000AB53,0xFFFFFFFF,0x8FD76CCF
R90 Limo,0x50390CFF,1345916159,0,2610,0x800085F9,0xFFFFFFFF,0x50390CFF
R90 Taxi,0x1D022366,486679398,0,1793,0x800075F5,0xFFFFFFFF,0x1D022366
R90 Taxi (Driver),0x705A73FD,1884976125,0,1795,0x800075F9,0x00005CCE,0x705A73FD
R90 Taxi (Driver) (Civ Taxi Driver male),0xF93E8587,4181624199,0,4421,0x80009DFF,0x000109DA,0xF93E8587
R90_Driver,0xD19ED643,3516847683,0,5071,0x8000A404,0x0000F0CC,0xD19ED643
Real Physics Prop,0xFFE5624D,4293222989,0,3742,0x8000961C,0xFFFFFFFF,0xFFE5624D
Real Physics Prop Destructible,0x12C5BACD,314948301,0,3738,0x80009618,0x00008E75,0x12C5BACD
Recruit Eva Navarro,0x262B9048,640389192,0,2278,0x80008242,0xFFFFFFFF,0x262B9048
Recruit Ewen Garret,0x9C5DD2A9,2623394473,0,2276,0x80008240,0x00009373,0x9C5DD2A9
Recruit Ewen Garret (Invincible),0x5C54C46B,1549059179,0,5751,0x8000ADA1,0x0000EC38,0x5C54C46B
Recruit Misha Milanich,0xD777E8A2,3614959778,0,2277,0x80008241,0x0000F7BC,0xD777E8A2
RIB36,0xDB1BF61F,3676042783,0,834,0x8000638F,0x00002C3B,0xDB1BF61F
RIB36 (DEPRECIATED),0x1E169152,504795474,0,355,0x80004F3D,0x0000A240,0x1E169152
RIB36 (VZ Driver),0x4FAAE964,1336600932,0,1024,0x800068AA,0x00003BD0,0x4FAAE964
RIB36_Driver,0x7ADD14AC,2061309100,0,5088,0x8000A417,0x0000CCC6,0x7ADD14AC
Ridgeline,0x4C5D7A00,1281194496,0,2560,0x800085C0,0xFFFFFFFF,0x4C5D7A00
Ridgeline (Driver),0xF044DC1F,4031044639,0,4294,0x80009CC1,0x00011B55,0xF044DC1F
Ridgeline (Driver) (Civ Poor female),0xA10E5854,2702071892,0,4296,0x80009CC3,0x000127CD,0xA10E5854
Ridgeline (Driver) (Civ Poor male),0x29012425,687940645,0,4295,0x80009CC2,0x0000D07B,0x29012425
Ridgeline_Driver,0x32561F7D,844504957,0,5090,0x8000A419,0x00001D9C,0x32561F7D
rifle,0xD0459A41,3494222401,0,472,0x800056AC,0x0001401E,0xD0459A41
Riot Gun,0x2531D295,624022165,0,1349,0x80006EBE,0x0000E90A,0x2531D295
Riot Gun Projectile,0x3C45B6A2,1011201698,0,2413,0x8000844D,0x000097BF,0x3C45B6A2
Road,0xEA0F3AA3,3926866595,0,45,0x80004514,0x00012506,0xEA0F3AA3
Rocket,0x5434C7ED,1412745197,0,5207,0x8000A5EF,0x000020FD,0x5434C7ED
Rocket Artillery Projectile,0x908FB818,2425337880,0,3168,0x80008E43,0xFFFFFFFF,0x908FB818
Rocks01,0xB8822B30,3095538480,0,621,0x80005C2F,0x0000D191,0xB8822B30
RPG,0x60437246,1615032902,0,27,0x8000437B,0x00009800,0x60437246
RPG (Window Spawner),0xC507000B,3305570315,0,5669,0x8000ACAC,0x0001077A,0xC507000B
RPG Rocket,0xEFEB3916,4025170198,0,24,0x80004373,0x00008515,0xEFEB3916
rpglauncher,0xEB8404E6,3951297766,0,471,0x800056AB,0x0000FB13,0xEB8404E6
RTR,0xCFCAA9FB,3486165499,0,647,0x80005C61,0xFFFFFFFF,0xCFCAA9FB
RTR (Civ),0x23322390,590488464,0,1196,0x80006CA8,0xFFFFFFFF,0x23322390
RTR (Civ) (black),0x72D8A062,1926799458,0,5585,0x8000AC40,0x000039F1,0x72D8A062
RTR (Civ) (blue),0x95CAF8C1,2513107137,0,5584,0x8000AC3F,0x0000E0DA,0x95CAF8C1
RTR (Civ) (Driver),0x78695EAF,2020171439,0,812,0x8000624A,0x00005611,0x78695EAF
RTR (Civ) (Driver) (Civ Business B male),0x3CEF5959,1022318937,0,4422,0x80009E00,0x00013375,0x3CEF5959
RTR (Civ) (Driver) (Civ Poor Male),0xE4B8C995,3837315477,0,5954,0x8000B1F0,0xFFFFFFFF,0xE4B8C995
RTR (Civ) (green),0x251C7E1A,622624282,0,5588,0x8000AC43,0x00007812,0x251C7E1A
RTR (Civ) (lightblue),0x8E43E67D,2386814589,0,5586,0x8000AC41,0x000100A1,0x8E43E67D
RTR (Civ) (orange),0xC729455F,3341370719,0,5587,0x8000AC42,0xFFFFFFFF,0xC729455F
RTR (Civ) (red),0xFA5106B6,4199614134,0,5583,0x8000AC3E,0x000099BF,0xFA5106B6
RTR (Civ) (white),0x1FA88138,531136824,0,5582,0x8000AC3D,0x00004BFB,0x1FA88138
RTR (crappy),0x2C14011F,739508511,0,2565,0x800085C5,0x00008A1F,0x2C14011F
RTR (crappy) (driver),0x8FDA008A,2413428874,0,4228,0x80009C7A,0x000010D9,0x8FDA008A
RTR (crappy) (Driver) (Civ Casual female),0x3C608342,1012958018,0,4230,0x80009C7C,0xFFFFFFFF,0x3C608342
RTR (crappy) (Driver) (Civ Casual male),0x54C270E7,1422029031,0,4229,0x80009C7B,0x0000AF8C,0x54C270E7
RTR (crappy) (Driver) (Civ Poor female),0xF1076039,4043792441,0,4232,0x80009C7E,0x0000A87E,0xF1076039
RTR (crappy) (Driver) (Civ Poor male),0x8AA5FB1C,2326133532,0,4231,0x80009C7D,0x000123B2,0x8AA5FB1C
RTR (racing),0x928B459E,2458600862,0,2567,0x800085CA,0xFFFFFFFF,0x928B459E
RTR (racing) (Driver),0x892F2F35,2301570869,0,4423,0x80009E01,0x00003FA8,0x892F2F35
RTR (racing) (Driver) (Civ Motorcycle male),0x78551744,2018842436,1,4424,0x80009E02,0x00008565,0x78551744
RTR_Driver,0xD9EAD870,3656046704,0,5112,0x8000A456,0x00013DAE,0xD9EAD870
RTRCrappy_Driver,0xF4C1E9A3,4106348963,0,5141,0x8000A47D,0xFFFFFFFF,0xF4C1E9A3
RTRRacing_Driver,0x9D5D27A2,2640127906,0,5142,0x8000A47E,0x00000651,0x9D5D27A2
RuinDebris01,0x5D3EC19B,1564393883,0,3255,0x80008F33,0x00002977,0x5D3EC19B
RuinDebris02,0xC341A0C4,3275858116,0,3256,0x80008F34,0x00000A9C,0xC341A0C4
RuinDebris_concrete,0x6AC06304,1790993156,0,3308,0x80008F78,0xFFFFFFFF,0x6AC06304
Salamander,0x91C6BF01,2445721345,0,832,0x8000638D,0x0000BC56,0x91C6BF01
Salton Seahorse (base),0xF41431F6,4094964214,1,3343,0x80009003,0x0000FA2E,0xF41431F6
Salton Seahorse (Civ),0xBE7BD515,3195786517,1,1197,0x80006CAD,0x000060E1,0xBE7BD515
Salton Seahorse (Civ) (Driver),0xE39CB0A0,3818696864,1,3686,0x80009535,0x0000CF2B,0xE39CB0A0
Salton Seahorse (Civ) (Driver) (Civ Poor female),0xE5841737,3850639159,1,4651,0x80009FCD,0x0000F425,0xE5841737
Salton Seahorse (Civ) (Driver) (Civ Poor male),0x972F5D76,2536463734,1,4650,0x80009FCC,0x00008756,0x972F5D76
Salton Seahorse (PR),0x860D8FF9,2249035769,1,3344,0x80009004,0x00004161,0x860D8FF9
Salton Seahorse (PR) (Driver),0xDD8E3154,3717083476,1,3687,0x80009536,0x0001319D,0xDD8E3154
Salton Seahorse (PR) (Full),0x0606C113,101105939,1,3689,0x80009538,0x00008D01,0x0606C113
Salton_Driver,0x654931B3,1699295667,0,5089,0x8000A418,0x0000CFD0,0x654931B3
Satellite Designator,0x9ADAB72A,2598025002,0,385,0x800052F3,0x00007761,0x9ADAB72A
Scooter,0x5EAC70AA,1588359338,0,2239,0x8000820E,0xFFFFFFFF,0x5EAC70AA
Scooter (Driver),0xBD18B811,3172513809,0,2286,0x8000824A,0x00008BD9,0xBD18B811
Scooter (Driver) (Civ casual female),0x40048AA9,1074039465,0,4241,0x80009C87,0x0000C3EF,0x40048AA9
Scooter (Driver) (Civ casual male),0x0FD71A8C,265755276,0,4240,0x80009C86,0x00007527,0x0FD71A8C
Scooter (Driver) (Civ poor female),0xAD797E46,2910420550,0,4243,0x80009C89,0x000082BE,0xAD797E46
Scooter (Driver) (Civ poor male),0x0850EC7B,139521147,0,4242,0x80009C88,0x00010F3A,0x0850EC7B
Scooter (Driver) (Civ rich female),0x62202290,1646273168,0,4298,0x80009CC5,0x00008C80,0x62202290
Scooter_Driver,0xE5EC037B,3857449851,0,5107,0x8000A44E,0x000088E5,0xE5EC037B
Scooter_OC021,0x5D965E06,1570135558,0,5128,0x8000A46D,0x000098AB,0x5D965E06
Scorpion90,0x46E480D9,1189380313,1,1198,0x80006CAE,0xFFFFFFFF,0x46E480D9
Scorpion90 (Driver),0xC08A6A34,3230296628,1,1610,0x8000724F,0xFFFFFFFF,0xC08A6A34
Scorpion90 (Driver) (PMC001),0xF44925BE,4098434494,1,2543,0x8000856C,0x00001439,0xF44925BE
Scorpion90 (Full),0x4504E573,1157948787,1,1137,0x80006B60,0xFFFFFFFF,0x4504E573
Scrubs,0xB099EE89,2962878089,0,620,0x80005C2E,0x00004109,0xB099EE89
Secondary Equipment,0x904302A5,2420310693,0,706,0x80005FD1,0x0000BB17,0x904302A5
Semi (Base),0x1077B77D,276281213,0,1788,0x800075EE,0x00004B5E,0x1077B77D
SF LowRoad,0xB9A67D1A,3114695962,0,100,0x80004C01,0x000034A8,0xB9A67D1A
Shockwave_C4,0x42A66B28,1118202664,0,2011,0x80008041,0xFFFFFFFF,0x42A66B28
Shockwaves,0x963C4A61,2520533601,0,2010,0x80008040,0xFFFFFFFF,0x963C4A61
Shotgun,0xFA8FBA6D,4203723373,0,461,0x8000569D,0x0001383B,0xFA8FBA6D
Shotgun (Window Spawner),0x230B031A,587924250,0,3002,0x80008A22,0x0001270F,0x230B031A
Shotgun Bullet,0xC846C397,3360080791,0,464,0x800056A0,0x0000D2EA,0xC846C397
Sidecar Motorcycle,0x07856105,126181637,1,2597,0x800085EB,0x0000FE41,0x07856105
Sidecar Motorcycle (Driver),0xA9456B10,2839898896,1,3843,0x800097FD,0x0000F835,0xA9456B10
Sidecar Motorcycle (Full),0x74651AA7,1952783015,1,3844,0x800097FE,0xFFFFFFFF,0x74651AA7
SideCarMotorcycle_Driver,0x9C5FC386,2623521670,1,5386,0x8000A97A,0xFFFFFFFF,0x9C5FC386
SimplePointSpawner,0x639DA6DD,1671276253,0,90,0x80004B95,0xFFFFFFFF,0x639DA6DD
skyscraper2x4,0x27737148,661877064,0,781,0x80006227,0xFFFFFFFF,0x27737148
Small Fishing Boat,0xA18CEEA2,2710367906,1,1772,0x800075DE,0x0000B151,0xA18CEEA2
Small Fishing Boat (Driver),0xF49EC349,4104045385,1,1774,0x800075E0,0x0000E72C,0xF49EC349
Small Fishing Boat (Driver) (Civ Poor female),0x4CC307AE,1287849902,1,4657,0x80009FD3,0x00009B49,0x4CC307AE
Small Fishing Boat (Driver) (Civ Poor male),0xC94477E3,3376707555,1,4656,0x80009FD2,0xFFFFFFFF,0xC94477E3
small_boats,0xFA95731A,4204098330,1,5512,0x8000AAC7,0x00011AD1,0xFA95731A
SmallFishingBoat_Driver,0x2ADA33A7,718943143,1,5144,0x8000A480,0x0000EF29,0x2ADA33A7
SmallFlame,0x7E73F9C7,2121529799,0,1101,0x80006A86,0x0001373F,0x7E73F9C7
Smart Bomb Projectile,0x5755AD55,1465232725,0,3170,0x80008E45,0x0000695C,0x5755AD55
smg,0x858035CC,2239772108,0,1126,0x80006B54,0xFFFFFFFF,0x858035CC
SMG Bullet,0x17D01624,399513124,0,1128,0x80006B56,0x0000CE12,0x17D01624
Smoke Designator,0xCA109D56,3390086486,0,384,0x800052F2,0x00004AD1,0xCA109D56
Smoke Grenade Projectile,0xF7208F3F,4146106175,0,1933,0x80007D95,0x00010523,0xF7208F3F
SndEmitter_ShantyRadio,0x09BEF713,163510035,0,1155,0x80006BA8,0xFFFFFFFF,0x09BEF713
Sniper Rifle,0xEA4DEF62,3930976098,0,458,0x8000569A,0x00008D2E,0xEA4DEF62
Sniper Rifle (AA Backup),0x2AF0A2AB,720413355,0,5903,0x8000B036,0x0000DB34,0x2AF0A2AB
Sniper Rifle (SVD),0x4D3161D0,1295081936,0,1109,0x80006B43,0xFFFFFFFF,0x4D3161D0
Sniper Rifle Bullet,0xCD44A052,3443826770,0,459,0x8000569B,0x0000D0D5,0xCD44A052
SoccerBallProp,0x68632398,1751327640,0,3948,0x80009872,0x00001206,0x68632398
Solano,0xA69995AF,2795083183,0,821,0x80006324,0x00005153,0xA69995AF
soldier,0x75E8C74D,1978189645,0,30,0x8000437F,0x00007172,0x75E8C74D
SoundEmitter,0x08E7BCC8,149404872,0,1154,0x80006BA7,0xFFFFFFFF,0x08E7BCC8
SoundMaterial,0x3CB9AED5,1018801877,0,6021,0x9000012F,0x00000A92,0x3CB9AED5
SoundMaterial ((veh_motorcycl,0x6A0DB29F,1779282591,1,3923,0x80009854,0xFFFFFFFF,0x6A0DB29F
SoundMaterial (ArmoredVehicle),0xCDEC35F0,3454809584,0,6034,0x9000013C,0x0000B23B,0xCDEC35F0
SoundMaterial (bldg_bunker),0x42246AB5,1109682869,0,3855,0x8000980E,0x00007049,0x42246AB5
SoundMaterial (bldg_default),0xB78AC49F,3079324831,0,6022,0x90000130,0x00007648,0xB78AC49F
SoundMaterial (bldg_glass),0x2A04FAA6,704969382,0,3856,0x8000980F,0x00000EFC,0x2A04FAA6
SoundMaterial (bldg_metal),0x683F901D,1748996125,0,6032,0x9000013A,0x00003BB1,0x683F901D
SoundMaterial (bldg_stone),0xB414CABB,3021261499,0,6031,0x90000139,0x00002421,0xB414CABB
SoundMaterial (bldg_stone_large),0x29A327A7,698558375,0,2801,0x80008767,0x000051A8,0x29A327A7
SoundMaterial (bldg_wood),0xD608DEC9,3590905545,0,6033,0x9000013B,0x000033E4,0xD608DEC9
SoundMaterial (BrickProp),0xD9A26AA4,3651300004,0,6030,0x90000138,0x0000E7BE,0xD9A26AA4
SoundMaterial (debris_oilrig) 0x8000a6f5,0xA0616178,2690736504,0,5251,0x8000A6F5,0x00013973,0xA0616178
SoundMaterial (hum_civ),0xF21BD6EB,4061910763,0,3857,0x80009810,0x0000DA15,0xF21BD6EB
SoundMaterial (hum_hero_chris),0xA4CCA57D,2764875133,0,3938,0x80009863,0x0000D592,0xA4CCA57D
SoundMaterial (hum_hero_jen),0x6A4B7D7B,1783332219,0,3939,0x80009864,0x0000887D,0x6A4B7D7B
SoundMaterial (hum_hero_mattias),0x99BB8D1F,2579205407,0,3940,0x80009865,0x0000F8A7,0x99BB8D1F
SoundMaterial (hum_soldier),0x2069C0EF,543801583,0,6036,0x9000013E,0x0000DC6D,0x2069C0EF
SoundMaterial (Human),0x7D2D50F1,2100121841,0,6026,0x90000134,0x0000674C,0x7D2D50F1
SoundMaterial (Projectile),0xDD1AECD1,3709529297,0,6025,0x90000133,0xFFFFFFFF,0xDD1AECD1
SoundMaterial (projectile_bullet_heavyMG),0x8366D4FC,2204554492,0,3858,0x80009811,0x0000CD27,0x8366D4FC
SoundMaterial (projectile_bullet_rifle),0xC181A3C5,3246498757,0,3859,0x80009812,0x0000FE69,0xC181A3C5
SoundMaterial (projectile_grapple),0x197888C1,427329729,0,6035,0x9000013D,0x0000D070,0x197888C1
SoundMaterial (projectile_rocket),0x3DA89DF0,1034460656,0,3860,0x80009813,0x00012575,0x3DA89DF0
SoundMaterial (Prop),0x944539D3,2487564755,0,6024,0x90000132,0xFFFFFFFF,0x944539D3
SoundMaterial (prop_barreldrum),0xDC7B841E,3699082270,0,3854,0x8000980C,0xFFFFFFFF,0xDC7B841E
SoundMaterial (prop_fabric),0xD0D32A77,3503499895,0,3876,0x80009824,0x0000633B,0xD0D32A77
SoundMaterial (prop_fabric_lrg),0x4F3E72AB,1329492651,0,3863,0x80009816,0xFFFFFFFF,0x4F3E72AB
SoundMaterial (prop_fabric_sml),0xEC0900A0,3960012960,0,3864,0x80009817,0x000047D9,0xEC0900A0
SoundMaterial (prop_foliage),0xF0083103,4027068675,0,3875,0x80009823,0x00003B5A,0xF0083103
SoundMaterial (prop_foliage_lrg),0x2E032F8F,771960719,0,3865,0x80009818,0x00000A7A,0x2E032F8F
SoundMaterial (prop_foliage_med),0x0433A3C6,70493126,0,3867,0x8000981A,0x0000FBDC,0x0433A3C6
SoundMaterial (prop_foliage_sml),0x1D4D54A4,491607204,0,3866,0x80009819,0x00009627,0x1D4D54A4
SoundMaterial (prop_glass),0x7C81F92C,2088892716,0,4303,0x80009CCA,0xFFFFFFFF,0x7C81F92C
SoundMaterial (prop_metal),0x3BBA0CD7,1002048727,0,6027,0x90000135,0x00010D81,0x3BBA0CD7
SoundMaterial (prop_metal_chainlinkfence),0xC85544D4,3361031380,0,3868,0x8000981B,0xFFFFFFFF,0xC85544D4
SoundMaterial (prop_metal_lrg),0xFF9FB98B,4288657803,0,3870,0x8000981E,0xFFFFFFFF,0xFF9FB98B
SoundMaterial (prop_metal_med),0x041639AA,68565418,0,3869,0x8000981D,0xFFFFFFFF,0x041639AA
SoundMaterial (prop_metal_sml),0x1DA6B280,497463936,0,3871,0x8000981F,0xFFFFFFFF,0x1DA6B280
SoundMaterial (prop_metalpole_lrg),0xF0ECD9CD,4042054093,0,3872,0x80009820,0x00005B3A,0xF0ECD9CD
SoundMaterial (prop_metalpole_sml),0x71CD1C76,1909267574,0,3873,0x80009821,0x00007A49,0x71CD1C76
SoundMaterial (prop_rubber_tire),0x4AAF9A99,1253022361,0,3874,0x80009822,0x00001912,0x4AAF9A99
SoundMaterial (prop_sandbag),0x9B218104,2602664196,0,3877,0x80009825,0x00002FF5,0x9B218104
SoundMaterial (prop_sheetmetal_lrg),0x7291193C,1922111804,0,3878,0x80009826,0x00008A4B,0x7291193C
SoundMaterial (prop_sheetmetal_med),0xAFBBFD71,2948332913,0,3879,0x80009827,0xFFFFFFFF,0xAFBBFD71
SoundMaterial (prop_sheetmetal_sml),0x7F4D9347,2135790407,0,6028,0x90000136,0x00011028,0x7F4D9347
SoundMaterial (prop_stone),0xF0344971,4029958513,0,3880,0x80009828,0x00012429,0xF0344971
SoundMaterial (prop_stone_lrg),0x778E81E9,2005828073,0,3881,0x80009829,0x00008E70,0x778E81E9
SoundMaterial (prop_stone_med),0x89D18648,2312209992,0,3882,0x8000982A,0x0000AE90,0x89D18648
SoundMaterial (prop_stone_sml),0xB3467632,3007739442,0,3883,0x8000982B,0xFFFFFFFF,0xB3467632
SoundMaterial (prop_tree),0xF97D8862,4185753698,0,3884,0x8000982C,0x00006778,0xF97D8862
SoundMaterial (prop_tree_lrg),0xCADD03AE,3403482030,0,3885,0x8000982D,0x000017E9,0xCADD03AE
SoundMaterial (prop_tree_med),0xABBA1A3B,2881100347,0,3886,0x8000982E,0x0000F94D,0xABBA1A3B
SoundMaterial (prop_tree_sml),0xFD72BA2D,4252154413,0,3887,0x8000982F,0x00010DB3,0xFD72BA2D
SoundMaterial (prop_wood),0x80FE5283,2164150915,0,6029,0x90000137,0xFFFFFFFF,0x80FE5283
SoundMaterial (prop_wood_crate),0x24D65F3B,618028859,0,3888,0x80009830,0x000137FA,0x24D65F3B
SoundMaterial (prop_wood_lrg),0x2299E90F,580512015,0,3889,0x80009831,0xFFFFFFFF,0x2299E90F
SoundMaterial (prop_wood_med),0xF8CA5D46,4174011718,0,3890,0x80009832,0x00003587,0xF8CA5D46
SoundMaterial (prop_wood_sml),0x11E40E24,300158500,0,3891,0x80009833,0xFFFFFFFF,0x11E40E24
SoundMaterial (SheetMetalProp),0xBCBA4A55,3166325333,0,5249,0x8000A6F2,0x000104F4,0xBCBA4A55
SoundMaterial (terrain),0x0C9229E5,210905573,0,3892,0x80009834,0xFFFFFFFF,0x0C9229E5
SoundMaterial (terrain_asphalt),0x9353CDF9,2471742969,0,3893,0x80009835,0xFFFFFFFF,0x9353CDF9
SoundMaterial (terrain_dirt),0x0069F079,6942841,0,3895,0x80009837,0xFFFFFFFF,0x0069F079
SoundMaterial (terrain_grass),0x64D2EB70,1691544432,0,3894,0x80009836,0x0001351F,0x64D2EB70
SoundMaterial (terrain_sand),0x99787256,2574807638,0,3896,0x80009838,0x000020D1,0x99787256
SoundMaterial (veh),0xA240211F,2722111775,0,3897,0x80009839,0x00001492,0xA240211F
SoundMaterial (veh_armored),0xBE063886,3188078726,1,3898,0x8000983A,0x00009B0B,0xBE063886
SoundMaterial (veh_armored_bottom_skids),0xBDE9EC61,3186224225,1,3899,0x8000983B,0x00009E51,0xBDE9EC61
SoundMaterial (veh_armored_bottom_tracked),0x72550BFB,1918176251,1,3900,0x8000983C,0x0000A283,0x72550BFB
SoundMaterial (veh_armored_bottom_wheeled),0xF6EC0973,4142664051,1,3901,0x8000983D,0x0001340B,0xF6EC0973
SoundMaterial (veh_armored_heli_rotor),0xD748B4E6,3611866342,1,3902,0x8000983F,0x00013F84,0xD748B4E6
SoundMaterial (veh_armored_light),0x6C91197D,1821448573,1,3903,0x80009840,0xFFFFFFFF,0x6C91197D
SoundMaterial (veh_armored_med),0x29575C2F,693591087,1,3904,0x80009841,0x00011A65,0x29575C2F
SoundMaterial (veh_armored_ruin),0x20792A2F,544811567,1,3905,0x80009842,0x0000688B,0x20792A2F
SoundMaterial (veh_armored_tank),0x338C6E41,864841281,1,3906,0x80009843,0x000073DC,0x338C6E41
SoundMaterial (veh_armored_tank_turret),0x825464A6,2186568870,1,3907,0x80009844,0x0000B2BF,0x825464A6
SoundMaterial (veh_boat_lrg),0xFD1F4378,4246684536,1,3908,0x80009845,0x00004E1C,0xFD1F4378
SoundMaterial (veh_boat_med),0xBD5F1525,3177125157,1,3909,0x80009846,0x0000A24C,0xBD5F1525
SoundMaterial (veh_boat_sml),0x2A14BE53,706002515,1,3910,0x80009847,0x0000B510,0x2A14BE53
SoundMaterial (veh_civ),0x075715DE,123147742,1,3911,0x80009848,0x0000EF75,0x075715DE
SoundMaterial (veh_civ_bottom),0xEBED61C6,3958202822,1,3912,0x80009849,0x0000F2BB,0xEBED61C6
SoundMaterial (veh_civ_bumper),0xC8EDEBBA,3371035578,1,3913,0x8000984A,0x000136BE,0xC8EDEBBA
SoundMaterial (veh_civ_lrg),0xAAC80002,2865233922,1,3914,0x8000984B,0x000132C0,0xAAC80002
SoundMaterial (veh_civ_lrg_bottom),0x00881382,8917890,1,3915,0x8000984C,0xFFFFFFFF,0x00881382
SoundMaterial (veh_civ_lrg_bumper),0xD160FF96,3512795030,1,3916,0x8000984D,0x00001E3D,0xD160FF96
SoundMaterial (veh_civ_lrg_ruin),0xFDAED94B,4256094539,1,3917,0x8000984E,0x0000FDE8,0xFDAED94B
SoundMaterial (veh_civ_lrg_sides),0x641AE6C1,1679484609,1,3918,0x8000984F,0xFFFFFFFF,0x641AE6C1
SoundMaterial (veh_civ_lrg_top),0x7619BA46,1981397574,1,3919,0x80009850,0x0000AE1A,0x7619BA46
SoundMaterial (veh_civ_ruin),0xFA79D447,4202288199,1,3920,0x80009851,0x0000BC84,0xFA79D447
SoundMaterial (veh_civ_sides),0x2651CC55,642894933,1,3921,0x80009852,0x000124B8,0x2651CC55
SoundMaterial (veh_civ_top),0x3A81BB2A,981580586,1,3922,0x80009853,0x00002C69,0x3A81BB2A
SoundMaterial (veh_motorcycle),0x1A68F603,443086339,1,3924,0x80009855,0xFFFFFFFF,0x1A68F603
SoundMaterial (veh_motorcycle_ruin),0xD3DBAF10,3554389776,1,3925,0x80009856,0x000004E6,0xD3DBAF10
SoundMaterial (veh_motorcycle_wheels),0xBEC0535A,3200275290,1,3926,0x80009857,0x000027BE,0xBEC0535A
SoundMaterial (Vehicle),0xE1E412C0,3789820608,0,6023,0x90000131,0x0000CA54,0xE1E412C0
SoundMaterial (water),0xC95CA2AB,3378291371,0,3927,0x80009858,0x000031DF,0xC95CA2AB
SoundMaterial (water_deep),0x325ADAA8,844815016,0,3928,0x80009859,0x00003A7B,0x325ADAA8
SoundMaterial (water_puddle),0x60C7DECE,1623711438,0,3929,0x8000985A,0x00012C17,0x60C7DECE
SoundMaterial (water_shallow),0xB010267C,2953848444,0,3930,0x8000985B,0xFFFFFFFF,0xB010267C
SoundMaterial (Weapon),0x17688DCE,392728014,0,3861,0x80009814,0x00012CE7,0x17688DCE
SoundMaterial (wpn_c4),0x65D717CD,1708595149,0,3931,0x8000985C,0xFFFFFFFF,0x65D717CD
SoundMaterial (wpn_clip),0xFB97ACE0,4221021408,0,3932,0x8000985D,0x0000BAF1,0xFB97ACE0
SoundMaterial (wpn_designator),0x5E83C924,1585695012,0,3933,0x8000985E,0x000002EA,0x5E83C924
SoundMaterial (wpn_emplacedgun),0xA5909613,2777716243,0,3934,0x8000985F,0x00000216,0xA5909613
SoundMaterial (wpn_grenade),0xAE30CA36,2922433078,0,3862,0x80009815,0xFFFFFFFF,0xAE30CA36
SoundMaterial (wpn_pistol),0x7A95CCE1,2056637665,0,3935,0x80009860,0x0000A42D,0x7A95CCE1
SoundMaterial (wpn_rifle),0x641CD0EA,1679610090,0,3936,0x80009861,0x000085A9,0x641CD0EA
SoundMaterial (wpn_rocket),0x45C9DAE6,1170856678,0,3937,0x80009862,0x0000B9BD,0x45C9DAE6
Spawnable,0xE2B0DE0E,3803241998,0,39,0x8000450B,0x0000778E,0xE2B0DE0E
Spawners,0x2FEE679A,804153242,0,37,0x80004509,0x00001CEC,0x2FEE679A
Spawnlist (Allied AA),0xAA950B00,2861894400,0,4054,0x80009ADF,0x00009379,0xAA950B00
Spawnlist (Allied Balcony),0x90093EB0,2416524976,0,1570,0x8000720D,0xFFFFFFFF,0x90093EB0
Spawnlist (Allied Destroyer Crew),0x40EA8E78,1089113720,1,4060,0x80009AE5,0x00002568,0x40EA8E78
Spawnlist (Allied Ground),0x66BAA21D,1723507229,0,1569,0x8000720C,0x0001106B,0x66BAA21D
Spawnlist (Allied Prisoner),0xCF53FF46,3478388550,0,2372,0x80008327,0xFFFFFFFF,0xCF53FF46
Spawnlist (Allied Tower AA),0x56C3EB9F,1455680415,0,5869,0x8000B010,0x00001882,0x56C3EB9F
Spawnlist (Allied Tower AT),0x3F28B48C,1059632268,0,5868,0x8000B00E,0x000011E2,0x3F28B48C
Spawnlist (Allied Tower),0x08150331,135594801,0,5867,0x8000B00D,0xFFFFFFFF,0x08150331
Spawnlist (Allied Window),0x2073D612,544462354,0,5898,0x8000B02F,0xFFFFFFFF,0x2073D612
Spawnlist (CHI BasePeds),0x380C69EA,940337642,0,3077,0x80008BA1,0x00002C1E,0x380C69EA
Spawnlist (CHI BaseTanks),0x8F9CCA13,2409417235,1,3078,0x80008BA2,0x00010A52,0x8F9CCA13
Spawnlist (CHI BaseVehicles),0xBB23D451,3139687505,0,3076,0x80008BA0,0x0000CF46,0xBB23D451
Spawnlist (ChiCon002),0x48AC633B,1219257147,0,2401,0x800083EF,0xFFFFFFFF,0x48AC633B
Spawnlist (China AA),0x84DAB5CC,2228925900,0,3176,0x80008E4C,0x0000B1AD,0x84DAB5CC
Spawnlist (China Balcony),0xE63107BC,3861972924,0,3174,0x80008E49,0x000089F1,0xE63107BC
Spawnlist (China Destroyer Crew),0xFC902B0C,4237306636,1,4061,0x80009AE6,0x0000A8E7,0xFC902B0C
Spawnlist (China Ground),0xC6B39751,3333658449,0,3175,0x80008E4B,0x00006D20,0xC6B39751
Spawnlist (China Tower AA),0xF6C4622B,4140065323,0,5866,0x8000B00C,0xFFFFFFFF,0xF6C4622B
Spawnlist (China Tower RPG),0x1F6DA07A,527278202,0,5865,0x8000B00B,0xFFFFFFFF,0x1F6DA07A
Spawnlist (China Tower),0x214FB215,558871061,0,5864,0x8000B00A,0xFFFFFFFF,0x214FB215
Spawnlist (China Window),0x64BF7076,1690267766,0,5899,0x8000B030,0x00002A78,0x64BF7076
Spawnlist (Chinese Prisoner),0xACEDECCA,2901273802,0,2373,0x80008328,0xFFFFFFFF,0xACEDECCA
Spawnlist (Civilian Default),0x665509FB,1716849147,0,1573,0x80007210,0x00006640,0x665509FB
Spawnlist (Guerilla AA),0x517C4F32,1367101234,0,5904,0x8000B037,0x00011E9B,0x517C4F32
Spawnlist (Guerilla Balcony),0x42167CDE,1108770014,0,1568,0x8000720B,0x00013FE1,0x42167CDE
Spawnlist (Guerilla Ground),0x9AFAD237,2600129079,0,1567,0x8000720A,0x000133EA,0x9AFAD237
Spawnlist (Guerilla Prisoner),0x56B94A1C,1454983708,0,2374,0x8000832A,0x00010A2F,0x56B94A1C
Spawnlist (Guerilla Tower RPG),0x7DE5C088,2112209032,0,5863,0x8000B009,0x00002197,0x7DE5C088
Spawnlist (Guerilla Tower),0x1A0B5733,436950835,0,5862,0x8000B008,0x00006A80,0x1A0B5733
Spawnlist (Guerilla Window),0xCD6A29CC,3446286796,0,5900,0x8000B032,0xFFFFFFFF,0xCD6A29CC
Spawnlist (M1A2 (Full)),0x62946724,1653892900,1,5530,0x8000AB40,0x00001ECE,0x62946724
Spawnlist (OC AA),0x6E25992F,1847957807,0,5897,0x8000B02E,0xFFFFFFFF,0x6E25992F
Spawnlist (OC Balcony),0x51866F91,1367764881,0,1360,0x80006ECB,0x000086EC,0x51866F91
Spawnlist (OC Ground),0x31E2D3EE,836948974,0,1356,0x80006EC7,0x0000EE98,0x31E2D3EE
Spawnlist (OC Prisoner),0x65CFF4F9,1708127481,0,2369,0x80008324,0x0000C3A7,0x65CFF4F9
Spawnlist (OC Tower Elite),0x746381A3,1952678307,0,2535,0x80008562,0x000016DF,0x746381A3
Spawnlist (OC Tower GL),0xAA726291,2859623057,0,5861,0x8000B007,0xFFFFFFFF,0xAA726291
Spawnlist (OC Tower),0x736F058C,1936655756,0,5860,0x8000B006,0x00001541,0x736F058C
Spawnlist (OC Window),0x77C26C99,2009230489,0,5901,0x8000B033,0xFFFFFFFF,0x77C26C99
Spawnlist (Pirate AA),0x9A3367B2,2587060146,0,5906,0x8000B039,0x00006F1A,0x9A3367B2
Spawnlist (Pirate Balcony),0x68D9A65E,1759094366,0,1566,0x80007209,0x00011335,0x68D9A65E
Spawnlist (Pirate Ground),0xB42AF2B7,3022713527,0,1565,0x80007208,0x0001372B,0xB42AF2B7
Spawnlist (Pirate Prisoner),0xDBF39E9C,3690176156,0,2375,0x8000832B,0x0000CBDF,0xDBF39E9C
Spawnlist (Pirate Tower),0x70D104B3,1892746419,0,5859,0x8000B005,0xFFFFFFFF,0x70D104B3
Spawnlist (Pirate Window),0xE69A4A4C,3868871244,0,5902,0x8000B034,0x000058E4,0xE69A4A4C
Spawnlist (VZ AA),0xF9ADB995,4188912021,0,2416,0x80008450,0x000100BA,0xF9ADB995
Spawnlist (VZ Balcony AT),0x932DE232,2469257778,0,3010,0x80008A2A,0xFFFFFFFF,0x932DE232
Spawnlist (VZ Balcony),0x1E14B42B,504673323,0,1358,0x80006EC9,0x00011811,0x1E14B42B
Spawnlist (VZ Barracks Ground),0x9A7C5879,2591840377,0,2199,0x800081E4,0x0000A10B,0x9A7C5879
Spawnlist (VZ Barracks Ground_wRPG),0xB0223410,2955031568,0,5914,0x8000B0CB,0xFFFFFFFF,0xB0223410
Spawnlist (VZ BaseVehicles),0xFA9BF1C7,4204523975,0,3075,0x80008B9F,0xFFFFFFFF,0xFA9BF1C7
Spawnlist (VZ Elite),0x7C903D04,2089827588,0,2399,0x800083EC,0xFFFFFFFF,0x7C903D04
Spawnlist (VZ Ground),0x7B4587E4,2068154340,0,1022,0x800068A7,0x000006D6,0x7B4587E4
Spawnlist (VZ Mixed Patrol),0x8F2DBB04,2402138884,0,2541,0x80008568,0xFFFFFFFF,0x8F2DBB04
Spawnlist (VZ RPG + Rifle),0x47E72343,1206330179,0,2990,0x80008A16,0xFFFFFFFF,0x47E72343
Spawnlist (VZ RPG Patrol),0xAE49DABC,2924075708,0,2537,0x80008564,0xFFFFFFFF,0xAE49DABC
Spawnlist (VZ RPG),0xC8F924D8,3371771096,0,2395,0x800083E7,0xFFFFFFFF,0xC8F924D8
Spawnlist (VZ Tower AA),0xC26D48FE,3261942014,0,5858,0x8000B004,0x00004AAD,0xC26D48FE
Spawnlist (VZ Tower RPG),0x32E8CBED,854117357,0,5857,0x8000B003,0xFFFFFFFF,0x32E8CBED
Spawnlist (VZ Tower RPG) 0x8000b2fa,0xBBA759B4,3148306868,0,5966,0x8000B2FA,0xFFFFFFFF,0xBBA759B4
Spawnlist (VZ Tower),0xEE307A42,3996154434,0,5856,0x8000B001,0x0000505A,0xEE307A42
Spawnlist (VZ Window),0x5C4ACD6F,1548406127,0,4077,0x80009AF7,0x00003D25,0x5C4ACD6F
Speed Boat,0xF6515BBC,4132527036,1,1082,0x80006A22,0x00008E4F,0xF6515BBC
Speed Boat (Driver),0xF3EEE47B,4092519547,1,1609,0x8000724E,0x000038D6,0xF3EEE47B
Speed Boat (Driver) (Civ Beach A Female),0x4FE1C572,1340196210,1,4658,0x80009FD4,0x0000CA86,0x4FE1C572
Speed Boat (Driver) (Civ Beach B Female),0xBB059AF5,3137706741,1,4659,0x80009FD5,0x0000B282,0xBB059AF5
Speed Boat (Driver) (Civ Beach C Female),0xFFFAB0A4,4294619300,1,4660,0x80009FD6,0x000108B8,0xFFFAB0A4
Speed Boat (Driver) (Civ Beach D Female),0xC5C88D67,3318254951,1,4661,0x80009FD7,0x00006672,0xC5C88D67
Speed Boat (Full),0x69A995F8,1772721656,1,3682,0x80009531,0x000104A1,0x69A995F8
Sportbike (Civ),0x2F26B7F9,791066617,0,2241,0x80008216,0x0000D7C7,0x2F26B7F9
Sportbike (Civ) (black),0x2CA1CF5B,748801883,0,5590,0x8000AC45,0xFFFFFFFF,0x2CA1CF5B
Sportbike (Civ) (blue),0x705901CE,1884881358,0,5589,0x8000AC44,0x00007BB7,0x705901CE
Sportbike (Civ) (Driver),0x7E6F2954,2121214292,0,2287,0x8000824B,0x0000AF29,0x7E6F2954
Sportbike (Civ) (Driver) (Civ casual female),0x64C5B500,1690678528,0,4239,0x80009C85,0x000048C2,0x64C5B500
Sportbike (Civ) (Driver) (Civ casual male),0x824548B1,2185578673,0,4238,0x80009C84,0x000046F2,0x824548B1
Sportbike (Civ) (Driver) (Civ Motorcycle male),0xFB5D55FD,4217198077,1,4299,0x80009CC6,0x000130D9,0xFB5D55FD
Sportbike (Civ) (green),0x0821B58B,136426891,0,5595,0x8000AC4A,0x0000D200,0x0821B58B
Sportbike (Civ) (lightblue),0xC30D7E10,3272441360,0,5592,0x8000AC47,0x00012884,0xC30D7E10
Sportbike (Civ) (orange),0x80DCCB08,2161953544,0,5593,0x8000AC48,0xFFFFFFFF,0x80DCCB08
Sportbike (Civ) (red),0x48B303BB,1219691451,0,5591,0x8000AC46,0x000123DB,0x48B303BB
Sportbike (Civ) (white),0x67ADC189,1739440521,0,5594,0x8000AC49,0xFFFFFFFF,0x67ADC189
Sportbike_Driver,0x0DC17FF7,230785015,0,5095,0x8000A420,0x00006227,0x0DC17FF7
Squad,0x9788C501,2542322945,0,2204,0x800081E9,0x00009CFF,0x9788C501
SquadSpawner,0xFC55E3A3,4233487267,0,3094,0x80008BB2,0x00005D97,0xFC55E3A3
SquadTest,0x63BEDB59,1673452377,0,3093,0x80008BB1,0xFFFFFFFF,0x63BEDB59
SquadTest 2,0xEE5C5203,3999027715,0,3095,0x80008BB3,0x00002DCE,0xEE5C5203
Stinger,0xABF77BF9,2885123065,0,506,0x800056DB,0x00002564,0xABF77BF9
Stingray II,0xF7E45E52,4158938706,1,16,0x800038B2,0x0000DA8E,0xF7E45E52
Stingray II (Civ driver),0x8B638C7F,2338557055,1,697,0x80005FB3,0x000083DF,0x8B638C7F
Stingray II (Driver),0x7FE89779,2145949561,1,498,0x800056CF,0x00011CFE,0x7FE89779
Stingray II (Full),0x9635391E,2520070430,1,1611,0x80007250,0xFFFFFFFF,0x9635391E
Stingray II (VZ driver),0xC7BFD691,3351238289,1,1310,0x80006E3B,0x0000BAC4,0xC7BFD691
StingrayFullSpawnList,0xFB6E6930,4218317104,1,2405,0x800083F3,0xFFFFFFFF,0xFB6E6930
Strategic Missile Projectile,0xE6B58FBE,3870658494,0,3171,0x80008E46,0x00011889,0xE6B58FBE
Strategic Missile Projectile Launch,0x0462B13B,73576763,0,5788,0x8000AEF4,0x00008358,0x0462B13B
Strategic Missile Shrapnel,0x6CF337B8,1827878840,0,3155,0x80008E35,0x00004CDB,0x6CF337B8
Supply Drop (AA),0x371641A6,924205478,0,1583,0x8000721F,0x00008B24,0x371641A6
Supply Drop (AL Ammo),0x9AD7F8C3,2597845187,0,5757,0x8000AE07,0x0000B407,0x9AD7F8C3
Supply Drop (AL Grenade),0xD6EB5CBF,3605748927,0,5758,0x8000AE08,0x00010063,0xD6EB5CBF
Supply Drop (AL Health),0x69A74BC7,1772571591,0,5756,0x8000AE06,0x00001C03,0x69A74BC7
Supply Drop (Allied),0xBCE8CF73,3169374067,0,815,0x80006252,0x0000424B,0xBCE8CF73
Supply Drop (AM AL),0x2975CD61,695586145,0,5044,0x8000A3E1,0x00009A20,0x2975CD61
Supply Drop (AM CH),0xF19A1E77,4053409399,0,5045,0x8000A3E2,0xFFFFFFFF,0xF19A1E77
Supply Drop (AT AL),0x90ED447C,2431468668,0,5803,0x8000AF6B,0x0001402F,0x90ED447C
Supply Drop (AT CH),0xB8BE94F2,3099497714,0,5802,0x8000AF6A,0x0000FC01,0xB8BE94F2
Supply Drop (Base),0xA0C609B1,2697333169,0,5822,0x8000AF81,0xFFFFFFFF,0xA0C609B1
Supply Drop (Blanco),0x9283570F,2458081039,0,5823,0x8000AF82,0x0000421E,0x9283570F
Supply Drop (Blueprints),0xD4ED05B4,3572303284,0,5223,0x8000A68D,0x0000A20C,0xD4ED05B4
Supply Drop (C4),0x92AC6643,2460771907,0,1582,0x8000721E,0xFFFFFFFF,0x92AC6643
Supply Drop (C4) (VZ),0x55F3D8C0,1442044096,0,2540,0x80008567,0x0000C976,0x55F3D8C0
Supply Drop (Chinese),0x86D23BC9,2261924809,0,1930,0x80007D92,0xFFFFFFFF,0x86D23BC9
Supply Drop (Covert),0xD2DF8435,3537863733,0,4062,0x80009AE8,0x00008BDF,0xD2DF8435
Supply Drop (CQB),0x6C9225B0,1821517232,0,5801,0x8000AF69,0xFFFFFFFF,0x6C9225B0
Supply Drop (FIona),0x28CF74B9,684684473,0,5824,0x8000AF83,0x00004DF9,0x28CF74B9
Supply Drop (GL),0xC2CA593F,3268041023,0,4063,0x80009AE9,0x00011D05,0xC2CA593F
Supply Drop (Guerilla),0xB1A00939,2980055353,0,1579,0x8000721B,0xFFFFFFFF,0xB1A00939
Supply Drop (Guerilla) (Sniper),0x508A7D49,1351253321,0,2536,0x80008563,0x0000EA0D,0x508A7D49
Supply Drop (Health),0x87B6441E,2276869150,0,2531,0x8000855D,0xFFFFFFFF,0x87B6441E
Supply Drop (Light MG),0xF5FA7F08,4126834440,0,1584,0x80007221,0x0000A97B,0xF5FA7F08
Supply Drop (Light MG) (AL),0x558DE1B0,1435361712,0,4876,0x8000A259,0x00011856,0x558DE1B0
Supply Drop (OC),0x81B20DAE,2175929774,0,1580,0x8000721C,0x00012E89,0x81B20DAE
Supply Drop (Pirate),0x5EEB052D,1592460589,0,814,0x80006251,0x0000B7DA,0x5EEB052D
Supply Drop (RPG),0xC22DA165,3257770341,0,5806,0x8000AF6F,0xFFFFFFFF,0xC22DA165
Supply Drop (Sniper CH),0x52D9BD68,1390001512,0,5799,0x8000AF67,0xFFFFFFFF,0x52D9BD68
Supply Drop (Sniper RU),0xA924BBE2,2837756898,0,5800,0x8000AF68,0xFFFFFFFF,0xA924BBE2
Supply Drop (Sniper),0xFCC499E7,4240742887,0,1581,0x8000721D,0x00000735,0xFCC499E7
Supply Drop (Support),0x9282B9C9,2458040777,0,1585,0x80007223,0x00006B10,0x9282B9C9
Supply Drop (Treasure),0x3227E7D1,841476049,0,5222,0x8000A68C,0xFFFFFFFF,0x3227E7D1
Supply Drop (VZ),0xCF4EC76C,3478046572,0,3181,0x80008E5D,0xFFFFFFFF,0xCF4EC76C
Support Vehicle (727),0x017141B5,24199605,0,4896,0x8000A270,0x0000D1D1,0x017141B5
Support Vehicle (727) low altitude,0xFC0FFB37,4228905783,0,5282,0x8000A8AE,0x00006AEE,0xFC0FFB37
Support Vehicle (A10),0xFC0C8C31,4228680753,0,2424,0x8000845C,0x000140B2,0xFC0C8C31
Support Vehicle (A10) low altitude,0x1067B683,275232387,0,5283,0x8000A8AF,0x0000A7A7,0x1067B683
Support Vehicle (AC130),0x5676F5D3,1450636755,1,2582,0x800085D9,0xFFFFFFFF,0x5676F5D3
Support Vehicle (Autogunship),0xE76E828E,3882779278,1,5011,0x8000A3BF,0xFFFFFFFF,0xE76E828E
Support Vehicle (B2),0x3B379C6F,993500271,0,2578,0x800085D5,0x0001076D,0x3B379C6F
Support Vehicle (B2) low altitude,0x406CAF95,1080864661,0,5284,0x8000A8B0,0x0000AB30,0x406CAF95
Support Vehicle (Base),0xC421D9BA,3290552762,0,4898,0x8000A272,0x0000F4C2,0xC421D9BA
Support Vehicle (C130),0xA4FEAE5C,2768154204,1,2581,0x800085D8,0x0000E1A3,0xA4FEAE5C
Support Vehicle (C130) low altitude,0xDD6E1014,3714977812,1,5293,0x8000A8B9,0x00006714,0xDD6E1014
Support Vehicle (Cessna),0x31DDDFC8,836624328,0,4897,0x8000A271,0x00000922,0x31DDDFC8
Support Vehicle (Cessna) low altitude,0x3115FAD0,823524048,0,5285,0x8000A8B1,0x0000ADA2,0x3115FAD0
Support Vehicle (Cruise Missile),0x7FEE61A0,2146328992,0,3173,0x80008E48,0x00006285,0x7FEE61A0
Support Vehicle (F117),0x70C3E492,1891886226,0,3172,0x80008E47,0x0000248B,0x70C3E492
Support Vehicle (F117) low altitude,0x2717978E,655857550,0,5286,0x8000A8B2,0x0000BE25,0x2717978E
Support Vehicle (F35),0xE616BA41,3860249153,1,2428,0x80008460,0xFFFFFFFF,0xE616BA41
Support Vehicle (F35) low altitude,0x648C7473,1686926451,1,5287,0x8000A8B3,0x0000A5AD,0x648C7473
Support Vehicle (Mig27),0xE74AC2EB,3880436459,0,4044,0x80009AD2,0x00013341,0xE74AC2EB
Support Vehicle (Mig27) low altitude,0x41B5E531,1102439729,0,5288,0x8000A8B4,0x000120D7,0x41B5E531
Support Vehicle (OV10),0x55CCD133,1439486259,0,4043,0x80009AD1,0x0000408C,0x55CCD133
Support Vehicle (OV10) low altitude,0x69308989,1764788617,0,5289,0x8000A8B5,0x0001251A,0x69308989
Support Vehicle (Paradrop_AL),0xCD6B7326,3446371110,0,5008,0x8000A3BC,0xFFFFFFFF,0xCD6B7326
Support Vehicle (Paradrop_ch),0xEC808918,3967846680,0,5006,0x8000A3BA,0xFFFFFFFF,0xEC808918
Support Vehicle (Predator),0xB81F9838,3089078328,0,4787,0x8000A190,0x00009F08,0xB81F9838
Support Vehicle (Predator) low altitude,0x5BCCABA0,1540139936,0,5290,0x8000A8B6,0x00002AC2,0x5BCCABA0
Support Vehicle (Q5),0xD78EE851,3616467025,0,2580,0x800085D7,0x00004406,0xD78EE851
Support Vehicle (Q5) low altitude,0xBE7DE823,3195922467,0,5291,0x8000A8B7,0x00013EF8,0xBE7DE823
Support Vehicle (Transport),0x6BF9A5EA,1811523050,0,2609,0x800085F8,0x0000BC5C,0x6BF9A5EA
Support Vehicle (Tucano),0x03501723,55580451,0,2579,0x800085D6,0x0000355F,0x03501723
Support Vehicle (Tucano) low altitude,0x89AB7899,2309716121,0,5292,0x8000A8B8,0xFFFFFFFF,0x89AB7899
Surgical Strike Projectile,0xDB16CC58,3675704408,0,1909,0x800078CA,0x0000CF26,0xDB16CC58
Surgical Strike Shrapnel,0xF791712E,4153504046,0,1910,0x800078CC,0xFFFFFFFF,0xF791712E
SX2150 (Base),0x75BC4C18,1975274520,0,3478,0x800092D5,0x00009032,0x75BC4C18
SX2150 (Cargo),0xCA6EEAB9,3396266681,0,3481,0x800092D8,0xFFFFFFFF,0xCA6EEAB9
SX2150 (Cargo) (Driver),0x71E26394,1910662036,0,3515,0x8000932F,0x00009D05,0x71E26394
SX2150 (Cargo) (Full),0x24FE6B53,620653395,0,3519,0x80009333,0xFFFFFFFF,0x24FE6B53
SX2150 (Fuel),0x4778F921,1199110433,0,3484,0x800092DB,0x000019C6,0x4778F921
SX2150 (Fuel) (Driver),0x2AB6483C,716589116,0,3516,0x80009330,0x0000670E,0x2AB6483C
SX2150 (Fuel) (Full),0x07BA4D2B,129649963,0,3520,0x80009334,0x0000C5F9,0x07BA4D2B
SX2150 (MLRS),0xFBDC7E43,4225531459,0,3483,0x800092DA,0xFFFFFFFF,0xFBDC7E43
SX2150 (MLRS) (Driver),0xADD73D9E,2916564382,0,3517,0x80009331,0x000036A6,0xADD73D9E
SX2150 (MLRS) (Full),0x648129E5,1686186469,0,3521,0x80009335,0x0001366B,0x648129E5
SX2150 (Semi),0x71470A0F,1900481039,0,3482,0x800092D9,0xFFFFFFFF,0x71470A0F
SX2150 (Semi) (Driver),0xD92DEBBA,3643665338,0,3518,0x80009332,0x00003CD0,0xD92DEBBA
SX2150 (Semi) (Full),0xAE08EBF9,2919820281,0,3522,0x80009336,0x0000499F,0xAE08EBF9
SX2150_Driver,0xE489AB3D,3834227517,0,5074,0x8000A408,0x00006F9E,0xE489AB3D
T300 (base),0x273374D2,657683666,0,3476,0x800092D2,0x00010144,0x273374D2
T300 (Driver),0x239E95E5,597595621,0,3490,0x800092E2,0x0000607A,0x239E95E5
T300 (empty),0x8F3EC4FE,2403255550,0,2559,0x800085BE,0xFFFFFFFF,0x8F3EC4FE
T300 (Full),0x8270C192,2188427666,0,3491,0x800092E3,0x00004F7B,0x8270C192
T300 (M60),0x9A974376,2593604470,0,3477,0x800092D3,0x0000004A,0x9A974376
T300 (M60) (Driver),0xD05B27CD,3495634893,0,3492,0x800092E4,0xFFFFFFFF,0xD05B27CD
T300 (M60) (DriverGunner),0x19C77906,432503046,0,3493,0x80009319,0x00007706,0x19C77906
T300 (M60) (Full),0xD68EDD6A,3599687018,0,3494,0x8000931A,0x000092BB,0xD68EDD6A
Tank,0xC686AE99,3330715289,1,831,0x8000638A,0x00004EBA,0xC686AE99
Tank Bike,0x0ADFFAD4,182450900,1,2585,0x800085DE,0xFFFFFFFF,0x0ADFFAD4
Tank Commander,0x413AB10F,1094365455,1,2294,0x800082B8,0x000128A9,0x413AB10F
Tank Seat (Driver) (Civ),0xBF349994,3207895444,1,696,0x80005FB2,0x00006CD5,0xBF349994
Tank Seat (Driver) (VZ),0x0A5CB4A4,173847716,1,497,0x800056CE,0x0000F7B6,0x0A5CB4A4
Tank Seat (Gunner) (VZ),0xF2E099CF,4074805711,1,1205,0x80006CBD,0xFFFFFFFF,0xF2E099CF
Tank Shell (Artillery),0x724BBEC8,1917566664,1,4132,0x80009B30,0xFFFFFFFF,0x724BBEC8
Tank Shell (Default),0xAB81CFDB,2877411291,1,455,0x80005696,0x00008704,0xAB81CFDB
Tank Shell (Sabot),0x5FB2FB87,1605565319,1,4131,0x80009B2F,0x0000AC98,0x5FB2FB87
Tank Shell (Weak),0x3AC5E254,986047060,1,4130,0x80009B2E,0x00006F18,0x3AC5E254
TankBike_Driver,0xF04D95EB,4031616491,1,5384,0x8000A978,0x00013294,0xF04D95EB
Taxi (Tercel),0x3D094D4F,1024019791,0,3639,0x80009473,0x0000625F,0x3D094D4F
Taxi (Tercel) (Driver),0xC92AD97A,3375028602,0,4462,0x80009E28,0x0000F344,0xC92AD97A
Taxi (Tercel) (Driver) (Civ Taxi Driver male),0x7808D20E,2013843982,0,4463,0x80009E29,0x000105BB,0x7808D20E
TCTest1,0x201CAADF,538749663,0,530,0x80005B88,0x00001398,0x201CAADF
TCTest2,0x961FA338,2518655800,0,531,0x80005B89,0x0000F0D3,0x961FA338
Telephone Pole Test,0x56607881,1449162881,0,380,0x800051C0,0x0000B9B4,0x56607881
telephone wire,0xE631DF46,3862028102,0,1040,0x80006919,0xFFFFFFFF,0xE631DF46
telephones,0xA4D5C112,2765472018,0,112,0x80004C1D,0x0000B799,0xA4D5C112
Teleporter,0x60A7C059,1621606489,0,549,0x80005B9F,0xFFFFFFFF,0x60A7C059
Tercel_Driver,0xB97625FF,3111527935,0,5127,0x8000A46B,0x0000664C,0xB97625FF
terrain,0x19FC10AC,435949740,0,2,0x8000232D,0x00002294,0x19FC10AC
Terrain_128,0x0729ED62,120188258,0,343,0x80004E8F,0xFFFFFFFF,0x0729ED62
Terrain_512,0xF3D1E031,4090617905,0,642,0x80005C4A,0x00005B44,0xF3D1E031
Test Explosion Large,0xEAC413B5,3938718645,0,1801,0x80007634,0x00008519,0xEAC413B5
Test Explosion Medium,0xCC1BDA91,3424377489,0,3138,0x80008CFA,0x00005496,0xCC1BDA91
TestBossBattle,0xF1D8C824,4057516068,0,2909,0x80008940,0x00004986,0xF1D8C824
testdust,0x9623D53D,2518930749,0,1802,0x80007635,0x0000DE2E,0x9623D53D
testPris,0xEF2CD5E3,4012692963,0,3069,0x80008B98,0x00011D99,0xEF2CD5E3
testPris2,0x4C8103B3,1283523507,0,3070,0x80008B99,0x00009B7F,0x4C8103B3
testPris3,0xEA7E2AD6,3934137046,0,3071,0x80008B9A,0x00012F15,0xEA7E2AD6
testPris4,0xF48F83B5,4103046069,0,3072,0x80008B9B,0xFFFFFFFF,0xF48F83B5
TestSingleSpawn,0x535D2B8A,1398614922,0,546,0x80005B9B,0xFFFFFFFF,0x535D2B8A
TestSkirmish,0xE7A37705,3886249733,0,3087,0x80008BAB,0x0000E3ED,0xE7A37705
TestSpawn1,0x858B4C93,2240498835,0,38,0x8000450A,0x000117E5,0x858B4C93
TestSpawn2,0xAB8DC6FC,2878195452,0,42,0x8000450E,0x00005B88,0xAB8DC6FC
TestTree,0xD5A65B0D,3584449293,0,636,0x80005C42,0x000064C2,0xD5A65B0D
ThirstyFountain,0xD9EC1F0A,3656130314,0,104,0x80004C11,0x00013DDB,0xD9EC1F0A
Thunder,0x5404A661,1409590881,0,1679,0x800074A8,0x0000F6D8,0x5404A661
Thunder (black),0xB32B3EC3,3005955779,0,5603,0x8000AC52,0x0000B1F5,0xB32B3EC3
Thunder (blue),0xB2373196,2989961622,0,5606,0x8000AC55,0x00004E46,0xB2373196
Thunder (Driver),0x41BC9AFC,1102879484,0,1680,0x800074A9,0x00005E0C,0x41BC9AFC
Thunder (Driver) (Civ Business B Male),0x0B421BB2,188881842,0,4218,0x80009C70,0x0000673A,0x0B421BB2
Thunder (Driver) (Civ Business Female),0x4112D58D,1091753357,0,4219,0x80009C71,0x000095E5,0x4112D58D
Thunder (Driver) (Civ Business Male),0xBAA9A0A0,3131678880,0,4217,0x80009C6F,0xFFFFFFFF,0xBAA9A0A0
Thunder (Driver) (Civ Poor female),0x7FB36213,2142462483,0,4289,0x80009CBC,0xFFFFFFFF,0x7FB36213
Thunder (Driver) (Civ Poor Male),0x39F4B542,972338498,0,4288,0x80009CBB,0xFFFFFFFF,0x39F4B542
Thunder (Driver) (Civ Rich Female),0xEBF64761,3958785889,0,4221,0x80009C73,0x0000568D,0xEBF64761
Thunder (Driver) (Civ Rich Male),0x0F9A0C04,261753860,0,4220,0x80009C72,0xFFFFFFFF,0x0F9A0C04
Thunder (green),0xB2F606A3,3002468003,0,5607,0x8000AC56,0x0000D088,0xB2F606A3
Thunder (lightblue),0x7ED17AF8,2127657720,0,5609,0x8000AC58,0xFFFFFFFF,0x7ED17AF8
Thunder (orange),0x29654040,694501440,0,5608,0x8000AC57,0x0000F611,0x29654040
Thunder (red),0x17EDC823,401459235,0,5604,0x8000AC53,0xFFFFFFFF,0x17EDC823
Thunder (white),0x23FCA7D1,603760593,0,5605,0x8000AC54,0xFFFFFFFF,0x23FCA7D1
Thunder_Driver,0x56146B5A,1444178778,0,5059,0x8000A3F8,0x0000D3BB,0x56146B5A
Tiny Geometry Component Master,0x3A5B45C2,979060162,0,4750,0x8000A168,0x0000806E,0x3A5B45C2
TinyFlame,0x4FD293F4,1339200500,0,1102,0x80006A87,0x0001409C,0x4FD293F4
TinyGeometry,0xA5D1E0AB,2781995179,0,1917,0x80007B94,0xFFFFFFFF,0xA5D1E0AB
TinyGeometryHowto,0x0F613E38,258031160,0,5528,0x8000AADA,0xFFFFFFFF,0x0F613E38
TinyGeometryVZ,0xD1B92D9F,3518573983,0,1754,0x800075C3,0x00012115,0xD1B92D9F
TinyGeometryVZ_064,0x811764F8,2165794040,0,4968,0x8000A38F,0xFFFFFFFF,0x811764F8
TinyGeometryVZ_128,0x5853A8E1,1481877729,0,4967,0x8000A38E,0xFFFFFFFF,0x5853A8E1
TinyGeometryVZ_2048,0x18EA2F8C,418000780,0,2837,0x80008792,0x0000CC53,0x18EA2F8C
TinyGeometryVZ_256,0xF10D0A65,4044163685,0,4966,0x8000A38D,0x00010307,0xF10D0A65
TinyGeometryVZ_512,0x0C21C446,203539526,0,4965,0x8000A38C,0x000034E0,0x0C21C446
TiredBench,0x461B2F79,1176186745,0,105,0x80004C12,0x00013EBD,0x461B2F79
TiredBenchSpawner,0x4DC7CB7B,1304939387,0,1936,0x80007DFF,0xFFFFFFFF,0x4DC7CB7B
TiredBenchSpawner (Crying),0x065DF86C,106821740,0,1939,0x80007E03,0x000103C9,0x065DF86C
TOW Missile,0xE744DC15,3880049685,0,1135,0x80006B5E,0x0000003E,0xE744DC15
TOW Missile (Hellfire),0x415A7711,1096447761,0,5508,0x8000AAC3,0x000028C0,0x415A7711
TowerDestructTemplate,0xF25CC7D0,4066166736,0,2771,0x80008749,0xFFFFFFFF,0xF25CC7D0
Traffic Gur HQ List,0x976BBEE1,2540420833,0,2517,0x8000854E,0xFFFFFFFF,0x976BBEE1
Traffic Zones,0x13EEFF25,334429989,0,344,0x80004E90,0xFFFFFFFF,0x13EEFF25
TrafficLight_2,0xD2CEA177,3536757111,0,532,0x80005B8A,0x000066DB,0xD2CEA177
TrafficLight__,0x694D0AAE,1766656686,0,534,0x80005B8D,0x000128B8,0x694D0AAE
Trailer,0x8D3354FE,2368951550,0,1814,0x800076A5,0x00001CF0,0x8D3354FE
Trailer_Driver,0x8F5AF747,2405103431,0,5116,0x8000A45A,0xFFFFFFFF,0x8F5AF747
Transport Truck,0x190F4FD9,420433881,1,716,0x800060B7,0xFFFFFFFF,0x190F4FD9
Transport Truck (Driver),0x926CE734,2456610612,1,1591,0x8000723B,0xFFFFFFFF,0x926CE734
Transport Truck (Driver) (Mechanic male),0x3847E5AE,944235950,1,4427,0x80009E05,0x0000D17D,0x3847E5AE
Transport Truck_Ruined,0x73CCD9ED,1942804973,1,5214,0x8000A681,0xFFFFFFFF,0x73CCD9ED
Transport_Ruin,0x459EA631,1168025137,0,1086,0x80006A32,0x00004B04,0x459EA631
Transport_Ruin_Fire,0x063B655C,104555868,0,2024,0x800080C7,0xFFFFFFFF,0x063B655C
TransportTruck_Driver,0x20A97A76,547977846,1,5068,0x8000A401,0x0000E07B,0x20A97A76
trash01,0x33859570,864392560,0,3259,0x80008F39,0x00009213,0x33859570
Tree_Scrub,0x170A44B5,386548917,0,2043,0x800080DB,0x00009B26,0x170A44B5
TreeTrunkDebrisTemplate,0x5280B8DA,1384167642,0,3696,0x8000954D,0xFFFFFFFF,0x5280B8DA
TriggerTimer AllCon002 Pipes,0xB50876EA,3037230826,0,2676,0x8000867E,0x00002EB6,0xB50876EA
TriggerTimer AllCon002 Pipes Effect,0x7921548D,2032227469,0,3393,0x8000910D,0x0000FE74,0x7921548D
TrooperPooper,0x1A037D7D,436436349,0,1905,0x80007807,0x0001049B,0x1A037D7D
Turbosquid,0x072C3307,120337159,0,713,0x800060AF,0x0000F526,0x072C3307
Turbosquid (CIV),0x5C820F44,1552027460,0,1595,0x80007240,0xFFFFFFFF,0x5C820F44
Turbosquid (CIV) (Driver),0x26AF3A23,649017891,0,4662,0x80009FD8,0x00011093,0x26AF3A23
Turbosquid (CIV) (Driver) (Civ Poor female),0xE6C337D8,3871553496,0,4664,0x80009FDA,0x000121DB,0xE6C337D8
Turbosquid (CIV) (Driver) (Civ Poor male),0x24098509,604603657,0,4663,0x80009FD9,0x00009DC4,0x24098509
Turbosquid (CIV) (Driver) DEPRECATED,0xAF9255AE,2945602990,0,1598,0x80007243,0x0000593B,0xAF9255AE
Turbosquid (GR),0x25588685,626558597,0,1596,0x80007241,0x0000F301,0x25588685
Turbosquid (GR) (Driver),0x60D20390,1624376208,0,1599,0x80007244,0x0000B90D,0x60D20390
Turbosquid (GR) (DriverGunner),0xB868CBCF,3093875663,0,5627,0x8000AC7C,0xFFFFFFFF,0xB868CBCF
Turbosquid (GR) (Full),0x0764DF27,124051239,0,5148,0x8000A486,0xFFFFFFFF,0x0764DF27
Turbosquid (OC),0xAB3108D6,2872117462,0,1597,0x80007242,0x000036F6,0xAB3108D6
Turbosquid (OC) (Driver),0xCDE44AAD,3454290605,0,1600,0x80007245,0x0000FA4C,0xCDE44AAD
Turbosquid (OC) (Full),0x41E6A84A,1105635402,0,3840,0x800097F8,0x00010E4B,0x41E6A84A
Type 14310,0xB68095D8,3061880280,0,2218,0x800081F7,0x00013CBA,0xB68095D8
Type 14310 (Driver),0x29610037,694222903,0,2252,0x80008226,0x00002A4C,0x29610037
Type 14310 (Full),0xF594057C,4120118652,0,3688,0x80009537,0x0000F213,0xF594057C
Type 14310 (Non AA),0x611DF226,1629352486,0,5204,0x8000A5EC,0xFFFFFFFF,0x611DF226
Type 14310 (Non AA) (Driver),0x2D4BC03D,759939133,0,5205,0x8000A5ED,0x00013549,0x2D4BC03D
Type 14310 (Non AA) (Full),0xE646A49A,3863389338,0,5206,0x8000A5EE,0xFFFFFFFF,0xE646A49A
Type14310_Driver,0xCD6B097F,3446344063,0,5099,0x8000A424,0xFFFFFFFF,0xCD6B097F
U1 Transport (PMC) (AL Insertion),0x2FB13A66,800143974,0,2439,0x8000846E,0x000029E9,0x2FB13A66
U1 Transport (PMC) (CH Insertion),0xEF50F86C,4015061100,0,2441,0x80008470,0x00006736,0xEF50F86C
U1 Transport (PMC) (GR Insertion),0x964AB6EA,2521478890,0,2437,0x8000846C,0x0000D3C1,0x964AB6EA
U1 Transport (PMC) (OC Insertion),0x3A0624A1,973481121,0,2438,0x8000846D,0xFFFFFFFF,0x3A0624A1
U1 Transport (PMC) (PR Insertion),0xA71C3C19,2803645465,0,2440,0x8000846F,0xFFFFFFFF,0xA71C3C19
UH1,0x218895A3,562599331,1,853,0x800063A5,0xFFFFFFFF,0x218895A3
UH1 Attack,0xEE6C2DE9,4000067049,1,2173,0x800081C8,0x00011948,0xEE6C2DE9
UH1 Attack (PMC),0x89FBE62C,2314987052,1,2242,0x80008217,0x0000E70C,0x89FBE62C
UH1 Attack (PMC) (Driver),0x9FECF32B,2683106091,1,2247,0x8000821D,0xFFFFFFFF,0x9FECF32B
UH1 Attack (PMC) (Driver) (Railshooter),0x548C503E,1418481726,1,4935,0x8000A29D,0x00011497,0x548C503E
UH1 Attack (PMC) HelCon,0xE8ED7D25,3907878181,1,2682,0x80008684,0x00001FDF,0xE8ED7D25
UH1 Elite,0xA9674B56,2842118998,1,2176,0x800081CB,0x0000A1A6,0xA9674B56
UH1 Superiority,0x4015A778,1075160952,1,2174,0x800081C9,0x0000758C,0x4015A778
UH1 Transport,0xCA1D5C24,3390921764,1,855,0x800063A8,0xFFFFFFFF,0xCA1D5C24
UH1 Transport (GR),0x7EECCD94,2129448340,1,2232,0x80008205,0x0000959B,0x7EECCD94
UH1 Transport (GR) (Delivery),0xAEF1F11D,2935091485,1,1931,0x80007D93,0x00004135,0xAEF1F11D
UH1 Transport (GR) (Driver),0x05B41E73,95690355,1,2234,0x80008207,0xFFFFFFFF,0x05B41E73
UH1 Transport (GR) (Ewan),0x0CF7687A,217540730,1,5990,0x8000B372,0xFFFFFFFF,0x0CF7687A
UH1 Transport (GR) (Extraction),0x76D9AD80,1993977216,1,5833,0x8000AF8E,0x0001091D,0x76D9AD80
UH1 Transport (GR) (Full),0x1BAAE2A0,464183968,1,2494,0x80008529,0x00009C05,0x1BAAE2A0
UH1 Transport (GR) (Full) (RPG),0xDBFA90EA,3690631402,1,5577,0x8000AB75,0x0000619E,0xDBFA90EA
UH1 Transport (PMC),0x79415FA1,2034327457,1,2233,0x80008206,0xFFFFFFFF,0x79415FA1
UH1 Transport (PMC) (Driver),0x0CCF93BC,214930364,1,2235,0x80008208,0x00002F0A,0x0CCF93BC
UH1 Transport (PMC) (Extraction),0x1CB07287,481325703,1,2683,0x80008686,0x000114B5,0x1CB07287
UH1 Transport (PMC) (Ghost),0xECB8938F,3971519375,1,4902,0x8000A276,0x000018A9,0xECB8938F
UH1 Transport (Pursuit),0x81C04A3B,2176862779,1,4909,0x8000A280,0x00011B05,0x81C04A3B
UH1 Transport (Transit),0xAC41D6F2,2889996018,1,5807,0x8000AF70,0xFFFFFFFF,0xAC41D6F2
UnitList1,0xEFBB2A10,4022020624,0,40,0x8000450C,0x0000AAA7,0xEFBB2A10
UnlockableAbel,0x2D666C6B,761687147,0,2352,0x800082F9,0x00006F13,0x2D666C6B
UnlockableBlanco,0x82AEA2E8,2192483048,0,2349,0x800082F6,0xFFFFFFFF,0x82AEA2E8
UnlockableCarlos,0x8F185DB1,2400738737,0,2353,0x800082FA,0x000030AC,0x8F185DB1
UnlockableDiablo,0x26E87C5A,652770394,0,2342,0x800082EE,0x00007FAF,0x26E87C5A
UnlockableEva,0xB5471149,3041333577,0,2310,0x800082C8,0x0000ACC4,0xB5471149
UnlockableEwan,0x47966194,1201037716,0,2307,0x800082C5,0x0000139E,0x47966194
UnlockableFiona,0x84E26766,2229430118,0,2357,0x800082FE,0xFFFFFFFF,0x84E26766
UnlockableFire,0x9E408529,2655028521,0,2348,0x800082F5,0xFFFFFFFF,0x9E408529
UnlockableGauge,0x6CD8F24E,1826157134,0,2347,0x800082F4,0xFFFFFFFF,0x6CD8F24E
UnlockableGhost,0x025545AE,39142830,0,2344,0x800082F0,0x000102D2,0x025545AE
UnlockableHoang,0xC0D17EC6,3234954950,0,2350,0x800082F7,0xFFFFFFFF,0xC0D17EC6
UnlockableMisha,0xB74302B3,3074622131,0,2309,0x800082C7,0x00009BDC,0xB74302B3
UnlockableVasquez,0x8EE21A12,2397182482,0,2351,0x800082F8,0xFFFFFFFF,0x8EE21A12
UnlockableWingman,0xA944E334,2839864116,0,2354,0x800082FB,0x00003A0B,0xA944E334
UrbanCarList,0xD8C4E86B,3636783211,0,88,0x80004B91,0xFFFFFFFF,0xD8C4E86B
V22 (Delivery),0xA4F6D8C6,2767640774,0,889,0x800063DF,0x0000EEBB,0xA4F6D8C6
V22 (Driver),0x65E28854,1709344852,0,1783,0x800075E9,0x0000C509,0x65E28854
V22 - DO NOT USE,0x18EBA05D,418095197,0,76,0x80004A60,0x000048DA,0x18EBA05D
Valiant,0x540A0D66,1409944934,0,357,0x80004F44,0x0000A626,0x540A0D66
Valiant (4door),0x92CDA237,2462949943,0,2563,0x800085C3,0xFFFFFFFF,0x92CDA237
Valiant (4door) (Driver),0x89EFADE2,2314186210,0,4237,0x80009C83,0x00000BF3,0x89EFADE2
Valiant (4door) (Driver) (Civ Business B male),0xC78FAA18,3348081176,0,4428,0x80009E06,0x000060AF,0xC78FAA18
Valiant (base),0x23E1281A,601958426,0,63,0x80004742,0x0000F0F2,0x23E1281A
Valiant (crappy),0x1E22A2D4,505586388,0,2566,0x800085C9,0xFFFFFFFF,0x1E22A2D4
Valiant (crappy) (Driver),0x4530C533,1160824115,0,4429,0x80009E07,0xFFFFFFFF,0x4530C533
Valiant (crappy) (Driver) (Civ Poor female),0xD0A49A88,3500448392,0,4431,0x80009E09,0xFFFFFFFF,0xD0A49A88
Valiant (crappy) (Driver) (Civ Poor male),0xF47F02F9,4101964537,0,4430,0x80009E08,0xFFFFFFFF,0xF47F02F9
Valiant (Driver),0x6C5D91FD,1818071549,0,64,0x80004743,0x000115A6,0x6C5D91FD
Valiant (Driver) (Civ Business B male),0x7D56DF57,2102845271,0,4432,0x80009E0A,0xFFFFFFFF,0x7D56DF57
Valiant (Driver) (Civ casual female),0x3A038FA5,973311909,0,4234,0x80009C80,0xFFFFFFFF,0x3A038FA5
Valiant (Driver) (Civ casual male),0x38F88238,955810360,0,4233,0x80009C7F,0xFFFFFFFF,0x38F88238
Valiant (Driver) (Civ poor female),0x6F9DCC92,1872612498,0,4236,0x80009C82,0x00000D72,0x6F9DCC92
Valiant (Driver) (Civ poor male),0xD8A843B7,3634906039,0,4235,0x80009C81,0xFFFFFFFF,0xD8A843B7
Valiant (Python),0xCF4FA909,3478104329,0,4019,0x800099AA,0x00003B25,0xCF4FA909
Valiant (Python) (Mechanic male),0xEE96CC27,4002860071,0,5147,0x8000A485,0x0000B116,0xEE96CC27
Valiant_Driver,0xBEC37ADF,3200482015,0,5072,0x8000A405,0x00012095,0xBEC37ADF
ValiantCrappy_Driver,0xE0580DA0,3763867040,0,5139,0x8000A47B,0xFFFFFFFF,0xE0580DA0
ValiantPython_Driver,0xCB03BAA5,3406019237,0,5145,0x8000A482,0xFFFFFFFF,0xCB03BAA5
Van (base),0x07A72F20,128397088,0,1674,0x800074A3,0xFFFFFFFF,0x07A72F20
Van (Commercial),0x1410F16F,336654703,0,3640,0x80009474,0x00010716,0x1410F16F
Van (Commercial) (Driver),0x0C41679A,205612954,0,3642,0x80009476,0x0001385D,0x0C41679A
Van (Commercial) (Driver) (Civ Casual female),0x12368D32,305564978,0,4227,0x80009C79,0xFFFFFFFF,0x12368D32
Van (Commercial) (Driver) (Civ Casual male),0x0A2B92D7,170627799,0,4226,0x80009C78,0x00010587,0x0A2B92D7
Van (Commercial) (Driver) (Civ Industrial female),0x1F02BD0C,520273164,0,4433,0x80009E0B,0xFFFFFFFF,0x1F02BD0C
Van (Commercial) (Driver) (Civ Industrial male),0xE34E881D,3813574685,0,4434,0x80009E0C,0xFFFFFFFF,0xE34E881D
Van (Crappy),0x1405526A,335893098,0,1675,0x800074A4,0x00004D6F,0x1405526A
Van (Crappy) (Driver),0x6686F151,1720119633,0,1676,0x800074A5,0x00004EDA,0x6686F151
Van (Crappy) (Driver) (Civ Poor female),0xC4CDF206,3301831174,0,4436,0x80009E0E,0x000053E6,0xC4CDF206
Van (Crappy) (Driver) (Civ Poor male),0xAB04BE3B,2869214779,0,4435,0x80009E0D,0x00009A7B,0xAB04BE3B
Van (Green),0x4CD82092,1289232530,0,646,0x80005C5A,0x000083A7,0x4CD82092
Van (Green) (Driver),0x817DEE39,2172513849,0,813,0x8000624B,0x00004F27,0x817DEE39
Van (Green) (Driver) (Civ Poor female),0xB4B2273E,3031574334,0,4438,0x80009E10,0x00008D79,0xB4B2273E
Van (Green) (Driver) (Civ Poor male),0x50C518B3,1355094195,0,4437,0x80009E0F,0x0000B1B3,0x50C518B3
Van (Racing),0xB3F6FAA3,3019307683,0,1677,0x800074A6,0x00008C5F,0xB3F6FAA3
Van (Racing) (Driver),0xF9CEA07E,4191068286,0,1678,0x800074A7,0x00006BF7,0xF9CEA07E
Van (Racing) (Driver) (Civ Motorcycle male),0x6970528B,1768968843,1,4439,0x80009E11,0x0000AAF9,0x6970528B
Van (Taxi),0x89323325,2301768485,0,3638,0x80009472,0xFFFFFFFF,0x89323325
Van (Taxi) (Driver),0x36BE9030,918458416,0,3641,0x80009475,0x00001CCA,0x36BE9030
Van (Taxi) (Driver) (Civ Taxi Driver male),0x1073BB1C,276019996,0,4440,0x80009E12,0x00000616,0x1073BB1C
Van_Driver,0x35634C45,895700037,0,5067,0x8000A400,0x000133A2,0x35634C45
Vanquish,0x7E6FC182,2121253250,0,2250,0x80008220,0x00003DA3,0x7E6FC182
Vanquish (base),0xCA4FDA36,3394230838,0,2605,0x800085F3,0x000077E7,0xCA4FDA36
Vanquish (Racing),0x1B533F71,458440561,0,2604,0x800085F2,0x0000098D,0x1B533F71
Vanquish_Driver,0xE6C5B343,3871716163,0,5397,0x8000A989,0x00001D6E,0xE6C5B343
VanRacing_Driver,0x491C15DF,1226577375,0,5140,0x8000A47C,0x0000AB84,0x491C15DF
Vehicle A12ATGM Missile,0x8D37601C,2369216540,0,2600,0x800085EE,0xFFFFFFFF,0x8D37601C
Vehicle AA Missile,0x64008733,1677756211,0,2429,0x80008461,0x0000DD66,0x64008733
Vehicle AA Missile (sidewinder),0x5996DDFE,1503059454,0,5504,0x8000AABF,0x00004FB0,0x5996DDFE
Vehicle AA Missile (stinger),0xA7913CBC,2811313340,0,5505,0x8000AAC0,0x00011CFA,0xA7913CBC
Vehicle AT Missile,0xDCAE66D6,3702417110,0,2431,0x80008463,0x00013765,0xDCAE66D6
Vehicle AT Missile (Hellfire),0x6951B31C,1766961948,0,4107,0x80009B16,0x00001CA8,0x6951B31C
Vehicle AT Missile (mi35),0x655324B9,1699947705,1,5506,0x8000AAC1,0xFFFFFFFF,0x655324B9
Vehicle Camera (LargeA) (Driver),0x2F044516,788808982,0,1439,0x80006F87,0x000101C5,0x2F044516
Vehicle Camera (LargeA) (front_right),0x175A6E7C,391802492,0,1440,0x80006F88,0x0000BBE3,0x175A6E7C
Vehicle Camera (LargeA) (rear_left),0x7A697900,2053732608,0,1456,0x80006F98,0x00010E8D,0x7A697900
Vehicle Camera (LargeA) (rear_right),0x84E1DA0B,2229393931,0,1455,0x80006F97,0x00010D4B,0x84E1DA0B
Vehicle Camera (LargeB) (Driver),0x85DF704D,2246013005,0,1451,0x80006F93,0x0000A407,0x85DF704D
Vehicle Camera (LargeB) (front_right),0x0595F839,93714489,0,1452,0x80006F94,0x0000E5E1,0x0595F839
Vehicle Camera (LargeB) (rear_left),0xFD105EC9,4245708489,0,1462,0x80006F9E,0xFFFFFFFF,0xFD105EC9
Vehicle Camera (LargeB) (rear_right),0x6FA03DD0,1872772560,0,1461,0x80006F9D,0x00001528,0x6FA03DD0
Vehicle Camera (LargeC) (Driver),0xA2DB7EA8,2732293800,0,1427,0x80006F7B,0xFFFFFFFF,0xA2DB7EA8
Vehicle Camera (LargeC) (front_right),0x3DD6087A,1037437050,0,1430,0x80006F7E,0x000066A5,0x3DD6087A
Vehicle Camera (Medium) (Driver),0x5903B001,1493413889,0,1443,0x80006F8B,0x0000ABD2,0x5903B001
Vehicle Camera (Medium) (front_right),0x39D3E695,970188437,0,1444,0x80006F8C,0x00010564,0x39D3E695
Vehicle Camera (Medium) (Rear Gunner),0x16A4173E,379852606,0,1445,0x80006F8D,0x000078B4,0x16A4173E
Vehicle Camera (Small) (Driver),0xDF62F009,3747803145,0,1435,0x80006F83,0xFFFFFFFF,0xDF62F009
Vehicle Camera (Small) (front_right),0x6A536B0D,1783851789,0,1436,0x80006F84,0x0000A7F2,0x6A536B0D
Vehicle Cargo (DoNotUse),0x732BFA4D,1932261965,0,2612,0x800085FB,0x00009489,0x732BFA4D
Vehicle Chunk Set (Armored),0x77C213C7,2009207751,0,6083,0x900001C5,0xFFFFFFFF,0x77C213C7
Vehicle Chunk Set (Extra Large),0x117A6C04,293235716,0,845,0x8000639C,0x0000B99E,0x117A6C04
Vehicle Chunk Set (LargeA),0xF11CF3BB,4045206459,0,844,0x8000639B,0x0000817E,0xF11CF3BB
Vehicle Chunk Set (LargeB),0xB5F3AC76,3052645494,0,860,0x800063B5,0x00011392,0xB5F3AC76
Vehicle Chunk Set (Medium),0xF85207DA,4166125530,0,1202,0x80006CB2,0x000042C3,0xF85207DA
Vehicle Chunk Set (Motorcycle),0xF21E5DF8,4062076408,1,846,0x8000639D,0x00003D28,0xF21E5DF8
Vehicle Chunk Set (Small),0xA545B962,2772810082,0,843,0x8000639A,0x00011608,0xA545B962
Vehicle Class (2seat w/ Rear Gunner),0x1CAA032A,480903978,0,882,0x800063D7,0x00007EF2,0x1CAA032A
Vehicle Class (2seat),0xB40E7285,3020845701,0,704,0x80005FBB,0x0000177F,0xB40E7285
Vehicle Class (4seat w/ Rear Gunner),0x17745348,393499464,0,885,0x800063DA,0x00011867,0x17745348
Vehicle Class (4seat w/ Rear Gunner) (Full) (GR),0xA56A034C,2775188300,0,1168,0x80006C80,0x000033AE,0xA56A034C
Vehicle Class (4seat w/ Rear Gunner) (Full) (OC),0x991FAC2B,2568989739,0,1173,0x80006C85,0x00012F65,0x991FAC2B
Vehicle Class (4seat),0x57931C4F,1469258831,0,881,0x800063D6,0x00005136,0x57931C4F
Vehicle Class (Buggy),0x0F495930,256465200,1,848,0x8000639F,0x0000506A,0x0F495930
Vehicle Class (LargeB),0xA1E06D53,2715839827,0,715,0x800060B6,0xFFFFFFFF,0xA1E06D53
Vehicle Class (Medium),0xE0E69EBB,3773210299,0,703,0x80005FBA,0x00009DE4,0xE0E69EBB
Vehicle Class (Small),0x0B561C45,190192709,0,702,0x80005FB9,0x00000315,0x0B561C45
Vehicle Entrance,0x7A4310F3,2051215603,0,54,0x80004649,0xFFFFFFFF,0x7A4310F3
Vehicle Entrance (_Default Boat),0x2FAE9FA6,799973286,1,4735,0x8000A092,0x00001619,0x2FAE9FA6
Vehicle Entrance (_Default Boat) Small Radius,0x130EE163,319742307,1,5390,0x8000A981,0x0000EA8A,0x130EE163
Vehicle Entrance (_Default),0x1E6DF616,510522902,0,1212,0x80006CC6,0x00006C17,0x1E6DF616
Vehicle Entrance (_Default) MatchSpeedonExit,0x01E97725,32077605,0,5404,0x8000A995,0x000019B7,0x01E97725
Vehicle Entrance (Action Hijack) (AH1Z),0x155792CB,358060747,1,3224,0x80008F0A,0x0000E2BF,0x155792CB
Vehicle Entrance (Action Hijack) (AMX30 AA),0x38EDD3EC,955110380,1,2971,0x800089FF,0x000044A9,0x38EDD3EC
Vehicle Entrance (Action Hijack) (AMX30),0x098E2A74,160311924,1,1684,0x800074BE,0x0000FCCC,0x098E2A74
Vehicle Entrance (Action Hijack) (Armored Bank Truck),0xD8F3BB56,3639851862,1,3648,0x800094E2,0x000099FE,0xD8F3BB56
Vehicle Entrance (Action Hijack) (F35b),0x522A4BA1,1378503585,1,1139,0x80006B62,0x00007C1C,0x522A4BA1
Vehicle Entrance (Action Hijack) (Ka29b),0x3F3A3CE4,1060781284,1,3650,0x800094E6,0xFFFFFFFF,0x3F3A3CE4
Vehicle Entrance (Action Hijack) (M113),0xE2CF0943,3805219139,1,3227,0x80008F0E,0x000129E4,0xE2CF0943
Vehicle Entrance (Action Hijack) (M1A2),0x6A680ECC,1785204428,1,3062,0x80008B8F,0x0000A30D,0x6A680ECC
Vehicle Entrance (Action Hijack) (M2A3),0xA17E6C56,2709417046,1,2872,0x80008919,0x000042A8,0xA17E6C56
Vehicle Entrance (Action Hijack) (M551),0x518B06ED,1368065773,1,3452,0x800092BA,0x00004D74,0x518B06ED
Vehicle Entrance (Action Hijack) (MD500),0xD2D32C0D,3537054733,1,1138,0x80006B61,0x0000EE03,0xD2D32C0D
Vehicle Entrance (Action Hijack) (MH53J Pavelow),0xF2DA1950,4074379600,1,2970,0x800089FE,0x0000CE6D,0xF2DA1950
Vehicle Entrance (Action Hijack) (Mi26),0xB5F3795B,3052632411,1,3454,0x800092BC,0x00008C65,0xB5F3795B
Vehicle Entrance (Action Hijack) (Mi35 Solano),0x7F1FFF69,2132803433,1,3446,0x800092B4,0x00012A07,0x7F1FFF69
Vehicle Entrance (Action Hijack) (Mi35),0xE5E8BF9F,3857235871,1,3223,0x80008F09,0x000054B2,0xE5E8BF9F
Vehicle Entrance (Action Hijack) (PGZ95),0xD7ADF06A,3618500714,1,2967,0x800089EE,0x0000101E,0xD7ADF06A
Vehicle Entrance (Action Hijack) (PLZ45),0x3E083794,1040725908,1,3449,0x800092B7,0xFFFFFFFF,0x3E083794
Vehicle Entrance (Action Hijack) (Scorpion90),0xADC54D35,2915388725,1,1136,0x80006B5F,0x0000C667,0xADC54D35
Vehicle Entrance (Action Hijack) (Stingray II),0x3DFDEBAA,1040051114,1,1213,0x80006CC7,0x00001A4D,0x3DFDEBAA
Vehicle Entrance (Action Hijack) (UH1),0x546B7A35,1416329781,1,2972,0x80008A00,0x0000F1A4,0x546B7A35
Vehicle Entrance (Action Hijack) (WZ10),0x9E49FA89,2655648393,0,3066,0x80008B93,0x000106C5,0x9E49FA89
Vehicle Entrance (Action Hijack) (WZ551),0x81D36417,2178114583,1,3453,0x800092BB,0x00004EDE,0x81D36417
Vehicle Entrance (Action Hijack) (ZBD2000),0x9D58E683,2639849091,0,2968,0x800089F0,0x00007B99,0x9D58E683
Vehicle Entrance (Action Hijack) (ZTZ63a),0x4D4A5673,1296717427,1,1685,0x800074BF,0x00012338,0x4D4A5673
Vehicle Entrance (Action Hijack) (ZTZ98),0xB990D3B0,3113276336,1,1215,0x80006CC9,0x00005E28,0xB990D3B0
Vehicle Entrance (Airboat Entrance Left),0xAE0D5BA3,2920111011,1,5392,0x8000A984,0x0000C8D8,0xAE0D5BA3
Vehicle Entrance (Airboat Entrance Right),0x1F3E218A,524165514,1,5393,0x8000A985,0xFFFFFFFF,0x1F3E218A
Vehicle Entrance (Alouette3 Driver),0x790EC576,2031011190,1,1211,0x80006CC5,0xFFFFFFFF,0x790EC576
Vehicle Entrance (APC Rear Hatch),0x147B03C6,343606214,1,3228,0x80008F0F,0xFFFFFFFF,0x147B03C6
Vehicle Entrance (Armored Bank Truck Rear),0x6FF33079,1878208633,1,3042,0x80008B7B,0xFFFFFFFF,0x6FF33079
Vehicle Entrance (Barco) (Driver),0x84CC9268,2227999336,0,3847,0x80009802,0x0000EA31,0x84CC9268
Vehicle Entrance (Boarding Entrance),0xBC368B84,3157691268,0,711,0x80005FDA,0xFFFFFFFF,0xBC368B84
Vehicle Entrance (Boarding Entrance) Speedboat,0xB60128C3,3053529283,1,5132,0x8000A473,0x00010893,0xB60128C3
Vehicle Entrance (Boarding Exit),0x2BB6EBA2,733408162,0,3222,0x80008F08,0x0000ABD8,0x2BB6EBA2
Vehicle Entrance (CH Destroyer) (Driver),0x2014C719,538232601,1,5502,0x8000AABD,0xFFFFFFFF,0x2014C719
Vehicle Entrance (Cutter Rear Top),0x3E64FABE,1046805182,0,4934,0x8000A29C,0x0000C8FC,0x3E64FABE
Vehicle Entrance (Dinghy Entrance Left),0x97E00B58,2548042584,1,5395,0x8000A987,0x000013C8,0x97E00B58
Vehicle Entrance (Dinghy Entrance Right),0xEC65DEE3,3966099171,1,5394,0x8000A986,0x00001564,0xEC65DEE3
Vehicle Entrance (Entrance Front Left),0x531E3F0C,1394491148,0,700,0x80005FB7,0x00010D6A,0x531E3F0C
Vehicle Entrance (Entrance Front Right),0xD23F20BF,3527352511,0,701,0x80005FB8,0x000003F8,0xD23F20BF
Vehicle Entrance (Entrance Middle Left),0x22F97470,586773616,0,3621,0x80009461,0x0001010E,0x22F97470
Vehicle Entrance (Entrance Middle Right),0x545CD87B,1415370875,0,3622,0x80009462,0x000038FF,0x545CD87B
Vehicle Entrance (Entrance Rear Gunner),0x19550473,425002099,0,4398,0x80009DCA,0xFFFFFFFF,0x19550473
Vehicle Entrance (Entrance Rear Left),0x69E8FD09,1776876809,0,1163,0x80006C76,0x0000B154,0x69E8FD09
Vehicle Entrance (Entrance Rear Middle),0x096397DD,157521885,0,3061,0x80008B8E,0x00007B0A,0x096397DD
Vehicle Entrance (Entrance Rear Right),0x4CFBAD10,1291562256,0,1162,0x80006C75,0x00006CC7,0x4CFBAD10
Vehicle Entrance (EXT Rear Hatch),0x5BA9046D,1537803373,0,4672,0x80009FE2,0x00008B54,0x5BA9046D
Vehicle Entrance (Extraction) (Entrance Rear Left),0x879E8BBB,2275314619,0,4410,0x80009DEF,0x0000A406,0x879E8BBB
Vehicle Entrance (Extraction) (Entrance Rear Right),0x54E244E2,1424114914,0,4413,0x80009DF2,0x00001458,0x54E244E2
Vehicle Entrance (Fishing Boat Driver),0x1CFCEF3C,486338364,1,4948,0x8000A2AE,0x0000DE35,0x1CFCEF3C
Vehicle Entrance (Guntruck Rear Middle),0x4AF3110E,1257443598,1,5212,0x8000A5F4,0x00004F2E,0x4AF3110E
Vehicle Entrance (Huangfeng Driver),0x89262A07,2300979719,1,4949,0x8000A2AF,0xFFFFFFFF,0x89262A07
Vehicle Entrance (Jetski Entrance Left),0xDCE5469B,3706013339,0,4395,0x80009DC7,0x00005F74,0xDCE5469B
Vehicle Entrance (Jetski Entrance Right),0xCDC4C1C2,3452223938,0,4396,0x80009DC8,0xFFFFFFFF,0xCDC4C1C2
Vehicle Entrance (Jetski Entrance Top),0x599BB107,1503375623,0,4397,0x80009DC9,0x0000D04D,0x599BB107
Vehicle Entrance (Ka29b Driver),0x2C59AD71,744074609,1,3649,0x800094E5,0xFFFFFFFF,0x2C59AD71
Vehicle Entrance (Ka29b Rear Left),0xF9E85EFC,4192755452,1,3459,0x800092C1,0x0000F336,0xF9E85EFC
Vehicle Entrance (Ka29b Rear Right),0x193FA42F,423601199,1,3460,0x800092C2,0x0000FCD0,0x193FA42F
Vehicle Entrance (Ladder),0xA5E62C0C,2783325196,0,3420,0x80009190,0x0000918E,0xA5E62C0C
Vehicle Entrance (Ladder) (Boat),0xFC1AFCB7,4229627063,1,4273,0x80009CAC,0x0000B0A4,0xFC1AFCB7
Vehicle Entrance (Ladder) Boat,0xD0CCBF76,3503079286,1,5402,0x8000A991,0xFFFFFFFF,0xD0CCBF76
Vehicle Entrance (Ladder) Long,0x34975F2A,882335530,0,5131,0x8000A472,0x0000DBC5,0x34975F2A
Vehicle Entrance (Ladder) Long Boat,0x86D24820,2261927968,1,5401,0x8000A990,0xFFFFFFFF,0x86D24820
Vehicle Entrance (Ladder) Small Radius,0x11CF9D89,298818953,0,5278,0x8000A87A,0x00001941,0x11CF9D89
Vehicle Entrance (LAVIII 25 Gunner),0xA6C26784,2797758340,1,5202,0x8000A5EA,0x0000599D,0xA6C26784
Vehicle Entrance (LAVIII Driver),0x44554A38,1146440248,1,2504,0x8000853A,0x0000CB6A,0x44554A38
Vehicle Entrance (LAVIII Gunner),0xBD7BD769,3179009897,1,4733,0x8000A027,0x0000E86F,0xBD7BD769
Vehicle Entrance (LAVIII MGS Driver),0x3A01CD63,973196643,1,4952,0x8000A2B2,0x00006D26,0x3A01CD63
Vehicle Entrance (LAVIII MGS Gunner),0xFBA91556,4222162262,1,4950,0x8000A2B0,0x0000628B,0xFBA91556
Vehicle Entrance (LAVIII MGS Rear Left),0xD26C0F5A,3530297178,1,4951,0x8000A2B1,0x0000EB52,0xD26C0F5A
Vehicle Entrance (LAVIII Rear Left),0x4CC53CB7,1287994551,1,2511,0x80008541,0xFFFFFFFF,0x4CC53CB7
Vehicle Entrance (LAVIII Rear Right),0x0FAEE3B6,263119798,1,2512,0x80008542,0xFFFFFFFF,0x0FAEE3B6
Vehicle Entrance (LCUR Driver),0xD24BFD9A,3528195482,0,4931,0x8000A299,0x00009012,0xD24BFD9A
Vehicle Entrance (M113 Driver Hatch),0x59E11458,1507923032,1,1176,0x80006C88,0xFFFFFFFF,0x59E11458
Vehicle Entrance (M2A3 Gunner),0x0D310FF4,221319156,1,4941,0x8000A2A7,0x000063F6,0x0D310FF4
Vehicle Entrance (M2A3 Rear Hatch),0xC9CF6F4B,3385814859,1,2485,0x80008517,0xFFFFFFFF,0xC9CF6F4B
Vehicle Entrance (MD500 Driver),0x45A81402,1168643074,1,4667,0x80009FDD,0x00013C3E,0x45A81402
Vehicle Entrance (MH53J Driver),0x5B32A391,1530045329,1,3652,0x800094EE,0xFFFFFFFF,0x5B32A391
Vehicle Entrance (MH53J Rear Doors),0xF55ABB04,4116364036,1,4253,0x80009C98,0xFFFFFFFF,0xF55ABB04
Vehicle Entrance (Mi26) (seat_rear_right),0x21905F76,563109750,1,4924,0x8000A292,0x0000C6FA,0x21905F76
Vehicle Entrance (Omen Entrance Rear),0xC9266137,3374735671,0,5396,0x8000A988,0x00008499,0xC9266137
Vehicle Entrance (Patrol Boat) (Driver),0x1D7B69B5,494627253,1,4399,0x80009DCB,0xFFFFFFFF,0x1D7B69B5
Vehicle Entrance (Patrol Boat) (Gunner),0x5195583C,1368741948,1,4400,0x80009DCC,0xFFFFFFFF,0x5195583C
Vehicle Entrance (Patrol Boat) (Passenger),0xD1549593,3511981459,1,4401,0x80009DCD,0xFFFFFFFF,0xD1549593
Vehicle Entrance (Piranha Gunner),0xCA0E1D72,3389922674,1,5400,0x8000A98F,0xFFFFFFFF,0xCA0E1D72
Vehicle Entrance (Piranha MKII Driver),0x56D56C95,1456827541,1,4679,0x80009FEA,0x0000EC81,0x56D56C95
Vehicle Entrance (PLZ45 Rear Hatch),0x9419A4C7,2484708551,1,3803,0x800097C0,0xFFFFFFFF,0x9419A4C7
Vehicle Entrance (Salton Seahorse Front Left),0x3BDF5031,1004490801,1,4932,0x8000A29A,0x00004CE1,0x3BDF5031
Vehicle Entrance (Salton Seahorse Front Left) Long,0xB7524A65,3075623525,1,5129,0x8000A470,0x00009DC0,0xB7524A65
Vehicle Entrance (Salton Seahorse Front Right),0xB9C424B8,3116639416,1,4933,0x8000A29B,0x0000A83E,0xB9C424B8
Vehicle Entrance (Salton Seahorse Front Right) Long,0x02282B6E,36186990,1,5130,0x8000A471,0x00009DFB,0x02282B6E
Vehicle Entrance (Scorpion90 Driver),0x74D04970,1959807344,1,1203,0x80006CBA,0xFFFFFFFF,0x74D04970
Vehicle Entrance (Tank Hatch Driver),0xDFF538EE,3757390062,1,1174,0x80006C86,0x0000945F,0xDFF538EE
Vehicle Entrance (Tank Hatch Gunner),0xC824D93B,3357858107,1,1434,0x80006F82,0x000108E3,0xC824D93B
Vehicle Entrance (Turbosquid Driver),0x64883B22,1686649634,0,3838,0x800097F6,0xFFFFFFFF,0x64883B22
Vehicle Entrance (Turbosquid Gunner),0x61B2C88F,1639106703,0,3839,0x800097F7,0x0000FA4A,0x61B2C88F
Vehicle Entrance (Turbosquid Passenger),0xE6A83572,3869783410,0,3841,0x800097F9,0xFFFFFFFF,0xE6A83572
Vehicle Entrance (Type 14130 Gunner Front),0x5F2D17AB,1596790699,0,4692,0x80009FF9,0x0000EA8E,0x5F2D17AB
Vehicle Entrance (Type 14310 Driver),0xF35695E1,4082537953,0,4704,0x8000A00A,0x0000FE95,0xF35695E1
Vehicle Entrance (UH1 Back Left),0x553F473E,1430210366,1,4260,0x80009C9F,0xFFFFFFFF,0x553F473E
Vehicle Entrance (UH1 Back Right),0xF0C093A9,4039152553,1,4259,0x80009C9E,0xFFFFFFFF,0xF0C093A9
Vehicle Entrance (UH1 Driver),0xC826006A,3357933674,1,3651,0x800094ED,0xFFFFFFFF,0xC826006A
Vehicle Entrance (UH1 Middle Left),0x2F06893C,788957500,1,4261,0x80009CA0,0xFFFFFFFF,0x2F06893C
Vehicle Entrance (UH1 Middle Right),0x3C16776F,1008105327,1,4262,0x80009CA1,0x000122B4,0x3C16776F
Vehicle Entrance (UH1 Rear Left),0x9B0B2435,2601198645,1,4257,0x80009C9C,0x0000DC67,0x9B0B2435
Vehicle Entrance (UH1 Rear Right),0xCEF29274,3472003700,1,4258,0x80009C9D,0xFFFFFFFF,0xCEF29274
Vehicle Entrance (WZ551 Driver),0xC61B3E1C,3323674140,1,1693,0x800074CA,0xFFFFFFFF,0xC61B3E1C
Vehicle Entrance (WZ551 Gunner),0x8A95B25D,2325066333,1,1694,0x800074CB,0x000074DD,0x8A95B25D
Vehicle Entrance (WZ551 Passenger),0x1CC7AB30,482847536,1,3819,0x800097D4,0xFFFFFFFF,0x1CC7AB30
Vehicle Entrance (ZBD2000 Driver),0x9C406008,2621464584,0,3821,0x800097D6,0x000131C6,0x9C406008
Vehicle Entrance (ZBD2000 Gunner),0x3C2CC799,1009567641,0,3822,0x800097D7,0xFFFFFFFF,0x3C2CC799
Vehicle Entrance (ZBD2000 Passenger),0xC09352FC,3230880508,0,3823,0x800097D8,0x00010CE9,0xC09352FC
Vehicle Entrance M35 Boarding Left,0xABC61C29,2881887273,1,5134,0x8000A475,0x0001260C,0xABC61C29
Vehicle Entrance M35 Boarding Right,0xF49CD850,4103919696,1,5136,0x8000A477,0xFFFFFFFF,0xF49CD850
Vehicle LockOn Missile,0x49F1FC77,1240595575,0,3659,0x8000951A,0xFFFFFFFF,0x49F1FC77
Vehicle Repair Pad,0xBDB19EB9,3182534329,0,4913,0x8000A284,0x00009C83,0xBDB19EB9
Vehicle Repair Pickup,0x1CAB20C6,480977094,0,6020,0x900000D4,0x000082C2,0x1CAB20C6
Vehicle Rider Setup (HMMWV) (Soldiers),0xDC158E0C,3692400140,0,3542,0x8000934A,0xFFFFFFFF,0xDC158E0C
Vehicle Rider Setup (LAVIII) (Soldiers),0xF3E353B1,4091761585,1,3242,0x80008F1E,0x0000EC57,0xF3E353B1
Vehicle Rider Setup (SX2150) (Soldiers),0x4974993C,1232378172,0,3523,0x80009337,0xFFFFFFFF,0x4974993C
Vehicle Ruins,0xAA5A7CD2,2858056914,0,6119,0x900001F1,0x0000686D,0xAA5A7CD2
Vehicle Seat,0xB6A14F9E,3064024990,0,51,0x80004646,0x00010E3E,0xB6A14F9E
Vehicle Seat (2 Seat) (seat_driver),0x4B53001D,1263730717,0,1189,0x80006CA0,0x0000FD8E,0x4B53001D
Vehicle Seat (2 Seat) (seat_driver) (Camera LargeA),0x134CB5CF,323794383,0,1441,0x80006F89,0x0000C1F3,0x134CB5CF
Vehicle Seat (2 Seat) (seat_driver) (Camera LargeB),0x382405AA,941884842,0,1453,0x80006F95,0x0000EF65,0x382405AA
Vehicle Seat (2 Seat) (seat_driver) (Camera LargeC),0xC4A3ACF1,3299060977,0,1428,0x80006F7C,0x00009E0A,0xC4A3ACF1
Vehicle Seat (2 Seat) (seat_driver) (Camera Medium),0x28BEE44E,683598926,0,1449,0x80006F91,0x00006838,0x28BEE44E
Vehicle Seat (2 Seat) (seat_driver) (Camera Small),0x74CA85BE,1959429566,0,1437,0x80006F85,0xFFFFFFFF,0x74CA85BE
Vehicle Seat (2 Seat) (seat_front_right),0xCE7B0729,3464169257,0,1190,0x80006CA1,0x00001018,0xCE7B0729
Vehicle Seat (2 Seat) (seat_front_right) (Camera LargeA),0x03E38293,65241747,0,1442,0x80006F8A,0x0000E941,0x03E38293
Vehicle Seat (2 Seat) (seat_front_right) (Camera LargeB),0xE90A1F8E,3909754766,0,1454,0x80006F96,0x00003755,0xE90A1F8E
Vehicle Seat (2 Seat) (seat_front_right) (Camera LargeC),0x064F89B5,105875893,0,1429,0x80006F7D,0x0000B28E,0x064F89B5
Vehicle Seat (2 Seat) (seat_front_right) (Camera Medium),0x1F337852,523466834,0,1450,0x80006F92,0x00005365,0x1F337852
Vehicle Seat (2 Seat) (seat_front_right) (Camera Small),0xD7C54BAA,3620031402,0,1438,0x80006F86,0x000104AA,0xD7C54BAA
Vehicle Seat (3 Seat) (seat_driver),0x3E3B9634,1044092468,0,1177,0x80006C89,0xFFFFFFFF,0x3E3B9634
Vehicle Seat (3 Seat) (seat_driver) (Camera Medium),0x3BE093CB,1004573643,0,1446,0x80006F8E,0x00003A54,0x3BE093CB
Vehicle Seat (3 Seat) (seat_front_right),0x1769414E,392773966,0,1179,0x80006C8B,0xFFFFFFFF,0x1769414E
Vehicle Seat (3 Seat) (seat_front_right) (Camera Medium),0x426A8A05,1114278405,0,1447,0x80006F8F,0x0000BEAE,0x426A8A05
Vehicle Seat (3 Seat) (seat_gunner_rearcenter),0x13ADE31B,330162971,0,1178,0x80006C8A,0xFFFFFFFF,0x13ADE31B
Vehicle Seat (3 Seat) (seat_gunner_rearcenter) (Camera Medium),0x617799CC,1635228108,0,1448,0x80006F90,0x00003136,0x617799CC
Vehicle Seat (4 seat Car w/Gunner) (seat_gunner),0x1F789BEF,527997935,0,1159,0x80006C72,0xFFFFFFFF,0x1F789BEF
Vehicle Seat (4 Seat Car w/Gunner) (seat_rear_left),0xB90AAC3C,3104484412,0,1160,0x80006C73,0xFFFFFFFF,0xB90AAC3C
Vehicle Seat (4 Seat Car w/Gunner) (seat_rear_left) (GR),0xB778149C,3078100124,0,1164,0x80006C7C,0x00005F9F,0xB778149C
Vehicle Seat (4 Seat Car w/Gunner) (seat_rear_left) (OC),0xC76527DB,3345295323,0,1171,0x80006C83,0x0001041E,0xC76527DB
Vehicle Seat (4 Seat Car w/Gunner) (seat_rear_right),0x8099906F,2157547631,0,1161,0x80006C74,0x0000D143,0x8099906F
Vehicle Seat (4 Seat Car w/Gunner) (seat_rear_right) (GR),0x619A4BFD,1637501949,0,1165,0x80006C7D,0x0000CC0C,0x619A4BFD
Vehicle Seat (4 Seat Car w/Gunner) (seat_rear_right) (OC),0xDEF9E57E,3740919166,0,1172,0x80006C84,0x00012CB7,0xDEF9E57E
Vehicle Seat (4 Seat Car) (seat_driver),0xDDCB911D,3721105693,0,887,0x800063DC,0x0000C8A7,0xDDCB911D
Vehicle Seat (4 Seat Car) (seat_driver) (GR),0xCA5B7F8F,3394994063,0,1167,0x80006C7F,0x0000727B,0xCA5B7F8F
Vehicle Seat (4 Seat Car) (seat_driver) (OC),0x1385A3D0,327525328,0,1169,0x80006C81,0x0000D05B,0x1385A3D0
Vehicle Seat (4 Seat Car) (seat_front_right),0x67887A29,1736997417,0,888,0x800063DD,0x0000038A,0x67887A29
Vehicle Seat (4 Seat Car) (seat_front_right) (GR),0x28F5ACDB,687189211,0,1166,0x80006C7E,0x0000056C,0x28F5ACDB
Vehicle Seat (4 Seat Car) (seat_front_right) (OC),0x354003FC,893387772,0,1170,0x80006C82,0x0000E7A9,0x354003FC
Vehicle Seat (4 Seat Car) (seat_rear_left),0x06FBE959,117172569,0,1157,0x80006C70,0x00012300,0x06FBE959
Vehicle Seat (4 Seat Car) (seat_rear_right),0x784C2E20,2018258464,0,1158,0x80006C71,0xFFFFFFFF,0x784C2E20
Vehicle Seat (4 Seat) (seat_driver) (Camera LargeA),0xD29D48B5,3533523125,0,1587,0x80007237,0x00013089,0xD29D48B5
Vehicle Seat (4 Seat) (seat_driver) (Camera LargeB),0xC313000C,3272802316,0,1457,0x80006F99,0x0000FB52,0xC313000C
Vehicle Seat (4 Seat) (seat_front_right) (Camera LargeA),0x55975DF5,1435983349,0,1588,0x80007238,0x0000E591,0x55975DF5
Vehicle Seat (4 Seat) (seat_front_right) (Camera LargeB),0x460D154C,1175262540,0,1458,0x80006F9A,0xFFFFFFFF,0x460D154C
Vehicle Seat (4 Seat) (seat_rear_left) (Camera LargeA),0xABBC57E1,2881247201,0,1589,0x80007239,0x0000BE71,0xABBC57E1
Vehicle Seat (4 Seat) (seat_rear_right) (Camera LargeA),0x309750F0,815223024,0,1590,0x8000723A,0x0000A5EC,0x309750F0
Vehicle Seat (4 Seat) (seat_rear_right) (Camera LargeB),0x1FFA57C9,536500169,0,1459,0x80006F9B,0xFFFFFFFF,0x1FFA57C9
Vehicle Seat (AH1Z) (Driver),0xECFE5E30,3976093232,1,3828,0x800097DE,0x0000C5BC,0xECFE5E30
Vehicle Seat (AH1Z) (Driver) (Gunner),0xBDB52E02,3182767618,1,3831,0x800097E1,0xFFFFFFFF,0xBDB52E02
Vehicle Seat (AH1Z) (Driver) (Pilot),0x439B9663,1134270051,1,3829,0x800097DF,0x0000AB5F,0x439B9663
Vehicle Seat (AH1Z) (Gunner),0x71727191,1903325585,1,3830,0x800097E0,0x0000EA6D,0x71727191
Vehicle Seat (Alouette3 Transport) (seat_front_left),0x36BA6EF0,918187760,1,3630,0x8000946A,0x000063CA,0x36BA6EF0
Vehicle Seat (Alouette3 Transport) (seat_rear_left),0x178C3E7F,395067007,1,3628,0x80009468,0x00000C2E,0x178C3E7F
Vehicle Seat (Alouette3 Transport) (seat_rear_left) (Extraction),0xE8D77659,3906434649,1,4411,0x80009DF0,0xFFFFFFFF,0xE8D77659
Vehicle Seat (Alouette3 Transport) (seat_rear_right),0xFF7FB3BE,4286559166,1,3629,0x80009469,0x00004754,0xFF7FB3BE
Vehicle Seat (Alouette3 Transport) (seat_rear_right) (Extraction),0xF54C005E,4115398750,1,4412,0x80009DF1,0xFFFFFFFF,0xF54C005E
Vehicle Seat (Alouette3) (Attack) (seat_driver),0x30ED76D1,820868817,1,2259,0x8000822D,0x00006E1A,0x30ED76D1
Vehicle Seat (Alouette3) (Attack) (seat_rear_left),0x007D931D,8229661,1,2261,0x8000822F,0x00014024,0x007D931D
Vehicle Seat (Alouette3) (seat_front_right),0xC2D02F20,3268423456,1,2260,0x8000822E,0x0000EFBA,0xC2D02F20
Vehicle Seat (Alouette3) (SuperiorityElite) (seat_driver),0x94B00D81,2494565761,1,3633,0x8000946D,0x0000C45D,0x94B00D81
Vehicle Seat (Alouette3) (Transport) (seat_driver),0x48654DF2,1214598642,1,2263,0x80008231,0xFFFFFFFF,0x48654DF2
Vehicle Seat (AMX30 AA) (seat_driver),0xF3170687,4078372487,1,3363,0x8000901D,0x0000AB7E,0xF3170687
Vehicle Seat (APC 4 Rear Seats) (ML),0x1664E2C3,375710403,1,3225,0x80008F0B,0x0000313C,0x1664E2C3
Vehicle Seat (APC 4 Rear Seats) (MR),0xBBD141A9,3151053225,1,3226,0x80008F0C,0x0000683D,0xBBD141A9
Vehicle Seat (APC 6 Rear Seats) (BL),0xE878771A,3900208922,1,2880,0x80008921,0xFFFFFFFF,0xE878771A
Vehicle Seat (APC 6 Rear Seats) (BR),0xD3B29764,3551696740,1,2881,0x80008922,0xFFFFFFFF,0xD3B29764
Vehicle Seat (APC 6 Rear Seats) (ML),0x3BE891A9,1005097385,1,2876,0x8000891D,0x0000227C,0x3BE891A9
Vehicle Seat (APC 6 Rear Seats) (MR),0x967C32C3,2524721859,1,2877,0x8000891E,0x00008147,0x967C32C3
Vehicle Seat (APC 6 Rear Seats) (RL),0x5F60F40A,1600189450,1,2878,0x8000891F,0x0000F193,0x5F60F40A
Vehicle Seat (APC 6 Rear Seats) (RR),0xA7724734,2809284404,1,2879,0x80008920,0x00011BE0,0xA7724734
Vehicle Seat (Armored Bank Truck Seats) (ML),0xA4AAFFAE,2762669998,1,3043,0x80008B7C,0x00008258,0xA4AAFFAE
Vehicle Seat (Armored Bank Truck Seats) (MR),0x94412120,2487296288,1,3044,0x80008B7D,0xFFFFFFFF,0x94412120
Vehicle Seat (Armored Bank Truck Seats) (RL),0x55445E25,1430543909,1,3045,0x80008B7E,0x000021C0,0x55445E25
Vehicle Seat (Armored Bank Truck Seats) (RR),0x687AD787,1752881031,1,3046,0x80008B7F,0x0001032F,0x687AD787
Vehicle Seat (Armored Bank Truck Seats) (seat_driver),0xC5884BDF,3314043871,1,3047,0x80008B80,0xFFFFFFFF,0xC5884BDF
Vehicle Seat (Armored Bank Truck Seats) (seat_front_right),0x9F5D7DC7,2673704391,1,3048,0x80008B81,0x0000D5B5,0x9F5D7DC7
Vehicle Seat (Avenger) (seat_gunner_rearcenter),0x698C1C57,1770789975,0,3526,0x8000933A,0xFFFFFFFF,0x698C1C57
Vehicle Seat (Barco) (Driver),0x4A6A0527,1248462119,0,3846,0x80009801,0x00007D68,0x4A6A0527
Vehicle Seat (Boarding) (FL),0xC439F216,3292131862,0,4402,0x80009DCE,0x00005070,0xC439F216
Vehicle Seat (Boarding) (FR),0x483F5AB8,1212111544,0,4403,0x80009DCF,0xFFFFFFFF,0x483F5AB8
Vehicle Seat (Boarding) (ML),0xF57886F9,4118316793,0,1432,0x80006F80,0x0000B4A2,0xF57886F9
Vehicle Seat (Boarding) (MR),0xB3362373,3006669683,0,1433,0x80006F81,0x0000F171,0xB3362373
Vehicle Seat (Boarding) (MR) AI,0xF9CA8163,4190798179,0,5399,0x8000A98D,0xFFFFFFFF,0xF9CA8163
Vehicle Seat (Boarding) (RL),0x58C4387A,1489254522,0,3336,0x80008FFC,0x000139D0,0x58C4387A
Vehicle Seat (Boarding) (RM),0x65E27A01,1709341185,0,712,0x80005FDB,0x00007DB0,0x65E27A01
Vehicle Seat (Boarding) (RR),0xC3FF2244,3288277572,0,3337,0x80008FFD,0x0000E362,0xC3FF2244
Vehicle Seat (Boarding) M35 Left,0x7F1435B1,2132030897,1,5133,0x8000A474,0x000121B9,0x7F1435B1
Vehicle Seat (Boarding) M35 Right,0xEFBFB218,4022317592,1,5135,0x8000A476,0x000131ED,0xEFBFB218
Vehicle Seat (Boat) (Driver),0xB6E19000,3068235776,1,3067,0x80008B94,0x000116B0,0xB6E19000
Vehicle Seat (Boat) (FL),0x30A035F0,815805936,1,3200,0x80008EF2,0xFFFFFFFF,0x30A035F0
Vehicle Seat (Buggy Hellfire) (seat_driver),0x1748A3D7,390636503,1,4695,0x80009FFC,0x00005294,0x1748A3D7
Vehicle Seat (Buggy Hellfire) (seat_gunner_rightfront),0x657F3EAC,1702837932,1,4696,0x80009FFD,0x00007DCD,0x657F3EAC
Vehicle Seat (Buggy PR) (seat_driver),0xC57D72D2,3313332946,1,4683,0x80009FEE,0xFFFFFFFF,0xC57D72D2
Vehicle Seat (Buggy PR) (seat_gunner_rightfront),0xF12BA63F,4046169663,1,4684,0x80009FEF,0x0000FA61,0xF12BA63F
Vehicle Seat (CH Destroyer) (Driver),0x002D65CC,2975180,1,5501,0x8000AABC,0xFFFFFFFF,0x002D65CC
Vehicle Seat (Chopper) (Driver),0xF119BF93,4044996499,1,5117,0x8000A45B,0xFFFFFFFF,0xF119BF93
Vehicle Seat (Chopper) (Passenger),0x003A6B55,3828565,1,5125,0x8000A468,0x00004002,0x003A6B55
Vehicle Seat (Cigarette) (Driver),0x2496653E,613836094,0,4723,0x8000A01D,0x00003B8A,0x2496653E
Vehicle Seat (Cigarette) (front_left),0x8367AFB5,2204610485,0,4724,0x8000A01E,0x00005102,0x8367AFB5
Vehicle Seat (Coanda Attack) (seat_driver),0x4A89AC20,1250536480,1,3661,0x8000951C,0xFFFFFFFF,0x4A89AC20
Vehicle Seat (Coanda Attack) (seat_front_right),0x7302BC82,1929559170,1,3672,0x80009527,0x00012F0F,0x7302BC82
Vehicle Seat (Coanda Gunship) (seat_driver),0xD20C2B1C,3524012828,1,869,0x800063C1,0x00001802,0xD20C2B1C
Vehicle Seat (Coanda Gunship) (seat_front_right),0xD4BBE626,3569083942,1,3671,0x80009526,0x00007AC0,0xD4BBE626
Vehicle Seat (Coanda Superiority) (seat_driver),0x462FBFF1,1177534449,1,3667,0x80009522,0x00009C34,0x462FBFF1
Vehicle Seat (Coanda Superiority) (seat_front_right),0x88FF4AA5,2298432165,1,3670,0x80009525,0x00000E91,0x88FF4AA5
Vehicle Seat (Cutter) (Driver),0x81A9DBAB,2175392683,0,4706,0x8000A00C,0xFFFFFFFF,0x81A9DBAB
Vehicle Seat (Destroyer) (cannon),0x6D71738E,1836151694,1,3213,0x80008EFF,0x0000A7F8,0x6D71738E
Vehicle Seat (Destroyer) (ciwsFL),0xF4A5C4B7,4104504503,1,3215,0x80008F01,0x000018C2,0xF4A5C4B7
Vehicle Seat (Destroyer) (ciwsFM),0x58260440,1478886464,1,3675,0x8000952A,0xFFFFFFFF,0x58260440
Vehicle Seat (Destroyer) (ciwsFR),0x05D61675,97916533,1,3214,0x80008F00,0x00013225,0x05D61675
Vehicle Seat (Destroyer) (ciwsRL),0x43E413F3,1139020787,1,3217,0x80008F03,0x0000BBE9,0x43E413F3
Vehicle Seat (Destroyer) (ciwsRR),0x86267779,2250667897,1,3216,0x80008F02,0xFFFFFFFF,0x86267779
Vehicle Seat (Destroyer) (sam),0xF17A1EF4,4051312372,1,3218,0x80008F04,0x0000441F,0xF17A1EF4
Vehicle Seat (Destroyer) (samFM),0x7D81090D,2105608461,1,3673,0x80009528,0x00004387,0x7D81090D
Vehicle Seat (Destroyer) (samRR),0x1E8F6F14,512716564,1,3674,0x80009529,0xFFFFFFFF,0x1E8F6F14
Vehicle Seat (Dinghy) (Driver),0xDBA6E97F,3685149055,1,4711,0x8000A011,0x00012F44,0xDBA6E97F
Vehicle Seat (Dinghy) (seat_front_middle),0x99AE114A,2578321738,1,3848,0x80009803,0xFFFFFFFF,0x99AE114A
Vehicle Seat (Dinghy) (seat_front_right),0x31571E01,827792897,1,4712,0x8000A012,0xFFFFFFFF,0x31571E01
Vehicle Seat (Dinghy) (seat_middle_middle),0x0D679B4C,224893772,1,3849,0x80009804,0x0000C78F,0x0D679B4C
Vehicle Seat (Emplaced GL),0x7D98A565,2107155813,0,5049,0x8000A3E7,0xFFFFFFFF,0x7D98A565
Vehicle Seat (Emplaced GR M101A1),0x99FDFDE4,2583559652,0,5804,0x8000AF6C,0x00012FC9,0x99FDFDE4
Vehicle Seat (Emplaced MG),0x1E90C3AA,512803754,0,5048,0x8000A3E6,0xFFFFFFFF,0x1E90C3AA
Vehicle Seat (Emplaced Quad50) (seat),0x1F71439C,527516572,0,2887,0x80008928,0xFFFFFFFF,0x1F71439C
Vehicle Seat (Emplaced RR),0x4B079BF2,1258789874,0,5050,0x8000A3E8,0x0000BDB1,0x4B079BF2
Vehicle Seat (Emplaced TOW),0xE445A226,3829768742,0,5805,0x8000AF6E,0x0000F92D,0xE445A226
Vehicle Seat (Emplaced VZ M101A1),0x3A1F881F,975144991,0,3455,0x800092BD,0x00006BFA,0x3A1F881F
Vehicle Seat (Emplaced Weapon) (FL),0xBD9E64C1,3181274305,0,3330,0x80008FF6,0x000088E0,0xBD9E64C1
Vehicle Seat (Emplaced Weapon) (FR),0xA83AB44B,2822419531,0,3331,0x80008FF7,0x00003477,0xA83AB44B
Vehicle Seat (Emplaced Weapon) (RL),0x32558E65,844467813,0,3341,0x80009001,0x0000735A,0x32558E65
Vehicle Seat (Emplaced Weapon) (RR),0x458C07C7,1166804935,0,3342,0x80009002,0x0000B784,0x458C07C7
Vehicle Seat (Emplaced Weapon) (seat),0x92362DDE,2453024222,0,1207,0x80006CBF,0x00008D9A,0x92362DDE
Vehicle Seat (Emplaced ZU),0x15BB2093,364585107,0,5051,0x8000A3E9,0xFFFFFFFF,0x15BB2093
Vehicle Seat (Emplaced ZU23) (seat),0x75E5FF88,1978007432,0,2507,0x8000853D,0xFFFFFFFF,0x75E5FF88
Vehicle Seat (Fishing Boat) (Driver),0x22BA2666,582624870,1,4708,0x8000A00E,0xFFFFFFFF,0x22BA2666
Vehicle Seat (Garbage Truck) (seat_driver),0x10D3CD2E,282316078,1,4731,0x8000A025,0x00002A58,0x10D3CD2E
Vehicle Seat (Garbage Truck) (seat_front_right),0x7CCED684,2093930116,1,4732,0x8000A026,0x0000C333,0x7CCED684
Vehicle Seat (Guntruck) (seat_driver),0x1ADCBF03,450674435,1,1604,0x80007249,0x00001510,0x1ADCBF03
Vehicle Seat (Guntruck) (seat_front_right),0xD877A843,3631720515,1,1605,0x8000724A,0xFFFFFFFF,0xD877A843
Vehicle Seat (Guntruck) (seat_rear_left),0xB7D62217,3084263959,1,1606,0x8000724B,0x00009EC8,0xB7D62217
Vehicle Seat (Guntruck) (seat_rear_middle),0xFD932DB7,4254281143,1,1608,0x8000724D,0x0000E114,0xFD932DB7
Vehicle Seat (Guntruck) (seat_rear_right),0xD4944A16,3566488086,1,1607,0x8000724C,0x000040AA,0xD4944A16
Vehicle Seat (HMMWV) (Gunner),0x20D696B2,550934194,0,3532,0x80009340,0x00013312,0x20D696B2
Vehicle Seat (HMMWV) (seat_driver),0x4789A0A5,1200201893,0,4670,0x80009FE0,0xFFFFFFFF,0x4789A0A5
Vehicle Seat (HMMWV) (seat_front_right),0x873C2B61,2268867425,0,4671,0x80009FE1,0x00004E88,0x873C2B61
Vehicle Seat (HMMWV) (seat_rear_left),0x480A0A21,1208617505,0,4668,0x80009FDE,0x0000CAC9,0x480A0A21
Vehicle Seat (HMMWV) (seat_rear_right),0x48A5BDE8,1218821608,0,4669,0x80009FDF,0x0000194C,0x48A5BDE8
Vehicle Seat (Huangfeng) (Driver AI),0x6A677421,1785164833,1,4160,0x80009B9D,0x00012E0A,0x6A677421
Vehicle Seat (Huangfeng) (Driver),0xEA4D87CF,3930949583,1,3221,0x80008F07,0x000086F8,0xEA4D87CF
Vehicle Seat (Huangfeng) (hp_seat_turret_f),0x9B252E6B,2602905195,1,4158,0x80009B9B,0x0000D6A3,0x9B252E6B
Vehicle Seat (Huangfeng) (hp_seat_turret_r),0x25533B97,626211735,1,4159,0x80009B9C,0x00005EA2,0x25533B97
Vehicle Seat (Huangfeng) (seat_missle),0xA9158F4C,2836762444,1,4157,0x80009B9A,0x00006C4D,0xA9158F4C
Vehicle Seat (Jetski),0x1FAD5417,531452951,0,1602,0x80007247,0xFFFFFFFF,0x1FAD5417
Vehicle Seat (Jetski) (CIV),0x3FEF4BF4,1072647156,0,1603,0x80007248,0xFFFFFFFF,0x3FEF4BF4
Vehicle Seat (Jetski) (Passenger),0x9BC90912,2613643538,0,4678,0x80009FE9,0x0000E5B8,0x9BC90912
Vehicle Seat (Ka29b) (Driver),0xF57F9271,4118778481,1,3458,0x800092C0,0x0000E67E,0xF57F9271
Vehicle Seat (Ka29b) (Gunner),0x2095DDC8,546692552,1,3457,0x800092BF,0x00005E12,0x2095DDC8
Vehicle Seat (Ka29b) (ML),0x2448A7D2,608741330,1,4245,0x80009C8B,0x000022E9,0x2448A7D2
Vehicle Seat (Ka29b) (MR),0xE166E08C,3781615756,1,4246,0x80009C8C,0x00007994,0xE166E08C
Vehicle Seat (Ka29b) (RL),0x4D6079E1,1298168289,1,4248,0x80009C8E,0x000061D6,0x4D6079E1
Vehicle Seat (Ka29b) (RR),0xB939346B,3107533931,1,4247,0x80009C8D,0x0000ECC6,0xB939346B
Vehicle Seat (LAVIII 25) (Driver),0x987066D9,2557503193,1,2860,0x8000890D,0x000001B0,0x987066D9
Vehicle Seat (LAVIII 25) (Gunner),0xA1C2CDC0,2713898432,1,4916,0x8000A28A,0x0000C350,0xA1C2CDC0
Vehicle Seat (LAVIII 50Cal) (Driver),0x90E88163,2431156579,1,2505,0x8000853B,0x0000987C,0x90E88163
Vehicle Seat (LAVIII 50Cal) (Gunner),0x528FC956,1385154902,1,4915,0x8000A289,0x0000549C,0x528FC956
Vehicle Seat (LAVIII AD) (Driver),0x9D5C52A5,2640073381,1,2863,0x80008910,0xFFFFFFFF,0x9D5C52A5
Vehicle Seat (LAVIII AD) (Gunner),0x418B280C,1099638796,1,4917,0x8000A28B,0x00001F9F,0x418B280C
Vehicle Seat (LAVIII AT) (Driver),0x1B00CF15,453037845,1,2861,0x8000890E,0x0000BA44,0x1B00CF15
Vehicle Seat (LAVIII AT) (Gunner),0xFA5FF91C,4200593692,1,4918,0x8000A28C,0x000127AA,0xFA5FF91C
Vehicle Seat (LAVIII MEWSS) (Driver),0x61B393E1,1639158753,1,2510,0x80008540,0x00009AA1,0x61B393E1
Vehicle Seat (LAVIII MEWSS) (Passenger),0x8F75135F,2406814559,1,5201,0x8000A5E9,0x000035B0,0x8F75135F
Vehicle Seat (LAVIII MGS) (Driver),0xBB9DB579,3147675001,1,2862,0x8000890F,0x0000F73E,0xBB9DB579
Vehicle Seat (LAVIII MGS) (Gunner),0x6A019EE0,1778491104,1,4919,0x8000A28D,0x000128ED,0x6A019EE0
Vehicle Seat (LAVIII) (Passenger BL),0xDC40374E,3695195982,1,2855,0x80008908,0x00012DF9,0xDC40374E
Vehicle Seat (LAVIII) (Passenger BR),0x4BD58F40,1272287040,1,2854,0x80008906,0x000120B0,0x4BD58F40
Vehicle Seat (LAVIII) (Passenger FL),0x23EA9762,602576738,1,2513,0x80008543,0xFFFFFFFF,0x23EA9762
Vehicle Seat (LAVIII) (Passenger FR),0xFDDF9E3C,4259290684,1,2853,0x80008905,0x0000327E,0xFDDF9E3C
Vehicle Seat (LAVIII) (Passenger ML),0x42582D55,1113075029,1,2859,0x8000890C,0x00000278,0x42582D55
Vehicle Seat (LAVIII) (Passenger MR),0x32651017,845484055,1,2858,0x8000890B,0x0000A489,0x32651017
Vehicle Seat (LAVIII) (Passenger RL),0x0CD586FE,215320318,1,2857,0x8000890A,0xFFFFFFFF,0x0CD586FE
Vehicle Seat (LAVIII) (Passenger RR),0x1F953F10,529874704,1,2856,0x80008909,0xFFFFFFFF,0x1F953F10
Vehicle Seat (LCUR) (Driver),0xEEB97B68,4005133160,0,4722,0x8000A01C,0x000033BA,0xEEB97B68
Vehicle Seat (LCUR) (Front),0xCDABB81B,3450583067,0,3635,0x8000946F,0xFFFFFFFF,0xCDABB81B
Vehicle Seat (LCUR) (Rear),0xD9C6456C,3653649772,0,3636,0x80009470,0xFFFFFFFF,0xD9C6456C
Vehicle Seat (M113 50Cal) (Driver),0xAB30D575,2872104309,1,3232,0x80008F13,0xFFFFFFFF,0xAB30D575
Vehicle Seat (M113 AA) (Driver),0x58A10B26,1486949158,1,1786,0x800075EC,0xFFFFFFFF,0x58A10B26
Vehicle Seat (M113 AA) (Gunner),0x8589CA63,2240399971,1,4255,0x80009C9A,0x00009DE6,0x8589CA63
Vehicle Seat (M113) (Driver),0xF94F2200,4182712832,1,1785,0x800075EB,0xFFFFFFFF,0xF94F2200
Vehicle Seat (M113) (Gunner),0x449FD1C1,1151324609,1,3233,0x80008F14,0xFFFFFFFF,0x449FD1C1
Vehicle Seat (M2A3) (Driver),0x2893392B,680737067,1,2288,0x8000824C,0x0000D7D8,0x2893392B
Vehicle Seat (M2A3) (Gunner),0x0183D30E,25416462,1,4940,0x8000A2A6,0x0000757F,0x0183D30E
Vehicle Seat (M2A3) (Passenger ML),0x8DC46964,2378459492,1,2481,0x80008512,0xFFFFFFFF,0x8DC46964
Vehicle Seat (M2A3) (Passenger MR),0xA28A491A,2726971674,1,2484,0x80008516,0xFFFFFFFF,0xA28A491A
Vehicle Seat (M2A3) (Passenger RL),0x197C1A8F,427563663,1,2483,0x80008515,0xFFFFFFFF,0x197C1A8F
Vehicle Seat (M2A3) (Passenger RR),0x54B16CFD,1420913917,1,2482,0x80008514,0xFFFFFFFF,0x54B16CFD
Vehicle Seat (M35 AA) (seat_driver),0x9F53C839,2673068089,1,2901,0x80008936,0x0000E5B3,0x9F53C839
Vehicle Seat (M35 AA) (seat_front_right),0xF706779D,4144396189,1,3020,0x80008B64,0x000047A2,0xF706779D
Vehicle Seat (M35 AA) (seat_rear_middle),0x07B485B1,129271217,1,2900,0x80008935,0x00009C6F,0x07B485B1
Vehicle Seat (M35 Cargo) (seat_driver),0x412C70A1,1093431457,1,2882,0x80008923,0x0000D802,0x412C70A1
Vehicle Seat (M35 Cargo) (seat_front_right),0xBC1FC3B5,3156198325,1,2883,0x80008924,0x000108B2,0xBC1FC3B5
Vehicle Seat (M35) (seat_front_right),0xD990B985,3650140549,1,4922,0x8000A290,0x0000882E,0xD990B985
Vehicle Seat (Main Gun Only) (seat_driver),0x214E1119,558764313,0,1204,0x80006CBB,0xFFFFFFFF,0x214E1119
Vehicle Seat (MarkV) (Driver),0xFF4D0DA9,4283239849,0,4707,0x8000A00D,0xFFFFFFFF,0xFF4D0DA9
Vehicle Seat (Mattias Chopper) (Driver),0x14A645D8,346441176,1,5120,0x8000A45E,0x00011341,0x14A645D8
Vehicle Seat (Mattias Chopper) (Passenger),0xF27E45CC,4068361676,1,5126,0x8000A469,0x00007AB5,0xF27E45CC
Vehicle Seat (MD500 Gunship) (Driver) (Manned),0xDF4BDEF4,3746291444,1,872,0x800063C4,0x000076CF,0xDF4BDEF4
Vehicle Seat (MD500 Gunship) (Gunner) (Manned),0xC8F6FAC7,3371629255,1,871,0x800063C3,0x0000659F,0xC8F6FAC7
Vehicle Seat (MD500 Gunship) (seat_front_right),0x5A2C4CBC,1512852668,1,870,0x800063C2,0x00003FA4,0x5A2C4CBC
Vehicle Seat (MD500) (Driver) (Manned),0xEA2730AC,3928436908,1,1194,0x80006CA6,0x00010F6F,0xEA2730AC
Vehicle Seat (MD500) (seat_driver),0x6D139EEE,1830002414,1,1193,0x80006CA5,0x00009B99,0x6D139EEE
Vehicle Seat (MD500) (seat_front_right),0xC1645444,3244577860,1,1195,0x80006CA7,0xFFFFFFFF,0xC1645444
Vehicle Seat (MD500) (seat_rear_left),0xA26D7638,2725082680,1,2249,0x8000821F,0x0000A4E7,0xA26D7638
Vehicle Seat (MD500) (seat_rear_left) (Stowable),0x5EAD8CC8,1588432072,1,5835,0x8000AF90,0x00013273,0x5EAD8CC8
Vehicle Seat (MD500) (seat_rear_right),0x5543C9C3,1430505923,1,2248,0x8000821E,0x00009082,0x5543C9C3
Vehicle Seat (MD500) (seat_rear_right) (stowable),0x47C1B025,1203875877,1,5836,0x8000AF91,0x0001378A,0x47C1B025
Vehicle Seat (MH53J) (Gunner ML),0x2A6738C3,711407811,1,3618,0x8000945E,0x000013C2,0x2A6738C3
Vehicle Seat (MH53J) (Gunner MR),0xCFD397A9,3486750633,1,3619,0x8000945F,0x0000A81D,0xCFD397A9
Vehicle Seat (MH53J) (Gunner RM),0x09406D97,155217303,1,3620,0x80009460,0x00007163,0x09406D97
Vehicle Seat (MH53J) (Passenger L),0x79639EA7,2036571815,1,3623,0x80009463,0x00013CD3,0x79639EA7
Vehicle Seat (MH53J) (Passenger R),0x676A59C5,1735023045,1,3624,0x80009464,0xFFFFFFFF,0x676A59C5
Vehicle Seat (MH53J) (Passenger) (base),0xCA9FA295,3399459477,1,3625,0x80009465,0x0000F0A3,0xCA9FA295
Vehicle Seat (MH53J) (seat_driver),0x6A8E9A7F,1787730559,1,3617,0x8000945D,0x0000155F,0x6A8E9A7F
Vehicle Seat (MH53J) (seat_front_right),0x19BB3A67,431700583,1,4254,0x80009C99,0x00011C5E,0x19BB3A67
Vehicle Seat (Mi26) (Driver),0xD5B19DDC,3585187292,1,2892,0x8000892D,0x0000075E,0xD5B19DDC
Vehicle Seat (Mi26) (seat_front_right),0x9C4D6D46,2622319942,1,4923,0x8000A291,0x0000A698,0x9C4D6D46
Vehicle Seat (Mi35 Solano) (seat_driver),0xED34AE16,3979652630,1,3447,0x800092B5,0xFFFFFFFF,0xED34AE16
Vehicle Seat (Mi35 Solano) (seat_solano_back),0xCF1D1942,3474790722,1,3800,0x800097BA,0xFFFFFFFF,0xCF1D1942
Vehicle Seat (Mi35 Solano) (seat_solano_front),0x55F8595E,1442339166,1,3448,0x800092B6,0x00010D04,0x55F8595E
Vehicle Seat (Mi35) (Driver),0xF1AACA6C,4054501996,1,4274,0x80009CAD,0x00001AC1,0xF1AACA6C
Vehicle Seat (Mi35) (seat_rearleft),0xBE3022CD,3190825677,1,3834,0x800097EF,0xFFFFFFFF,0xBE3022CD
Vehicle Seat (Mi35) (seat_rearright),0xD33D7B6C,3544021868,1,3835,0x800097F0,0x0000B41E,0xD33D7B6C
Vehicle Seat (Motorcycle),0x7CD4FB1A,2094332698,1,826,0x80006381,0x00013299,0x7CD4FB1A
Vehicle Seat (Motorcycle) (Passenger),0x6BEB413F,1810579775,1,4677,0x80009FE7,0x0000BE85,0x6BEB413F
Vehicle Seat (Motorcycle)(AL),0xE69A320E,3868865038,1,829,0x80006384,0xFFFFFFFF,0xE69A320E
Vehicle Seat (Motorcycle)(GR),0x886B6716,2288740118,1,827,0x80006382,0xFFFFFFFF,0x886B6716
Vehicle Seat (MTV) (seat_driver),0xC71EA19B,3340673435,0,3473,0x800092CF,0x0001396D,0xC71EA19B
Vehicle Seat (MTV) (seat_gunner),0x1D81309E,495005854,0,3474,0x800092D0,0x0000158C,0x1D81309E
Vehicle Seat (Offroad Motorcycle) (Driver),0xE8D4945E,3906245726,1,5121,0x8000A45F,0x00004167,0xE8D4945E
Vehicle Seat (Offroad Motorcycle) (Passenger),0xD8AAD71E,3635074846,1,5124,0x8000A467,0x00000E68,0xD8AAD71E
Vehicle Seat (Omen) (Driver),0x18915DB3,412179891,0,850,0x800063A1,0x00012C09,0x18915DB3
Vehicle Seat (Omen) (front_left),0x590899C8,1493735880,0,851,0x800063A2,0xFFFFFFFF,0x590899C8
Vehicle Seat (Omen) (gunner_front),0x273A48C2,658131138,0,849,0x800063A0,0x0000BAD8,0x273A48C2
Vehicle Seat (Omen) (gunner_rear),0x39AA5A63,967465571,0,5516,0x8000AACC,0x0000E83E,0x39AA5A63
Vehicle Seat (Panhard Assault) (Driver),0x05FB8185,100368773,0,4925,0x8000A293,0xFFFFFFFF,0x05FB8185
Vehicle Seat (Panhard Assault) (seat_front_right),0x4D50A977,1297131895,0,4926,0x8000A294,0x000074CB,0x4D50A977
Vehicle Seat (Patrol Boat PMC) (Driver),0xA44241C2,2755805634,1,4681,0x80009FEC,0x00003E93,0xA44241C2
Vehicle Seat (Patrol Boat PMC) (gunner),0xA02F9AAF,2687474351,1,4680,0x80009FEB,0x0001217B,0xA02F9AAF
Vehicle Seat (Patrol Boat VZ) (Driver),0x24CA200E,617226254,1,4686,0x80009FF2,0x0000B933,0x24CA200E
Vehicle Seat (Patrol Boat VZ) (seat_gunner_front),0x5D009117,1560318231,1,4688,0x80009FF4,0xFFFFFFFF,0x5D009117
Vehicle Seat (Patrol Boat VZ) (seat_gunner_rear),0x7E9AC3F8,2124071928,1,4689,0x80009FF6,0xFFFFFFFF,0x7E9AC3F8
Vehicle Seat (Patrol Boat VZ) (seat_passenger_front),0x8B5360A6,2337497254,1,4693,0x80009FFA,0x00007C28,0x8B5360A6
Vehicle Seat (Patrol Boat VZ) (seat_passenger_rear),0xE4110427,3826320423,1,4694,0x80009FFB,0x000113E6,0xE4110427
Vehicle Seat (PGZ95 Command) (Driver),0x129A8750,312117072,1,3041,0x80008B7A,0xFFFFFFFF,0x129A8750
Vehicle Seat (PGZ95) (Driver),0x5086BE7B,1351007867,1,3035,0x80008B73,0xFFFFFFFF,0x5086BE7B
Vehicle Seat (Piranha) (gunner),0x94700BBE,2490371006,1,3202,0x80008EF4,0x00009C3C,0x94700BBE
Vehicle Seat (Pirhana) (Driver),0xDB2C558D,3677115789,0,3068,0x80008B95,0x00011F99,0xDB2C558D
Vehicle Seat (Pirhana) (FL),0x75AB3A99,1974155929,0,3201,0x80008EF3,0x000041C6,0x75AB3A99
Vehicle Seat (PLZ45) (Driver),0x5CB0BA91,1555085969,1,3451,0x800092B9,0xFFFFFFFF,0x5CB0BA91
Vehicle Seat (PMC Copter) (Driver),0xA16C6B11,2708237073,0,4883,0x8000A261,0xFFFFFFFF,0xA16C6B11
Vehicle Seat (PMC Mi26) (Driver),0x6DFB1320,1845170976,1,4884,0x8000A262,0x0000F470,0x6DFB1320
Vehicle Seat (PMC UH1) (Attack) (seat_rear_left),0x47FC3D75,1207713141,1,4889,0x8000A267,0x0000C0E0,0x47FC3D75
Vehicle Seat (PMC UH1) (Attack) (seat_rear_right),0xDB23ACB4,3676548276,1,4890,0x8000A268,0x0001125B,0xDB23ACB4
Vehicle Seat (Salton Seahorse) (Driver),0x17A37E07,396590599,1,1431,0x80006F7F,0x000023D6,0x17A37E07
Vehicle Seat (Scooter) (Driver),0xC0DAF4A7,3235574951,0,5119,0x8000A45D,0x0000B789,0xC0DAF4A7
Vehicle Seat (Scooter) (Passenger),0xB513F829,3037984809,0,5123,0x8000A466,0x00011966,0xB513F829
Vehicle Seat (Sidecar Motorcycle) (Driver),0xB511913E,3037827390,1,4725,0x8000A01F,0x0000DC42,0xB511913E
Vehicle Seat (Sidecar Motorcycle) (Gunner),0xA8D2CD6B,2832387435,1,4727,0x8000A021,0x000081CA,0xA8D2CD6B
Vehicle Seat (Sidecar Motorcycle) (Passenger),0x5368117E,1399329150,1,4726,0x8000A020,0x0000DF0B,0x5368117E
Vehicle Seat (Small Fishing Boat) (Driver),0x37EADD61,938138977,1,4709,0x8000A00F,0xFFFFFFFF,0x37EADD61
Vehicle Seat (Small Fishing Boat) (seat_front_middle),0xD4941458,3566474328,1,3851,0x80009807,0x000040D6,0xD4941458
Vehicle Seat (Small Fishing Boat) (seat_front_right),0xFBA3E88B,4221823115,1,4710,0x8000A010,0x0000A044,0xFBA3E88B
Vehicle Seat (Small Fishing Boat) (seat_middle_middle),0xA5FE7FE6,2784919526,1,3850,0x80009806,0x0000F506,0xA5FE7FE6
Vehicle Seat (Sportbike) (Driver),0xB70951A7,3070841255,0,5118,0x8000A45C,0x0000A26A,0xB70951A7
Vehicle Seat (Sportbike) (Passenger),0xCDB03729,3450877737,0,5122,0x8000A465,0x0000F187,0xCDB03729
Vehicle Seat (Swamp Boat) (Driver),0x03F7DF54,66576212,1,3334,0x80008FFA,0x00006D98,0x03F7DF54
Vehicle Seat (Swamp Boat) (Front),0xE8141EC7,3893632711,1,3333,0x80008FF9,0x00006AA9,0xE8141EC7
Vehicle Seat (SX2150 MLRS) (seat_driver),0xCCB4A13D,3434389821,0,3486,0x800092DD,0x00012351,0xCCB4A13D
Vehicle Seat (SX2150 MLRS) (seat_front_right),0xA4359D49,2754977097,0,3485,0x800092DC,0x00006A58,0xA4359D49
Vehicle Seat (T300) (seat_gunner_rearcenter),0xACC9774E,2898884430,0,4939,0x8000A2A5,0x00004766,0xACC9774E
Vehicle Seat (Tank Default) (Driver),0x408C6051,1082941521,1,17,0x800038B4,0x0000B6C0,0x408C6051
Vehicle Seat (Tank Default) (Driver) (CH),0x27211509,656479497,1,1218,0x80006CCF,0x0000D926,0x27211509
Vehicle Seat (Tank Default) (Driver) (OC),0x2CBFAD04,750759172,1,1029,0x800068C4,0x0000E7D5,0x2CBFAD04
Vehicle Seat (Tank Default) (Gunner),0xBC092228,3154715176,1,720,0x80006186,0x0000CE34,0xBC092228
Vehicle Seat (Tank Default) (Gunner) (AL),0xBDE27A50,3185736272,1,4921,0x8000A28F,0x00007D09,0xBDE27A50
Vehicle Seat (Tank Default) (Gunner) (CH),0x1AB5B3FE,448115710,1,1219,0x80006CD0,0xFFFFFFFF,0x1AB5B3FE
Vehicle Seat (TankBike) (AL),0x170947AE,386484142,1,2588,0x800085E1,0x00006A64,0x170947AE
Vehicle Seat (Turbosquid) (Driver),0x47E90920,1206454560,0,379,0x800051BF,0x000037D6,0x47E90920
Vehicle Seat (Turbosquid) (Driver) (CIV),0x8448045B,2219312219,0,1594,0x8000723F,0xFFFFFFFF,0x8448045B
Vehicle Seat (Turbosquid) (Driver) (GR),0x1250B030,307277872,0,1593,0x8000723E,0xFFFFFFFF,0x1250B030
Vehicle Seat (Turbosquid) (Driver) (OC),0xF6063FDF,4127604703,0,1592,0x8000723D,0xFFFFFFFF,0xF6063FDF
Vehicle Seat (Turbosquid) (seat_front_left),0x6C0EAFAB,1812901803,0,3842,0x800097FB,0x0000CEC9,0x6C0EAFAB
Vehicle Seat (Turbosquid) (seat_front_right),0x3FD999D2,1071225298,0,4685,0x80009FF1,0x00003727,0x3FD999D2
Vehicle Seat (Turbosquid) (seat_gunner),0x7B04A1B1,2063901105,0,3837,0x800097F5,0xFFFFFFFF,0x7B04A1B1
Vehicle Seat (Type14310) (Driver),0xCAB22D13,3400674579,0,3338,0x80008FFE,0x00013DA8,0xCAB22D13
Vehicle Seat (Type14310) (seat_gunner_FM),0xBFE5906A,3219492970,0,4690,0x80009FF7,0x0000CD12,0xBFE5906A
Vehicle Seat (UH1 PMC) (seat_driver),0xF0F25EDA,4042415834,1,4953,0x8000A2B5,0x0000A8AF,0xF0F25EDA
Vehicle Seat (UH1 PMC) (Transport) (Driver),0xCEEC2586,3471582598,1,4954,0x8000A2B6,0x00006067,0xCEEC2586
Vehicle Seat (UH1) (Attack) (seat_driver),0xB644E3BD,3057968061,1,2245,0x8000821A,0x00011F8C,0xB644E3BD
Vehicle Seat (UH1) (Attack) (seat_front_right),0xF109C4C9,4043949257,1,2246,0x8000821B,0xFFFFFFFF,0xF109C4C9
Vehicle Seat (UH1) (Attack) (seat_rear_left),0x1E4712F9,507974393,1,2243,0x80008218,0x00003301,0x1E4712F9
Vehicle Seat (UH1) (Attack) (seat_rear_right),0x84DB84C0,2228978880,1,2244,0x80008219,0x0000389F,0x84DB84C0
Vehicle Seat (UH1) (Elite) (seat_driver),0xB5EB4A8C,3052096140,1,4250,0x80009C90,0xFFFFFFFF,0xB5EB4A8C
Vehicle Seat (UH1) (Elite) (seat_front_right),0xAD74DC36,2910116918,1,4251,0x80009C92,0xFFFFFFFF,0xAD74DC36
Vehicle Seat (UH1) (Gunship) (Driver),0xBFEFDE85,3220168325,1,859,0x800063B2,0xFFFFFFFF,0xBFEFDE85
Vehicle Seat (UH1) (Gunship) (Driver) (GR pilot),0xF21A9A49,4061829705,1,862,0x800063B8,0x0000B70C,0xF21A9A49
Vehicle Seat (UH1) (Superiority) (seat_driver),0x06A7D30E,111661838,1,4206,0x80009C64,0x0000DD6C,0x06A7D30E
Vehicle Seat (UH1) (Transport) (Driver),0x28A02742,681584450,1,2486,0x80008518,0xFFFFFFFF,0x28A02742
Vehicle Seat (UH1) (Transport) (seat_back_left),0xA1538617,2706605591,1,2491,0x80008525,0xFFFFFFFF,0xA1538617
Vehicle Seat (UH1) (Transport) (seat_back_right),0x64F8B616,1694021142,1,2488,0x80008522,0xFFFFFFFF,0x64F8B616
Vehicle Seat (UH1) (Transport) (seat_front_right),0xBFBD3CFC,3216850172,1,2487,0x80008519,0xFFFFFFFF,0xBFBD3CFC
Vehicle Seat (UH1) (Transport) (seat_middle_left),0xFD696D59,4251544921,1,2492,0x80008527,0x00001638,0xFD696D59
Vehicle Seat (UH1) (Transport) (seat_middle_left) (Non-Stowable),0x26D2E819,651356185,1,5852,0x8000AFA5,0x0000BAC1,0x26D2E819
Vehicle Seat (UH1) (Transport) (seat_middle_right),0x66B2FA20,1723005472,1,2489,0x80008523,0x00001F63,0x66B2FA20
Vehicle Seat (UH1) (Transport) (seat_middle_right) (Non-Stowable),0x84E8B4C2,2229843138,1,5853,0x8000AFA6,0x000037AE,0x84E8B4C2
Vehicle Seat (UH1) (Transport) (seat_rear_left),0x432B0380,1126892416,1,2493,0x80008528,0x00007C3A,0x432B0380
Vehicle Seat (UH1) (Transport) (seat_rear_left) (Non-Stowable),0xCC342DA2,3425971618,1,5854,0x8000AFA7,0x0000B989,0xCC342DA2
Vehicle Seat (UH1) (Transport) (seat_rear_right),0x0D8EE18B,227467659,1,2490,0x80008524,0xFFFFFFFF,0x0D8EE18B
Vehicle Seat (UH1) (Transport) (seat_rear_right) (Non-Stowable),0xD4E3E583,3571705219,1,5855,0x8000AFA8,0x00004CFB,0xD4E3E583
Vehicle Seat (Veyron Assault) (seat_driver),0xE6DF4C82,3873393794,0,4699,0x8000A002,0xFFFFFFFF,0xE6DF4C82
Vehicle Seat (Veyron Assault) (seat_front_right),0x4DF7DF30,1308090160,0,4701,0x8000A006,0x00000F45,0x4DF7DF30
Vehicle Seat (WZ10) (Driver),0x4BEEFBB2,1273953202,0,863,0x800063BB,0x00009A94,0x4BEEFBB2
Vehicle Seat (WZ10) (Driver) (Gunner),0x64EA84C0,1693091008,0,866,0x800063BE,0x00011937,0x64EA84C0
Vehicle Seat (WZ10) (Driver) (Pilot),0x60BCE9C1,1622993345,0,865,0x800063BD,0x0000F9FC,0x60BCE9C1
Vehicle Seat (WZ10) (Gunner),0x3F13DD3F,1058266431,0,864,0x800063BC,0x0000F728,0x3F13DD3F
Vehicle Seat (WZ551) (Driver),0xC0DA4364,3235529572,1,1672,0x800074A1,0xFFFFFFFF,0xC0DA4364
Vehicle Seat (WZ551) (Driver) (Amphibious),0x2435A3EC,607495148,1,4945,0x8000A2AB,0xFFFFFFFF,0x2435A3EC
Vehicle Seat (WZ551) (Gunner),0xA4249BD5,2753862613,1,1673,0x800074A2,0x000058FB,0xA4249BD5
Vehicle Seat (WZ551) (Passenger),0xDA43E5E8,3661882856,1,3820,0x800097D5,0x0000DB9A,0xDA43E5E8
Vehicle Seat (ZBD2000) (Driver),0xAE03AE54,2919476820,0,3824,0x800097DA,0xFFFFFFFF,0xAE03AE54
Vehicle Seat (ZBD2000) (Driver) (Amphibious),0x9B4EA59C,2605622684,0,4943,0x8000A2A9,0x000095D2,0x9B4EA59C
Vehicle Seat (ZBD2000) (Gunner),0x1447EFE5,340258789,0,3825,0x800097DB,0xFFFFFFFF,0x1447EFE5
Vehicle Seat (ZBD2000) (Passenger),0xAC69DE18,2892619288,0,3826,0x800097DC,0x0000B1EF,0xAC69DE18
Vehicle Seat (ZTZ63a) (Driver),0xBC9F3F14,3164552980,1,1671,0x800074A0,0x0000E8F4,0xBC9F3F14
Vehicle Seat (ZTZ63A) (Driver) (Amphibious),0xFA0CDCDC,4195146972,1,4946,0x8000A2AC,0x0000ACE6,0xFA0CDCDC
Vehicle SS Missile,0x91A6456F,2443593071,0,4882,0x8000A260,0x0000A17C,0x91A6456F
vehicleHealthTemplate,0x5474E03F,1416945727,0,2796,0x80008762,0xFFFFFFFF,0x5474E03F
VehList_AllCon002_AN,0x9321474A,2468431690,0,4033,0x80009A1D,0xFFFFFFFF,0x9321474A
VehList_AllCon002_Traffic,0xFB5D703A,4217204794,0,4365,0x80009D3C,0x00006A67,0xFB5D703A
VehList_AllCon003_Allies,0xDEB07C96,3736108182,0,2196,0x800081E1,0x00007F12,0xDEB07C96
VehList_AllCon003_Chinese,0x865E9911,2254346513,0,2170,0x800081C4,0xFFFFFFFF,0x865E9911
VehList_ALLHQ,0x976B90A3,2540408995,0,2444,0x800084B0,0x0000568B,0x976B90A3
VehList_ALLHQ_AA,0x1F5AD598,526046616,0,5636,0x8000AC86,0x00004BAF,0x1F5AD598
VehList_ALLHQ_HMMWV,0x44CF107B,1154420859,0,5921,0x8000B1CB,0x000025D4,0x44CF107B
VehList_AllJob001,0x588481FC,1485079036,0,4562,0x80009F30,0x0000991B,0x588481FC
VehList_Amazon_Act1,0x2DDBE815,769386517,0,4350,0x80009D22,0x0000676B,0x2DDBE815
VehList_Amazon_Act2,0x8BD42D4A,2345938250,0,5152,0x8000A48A,0x0000B918,0x8BD42D4A
VehList_Amazon_AllJob002_i_Act1,0x30A59D56,816160086,0,4352,0x80009D24,0x00002D0C,0x30A59D56
VehList_Angel_Falls_Act1,0x4F2BC6FB,1328269051,0,4353,0x80009D25,0x00008088,0x4F2BC6FB
VehList_Blank,0x263CFCE5,641531109,0,2392,0x80008386,0x0000C494,0x263CFCE5
VehList_Car_Big_Act1,0x61FA32CC,1643786956,0,4343,0x80009D1B,0x00008F77,0x61FA32CC
VehList_Car_City_Act1,0xC1152F0D,3239390989,0,4335,0x80009D12,0x000089A0,0xC1152F0D
VehList_Car_City_Act1ContestedAL,0x365E148B,912135307,0,5168,0x8000A49D,0x0000DA41,0x365E148B
VehList_Car_City_Act2ALL,0xC53AD1D7,3308966359,0,5169,0x8000A49E,0x00004BBE,0xC53AD1D7
VehList_Car_City_Act2CHI,0xC0F65718,3237369624,0,5172,0x8000A4A1,0x0000FE7A,0xC0F65718
VehList_Car_City_Act3ALL,0x98A524B0,2560959664,0,4374,0x80009D4A,0xFFFFFFFF,0x98A524B0
VehList_Car_City_Act3CHI,0x036189C7,56723911,0,4375,0x80009D4B,0xFFFFFFFF,0x036189C7
VehList_Car_Dock_Act1,0x508F6095,1351573653,0,4338,0x80009D15,0x00000882,0x508F6095
VehList_Car_Estate_Act1,0x2DFAD29A,771412634,0,4334,0x80009D11,0x00009613,0x2DFAD29A
VehList_Car_Shanty_Act1,0xE1BC5559,3787216217,0,4332,0x80009D0F,0x0000588F,0xE1BC5559
VehList_CHIHQ,0xF1C5A9BC,4056263100,0,2445,0x800084B1,0x00000115,0xF1C5A9BC
VehList_CHIHQ_AA,0x39D7B4CD,970437837,0,5935,0x8000B1DC,0xFFFFFFFF,0x39D7B4CD
VehList_Cumana_Act1ALL,0x7248D833,1917376563,0,4356,0x80009D29,0x000021D8,0x7248D833
VehList_Cumana_Act1CHI,0xD27C4934,3531360564,0,4354,0x80009D26,0x00008265,0xD27C4934
VehList_Cumana_act2CHI,0xF6F0C349,4142973769,0,4378,0x80009D4E,0x00004FF4,0xF6F0C349
VehList_Cumana_Fort_AllJob002B,0x9D0EE581,2634999169,0,4392,0x80009D60,0x0000279B,0x9D0EE581
VehList_Guanare_Act1,0xCAF91A4C,3405322828,0,4345,0x80009D1D,0x00011526,0xCAF91A4C
VehList_Guanare_Big_Act1,0x0138AD75,20491637,0,4348,0x80009D20,0x00011CDA,0x0138AD75
VehList_Guanare_MecCon,0xF9A68CC6,4188441798,0,2804,0x8000876A,0x00010366,0xF9A68CC6
VehList_GurHQ_AA,0xA3CA0241,2747925057,0,5924,0x8000B1CE,0x0000CC82,0xA3CA0241
VehList_GurHQ_Traffic,0x13AC24F2,330048754,0,5928,0x8000B1D2,0x00000A00,0x13AC24F2
VehList_GurHQ_Vehicles,0x5785F7C8,1468397512,1,2527,0x80008558,0x000080E2,0x5785F7C8
VehList_JungleMtn_GurCon052,0x9AE66CBB,2598792379,0,5870,0x8000B011,0x0001136F,0x9AE66CBB
VehList_JungleMtnA_Act1,0x97D9B7F0,2547628016,0,4327,0x80009D0A,0xFFFFFFFF,0x97D9B7F0
VehList_JungleMtnB_Act1,0x173E2151,389947729,0,4328,0x80009D0B,0xFFFFFFFF,0x173E2151
VehList_JungleMtnC_Act1,0xB0DFA0E2,2967445730,0,5956,0x8000B1F5,0x00006DD0,0xB0DFA0E2
VehList_Mar_Altagracia_Act1,0xAC551BFD,2891258877,0,4322,0x80009D05,0x000084B7,0xAC551BFD
VehList_Mar_Altagracia_Act2,0x2A4D9392,709727122,0,4591,0x80009F59,0xFFFFFFFF,0x2A4D9392
VehList_Mar_Big_Act1,0x0C46D0FE,205967614,0,4340,0x80009D17,0x0001344A,0x0C46D0FE
VehList_Mar_City_OilCon020Cartel,0x8B9CECFD,2342317309,0,4026,0x80009A0C,0x0000BA9A,0x8B9CECFD
VehList_Mar_City_OilCon021,0x4B792311,1266230033,0,4023,0x80009A09,0x00010AF6,0x4B792311
VehList_Mar_Industrial_Act1,0x1B9159B3,462510515,0,4324,0x80009D07,0x00004BA5,0x1B9159B3
VehList_Mar_Industrial_Act2,0x4193D41C,1100207132,0,4385,0x80009D58,0xFFFFFFFF,0x4193D41C
VehList_Mar_Industrial_Act3,0x3B960941,999688513,0,4386,0x80009D59,0x00011002,0x3B960941
VehList_Mar_Outskirt_Act1,0x713CEEC7,1899818695,0,4320,0x80009D03,0x0000143F,0x713CEEC7
VehList_Mar_Outskirt_Act1VZ,0x61676513,1634166035,0,5156,0x8000A48F,0x0000CCF9,0x61676513
VehList_Mar_Outskirt_OilCon020Cartel,0xA455C57D,2757084541,0,4024,0x80009A0A,0x00012C70,0xA455C57D
VehList_Mar_Village_Act1,0x43DC42A4,1138508452,0,4318,0x80009D01,0xFFFFFFFF,0x43DC42A4
VehList_Mar_Village_Act1_PirCon2,0xC5D8015E,3319267678,0,4034,0x80009A1E,0xFFFFFFFF,0xC5D8015E
VehList_MarCity_Act1,0xF1274DA4,4045884836,0,4313,0x80009CFC,0x00011FEC,0xF1274DA4
VehList_MarCity_Act1Contested,0x26D3E1F3,651420147,0,5153,0x8000A48C,0xFFFFFFFF,0x26D3E1F3
VehList_MarCity_Act1ContestedVZ,0x014B5D57,21716311,0,5159,0x8000A493,0xFFFFFFFF,0x014B5D57
VehList_MarCity_Act1OC_R,0x2A3920CD,708387021,0,4993,0x8000A3A9,0xFFFFFFFF,0x2A3920CD
VehList_MarCity_Act1UP,0xCB42F663,3410163299,0,5154,0x8000A48D,0x0000D3A6,0xCB42F663
VehList_MarCity_Act1UP_PirCon02,0x3594D7FF,898947071,0,4035,0x80009A20,0xFFFFFFFF,0x3594D7FF
VehList_MarCity_Act2,0x0B2537FB,186988539,0,4369,0x80009D40,0x0000EDD0,0x0B2537FB
VehList_MarCity_Act2ContestedCH,0x614F0283,1632567939,0,5162,0x8000A496,0x00004102,0x614F0283
VehList_MarCity_Act3,0xE922C3DE,3911369694,0,4371,0x80009D42,0x0000109C,0xE922C3DE
VehList_Margarita_Act1,0x8F68C771,2406008689,0,4571,0x80009F3D,0x00003064,0x8F68C771
VehList_Mer_Big_Act1,0xE3E52CAA,3823447210,0,4342,0x80009D1A,0x00006867,0xE3E52CAA
VehList_Mer_City_Act1,0xBEF61B6B,3203799915,0,2524,0x80008555,0xFFFFFFFF,0xBEF61B6B
VehList_Mer_City_Act1ContestedGR,0x50175F85,1343709061,0,5165,0x8000A49A,0x0000F516,0x50175F85
VehList_Mer_City_Act2,0xE4F895D4,3841496532,0,4382,0x80009D53,0x00005B08,0xE4F895D4
VehList_Mer_Outskirt_Act1,0x3AD48073,987005043,0,4326,0x80009D09,0xFFFFFFFF,0x3AD48073
VehList_Merida_GurOutskirts,0xB9FB2202,3120243202,0,2525,0x80008556,0x00003E16,0xB9FB2202
VehList_Merida_VZOutskirts,0xBFF35910,3220396304,0,2526,0x80008557,0x0001293A,0xBFF35910
VehList_OilDepot_Act1,0x1FC7641F,533160991,0,4316,0x80009CFF,0x0000F4F7,0x1FC7641F
VehList_OilDepot_EXT,0xCF6DC9F3,3480078835,0,5654,0x8000AC9C,0x00012CED,0xCF6DC9F3
VehList_OilDepot_GunTrucks,0x801BCAD0,2149305040,1,5657,0x8000AC9F,0xFFFFFFFF,0x801BCAD0
VehList_OilDepot_Stingray,0x5F265AC3,1596349123,1,5658,0x8000ACA0,0x000044F5,0x5F265AC3
VehList_Pir_T300Driver,0x0BC6FDB8,197590456,0,5949,0x8000B1EB,0x0000BA66,0x0BC6FDB8
VehList_PirCon003,0xE9FBB0B1,3925586097,0,4028,0x80009A11,0x0000F929,0xE9FBB0B1
VehList_PirHQ,0x0BD071F7,198210039,0,5652,0x8000AC99,0x00006341,0x0BD071F7
VehList_VZCon001_Dirtbike,0xA3901E57,2744131159,0,5948,0x8000B1EA,0x000055A4,0xA3901E57
VehList_VZCon001_M151,0x963817EF,2520258543,1,5943,0x8000B1E5,0xFFFFFFFF,0x963817EF
Verification Camera,0xF182CA19,4051880473,0,1915,0x80007A04,0x0000EC8E,0xF182CA19
verify flash,0xB9F5A2CC,3119882956,0,5294,0x8000A912,0x000036AC,0xB9F5A2CC
Veyron,0xDE0208C0,3724675264,0,2556,0x800085BA,0x0000960E,0xDE0208C0
Veyron (as a building),0x5E327E60,1580367456,0,2251,0x80008225,0x0000BA95,0x5E327E60
Veyron (Assault),0x046E1AA2,74324642,0,2591,0x800085E5,0xFFFFFFFF,0x046E1AA2
Veyron (Assault) (Driver),0x115B8749,291211081,0,4700,0x8000A005,0xFFFFFFFF,0x115B8749
Veyron (base),0x33588F18,861441816,0,2606,0x800085F4,0xFFFFFFFF,0x33588F18
Veyron (Cannon),0xCB562B84,3411422084,0,4887,0x8000A265,0xFFFFFFFF,0xCB562B84
Veyron (Driver),0x1F484C5F,524831839,0,4441,0x80009E13,0x0000C8B1,0x1F484C5F
Veyron (Driver) (Civ Rich female),0x903B0452,2419786834,0,4443,0x80009E15,0x0000E546,0x903B0452
Veyron (Driver) (Civ Rich male),0x66CFAD77,1724886391,0,4442,0x80009E14,0x0000DDC0,0x66CFAD77
Veyron_Driver,0xA225EE3D,2720394813,0,5093,0x8000A41C,0x00003AE0,0xA225EE3D
VeyronAssault_Driver,0xC9AC1A8E,3383499406,0,5109,0x8000A450,0x0000AFF1,0xC9AC1A8E
VZ,0xB4420059,3024224345,0,32,0x80004382,0x00005B5C,0xB4420059
VZ Allied Defector,0x6A0568F2,1778739442,0,4038,0x80009A6B,0xFFFFFFFF,0x6A0568F2
VZ Antenna,0x963EF124,2520707364,0,2558,0x800085BD,0xFFFFFFFF,0x963EF124
VZ Captain,0x06F7E45D,116909149,0,2319,0x800082D4,0x0000C449,0x06F7E45D
VZ Chinese Defector,0x8253CF38,2186530616,0,3599,0x800093EC,0x00013C64,0x8253CF38
VZ Deathsquad,0xAF46A983,2940643715,0,2112,0x80008186,0x00010DAF,0xAF46A983
VZ Deathsquad (Mook),0xC964419E,3378790814,0,2167,0x800081C1,0x0000AD2C,0xC964419E
VZ Deathsquad (Mook) w/ LMG,0x8D27323C,2368156220,0,2169,0x800081C3,0x0000E32A,0x8D27323C
VZ Deathsquad (Mook) w/ RPG,0xA75BF6B5,2807822005,0,2168,0x800081C2,0xFFFFFFFF,0xA75BF6B5
VZ Deathsquad B,0x7082C649,1887618633,0,2360,0x80008319,0x00012EE8,0x7082C649
VZ Deathsquad B HVT,0xDBCDEE03,3687706115,0,5576,0x8000AB74,0xFFFFFFFF,0xDBCDEE03
VZ Deathsquad C,0x56805EC4,1451253444,0,2361,0x8000831A,0xFFFFFFFF,0x56805EC4
VZ Defender (AA),0x68071939,1745295673,0,5017,0x8000A3C6,0x0000C7FF,0x68071939
VZ Defender (AT),0x51A916A6,1370035878,0,5016,0x8000A3C5,0xFFFFFFFF,0x51A916A6
VZ Defender (AT) (Window Spawner),0x50E1E3EB,1356981227,0,3008,0x80008A28,0xFFFFFFFF,0x50E1E3EB
VZ Defender (MG),0x0CF90747,217646919,0,5018,0x8000A3C7,0xFFFFFFFF,0x0CF90747
VZ Defender (Rifle),0x8F5E7B99,2405333913,0,5015,0x8000A3C4,0xFFFFFFFF,0x8F5E7B99
VZ Defender (Sniper),0x5F9AF5A8,1603990952,0,5027,0x8000A3D0,0x0000910B,0x5F9AF5A8
VZ Elite,0xE0C2BA3C,3770858044,0,2111,0x80008185,0x0000F948,0xE0C2BA3C
VZ Guerilla Defector,0x0075BAE0,7715552,0,4040,0x80009A6D,0xFFFFFFFF,0x0075BAE0
VZ Heavy (AA Missile),0x4F07A507,1325901063,0,1335,0x80006EA8,0x000057F7,0x4F07A507
VZ Heavy (Heavy MG),0x405F7B3C,1079999292,0,4076,0x80009AF6,0x000037A8,0x405F7B3C
VZ Heavy (Light MG),0xBA7B1711,3128629009,0,1028,0x800068B3,0x0000DF4A,0xBA7B1711
VZ Heavy (RPG + Rifle),0xBAC092CD,3133182669,0,2988,0x80008A13,0xFFFFFFFF,0xBAC092CD
VZ Heavy (RPG),0x82CF86E6,2194638566,0,991,0x8000687C,0x00013C10,0x82CF86E6
VZ HeliPatrol,0x8E7B1B61,2390432609,1,3082,0x80008BA6,0xFFFFFFFF,0x8E7B1B61
VZ HVT01,0x3CF53B8E,1022704526,0,819,0x80006322,0x0000F970,0x3CF53B8E
VZ HVT02,0x9EFC9199,2667352473,0,2317,0x800082D2,0x00004734,0x9EFC9199
VZ HVT03,0x44F9C554,1157219668,0,2318,0x800082D3,0x0000C027,0x44F9C554
VZ HVT04,0xA7011B5F,2801867615,0,2320,0x800082D5,0x0000EE68,0xA7011B5F
VZ Jet Pilot,0xFDAD5ECA,4255997642,0,2343,0x800082EF,0x00009717,0xFDAD5ECA
VZ MinerUnionBoss,0x6C9E6F52,1822322514,0,4039,0x80009A6C,0xFFFFFFFF,0x6C9E6F52
VZ Officer,0x238E6A57,596535895,0,451,0x8000568B,0x00011D5B,0x238E6A57
VZ Oil Company Defector,0x4DE8C1C4,1307099588,0,4041,0x80009A6E,0xFFFFFFFF,0x4DE8C1C4
VZ Riot Soldier,0x63B075BF,1672508863,0,2113,0x80008187,0x00003581,0x63B075BF
VZ Sniper,0xAC1CBADE,2887563998,0,1359,0x80006ECA,0x00013CC7,0xAC1CBADE
VZ Soldier,0x5FFB1CB3,1610292403,0,35,0x80004385,0xFFFFFFFF,0x5FFB1CB3
VZ Soldier (Crash Repro),0xE7813B45,3884006213,0,2979,0x80008A08,0x00013C84,0xE7813B45
VZ Soldier (Mook),0xA22B422E,2720743982,0,2178,0x800081CE,0x0000CFFE,0xA22B422E
VZ Soldier (Seatbelted),0xFF5C6CC5,4284247237,0,5916,0x8000B0CE,0xFFFFFFFF,0xFF5C6CC5
VZ Soldier (stowed),0xE913C87C,3910387836,0,1201,0x80006CB1,0xFFFFFFFF,0xE913C87C
VZ Tank Commander,0xD94E10C5,3645771973,1,2114,0x80008188,0x0000CDEC,0xD94E10C5
VZBaseTemp,0xCD89AD48,3448352072,0,1505,0x8000703F,0x000059AC,0xCD89AD48
VZBaseTrafficZone,0xD21D8AAF,3525151407,0,1504,0x8000703C,0x00003608,0xD21D8AAF
VzDbSpawner,0x3CFFE175,1023402357,0,3011,0x80008A2B,0x0000D9EB,0x3CFFE175
VzDbSpawner (Squad Full AT),0xEF3E1340,4013822784,0,5659,0x8000ACA2,0x00000437,0xEF3E1340
VzDbSpawner (Squad Half AT),0xFC034558,4228072792,0,5660,0x8000ACA3,0x00004F61,0xFC034558
VzDbSpawner (Squad Quarter AT),0x291F2235,689906229,0,5907,0x8000B03A,0x000135EE,0x291F2235
VzDbSpawner (Squad),0x260CAACE,638364366,0,3012,0x80008A2C,0x0000B620,0x260CAACE
VZGurTankSpawnlist,0x8609B23A,2248782394,1,2400,0x800083ED,0xFFFFFFFF,0x8609B23A
VZHealthBucket,0x2BE4C7F1,736413681,0,553,0x80005BA7,0xFFFFFFFF,0x2BE4C7F1
VZHealthList,0x00F5431B,16073499,0,552,0x80005BA6,0x0000622E,0x00F5431B
VZRareHeavy,0x737DB7D2,1937618898,0,554,0x80005BA8,0xFFFFFFFF,0x737DB7D2
VZRockets,0x02E06A24,48261668,0,555,0x80005BA9,0x00006017,0x02E06A24
VzTestTrafficZone,0x7F9379B2,2140371378,0,345,0x80004E91,0x00000FCB,0x7F9379B2
VZWindowList,0xFDE30AFD,4259515133,0,2911,0x80008944,0x000000F6,0xFDE30AFD
W series,0xAA8FE983,2861558147,0,2569,0x800085CC,0xFFFFFFFF,0xAA8FE983
W12 (normal),0xB9D23751,3117561681,0,2573,0x800085D0,0x00006765,0xB9D23751
W12 (normal) (black),0xDEBDCC33,3736980531,0,5523,0x8000AAD4,0x000086BC,0xDEBDCC33
W12 (normal) (blue),0x5FBC7946,1606187334,0,5522,0x8000AAD3,0xFFFFFFFF,0x5FBC7946
W12 (normal) (bronze),0x4A9BCCFA,1251724538,0,5610,0x8000AC59,0x0000270F,0x4A9BCCFA
W12 (normal) (Driver),0x7076E2AC,1886839468,0,4444,0x80009E16,0x0000B3E2,0x7076E2AC
W12 (normal) (Driver) (Civ Rich female),0x6D615051,1835094097,0,4445,0x80009E17,0x0000EEC5,0x6D615051
W12 (normal) (Driver) (Civ Rich male),0x9801E1F4,2550260212,0,4446,0x80009E18,0x0000FD12,0x9801E1F4
W12 (normal) (green),0x0EDF2B73,249506675,0,5581,0x8000AC3C,0x0000145E,0x0EDF2B73
W12 (normal) (lightblue),0x83C91BE8,2210995176,0,5527,0x8000AAD8,0xFFFFFFFF,0x83C91BE8
W12 (normal) (orange),0x2C3451F0,741626352,0,5525,0x8000AAD6,0x00002393,0x2C3451F0
W12 (normal) (paleblue),0x4239EE46,1111092806,0,5611,0x8000AC5A,0x00006C39,0x4239EE46
W12 (normal) (red),0x0011FF73,1179507,0,5526,0x8000AAD7,0x00003EA6,0x0011FF73
W12 (normal) (white),0xF1254381,4045751169,0,5524,0x8000AAD5,0x0000028B,0xF1254381
W12 (sprint),0xFBCDEEBA,4224577210,0,2571,0x800085CE,0xFFFFFFFF,0xFBCDEEBA
W12 (sprint) (Driver),0xDCA853E1,3702019041,0,4447,0x80009E19,0x0000EF41,0xDCA853E1
W12 (sprint) (Driver) (Civ Rich female),0x3FAFE7A0,1068492704,0,4448,0x80009E1A,0x00011F2F,0x3FAFE7A0
W12 (sprint) (Driver) (Civ Rich male),0x1BD3AC51,466857041,0,4449,0x80009E1B,0x00005D2D,0x1BD3AC51
W12 (Z12),0x5DE0BD51,1575009617,0,2570,0x800085CD,0x00010B5E,0x5DE0BD51
W12 (Z12) (Driver),0xBEC014AC,3200259244,0,4450,0x80009E1C,0x0000B896,0xBEC014AC
W12 (Z12) (Driver) (Civ Rich female),0xEF9F5251,4020195921,0,4451,0x80009E1D,0x00012901,0xEF9F5251
W12 (Z12) (Driver) (Civ Rich male),0x69FB93F4,1778095092,0,4452,0x80009E1E,0x00013124,0x69FB93F4
W12 (Z12) Racer,0x82E9924A,2196345418,0,4018,0x800099A8,0x00000522,0x82E9924A
W12_Driver,0xA1E5243E,2716148798,0,5094,0x8000A41D,0x00002810,0xA1E5243E
W8 (normal),0x717E21E6,1904091622,0,2572,0x800085CF,0xFFFFFFFF,0x717E21E6
W8 (normal) (Driver),0xB4ED077D,3035432829,0,4453,0x80009E1F,0x00005BE6,0xB4ED077D
W8 (normal) (Driver) (Civ Rich female),0x642D9ECC,1680711372,0,4454,0x80009E20,0xFFFFFFFF,0x642D9ECC
W8 (normal) (Driver) (Civ Rich male),0x5902A1DD,1493344733,0,4455,0x80009E21,0x00007D2F,0x5902A1DD
W8_Driver,0x941202DD,2484208349,0,5108,0x8000A44F,0x0000347D,0x941202DD
wallace_testcube01,0xF703083B,4144171067,0,723,0x800061E2,0xFFFFFFFF,0xF703083B
wallace_testrig,0xC5FFFE39,3321888313,0,724,0x800061E3,0x00004A6E,0xC5FFFE39
water_template,0x14AEF06B,347009131,0,3247,0x80008F25,0x0000186B,0x14AEF06B
waterpuddle01,0xB91F2097,3105824919,0,3544,0x800093B2,0x00013C35,0xB91F2097
waterShore100mTemplate,0xD29684C1,3533079745,0,5236,0x8000A6E5,0x00003A99,0xD29684C1
waterShore150mTemplate 0x8000a6f1,0xEB4D47F6,3947710454,0,5248,0x8000A6F1,0x0000D599,0xEB4D47F6
waterShore200mTemplate 0x8000a6eb,0xDE398D90,3728313744,0,5242,0x8000A6EB,0xFFFFFFFF,0xDE398D90
waterShore25mTemplate 0x8000a6ed,0xF9861505,4186313989,0,5244,0x8000A6ED,0x00005675,0xF9861505
waterShore300mTemplate 0x8000a6ef,0x179D9769,396203881,0,5246,0x8000A6EF,0x00004D3F,0x179D9769
waterShore400mTemplate 0x8000a6ee,0x91A3F6DD,2443441885,0,5245,0x8000A6EE,0x0000B9E7,0x91A3F6DD
waterShore50mTemplate 0x8000a6ec,0x7AFA4926,2063223078,0,5243,0x8000A6EC,0x0000BB11,0x7AFA4926
waterShore75mTemplate 0x8000a6f0,0x253B5EDB,624647899,0,5247,0x8000A6F0,0x0000F03F,0x253B5EDB
waterShore_open,0x16A64C2C,379997228,0,5760,0x8000AE6A,0x00003686,0x16A64C2C
waterShore_small,0x883609C5,2285242821,0,5761,0x8000AE6B,0x0000B8B6,0x883609C5
waterShore_tiny,0x93827ED6,2474802902,0,5237,0x8000A6E6,0x000027CC,0x93827ED6
Weapon (Human),0xE6466F25,3863375653,0,21,0x8000436E,0x00012B00,0xE6466F25
Weapon (TESTS for Art),0xEF416863,4014041187,0,1222,0x80006CD3,0xFFFFFFFF,0xEF416863
WeaponMagDebrisTemplate,0x4E68D76D,1315493741,0,6082,0x900001C4,0xFFFFFFFF,0x4E68D76D
Wheel (Rear),0xE2460FC9,3796242377,0,50,0x80004643,0x0000FF2C,0xE2460FC9
Wheel Armored Bank Truck (L),0x6F630E42,1868762690,1,1797,0x800075FB,0xFFFFFFFF,0x6F630E42
Wheel Armored Bank Truck (R),0x4958151C,1230509340,1,1798,0x800075FC,0xFFFFFFFF,0x4958151C
Wheel Health,0x80D436B8,2161391288,0,1900,0x800077FF,0xFFFFFFFF,0x80D436B8
Wheel Health RL,0x2E0FD24E,772788814,0,1904,0x80007806,0x0000830C,0x2E0FD24E
Wheel Health RR,0x8E0A5940,2383042880,0,1903,0x80007805,0xFFFFFFFF,0x8E0A5940
Wheel Health XL,0xD063D4B8,3496203448,0,1901,0x80007801,0xFFFFFFFF,0xD063D4B8
Wheel Health XR,0x7040AB56,1883286358,0,1902,0x80007804,0x00012940,0x7040AB56
Wheel L300 (L),0xDEFDC8E8,3741173992,0,1800,0x800075FE,0xFFFFFFFF,0xDEFDC8E8
Wheel L300 (R),0x7E21F6E6,2116155110,0,1803,0x80007699,0x00009805,0x7E21F6E6
Wheel L300 (Racing) (L),0xA2E7C1D9,2733097433,0,1811,0x800076A2,0xFFFFFFFF,0xA2E7C1D9
Wheel L300 (Racing) (R),0xDF676053,3748094035,0,1812,0x800076A3,0xFFFFFFFF,0xDF676053
Wheel SX2150 (L),0x3CB0AB26,1018211110,0,3479,0x800092D6,0x00003910,0x3CB0AB26
Wheel SX2150 (R),0x9D8C7D28,2643229992,0,3480,0x800092D7,0x00001BDA,0x9D8C7D28
Wheel WZ551 (L),0xF7B9DCA5,4156152997,1,1421,0x80006F74,0x0000CEE0,0xF7B9DCA5
Wheel WZ551 (ML),0xB0654998,2959427992,1,1426,0x80006F79,0x000110BF,0xB0654998
Wheel WZ551 (MR),0xAC60AA76,2892016246,1,1425,0x80006F78,0x000119AD,0xAC60AA76
Wheel WZ551 (R),0x0AF05607,183522823,1,1422,0x80006F75,0xFFFFFFFF,0x0AF05607
Wheel WZ551 (RL),0x026A840B,40535051,1,1424,0x80006F77,0x000041C0,0x026A840B
Wheel WZ551 (RR),0x17CE3481,399389825,1,1423,0x80006F76,0xFFFFFFFF,0x17CE3481
WheelFlame,0xC614F6F7,3323262711,0,1092,0x80006A74,0xFFFFFFFF,0xC614F6F7
Will_atmospheres,0xADC27D93,2915204499,0,2669,0x80008645,0x00010CF8,0xADC27D93
WindowSeat,0xFBD5485E,4225058910,0,2907,0x8000893E,0xFFFFFFFF,0xFBD5485E
WindowSpawnerTest,0xEF14D2FB,4011119355,0,2905,0x8000893C,0xFFFFFFFF,0xEF14D2FB
WindowSpawnerTest2,0xAE8C7E5B,2928442971,0,2906,0x8000893D,0xFFFFFFFF,0xAE8C7E5B
WindowSpawnerTurret,0x2A8EFC41,714013761,0,2908,0x8000893F,0x00003722,0x2A8EFC41
WorldExit,0xAA9975CB,2862183883,0,109,0x80004C17,0xFFFFFFFF,0xAA9975CB
WS Test,0x783A7745,2017097541,0,2910,0x80008942,0xFFFFFFFF,0x783A7745
WZ10,0x02661E85,40246917,0,1208,0x80006CC2,0x0000976B,0x02661E85
WZ10 (Driver),0x26B94B90,649677712,0,2501,0x80008535,0x00001038,0x26B94B90
WZ10 (Ewan),0x73EF463D,1945060925,0,5991,0x8000B373,0x0000FF43,0x73EF463D
WZ10 (Full),0x1E58E727,509142823,0,2502,0x80008536,0x00007A7A,0x1E58E727
WZ551,0xCC9CEB99,3432835993,1,1420,0x80006F73,0xFFFFFFFF,0xCC9CEB99
WZ551 (Amphibious) (DoNotUse),0xB17A4B69,2977581929,1,4944,0x8000A2AA,0x0000C06A,0xB17A4B69
WZ551 (Driver),0x29431074,692260980,1,1759,0x800075D1,0xFFFFFFFF,0x29431074
WZ551 (Full),0x4D84C7B3,1300547507,1,1760,0x800075D2,0xFFFFFFFF,0x4D84C7B3
WZ551_Driver,0x17FC2D22,402402594,1,5078,0x8000A40D,0x00009FAD,0x17FC2D22
ZBD2000,0x58827779,1484945273,0,1624,0x8000725F,0x0000762B,0x58827779
ZBD2000 (Amphibious) (DoNotUse),0xD6A07C49,3600841801,0,4942,0x8000A2A8,0x000022C4,0xD6A07C49
ZBD2000 (Driver),0xEC25EFD4,3961909204,0,1625,0x80007260,0xFFFFFFFF,0xEC25EFD4
ZBD2000 (DriverGunner),0xD745179B,3611629467,0,3469,0x800092CB,0x00012DA0,0xD745179B
ZBD2000 (Full),0x3F57BB93,1062714259,0,1626,0x80007261,0x0000302D,0x3F57BB93
ZippoFlame,0x90BF5C72,2428460146,0,1152,0x80006B70,0xFFFFFFFF,0x90BF5C72
ZTZ63a,0xC36271CF,3278008783,1,1621,0x8000725C,0xFFFFFFFF,0xC36271CF
ZTZ63a (Amphibious) (DoNotUse),0xE6739AD3,3866335955,1,4947,0x8000A2AD,0x00006962,0xE6739AD3
ZTZ63a (Driver),0xEF287EFA,4012408570,1,1622,0x8000725D,0xFFFFFFFF,0xEF287EFA
ZTZ63a (Full),0x8309B139,2198450489,1,1623,0x8000725E,0x000007D0,0x8309B139
ZTZ98,0x28CFA508,684696840,1,1214,0x80006CC8,0x00001C0A,0x28CFA508
ZTZ98 (Driver),0x33DF6767,870279015,1,1216,0x80006CCD,0x00012928,0x33DF6767
ZTZ98 (Full),0xC1F56AAC,3254086316,1,1217,0x80006CCE,0xFFFFFFFF,0xC1F56AAC
,0x021F16B2,35591858,,101,0x80004C02,0xFFFFFFFF,0x021F16B2
,0x816F0B0D,2171538189,,836,0x80006391,0x00000666,0x816F0B0D
,0xA1AD5E94,2712493716,,1460,0x80006F9C,0xFFFFFFFF,0xA1AD5E94
,0xFEC25D11,4274150673,,1822,0x800076AD,0xFFFFFFFF,0xFEC25D11
,0x699D5606,1771918854,,2644,0x80008626,0x000109D4,0x699D5606
,0x4C74944F,1282708559,,2803,0x80008769,0x000091D2,0x4C74944F
,0xBD4DC42B,3175990315,,2943,0x800089BF,0x00004BCC,0xBD4DC42B
,0x784FCF4D,2018496333,,2969,0x800089FD,0x0000857C,0x784FCF4D
,0xB224DB15,2988759829,,3305,0x80008F75,0x00011DD2,0xB224DB15
,0x2AE48660,719619680,,4202,0x80009C2F,0x0000CAEE,0x2AE48660
,0x6420E4F7,1679877367,,5143,0x8000A47F,0x00003A28,0x6420E4F7
,0x928027C1,2457872321,,5270,0x8000A7C1,0x00005827,0x928027C1
,0xC6B40476,3333686390,,5387,0x8000A97B,0x00007861,0xC6B40476
,0x0ECB978A,248223626,,5529,0x8000AB3F,0xFFFFFFFF,0x0ECB978A
,0x1266E814,308733972,,5698,0x8000ACCC,0xFFFFFFFF,0x1266E814
,0xD8353CA9,3627367593,,5699,0x8000ACCD,0x00002C6F,0xD8353CA9
,0xEDF510A0,3992260768,,5744,0x8000AD69,0x0000252C,0xEDF510A0
,0xE19A4391,3784983441,,5755,0x8000AE05,0x00001A49,0xE19A4391
