hash,n_models,anim_tracks,in_swit,kind,example_parent_models
0x206376F6,890,0,835,destruction-piece,global_checkpointa|vzoutpost_bld_guardtower_pr
0x501D5FD7,829,0,0,model-root,global_checkpointa|vzoutpost_bld_guardtower_pr
0x8C314A58,737,0,746,destruction-piece,global_checkpointa|vzoutpost_bld_guardtower_pr
0x1B385A41,353,0,354,destruction-piece,vzoutpost_bld_guardtower_pr|outskirt_bld_market04
0x2136251C,349,0,350,destruction-piece,vzoutpost_bld_guardtower_pr|global_propanetanklargea
0x8DCB305A,337,0,338,destruction-piece,vzoutpost_bld_guardtower_pr|outskirt_bld_market04
0x9930D1D6,316,0,316,destruction-piece,vzoutpost_bld_guardtower_pr|global_propanetanklargea
0xEFD28665,291,0,292,destruction-piece,vzoutpost_bld_guardtower_pr|outskirt_bld_market04
0xFB33AAB3,283,0,283,destruction-piece,vzoutpost_bld_guardtower_pr|global_propanetanklargea
0x85CFA0F0,279,0,285,destruction-piece,vzoutpost_bld_guardtower_pr|global_billboard02
0x793FAA00,258,0,258,destruction-piece,vzoutpost_bld_guardtower_pr|global_propanetanklargea
0x07C3A1A3,248,0,248,destruction-piece,vzoutpost_bld_guardtower_pr|global_billboard02
0xA3422AB5,218,0,218,destruction-piece,vzoutpost_bld_guardtower_pr|outskirt_bld_market04
0xE5C12D86,217,0,217,destruction-piece,vzoutpost_bld_guardtower_pr|global_billboard02
0x6FCD3FB7,208,0,208,destruction-piece,vzoutpost_bld_guardtower_pr|outskirt_bld_market04
0x813B396A,205,0,205,destruction-piece,vzoutpost_bld_guardtower_pr|outskirt_bld_market04
0xFAD780B2,202,0,187,destruction-piece,city_bld_corner32x32b|docks_bld_warehousesmall
0x5E3BCF7B,187,0,0,mesh-node,city_bld_corner32x32b|docks_bld_warehousesmall
0xA33DAD87,186,0,186,destruction-piece,vzoutpost_bld_guardtower_pr|outskirt_bld_market04
0x67C8B5F1,179,0,179,destruction-piece,vzoutpost_bld_guardtower_pr|global_billboard02
0x01226B04,173,0,173,destruction-piece,vzoutpost_bld_guardtower_pr|outskirt_bld_market04
0x5D27E761,173,0,0,mesh-node,groutpost_bld_shackfuselage|city_bld_corner32x32b
0x255EAB53,172,0,172,destruction-piece,al_veh_truck_hmmwv_armored|civ_veh_truck_transport
0x75F1F74D,172,0,172,destruction-piece,al_veh_truck_hmmwv_armored|civ_veh_truck_transport
0x765CD254,172,0,0,mesh-node,al_veh_truck_hmmwv_armored|civ_veh_truck_transport
0x1B24D289,165,0,165,destruction-piece,vzoutpost_bld_guardtower_pr|outskirt_bld_market04
0xEDC5B74C,150,0,150,destruction-piece,maracaibo_obelisk|village_bld_food02
0x56055623,147,0,144,destruction-piece,city_bld_corner32x32b|docks_bld_warehousesmall
0x443DE524,144,0,0,mesh-node,city_bld_corner32x32b|docks_bld_warehousesmall
0x6FB9B7FF,140,0,140,destruction-piece,maracaibo_obelisk|village_bld_food02
0xEBBF5043,139,0,0,mesh-node,vzoutpost_bld_guardtower_pr|city_bld_corner32x32b
0x4FDCA56A,137,0,137,destruction-piece,city_bld_corner32x32b|docks_bld_warehousesmall
0x671227EB,134,0,134,destruction-piece,city_bld_corner32x32b|docks_bld_warehousesmall
0x8869E876,131,0,0,mesh-node,al_veh_truck_hmmwv_armored|civ_veh_truck_transport
0x8F27AA8C,123,0,123,destruction-piece,docks_bld_warehousesmall|industrial_bld_warehousesmall02
0xFE1F4EA3,119,0,119,destruction-piece,al_veh_truck_hmmwv_armored|civ_veh_truck_transport
0x688C4858,117,0,0,mesh-node,al_veh_truck_hmmwv_armored|civ_veh_truck_transport
0x0DB6DF22,115,0,115,destruction-piece,maracaibo_obelisk|village_bld_food02
0x2C3EDC3C,112,0,112,destruction-piece,0x0307555E|civ_veh_boat_dinghy
0x4119F5A8,112,0,112,destruction-piece,al_veh_truck_hmmwv_armored|civ_veh_truck_transport
0x663986DE,111,0,0,model-root,dlc01_speedcity_tinygeometry_tgr14_tgc17_0x0015570f|dlc01_dlccon002_race_tinygeometry_tgr14_tgc25_0x00155680
0x8BC21F85,110,0,110,destruction-piece,al_veh_truck_hmmwv_armored|civ_veh_truck_transport
0x98B76A82,103,0,103,destruction-piece,al_veh_truck_hmmwv_armored|civ_veh_truck_transport
0xD871B369,101,0,101,destruction-piece,al_veh_truck_hmmwv_armored|civ_veh_truck_transport
0xFA92EE23,101,0,101,destruction-piece,al_veh_truck_hmmwv_armored|civ_veh_truck_transport
0xBD7008F2,100,0,0,mesh-node,city_bld_corner16x16a|industrial_bld_warehousesmall02
0xCC5594BD,100,0,100,destruction-piece,city_bld_corner16x16a|industrial_bld_warehousesmall02
0xA641DAE1,99,0,99,destruction-piece,0x0307555E|0x07B982D6
0x26CA2A92,97,0,97,destruction-piece,maracaibo_obelisk|village_bld_food02
0xCF72A7E9,97,0,97,destruction-piece,global_checkpointa|vzoutpost_bld_guardtower_pr
0xB2C8BB5D,89,0,89,destruction-piece,docks_bld_warehousesmall|industrial_bld_warehousesmall02
0x712FB5D7,85,0,0,model-root,dlc01_dlccon002_race_tinygeometry_tgr14_tgc25_0x00155680|dlc01_dlccon002_race_tinygeometry_tgr14_tgc23_0x00155687
0x063C61D3,84,0,84,destruction-piece,0x0307555E|civ_veh_boat_dinghy
0xB84640BD,82,0,82,destruction-piece,city_bld_corner32x32b|city_bld_corner16x16a
0x962C4871,81,44,0,mesh-node,al_veh_truck_hmmwv_armored|civ_veh_truck_transport
0x3DF5A3EF,81,5,0,mesh-node,al_veh_truck_hmmwv_armored|civ_veh_truck_transport
0x52385AE5,81,0,0,mesh-node,vzoutpost_bld_guardtower_pr|white_bld_segment16x16a
0x715F5613,81,0,0,mesh-node,al_veh_truck_hmmwv_armored|civ_veh_truck_transport
0x48CC9EAF,79,0,79,destruction-piece,village_bld_food02|0x05ED45FC
0x4E435B48,79,0,79,destruction-piece,city_bld_corner32x32b|city_bld_corner16x16a
0x0BFB95AC,77,0,0,mesh-node,al_veh_truck_hmmwv_armored|pr_veh_boat_jetski
0xDB205EF6,77,0,0,mesh-node,city_bld_corner32x32b|docks_bld_warehousesmall
0x51C22F6C,76,0,0,mesh-node,vzoutpost_bld_guardtower_pr|docks_bld_warehousesmall
0x899E3B08,76,0,0,mesh-node,groutpost_bld_shackfuselage|white_bld_segment16x16a
0x4205CFD0,75,0,75,destruction-piece,al_veh_truck_hmmwv_armored|civ_veh_truck_transport
0x46A08F9E,75,0,75,destruction-piece,industrial_bld_warehousesmall02|industrial_bld_warehouse05
0x913633E4,75,0,75,destruction-piece,al_veh_truck_hmmwv_armored|civ_veh_truck_transport
0xA529917E,75,0,75,destruction-piece,al_veh_truck_hmmwv_armored|civ_veh_truck_transport
0xDD2E46E2,75,0,75,destruction-piece,al_veh_truck_hmmwv_armored|civ_veh_truck_transport
0xDF727D0F,75,0,0,mesh-node,industrial_bld_warehousesmall02|industrial_bld_warehouse05
0x0CA1E5DC,72,0,72,destruction-piece,civ_veh_truck_transport|oc_veh_truck_ext
0x14886128,72,0,0,mesh-node,vzoutpost_bld_barrackreinforced|city_bld_corner16x16a
0x89EA902A,72,0,72,destruction-piece,civ_veh_truck_transport|oc_veh_truck_ext
0xD14291B9,72,0,0,mesh-node,civ_veh_truck_transport|oc_veh_truck_ext
0x363EB852,71,0,71,destruction-piece,caracas_bld_historical02|caracas_bld_governmentcorner01
0x2E048617,70,0,0,mesh-node,city_bld_corner16x16a|industrial_bld_warehousesmall02
0xBCF01D36,70,0,70,destruction-piece,city_bld_corner16x16a|industrial_bld_warehousesmall02
0x3ECECD88,69,0,69,destruction-piece,village_bld_food02|0x06B7DF09
0x5382B35E,69,0,0,mesh-node,cumana_bld_fortress01|shanty_bld_housegroupsmall03
0xF17F52EC,69,0,69,destruction-piece,city_bld_corner32x32b|city_bld_corner16x16a
0x8BC4B232,68,0,0,mesh-node,al_veh_truck_hmmwv_armored|pr_veh_boat_jetski
0xB38E2FF0,68,0,0,mesh-node,city_bld_corner32x32b|white_bld_segment16x16a
0xEB818811,66,0,66,destruction-piece,city_bld_corner32x32b|city_bld_corner16x16a
0x2CE53661,64,0,0,mesh-node,al_veh_truck_hmmwv_armored|oc_veh_truck_ext
0x2FD85212,64,0,64,destruction-piece,al_veh_truck_hmmwv_armored|oc_veh_truck_ext
0x9E8568CF,64,0,0,mesh-node,vzoutpost_bld_barrackreinforced|city_bld_corner16x16a
0xFA23E154,64,0,64,destruction-piece,al_veh_truck_hmmwv_armored|oc_veh_truck_ext
0x8B7C73C3,62,0,62,destruction-piece,city_bld_corner16x16a|caracas_bld_governmentcorner01
0xA8D1B2FD,62,0,62,destruction-piece,village_bld_food02|0x06B7DF09
0x243A5276,61,0,61,destruction-piece,0x07B982D6|vz_veh_apc_m113_command
0x9EC05A1E,60,0,60,destruction-piece,village_bld_food02|vzoutpost_wallb_oc
0xA40B15D4,60,0,0,mesh-node,al_veh_truck_hmmwv_armored|civ_veh_truck_transport
0xC45E0BFF,60,0,0,mesh-node,al_veh_truck_hmmwv_armored|0x0307555E
0x6237F34C,57,0,56,destruction-piece,caracas_bld_historical02|caracas_bld_governmentcorner01
0x2217B0F7,56,0,56,destruction-piece,groutpost_bld_shackfuselage|proutpost_docka
0x3CC2A6BB,56,0,56,destruction-piece,city_bld_corner16x16a|commercial_bld_firestation
0x5E404CA9,56,0,0,mesh-node,caracas_bld_historical02|caracas_bld_governmentcorner01
0x939C0C2F,56,0,0,mesh-node,white_bld_segment16x16a|proutpost_docka
0xC88A3631,55,0,0,mesh-node,al_veh_truck_hmmwv_armored|civ_veh_truck_transport
0xFDCBD8D9,55,0,55,destruction-piece,groutpost_bld_shackfuselage|proutpost_docka
0x58412C6F,54,0,54,destruction-piece,caracas_bld_governmentcorner01|vzoutpost_bld_garage
0xC0C2CE3B,54,0,54,destruction-piece,vzoutpost_wallb_oc|vzoutpost_walla_pr
0x14D8F03E,52,0,52,destruction-piece,al_veh_truck_hmmwv_armored|civ_veh_truck_transport
0x592552BD,52,0,0,mesh-node,al_veh_truck_hmmwv_armored|civ_veh_truck_transport
0x5B6A410A,52,0,52,destruction-piece,vzoutpost_bld_guardtower_pr|vzoutpost_bld_barrackreinforced
0x79FD3B48,52,0,52,destruction-piece,caracas_bld_historical02|caracas_bld_governmentcorner01
0xC3290D88,52,0,52,destruction-piece,al_veh_truck_hmmwv_armored|civ_veh_truck_transport
0x55757568,51,0,0,mesh-node,industrial_bld_warehousesmall02|commercial_bld_segment8x8c
0x9709979F,51,0,51,destruction-piece,industrial_bld_warehousesmall02|commercial_bld_segment8x8c
0xF03104DA,51,0,0,mesh-node,vzoutpost_bld_guardtower_pr|white_bld_segment16x16a
0xD12B39F0,50,0,0,mesh-node,city_bld_corner32x32b|city_bld_corner16x16a
0x79834A37,49,0,0,mesh-node,city_bld_corner32x32b|city_bld_corner16x16a
0x7C82F4B2,49,0,0,mesh-node,vzoutpost_bld_barrackreinforced|industrial_bld_warehouse05
0x80802775,49,0,49,destruction-piece,industrial_bld_warehousesmall02|industrial_bld_warehouse05
0xCC01AD3A,49,0,0,mesh-node,industrial_bld_warehousesmall02|industrial_bld_warehouse05
0x05CFAD1F,47,0,0,mesh-node,city_bld_corner32x32b|city_bld_corner16x16a
0xF7B86732,46,0,0,mesh-node,city_bld_corner32x32b|city_bld_corner16x16a
0x43402C0A,45,0,37,destruction-piece,city_bld_corner32x32b|city_bld_corner16x16a
0x6979FFA6,45,0,45,destruction-piece,industrial_bld_warehousesmall02|caracas_bld_governmentcorner01
0xBB28D8B7,45,0,0,mesh-node,city_bld_corner32x32b|city_bld_corner16x16a
0x846B4EC9,44,0,43,destruction-piece,city_bld_corner32x32b|city_bld_corner16x16a
0xA6C4E3E4,43,0,43,destruction-piece,vzoutpost_wallb_oc|village_bld_shacksmall01
0xD926C95A,43,0,0,mesh-node,city_bld_corner32x32b|city_bld_corner16x16a
0x86B3D504,42,0,0,mesh-node,jungle_env_treesmall01|jungle_env_treesmall03
0xC1BB01D3,42,0,0,mesh-node,city_bld_corner32x32b|city_bld_corner16x16a
0xD5447B84,42,0,42,destruction-piece,city_bld_corner32x32b|city_bld_corner16x16a
0x3F77915D,41,0,0,mesh-node,residential_bld_segment16x16b|commercial_bld_firestation
0x874AEE1B,41,0,0,mesh-node,jungle_env_treesmall01|jungle_env_treesmall03
0x8F85AB70,41,0,0,mesh-node,city_bld_corner32x32b|city_bld_corner16x16a
0xB48B89A5,41,0,0,mesh-node,jungle_env_treesmall01|jungle_env_treesmall03
0xB63971A4,41,0,41,destruction-piece,vzoutpost_bld_garage|caracas_bld_parquecentral03
0xCD22E928,41,0,41,destruction-piece,residential_bld_segment16x16b|commercial_bld_firestation
0xCD4A3516,41,0,0,mesh-node,city_bld_corner32x32b|city_bld_corner16x16a
0x6F373D1F,40,0,40,destruction-piece,global_checkpointa|proutpost_bld_barstand
0x13444B20,39,0,39,destruction-piece,industrial_bld_warehousesmall02|industrial_bld_warehouse05
0x2E090345,39,0,0,mesh-node,industrial_bld_warehousesmall02|industrial_bld_warehouse05
0x4C9F8D30,39,0,39,destruction-piece,city_bld_corner32x32b|city_bld_corner16x16a
0x738B5885,39,0,39,destruction-piece,industrial_bld_warehousesmall02|caracas_bld_governmentcorner01
0xBA7D3585,39,0,39,destruction-piece,city_bld_corner32x32b|city_bld_corner16x16a
0xF98890E5,39,0,0,mesh-node,city_bld_corner32x32b|city_bld_corner16x16a
0x423D5BE1,38,0,38,destruction-piece,oc_veh_semi_austin|civ_veh_truck_ambulance
0x73A31898,38,0,0,mesh-node,oc_veh_semi_austin|civ_veh_truck_ambulance
0xABD9AD8F,38,0,38,destruction-piece,oc_veh_semi_austin|civ_veh_truck_ambulance
0xECCFC098,38,0,38,destruction-piece,city_bld_corner16x16a|commercial_bld_firestation
0x0D85F419,37,0,37,destruction-piece,oc_veh_semi_austin|civ_veh_truck_ambulance
0x4FC5DB37,37,0,37,destruction-piece,groutpost_bld_shackfuselage|proutpost_docka
0x9380B8B6,37,0,0,mesh-node,oc_veh_semi_austin|civ_veh_truck_ambulance
0xB581D08F,37,0,37,destruction-piece,oc_veh_semi_austin|civ_veh_truck_ambulance
0xD2331437,37,0,0,mesh-node,vzoutpost_bld_guardtower_pr|white_bld_segment16x16a
0xB164A5B3,36,17,0,mesh-node,al_veh_truck_hmmwv_armored|civ_veh_truck_transport
0x65C83C70,36,0,36,destruction-piece,groutpost_bld_shackfuselage|proutpost_docka
0x6DC3CBDA,36,0,36,destruction-piece,groutpost_bld_shackfuselage|proutpost_docka
0x19098C70,35,0,35,destruction-piece,industrial_bld_warehouse05|commercial_bld_segment8x8c
0x26DDB24A,35,0,35,destruction-piece,village_bld_food02|village_bld_shacksmall01
0x33C9D423,35,0,35,destruction-piece,city_bld_corner16x16a|city_bld_segment16x16b
0x71999812,35,0,0,mesh-node,mountain_bld_bunkerdestroyed|proutpost_docka
0xD98776ED,35,0,0,mesh-node,al_veh_truck_hmmwv_armored|civ_veh_truck_transport
0x130F3AFA,33,0,33,destruction-piece,gr_veh_truck_m151_50cal|civ_veh_semi_mark
0x47C15171,33,0,33,destruction-piece,groutpost_bld_shackfuselage|proutpost_docka
0x5284339A,33,0,0,mesh-node,jungle_env_treesmall01|global_env_palmtreebend02
0x5615C7EC,33,0,33,destruction-piece,gr_veh_truck_m151_50cal|civ_veh_semi_mark
0x70B6D66B,33,0,0,mesh-node,vz_veh_apc_m113_command|oc_veh_truck_ext
0xC0C74B69,33,0,33,destruction-piece,village_bld_food02|village_bld_shacksmall01
0xFF7065C9,33,0,0,mesh-node,gr_veh_truck_m151_50cal|civ_veh_semi_mark
0x2F735D37,32,0,32,destruction-piece,industrial_bld_warehousesmall02|industrial_bld_warehouse05
0x4406E750,32,0,0,mesh-node,industrial_bld_warehousesmall02|industrial_bld_warehouse05
0x9680DF09,32,0,0,mesh-node,vzoutpost_bld_barrackreinforced|vzoutpost_bld_barrack
0xA60978DC,32,0,0,mesh-node,0x01ED3D6F|0x055E9085
0xBA39E05B,32,0,0,mesh-node,0x0307555E|vz_veh_apc_m113_command
0xBF4AAD1B,32,0,0,mesh-node,0x01ED3D6F|0x055E9085
0xC28A0C3F,32,0,32,destruction-piece,caracas_bld_historical02|caracas_bld_governmentcorner01
0xCFCB21E5,32,0,32,destruction-piece,groutpost_bld_shackfuselage|caracas_bld_historical02
0xD0B0CDDE,32,0,0,mesh-node,0x06B7DF09|shanty_env_bush01
0x08C73C5A,31,0,31,destruction-piece,al_veh_truck_hmmwv_armored|civ_veh_truck_transport
0x2AE33DB8,31,0,31,destruction-piece,al_veh_truck_hmmwv_armored|civ_veh_truck_transport
0x4001D72E,31,0,31,destruction-piece,al_veh_truck_hmmwv_armored|civ_veh_truck_transport
0x48E02667,31,0,31,destruction-piece,village_bld_shacksmall01|village_bld_housestilts05
0x60873362,31,0,31,destruction-piece,caracas_bld_historical02|caracas_bld_governmentcorner01
0xA0858BA4,31,0,31,destruction-piece,al_veh_truck_hmmwv_armored|civ_veh_truck_transport
0xB69EDE6D,31,0,31,destruction-piece,village_bld_shacksmall01|village_bld_housestilts05
0x2D7DFEDA,30,0,30,destruction-piece,caracas_bld_historical02|docks_docksmall
0x2E4BAB55,30,0,30,destruction-piece,vz_veh_apc_m113_command|oc_veh_semi_fueltrailer
0x3DF6AA10,30,0,34,destruction-piece,global_weapon_qbu88sniper|global_weapon_rpg
0x96E38F39,30,0,0,mesh-node,0x0307555E|vz_veh_apc_m113_command
0x9D8BCEB7,30,0,0,mesh-node,city_bld_corner32x32b|white_bld_segment16x16a
0xB88C3B18,30,0,30,destruction-piece,caracas_bld_historical02|caracas_bld_governmentcorner01
0x1627E091,29,0,0,mesh-node,0x01ED3D6F|0x055E9085
0x203CBF84,29,0,0,mesh-node,0x0307555E|vz_veh_apc_m113_command
0x3566387E,29,0,0,mesh-node,residential_bld_segment16x16b|commercial_bld_firestation
0x4B01AB4F,29,0,0,mesh-node,industrial_bld_warehousesmall02|caracas_bld_historical02
0x7C13A6F1,29,0,29,destruction-piece,residential_bld_segment16x16b|commercial_bld_firestation
0x84FDD93A,29,0,0,mesh-node,0x01ED3D6F|0x055E9085
0x8C9C5DB8,29,0,29,destruction-piece,village_bld_shacksmall01|chinaoutpost_bld_tent02
0xB6C4645B,29,0,29,destruction-piece,vzoutpost_bld_guardtower_pr|global_trafficlight01
0xBD226E53,29,0,0,mesh-node,ch_veh_boat_destroyer|commercial_bld_supermarket
0xCDBE52CC,29,0,29,destruction-piece,groutpost_bld_shackfuselage|proutpost_docka
0xFDA4038C,29,0,0,mesh-node,vzoutpost_bld_guardtower_pr|global_trafficlight01
0x8A62EF6B,28,0,0,mesh-node,0x0307555E|vz_veh_tank_amx30_base
0x31A498CD,27,0,27,destruction-piece,village_bld_house02|0x0AAE6D5A
0x5021DD05,27,0,0,mesh-node,groutpost_bld_shackfuselage|proutpost_docka
0x506302D2,27,0,0,mesh-node,0x0307555E|vz_veh_apc_m113_command
0x7893A99D,27,0,27,destruction-piece,0x0307555E|vz_veh_apc_m113_command
0x838B8286,27,0,27,destruction-piece,groutpost_bld_shackfuselage|proutpost_docka
0xA930085D,27,0,0,mesh-node,0x0307555E|vz_veh_apc_m113_command
0xB325D2E0,27,0,27,destruction-piece,groutpost_bld_shackfuselage|proutpost_docka
0xB609A682,27,0,0,mesh-node,village_bld_house02|0x0AAE6D5A
0xB7D7B2F2,27,0,27,destruction-piece,civ_veh_car_r90_limo|0x3CAC72AB
0xBEE2CEC1,27,0,0,mesh-node,civ_veh_car_r90_limo|0x3CAC72AB
0xC15EFEE7,27,0,0,mesh-node,shanty_env_bush01|0x1CFDCEC5
0xC436EC3D,27,0,0,mesh-node,0x0307555E|vz_veh_apc_m113_command
0xCADD5E5C,27,0,27,destruction-piece,city_bld_corner16x16a|commercial_bld_firestation
0xD56198B4,27,0,27,destruction-piece,civ_veh_car_r90_limo|0x3CAC72AB
0xD8092CF6,27,0,27,destruction-piece,civ_veh_truck_transport|oc_veh_truck_ext
0xE7BC3D23,27,0,27,destruction-piece,proutpost_docka|caracas_bld_historical02
0x1699655F,26,0,26,destruction-piece,village_bld_shacksmall01|chinaoutpost_bld_tent02
0x16BACC34,26,0,0,mesh-node,vzoutpost_bld_guardtower_pr|groutpost_bld_shackfuselage
0x3E98F9C2,26,0,26,destruction-piece,city_bld_corner32x32b|city_bld_corner16x16a
0x4A88A430,26,0,0,mesh-node,jungle_env_treesmall01|jungle_env_treesmall03
0x85F3B787,26,0,26,destruction-piece,city_bld_corner32x32b|city_bld_corner16x16a
0xC5B9C906,26,0,26,destruction-piece,proutpost_docka|caracas_bld_historical02
0x502B8BCC,25,0,0,mesh-node,vzoutpost_bld_guardtower_pr|industrial_bld_warehousesmall02
0x518DB502,25,0,0,mesh-node,vzoutpost_bld_guardtower_pr|groutpost_bld_shackfuselage
0x57187C9D,25,0,0,mesh-node,pr_veh_boat_jetski|civ_veh_boat_dinghy
0x6DF16930,25,0,0,mesh-node,jungle_env_treesmall03|global_env_palmtreebend02
0xA468D3CD,25,0,0,mesh-node,caracas_bld_governmentcorner01|maracaibo_bld_skyscraper02
0xD510F432,25,0,0,mesh-node,pr_veh_boat_jetski|civ_veh_boat_dinghy
0xE7BD7C3C,25,0,0,mesh-node,maracaibo_bld_skyscraper02|caracas_bld_parquecentral03
0x064C8A45,24,0,0,mesh-node,city_bld_corner32x32b|city_bld_corner16x16a
0x0735B220,24,0,0,mesh-node,civ_veh_truck_transport|gr_veh_truck_m151_50cal
0x2EB34FC4,24,0,0,mesh-node,industrial_bld_warehouse04|commercial_bld_supermarket
0x43E3FA2A,24,0,0,mesh-node,caracas_bld_governmentcorner01|maracaibo_bld_skyscraper02
0x4EBED574,24,0,24,destruction-piece,industrial_bld_warehouse05|commercial_bld_segment8x8c
0x6A6BF7D3,24,0,0,mesh-node,pr_veh_boat_jetski|civ_veh_boat_dinghy
0x7C7E7784,24,0,0,mesh-node,vzoutpost_bld_barrackreinforced|vzoutpost_bld_barrack
0x7DA20487,24,0,24,destruction-piece,civ_veh_truck_transport|gr_veh_truck_m151_50cal
0x83364907,24,0,24,destruction-piece,proutpost_docka|caracas_bld_historical02
0x951DE16C,24,0,0,mesh-node,city_bld_corner32x32b|city_bld_corner16x16a
0x99F51FD4,24,0,24,destruction-piece,ocoutpost_wallgate|vzoutpost_wallgate
0xB22F2169,24,0,24,destruction-piece,civ_veh_truck_transport|gr_veh_truck_m151_50cal
0xC327E809,24,0,0,mesh-node,caracas_wallshort|residential_bld_corner16x16a
0xC9E4272C,24,0,24,destruction-piece,caracas_wallshort|residential_bld_corner16x16a
0xCCD03ACB,24,0,24,destruction-piece,village_bld_house02|proutpost_bld_bunker
0xF8A9D6C3,24,0,24,destruction-piece,industrial_bld_warehouse04|commercial_bld_supermarket
0x11C76006,23,0,23,destruction-piece,city_bld_segment16x16b|city_bld_standalone05
0x209B091F,23,0,23,destruction-piece,city_bld_corner32x32b|city_bld_corner16x16a
0x2C4AB49F,23,0,0,mesh-node,global_weapon_qbu88sniper|global_weapon_rpg
0x3944CD23,23,0,0,mesh-node,jungle_env_treesmall03|global_env_palmtreebend02
0x45FA1E83,23,0,0,mesh-node,industrial_bld_warehousesmall02|industrial_bld_warehouse05
0x51CD703F,23,0,23,destruction-piece,groutpost_bld_shackcave04|village_bld_farming03
0x529144D4,23,0,0,mesh-node,gr_veh_truck_m151_50cal|ch_veh_truck_sx2150_mlrs
0x5768AC9B,23,0,0,mesh-node,commercial_bld_firestation|aloutpost_bld_prison
0x5BF5B400,23,0,23,destruction-piece,city_bld_corner32x32b|city_bld_corner16x16a
0x61C07AE1,23,0,0,mesh-node,caracas_bld_governmentcorner01|maracaibo_bld_skyscraper02
0x63F1436A,23,0,23,destruction-piece,city_bld_corner32x32b|city_bld_corner16x16a
0x648EA53A,23,0,23,destruction-piece,caracas_wallshort|residential_bld_corner16x16a
0x8DE5AD74,23,0,25,destruction-piece,global_weapon_qbu88sniper|global_weapon_tmp
0x9C0662AA,23,0,23,destruction-piece,industrial_bld_warehousesmall02|industrial_bld_warehouse05
0xAC7D2769,23,0,0,mesh-node,global_env_palmtreebend02|jungle_env_plantlarge01
0xC0A0822D,23,0,23,destruction-piece,city_bld_corner32x32b|city_bld_corner16x16a
0xD6136FD2,23,0,23,destruction-piece,commercial_bld_firestation|aloutpost_bld_prison
0xE28EBBCD,23,0,23,destruction-piece,caracas_bld_historical02|caracas_bld_governmentcorner01
0xF2B7BF29,23,0,0,mesh-node,shanty_env_bush01|global_env_bushlarge02
0x16555E9E,22,0,0,mesh-node,civ_veh_car_r90_limo|civ_veh_semi_mark
0x18E82AF4,22,0,17,destruction-piece,caracas_bld_governmentcorner01|maracaibo_bld_skyscraper02
0x34975602,22,0,22,destruction-piece,village_bld_shacksmall01|chinaoutpost_bld_tent02
0x369F32B0,22,0,0,mesh-node,civ_veh_car_r90_limo|civ_veh_semi_mark
0x45B48258,22,0,22,destruction-piece,proutpost_docka|caracas_bld_historical02
0x510DCB96,22,0,22,destruction-piece,0x0307555E|vz_veh_tank_amx30_base
0x519A6957,22,0,22,destruction-piece,civ_veh_car_r90_limo|civ_veh_semi_mark
0x54C595F0,22,0,22,destruction-piece,0x0307555E|vz_veh_tank_amx30_base
0x86F3AF11,22,0,22,destruction-piece,civ_veh_car_r90_limo|civ_veh_semi_mark
0xAB1C12F9,22,0,22,destruction-piece,civ_veh_car_r90_limo|civ_veh_semi_mark
0xC851B695,22,0,0,mesh-node,0x0307555E|vz_veh_tank_amx30_base
0xD813B095,22,0,0,mesh-node,caracas_bld_governmentcorner01|maracaibo_bld_skyscraper02
0xDAA69FE4,22,0,0,mesh-node,caracas_bld_governmentcorner01|maracaibo_bld_skyscraper02
0xF3052D7D,22,0,0,mesh-node,city_bld_corner32x32b|city_bld_corner16x16a
0xFBF9E897,22,0,22,destruction-piece,civ_veh_car_r90_limo|civ_veh_semi_mark
0x0B96B8E9,21,0,0,mesh-node,industrial_bld_warehousesmall02|maracaibo_bld_skyscraper02
0x1CA2D2DE,21,0,0,mesh-node,0x19676216|0x3CAC72AB
0x2C8ECA6B,21,0,0,mesh-node,gr_veh_truck_m151_50cal|ch_veh_truck_sx2150_mlrs
0x4A8CBB0E,21,0,0,mesh-node,gr_veh_truck_m151_50cal|ch_veh_truck_sx2150_mlrs
0x4BC46491,21,0,0,mesh-node,industrial_bld_warehouse05|aloutpost_bld_prison
0x590DD043,21,0,21,destruction-piece,commercial_bld_firestation|commercial_bld_segment8x16e
0x6133D4EA,21,0,21,destruction-piece,proutpost_docka|caracas_bld_historical02
0x6FB7030D,21,0,21,destruction-piece,proutpost_docka|caracas_bld_historical02
0x98F9228D,21,0,0,mesh-node,jungle_env_treesmall01|jungle_env_treesmall03
0xA445343A,21,0,0,mesh-node,city_bld_corner32x32b|city_bld_corner16x16a
0xDC46ECEA,21,0,0,mesh-node,jungle_env_treesmall01|jungle_env_treesmall03
0xE63328C2,21,0,0,mesh-node,city_bld_corner32x32b|city_bld_corner16x16a
0xEA779C71,21,0,21,destruction-piece,industrial_bld_warehousesmall02|commercial_bld_segment8x8c
0x0E94DB99,20,0,20,destruction-piece,village_bld_shacksmall01|groutpost_bld_shacktall01
0x22614B62,20,0,0,mesh-node,caracas_bld_governmentcorner01|maracaibo_bld_skyscraper02
0x3E383078,20,0,0,mesh-node,city_bld_corner32x32b|city_bld_corner16x16a
0x59384580,20,0,20,destruction-piece,caracas_bld_historical02|0x167D449D
0x59DB5579,20,0,0,mesh-node,al_veh_truck_hmmwv_armored|global_weapon_towtripod
0x6BFD7FA4,20,0,20,destruction-piece,vzoutpost_bld_guardtower_pr|vzoutpost_bld_guardtower
0x77A70231,20,0,0,mesh-node,vzoutpost_bld_guardtower_pr|vzoutpost_bld_guardtower
0xADC7264F,20,0,0,mesh-node,pr_veh_boat_jetski|civ_veh_boat_dinghy
0xB3FC7889,20,0,0,mesh-node,vzoutpost_bld_guardtower_pr|groutpost_bld_shackfuselage
0xB7F60973,20,0,0,mesh-node,vzoutpost_bld_guardtower_pr|groutpost_bld_shackfuselage
0xC945B282,20,0,20,destruction-piece,island_bld_fortress01|shanty_bld_housegroupsmall01
0xD4CE4AB0,20,0,20,destruction-piece,ocoutpost_wallgate|vzoutpost_wallgate
0x029BC1C6,19,0,0,mesh-node,global_env_palmtreebend02|jungle_env_plantlarge01
0x04492AA0,19,0,19,destruction-piece,0x07B982D6|oc_veh_semi_fueltrailer
0x06480D17,19,0,0,mesh-node,city_bld_corner32x32b|city_bld_corner16x16a
0x1D1A949D,19,0,19,destruction-piece,cumana_bld_fortress01|caracas_bld_historical02
0x3D78CE21,19,0,0,mesh-node,city_bld_corner32x32b|city_bld_corner16x16a
0x44A2FFFF,19,0,19,destruction-piece,island_bld_fortress01|shanty_bld_housegroupsmall01
0x65EAEB75,19,0,0,mesh-node,caracas_bld_governmentcorner01|maracaibo_bld_skyscraper02
0x683AB12D,19,0,0,mesh-node,city_bld_corner32x32b|city_bld_corner16x16a
0x7E8ACAC3,19,0,19,destruction-piece,commercial_bld_firestation|aloutpost_bld_prison
0x833AC635,19,0,19,destruction-piece,caracas_bld_historical02|0x167D449D
0x93CEE871,19,0,19,destruction-piece,city_bld_segment16x16b|city_bld_standalone05
0x98B7F07C,19,0,17,destruction-piece,city_bld_corner32x32b|city_bld_corner16x16a
0xB7190B95,19,0,0,mesh-node,proutpost_bld_alarmtower|0x3A1B2723
0xBD6B8BC4,19,0,0,mesh-node,commercial_bld_firestation|aloutpost_bld_prison
0xC4432BD2,19,0,0,mesh-node,cumana_bld_fortress01|caracas_bld_historical02
0xC4DF9381,19,0,19,destruction-piece,city_bld_corner16x16a|commercial_bld_segment8x16e
0xCA2E8A71,19,0,0,mesh-node,vzoutpost_bld_guardtower_pr|industrial_bld_warehousesmall02
0x083EC7C4,18,0,0,mesh-node,city_bld_corner32x32b|city_bld_corner16x16a
0x1A951889,18,0,18,destruction-piece,industrial_bld_warehousesmall02|industrial_bld_warehouse05
0x1EF1DFCA,18,0,0,mesh-node,jungle_env_treesmall01|jungle_env_treesmall03
0x201ED1FD,18,0,18,destruction-piece,industrial_bld_warehousesmall02|commercial_bld_segment8x8c
0x23F7AA66,18,0,0,mesh-node,industrial_bld_warehousesmall02|industrial_bld_warehouse05
0x24A6A428,18,0,17,destruction-piece,city_bld_corner32x32b|city_bld_corner16x16a
0x342C3BB7,18,0,18,destruction-piece,oc_veh_truck_ext|civ_veh_car_r90_limo
0x348642F7,18,0,0,mesh-node,global_env_palmtreebend02|global_env_palmtreebend01
0x38112EED,18,0,0,mesh-node,village_bld_house02|residential_bld_corner16x16a
0x4CC628FA,18,0,0,mesh-node,0x07B982D6|oc_veh_helicopter_wz10
0x79296D56,18,0,18,destruction-piece,caracas_bld_historical02|0x167D449D
0x7CF0FF2E,18,0,18,destruction-piece,village_bld_house02|residential_bld_corner16x16a
0xA947A202,18,0,0,mesh-node,vz_veh_tank_amx30_base|gr_veh_tank_m551sheridan
0xF1945164,18,0,0,mesh-node,mountain_bld_bunkerdestroyed|maracaibo_bld_skyscraper02
0xF19CE5B8,18,0,18,destruction-piece,village_bld_house02|residential_bld_corner16x16a
0xFE4DDE35,18,0,0,mesh-node,jungle_env_treesmall01|jungle_env_treesmall03
0x167B985B,17,0,0,mesh-node,vzoutpost_bld_barrackreinforced|vzoutpost_bld_barrack
0x183BA002,17,0,0,mesh-node,civ_veh_car_r90_limo|gr_veh_truck_m151_50cal
0x24A75CA4,17,0,0,mesh-node,0x19676216|0x3CAC72AB
0x2C9F4CEC,17,0,0,mesh-node,0x07B982D6|oc_veh_helicopter_wz10
0x3793C74B,17,0,17,destruction-piece,civ_veh_car_r90_limo|gr_veh_truck_m151_50cal
0x3EA9C429,17,0,0,mesh-node,0x19676216|0x3CAC72AB
0x48E8FDAB,17,0,17,destruction-piece,civ_veh_car_r90_limo|gr_veh_truck_m151_50cal
0x61CC5241,17,0,0,mesh-node,0x07B982D6|oc_veh_semi_fueltrailer
0x6278B755,17,0,17,destruction-piece,civ_veh_car_r90_limo|gr_veh_truck_m151_50cal
0x8AEFFE2D,17,0,0,mesh-node,city_bld_corner32x32b|city_bld_corner16x16a
0x8E346D4D,17,0,17,destruction-piece,civ_veh_car_r90_limo|gr_veh_truck_m151_50cal
0x9822D19C,17,0,0,mesh-node,civ_veh_car_r90_limo|gr_veh_truck_m151_50cal
0x99C5121B,17,0,0,mesh-node,ch_veh_truck_sx2150_mlrs|ch_veh_truck_sx2150_semi
0xA92E4168,17,0,0,mesh-node,pmc_veh_motorcycle_mattias|civ_veh_motorcycle_scooter
0xB4920F54,17,0,17,destruction-piece,village_bld_shacksmall01|groutpost_bld_shacktall01
0xBB89BF5A,17,0,0,mesh-node,city_bld_corner32x32b|cumana_bld_fortress01
0xC50199B0,17,0,0,mesh-node,city_bld_corner32x32b|city_bld_corner16x16a
0xD8D845C7,17,0,17,destruction-piece,groutpost_bld_shackfuselage|caracas_bld_historical02
0xF096CB62,17,0,0,mesh-node,0x0307555E|vz_veh_tank_amx30_base
0x012EC09C,16,0,16,destruction-piece,0x167D449D|pmcoutpost_bld_hangar
0x041259C2,16,0,0,mesh-node,city_bld_corner32x32b|city_bld_corner16x16a
0x05F65F7E,16,0,0,mesh-node,0x07B982D6|oc_veh_helicopter_wz10
0x151150CA,16,0,0,mesh-node,proutpost_bld_alarmtower|0x3A1B2723
0x19CA58C9,16,0,0,mesh-node,ch_veh_truck_sx2150_mlrs|ch_veh_truck_sx2150_semi
0x3A08AFD8,16,0,16,destruction-piece,outpost_bld_warehouse01|industrial_bld_warehouselarge02
0x3BE86AC0,16,0,0,mesh-node,caracas_bld_governmentcorner01|maracaibo_bld_skyscraper02
0x42D80B16,16,0,16,destruction-piece,city_bld_corner16x16a|commercial_bld_segment8x16e
0x48B5B749,16,0,0,mesh-node,industrial_bld_warehouse04|commercial_bld_supermarket
0x4C02246C,16,0,16,destruction-piece,industrial_bld_warehouse04|commercial_bld_supermarket
0x750A4CAD,16,0,0,mesh-node,vz_veh_helicopter_mi35hind|vz_veh_helicopter_alouetteiii
0x8464243F,16,0,0,mesh-node,caracas_bld_governmentcorner01|maracaibo_bld_skyscraper02
0x9B47BF8D,16,0,0,mesh-node,outpost_bld_warehouse01|industrial_bld_warehouselarge02
0xBB2F3720,16,0,0,mesh-node,ch_veh_boat_destroyer|commercial_bld_supermarket
0xBFC7929E,16,0,15,destruction-piece,city_bld_corner32x32b|city_bld_corner16x16a
0xC0657B1C,16,0,0,mesh-node,0x07B982D6|oc_veh_helicopter_wz10
0xC9495047,16,0,0,mesh-node,global_env_palmtreebend02|global_env_palmtreebend01
0xC99DC09D,16,0,0,mesh-node,vz_veh_helicopter_mi35hind|vz_veh_helicopter_alouetteiii
0xD03BD929,16,0,16,destruction-piece,caracas_bld_parquecentral03|city_bld_segment16x16c
0xDB2C4633,16,0,16,destruction-piece,0x167D449D|pmcoutpost_bld_hangar
0xF302C442,16,0,0,mesh-node,vz_veh_helicopter_mi35hind|vz_veh_helicopter_alouetteiii
0xFACD3A87,16,0,0,mesh-node,city_bld_corner32x32b|city_bld_corner16x16a
0xFFC7F144,16,0,0,mesh-node,ch_veh_truck_sx2150_mlrs|ch_veh_truck_sx2150_semi
0x8C0EE937,15,1,0,mesh-node,0x07B982D6|0x13709C60
0x1367778B,15,0,15,destruction-piece,commercial_bld_firestation|commercial_bld_segment8x16e
0x17664A2B,15,0,15,destruction-piece,vz_veh_helicopter_mi35hind|vz_veh_helicopter_alouetteiii
0x1D4F731C,15,0,0,mesh-node,vz_veh_helicopter_mi35hind|vz_veh_helicopter_alouetteiii
0x33289B09,15,0,0,mesh-node,vz_veh_helicopter_mi35hind|vz_veh_helicopter_alouetteiii
0x34A47484,15,0,0,mesh-node,0x3CAC72AB|civ_veh_car_w12_sprint
0x3D309B49,15,0,15,destruction-piece,groutpost_bld_shackfuselage|proutpost_docka
0x46108426,15,0,0,mesh-node,groutpost_bld_shackfuselage|proutpost_docka
0x6C4F57DE,15,0,15,destruction-piece,commercial_bld_firestation|aloutpost_bld_prison
0x7589A4A9,15,0,0,mesh-node,shanty_bld_housegroupsmall03|shanty_bld_apartment01
0x78CCA6A3,15,0,15,destruction-piece,vz_veh_helicopter_mi35hind|vz_veh_helicopter_alouetteiii
0x87D972A4,15,0,0,mesh-node,vz_veh_helicopter_mi35hind|vz_veh_helicopter_alouetteiii
0x87F15893,15,0,0,mesh-node,city_bld_standalone05|aloutpost_bld_hanger
0x8D2E3FB7,15,0,15,destruction-piece,commercial_bld_firestation|aloutpost_bld_prison
0x8E8F94EB,15,0,15,destruction-piece,village_bld_food02|village_bld_shacksmall01
0x8EC23BD5,15,0,15,destruction-piece,vz_veh_helicopter_mi35hind|vz_veh_helicopter_alouetteiii
0x8F96690F,15,0,15,destruction-piece,vz_veh_helicopter_mi35hind|vz_veh_helicopter_alouetteiii
0x9120E03E,15,0,0,mesh-node,vz_veh_helicopter_mi35hind|vz_veh_helicopter_alouetteiii
0x9DA97C9A,15,0,0,mesh-node,vzoutpost_bld_guardtower_pr|global_trafficlight01
0xA4FA927D,15,0,15,destruction-piece,commercial_bld_supermarket|margarita_bld_condo01
0xA50403DD,15,0,15,destruction-piece,vz_veh_helicopter_mi35hind|vz_veh_helicopter_alouetteiii
0xA998B636,15,0,0,mesh-node,vz_veh_helicopter_mi35hind|vz_veh_helicopter_alouetteiii
0xB7B74863,15,0,0,mesh-node,0x07B982D6|oc_veh_helicopter_wz10
0xD06B9499,15,0,15,destruction-piece,vz_veh_helicopter_mi35hind|vz_veh_helicopter_alouetteiii
0xD7936361,15,0,15,destruction-piece,village_bld_house02|proutpost_bld_bunker
0xD8B557A4,15,0,0,mesh-node,global_env_bushlarge02|0x1CFDCEC5
0xF0B851CB,15,0,0,mesh-node,vzoutpost_bld_guardtower_pr|vzoutpost_bld_guardtower
0xF9950155,15,0,15,destruction-piece,vzoutpost_bld_guardtower_pr|global_trafficlight01
0xFC7BA7CC,15,0,0,mesh-node,vz_veh_helicopter_mi35hind|vz_veh_helicopter_alouetteiii
0x01435921,14,0,14,destruction-piece,caracas_bld_historical02|caracas_bld_parquecentral03
0x0203DE52,14,0,0,mesh-node,jungle_env_treesmall01|jungle_env_treesmall03
0x02EA1FCF,14,0,14,destruction-piece,vz_veh_helicopter_mi35hind|vz_veh_helicopter_alouetteiii
0x1E4D9E94,14,0,14,destruction-piece,village_bld_house02|village_bld_housestilts04
0x2406526F,14,0,0,mesh-node,jungle_env_treesmall01|jungle_env_treesmall03
0x4B3A5E93,14,0,0,mesh-node,0x07B982D6|vz_veh_truck_m35
0x558BDAF6,14,0,14,destruction-piece,village_bld_house02|proutpost_bld_bunker
0x57BBC016,14,0,14,destruction-piece,civ_veh_motorcycle_scooter|0x19E2962E
0x60E4B819,14,0,14,destruction-piece,industrial_bld_warehousesmall02|commercial_bld_firestation
0x64ABA4BB,14,0,14,destruction-piece,estate_bld_mansion02|city_bld_skyscraper02
0x735D2FCD,14,0,0,mesh-node,0x07B982D6|vz_veh_truck_m35
0x76943CCF,14,0,0,mesh-node,vz_veh_helicopter_mi35hind|vz_veh_helicopter_alouetteiii
0x7B39746C,14,0,0,mesh-node,estate_bld_mansion02|city_bld_skyscraper02
0x840B66BD,14,0,0,mesh-node,jungle_env_treesmall01|jungle_env_treesmall03
0x8EECAB36,14,0,14,destruction-piece,vz_veh_tank_amx30_base|gr_veh_tank_m551sheridan
0x9C1568A6,14,0,14,destruction-piece,pmcoutpost_bld_hangar|village_bld_plantation03
0xA2A012CF,14,0,0,mesh-node,global_env_palmtreebend02|jungle_env_plantlarge01
0xA5FF32D1,14,0,0,mesh-node,industrial_bld_warehouse05|aloutpost_bld_prison
0xA8A17B68,14,0,0,mesh-node,vz_veh_helicopter_mi35hind|vz_veh_helicopter_alouetteiii
0xAC8D858E,14,0,14,destruction-piece,village_bld_shacksmall01|village_bld_hangar
0xD1E3186C,14,0,14,destruction-piece,commercial_bld_firestation|aloutpost_bld_prison
0xD50C7704,14,0,0,mesh-node,global_veh_rib36|civ_veh_boat_saltonsea
0xD76DF349,14,0,0,mesh-node,commercial_bld_firestation|aloutpost_bld_prison
0xDCEC65A0,14,0,0,mesh-node,global_env_palmtreebend02|jungle_env_plantlarge01
0xE290B0C2,14,0,0,mesh-node,vz_veh_helicopter_mi35hind|vz_veh_helicopter_alouetteiii
0xE49CB644,14,0,14,destruction-piece,industrial_bld_warehouse05|aloutpost_bld_prison
0xF713684F,14,0,0,mesh-node,global_veh_rib36|civ_veh_boat_saltonsea
0xFB30F5C1,14,0,14,destruction-piece,0x167D449D|pmcoutpost_bld_hangar
0xFFB0CCD7,14,0,14,destruction-piece,commercial_bld_firestation|aloutpost_bld_prison
0x08EC87B1,13,0,13,destruction-piece,residential_bld_corner16x16a|caracas_rampgovernmentmid
0x1473D33B,13,0,13,destruction-piece,civ_veh_car_r90_limo|civ_veh_car_w12_sprint
0x14DB3DDA,13,0,0,mesh-node,groutpost_bld_shackfuselage|vzoutpost_bld_garagebunker_pr
0x164914CE,13,0,13,destruction-piece,village_bld_house02|village_bld_housestilts04
0x16F19A22,13,0,0,mesh-node,jungle_env_treesmall01|jungle_env_treesmall03
0x16FA1CF6,13,0,13,destruction-piece,groutpost_bld_tentlargetarp03|village_bld_housestilts04
0x21202D3E,13,0,0,mesh-node,residential_bld_corner16x16a|caracas_rampgovernmentmid
0x22276254,13,0,0,mesh-node,city_bld_corner16x16a|industrial_bld_warehouse05
0x239580C6,13,0,13,destruction-piece,commercial_bld_segment8x16e|commercial_bld_supermarket
0x241ABBEC,13,0,13,destruction-piece,pmcoutpost_bld_hangar|village_bld_plantation03
0x2B44052D,13,0,0,mesh-node,civ_veh_boat_dinghy|global_veh_rib36
0x34E077B3,13,0,13,destruction-piece,global_veh_phoenix|pmc_veh_truck_cougar
0x39C3E272,13,0,0,mesh-node,civ_veh_car_r90_limo|civ_veh_car_w12_sprint
0x47391176,13,0,0,mesh-node,global_veh_rib36|civ_veh_boat_saltonsea
0x549E13ED,13,0,0,mesh-node,ch_veh_truck_sx2150_mlrs|vz_veh_helicopter_mi35hind
0x56D6AE31,13,0,13,destruction-piece,commercial_bld_supermarket|shanty_bld_apartment01
0x5F0D093D,13,0,13,destruction-piece,civ_veh_car_r90_limo|civ_veh_car_w12_sprint
0x5F4C013B,13,0,13,destruction-piece,civ_veh_car_r90_limo|civ_veh_car_w12_sprint
0x602DCCF5,13,0,0,mesh-node,global_propanetanklargea|proutpost_fueltanks
0x6EEFA921,13,0,0,mesh-node,oilrig_cranelargea|oilrig_towerdrill
0x766F93C4,13,0,0,mesh-node,0x07B982D6|vz_veh_helicopter_mi35hind
0x787876AD,13,0,13,destruction-piece,global_veh_phoenix|pmc_veh_truck_cougar
0x797A6B4A,13,0,0,mesh-node,global_veh_phoenix|pmc_veh_truck_cougar
0x946415E5,13,0,13,destruction-piece,civ_veh_car_r90_limo|civ_veh_car_w12_sprint
0x969E0178,13,0,13,destruction-piece,industrial_bld_warehouselarge02|maracaibo_bld_corner32x32b
0x96B233C5,13,0,13,destruction-piece,village_bld_hangar|merida_market02
0x9989A834,13,0,0,mesh-node,global_veh_phoenix|pmc_veh_truck_cougar
0x9DB6DE85,13,0,13,destruction-piece,global_veh_phoenix|pmc_veh_truck_cougar
0xAE34E7DE,13,0,13,destruction-piece,caracas_bld_parquecentral03|city_bld_segment16x16c
0xAE4664A7,13,0,13,destruction-piece,0x07B982D6|oc_veh_semi_fueltrailer
0xB9FAC5EC,13,0,0,mesh-node,civ_veh_car_r90_limo|civ_veh_car_w12_sprint
0xBE17DCC3,13,0,13,destruction-piece,village_bld_plantation03|margarita_bld_club01
0xC6B4847F,13,0,13,destruction-piece,groutpost_bld_shackfuselage|proutpost_docka
0xCBDE6977,13,0,13,destruction-piece,residential_bld_corner16x16a|caracas_rampgovernmentmid
0xD87D62EE,13,0,13,destruction-piece,caracas_bld_historical02|caracas_bld_parquecentral03
0xDB9FE88C,13,0,13,destruction-piece,groutpost_bld_shackfuselage|proutpost_docka
0xDE8EA493,13,0,13,destruction-piece,global_veh_phoenix|pmc_veh_truck_cougar
0xEDADDF1E,13,0,13,destruction-piece,aloutpost_bld_prison|city_bld_standalone05
0xF479243E,13,0,0,mesh-node,vzoutpost_bld_barrackreinforced|vzoutpost_bld_barrack
0xF84B242B,13,0,13,destruction-piece,village_bld_house02|village_bld_housestilts04
0x1761C4E0,12,0,0,mesh-node,0x1CFDCEC5|0x1D5D24CE
0x1E1CF111,12,0,12,destruction-piece,pmcoutpost_bld_hangar|village_bld_plantation03
0x238B2B6C,12,0,12,destruction-piece,vz_veh_helicopter_mi35hind|0x3177639B
0x3E47F5EF,12,0,0,mesh-node,vz_veh_apc_m113_command|vz_veh_tank_amx30_base
0x4F98004C,12,0,0,mesh-node,jungle_env_plantlarge01|global_env_bushlarge02
0x59748439,12,0,0,mesh-node,vz_veh_helicopter_mi35hind|vz_veh_helicopter_alouetteiii
0x5A3406C8,12,0,0,mesh-node,vz_veh_apc_m113_command|ch_veh_tank_plz45b
0x5D9064BC,12,0,12,destruction-piece,village_bld_house02|proutpost_bld_bunker
0x73AB3434,12,0,0,mesh-node,industrial_bld_refinery06|industrial_bld_refinery01
0x78506AD9,12,0,12,destruction-piece,village_bld_house02|village_bld_housestilts04
0x81FE97A4,12,0,0,mesh-node,jungle_env_treesmall01|global_env_treeplaza03
0x85F834B5,12,0,12,destruction-piece,maracaibo_bld_corner32x32b|city_bld_segment32x32d
0x89893C90,12,0,12,destruction-piece,caracas_bld_parquecentral03|city_bld_segment16x16c
0x958744F1,12,0,0,mesh-node,city_bld_corner32x32b|cumana_bld_corner32x32b
0x9E52E542,12,0,12,destruction-piece,village_bld_house02|village_bld_housestilts04
0xACB017D0,12,0,12,destruction-piece,merida_market02|jungle_bld_ruinshotelfront
0xAD8F149B,12,0,12,destruction-piece,cumana_bld_fortress01|caracas_bld_historical02
0xB27EBA8C,12,0,0,mesh-node,global_env_palmtreebend02|global_env_palmtreebend01
0xB323545B,12,0,0,mesh-node,vz_veh_helicopter_mi35hind|vz_veh_helicopter_alouetteiii
0xB366B8C7,12,0,0,mesh-node,vz_veh_helicopter_mi35hind|vz_veh_helicopter_alouetteiii
0xBC6AD0E6,12,0,12,destruction-piece,cumana_bld_fortress01|caracas_bld_historical02
0xC689A15C,12,0,0,mesh-node,groutpost_bld_tentlargetarp03|groutpost_bld_tentlargetarp02
0xC8817E29,12,0,12,destruction-piece,vz_veh_helicopter_alouetteiii|0x3177639B
0xD0375BFB,12,0,12,destruction-piece,caracas_bld_parquecentral03|groutpost_bld_earthmover
0xD39B5EC6,12,0,12,destruction-piece,groutpost_bld_shackfuselage|industrial_bld_warehouse05
0xDE6D4503,12,0,12,destruction-piece,cumana_bld_fortress01|caracas_bld_historical02
0xEA5342F7,12,0,0,mesh-node,global_veh_rib36|civ_veh_boat_saltonsea
0xEFCA9762,12,0,12,destruction-piece,groutpost_bld_shackcave04|aloutpost_bld_guardtowertall
0x03DD7400,11,0,0,mesh-node,0x0307555E|0x07B982D6
0x058AF2FF,11,0,0,mesh-node,aloutpost_interior_hq|ocoutpost_interior_job
0x11C1CA54,11,0,0,mesh-node,aloutpost_interior_hq|ocoutpost_interior_job
0x12F43B22,11,0,0,mesh-node,gr_veh_truck_m151_50cal|0x3CAC72AB
0x1E9E3735,11,0,0,mesh-node,vzoutpost_bld_barrackreinforced|vzoutpost_bld_barrack
0x28C0D839,11,0,11,destruction-piece,commercial_bld_segment8x8c|city_bld_standalone05
0x30526D28,11,0,0,mesh-node,vz_veh_truck_m35|vz_veh_truck_m35_aa
0x378DEA53,11,0,11,destruction-piece,village_bld_house02|caracas_rampgovernmentmid
0x3E26DBAA,11,0,0,mesh-node,global_propanetanklargea|proutpost_fueltanks
0x4A735367,11,0,0,mesh-node,vz_veh_tank_amx30_base|gr_veh_tank_m551sheridan
0x5DA770F7,11,0,11,destruction-piece,groutpost_bld_shackfuselage|proutpost_docka
0x62EF341D,11,0,11,destruction-piece,vz_veh_helicopter_mi35hind|vz_veh_helicopter_alouetteiii
0x7558513B,11,0,11,destruction-piece,island_bld_fortress01|city_bld_skyscraper03
0x7AD9BC48,11,0,0,mesh-node,vz_veh_tank_amx30_base|gr_veh_tank_m551sheridan
0x818416CE,11,0,11,destruction-piece,outpost_bld_warehouse01|merida_bld_universitydorm
0x82747812,11,0,0,mesh-node,vz_veh_apc_m113_command|gr_veh_tank_m551sheridan
0x82AA920C,11,0,0,mesh-node,vz_veh_apc_m113_command|gr_veh_tank_m551sheridan
0x8EB578EE,11,0,0,mesh-node,vzoutpost_bld_guardtower_pr|vzoutpost_bld_guardtower
0xA6224457,11,0,11,destruction-piece,village_bld_plantation03|margarita_bld_club01
0xA6ADFC7E,11,0,0,mesh-node,industrial_bld_warehouse04|commercial_bld_supermarket
0xAE577A20,11,0,11,destruction-piece,caracas_bld_parquecentral03|groutpost_bld_earthmover
0xB1867295,11,0,0,mesh-node,0x3CAC72AB|civ_veh_car_w12_sprint
0xBD95790A,11,0,11,destruction-piece,village_bld_house02|proutpost_bld_bunker
0xC6B9822E,11,0,11,destruction-piece,commercial_bld_segment8x8c|city_bld_standalone05
0xC8DE1983,11,0,0,mesh-node,oc_veh_semi_fueltrailer|civ_veh_boat_saltonsea
0xD297E005,11,0,11,destruction-piece,global_trafficlight01|ocoutpost_wallgate
0xD859FAD5,11,0,11,destruction-piece,caracas_bld_parquecentral03|groutpost_bld_earthmover
0xDF97ED27,11,0,11,destruction-piece,village_bld_house02|proutpost_bld_bunker
0xE11F83B2,11,0,11,destruction-piece,pmcoutpost_bld_hangar|merida_bld_pmcautoshop
0xE98FC79E,11,0,0,mesh-node,mountain_bld_bunkerdestroyed|ocoutpost_bld_hq
0xECE820B6,11,0,0,mesh-node,oilrig_towerdrill|industrial_bld_refinery06
0xF59DD2E3,11,0,11,destruction-piece,groutpost_bld_shackfuselage|proutpost_docka
0xF632B2F1,11,0,11,destruction-piece,industrial_bld_warehouse04|commercial_bld_supermarket
0xFD133A7B,11,0,0,mesh-node,civ_veh_boat_saltonsea|vz_veh_helicopter_alouetteiii
0x03F1D480,10,0,0,mesh-node,0x07B982D6|oc_veh_semi_fueltrailer
0x09AEF125,10,0,10,destruction-piece,industrial_bld_warehousesmall02|commercial_bld_firestation
0x11F4BDBE,10,0,0,mesh-node,vzoutpost_bld_guardtower_pr|vzoutpost_bld_guardtower
0x1D8D6091,10,0,10,destruction-piece,vz_veh_helicopter_mi35hind|0x3177639B
0x1F6A3D5D,10,0,0,mesh-node,shanty_bld_housegroup05|industrial_bld_warehouselarge02
0x22050798,10,0,0,mesh-node,commercial_bld_firestation|pmcoutpost_bld_hqgarage
0x25CBD3FB,10,0,10,destruction-piece,industrial_bld_warehouse05|aloutpost_bld_prison
0x2B31861D,10,0,0,mesh-node,residential_bld_corner16x16a|pmcoutpost_bld_hqgarage
0x314B9994,10,0,0,mesh-node,pmc_veh_motorcycle_mattias|civ_veh_motorcycle_scooter
0x321E42B6,10,0,0,mesh-node,oilrig_towerdrill|pmcoutpost_bld_hqgarage
0x33F731DB,10,0,0,mesh-node,vzoutpost_bld_guardtower_pr|vzoutpost_bld_guardtower
0x35103FCF,10,0,10,destruction-piece,outpost_bld_warehouse01|industrial_bld_warehouselarge02
0x35B7BE41,10,0,10,destruction-piece,0x1282963C|vz_veh_truck_m35
0x3E725951,10,0,10,destruction-piece,cumana_bld_fortress01|caracas_bld_historical02
0x41644595,10,0,0,mesh-node,0x1CFDCEC5|0x1D5D24CE
0x485869B4,10,0,0,mesh-node,shanty_bld_housegroup05|industrial_bld_refinery01
0x5210DD74,10,0,10,destruction-piece,industrial_bld_warehousesmall02|commercial_bld_firestation
0x55A2E731,10,0,10,destruction-piece,groutpost_bld_shackfuselage|proutpost_docka
0x599C3F4C,10,0,10,destruction-piece,village_bld_house02|village_bld_housestilts04
0x5AD11902,10,0,0,mesh-node,shanty_bld_housegroup05|industrial_bld_refinery01
0x71453ED8,10,0,0,mesh-node,outpost_bld_warehouse01|industrial_bld_warehouselarge02
0x7386DB57,10,0,10,destruction-piece,caracas_bld_parquecentral03|city_bld_segment16x16c
0x764417D3,10,0,0,mesh-node,industrial_bld_refinery06|industrial_bld_refinery01
0x7A5E5324,10,0,0,mesh-node,civ_veh_truck_transport|0x1282963C
0x7BA5619A,10,0,10,destruction-piece,groutpost_bld_shackfuselage|proutpost_docka
0x7FE2C591,10,0,0,mesh-node,vz_veh_plane_tucano|al_veh_plane_predator
0x95C6BC0A,10,0,0,mesh-node,civ_veh_car_r90_limo|0x3CAC72AB
0x9C46923C,10,0,0,mesh-node,industrial_bld_refinery06|industrial_bld_refinery01
0x9DC932DF,10,0,0,mesh-node,cumana_bld_fortress01|city_bld_storefronte
0xA079BD40,10,0,10,destruction-piece,cumana_bld_fortress01|city_bld_storefronte
0xA626C185,10,0,10,destruction-piece,pmcoutpost_bld_hangar|village_bld_plantation03
0xABFCFDAC,10,0,0,mesh-node,industrial_bld_warehouse05|aloutpost_bld_prison
0xB1301D28,10,0,0,mesh-node,vz_veh_helicopter_mi35hind|0x3177639B
0xB66865C7,10,0,10,destruction-piece,0x1282963C|vz_veh_truck_m35
0xBC24A590,10,0,10,destruction-piece,pmcoutpost_bld_hangar|village_bld_plantation03
0xC104A3A8,10,0,0,mesh-node,commercial_bld_firestation|industrial_bld_gasstationpump03
0xC17C2D28,10,0,10,destruction-piece,shanty_bld_housegroup05|industrial_bld_warehouselarge02
0xC77E0259,10,0,0,mesh-node,groutpost_bld_tentsmalltarp02|aloutpost_bld_largetentextensiona
0xC8A579E8,10,0,10,destruction-piece,residential_bld_corner16x16a|pmcoutpost_bld_hqgarage
0xCE3543EA,10,0,0,mesh-node,oilrig_tankmeda|oilrig_cranelargea
0xDE0F8A8F,10,0,10,destruction-piece,commercial_bld_firestation|pmcoutpost_bld_hqgarage
0xE579CB4E,10,0,0,mesh-node,0x1282963C|vz_veh_truck_m35
0xF84305AE,10,0,10,destruction-piece,cumana_bld_fortress01|city_bld_storefronte
0xFDDB3D26,10,0,0,mesh-node,vz_veh_plane_tucano|al_veh_plane_predator
0xFF088165,10,0,10,destruction-piece,city_bld_skyscraper02|chinaoutpost_bld_storage
0x08E875C2,9,0,0,mesh-node,maracaibo_bld_skyscraper02|city_bld_skyscraper03
0x0B923BBB,9,0,0,mesh-node,margarita_bld_condo01|estate_bld_mansion02
0x0F8D34BC,9,0,9,destruction-piece,pmcoutpost_bld_hqgarage|village_bld_plantation03
0x12540AE0,9,0,0,mesh-node,oilrig_att_towerdrillpipesb|oilrig_tankmeda
0x13B4DA95,9,0,0,mesh-node,mountain_bld_bunkerdestroyed|pmcoutpost_bld_hqgarage
0x158CD1A2,9,0,9,destruction-piece,pmcoutpost_bld_hqgarage|village_bld_plantation03
0x15BF626B,9,0,0,mesh-node,pmcoutpost_bld_hqgarage|village_bld_plantation03
0x166FA74C,9,0,0,mesh-node,oc_veh_truck_ext|gr_veh_truck_m151_50cal
0x20D5A5AC,9,0,9,destruction-piece,commercial_bld_firestation|margarita_bld_condo01
0x3AACC056,9,0,0,mesh-node,civ_veh_semi_mark|civ_veh_truck_impact
0x3B1B315B,9,0,0,mesh-node,vz_veh_truck_m35|vz_veh_truck_m35_aa
0x3D5F0473,9,0,0,mesh-node,0x19676216|global_veh_scorpiondpv
0x4322A15B,9,0,0,mesh-node,residential_bld_corner16x16a|0x7604B190
0x441F6B7A,9,0,9,destruction-piece,pmcoutpost_bld_hangar|village_bld_plantation03
0x46F74FDD,9,0,0,mesh-node,pmc_veh_truck_cougar|pmc_veh_truck_monster_ridgeline
0x48270206,9,0,0,mesh-node,estate_bld_mansion02|0x6871E4C5
0x53544793,9,0,9,destruction-piece,island_bld_fortress01|city_bld_skyscraper03
0x56063B28,9,0,0,mesh-node,global_veh_rib36|vz_veh_tank_amx30_base
0x56AF331B,9,0,9,destruction-piece,oc_veh_truck_ext|gr_veh_truck_m151_50cal
0x5A708CCB,9,0,0,mesh-node,global_portablelight|jungle_bld_ruinshotelfront
0x5B30D171,9,0,9,destruction-piece,village_bld_house02|caracas_rampgovernmentmid
0x5E28DA02,9,0,0,mesh-node,0x0307555E|0x07B982D6
0x5F770AC5,9,0,9,destruction-piece,oc_veh_truck_ext|gr_veh_truck_m151_50cal
0x5F9D33D5,9,0,9,destruction-piece,village_bld_house02|proutpost_bld_bunker
0x6581D5AD,9,0,0,mesh-node,0x19676216|global_veh_scorpiondpv
0x6812F843,9,0,0,mesh-node,0x4B9C42F1|0x7604B190
0x71C6DEFA,9,0,0,mesh-node,commercial_bld_supermarket|merida_bld_plazachurch
0x73873FEE,9,0,9,destruction-piece,proutpost_docka|caracas_bld_skytrammain
0x73A9D230,9,0,9,destruction-piece,proutpost_docka|caracas_bld_skytrammain
0x74FA1F37,9,0,0,mesh-node,port_containerd|port_containerb
0x753BA991,9,0,0,mesh-node,estate_bld_mansion02|city_bld_skyscraper02
0x789B532F,9,0,9,destruction-piece,civ_veh_semi_mark|civ_veh_truck_impact
0x7BE6DBD6,9,0,9,destruction-piece,maracaibo_bld_corner32x32b|maracaibo_bld_historical02
0x8054F49F,9,0,9,destruction-piece,village_bld_house02|village_bld_housestilts04
0x82116101,9,0,0,mesh-node,pmc_veh_motorcycle_mattias|civ_veh_motorcycle_scooter
0x827E6839,9,0,9,destruction-piece,civ_veh_semi_mark|civ_veh_truck_impact
0x8C485C92,9,0,9,destruction-piece,residential_bld_corner16x16a|0x7604B190
0x937DD96C,9,0,0,mesh-node,commercial_bld_segment8x8c|outpost_bld_warehouse01
0x945C3D7B,9,0,0,mesh-node,civ_veh_truck_transport|0x1282963C
0x98C6D1CD,9,0,0,mesh-node,vzoutpost_bld_guardtower_pr|vzoutpost_bld_guardtower
0x9B01C402,9,0,9,destruction-piece,groutpost_bld_shackfuselage|proutpost_bld_bunker
0x9D735513,9,0,0,mesh-node,city_bld_skyscraper03|city_bld_segment32x32b
0xA08726F3,9,0,0,mesh-node,aloutpost_bld_largetentextensiona|aloutpost_bld_largetent
0xA69E865D,9,0,0,mesh-node,0x27EDD04A|pmcoutpost_bld_hqgarage
0xA6C4D463,9,0,0,mesh-node,pmc_veh_motorcycle_mattias|civ_veh_motorcycle_scooter
0xA99F98B3,9,0,0,mesh-node,global_weapon_mk19|0x23AC7DAC
0xAAFF819E,9,0,9,destruction-piece,residential_bld_corner16x16a|pmcoutpost_bld_hqgarage
0xAE7F16A4,9,0,9,destruction-piece,vz_veh_helicopter_mi35hind|vz_veh_helicopter_alouetteiii
0xBA3BE9F9,9,0,9,destruction-piece,ocoutpost_wallgate|vzoutpost_wallgate
0xC497CF04,9,0,9,destruction-piece,estate_bld_mansion02|city_bld_skyscraper02
0xCD05FB4B,9,0,0,mesh-node,groutpost_bld_shackfuselage|proutpost_bld_bunker
0xCE44BCA8,9,0,9,destruction-piece,pmc_veh_truck_cougar|pmc_veh_truck_monster_ridgeline
0xD0CF3700,9,0,0,mesh-node,maracaibo_bld_skyscraper02|city_bld_skyscraper03
0xD347E4FD,9,0,0,mesh-node,maracaibo_park|vz_veh_helicopter_mi35hind
0xD3953D6D,9,0,0,mesh-node,maracaibo_bld_skyscraper02|shanty_bld_housegroup04
0xD58A18CB,9,0,9,destruction-piece,proutpost_docka|caracas_bld_skytrammain
0xD5F2F35E,9,0,9,destruction-piece,pmc_veh_truck_cougar|pmc_veh_truck_monster_ridgeline
0xDCD3AF8C,9,0,9,destruction-piece,commercial_bld_supermarket|city_bld_skyscraper02
0xDF392D5C,9,0,0,mesh-node,ch_veh_boat_destroyer|vzoutpost_bld_helipad
0xE5AA166A,9,0,9,destruction-piece,0x4B9C42F1|0x7604B190
0xE5EAA510,9,0,9,destruction-piece,merida_market02|jungle_bld_ruinshotelfront
0xE68BCD4D,9,0,0,mesh-node,global_weapon_mk19|0x23AC7DAC
0xED228583,9,0,0,mesh-node,outskirt_bld_market04|industrial_bld_refinery06
0xF657ECF8,9,0,9,destruction-piece,village_bld_house02|village_bld_housestilts04
0xF6D199E3,9,0,9,destruction-piece,commercial_bld_supermarket|city_bld_skyscraper02
0x0321F7CF,8,0,8,destruction-piece,pmcoutpost_bld_hangar|merida_bld_pmcautoshop
0x0395E7AC,8,0,0,mesh-node,vz_veh_truck_m35|vz_veh_truck_m35_aa
0x06B863E8,8,0,8,destruction-piece,commercial_bld_firestation|chinaoutpost_bld_storage
0x0A973685,8,0,0,mesh-node,pmc_hum_jen|pmc_hum_sarah
0x0D236BE5,8,0,8,destruction-piece,commercial_bld_firestation|0x38381266
0x0E0EAE38,8,0,0,mesh-node,groutpost_bld_shackfuselage|caracas_rampgovernmentmid
0x0F848E8D,8,0,0,mesh-node,0x0307555E|0x13709C60
0x205A6DAD,8,0,8,destruction-piece,village_bld_house02|village_bld_housestilts04
0x239A973A,8,0,0,mesh-node,vz_veh_truck_m35|vz_veh_truck_m35_aa
0x2463B612,8,0,0,mesh-node,white_bld_segment16x16a|groutpost_bld_cranemining
0x258863AF,8,0,8,destruction-piece,groutpost_bld_shackfuselage|caracas_rampgovernmentmid
0x2A07E8B3,8,0,0,mesh-node,vz_veh_truck_m35|vz_veh_truck_m35_aa
0x2C00453A,8,0,0,mesh-node,vz_veh_tank_amx30_base|gr_veh_tank_m551sheridan
0x3050C0EC,8,0,0,mesh-node,pmc_veh_motorcycle_mattias|civ_veh_motorcycle_scooter
0x3A803BCB,8,0,8,destruction-piece,caracas_bld_historical02|caracas_bld_parquecentral03
0x3D845A2A,8,0,0,mesh-node,commercial_bld_firestation|0x38381266
0x44877F6E,8,0,8,destruction-piece,outpost_bld_warehouse01|merida_bld_universitydorm
0x46391A6C,8,0,8,destruction-piece,residential_bld_corner16x16a|0x7604B190
0x47FDA884,8,0,0,mesh-node,ch_deliverycrate|vz_deliverycrate
0x480225B2,8,0,0,mesh-node,ch_deliverycrate|vz_deliverycrate
0x4D0723BE,8,0,0,mesh-node,civ_veh_boat_saltonsea|pr_veh_boat_cutter
0x500A631C,8,0,0,mesh-node,vz_veh_truck_m35|vz_veh_truck_m35_aa
0x50327BD2,8,0,8,destruction-piece,industrial_bld_warehouse04|aloutpost_bld_hanger
0x51405C92,8,0,0,mesh-node,maracaibo_park|vz_veh_helicopter_mi35hind
0x5B4D74F5,8,0,0,mesh-node,industrial_bld_warehousesmall02|commercial_bld_segment8x8c
0x5F86CE47,8,0,0,mesh-node,commercial_bld_firestation|0x38381266
0x612DF481,8,0,8,destruction-piece,groutpost_bld_shackfuselage|caracas_rampgovernmentmid
0x6A0499CF,8,0,0,mesh-node,ch_deliverycrate|vz_deliverycrate
0x6A297623,8,0,0,mesh-node,estate_bld_mansion02|0x6871E4C5
0x78ED1828,8,0,8,destruction-piece,vz_veh_helicopter_mi35hind|0x3177639B
0x7ABD126F,8,0,0,mesh-node,global_env_bushlarge02|0x1CFDCEC5
0x7F40D826,8,0,8,destruction-piece,commercial_bld_firestation|0x38381266
0x82FC5B22,8,0,0,mesh-node,0x07B982D6|oc_veh_helicopter_wz10
0x83DC5BDE,8,0,8,destruction-piece,industrial_bld_warehouselarge02|estate_bld_mansion02
0x859D7017,8,0,0,mesh-node,vz_veh_truck_m35|vz_veh_truck_m35_aa
0x85A1ED45,8,0,0,mesh-node,vz_veh_truck_m35|vz_veh_truck_m35_aa
0x86A977F1,8,0,0,mesh-node,pr_veh_boat_jetski|civ_veh_boat_dinghy
0x9C00FF29,8,0,0,mesh-node,jungle_env_treesmall01|shanty_env_tree01
0x9E0422AB,8,0,8,destruction-piece,village_bld_plantation03|proutpost_bld_hq
0xA11E1084,8,0,0,mesh-node,vz_veh_truck_m35|vz_veh_truck_m35_aa
0xA1228DB2,8,0,0,mesh-node,vz_veh_truck_m35|vz_veh_truck_m35_aa
0xA18987EB,8,0,0,mesh-node,0x07B982D6|oc_veh_semi_fueltrailer
0xA28A25A2,8,0,8,destruction-piece,aloutpost_bld_storage|vzoutpost_wallgate_oc
0xA68A584B,8,0,8,destruction-piece,outpost_bld_warehouse01|merida_bld_universitydorm
0xA813E800,8,0,0,mesh-node,vz_veh_truck_m35|vz_veh_truck_m35_aa
0xAE501B46,8,0,0,mesh-node,vz_veh_tank_amx30_base|ch_veh_tank_plz45b
0xAF8C7634,8,0,8,destruction-piece,0x4B9C42F1|0x7604B190
0xB3E23323,8,0,0,mesh-node,maracaibo_bld_skyscraper02|city_bld_corner32x32a
0xB3EE6418,8,0,0,mesh-node,civ_veh_boat_dinghy|gr_veh_boat_turbosquid
0xB6C427DD,8,0,8,destruction-piece,white_bld_segment16x16a|groutpost_bld_cranemining
0xB92CBF8E,8,0,0,mesh-node,outpost_bld_warehouse01|merida_bld_universitydorm
0xBB207809,8,0,0,mesh-node,vz_veh_truck_m35|vz_veh_truck_m35_aa
0xC32501CF,8,0,0,mesh-node,vz_veh_truck_m35|vz_veh_truck_m35_aa
0xC8050FD6,8,0,0,mesh-node,vz_veh_truck_m35|vz_veh_truck_m35_aa
0xC8B0709B,8,0,0,mesh-node,industrial_bld_warehouse04|aloutpost_bld_hanger
0xCA09AE1D,8,0,0,mesh-node,ch_deliverycrate|vz_deliverycrate
0xCFECC105,8,0,8,destruction-piece,merida_market02|jungle_bld_ruinshotelfront
0xD21668B5,8,0,0,mesh-node,vz_veh_truck_m35|vz_veh_truck_m35_aa
0xD580875C,8,0,8,destruction-piece,industrial_bld_warehouselarge02|city_bld_skyscraper03
0xDACB48DE,8,0,0,mesh-node,vz_veh_tank_amx30_base|gr_veh_tank_m551sheridan
0xDDACB7A5,8,0,8,destruction-piece,proutpost_docka|caracas_bld_skytrammain
0xE1B0A0A5,8,0,0,mesh-node,vz_veh_tank_amx30_base|ch_veh_tank_plz45b
0xE1C734BF,8,0,8,destruction-piece,aloutpost_bld_prison|industrial_bld_warehouse04
0xE531B7D5,8,0,0,mesh-node,ch_veh_boat_destroyer|oilrig_bld_buildingb
0xE9B259E0,8,0,0,mesh-node,pmcoutpost_bld_hqgarage|pmcoutpost_bld_hqgarage_livedin
0xEB6E0059,8,0,8,destruction-piece,caracas_bld_parquecentral03|groutpost_bld_shackcave03
0xEF0EDE89,8,0,0,mesh-node,civ_veh_boat_saltonsea|pr_veh_boat_cutter
0xEFF28D04,8,0,8,destruction-piece,groutpost_bld_shackfuselage|industrial_bld_warehouse05
0xF3D12F3C,8,0,0,mesh-node,pmc_hum_jen|pmc_hum_sarah
0xFAD1B7B5,8,0,0,mesh-node,maracaibo_bld_skyscraper02|city_bld_skyscraper03
0xFD981CD1,8,0,0,mesh-node,vz_veh_truck_m35|vz_veh_truck_m35_aa
0xFE03ED52,8,0,0,mesh-node,0x1282963C|0x19676216
0x0997FD5F,7,0,0,mesh-node,oilrig_towerdrill|proutpost_bld_alarmtower
0x0A33FA7C,7,0,0,mesh-node,mountain_bld_bunkerdestroyed|groutpost_bld_shacktall01
0x0D365D2B,7,0,0,mesh-node,industrial_bld_refinery06|industrial_bld_towerrefinerytall
0x0D3CFED9,7,0,7,destruction-piece,city_bld_skyscraper02|chinaoutpost_bld_storage
0x1128A39F,7,0,7,destruction-piece,industrial_bld_warehouse04|aloutpost_bld_hanger
0x1184027A,7,0,7,destruction-piece,caracas_bld_parquecentral03|groutpost_bld_shackcave03
0x126E8CAC,7,0,0,mesh-node,civ_veh_truck_thunder|pmc_veh_car_offroad_buggy
0x143A725A,7,0,0,mesh-node,ch_veh_boat_destroyer|gr_veh_boat_turbosquid
0x17844D7C,7,0,0,mesh-node,0x0307555E|0x13709C60
0x185EDE43,7,0,7,destruction-piece,village_bld_housestilts04|cumana_bld_hotelfourstar01
0x18A0198B,7,0,7,destruction-piece,mountain_bld_bunkerdestroyed|groutpost_bld_shacktall01
0x19403722,7,0,0,mesh-node,outpost_bld_warehouse01|industrial_bld_warehouselarge02
0x2374B04E,7,0,0,mesh-node,0x07B982D6|vz_veh_truck_m35
0x291F68E1,7,0,7,destruction-piece,pmcoutpost_bld_hqgarage|pmcoutpost_bld_hq
0x2A9B9338,7,0,0,mesh-node,ch_veh_truck_sx2150_mlrs|vz_veh_helicopter_mi35hind
0x2B259EB0,7,0,0,mesh-node,global_env_palmtreebend02|global_env_palmtreebend01
0x2EF1BB00,7,0,0,mesh-node,civ_veh_boat_dinghy|global_veh_rib36
0x2FBE17FB,7,0,0,mesh-node,vz_veh_helicopter_mi35hind|vz_veh_helicopter_alouetteiii
0x318CEC77,7,0,0,mesh-node,global_veh_rib36|al_veh_boat_lcur
0x31CCDE2D,7,0,0,mesh-node,oilrig_towerdrill|proutpost_bld_alarmtower
0x3203FAA8,7,0,0,mesh-node,vzoutpost_bld_guardtower_pr|vzoutpost_bld_guardtower
0x34C2388A,7,0,7,destruction-piece,aloutpost_bld_storage|vzoutpost_wallgate_oc
0x357820DE,7,0,7,destruction-piece,proutpost_bld_bunker|jungle_bld_ruinshotelside
0x359AB320,7,0,7,destruction-piece,village_bld_house02|proutpost_bld_bunker
0x35A8533C,7,0,0,mesh-node,civ_veh_boat_dinghy|global_veh_rib36
0x3CC48250,7,0,7,destruction-piece,industrial_bld_warehousesmall02|commercial_bld_firestation
0x3ED13025,7,0,7,destruction-piece,aloutpost_bld_guardtowertall|aloutpost_bld_guardtowershort
0x41387791,7,0,0,mesh-node,0x1D5D24CE|0x4B9C42F1
0x4470242C,7,0,7,destruction-piece,cumana_bld_fortress01|caracas_bld_parquecentral03
0x47CF9F18,7,0,7,destruction-piece,groutpost_bld_shackcave04|caracas_skytramcolumn
0x4D27F359,7,0,7,destruction-piece,city_bld_skyscraper03|city_bld_segment32x32b
0x4D6F2772,7,0,7,destruction-piece,industrial_bld_gasstationpump03|merida_bld_pmcautoshop
0x5044E6A4,7,0,7,destruction-piece,aloutpost_bld_hanger|margarita_bld_condo01
0x50790E97,7,0,7,destruction-piece,caracas_rampgovernmentmid|aloutpost_bld_garage01
0x51E8906D,7,0,7,destruction-piece,outpost_bld_warehouse01|industrial_bld_warehouselarge02
0x540F635A,7,0,0,mesh-node,oc_veh_semi_austin|0x1282963C
0x577A94FB,7,0,7,destruction-piece,proutpost_bld_bunker|jungle_bld_ruinshotelside
0x65026CDE,7,0,0,mesh-node,city_bld_standalone05|0x38381266
0x6576AC4E,7,0,0,mesh-node,aloutpost_bld_largetentextensiona|village_prop_tentsmallpupa
0x6CC4514C,7,0,0,mesh-node,civ_veh_truck_transport|0x1282963C
0x6F32B5E1,7,0,0,mesh-node,oc_veh_semi_austin|0x19E2962E
0x6F719B8F,7,0,7,destruction-piece,industrial_bld_gasstationpump03|merida_bld_pmcautoshop
0x716248FB,7,0,0,mesh-node,city_bld_segment16x32d|margarita_bld_condo01
0x71D21FCD,7,0,7,destruction-piece,groutpost_bld_shackcave04|caracas_skytramcolumn
0x7259C95E,7,0,0,mesh-node,0x1282963C|0x19676216
0x73BEA249,7,0,7,destruction-piece,estate_bld_mansion02|chinaoutpost_bld_storage
0x76576709,7,0,0,mesh-node,global_veh_rib36|vz_veh_boat_patrol
0x7717095B,7,0,7,destruction-piece,proutpost_bld_hq|groutpost_bld_shacktall02
0x78393CDD,7,0,0,mesh-node,vz_veh_helicopter_mi35hind|vz_veh_helicopter_alouetteiii
0x7A7BED75,7,0,0,mesh-node,oc_veh_truck_ext|civ_veh_truck_garbage
0x7B430FFF,7,0,0,mesh-node,outpost_bld_warehouse01|industrial_bld_warehouselarge02
0x7DAF4853,7,0,7,destruction-piece,groutpost_bld_shackcave03|village_bld_plantation03
0x7DB9B0E3,7,0,7,destruction-piece,oc_veh_semi_austin|0x1282963C
0x7EB2C415,7,0,7,destruction-piece,oc_veh_semi_austin|0x1282963C
0x831DD250,7,0,0,mesh-node,0x1D5D24CE|0x4B9C42F1
0x836F3740,7,0,0,mesh-node,0x07B982D6|vz_veh_truck_m35
0x8D257319,7,0,7,destruction-piece,vz_veh_helicopter_mi35hind|vz_veh_helicopter_alouetteiii
0x95944BDB,7,0,7,destruction-piece,groutpost_bld_cranemining|island_bld_tower01
0x95DC8CF0,7,0,0,mesh-node,pr_veh_boat_jetski|civ_veh_boat_dinghy
0x989138AB,7,0,7,destruction-piece,maracaibo_bld_corner32x32b|aloutpost_bld_hangersmall
0x99E448CC,7,0,0,mesh-node,shanty_bld_housegroup04|aloutpost_bld_command
0x9EC479C6,7,0,0,mesh-node,0x0307555E|0x13709C60
0xA62FE04E,7,0,7,destruction-piece,outpost_bld_warehouse01|industrial_bld_warehouselarge02
0xB220245D,7,0,0,mesh-node,commercial_bld_supermarket|city_bld_skyscraper02
0xB33A3294,7,0,7,destruction-piece,city_bld_skyscraper02|chinaoutpost_bld_storage
0xB5C121A2,7,0,0,mesh-node,civ_veh_boat_dinghy|global_veh_rib36
0xBB7145B6,7,0,0,mesh-node,city_bld_skyscraper03|city_bld_skyscraper02
0xBBD8AA7E,7,0,0,mesh-node,outpost_bld_warehouse01|outpost_bld_govtbld
0xBC02134E,7,0,7,destruction-piece,proutpost_bld_hq|groutpost_bld_shacktall02
0xBDFF6658,7,0,0,mesh-node,pmc_hum_jen|pmc_hum_sarah
0xBF0AC6C0,7,0,0,mesh-node,vz_veh_helicopter_mi35hind|vz_veh_helicopter_alouetteiii
0xBF2DEC68,7,0,0,mesh-node,vz_veh_apc_m113_command|vz_veh_apc_m113_aa
0xC0F99A95,7,0,0,mesh-node,global_env_palmtreebend02|global_env_palmtreebend01
0xC6AF176F,7,0,0,mesh-node,0x19676216|global_veh_phoenix
0xC6BD3968,7,0,0,mesh-node,industrial_bld_warehouse04|aloutpost_bld_hanger
0xC949C773,7,0,0,mesh-node,0x07B982D6|vz_veh_helicopter_alouetteiii
0xCCF6F8E0,7,0,0,mesh-node,oilrig_towerdrill|industrial_bld_refinery06
0xCEEA3013,7,0,0,mesh-node,oilrig_towerdrill|industrial_bld_refinery06
0xCEF7340E,7,0,0,mesh-node,civ_veh_boat_dinghy|global_veh_rib36
0xDCB288BC,7,0,0,mesh-node,global_checkpointa|ocoutpost_wallgate
0xDF086F30,7,0,0,mesh-node,al_veh_plane_a10|gr_veh_truck_m35_guntruck_50cal
0xE02B55B6,7,0,7,destruction-piece,caracas_bld_skytrammain|groutpost_bld_shacktall02
0xE1E0F7AD,7,0,7,destruction-piece,groutpost_bld_shackfuselage|caracas_rampgovernmentmid
0xE57493E8,7,0,7,destruction-piece,industrial_bld_gasstationpump03|merida_bld_pmcautoshop
0xE783BF31,7,0,0,mesh-node,aloutpost_bld_hanger|margarita_bld_condo01
0xE82FDF7C,7,0,7,destruction-piece,caracas_bld_skytrammain|groutpost_bld_shacktall02
0xF16C98AD,7,0,0,mesh-node,0x07B982D6|0x71DC712E
0xF31A6F06,7,0,7,destruction-piece,commercial_bld_segment8x16e|commercial_bld_supermarket
0xF3252714,7,0,7,destruction-piece,city_bld_skyscraper03|city_bld_segment32x32b
0xF3342126,7,0,0,mesh-node,estate_bld_mansion02|chinaoutpost_bld_storage
0xF65C6A26,7,0,7,destruction-piece,village_bld_house02|village_bld_housestilts04
0xF7D3FF6E,7,0,0,mesh-node,al_veh_truck_hmmwv_armored|oc_veh_truck_ext
0xFA03C291,7,0,0,mesh-node,maracaibo_bld_skyscraper02|maracaibo_park
0xFFCC6E72,7,0,0,mesh-node,ch_veh_truck_sx2150_mlrs|ch_veh_truck_sx2150_semi
0x0D29320C,6,8,0,model-root,pmc_hum_mattias_v5|pmc_hum_mattias
0x1E4780FA,6,8,0,model-root,pmc_hum_mattias_v5|pmc_hum_mattias
0x409403C6,6,8,0,mesh-node,pmc_hum_mattias_v5|pmc_hum_mattias
0xA3EEDAF2,6,8,0,model-root,pmc_hum_mattias_v5|pmc_hum_mattias
0xFBFA3B2C,6,8,0,model-root,pmc_hum_mattias_v5|pmc_hum_mattias
0xFE747044,6,8,0,model-root,pmc_hum_mattias_v5|pmc_hum_mattias
0x02ED8861,6,0,0,mesh-node,city_bld_standalone05|merida_bld_universitydorm
0x07BBFF80,6,0,0,mesh-node,ch_veh_boat_destroyer|gr_veh_boat_turbosquid
0x0CC9CA5A,6,0,0,mesh-node,0x1282963C|0x19676216
0x0DBBA3DE,6,0,0,mesh-node,vz_veh_helicopter_mi35hind|vz_veh_helicopter_mi35hind_solano
0x13C0965E,6,0,0,mesh-node,0x0307555E|0x13709C60
0x156FF09E,6,0,0,mesh-node,vz_veh_apc_m113_command|vz_veh_apc_m113_aa
0x159282E0,6,0,0,mesh-node,vz_veh_apc_m113_command|vz_veh_apc_m113_aa
0x15DC2CC5,6,0,0,mesh-node,gr_veh_tank_m551sheridan|global_veh_stingray
0x1785BA13,6,0,0,mesh-node,vz_veh_apc_m113_command|vz_veh_apc_m113_aa
0x17CCFCBD,6,0,0,mesh-node,vz_veh_helicopter_mi35hind|vz_veh_helicopter_mi35hind_solano
0x18138FD0,6,0,0,mesh-node,industrial_bld_warehouselarge02|city_bld_skyscraper03
0x1E99BA07,6,0,0,mesh-node,vzoutpost_bld_barrackbunker|caracas_bld_historical04
0x1EC9EBAE,6,0,6,destruction-piece,industrial_bld_warehouse05|aloutpost_bld_prison
0x2136B2C6,6,0,6,destruction-piece,vz_veh_helicopter_mi35hind|vz_veh_helicopter_mi35hind_solano
0x21597282,6,0,0,mesh-node,maracaibo_bld_skyscraper02|airport_bld_terminal01
0x21FC2F90,6,0,0,mesh-node,0x389678CF|aloutpost_bld_storage
0x2226A731,6,0,0,mesh-node,0x19676216|pmc_veh_truck_ext
0x23EE1ADF,6,0,0,mesh-node,civ_veh_truck_ambulance|pmc_veh_truck_esv
0x29EC7EDD,6,0,6,destruction-piece,merida_bld_pmcautoshop|0xA7A6799D
0x2B2EC544,6,0,0,mesh-node,city_bld_standalone05|merida_bld_universitydorm
0x2C02D8BF,6,0,0,mesh-node,commercial_bld_firestation|pmcoutpost_bld_hqgarage
0x2C828DD1,6,0,0,mesh-node,city_bld_corner32x32b|caracas_bld_governmentcorner01
0x2E4D64F0,6,0,0,mesh-node,0x0307555E|0x13709C60
0x2EFEF06D,6,0,0,mesh-node,oc_veh_semi_fueltrailer|global_veh_scorpiondpv
0x2FFACFD4,6,0,0,mesh-node,ocoutpost_wallgate|vzoutpost_wallgate
0x340A6A70,6,0,0,mesh-node,0x0307555E|0x13709C60
0x34DC8D96,6,0,6,destruction-piece,aloutpost_bld_storage|commercial_bld_corner8x8a
0x3713C4E7,6,0,0,mesh-node,proutpost_bld_alarmtower|groutpost_bld_alarmtower
0x377264BB,6,0,0,mesh-node,vz_veh_apc_m113_command|vz_veh_apc_m113_aa
0x37868E42,6,0,6,destruction-piece,groutpost_bld_shackfuselage|proutpost_docka
0x39F0837A,6,0,6,destruction-piece,aloutpost_bld_prison|outpost_bld_warehouse01
0x3A84B8F9,6,0,6,destruction-piece,caracas_bld_historical02|caracas_bld_parquecentral03
0x3A878C5F,6,0,0,mesh-node,0x0307555E|0x13709C60
0x3AF9D39E,6,0,6,destruction-piece,city_bld_skyscraper03|estate_bld_mansion04
0x3C8F6538,6,0,0,mesh-node,0x0307555E|0x13709C60
0x3D2340B0,6,0,0,mesh-node,maracaibo_bld_skyscraper02|caracas_bld_parquecentral03
0x3D88347C,6,0,0,mesh-node,vz_veh_apc_m113_command|vz_veh_apc_m113_aa
0x3F019E43,6,0,0,mesh-node,0x0307555E|0x13709C60
0x3F50C9A0,6,0,0,mesh-node,0x0307555E|0x13709C60
0x3F950395,6,0,0,mesh-node,vz_veh_apc_m113_command|vz_veh_apc_m113_aa
0x415C4184,6,0,0,mesh-node,0x0307555E|0x13709C60
0x42346D28,6,0,0,mesh-node,0x0307555E|0x13709C60
0x43F099EE,6,0,0,mesh-node,0x0307555E|0x13709C60
0x441E47F8,6,0,0,mesh-node,commercial_bld_firestation|industrial_bld_warehouse04
0x4615C57E,6,0,6,destruction-piece,caracas_bld_parquecentral03|margarita_bld_condo01
0x4741F528,6,0,6,destruction-piece,industrial_bld_warehouse04|aloutpost_bld_hanger
0x4759719E,6,0,0,mesh-node,city_bld_standalone05|merida_bld_universitydorm
0x47C2908A,6,0,0,mesh-node,caracas_bld_parquecentral03|city_bld_skyscraper03
0x49611214,6,0,0,mesh-node,aloutpost_interior_hq|0x757EAE95
0x4A7E9595,6,0,0,mesh-node,0xA0EAF095|0xA79EE18C
0x4C07884D,6,0,0,mesh-node,commercial_bld_firestation|0x38381266
0x4CFB9B1E,6,0,0,mesh-node,0x0307555E|0x13709C60
0x4D29B600,6,0,0,mesh-node,civ_veh_boat_saltonsea|civ_veh_boat_fishing
0x4DA8B9CB,6,0,0,mesh-node,industrial_bld_towerrefinerytall|industrial_bld_refinery02
0x4DAA485F,6,0,6,destruction-piece,civ_veh_truck_transport|ch_veh_truck_sx2150_mlrs
0x4F4B65E5,6,0,6,destruction-piece,island_bld_fortress01|estate_bld_mansion02
0x507D8BC5,6,0,6,destruction-piece,caracas_rampgovernmentmid|caracas_rampgovernment02
0x51DA67B4,6,0,6,destruction-piece,residential_bld_corner16x16a|cumana_bld_hotelfourstar01
0x5242815E,6,0,6,destruction-piece,industrial_bld_gasstationpump02|residential_bld_corner16x16e
0x5244CBFB,6,0,0,mesh-node,city_bld_segment16x16b|merida_bld_universitydorm
0x524CA898,6,0,6,destruction-piece,commercial_bld_firestation|0x38381266
0x5514953E,6,0,6,destruction-piece,proutpost_bld_hq|groutpost_bld_shacktall02
0x561B2A40,6,0,0,mesh-node,0x0307555E|0x13709C60
0x5795F0BD,6,0,0,mesh-node,0x0307555E|0x13709C60
0x58857D02,6,0,0,mesh-node,0x0307555E|0x13709C60
0x5A72B321,6,0,0,mesh-node,maracaibo_bld_skyscraper02|caracas_bld_parquecentral03
0x60294FC7,6,0,0,mesh-node,proutpost_fueltanks|groutpost_fueltanks
0x6077097E,6,0,0,mesh-node,vz_veh_apc_m113_command|vz_veh_apc_m113_aa
0x6082B634,6,0,6,destruction-piece,caracas_bld_historical02|caracas_bld_parquecentral03
0x62E1A49F,6,0,6,destruction-piece,village_bld_plantation03|global_pile03
0x64619EB2,6,0,6,destruction-piece,0x1D20E058|global_pile02
0x661F1DF1,6,0,0,mesh-node,oc_veh_semi_austin|civ_veh_semi_mark
0x6691E5ED,6,0,0,mesh-node,0x0307555E|0x13709C60
0x66ACC70F,6,0,0,mesh-node,proutpost_bld_alarmtower|groutpost_bld_alarmtower
0x69534A55,6,0,0,mesh-node,0x0307555E|0x13709C60
0x69C504A7,6,0,0,mesh-node,caracas_bld_parquecentral03|city_bld_skyscraper03
0x6D1B7117,6,0,0,mesh-node,0x1D5D24CE|0x4B9C42F1
0x6F0997DB,6,0,0,mesh-node,civ_veh_boat_saltonsea|civ_veh_boat_fishing
0x70EEBA93,6,0,6,destruction-piece,vz_veh_tank_amx30_base|gr_veh_tank_m551sheridan
0x75E9E558,6,0,6,destruction-piece,groutpost_bld_cranemining|chinaoutpost_bld_prison
0x77FC3A26,6,0,0,mesh-node,maracaibo_bld_skyscraper02|maracaibo_park
0x78F472FF,6,0,0,mesh-node,jungle_env_treesmall02|jungle_env_treetall02
0x7902CE02,6,0,6,destruction-piece,city_bld_skyscraper02|chinaoutpost_bld_storage
0x7C6B223D,6,0,0,mesh-node,0x1282963C|0x19676216
0x7F0DC121,6,0,6,destruction-piece,outpost_bld_warehouse01|merida_bld_universitydorm
0x7FAB8BF7,6,0,0,mesh-node,aloutpost_bld_storage|commercial_bld_corner8x8a
0x80DF9542,6,0,6,destruction-piece,village_bld_plantation03|global_pile03
0x82797D9B,6,0,0,mesh-node,vz_veh_apc_m113_command|vz_veh_apc_m113_aa
0x84187A73,6,0,0,mesh-node,maracaibo_bld_skyscraper02|caracas_bld_parquecentral03
0x866412CF,6,0,6,destruction-piece,0x1D20E058|global_pile02
0x86C23BA3,6,0,0,mesh-node,civ_veh_truck_transport|0x1282963C
0x8983C8D5,6,0,0,mesh-node,0x0307555E|0x13709C60
0x8BFC4DCE,6,0,6,destruction-piece,caracas_bld_parquecentral03|margarita_bld_condo01
0x8C3CA2BF,6,0,6,destruction-piece,vz_veh_helicopter_mi35hind|vz_veh_helicopter_mi35hind_solano
0x8C43F08A,6,0,6,destruction-piece,oc_veh_semi_fueltrailer|oc_veh_helicopter_wz10
0x8F8B95F8,6,0,6,destruction-piece,groutpost_bld_shackfuselage|proutpost_docka
0x916B3414,6,0,6,destruction-piece,caracas_bld_parquecentral03|groutpost_bld_shackcave03
0x9597708A,6,0,6,destruction-piece,pmcoutpost_bld_hq|0x7604B190
0x95C4A919,6,0,0,mesh-node,pmcoutpost_bld_hq|0x7604B190
0x95DB21E9,6,0,0,mesh-node,0x0307555E|0x13709C60
0x979D1BE2,6,0,0,mesh-node,0x0307555E|0x13709C60
0x9ADB9EDA,6,0,0,mesh-node,industrial_bld_refinery01|oilrig_tanksmalla
0x9B1FD0A5,6,0,6,destruction-piece,aloutpost_bld_prison|aloutpost_bld_hanger
0x9BAD38F6,6,0,6,destruction-piece,groutpost_bld_shackcave03|village_bld_plantation03
0x9D62B4F2,6,0,0,mesh-node,city_bld_skyscraper03|estate_bld_mansion04
0x9D8D48CA,6,0,0,mesh-node,vz_veh_apc_m113_command|vz_veh_apc_m113_aa
0x9FF0593C,6,0,6,destruction-piece,pmcoutpost_bld_hq|0x7604B190
0xA01F2FD5,6,0,0,mesh-node,vz_veh_truck_m35_aa|gr_veh_truck_m35_aa
0xA0895008,6,0,0,mesh-node,city_bld_standalone05|merida_bld_universitydorm
0xA1AF925E,6,0,6,destruction-piece,caracas_bld_theater01|0x70D6FBD9
0xA32971FE,6,0,0,mesh-node,city_bld_standalone05|merida_bld_universitydorm
0xA360FAED,6,0,0,mesh-node,maracaibo_bld_skyscraper02|airport_bld_terminal01
0xA5F372CB,6,0,0,mesh-node,0x0307555E|0x13709C60
0xA5F7EFF9,6,0,0,mesh-node,0x0307555E|0x13709C60
0xA635F86D,6,0,0,mesh-node,proutpost_fueltanks|groutpost_fueltanks
0xA7E4F672,6,0,6,destruction-piece,pmcoutpost_bld_hangar|merida_bld_pmcautoshop
0xA876DACA,6,0,0,mesh-node,0xA0EAF095|0xA79EE18C
0xA9B41C24,6,0,6,destruction-piece,caracas_bld_theater01|0x70D6FBD9
0xAA2F00B2,6,0,0,mesh-node,0x0307555E|0x13709C60
0xAAFCF582,6,0,6,destruction-piece,aloutpost_bld_prison|outpost_bld_warehouse01
0xAB597184,6,0,0,mesh-node,ocoutpost_wallgate|vzoutpost_wallgate
0xAB674EBF,6,0,0,mesh-node,vz_veh_tank_amx30_base|gr_veh_tank_m551sheridan
0xAD91E75B,6,0,0,mesh-node,gr_veh_tank_m551sheridan|global_veh_stingray
0xADD31BDF,6,0,6,destruction-piece,aloutpost_bld_prison|industrial_bld_warehouse04
0xADF034DF,6,0,0,mesh-node,industrial_bld_warehouse05|aloutpost_bld_prison
0xAF2ECA36,6,0,0,mesh-node,ch_veh_tank_plz45b|ch_veh_apc_zbd2000
0xB08A84B8,6,0,0,mesh-node,0x0307555E|0x13709C60
0xB0BF555D,6,0,0,mesh-node,industrial_bld_warehouse04|aloutpost_bld_hanger
0xB1649EAE,6,0,6,destruction-piece,city_bld_segment16x32d|margarita_bld_condo01
0xB49B2931,6,0,6,destruction-piece,civ_veh_truck_transport|ch_veh_truck_sx2150_mlrs
0xB78B3321,6,0,0,mesh-node,vz_veh_apc_m113_command|vz_veh_apc_m113_aa
0xB7DE76F8,6,0,6,destruction-piece,groutpost_bld_shackfuselage|caracas_rampgovernmentmid
0xB8475E0E,6,0,6,destruction-piece,commercial_bld_firestation|pmcoutpost_bld_hqgarage
0xB9302868,6,0,0,mesh-node,shanty_bld_shack02|shanty_bld_shack01
0xB93757B5,6,0,6,destruction-piece,mountain_bld_bunkerdestroyed|groutpost_bld_shacktall01
0xBA6D3A13,6,0,0,mesh-node,maracaibo_bld_skyscraper02|caracas_bld_parquecentral03
0xBCA0827E,6,0,0,mesh-node,proutpost_bld_alarmtower|groutpost_bld_alarmtower
0xBDEDD757,6,0,0,mesh-node,estate_bld_mansion02|0x6871E4C5
0xBF30EF26,6,0,0,mesh-node,0x1D5D24CE|0x4B9C42F1
0xBF65290F,6,0,0,mesh-node,city_bld_skyscraper03|estate_bld_mansion04
0xBF8FBCE7,6,0,0,mesh-node,vz_veh_apc_m113_command|vz_veh_apc_m113_aa
0xC0AED8BD,6,0,6,destruction-piece,city_bld_skyscraper03|estate_bld_mansion04
0xC22D6513,6,0,6,destruction-piece,caracas_bld_skytrammain|groutpost_bld_shacktall02
0xC50F9E18,6,0,0,mesh-node,jungle_env_treemedium03|global_env_palmtree01
0xC52BE61B,6,0,0,mesh-node,city_bld_standalone05|merida_bld_universitydorm
0xC677AC97,6,0,6,destruction-piece,cumana_bld_fortress01|caracas_bld_parquecentral03
0xC6857228,6,0,0,mesh-node,civ_veh_truck_transport|ch_veh_truck_sx2150_mlrs
0xC6B1DB5D,6,0,0,mesh-node,proutpost_bld_alarmtower|groutpost_bld_alarmtower
0xC821BB58,6,0,0,mesh-node,estate_bld_mansion02|0x6871E4C5
0xC9E76A8F,6,0,6,destruction-piece,pmcoutpost_bld_hangar|merida_bld_pmcautoshop
0xC9F002AF,6,0,0,mesh-node,0x19676216|pmc_veh_truck_ext
0xCB2C71CF,6,0,0,mesh-node,industrial_bld_gasstationpump02|residential_bld_corner16x16e
0xCC3174CF,6,0,0,mesh-node,0x0307555E|0x13709C60
0xCC8CD2B4,6,0,6,destruction-piece,merida_bld_universitydorm|city_bld_segment32x32d
0xCD22ACAB,6,0,6,destruction-piece,city_bld_segment32x32b|city_bld_skyscraper02
0xCFE843D7,6,0,6,destruction-piece,jungle_bld_ruinshotelfront|proutpost_bld_dormitory
0xD23E640E,6,0,0,mesh-node,0x0307555E|0x13709C60
0xD478E15F,6,0,0,mesh-node,commercial_bld_firestation|outpost_bld_warehouse01
0xD58E6852,6,0,0,mesh-node,0x0307555E|0x13709C60
0xD75BECE4,6,0,6,destruction-piece,industrial_bld_warehouselarge02|city_bld_skyscraper03
0xD8326C21,6,0,0,mesh-node,outpost_bld_warehouse01|aloutpost_bld_hanger
0xD86B2AB6,6,0,0,mesh-node,maracaibo_bld_skyscraper02|caracas_bld_parquecentral03
0xD9D74EB7,6,0,6,destruction-piece,industrial_bld_warehouselarge02|city_bld_skyscraper03
0xDAE0DEAF,6,0,0,mesh-node,0x1B388028|0x41D7AC6F
0xDC57CE3E,6,0,6,destruction-piece,0x1D20E058|global_pile02
0xDCAFBF68,6,0,0,mesh-node,proutpost_bld_alarmtower|groutpost_bld_alarmtower
0xDD19E884,6,0,6,destruction-piece,proutpost_bld_hq|groutpost_bld_shacktall02
0xDD1E65B2,6,0,6,destruction-piece,proutpost_bld_hq|groutpost_bld_shacktall02
0xDE03AD2F,6,0,0,mesh-node,pmc_veh_truck_ext|pmc_veh_truck_cougar
0xDFD4F44E,6,0,6,destruction-piece,groutpost_bld_cranemining|chinaoutpost_bld_prison
0xDFEDB1B1,6,0,0,mesh-node,civ_veh_truck_ambulance|pmc_veh_truck_esv
0xE188D08B,6,0,0,mesh-node,0x0307555E|0x13709C60
0xE19C51BA,6,0,0,mesh-node,0x0307555E|0x13709C60
0xE326D514,6,0,6,destruction-piece,outpost_bld_warehouse01|aloutpost_bld_hanger
0xE48A5D82,6,0,0,mesh-node,0x0307555E|0x13709C60
0xE6459FEF,6,0,0,mesh-node,caracas_bld_parquecentral03|margarita_bld_condo01
0xE669271D,6,0,6,destruction-piece,0x1D20E058|global_pile02
0xE693140D,6,0,0,mesh-node,groutpost_bld_cranemining|chinaoutpost_bld_prison
0xE6C74FF1,6,0,0,mesh-node,0x1282963C|0x19676216
0xE761BD53,6,0,0,mesh-node,0x0307555E|0x13709C60
0xE87C5CC4,6,0,0,mesh-node,vz_veh_apc_m113_command|vz_veh_apc_m113_aa
0xE94E03A7,6,0,0,mesh-node,0x0307555E|0x13709C60
0xEAEA851F,6,0,0,mesh-node,maracaibo_bld_skyscraper02|city_bld_skyscraper03
0xEBA5E0EE,6,0,0,mesh-node,industrial_bld_refinery01|industrial_bld_refinery02
0xEBA7D912,6,0,6,destruction-piece,maracaibo_bld_skyscraper02|caracas_bld_parquecentral03
0xEBA7F901,6,0,0,mesh-node,city_bld_standalone05|merida_bld_universitydorm
0xED930B48,6,0,0,mesh-node,0x0307555E|0x13709C60
0xEE7635BA,6,0,6,destruction-piece,caracas_rampgovernmentmid|aloutpost_bld_garage01
0xF16CBDB6,6,0,0,mesh-node,maracaibo_bld_skyscraper02|caracas_bld_parquecentral03
0xF2243C0D,6,0,0,mesh-node,estate_bld_mansion02|0x6871E4C5
0xF227A43B,6,0,0,mesh-node,city_bld_standalone05|merida_bld_universitydorm
0xF49BB680,6,0,0,mesh-node,vzoutpost_bld_barrackbunker|caracas_bld_historical04
0xF78A9E23,6,0,0,mesh-node,oc_veh_semi_fueltrailer|global_veh_scorpiondpv
0xF825027B,6,0,0,mesh-node,oc_veh_truck_ext|civ_veh_truck_garbage
0xFC670B28,6,0,6,destruction-piece,0x1D20E058|global_pile02
0xFDE283C1,6,0,0,mesh-node,residential_bld_corner16x16a|cumana_bld_hotelfourstar01
0xFE08E44C,6,0,0,mesh-node,ocoutpost_wallgate|vzoutpost_wallgate
0x11815D82,5,9,0,mesh-node,pmc_hum_mattias_v5|pmc_hum_mattias
0xFAADBFFF,5,9,0,mesh-node,pmc_hum_mattias_v5|pmc_hum_mattias
0xEB221048,5,8,0,mesh-node,pmc_hum_mattias_v5|pmc_hum_mattias
0xACA8B402,5,3,0,mesh-node,aloutpost_interior_hq|0x757EAE95
0x0215ABC5,5,0,0,mesh-node,industrial_bld_warehouselarge02|estate_bld_mansion02
0x02924C01,5,0,0,mesh-node,vz_veh_apc_m113_command|vz_veh_apc_m113_aa
0x02B87F7D,5,0,0,mesh-node,maracaibo_bld_skyscraper02|city_bld_skyscraper03
0x02E71DAD,5,0,5,destruction-piece,village_bld_plantation03|global_pile03
0x05FB0FD1,5,0,5,destruction-piece,al_veh_truck_hmmwv_armored|global_veh_hondacrx
0x079C4075,5,0,0,mesh-node,global_veh_rib36|vz_veh_boat_patrol
0x083053E1,5,0,0,mesh-node,oilrig_tankmeda|oilrig_tanktalla
0x089016DC,5,0,0,mesh-node,vz_veh_apc_m113_command|vz_veh_apc_m113_aa
0x0A69DF64,5,0,0,mesh-node,vz_veh_apc_m113_command|vz_veh_apc_m113_aa
0x0A834E0F,5,0,0,mesh-node,vz_veh_apc_m113_command|vz_veh_apc_m113_aa
0x0ACA49B5,5,0,0,mesh-node,maracaibo_bld_skyscraper02|chinaoutpost_bld_prison
0x0AD8C217,5,0,0,mesh-node,vz_veh_tank_amx30_base|pmc_veh_truck_esv
0x0F6B2767,5,0,0,mesh-node,civ_veh_boat_saltonsea|pr_veh_boat_cutter
0x0FA95FB7,5,0,0,mesh-node,0x19676216|global_veh_scorpiondpv
0x0FDB1131,5,0,5,destruction-piece,residential_bld_corner16x16a|outskirt_bld_mercbar
0x10C925CD,5,0,5,destruction-piece,aloutpost_bld_prison|outpost_bld_warehouse01
0x11990F7E,5,0,0,mesh-node,maracaibo_bld_skyscraper02|margarita_bld_condo01
0x136BF4B9,5,0,5,destruction-piece,city_bld_segment16x32d|margarita_bld_condo01
0x17169E5A,5,0,0,mesh-node,0x4B9C42F1|0x7604B190
0x1741E5C1,5,0,5,destruction-piece,city_bld_skyscraper03|estate_bld_mansion04
0x183A5FBA,5,0,0,mesh-node,maracaibo_bld_skyscraper02|city_bld_skyscraper03
0x187F601E,5,0,0,mesh-node,0x19676216|global_veh_scorpiondpv
0x18A9E282,5,0,0,mesh-node,0x19676216|global_veh_scorpiondpv
0x193C4862,5,0,5,destruction-piece,civ_veh_car_r90_limo|civ_veh_car_l300_racing
0x1BFAF79B,5,0,0,mesh-node,oc_veh_semi_austin|0x19E2962E
0x207C14E0,5,0,0,mesh-node,0xA0EAF095|0xA79EE18C
0x20DB2350,5,0,0,mesh-node,vz_veh_tank_amx30_base|pmc_veh_truck_esv
0x21CEE28F,5,0,0,mesh-node,ch_veh_truck_sx2150_mlrs|ch_veh_truck_sx2150_semi
0x24064EEA,5,0,5,destruction-piece,city_bld_skyscraper02|chinaoutpost_bld_storage
0x2768DE29,5,0,0,mesh-node,0x19676216|global_veh_scorpiondpv
0x276E03DD,5,0,0,mesh-node,oc_veh_truck_ext|pmc_veh_truck_esv
0x27EA681D,5,0,0,mesh-node,0x19676216|global_veh_scorpiondpv
0x2AAAB91A,5,0,0,mesh-node,vz_veh_apc_m113_command|vz_veh_apc_m113_aa
0x2EB7CCF2,5,0,0,mesh-node,aloutpost_bld_hanger|industrial_bld_warehouse02
0x2F4F6789,5,0,0,mesh-node,global_veh_rib36|gr_veh_truck_m35_guntruck_50cal
0x2F63FD4B,5,0,0,mesh-node,civ_veh_boat_saltonsea|pr_veh_boat_cutter
0x30969070,5,0,5,destruction-piece,estate_bld_mansion04|village_bld_plantation02
0x313B7264,5,0,5,destruction-piece,groutpost_bld_cranemining|island_bld_tower01
0x31FA66A1,5,0,0,mesh-node,civ_veh_boat_saltonsea|pr_veh_boat_cutter
0x33A90F08,5,0,0,mesh-node,maracaibo_bld_skyscraper02|city_bld_skyscraper03
0x344A24C8,5,0,0,mesh-node,vz_veh_tank_amx30_base|gr_veh_truck_m151_50cal
0x34CE9E99,5,0,0,mesh-node,shanty_bld_housegroup05|industrial_bld_towerrefinerytall
0x36CD5927,5,0,5,destruction-piece,0x09139BCD|0x0D0B8CF5
0x38C93430,5,0,0,mesh-node,0x19676216|global_veh_scorpiondpv
0x3BC1DCD4,5,0,0,mesh-node,village_bld_plantation03|caracas_rampgovernment02
0x3DA6E02F,5,0,0,mesh-node,maracaibo_bld_skyscraper02|city_bld_skyscraper03
0x412F6A28,5,0,0,mesh-node,residential_bld_corner16x16a|outskirt_bld_mercbar
0x41592E42,5,0,5,destruction-piece,aloutpost_bld_hanger|airport_bld_terminal01
0x41DB7E9F,5,0,5,destruction-piece,caracas_rampgovernmentmid|caracas_bld_skytrammain
0x4329FD0A,5,0,0,mesh-node,ch_veh_boat_destroyer|oc_veh_boat_oiltanker
0x44DAC356,5,0,0,mesh-node,pmc_hum_jen|pmc_hum_mattias_v3
0x4608C307,5,0,5,destruction-piece,city_bld_skyscraper02|chinaoutpost_bld_storage
0x466C32E6,5,0,5,destruction-piece,caracas_rampgovernmentmid|caracas_rampgovernment02
0x4674A0BD,5,0,5,destruction-piece,aloutpost_bld_hanger|industrial_bld_warehouse02
0x46F6CF7A,5,0,5,destruction-piece,commercial_bld_supermarket|shanty_bld_apartment01
0x47E2F091,5,0,5,destruction-piece,jungle_bld_ruinshotelfront|0x8B69284B
0x47F0F428,5,0,0,mesh-node,maracaibo_bld_skyscraper02|aloutpost_bld_command
0x48A57048,5,0,5,destruction-piece,island_bld_bridge01|oilrig_bld_buildingb
0x4BE585A6,5,0,0,mesh-node,maracaibo_bld_skyscraper02|aloutpost_bld_command
0x4C7D5153,5,0,5,destruction-piece,village_bld_plantation03|caracas_rampgovernment02
0x4CF9177C,5,0,5,destruction-piece,civ_veh_car_r90_limo|civ_veh_car_l300_racing
0x4DBE8594,5,0,0,mesh-node,maracaibo_bld_skyscraper02|city_bld_skyscraper03
0x4F8D4077,5,0,0,mesh-node,oc_veh_truck_ext|pmc_veh_truck_esv
0x50BA410F,5,0,0,mesh-node,aloutpost_bld_hanger|industrial_bld_warehouse02
0x5164A412,5,0,5,destruction-piece,al_veh_truck_hmmwv_armored|gr_veh_truck_m151_50cal
0x544FAABB,5,0,5,destruction-piece,estate_bld_mansion04|merida_bld_universityadmin
0x552C2B2B,5,0,0,mesh-node,civ_veh_car_r90_limo|civ_veh_car_l300_racing
0x55FE1443,5,0,0,mesh-node,vz_veh_apc_m113_aa|global_veh_stingray
0x5619263D,5,0,0,mesh-node,industrial_bld_warehousesmall02|chinaoutpost_bld_storage
0x5663559D,5,0,0,mesh-node,pmc_hum_jen|pmc_hum_mattias_v3
0x5859DB48,5,0,0,mesh-node,al_veh_truck_hmmwv_armored|global_veh_hondacrx
0x5871D997,5,0,0,mesh-node,0x19676216|global_veh_scorpiondpv
0x5ADD1AD9,5,0,5,destruction-piece,village_bld_plantation03|global_pile03
0x5BEAFE7A,5,0,0,mesh-node,estate_bld_mansion02|0x6871E4C5
0x5C03DF5C,5,0,0,mesh-node,0x07B982D6|0x71DC712E
0x5E2F6D7C,5,0,0,mesh-node,aloutpost_bld_prison|outpost_bld_warehouse01
0x5F2AB868,5,0,0,mesh-node,maracaibo_bld_skyscraper02|aloutpost_bld_command
0x6232DE21,5,0,5,destruction-piece,caracas_bld_skytrammain|groutpost_bld_shacktall02
0x631F49E6,5,0,0,mesh-node,maracaibo_bld_skyscraper02|aloutpost_bld_command
0x639277D2,5,0,0,mesh-node,industrial_bld_warehouse05|shanty_bld_apartment01
0x652C7127,5,0,0,mesh-node,ch_veh_boat_destroyer|oc_veh_boat_oiltanker
0x661AFA98,5,0,5,destruction-piece,maracaibo_bld_skyscraper02|city_bld_skyscraper03
0x667B6FD0,5,0,5,destruction-piece,caracas_rampgovernmentmid|caracas_rampgovernment02
0x676D11C9,5,0,5,destruction-piece,industrial_bld_gasstationpump03|merida_bld_pmcautoshop
0x679E2A76,5,0,5,destruction-piece,island_bld_fortress01|shanty_bld_housegroup05
0x67C0C6EE,5,0,5,destruction-piece,groutpost_bld_shackcave04|caracas_skytramcolumn
0x682ADAD3,5,0,0,mesh-node,oilrig_tankmeda|oilrig_tanktalla
0x696AC17C,5,0,0,mesh-node,maracaibo_bld_skyscraper02|city_bld_skyscraper03
0x6A88625D,5,0,0,mesh-node,vz_veh_apc_m113_command|vz_veh_apc_m113_aa
0x6BB03514,5,0,5,destruction-piece,maracaibo_bld_skyscraper02|chinaoutpost_bld_prison
0x6C8AF13A,5,0,0,mesh-node,vz_veh_truck_m35_aa|gr_veh_truck_m35_aa
0x6D7B2521,5,0,0,mesh-node,0x19676216|global_veh_scorpiondpv
0x6D7D0993,5,0,0,mesh-node,gr_veh_truck_m35_guntruck_50cal|vz_veh_truck_m35_guntruck_50cal
0x6D80C08C,5,0,0,mesh-node,aloutpost_bld_hanger|margarita_bld_condo01
0x6DE56AFA,5,0,5,destruction-piece,jungle_bld_ruinshotelfront|proutpost_bld_dormitory
0x6E7E4945,5,0,0,mesh-node,vz_veh_truck_m35|vz_veh_truck_m35_aa
0x706A9496,5,0,0,mesh-node,vz_veh_tank_amx30_base|pmc_veh_truck_esv
0x708E6093,5,0,0,mesh-node,margarita_bld_condo01|city_bld_corner32x32a
0x727FCBBC,5,0,5,destruction-piece,village_bld_plantation03|caracas_rampgovernment02
0x72E40EC3,5,0,5,destruction-piece,cumana_bld_fortress01|shanty_bld_housegroup05
0x7342D0AF,5,0,0,mesh-node,maracaibo_park|vz_veh_helicopter_mi35hind
0x77239500,5,0,0,mesh-node,0x19676216|global_veh_scorpiondpv
0x79FA0DDE,5,0,0,mesh-node,jungle_env_treesmall01|shanty_env_tree01
0x7A10A764,5,0,0,mesh-node,gr_veh_towed_m101a|vz_veh_towed_m101a
0x7B00C182,5,0,5,destruction-piece,commercial_bld_supermarket|shanty_bld_apartment01
0x7D59FC91,5,0,5,destruction-piece,civ_veh_truck_thunder|pmc_veh_truck_esv
0x7E7310C1,5,0,5,destruction-piece,0x1D20E058|commercial_wall
0x800B75BD,5,0,0,mesh-node,vz_veh_apc_m113_aa|ch_veh_tank_pgz95
0x80864668,5,0,0,mesh-node,vz_veh_apc_m113_command|vz_veh_apc_m113_aa
0x80F31CFA,5,0,5,destruction-piece,industrial_bld_gasstationpump03|village_bld_plantation03
0x8628CB76,5,0,0,mesh-node,oilrig_tankmeda|oilrig_tanktalla
0x86A8475F,5,0,0,mesh-node,industrial_bld_warehouselarge02|city_bld_standalone04
0x86D2E231,5,0,5,destruction-piece,industrial_bld_warehouse04|shanty_bld_housegroup04
0x88D2DF33,5,0,5,destruction-piece,commercial_bld_firestation|oilrig_simple
0x8AF50D7F,5,0,5,destruction-piece,al_veh_truck_hmmwv_armored|global_veh_hondacrx
0x8DC9C5ED,5,0,5,destruction-piece,island_bld_bridge01|oilrig_bld_buildingb
0x917ECD2B,5,0,5,destruction-piece,groutpost_bld_shackfuselage|proutpost_docka
0x927B9B46,5,0,0,mesh-node,oc_veh_helicopter_wz10|vz_veh_helicopter_alouetteiii
0x9353DE70,5,0,0,mesh-node,civ_veh_motorcycle_scooter|gr_veh_motorcycle_offroad
0x96F134FC,5,0,5,destruction-piece,vz_veh_tank_amx30_base|ch_veh_tank_plz45b
0x96F719E0,5,0,0,mesh-node,global_env_palmtreebend01|global_env_palmtreebend04
0x9705AFBA,5,0,0,mesh-node,maracaibo_bld_skyscraper02|aloutpost_bld_command
0x97F4467D,5,0,5,destruction-piece,industrial_bld_warehouse04|shanty_bld_housegroup04
0x9998A208,5,0,0,mesh-node,global_veh_rib36|gr_veh_truck_m35_guntruck_50cal
0x9A130F3F,5,0,0,mesh-node,civ_veh_boat_saltonsea|pr_veh_boat_cutter
0x9B07F553,5,0,0,mesh-node,gr_veh_truck_m35_guntruck_50cal|vz_veh_truck_m35_guntruck_50cal
0x9B0BCB5B,5,0,5,destruction-piece,aloutpost_bld_hanger|margarita_bld_condo01
0x9B32391D,5,0,0,mesh-node,vz_veh_helicopter_mi35hind|vz_veh_helicopter_mi35hind_solano
0x9BFC81FB,5,0,0,mesh-node,jungle_env_treesmall01|shanty_env_tree01
0x9D5E37C4,5,0,0,mesh-node,cumana_bld_fortress01|shanty_bld_housegroup05
0x9D90C12D,5,0,5,destruction-piece,commercial_bld_firestation|pmcoutpost_bld_hq
0x9DABF47D,5,0,0,mesh-node,maracaibo_bld_skyscraper02|city_bld_skyscraper03
0xA24ECECA,5,0,0,mesh-node,0x06B7DF09|0x27C46DD1
0xA2B36B2F,5,0,0,mesh-node,maracaibo_bld_skyscraper02|city_bld_skyscraper03
0xA32C4E9F,5,0,5,destruction-piece,0x01ED3D6F|0x1A9D89DF
0xA3B1C2BC,5,0,5,destruction-piece,village_bld_plantation03|jungle_bld_ruinshotelfront
0xA3FD8579,5,0,0,mesh-node,commercial_bld_firestation|oilrig_simple
0xA41D2A01,5,0,0,mesh-node,maracaibo_bld_skyscraper02|margarita_bld_condo01
0xA4A63802,5,0,0,mesh-node,industrial_bld_warehouselarge02|city_bld_standalone04
0xA4CCC69C,5,0,5,destruction-piece,commercial_bld_firestation|oilrig_simple
0xA66B3E7D,5,0,0,mesh-node,island_bld_bridge01|oilrig_bld_buildingb
0xA8D5E93A,5,0,0,mesh-node,vz_veh_tank_amx30_base|pmc_veh_truck_esv
0xAA1AF4DC,5,0,0,mesh-node,maracaibo_bld_skyscraper02|margarita_bld_condo01
0xAA5FBFBF,5,0,0,mesh-node,shanty_bld_housegroup05|industrial_bld_towerrefinerytall
0xAC58A7D4,5,0,5,destruction-piece,maracaibo_bld_skyscraper02|city_bld_skyscraper03
0xAC6BAD83,5,0,0,mesh-node,civ_veh_truck_thunder|pmc_veh_car_offroad_buggy
0xAF7CBDCE,5,0,5,destruction-piece,groutpost_bld_shackfuselage|proutpost_docka
0xB15276CD,5,0,5,destruction-piece,village_bld_plantation03|caracas_rampgovernment02
0xB24EAE08,5,0,0,mesh-node,oc_veh_helicopter_wz10|vz_veh_helicopter_alouetteiii
0xB390B932,5,0,0,mesh-node,merida_universitylamppost|maracaibo_lampposta
0xB50C3C7C,5,0,0,mesh-node,proutpost_bld_alarmtower|groutpost_bld_alarmtower
0xB931616F,5,0,0,mesh-node,vz_veh_apc_m113_command|vz_veh_apc_m113_aa
0xB98E16AD,5,0,5,destruction-piece,proutpost_docka|caracas_bld_theater01
0xBDA83CA0,5,0,5,destruction-piece,industrial_bld_warehouselarge02|estate_bld_mansion02
0xBDF25485,5,0,0,mesh-node,estate_bld_mansion02|0x6871E4C5
0xBE8E428B,5,0,5,destruction-piece,aloutpost_bld_prison|outpost_bld_warehouse01
0xBFE64FFE,5,0,5,destruction-piece,island_bld_bridge01|oilrig_bld_buildingb
0xC016E403,5,0,0,mesh-node,0x19676216|global_veh_scorpiondpv
0xC027A2D3,5,0,5,destruction-piece,village_bld_plantation03|caracas_rampgovernment02
0xC0BF9B9E,5,0,5,destruction-piece,aloutpost_bld_hanger|industrial_bld_warehouse02
0xC15364A6,5,0,0,mesh-node,commercial_bld_supermarket|chinaoutpost_bld_storage
0xC3112EA4,5,0,0,mesh-node,ch_veh_boat_destroyer|oc_veh_boat_oiltanker
0xC3B683A9,5,0,5,destruction-piece,caracas_bld_theater01|caracas_bld_skytrammain
0xC5D6EAF8,5,0,5,destruction-piece,jungle_bld_ruinshotelfront|0x8B69284B
0xC64BB6DC,5,0,5,destruction-piece,outpost_bld_warehouse01|industrial_bld_warehouselarge02
0xC873BB51,5,0,5,destruction-piece,caracas_rampgovernmentmid|caracas_rampgovernment02
0xC9C39FCB,5,0,5,destruction-piece,groutpost_bld_shackcave04|caracas_skytramcolumn
0xC9FB82B4,5,0,0,mesh-node,commercial_bld_firestation|oilrig_simple
0xC9FFFFE2,5,0,0,mesh-node,commercial_bld_firestation|pmcoutpost_bld_hq
0xCB7A846B,5,0,5,destruction-piece,island_bld_bridge01|oilrig_bld_buildingb
0xCBEE2582,5,0,0,mesh-node,aloutpost_bld_prison|outpost_bld_warehouse01
0xCDED0E11,5,0,0,mesh-node,maracaibo_bld_skyscraper02|aloutpost_bld_command
0xCF2D3CD3,5,0,0,mesh-node,oc_veh_semi_austin|0x19E2962E
0xCF6DB252,5,0,0,mesh-node,maracaibo_bld_skyscraper02|margarita_bld_condo01
0xD1EDFBCF,5,0,0,mesh-node,maracaibo_bld_skyscraper02|aloutpost_bld_command
0xD3F03890,5,0,0,mesh-node,estate_bld_mansion02|0x6871E4C5
0xD4590BA1,5,0,0,mesh-node,commercial_bld_supermarket|city_bld_skyscraper02
0xD4910739,5,0,5,destruction-piece,island_bld_bridge01|oilrig_bld_buildingb
0xD4A10C18,5,0,5,destruction-piece,village_bld_plantation03|oilrig_catwalkd
0xD8073E10,5,0,5,destruction-piece,maracaibo_bld_skyscraper02|chinaoutpost_bld_prison
0xD8E49CF8,5,0,5,destruction-piece,village_bld_plantation03|global_pile03
0xD9BA5417,5,0,0,mesh-node,0x389678CF|aloutpost_bld_storage
0xDC8F89E0,5,0,0,mesh-node,0x07B982D6|oc_veh_helicopter_wz10
0xDE436D20,5,0,0,mesh-node,maracaibo_bld_skyscraper02|city_bld_corner32x32a
0xDF0C7B6A,5,0,0,mesh-node,gr_veh_truck_m35_guntruck_50cal|vz_veh_truck_m35_guntruck_50cal
0xE09B849A,5,0,5,destruction-piece,caracas_bld_historical02|caracas_bld_parquecentral03
0xE1336343,5,0,0,mesh-node,0x1D5D24CE|0x4B9C42F1
0xE2281C07,5,0,0,mesh-node,vz_veh_truck_m35_aa|gr_veh_truck_m35_aa
0xE2622264,5,0,0,mesh-node,maracaibo_bld_skyscraper02|aloutpost_bld_command
0xE526D251,5,0,0,mesh-node,maracaibo_bld_skyscraper02|aloutpost_bld_command
0xE779F2F9,5,0,0,mesh-node,civ_veh_boat_saltonsea|pr_veh_boat_cutter
0xE7DDDC43,5,0,5,destruction-piece,jungle_bld_ruinshotelfront|0x8B69284B
0xE8750830,5,0,5,destruction-piece,industrial_bld_gasstationpump02|residential_bld_corner16x16e
0xE880D9F2,5,0,0,mesh-node,vz_veh_apc_m113_command|vz_veh_apc_m113_aa
0xE927C00F,5,0,0,mesh-node,maracaibo_bld_skyscraper02|aloutpost_bld_command
0xEA31DFDC,5,0,5,destruction-piece,vz_veh_helicopter_alouetteiii|pr_veh_helicopter_alouetteiii
0xEA3CAE95,5,0,5,destruction-piece,groutpost_bld_shacktall02|proutpost_bld_surveillance
0xEC82CA61,5,0,5,destruction-piece,village_bld_plantation03|caracas_rampgovernment02
0xED2B2D76,5,0,0,mesh-node,oc_veh_semi_austin|0x19E2962E
0xEDA015E0,5,0,5,destruction-piece,outpost_bld_warehouse01|shanty_bld_housegroup04
0xEE7EF1ED,5,0,0,mesh-node,0x1282963C|0x19676216
0xEFD96BAD,5,0,5,destruction-piece,jungle_bld_ruinshotelfront|0x8B69284B
0xF03C3535,5,0,0,mesh-node,oilrig_cranelargea|oilrig_towerblowoutdiagonal
0xF159D73B,5,0,5,destruction-piece,industrial_bld_warehouselarge02|city_bld_skyscraper03
0xF20D8C62,5,0,0,mesh-node,maracaibo_bld_skyscraper02|city_bld_corner32x32a
0xF2F91E0D,5,0,5,destruction-piece,jungle_bld_ruinshotelside|cumana_bld_hotelfourstar01
0xF33DBCB9,5,0,0,mesh-node,outpost_bld_warehouse01|industrial_bld_warehouselarge02
0xF4601B7F,5,0,5,destruction-piece,chinaoutpost_bld_storage|cumana_bld_corner16x16d
0xF700B05F,5,0,5,destruction-piece,residential_bld_corner16x16a|outskirt_bld_mercbar
0xF71C5009,5,0,5,destruction-piece,proutpost_bld_hq|groutpost_bld_shacktall02
0xF7E9535C,5,0,0,mesh-node,pmc_hum_chris|pmc_hum_chris_v3
0xF90D05C5,5,0,0,mesh-node,maracaibo_bld_skyscraper02|aloutpost_bld_command
0xFC600CBB,5,0,0,mesh-node,maracaibo_bld_skyscraper02|aloutpost_bld_command
0xFD388AC9,5,0,5,destruction-piece,groutpost_bld_shacktall01|caracas_skytramcolumn
0xFE5A425B,5,0,5,destruction-piece,0x1D20E058|global_pile02
0xFEA38CCD,5,0,5,destruction-piece,village_bld_plantation03|oilrig_catwalkd
0x491E8967,4,9,0,mesh-node,pmc_hum_mattias_v5|pmc_hum_mattias
0x7D2C9CA4,4,9,0,mesh-node,pmc_hum_mattias_v5|pmc_hum_mattias
0x87E8C062,4,9,0,mesh-node,pmc_hum_mattias_v5|pmc_hum_mattias
0xE6FF1D72,4,9,0,mesh-node,pmc_hum_mattias_v5|pmc_hum_mattias
0x00A8F086,4,8,0,model-root,pmc_hum_mattias_v5|pmc_hum_mattias
0x00018D6C,4,0,0,mesh-node,maracaibo_bld_skyscraper02|maracaibo_park
0x00691A87,4,0,0,mesh-node,shanty_bld_apartment01|commercial_bld_corner8x16a
0x01307818,4,0,0,mesh-node,oc_veh_semi_fueltrailer|civ_veh_trailer_flatbed
0x02714414,4,0,0,mesh-node,civ_veh_car_van_crappy|civ_veh_semi_austin
0x03E04E9C,4,0,0,mesh-node,residential_bld_corner16x16a|outskirt_bld_mercbar
0x048610B4,4,0,4,destruction-piece,civ_veh_trailer_box|civ_veh_car_pony_normal
0x05480108,4,0,4,destruction-piece,civ_veh_car_valiant_crappy|global_veh_68valiant
0x074CEC0B,4,0,4,destruction-piece,cumana_bld_fortress01|shanty_bld_housegroup05
0x081BC290,4,0,4,destruction-piece,civ_veh_car_van_crappy|civ_veh_car_van_racing
0x08A1D17D,4,0,0,mesh-node,0x19E2962E|0x7A9E926A
0x09D6C3D0,4,0,4,destruction-piece,0x6871E4C5|estate_bld_mansion03
0x0A6A5C39,4,0,4,destruction-piece,city_bld_skyscraper03|village_bld_plantation02
0x0A84728E,4,0,0,mesh-node,oc_veh_semi_fueltrailer|civ_veh_trailer_flatbed
0x0AD340FF,4,0,0,mesh-node,ch_veh_truck_sx2150_mlrs|ch_veh_truck_sx2150_semi
0x0BE7ABBE,4,0,4,destruction-piece,civ_veh_car_valiant_crappy|global_veh_68valiant
0x0C99BD94,4,0,0,mesh-node,global_env_tree01|shanty_env_tree03
0x0CB17EB4,4,0,0,mesh-node,oc_veh_truck_ext|pmc_veh_truck_esv
0x0DBE4340,4,0,4,destruction-piece,industrial_bld_warehouse05|aloutpost_bld_prison
0x0FB0533B,4,0,4,destruction-piece,cumana_bld_hotelfourstar01|commercial_bld_segment8x8d
0x105994E0,4,0,0,mesh-node,oc_veh_semi_fueltrailer|civ_veh_trailer_flatbed
0x11392F0C,4,0,4,destruction-piece,0x7604B190|caracas_rampgovernment02
0x118413D9,4,0,4,destruction-piece,proutpost_docka|caracas_bld_theater01
0x12683CC8,4,0,0,mesh-node,0x1282963C|al_veh_truck_mtv_semi
0x13770EF2,4,0,0,mesh-node,vz_veh_apc_m113_aa|vz_veh_apc_m113_50cal
0x16A8BAB7,4,0,0,mesh-node,civ_veh_truck_garbage|civ_veh_car_taxi_shuttle
0x16ED1CF4,4,0,0,mesh-node,jungle_env_treetall02|jungle_env_treemedium03
0x16F1E2B5,4,0,0,mesh-node,oilrig_towerblowoutdiagonal|oilrig_att_pipeblowout
0x170DC592,4,0,0,mesh-node,pmc_hum_chris|pmc_hum_obama
0x17CCC5D4,4,0,4,destruction-piece,caracas_rampgovernmentmid|caracas_walllong
0x191F0807,4,0,0,mesh-node,0x3177639B|al_veh_airstrike_b2
0x19889D9F,4,0,4,destruction-piece,groutpost_bld_shackfuselage|caracas_bld_theater01
0x19CBE9CC,4,0,4,destruction-piece,groutpost_bld_earthmover|city_bld_standalone03
0x1BBC1EC0,4,0,0,mesh-node,maracaibo_bld_skyscraper02|margarita_bld_condo01
0x1BD53073,4,0,0,mesh-node,oc_veh_truck_ext|pmc_veh_truck_esv
0x1C0ABF80,4,0,4,destruction-piece,city_bld_skyscraper02|cumana_bld_corner16x16d
0x1DB4C161,4,0,4,destruction-piece,village_bld_plantation03|jungle_bld_ruinshotelfront
0x20AFAF72,4,0,0,mesh-node,city_bld_skyscraper02|cumana_bld_corner16x16d
0x20C43C36,4,0,4,destruction-piece,civ_veh_car_van_crappy|civ_veh_car_van_racing
0x213DE2BD,4,0,0,mesh-node,gr_veh_boat_cigarette|pmc_veh_car_panhard
0x224E27AD,4,0,0,mesh-node,global_env_treeplaza03|global_env_tree01
0x225CCE34,4,0,0,mesh-node,caracas_bld_parquecentral03|city_bld_skyscraper03
0x2476F92A,4,0,4,destruction-piece,aloutpost_bld_hanger|airport_bld_terminal01
0x26ADC06D,4,0,0,mesh-node,industrial_bld_warehouselarge02|city_bld_standalone04
0x2840BF61,4,0,4,destruction-piece,oilrig_bld_buildingb|oilrig_bld_buildingc
0x286CE2F3,4,0,4,destruction-piece,0x055E9085|0x3C9A5987
0x28BC5B0B,4,0,4,destruction-piece,ocoutpost_bld_hq|groutpost_bld_earthmover
0x28FAA04A,4,0,0,mesh-node,city_bld_skyscraper03|city_bld_segment32x32b
0x2936E89E,4,0,4,destruction-piece,groutpost_bld_cranemining|island_bld_bridge01
0x2A0C80DD,4,0,4,destruction-piece,ch_veh_boat_destroyer|oc_veh_boat_oiltanker
0x2AE418F5,4,0,4,destruction-piece,industrial_bld_warehouselarge02|estate_bld_mansion02
0x2B55F5D4,4,0,0,mesh-node,ch_veh_truck_sx2150_mlrs|ch_veh_truck_sx2150_semi
0x2C35C761,4,0,0,mesh-node,pmc_veh_truck_ext|pmc_veh_truck_cougar
0x2C6F0619,4,0,0,mesh-node,city_bld_corner32x32b|cumana_bld_corner32x32b
0x2C8F1D65,4,0,4,destruction-piece,vz_veh_helicopter_mi35hind|vz_veh_helicopter_mi35hind_solano
0x2D0FBD07,4,0,0,mesh-node,global_veh_stingray|vz_veh_tank_scorpion90
0x2D62C4ED,4,0,0,mesh-node,ch_veh_truck_sx2150_mlrs|ch_veh_truck_sx2150_semi
0x2DE35B2C,4,0,0,mesh-node,maracaibo_bld_skyscraper02|aloutpost_bld_command
0x305E446E,4,0,0,mesh-node,oc_veh_semi_fueltrailer|civ_veh_trailer_flatbed
0x30685974,4,0,4,destruction-piece,city_bld_skyscraper03|village_bld_plantation02
0x31A12CF9,4,0,4,destruction-piece,maracaibo_bld_skyscraper02|chinaoutpost_bld_prison
0x31EA0604,4,0,4,destruction-piece,mountain_bld_bunkerdestroyed|0x95BF0E21
0x325AB183,4,0,0,mesh-node,pmc_veh_truck_ext|pmc_veh_truck_cougar
0x36D4F017,4,0,4,destruction-piece,aloutpost_bld_storage|industrial_bld_silowide
0x36FE137C,4,0,4,destruction-piece,oilrig_bld_buildingb|oilrig_bld_buildingc
0x37258EC2,4,0,0,mesh-node,oc_veh_truck_ext|pmc_veh_truck_esv
0x395BA500,4,0,0,mesh-node,oc_veh_truck_ext|pmc_veh_truck_esv
0x39C6E139,4,0,0,mesh-node,vz_veh_tank_amx30_base|ch_veh_tank_plz45b
0x39D71817,4,0,0,mesh-node,pmc_veh_truck_ext|pmc_veh_truck_cougar
0x3A403D66,4,0,0,mesh-node,oc_veh_semi_fueltrailer|global_veh_scorpiondpv
0x3FEA62E8,4,0,4,destruction-piece,merida_bld_pmcautoshop|outskirt_bld_house03
0x400A64E8,4,0,4,destruction-piece,ch_veh_boat_destroyer|oc_veh_boat_oiltanker
0x402D31AD,4,0,0,mesh-node,global_veh_scorpiondpv|pmc_veh_car_offroad_buggy
0x41228361,4,0,4,destruction-piece,proutpost_bld_bunker|merida_bld_pmcautoshop
0x415C884E,4,0,0,mesh-node,aloutpost_interior_hq|0x804425B3
0x4191A8A7,4,0,0,mesh-node,oc_veh_semi_austin|0x1FBFBB4B
0x41DD9A1B,4,0,4,destruction-piece,merida_bld_pmcautoshop|0xA948DDA6
0x426C2895,4,0,0,mesh-node,vzoutpost_bld_garagebunker_pr|vzoutpost_bld_garagebunker
0x42736D5E,4,0,0,mesh-node,vzoutpost_bld_barracktent_pr|vzoutpost_bld_barracktent_gr
0x44D09430,4,0,0,mesh-node,0x1282963C|al_veh_truck_mtv_semi
0x45DBB5DE,4,0,0,mesh-node,mountain_bld_bunkerdestroyed|estate_bld_mansion02
0x464512B4,4,0,0,mesh-node,gr_veh_tank_m551sheridan|vz_veh_apc_m113_aa
0x4910D335,4,0,0,mesh-node,civ_veh_car_van_crappy|civ_veh_car_van_racing
0x495AAF18,4,0,0,mesh-node,civ_veh_boat_dinghy|civ_veh_boat_smallfishing
0x49FBBBC7,4,0,4,destruction-piece,0x493FD997|merida_bld_pmcautoshop
0x4AD228D1,4,0,4,destruction-piece,0x70D6FBD9|0xA0EAF095
0x4B395CBB,4,0,4,destruction-piece,groutpost_bld_cranemining|island_bld_bridge01
0x4B3DD9E9,4,0,4,destruction-piece,groutpost_bld_cranemining|island_bld_tower01
0x4B573702,4,0,4,destruction-piece,0x4B9C42F1|village_bld_cattleranch
0x4CCC239A,4,0,0,mesh-node,0x1282963C|al_veh_truck_mtv_semi
0x4D4E3074,4,0,4,destruction-piece,global_veh_scorpiondpv|pmc_veh_car_offroad_buggy
0x4DE03FA4,4,0,0,mesh-node,mountain_bld_bunkerdestroyed|estate_bld_mansion02
0x4DF1178A,4,0,4,destruction-piece,ch_veh_boat_destroyer|oc_veh_boat_oiltanker
0x4E6F5D5C,4,0,4,destruction-piece,0x055E9085|0x3C9A5987
0x4EB34DE8,4,0,0,mesh-node,port_containerd|port_containerb
0x4F520BC6,4,0,4,destruction-piece,global_veh_scorpiondpv|pmc_veh_car_offroad_buggy
0x4F686BA4,4,0,0,mesh-node,maracaibo_bld_skyscraper02|margarita_bld_condo01
0x50A22024,4,0,0,mesh-node,maracaibo_bld_skyscraper02|margarita_bld_condo01
0x51AA1E41,4,0,0,mesh-node,pmc_veh_truck_ext|pmc_veh_truck_cougar
0x523932F2,4,0,4,destruction-piece,vz_veh_helicopter_mi35hind|vz_veh_helicopter_mi35hind_solano
0x5285083A,4,0,0,mesh-node,city_bld_corner32x32b|cumana_bld_corner32x32b
0x52988958,4,0,4,destruction-piece,island_bld_bridge01|oilrig_bld_buildingb
0x52C32ADF,4,0,4,destruction-piece,0x70D6FBD9|0xA0EAF095
0x530D3CE5,4,0,4,destruction-piece,0x1D20E058|outskirt_bld_mercbar
0x5525456A,4,0,0,mesh-node,civ_veh_boat_saltonsea|pr_veh_boat_saltonsea
0x56279F72,4,0,0,mesh-node,gr_veh_motorcycle_offroad|global_veh_klr650
0x56B0F619,4,0,0,mesh-node,ch_veh_boat_destroyer|oc_veh_boat_oiltanker
0x56E69BE4,4,0,0,mesh-node,global_veh_rib36|vz_veh_boat_patrol
0x57903433,4,0,0,mesh-node,pmc_veh_truck_ext|pmc_veh_truck_cougar
0x580D3A4D,4,0,0,mesh-node,vz_veh_helicopter_mi35hind|vz_veh_helicopter_mi35hind_solano
0x585FE988,4,0,0,mesh-node,maracaibo_bld_skyscraper02|margarita_bld_condo01
0x5874FC2A,4,0,0,mesh-node,civ_veh_truck_thunder|pmc_veh_car_offroad_buggy
0x58BA9E52,4,0,0,mesh-node,jungle_env_bushlarge02|jungle_env_bushmedium02
0x5997CF6E,4,0,4,destruction-piece,city_bld_skyscraper03|village_bld_plantation02
0x5B30CFFE,4,0,4,destruction-piece,groutpost_bld_shacktall01|0x56451E9E
0x5BF879AB,4,0,0,mesh-node,oc_veh_helicopter_wz10|ch_veh_helicopter_wz10
0x5C42B183,4,0,0,mesh-node,oc_veh_semi_fueltrailer|global_veh_scorpiondpv
0x5C741059,4,0,0,mesh-node,civ_veh_car_van_crappy|civ_veh_semi_austin
0x5CC3A94F,4,0,4,destruction-piece,caracas_rampgovernmentmid|caracas_bld_skytrammain
0x5DFB713D,4,0,0,mesh-node,civ_veh_car_valiant_crappy|global_veh_68valiant
0x5E057167,4,0,0,mesh-node,pmc_veh_truck_ext|pmc_veh_truck_cougar
0x5E34D076,4,0,4,destruction-piece,island_bld_fortress01|shanty_bld_housegroup05
0x5F25EE1D,4,0,4,destruction-piece,proutpost_bld_hq|city_bld_apartment01
0x5F5EFA15,4,0,0,mesh-node,pmc_veh_truck_ext|pmc_veh_truck_cougar
0x5FC65AC5,4,0,0,mesh-node,pmc_veh_truck_ext|pmc_veh_truck_cougar
0x5FD96F42,4,0,4,destruction-piece,caracas_bld_skytrammain|caracas_rampgovernment02
0x63266BF3,4,0,4,destruction-piece,shanty_bld_housegroup04|industrial_bld_warehouse06
0x645D2184,4,0,4,destruction-piece,0x1D20E058|global_pile02
0x6469CDE8,4,0,0,mesh-node,jungle_env_treetall02|jungle_env_treemedium03
0x6475E17B,4,0,0,mesh-node,vzoutpost_bld_barracktent_pr|vzoutpost_bld_barracktent_gr
0x653AD620,4,0,0,mesh-node,global_weapon_c4water|global_weapon_beacon
0x6746EE96,4,0,0,mesh-node,civ_veh_boat_dinghy|civ_veh_boat_smallfishing
0x67E2A729,4,0,0,mesh-node,ocoutpost_bld_hq|estate_bld_mansion02
0x686EA703,4,0,4,destruction-piece,caracas_rampgovernmentmid|caracas_rampgovernment02
0x6A7EF980,4,0,0,mesh-node,oc_veh_semi_fueltrailer|civ_veh_trailer_flatbed
0x6B03226E,4,0,0,mesh-node,proutpost_bld_bunker|merida_bld_pmcautoshop
0x6BCB7C64,4,0,4,destruction-piece,ch_veh_boat_destroyer|oc_veh_boat_oiltanker
0x6E40D21B,4,0,0,mesh-node,maracaibo_bld_skyscraper02|chinaoutpost_bld_prison
0x6E66FFB6,4,0,4,destruction-piece,chinaoutpost_bld_prison|residential_bld_corner16x16d
0x6EE040C8,4,0,4,destruction-piece,island_bld_tower01|oilrig_bld_buildingb
0x6F909FA8,4,0,0,mesh-node,oc_veh_truck_ext|pmc_veh_truck_esv
0x70C11B82,4,0,4,destruction-piece,0x70D6FBD9|0xA0EAF095
0x7289B12E,4,0,4,destruction-piece,island_bld_bridge01|oilrig_bld_buildingc
0x7340A164,4,0,0,mesh-node,pmc_veh_motorcycle_mattias|civ_veh_motorcycle_scooter
0x73EB119A,4,0,4,destruction-piece,civ_veh_car_r90_limo|civ_veh_car_l300_normal
0x7523D228,4,0,4,destruction-piece,proutpost_bld_hq|groutpost_bld_shacktall02
0x75284F56,4,0,4,destruction-piece,shanty_bld_apartment01|proutpost_bld_hq
0x772C36B5,4,0,0,mesh-node,civ_veh_boat_saltonsea|pr_veh_boat_saltonsea
0x791DF465,4,0,0,mesh-node,0x4B9C42F1|0x7604B190
0x794993ED,4,0,0,mesh-node,global_lampposta|global_telephonebooth
0x7A1CA020,4,0,0,mesh-node,jungle_env_treesmall01|shanty_env_tree01
0x7AE04F5B,4,0,4,destruction-piece,vz_veh_helicopter_mi35hind|vz_veh_helicopter_mi35hind_solano
0x7BEE7F6F,4,0,0,mesh-node,ch_veh_tank_ztz63a|civ_veh_car_l300_racing
0x7C9B0A0D,4,0,4,destruction-piece,island_bld_bridge01|oilrig_bld_buildingb
0x7C9C0462,4,0,4,destruction-piece,village_bld_plantation03|village_bld_plantation02
0x7E1B85F6,4,0,0,mesh-node,industrial_bld_gasstationpump03|industrial_bld_gasstationpump02
0x7F12730F,4,0,0,mesh-node,jungle_env_treetall02|jungle_env_treemedium03
0x80B0F712,4,0,0,mesh-node,maracaibo_bld_skyscraper02|city_bld_skyscraper03
0x81585F80,4,0,4,destruction-piece,aloutpost_bld_storage|industrial_bld_silowide
0x84E061C9,4,0,4,destruction-piece,cumana_bld_hotelfourstar01|village_bld_farming01
0x850488F8,4,0,0,mesh-node,oc_veh_semi_austin|global_veh_phoenix
0x8542D8EA,4,0,4,destruction-piece,civ_veh_trailer_box|civ_veh_car_pony_normal
0x8558C219,4,0,0,mesh-node,ch_veh_truck_sx2150_mlrs|ch_veh_truck_sx2150_semi
0x85A7F6D2,4,0,4,destruction-piece,aloutpost_bld_hanger|caracas_bld_theater01
0x8788EECC,4,0,4,destruction-piece,vz_veh_helicopter_mi35hind|vz_veh_helicopter_mi35hind_solano
0x887D702E,4,0,0,mesh-node,global_veh_rib36|vz_veh_boat_patrol
0x8A693966,4,0,0,mesh-node,civ_veh_truck_thunder|pmc_veh_car_offroad_buggy
0x8BCBD214,4,0,0,mesh-node,civ_veh_car_van_crappy|civ_veh_semi_austin
0x8D37B82B,4,0,4,destruction-piece,city_bld_skyscraper02|caracas_bld_hospitalvargas
0x8D5D4BDF,4,0,0,mesh-node,ch_veh_truck_sx2150_mlrs|ch_veh_truck_sx2150_semi
0x8E09C804,4,0,4,destruction-piece,0x4B9C42F1|village_bld_cattleranch
0x8F2BAC2D,4,0,4,destruction-piece,island_bld_bridge01|oilrig_bld_buildingb
0x8F512A18,4,0,0,mesh-node,ch_veh_apc_zbd2000|ch_veh_tank_pgz95
0x8F724568,4,0,0,mesh-node,vz_veh_helicopter_mi35hind|vz_veh_helicopter_mi35hind_solano
0x9113A602,4,0,0,mesh-node,maracaibo_bld_skyscraper02|margarita_bld_condo01
0x91972A1E,4,0,0,mesh-node,margarita_bld_condo01|0x6871E4C5
0x93B7EF43,4,0,0,mesh-node,jungle_env_treesmall02|global_env_treetropical01
0x9461F7B7,4,0,0,mesh-node,pmc_veh_truck_ext|pmc_veh_truck_cougar
0x94B6B38B,4,0,0,mesh-node,pmc_veh_motorcycle_mattias|0x19E2962E
0x95771B02,4,0,4,destruction-piece,commercial_bld_firestation|oilrig_simple
0x95A1C89D,4,0,0,mesh-node,gr_veh_tank_m551sheridan|ch_veh_tank_ztz63a
0x95ADED30,4,0,0,mesh-node,aloutpost_bld_storage|industrial_bld_silowide
0x95C57452,4,0,0,mesh-node,vz_veh_helicopter_mi35hind|vz_veh_helicopter_mi35hind_solano
0x966F7957,4,0,0,mesh-node,pmc_veh_truck_ext|pmc_veh_truck_cougar
0x97D1DAE8,4,0,0,mesh-node,ch_veh_truck_sx2150_mlrs|ch_veh_truck_sx2150_semi
0x99867335,4,0,0,mesh-node,groutpost_bld_tentsmalltarp02|industrial_bld_silosmall
0x999CEED7,4,0,4,destruction-piece,proutpost_docka|caracas_bld_theater01
0x999E62C4,4,0,0,mesh-node,maracaibo_bld_skyscraper02|margarita_bld_condo01
0x99F11338,4,0,0,mesh-node,civ_veh_truck_ambulance|pmc_veh_truck_esv
0x9A5C7464,4,0,0,mesh-node,pmc_veh_plane_mig27|al_veh_plane_a10
0x9A96321B,4,0,4,destruction-piece,vz_veh_helicopter_mi35hind|vz_veh_helicopter_mi35hind_solano
0x9B07D991,4,0,4,destruction-piece,margarita_bld_condo01|0x6871E4C5
0x9B53AE52,4,0,4,destruction-piece,ocoutpost_bld_hq|groutpost_bld_earthmover
0x9DADAC49,4,0,0,mesh-node,oc_veh_truck_ext|pmc_veh_truck_esv
0x9DADF3FA,4,0,4,destruction-piece,chinaoutpost_bld_storage|cumana_bld_hotelfourstar01
0x9F1563EA,4,0,0,mesh-node,city_bld_corner32x32b|cumana_bld_corner32x32b
0xA00E55BA,4,0,0,mesh-node,industrial_bld_warehouselarge02|estate_bld_mansion02
0xA062A696,4,0,0,mesh-node,vz_veh_apc_m113_aa|vz_veh_apc_m113_50cal
0xA0646DCA,4,0,0,mesh-node,vzoutpost_bld_garagebunker_pr|vzoutpost_bld_garagebunker
0xA0AC27BF,4,0,0,mesh-node,island_bld_fortress01|estate_bld_mansion02
0xA0CAEA97,4,0,4,destruction-piece,island_bld_fortress01|shanty_bld_housegroup05
0xA1FD703C,4,0,4,destruction-piece,ch_veh_boat_destroyer|oc_veh_boat_oiltanker
0xA20070FB,4,0,0,mesh-node,0x7604B190|caracas_rampgovernment02
0xA278060A,4,0,0,mesh-node,pmc_veh_truck_ext|pmc_veh_truck_cougar
0xA3F9084B,4,0,0,mesh-node,commercial_bld_firestation|oilrig_simple
0xA4C220C6,4,0,0,mesh-node,0x1282963C|al_veh_truck_mtv_semi
0xA4DAE3F3,4,0,4,destruction-piece,margarita_bld_condo01|aloutpost_bld_command
0xA5EA2A23,4,0,4,destruction-piece,global_trafficlight01|commercial_bld_corner8x8a
0xA7947B9D,4,0,4,destruction-piece,caracas_rampgovernmentmid|caracas_rampgovernment02
0xA804F872,4,0,4,destruction-piece,ch_veh_boat_destroyer|oc_veh_boat_oiltanker
0xA83D5B0E,4,0,4,destruction-piece,island_bld_fortress01|estate_bld_mansion02
0xA863062E,4,0,4,destruction-piece,city_bld_skyscraper03|village_bld_plantation02
0xA992BCB8,4,0,0,mesh-node,vzoutpost_bld_garagebunker_pr|vzoutpost_bld_garagebunker
0xAB5B3C82,4,0,0,mesh-node,ch_veh_truck_sx2150_mlrs|ch_veh_truck_sx2150_semi
0xAD178F12,4,0,4,destruction-piece,caracas_bld_historical02|village_bld_plantation01
0xAD5F0852,4,0,4,destruction-piece,maracaibo_bld_skyscraper02|chinaoutpost_bld_prison
0xADCA1748,4,0,0,mesh-node,vz_veh_helicopter_mi35hind|vz_veh_helicopter_mi35hind_solano
0xAED379A5,4,0,0,mesh-node,0x1282963C|al_veh_truck_mtv_semi
0xAF814A7D,4,0,4,destruction-piece,cumana_bld_fortress01|estate_bld_mansion04
0xAFD6E661,4,0,0,mesh-node,vz_veh_helicopter_mi35hind|vz_veh_helicopter_mi35hind_solano
0xAFDE68CC,4,0,0,mesh-node,margarita_bld_club01|city_bld_corner32x32d
0xB140B912,4,0,4,destruction-piece,groutpost_bld_cranemining|island_bld_tower01
0xB3244EF1,4,0,0,mesh-node,city_bld_apartment01|margarita_bld_hotelresort01
0xB39CCD32,4,0,4,destruction-piece,0x7604B190|caracas_rampgovernment02
0xB432D74B,4,0,4,destruction-piece,jungle_bld_ruinshotelfront|mountain_blastdoors
0xB441611B,4,0,4,destruction-piece,shanty_bld_housegroup04|industrial_bld_warehouse06
0xB487E117,4,0,0,mesh-node,city_bld_corner32x32b|cumana_bld_corner32x32b
0xB48C5E45,4,0,0,mesh-node,city_bld_corner32x32b|cumana_bld_corner32x32b
0xB4989ADF,4,0,0,mesh-node,ch_veh_truck_sx2150_mlrs|ch_veh_truck_sx2150_semi
0xB61BEC88,4,0,4,destruction-piece,industrial_bld_warehousesmall02|cumana_bld_hotelfourstar01
0xB6288E31,4,0,0,mesh-node,pmc_veh_truck_ext|pmc_veh_truck_cougar
0xB6E7F788,4,0,4,destruction-piece,commercial_bld_firestation|shanty_bld_housegroup04
0xB719183D,4,0,0,mesh-node,margarita_bld_condo01|city_bld_corner32x32a
0xB7814794,4,0,4,destruction-piece,proutpost_docka|caracas_bld_theater01
0xB7C7E86F,4,0,0,mesh-node,vz_veh_helicopter_mi35hind|vz_veh_helicopter_mi35hind_solano
0xB7CC6B9D,4,0,0,mesh-node,global_veh_phoenix|civ_veh_car_phoenix_crappy
0xB9A869BA,4,0,0,mesh-node,pmc_veh_truck_ext|pmc_veh_truck_cougar
0xB9D1AE2B,4,0,4,destruction-piece,caracas_bld_skytrammain|caracas_rampgovernment02
0xBB0CA4DE,4,0,0,mesh-node,ch_veh_boat_destroyer|oc_veh_boat_oiltanker
0xBB8FC4E4,4,0,0,mesh-node,0x4B9C42F1|0x7604B190
0xBBA5540F,4,0,0,mesh-node,maracaibo_bld_skyscraper02|margarita_bld_condo01
0xBDEEF35A,4,0,4,destruction-piece,0x09139BCD|0x0D0B8CF5
0xBEB1A2FB,4,0,0,mesh-node,pmc_veh_truck_ext|pmc_veh_truck_cougar
0xBEC8C46E,4,0,0,mesh-node,vz_veh_tank_amx30_base|ch_veh_tank_plz45b
0xBFF31054,4,0,4,destruction-piece,0x09139BCD|0x45CC35FE
0xC070687F,4,0,4,destruction-piece,0x09139BCD|0x0D0B8CF5
0xC24590AC,4,0,0,mesh-node,oc_veh_semi_fueltrailer|global_veh_scorpiondpv
0xC29D93F7,4,0,4,destruction-piece,caracas_bld_historical02|caracas_bld_parquecentral03
0xC34565B9,4,0,0,mesh-node,0x389678CF|aloutpost_bld_storage
0xC3B2067B,4,0,4,destruction-piece,caracas_bld_theater01|0x70D6FBD9
0xC3F393ED,4,0,0,mesh-node,civ_veh_truck_ambulance|pmc_veh_truck_esv
0xC53FFAF1,4,0,0,mesh-node,jungle_env_treetall02|jungle_env_treemedium03
0xC5DB6826,4,0,4,destruction-piece,jungle_bld_ruinshotelfront|0x8B69284B
0xC60AD5A4,4,0,0,mesh-node,civ_veh_motorcycle_scooter|pmc_veh_motorcycle_tankbike
0xC66A0A16,4,0,4,destruction-piece,0x055E9085|0x3C9A5987
0xC6C494E3,4,0,0,mesh-node,0x1282963C|al_veh_truck_mtv_semi
0xC6E7C98D,4,0,0,mesh-node,pmc_veh_truck_ext|pmc_veh_truck_cougar
0xC7E07C03,4,0,0,mesh-node,maracaibo_bld_skyscraper02|aloutpost_bld_command
0xC8180C91,4,0,0,mesh-node,0x4B9C42F1|village_bld_cattleranch
0xC8F6E1DD,4,0,0,mesh-node,pr_veh_boat_cutter|pr_veh_boat_saltonsea
0xC9368C1E,4,0,0,mesh-node,maracaibo_park|vz_veh_helicopter_mi35hind
0xC9591E60,4,0,0,mesh-node,maracaibo_park|vz_veh_helicopter_mi35hind
0xC9C81CF9,4,0,4,destruction-piece,groutpost_bld_shackcave04|caracas_skytramcolumn
0xCA076C8F,4,0,4,destruction-piece,ch_veh_boat_destroyer|oc_veh_boat_oiltanker
0xCA7B1213,4,0,4,destruction-piece,0x7CB86FC9|0xBC65582A
0xCB025B15,4,0,0,mesh-node,city_bld_skyscraper03|city_bld_segment32x32b
0xCC7D7983,4,0,0,mesh-node,city_bld_corner32x32b|cumana_bld_corner32x32b
0xCCC43E1E,4,0,0,mesh-node,ch_veh_apc_zbd2000|ch_veh_apc_wz551
0xCDBF69A9,4,0,4,destruction-piece,cumana_bld_fortress01|city_bld_storefrontcornerf
0xCF57631E,4,0,4,destruction-piece,city_bld_skyscraper03|village_bld_plantation02
0xCF76AFDD,4,0,4,destruction-piece,industrial_bld_gasstationpump03|village_bld_plantation03
0xD064BD5F,4,0,4,destruction-piece,caracas_rampgovernmentmid|caracas_rampgovernment02
0xD13B15E4,4,0,0,mesh-node,maracaibo_park|vz_veh_helicopter_mi35hind
0xD3432D2F,4,0,4,destruction-piece,groutpost_bld_cranemining|island_bld_tower01
0xD386A4AB,4,0,4,destruction-piece,residential_bld_corner16x16a|outskirt_bld_mercbar
0xD48C8A0B,4,0,4,destruction-piece,island_bld_bridge01|oilrig_bld_buildingb
0xD4C8C7E4,4,0,0,mesh-node,ch_veh_apc_zbd2000|ch_veh_apc_wz551
0xD58DAF3B,4,0,0,mesh-node,0x4B9C42F1|0x7604B190
0xD5922C69,4,0,0,mesh-node,0x4B9C42F1|0x7604B190
0xD5E36FC3,4,0,0,mesh-node,estate_bld_mansion02|0x6871E4C5
0xD6D65724,4,0,4,destruction-piece,oilrig_bld_buildingb|oilrig_bld_buildingc
0xD777BBE3,4,0,0,mesh-node,pmc_veh_truck_ext|pmc_veh_truck_cougar
0xD816C328,4,0,0,mesh-node,0x1282963C|al_veh_truck_mtv_semi
0xD8B0558F,4,0,0,mesh-node,port_containerd|port_containerb
0xD8B06174,4,0,0,mesh-node,pmc_hum_jen|pmc_hum_mattias_v3
0xD8E3263D,4,0,4,destruction-piece,oilrig_bld_buildingb|oilrig_bld_buildingc
0xD973B75D,4,0,0,mesh-node,pmc_veh_truck_ext|pmc_veh_truck_cougar
0xDC1CADC2,4,0,0,mesh-node,0x07B982D6|0x71DC712E
0xDCFFE913,4,0,4,destruction-piece,0x70D6FBD9|0xA0EAF095
0xDD139629,4,0,0,mesh-node,ch_veh_boat_destroyer|oc_veh_boat_oiltanker
0xDF23CBC3,4,0,0,mesh-node,civ_veh_trailer_box|civ_veh_car_pony_normal
0xDFD42894,4,0,4,destruction-piece,caracas_bld_skytrammain|caracas_rampgovernment02
0xE0B0149F,4,0,4,destruction-piece,chinaoutpost_bld_storage|cumana_bld_corner16x16d
0xE140C51A,4,0,4,destruction-piece,oc_veh_truck_ext|pmc_veh_truck_esv
0xE3362344,4,0,4,destruction-piece,caracas_skytramcolumn|0x56451E9E
0xE37C5A25,4,0,4,destruction-piece,maracaibo_bld_skyscraper02|chinaoutpost_bld_prison
0xE4318013,4,0,0,mesh-node,mountain_bld_bunkerdestroyed|0x95BF0E21
0xE8A3D6E8,4,0,0,mesh-node,pmc_veh_truck_ext|pmc_veh_truck_cougar
0xE8AD15FF,4,0,0,mesh-node,0x1282963C|al_veh_truck_mtv_semi
0xE8C3586A,4,0,0,mesh-node,maracaibo_bld_skyscraper02|chinaoutpost_bld_prison
0xE9A9DF74,4,0,4,destruction-piece,proutpost_bld_hq|city_bld_apartment01
0xEA670D2B,4,0,0,mesh-node,oc_veh_truck_ext|pmc_veh_truck_esv
0xEB39003B,4,0,0,mesh-node,maracaibo_park|vz_veh_helicopter_mi35hind
0xEB3D7D69,4,0,0,mesh-node,maracaibo_park|vz_veh_helicopter_mi35hind
0xEC0F76AB,4,0,0,mesh-node,gr_veh_motorcycle_offroad|global_veh_klr650
0xEE62AE02,4,0,4,destruction-piece,caracas_rampgovernmentmid|caracas_rampgovernment02
0xEEC6B23B,4,0,0,mesh-node,ch_veh_apc_zbd2000|ch_veh_apc_wz551
0xEECBD9B7,4,0,0,mesh-node,0x1282963C|al_veh_truck_mtv_semi
0xEF773806,4,0,0,mesh-node,maracaibo_bld_skyscraper02|city_bld_apartment01
0xF0EF1FB9,4,0,0,mesh-node,jungle_env_treetall02|jungle_env_treetall03
0xF12DD399,4,0,0,mesh-node,0x3177639B|al_veh_airstrike_b2
0xF183AE27,4,0,0,mesh-node,maracaibo_bld_skyscraper02|margarita_bld_condo01
0xF4D65364,4,0,4,destruction-piece,oc_veh_truck_ext|pmc_veh_truck_esv
0xF5B268E4,4,0,4,destruction-piece,cumana_bld_hotelfourstar01|commercial_bld_segment8x8d
0xF6CFBD3A,4,0,4,destruction-piece,mountain_bld_bunkerdestroyed|0x95BF0E21
0xFA205A3E,4,0,0,mesh-node,oc_veh_truck_ext|pmc_veh_truck_esv
0xFA6CBA4E,4,0,0,mesh-node,civ_veh_car_van_crappy|civ_veh_semi_austin
0xFA8F0474,4,0,4,destruction-piece,island_bld_bridge01|oilrig_bld_buildingc
0xFAFDD9B6,4,0,4,destruction-piece,0x70D6FBD9|0xA0EAF095
0xFDF49CB0,4,0,0,mesh-node,oc_veh_truck_ext|pmc_veh_car_panhard
0xFE3B67FA,4,0,0,mesh-node,oilrig_att_towerdrillpipesb|chinaoutpost_bld_tent01
0xFECC5319,4,0,4,destruction-piece,aloutpost_bld_prison|aloutpost_bld_hanger
0xFF20D9CF,4,0,4,destruction-piece,proutpost_bld_hq|groutpost_bld_shacktall02
0xFFB0D2A5,4,0,0,mesh-node,aloutpost_bld_storage|industrial_bld_silowide
0x9EC352CF,3,6,0,mesh-node,al_hum_starter01|oc_hum_boss
0x04ADBBB8,3,2,0,mesh-node,aloutpost_interior_hq|0x804425B3
0x00C76938,3,0,0,mesh-node,vz_veh_tank_amx30_base|vz_veh_tank_amx30_aa
0x00CBE666,3,0,0,mesh-node,vz_veh_tank_amx30_base|vz_veh_tank_amx30_aa
0x00DA4E94,3,0,3,destruction-piece,village_bld_plantation03|global_pile03
0x020CEE4C,3,0,0,mesh-node,0x4B9C42F1|0xD7FCFD11
0x02112E97,3,0,0,mesh-node,estate_bld_mansion02|aloutpost_bld_supplydepot
0x0217660A,3,0,0,mesh-node,shanty_env_tree01|jungle_env_treemedium03
0x028611F4,3,0,3,destruction-piece,aloutpost_bld_hanger|merida_bld_soccerstadium
0x03157B3D,3,0,0,mesh-node,ch_veh_boat_destroyer|gr_veh_boat_cigarette
0x031A4590,3,0,0,mesh-node,gr_veh_boat_turbosquid|global_veh_turbosquid
0x0337A96D,3,0,0,mesh-node,gr_veh_truck_m35_guntruck_50cal|vz_veh_truck_m35_guntruck_50cal
0x03B6D70A,3,0,3,destruction-piece,village_bld_plantation03|jungle_bld_ruinshotelfront
0x05E4A402,3,0,0,mesh-node,global_veh_rtr|0x9C3D4104
0x05FD1F0B,3,0,0,mesh-node,civ_veh_car_phoenix_crappy|al_veh_tank_m2a3
0x06920A95,3,0,0,mesh-node,0x71DC712E|global_veh_uh1huey
0x07501210,3,0,3,destruction-piece,pmc_veh_truck_cougar|pmc_veh_truck_monster_ridgeline
0x07D4EC10,3,0,3,destruction-piece,0x7CB86FC9|0xB0A0930E
0x09C82343,3,0,3,destruction-piece,0x7CB86FC9|0xB0A0930E
0x0A20092A,3,0,0,mesh-node,caracas_bld_parquecentral03|city_bld_skyscraper02
0x0AA551AB,3,0,0,mesh-node,civ_veh_truck_thunder|pmc_veh_car_offroad_buggy
0x0B18983A,3,0,0,mesh-node,0x1D5D24CE|0x4B9C42F1
0x0B26991D,3,0,0,mesh-node,0xAEE44824|industrial_pipeground01
0x0B7460D1,3,0,3,destruction-piece,0x45CC35FE|0x4D4F42B5
0x0B8F3A84,3,0,3,destruction-piece,0x949187D0|0xBCBA07EE
0x0D2423C2,3,0,3,destruction-piece,island_bld_bridge01|oilrig_bld_buildingc
0x0D9EBAE5,3,0,0,mesh-node,global_veh_scorpiondpv|pmc_veh_car_offroad_buggy
0x0DEBE27A,3,0,0,mesh-node,jungle_env_treetall02|jungle_env_treetall03
0x0E0E97AD,3,0,0,mesh-node,civ_veh_car_van_crappy|global_veh_van
0x0E640A42,3,0,0,mesh-node,jungle_env_treemedium01|jungle_env_smallcanopy02
0x0F01909F,3,0,0,mesh-node,global_veh_phoenix|civ_veh_car_van_racing
0x0FBDA1DF,3,0,0,mesh-node,aloutpost_bld_guardtowertall|aloutpost_bld_guardtowershort
0x1046F001,3,0,3,destruction-piece,0x45C7E99D|global_env_hedgelong
0x1177AAD5,3,0,0,mesh-node,global_env_treeplaza02|global_env_treespade
0x11BB90E7,3,0,3,destruction-piece,shanty_bld_housegroup05|industrial_bld_warehouselarge02
0x11E04980,3,0,0,mesh-node,gr_veh_truck_m35_guntruck_50cal|vz_veh_truck_m35_guntruck_50cal
0x124E8964,3,0,3,destruction-piece,civ_veh_truck_thunder|0x19676216
0x13E74771,3,0,0,mesh-node,shanty_bld_housegroup04|industrial_bld_warehouse02
0x1413B8BC,3,0,3,destruction-piece,vz_veh_helicopter_alouetteiii|oc_veh_helicopter_md500
0x142C6222,3,0,3,destruction-piece,al_veh_truck_hmmwv_armored|al_veh_truck_hmmwv_avenger
0x14D8BF2E,3,0,0,mesh-node,city_bld_apartment01|city_bld_apartment02
0x150340A6,3,0,0,mesh-node,civ_veh_truck_thunder|pmc_veh_car_offroad_buggy
0x15080D4E,3,0,0,mesh-node,pmc_veh_plane_mig27|al_veh_plane_a10
0x151CE323,3,0,3,destruction-piece,commercial_bld_supermarket|airport_bld_terminal01
0x15369543,3,0,0,mesh-node,chinaoutpost_bld_storage|industrial_bld_warehouse03
0x15468E96,3,0,0,mesh-node,civ_veh_truck_garbage|pmc_veh_car_panhard
0x15735823,3,0,3,destruction-piece,city_bld_skyscraper03|chinaoutpost_bld_commbunker01
0x15CCD744,3,0,0,mesh-node,city_bld_apartment01|city_bld_apartment02
0x16EE350D,3,0,0,mesh-node,village_bld_plantation03|merida_bld_universityadmin
0x1755073A,3,0,0,mesh-node,0x1D20E058|outskirt_bld_mercbar
0x17755A46,3,0,3,destruction-piece,shanty_bld_housegroup04|aloutpost_bld_supplydepot
0x17AFCD2D,3,0,3,destruction-piece,aloutpost_bld_hanger|outpost_bld_govtbld
0x18A3628E,3,0,3,destruction-piece,0x38381266|shanty_bld_housegroup04
0x192FCBB1,3,0,0,mesh-node,civ_veh_car_van_crappy|global_veh_van
0x193BB9F4,3,0,0,mesh-node,outpost_bld_warehouse01|industrial_bld_warehouse06
0x1975E6E5,3,0,0,mesh-node,maracaibo_bld_skyscraper02|margarita_bld_condo01
0x1A0F9B7F,3,0,3,destruction-piece,caracas_bld_parquecentral03|margarita_bld_condo01
0x1A8CEAD9,3,0,0,mesh-node,pmc_hum_jen|pmc_hum_mattias_v3
0x1AD0C898,3,0,0,mesh-node,vz_veh_helicopter_mi35hind|vz_veh_helicopter_mi35hind_solano
0x1AE136F6,3,0,0,mesh-node,aloutpost_bld_guardtowertall|aloutpost_bld_guardtowershort
0x1B0664D4,3,0,0,mesh-node,jungle_env_treetall02|jungle_env_treetall03
0x1C381D6A,3,0,3,destruction-piece,chinaoutpost_bld_storage|industrial_bld_warehouse03
0x1C5196EC,3,0,3,destruction-piece,pmc_veh_truck_cougar|pmc_veh_truck_monster_ridgeline
0x1CC122F7,3,0,0,mesh-node,aloutpost_bld_guardtowertall|aloutpost_bld_guardtowershort
0x1D9747F7,3,0,0,mesh-node,oc_veh_semi_fueltrailer|0x19E2962E
0x1DA14106,3,0,0,mesh-node,oc_veh_truck_ext|civ_veh_car_l300_normal
0x1EEA180D,3,0,0,mesh-node,city_bld_apartment01|city_bld_apartment02
0x1F07387E,3,0,0,mesh-node,civ_veh_car_r90_limo|civ_veh_car_r90_taxi
0x1F19662D,3,0,0,mesh-node,pmc_veh_plane_mig27|al_veh_plane_a10
0x1F5CA963,3,0,0,mesh-node,gr_veh_motorcycle_offroad|global_veh_klr650
0x1FDB25FE,3,0,3,destruction-piece,merida_bld_pmcautoshop|outskirt_bld_house03
0x200F8FF1,3,0,0,mesh-node,civ_veh_car_phoenix_crappy|al_veh_tank_m2a3
0x20B5E759,3,0,0,mesh-node,city_bld_apartment01|city_bld_apartment02
0x21B5682E,3,0,0,mesh-node,global_env_bushlarge02|jungle_env_plantlarge04
0x226F4C13,3,0,0,mesh-node,0xA7A6799D|0xB5529F38
0x22CE5A83,3,0,0,mesh-node,vz_veh_tank_amx30_base|vz_veh_tank_amx30_aa
0x233D4E7D,3,0,0,mesh-node,oc_veh_truck_ext|pmc_veh_car_panhard
0x235E97AB,3,0,0,mesh-node,aloutpost_interior_hq|dlc_outskirt_interior_hq
0x236C8D3F,3,0,3,destruction-piece,oilrig_bld_buildingc|industrial_bld_warehouselarge01
0x2458F819,3,0,3,destruction-piece,0x56451E9E|maracaibo_wall20m
0x24A0F154,3,0,0,mesh-node,industrial_bld_warehouselarge02|industrial_bld_warehouse03
0x24D041CD,3,0,0,mesh-node,aloutpost_bld_guardtowertall|aloutpost_bld_guardtowershort
0x251B4D17,3,0,0,mesh-node,estate_bld_mansion03|outpost_bld_govtbld
0x25AEC831,3,0,0,mesh-node,civ_veh_boat_swamp|civ_veh_boat_cigarette
0x25B94B27,3,0,3,destruction-piece,village_bld_plantation03|jungle_bld_ruinshotelfront
0x2703E138,3,0,0,mesh-node,global_watertowera|global_watertowerb
0x27822391,3,0,3,destruction-piece,oilrig_bld_buildingc|industrial_bld_warehouselarge01
0x27F947AA,3,0,3,destruction-piece,0x493FD997|merida_bld_pmcautoshop
0x28A6A315,3,0,0,mesh-node,aloutpost_bld_guardtowertall|aloutpost_bld_guardtowershort
0x2904833B,3,0,0,mesh-node,global_veh_scorpiondpv|pmc_veh_car_offroad_buggy
0x29A567C3,3,0,0,mesh-node,0x3177639B|0xADE3CED6
0x29B962D2,3,0,3,destruction-piece,caracas_bld_theater01|0x70D6FBD9
0x2AC9E9ED,3,0,0,mesh-node,vz_veh_tank_amx30_base|vz_veh_tank_amx30_aa
0x2B80B63E,3,0,0,mesh-node,gr_veh_boat_turbosquid|global_veh_turbosquid
0x2C227D47,3,0,0,mesh-node,caracas_bld_parquecentral03|city_bld_skyscraper02
0x2C64D7E9,3,0,3,destruction-piece,oilrig_bld_buildingb|oilrig_bld_buildinga
0x2CE8837B,3,0,0,mesh-node,aloutpost_bld_guardtowertall|aloutpost_bld_guardtowershort
0x2CFF8142,3,0,0,mesh-node,global_veh_phoenix|civ_veh_car_van_racing
0x2D2D1AB2,3,0,3,destruction-piece,groutpost_bld_earthmover|village_bld_farmhouse
0x2D429E70,3,0,0,mesh-node,global_env_treetropical01|global_env_treesidewalk01
0x2D962BCF,3,0,3,destruction-piece,0x949187D0|0xBCBA07EE
0x2DDFF4B5,3,0,0,mesh-node,0x71DC712E|global_veh_uh1huey
0x2DFFD60E,3,0,0,mesh-node,0x45C7E99D|global_env_hedgelong
0x2ED024E1,3,0,3,destruction-piece,aloutpost_bld_storage|industrial_bld_silowide
0x2F1F177D,3,0,3,destruction-piece,caracas_bld_historical02|caracas_bld_historical05
0x30189BF2,3,0,0,mesh-node,caracas_bld_hospitalvargas|city_bld_segment16x32a
0x308C2112,3,0,3,destruction-piece,pmc_veh_truck_cougar|pmc_veh_truck_monster_ridgeline
0x311CA307,3,0,3,destruction-piece,oilrig_bld_buildingb|oilrig_bld_buildinga
0x31A075B8,3,0,0,mesh-node,civ_veh_motorcycle_scooter|pmc_veh_motorcycle_devastator
0x324C7273,3,0,3,destruction-piece,0x1066F684|0x60497640
0x3286F76F,3,0,3,destruction-piece,maracaibo_bld_skyscraper02|chinaoutpost_bld_prison
0x32C38430,3,0,0,mesh-node,aloutpost_bld_guardtowertall|aloutpost_bld_guardtowershort
0x32EE393E,3,0,3,destruction-piece,cumana_bld_fortress01|0x7604B190
0x333E611C,3,0,3,destruction-piece,oilrig_simple|maracaibo_bld_stagerepublica
0x3348417D,3,0,3,destruction-piece,groutpost_bld_cranemining|island_bld_tower01
0x34AC3DD2,3,0,0,mesh-node,global_veh_scorpiondpv|pmc_veh_car_offroad_buggy
0x34E257CC,3,0,0,mesh-node,global_veh_scorpiondpv|pmc_veh_car_offroad_buggy
0x3514EA7A,3,0,0,mesh-node,civ_veh_car_r90_limo|civ_veh_car_r90_taxi
0x35F269E7,3,0,0,mesh-node,pmc_veh_car_w12_z12_racer|ch_veh_tank_pgz95_command
0x3640D98B,3,0,0,mesh-node,industrial_bld_gasstationpump02|industrial_bld_gasstationpump01
0x36967CCA,3,0,0,mesh-node,0x71DC712E|global_veh_uh1huey
0x3705B4C3,3,0,0,mesh-node,civ_veh_truck_thunder|pmc_veh_car_offroad_buggy
0x379A15FA,3,0,3,destruction-piece,caracas_bld_theater01|caracas_bld_skytrammain
0x37FFD72A,3,0,0,mesh-node,global_env_treeplaza03|global_env_tree01
0x3846E1A4,3,0,0,mesh-node,city_bld_segment16x16b|merida_bld_universitydorm
0x38732FFF,3,0,3,destruction-piece,caracas_bld_parquecentral03|margarita_bld_condo01
0x3927FA28,3,0,0,mesh-node,vz_veh_truck_m35|gr_veh_truck_m35_guntruck_50cal
0x39D6F4D9,3,0,3,destruction-piece,caracas_bld_skytrammain|caracas_rampgovernment02
0x3B47C3E2,3,0,0,mesh-node,aloutpost_bld_hanger|outpost_bld_govtbld
0x3B728564,3,0,0,mesh-node,gr_veh_truck_m151_50cal|vz_veh_truck_m151_50cal
0x3B929E2B,3,0,0,mesh-node,global_env_bushlarge02|jungle_env_plantmed01
0x3B95389A,3,0,0,mesh-node,oc_veh_semi_fueltrailer|0x19E2962E
0x3BEB925D,3,0,3,destruction-piece,vz_veh_tank_amx30_base|gr_veh_tank_m551sheridan
0x3C3CA7BF,3,0,3,destruction-piece,industrial_bld_refinery06|jungle_bld_ruinshotelfront
0x3C44667E,3,0,0,mesh-node,civ_veh_truck_thunder|pmc_veh_car_offroad_buggy
0x3C685908,3,0,0,mesh-node,oilrig_bld_buildingc|industrial_bld_warehouselarge01
0x3C9C7C89,3,0,0,mesh-node,pmc_veh_car_camo_veyron|al_veh_truck_hmmwv_avenger
0x3EA94EE2,3,0,0,mesh-node,estate_bld_mansion02|village_bld_plantation02
0x3EF833EB,3,0,3,destruction-piece,aloutpost_bld_hanger|merida_bld_soccerstadium
0x3FB5A57B,3,0,0,mesh-node,civ_veh_boat_saltonsea|pr_veh_boat_cutter
0x402AE95F,3,0,0,mesh-node,0x71DC712E|global_veh_uh1huey
0x406D3CB6,3,0,0,mesh-node,0xA7A6799D|0xB5529F38
0x42043D41,3,0,0,mesh-node,global_veh_scorpiondpv|pmc_veh_car_offroad_buggy
0x4242A598,3,0,3,destruction-piece,estate_bld_mansion02|village_bld_plantation02
0x43387286,3,0,0,mesh-node,jungle_env_treetall02|jungle_env_treetall03
0x433C25CE,3,0,0,mesh-node,global_veh_scorpiondpv|pmc_veh_car_offroad_buggy
0x43A6FCC5,3,0,0,mesh-node,0x13709C60|vz_veh_towed_zu23aa
0x440C24B3,3,0,0,mesh-node,vz_veh_tank_amx30_base|vz_veh_tank_amx30_aa
0x44D3494D,3,0,0,mesh-node,vz_veh_helicopter_mi35hind|vz_veh_helicopter_mi35hind_solano
0x45590A05,3,0,0,mesh-node,pmc_veh_plane_mig27|al_veh_plane_a10
0x459EAE5B,3,0,0,mesh-node,0x3177639B|0xADE3CED6
0x479D9E62,3,0,0,mesh-node,ch_veh_tank_ztz63a|al_veh_tank_m1a2
0x47DBD52E,3,0,3,destruction-piece,0x38381266|shanty_bld_housegroup04
0x4898E777,3,0,0,mesh-node,0x6B432F1C|0xBEC05BF8
0x48C93F01,3,0,0,mesh-node,aloutpost_bld_hanger|merida_bld_soccerstadium
0x48D84332,3,0,0,mesh-node,ch_veh_apc_zbd2000|ch_veh_apc_wz551
0x4A8A1A20,3,0,3,destruction-piece,village_bld_plantation03|caracas_rampgovernment02
0x4AA8633E,3,0,0,mesh-node,0x23AC7DAC|0x36550AFF
0x4ADD7A83,3,0,0,mesh-node,vz_veh_helicopter_alouetteiii|pr_veh_helicopter_alouetteiii
0x4AE9F92B,3,0,0,mesh-node,pmc_veh_truck_cougar|pmc_veh_truck_monster_rtr
0x4AFD1467,3,0,0,mesh-node,city_bld_skyscraper03|city_bld_skyscraper02
0x4B5639EC,3,0,0,mesh-node,vz_veh_helicopter_mi35hind|vz_veh_helicopter_alouetteiii
0x4D8C5187,3,0,3,destruction-piece,0x055E9085|0x3C9A5987
0x4E602BCB,3,0,0,mesh-node,global_veh_68valiant|pmc_veh_car_vanquish
0x4EC709DC,3,0,0,mesh-node,aloutpost_bld_hanger|merida_bld_soccerstadium
0x51895F78,3,0,3,destruction-piece,outskirt_bld_house03|proutpost_bld_surveillance
0x51924120,3,0,0,mesh-node,civ_veh_car_r90_limo|civ_veh_car_r90_taxi
0x51AAC579,3,0,0,mesh-node,vzoutpost_bld_garagebunker_pr|vzoutpost_bld_garagebunker
0x522FFE6E,3,0,3,destruction-piece,jungle_bld_ruinshotelfront|mountain_blastdoors
0x534B93CE,3,0,3,destruction-piece,0x493FD997|merida_bld_pmcautoshop
0x537B6E26,3,0,0,mesh-node,city_bld_apartment01|city_bld_apartment02
0x54C49199,3,0,3,destruction-piece,city_bld_skyscraper03|shanty_bld_housegroup04
0x552C7D1F,3,0,3,destruction-piece,village_bld_plantation02|outpost_bld_plantation02
0x558A7A33,3,0,0,mesh-node,oilrig_bld_buildingb|oilrig_bld_buildinga
0x56587483,3,0,0,mesh-node,vz_veh_helicopter_alouetteiii|pr_veh_helicopter_alouetteiii
0x5672849D,3,0,0,mesh-node,maracaibo_bld_skyscraper02|margarita_bld_condo01
0x56DB9DD2,3,0,3,destruction-piece,oilrig_bld_buildingb|oilrig_bld_buildingc
0x57621FC1,3,0,3,destruction-piece,0x70D6FBD9|outskirt_bld_mercbar
0x578FB271,3,0,0,mesh-node,oc_veh_semi_fueltrailer|global_veh_scorpiondpv
0x582732D8,3,0,0,mesh-node,industrial_bld_warehouse05|outpost_bld_warehouse01
0x58911E4A,3,0,0,mesh-node,city_bld_segment32x32d|city_bld_skyscraper01
0x58D4F718,3,0,3,destruction-piece,outpost_bld_warehouse01|merida_bld_universitydorm
0x59067DB0,3,0,0,mesh-node,aloutpost_bld_guardtowertall|aloutpost_bld_guardtowershort
0x597325B5,3,0,0,mesh-node,pmc_veh_truck_cougar|pmc_veh_truck_monster_ridgeline
0x5A27F8A0,3,0,0,mesh-node,oc_veh_helicopter_wz10|ch_veh_helicopter_wz10
0x5A31AFEB,3,0,0,mesh-node,al_veh_truck_hmmwv_armored|al_veh_truck_hmmwv_avenger
0x5B191CA2,3,0,3,destruction-piece,margarita_bld_condo01|city_bld_skyscraper02
0x5B1B1848,3,0,0,mesh-node,oc_veh_boat_oiltanker|civ_veh_boat_cargoship
0x5B501D94,3,0,3,destruction-piece,0x493FD997|merida_bld_pmcautoshop
0x5D5FEA9C,3,0,3,destruction-piece,0x70D6FBD9|outskirt_bld_mercbar
0x5DE9ABB8,3,0,0,mesh-node,global_veh_rtr|0x9C3D4104
0x5DF355F5,3,0,0,mesh-node,jungle_env_smallcanopy02|global_env_treeplaza01
0x5E46DA9B,3,0,0,mesh-node,civ_veh_truck_thunder|pmc_veh_car_offroad_buggy
0x5EBA013E,3,0,0,mesh-node,industrial_bld_warehouselarge02|city_bld_skyscraper03
0x61C51759,3,0,0,mesh-node,global_veh_scorpiondpv|pmc_veh_car_offroad_buggy
0x633C9456,3,0,0,mesh-node,global_firehydrantyellow01|global_firehydrantred02
0x6410D441,3,0,0,mesh-node,vz_veh_tank_amx30_base|vz_veh_tank_amx30_aa
0x64199A8C,3,0,0,mesh-node,pr_veh_boat_cutter|pr_veh_boat_saltonsea
0x6474D3BA,3,0,3,destruction-piece,caracas_bld_parquecentral03|caracas_bld_capitol
0x64DF59A7,3,0,3,destruction-piece,0x73033C9F|groutpost_bld_trailerhut01
0x65292B78,3,0,3,destruction-piece,island_bld_bridge01|oilrig_bld_buildingc
0x65AE39EA,3,0,0,mesh-node,0x3397DE30|al_veh_helicopter_ah1z
0x65E1DFA6,3,0,0,mesh-node,jungle_env_treetall02|jungle_env_treetall03
0x662C84E6,3,0,3,destruction-piece,0x71DC712E|global_veh_uh1huey
0x6637A3A0,3,0,0,mesh-node,oilrig_tanktalla|pmcoutpost_bld_fueldepot
0x666D8F26,3,0,0,mesh-node,jungle_env_treemedium01|jungle_env_smallcanopy02
0x671C62AB,3,0,3,destruction-piece,island_bld_bridge01|oilrig_bld_buildingc
0x674027F7,3,0,0,mesh-node,civ_veh_boat_dinghy|civ_veh_boat_smallfishing
0x67540EB6,3,0,3,destruction-piece,estate_bld_mansion02|aloutpost_bld_supplydepot
0x69A6A47E,3,0,0,mesh-node,maracaibo_bld_skyscraper02|margarita_bld_condo01
0x69CD3791,3,0,3,destruction-piece,0x7CB86FC9|0xB0A0930E
0x6A0E9F1C,3,0,0,mesh-node,vz_veh_tank_amx30_base|vz_veh_tank_amx30_aa
0x6A10E6C8,3,0,3,destruction-piece,caracas_rampgovernment02|chinaoutpost_bld_hangar01
0x6A3767E7,3,0,3,destruction-piece,proutpost_bld_surveillance|chinaoutpost_bld_hangar01
0x6A7B41F6,3,0,3,destruction-piece,village_bld_plantation03|caracas_rampgovernment02
0x6ADAB74F,3,0,0,mesh-node,ch_veh_apc_zbd2000|ch_veh_apc_wz551
0x6ADDFA44,3,0,3,destruction-piece,cumana_bld_hotelfourstar01|shanty_bld_house04
0x6C776982,3,0,0,mesh-node,ch_veh_tank_pgz95|civ_veh_bus_escort
0x6C9DF8A3,3,0,0,mesh-node,groutpost_bld_tentlargetarp03|groutpost_bld_tentlargetarp02
0x6CD2B188,3,0,0,mesh-node,ch_veh_apc_zbd2000|ch_veh_apc_wz551
0x6D29A6EB,3,0,3,destruction-piece,shanty_bld_housegroup04|village_bld_plantation02
0x6D58BE44,3,0,3,destruction-piece,estate_bld_mansion04|merida_bld_universityadmin
0x6D8632F1,3,0,3,destruction-piece,jungle_wallgate|village_bld_housestilts05
0x6E418973,3,0,3,destruction-piece,outpost_bld_warehouse01|industrial_bld_warehouse06
0x6EC45118,3,0,0,mesh-node,estate_bld_mansion02|shanty_bld_housegroup04
0x6EEA9989,3,0,0,mesh-node,proutpost_att_neonb|proutpost_att_neone
0x6F3F0185,3,0,3,destruction-piece,island_bld_bridge01|oilrig_bld_buildingc
0x6FCB026C,3,0,3,destruction-piece,0x7CB86FC9|0xB0A0930E
0x6FEEBB57,3,0,0,mesh-node,jungle_env_treetall02|jungle_env_treetall03
0x6FF33885,3,0,0,mesh-node,jungle_env_treetall02|jungle_env_treetall03
0x70276CAC,3,0,3,destruction-piece,civ_hum_super_motorcycle|0x7CB86FC9
0x707EE805,3,0,0,mesh-node,jungle_env_treemedium01|jungle_env_smallcanopy02
0x70EC7394,3,0,0,mesh-node,pmc_veh_truck_cougar|pmc_veh_truck_monster_rtr
0x70F195A2,3,0,3,destruction-piece,jungle_bld_ruinshotelside|outskirt_bld_mercbar
0x718C17C3,3,0,0,mesh-node,vzoutpost_bld_garagebunker_pr|vzoutpost_bld_garagebunker
0x71CF9219,3,0,3,destruction-piece,caracas_walllong|commercial_wall
0x720AA71A,3,0,3,destruction-piece,0x45CC35FE|0x4D4F42B5
0x73428205,3,0,3,destruction-piece,groutpost_bld_shackfuselage|caracas_bld_theater01
0x740EB7EF,3,0,3,destruction-piece,caracas_rampgovernment02|chinaoutpost_bld_hangar01
0x748C9AD5,3,0,3,destruction-piece,village_bld_plantation03|caracas_rampgovernment02
0x749CBD3C,3,0,3,destruction-piece,al_veh_truck_hmmwv_armored|al_veh_truck_hmmwv_avenger
0x74C07AA5,3,0,3,destruction-piece,city_bld_skyscraper03|shanty_bld_housegroup04
0x75786C71,3,0,3,destruction-piece,city_bld_skyscraper03|chinaoutpost_bld_commbunker01
0x7600F4F9,3,0,3,destruction-piece,island_bld_fortress01|industrial_bld_warehouselarge02
0x78DE11EF,3,0,3,destruction-piece,oilrig_bld_buildingb|oilrig_bld_buildingc
0x7947C37D,3,0,0,mesh-node,city_bld_skyscraper03|estate_bld_mansion02
0x794BE3F2,3,0,0,mesh-node,civ_veh_truck_thunder|pmc_veh_car_offroad_buggy
0x7955A3DE,3,0,3,destruction-piece,industrial_bld_warehouse04|aloutpost_bld_hanger
0x795E7A38,3,0,0,mesh-node,airport_bld_terminal01|aloutpost_bld_command
0x7B909466,3,0,0,mesh-node,vz_veh_truck_m35|gr_veh_truck_m35_guntruck_50cal
0x7C0FF1DA,3,0,3,destruction-piece,oilrig_bld_buildingb|oilrig_bld_buildinga
0x7C4B662D,3,0,3,destruction-piece,oilrig_simple|maracaibo_bld_stagerepublica
0x7C4EEA79,3,0,0,mesh-node,pmc_hum_chris|pmc_hum_chris_v3
0x7E5F8909,3,0,3,destruction-piece,0x1D20E058|outskirt_bld_mercbar
0x7F13ED1F,3,0,0,mesh-node,pmc_veh_plane_mig27|al_veh_plane_a10
0x7F4CE62C,3,0,0,mesh-node,global_veh_scorpiondpv|pmc_veh_car_offroad_buggy
0x7F87336F,3,0,3,destruction-piece,industrial_bld_gasstationpump02|maracaibo_bld_gasstationpump02
0x7FE89D63,3,0,0,mesh-node,civ_veh_semi_mark|pmc_veh_car_camo_veyron
0x8009A62C,3,0,0,mesh-node,estate_bld_mansion02|aloutpost_bld_supplydepot
0x80D40348,3,0,0,mesh-node,global_veh_scorpiondpv|pmc_veh_car_offroad_buggy
0x8266174E,3,0,3,destruction-piece,village_bld_plantation03|merida_bld_universityadmin
0x82D36ED1,3,0,0,mesh-node,vz_veh_tank_amx30_base|vz_veh_tank_amx30_aa
0x82D777CD,3,0,3,destruction-piece,outpost_bld_warehouse01|merida_bld_universitydorm
0x8389E73E,3,0,3,destruction-piece,0x949187D0|0xBCBA07EE
0x83C9637B,3,0,0,mesh-node,civ_veh_truck_bank|global_veh_hondacrx
0x846297DB,3,0,0,mesh-node,city_bld_apartment01|city_bld_apartment02
0x851A534E,3,0,3,destruction-piece,island_bld_bridge01|oilrig_bld_buildingc
0x853CE590,3,0,3,destruction-piece,island_bld_bridge01|oilrig_bld_buildingc
0x85DF156F,3,0,0,mesh-node,aloutpost_bld_guardtowertall|aloutpost_bld_guardtowershort
0x85F11C90,3,0,0,mesh-node,jungle_env_treetall02|jungle_env_treetall03
0x864CEADB,3,0,0,mesh-node,pmc_veh_truck_cougar|pmc_veh_truck_monster_ridgeline
0x866AAB1E,3,0,0,mesh-node,city_bld_apartment01|city_bld_apartment02
0x867CCC10,3,0,0,mesh-node,jungle_env_treemedium01|jungle_env_smallcanopy02
0x873E8C33,3,0,3,destruction-piece,shanty_bld_apartment01|city_bld_apartment01
0x87B52B35,3,0,0,mesh-node,0x3397DE30|0x36550AFF
0x87E453C3,3,0,0,mesh-node,jungle_env_treetall02|jungle_env_treetall03
0x87EC2C6D,3,0,0,mesh-node,global_veh_rtr|0x9C3D4104
0x8838AD50,3,0,0,mesh-node,civ_veh_truck_garbage|pmc_veh_car_panhard
0x88629FE7,3,0,0,mesh-node,oc_veh_semi_fueltrailer|0x19E2962E
0x88700343,3,0,0,mesh-node,jungle_env_treemedium01|jungle_env_smallcanopy02
0x88AF6582,3,0,3,destruction-piece,aloutpost_bld_storage|industrial_bld_silowide
0x88C2F14E,3,0,3,destruction-piece,al_veh_truck_hmmwv_armored|civ_veh_car_pony_normal
0x88D139AC,3,0,0,mesh-node,vz_veh_tank_amx30_base|vz_veh_tank_amx30_aa
0x892F5031,3,0,0,mesh-node,0x3177639B|0xADE3CED6
0x8A0F55BD,3,0,0,mesh-node,cumana_bld_fortress01|0x7604B190
0x8B6A8BAE,3,0,3,destruction-piece,jungle_wallgate|village_bld_housestilts05
0x8B89E688,3,0,3,destruction-piece,cumana_bld_fortress01|0x7604B190
0x8C150AD1,3,0,0,mesh-node,estate_bld_mansion04|merida_bld_universityadmin
0x8C355A72,3,0,3,destruction-piece,margarita_bld_condo01|0x6871E4C5
0x8CDDAB70,3,0,0,mesh-node,aloutpost_bld_guardtowertall|aloutpost_bld_guardtowershort
0x8CDFE367,3,0,0,mesh-node,oc_veh_truck_ext|vz_veh_apc_m113_50cal
0x8CE1894B,3,0,0,mesh-node,industrial_bld_warehouselarge02|city_bld_skyscraper03
0x8D093A18,3,0,0,mesh-node,global_fueltankcarsmall|global_propanetanklargeb
0x8D815E43,3,0,3,destruction-piece,0x1D20E058|outskirt_bld_mercbar
0x8D86BE2D,3,0,3,destruction-piece,estate_bld_mansion02|village_bld_plantation02
0x8D9B401D,3,0,3,destruction-piece,0x949187D0|0xBCBA07EE
0x903A2455,3,0,0,mesh-node,oilrig_tanktalla|pmcoutpost_bld_fueldepot
0x90580CB2,3,0,3,destruction-piece,0x3511CCE7|0x759BDE16
0x914EC8A5,3,0,0,mesh-node,global_veh_scorpiondpv|pmc_veh_car_offroad_buggy
0x9178EBDD,3,0,0,mesh-node,0x3177639B|0xADE3CED6
0x9212D5AC,3,0,0,mesh-node,estate_bld_mansion04|merida_bld_universityadmin
0x92274E52,3,0,0,mesh-node,civ_veh_car_van_crappy|global_veh_van
0x938B602A,3,0,0,mesh-node,oc_veh_semi_fueltrailer|global_veh_scorpiondpv
0x942C8722,3,0,3,destruction-piece,vz_veh_helicopter_alouetteiii|oc_veh_helicopter_md500
0x947A9245,3,0,0,mesh-node,pmc_veh_car_offroad_buggy|global_veh_68valiant
0x94807A1C,3,0,3,destruction-piece,outskirt_bld_house03|proutpost_bld_surveillance
0x958B5AEE,3,0,0,mesh-node,aloutpost_bld_storage|industrial_bld_silowide
0x9690DAFC,3,0,0,mesh-node,margarita_bld_condo01|merida_bld_hotel
0x96AE5698,3,0,0,mesh-node,estate_bld_mansion02|village_bld_plantation02
0x96DA4591,3,0,0,mesh-node,pmc_veh_car_panhard|al_veh_boat_markv
0x970AC911,3,0,0,mesh-node,civ_veh_truck_thunder|pmc_veh_car_offroad_buggy
0x9717C357,3,0,0,mesh-node,civ_veh_car_r90_limo|civ_veh_car_r90_taxi
0x971C4085,3,0,0,mesh-node,civ_veh_car_r90_limo|civ_veh_car_r90_taxi
0x97946EA0,3,0,0,mesh-node,0x1FBFBB4B|global_veh_stingray
0x97B1BDA0,3,0,3,destruction-piece,pmcoutpost_bld_hqgarage|pmcoutpost_bld_hq
0x98010E29,3,0,0,mesh-node,pmc_veh_car_w12_z12_racer|ch_veh_tank_pgz95_command
0x9894B62E,3,0,0,mesh-node,oc_veh_truck_ext|vz_veh_apc_m113_50cal
0x98D972F8,3,0,0,mesh-node,maracaibo_bld_skyscraper02|0xCB4C6EAB
0x99DB55A0,3,0,0,mesh-node,ch_veh_boat_destroyer|oc_veh_boat_oiltanker
0x9A932CB5,3,0,3,destruction-piece,0x055E9085|0x3C9A5987
0x9A9DE3A5,3,0,0,mesh-node,vz_veh_plane_tucano|al_veh_plane_ac130_spooky
0x9AD0E4B1,3,0,0,mesh-node,global_newspaperstand01|global_newspaperbin02
0x9B38CD0E,3,0,0,mesh-node,industrial_bld_warehouselarge02|city_bld_skyscraper03
0x9CE8BF61,3,0,0,mesh-node,aloutpost_bld_guardtowertall|aloutpost_bld_guardtowershort
0x9D9C8EA5,3,0,0,mesh-node,oc_veh_semi_fueltrailer|0x19E2962E
0x9E080786,3,0,0,mesh-node,civ_veh_car_phoenix_crappy|al_veh_tank_m2a3
0x9E186452,3,0,3,destruction-piece,0x71DC712E|global_veh_uh1huey
0x9EDDB5AA,3,0,0,mesh-node,pmc_veh_truck_ext|pmc_veh_truck_cougar
0x9F2CCD0C,3,0,0,mesh-node,civ_veh_car_van_crappy|global_veh_van
0x9FAC0BB0,3,0,3,destruction-piece,industrial_bld_warehousesmall02|airport_bld_terminal01
0xA135C612,3,0,0,mesh-node,oc_veh_truck_ext|oc_veh_truck_esv
0xA17592D8,3,0,0,mesh-node,pmc_veh_plane_mig27|al_veh_plane_ac130_spooky
0xA2F6858D,3,0,3,destruction-piece,shanty_bld_housegroup04|city_bld_standalone01
0xA33D56D4,3,0,0,mesh-node,industrial_bld_warehouselarge02|city_bld_skyscraper03
0xA3992428,3,0,3,destruction-piece,0x949187D0|0xBCBA07EE
0xA41F20D5,3,0,0,mesh-node,shanty_env_tree01|jungle_env_treemedium03
0xA453B16B,3,0,3,destruction-piece,0x56451E9E|maracaibo_wall20m
0xA554757B,3,0,0,mesh-node,global_veh_scorpiondpv|pmc_veh_car_offroad_buggy
0xA58C5B5B,3,0,3,destruction-piece,0x949187D0|0xBCBA07EE
0xA5BE91D5,3,0,3,destruction-piece,jungle_bld_ruinshotelfront|city_bld_apartment01
0xA678E240,3,0,3,destruction-piece,0x3C9A5987|0x4761451B
0xA6AD289D,3,0,0,mesh-node,civ_veh_car_w12_sprint|pmc_veh_car_vanquish
0xA70C8BC4,3,0,0,mesh-node,civ_veh_car_r90_limo|civ_veh_car_r90_taxi
0xA7E07944,3,0,3,destruction-piece,merida_bld_pmcautoshop|industrial_bld_gasstationpump01
0xA8480127,3,0,0,mesh-node,cumana_bld_corner16x16d|city_bld_corner16x16d
0xA8719C69,3,0,0,mesh-node,city_bld_apartment01|city_bld_apartment02
0xA9874979,3,0,3,destruction-piece,maracaibo_bld_skyscraper02|chinaoutpost_bld_prison
0xAA1CE5DF,3,0,0,mesh-node,global_veh_scorpiondpv|pmc_veh_car_offroad_buggy
0xAA335896,3,0,0,mesh-node,maracaibo_bld_skyscraper02|chinaoutpost_bld_prison
0xAA7B0566,3,0,0,mesh-node,city_bld_corner32x32b|cumana_bld_corner32x32b
0xABA18D84,3,0,0,mesh-node,0x3177639B|0xADE3CED6
0xABB8785E,3,0,3,destruction-piece,cumana_bld_fortress01|city_bld_storefrontcornerf
0xAE87DBFB,3,0,3,destruction-piece,estate_bld_mansion04|merida_bld_universityadmin
0xAE9A4536,3,0,0,mesh-node,commercial_bld_firestation|pmcoutpost_bld_hq
0xAEF2900C,3,0,0,mesh-node,oc_veh_boat_oiltanker|civ_veh_boat_cargoship
0xAF34A31D,3,0,3,destruction-piece,groutpost_bld_earthmover|margarita_bld_condo01
0xAF4B0DFE,3,0,0,mesh-node,gr_veh_truck_m151_50cal|vz_veh_truck_m151_50cal
0xAFEA530D,3,0,0,mesh-node,al_veh_truck_hmmwv_armored|civ_veh_car_pony_normal
0xB05871C0,3,0,3,destruction-piece,0x1066F684|0x60497640
0xB0D45A87,3,0,3,destruction-piece,0x45C7E99D|global_env_hedgelong
0xB100E8DF,3,0,0,mesh-node,global_watertowera|global_watertowerb
0xB136C880,3,0,0,mesh-node,residential_bld_corner16x16a|cumana_bld_hotelfourstar01
0xB1863E71,3,0,0,mesh-node,global_veh_scorpiondpv|pmc_veh_car_offroad_buggy
0xB20A93B6,3,0,3,destruction-piece,pmc_veh_truck_cougar|pmc_veh_truck_monster_ridgeline
0xB2AC1083,3,0,0,mesh-node,0x3397DE30|al_veh_tank_m1a2
0xB2D191F2,3,0,3,destruction-piece,cumana_bld_hotelfourstar01|outskirt_bld_mercbar
0xB365B992,3,0,0,mesh-node,aloutpost_bld_guardtowertall|aloutpost_bld_guardtowershort
0xB3865B1A,3,0,3,destruction-piece,civ_veh_truck_thunder|0x19676216
0xB3999E3B,3,0,0,mesh-node,margarita_bld_condo01|0x6871E4C5
0xB3BD0224,3,0,3,destruction-piece,cumana_bld_fortress01|city_bld_storefrontcornere
0xB3E0FBA6,3,0,0,mesh-node,estate_bld_mansion02|merida_bld_soccerstadium
0xB4375479,3,0,3,destruction-piece,jungle_bld_ruinshotelfront|industrial_bld_refinery02
0xB4C21A14,3,0,3,destruction-piece,0x09139BCD|0x0D0B8CF5
0xB552E9D9,3,0,3,destruction-piece,0x493FD997|merida_bld_pmcautoshop
0xB5696F80,3,0,3,destruction-piece,0x70D6FBD9|outskirt_bld_mercbar
0xB5A7F821,3,0,0,mesh-node,civ_veh_boat_saltonsea|pr_veh_boat_cutter
0xB60BCA71,3,0,0,mesh-node,oc_veh_helicopter_wz10|ch_veh_helicopter_wz10
0xB70BBACD,3,0,0,mesh-node,industrial_generator01|industrial_bld_gasstationpump01
0xB854012A,3,0,3,destruction-piece,0x1066F684|0x60497640
0xB8694675,3,0,0,mesh-node,aloutpost_bld_guardtowertall|aloutpost_bld_guardtowershort
0xB92AB763,3,0,0,mesh-node,civ_veh_car_van_crappy|global_veh_van
0xB95C66DD,3,0,0,mesh-node,gr_veh_truck_m151_50cal|vz_veh_truck_m151_50cal
0xBAE21FA0,3,0,3,destruction-piece,0x73033C9F|groutpost_bld_trailerhut01
0xBAFAB258,3,0,3,destruction-piece,al_veh_truck_hmmwv_armored|civ_veh_car_pony_normal
0xBB77CC12,3,0,0,mesh-node,gr_veh_truck_m151_50cal|vz_veh_truck_m151_50cal
0xBC8F03A5,3,0,0,mesh-node,outpost_bld_warehouse01|merida_bld_universitydorm
0xBD56226F,3,0,3,destruction-piece,ocoutpost_bld_hq|groutpost_bld_earthmover
0xBD64FEEA,3,0,3,destruction-piece,0x70D6FBD9|outskirt_bld_mercbar
0xBDB1AB1E,3,0,3,destruction-piece,industrial_bld_warehouse04|aloutpost_bld_hanger
0xBDD4C649,3,0,0,mesh-node,city_bld_skyscraper02|caracas_bld_hospitalvargas
0xBE4B4A65,3,0,0,mesh-node,0x4B9C42F1|0xD7FCFD11
0xBE56BEEF,3,0,0,mesh-node,maracaibo_park|0x1FBFBB4B
0xBEAE914E,3,0,0,mesh-node,city_bld_apartment01|city_bld_apartment02
0xBF407188,3,0,0,mesh-node,pmc_veh_truck_cougar|pmc_veh_truck_monster_rtr
0xC00A7BA3,3,0,0,mesh-node,civ_veh_car_phoenix_crappy|al_veh_tank_m2a3
0xC019BDAF,3,0,3,destruction-piece,cumana_bld_hotelfourstar01|merida_bld_soccerstadium
0xC03A2DE0,3,0,3,destruction-piece,proutpost_bld_surveillance|chinaoutpost_bld_hangar01
0xC0A3A7A5,3,0,3,destruction-piece,oilrig_bld_buildingb|oilrig_bld_buildinga
0xC0B0D74D,3,0,0,mesh-node,estate_bld_mansion02|village_bld_plantation02
0xC10EF349,3,0,0,mesh-node,civ_veh_car_r90_limo|civ_veh_car_r90_taxi
0xC117D807,3,0,0,mesh-node,city_bld_corner32x32b|cumana_bld_corner32x32b
0xC15332F6,3,0,0,mesh-node,pmc_veh_plane_mig27|al_veh_plane_ac130_spooky
0xC196EF55,3,0,0,mesh-node,0x1FBFBB4B|global_veh_stingray
0xC1E2E0C9,3,0,3,destruction-piece,merida_bld_pmcautoshop|outskirt_bld_house03
0xC1F44D05,3,0,3,destruction-piece,caracas_rampgovernment02|caracas_rampgovernment01
0xC251A20E,3,0,3,destruction-piece,0x56451E9E|maracaibo_wall20m
0xC2CBC0E2,3,0,0,mesh-node,vz_veh_helicopter_mi35hind|vz_veh_helicopter_mi35hind_solano
0xC30B0E36,3,0,0,mesh-node,global_veh_scorpiondpv|pmc_veh_car_offroad_buggy
0xC3ABE239,3,0,3,destruction-piece,proutpost_bld_hq|maracaibo_bld_stagerepublica
0xC449B9C4,3,0,0,mesh-node,civ_veh_truck_thunder|pmc_veh_car_offroad_buggy
0xC51C3208,3,0,3,destruction-piece,caracas_bld_historical02|village_bld_plantation01
0xC567CA08,3,0,0,mesh-node,gr_veh_boat_turbosquid|global_veh_turbosquid
0xC6711236,3,0,0,mesh-node,global_veh_scorpiondpv|pmc_veh_car_offroad_buggy
0xC67C29C5,3,0,3,destruction-piece,caracas_bld_parquecentral03|caracas_bld_capitol
0xC6C5E924,3,0,3,destruction-piece,oilrig_bld_buildingb|oilrig_bld_buildinga
0xC81C2564,3,0,3,destruction-piece,village_bld_farming01|proutpost_bld_surveillance
0xC8692367,3,0,3,destruction-piece,residential_bld_corner16x16a|cumana_bld_hotelfourstar01
0xC8F69D58,3,0,3,destruction-piece,jungle_bld_ruinshotelside|cumana_bld_hotelfourstar01
0xC9455C08,3,0,3,destruction-piece,groutpost_bld_cranemining|island_bld_bridge01
0xCA13B36A,3,0,0,mesh-node,vz_veh_tank_amx30_base|vz_veh_tank_amx30_aa
0xCADFCB9D,3,0,0,mesh-node,ch_veh_apc_zbd2000|ch_veh_apc_wz551
0xCB08CC33,3,0,3,destruction-piece,chinaoutpost_bld_prison|residential_bld_corner16x16d
0xCB2F7578,3,0,3,destruction-piece,village_bld_plantation02|outpost_bld_plantation02
0xCB522B21,3,0,3,destruction-piece,island_bld_tower01|island_bld_bridge01
0xCB7C6AF3,3,0,0,mesh-node,gr_veh_truck_m35_guntruck_50cal|vz_veh_truck_m35_guntruck_50cal
0xCB903E4B,3,0,0,mesh-node,pmc_hum_chris|pmc_hum_chris_v3
0xCC06EA9D,3,0,0,mesh-node,vz_veh_tank_amx30_base|vz_veh_tank_amx30_aa
0xCC21434D,3,0,0,mesh-node,pmc_hum_chris|pmc_hum_obama
0xCC95CB33,3,0,3,destruction-piece,0x45CC35FE|0x4D4F42B5
0xCD6EC273,3,0,0,mesh-node,civ_veh_truck_thunder|0x19676216
0xCE05878F,3,0,3,destruction-piece,estate_bld_mansion02|village_bld_plantation02
0xCE075950,3,0,3,destruction-piece,village_bld_farming01|proutpost_bld_surveillance
0xCE71862C,3,0,3,destruction-piece,caracas_rampgovernmentmid|caracas_rampgovernment02
0xCE8DCA17,3,0,0,mesh-node,vz_veh_tank_amx30_base|vz_veh_tank_amx30_aa
0xCF0D6F3F,3,0,0,mesh-node,global_env_palmtree01|jungle_env_treemedium01
0xCF5A4AE8,3,0,0,mesh-node,gr_veh_truck_m151_50cal|vz_veh_truck_m151_50cal
0xD02FC57B,3,0,3,destruction-piece,estate_bld_mansion02|aloutpost_bld_supplydepot
0xD07B62F5,3,0,3,destruction-piece,0x3C9A5987|0x4761451B
0xD211EB87,3,0,0,mesh-node,vz_veh_truck_m35|gr_veh_truck_m35_guntruck_50cal
0xD26C39D4,3,0,0,mesh-node,city_bld_corner32x32b|cumana_bld_corner32x32b
0xD26D6D73,3,0,0,mesh-node,pmc_veh_car_camo_veyron|al_veh_truck_hmmwv_avenger
0xD284E00A,3,0,3,destruction-piece,village_bld_plantation03|caracas_rampgovernment02
0xD2F46E7F,3,0,3,destruction-piece,jungle_bld_ruinshotelside|outskirt_bld_mercbar
0xD316925E,3,0,0,mesh-node,civ_veh_car_van_crappy|global_veh_van
0xD32F2E5C,3,0,0,mesh-node,oc_veh_helicopter_wz10|ch_veh_helicopter_wz10
0xD3C9B7D7,3,0,0,mesh-node,commercial_bld_supermarket|caracas_bld_historical04
0xD3CE1545,3,0,3,destruction-piece,0x4AB6F9B6|0x759BDE16
0xD41E9575,3,0,3,destruction-piece,0x1D20E058|outskirt_bld_mercbar
0xD4CF25C6,3,0,3,destruction-piece,margarita_bld_condo01|aloutpost_bld_command
0xD582F691,3,0,0,mesh-node,city_bld_apartment01|city_bld_apartment02
0xD6D596FD,3,0,0,mesh-node,ch_veh_apc_zbd2000|ch_veh_apc_wz551
0xD6F439A0,3,0,0,mesh-node,oilrig_bld_buildingb|oilrig_bld_buildinga
0xD72B2833,3,0,3,destruction-piece,proutpost_bld_hq|maracaibo_bld_stagerepublica
0xD7CF9ECE,3,0,3,destruction-piece,caracas_bld_skytrammain|caracas_rampgovernment02
0xD7F23110,3,0,3,destruction-piece,caracas_rampgovernment02|caracas_rampgovernment01
0xD89E3795,3,0,0,mesh-node,0x71DC712E|global_veh_uh1huey
0xD92AD319,3,0,0,mesh-node,civ_veh_semi_mark|pmc_veh_car_camo_veyron
0xD92F59B8,3,0,0,mesh-node,industrial_bld_warehouse04|shanty_bld_apartment01
0xD98D070A,3,0,0,mesh-node,civ_veh_car_r90_limo|civ_veh_car_r90_taxi
0xD9E6C4A4,3,0,0,mesh-node,civ_veh_car_l300_racing|0x9C3D4104
0xDA5AF275,3,0,3,destruction-piece,0x1066F684|0x60497640
0xDAD7D42B,3,0,3,destruction-piece,village_bld_plantation03|global_pile03
0xDB1B1C24,3,0,0,mesh-node,civ_veh_car_van_crappy|global_veh_van
0xDB8D86AA,3,0,0,mesh-node,gr_veh_boat_turbosquid|global_veh_turbosquid
0xDBB914FF,3,0,0,mesh-node,global_veh_scorpiondpv|pmc_veh_car_offroad_buggy
0xDC47CEC8,3,0,0,mesh-node,caracas_bld_parquecentral03|margarita_bld_condo01
0xDC7A0DD0,3,0,3,destruction-piece,caracas_bld_parquecentral03|caracas_bld_capitol
0xDCC9DA1A,3,0,3,destruction-piece,maracaibo_bld_gasstation02|industrial_bld_gasstation02
0xDD0F18FB,3,0,0,mesh-node,oc_veh_boat_oiltanker|civ_veh_boat_cargoship
0xDD7A402F,3,0,0,mesh-node,gr_veh_truck_m151_50cal|vz_veh_truck_m151_50cal
0xDD8CB3CC,3,0,0,mesh-node,oc_veh_semi_fueltrailer|global_veh_scorpiondpv
0xDE271824,3,0,0,mesh-node,oc_veh_truck_ext|pmc_veh_car_panhard
0xDEB34878,3,0,0,mesh-node,industrial_bld_gasstationpump02|industrial_bld_gasstationpump01
0xDEC03BF2,3,0,1,destruction-piece,industrial_bld_warehouselarge02|city_bld_skyscraper03
0xDF677307,3,0,3,destruction-piece,0x70D6FBD9|outskirt_bld_mercbar
0xDF6BF035,3,0,3,destruction-piece,0x70D6FBD9|outskirt_bld_mercbar
0xE1344B68,3,0,0,mesh-node,gr_veh_truck_m35_guntruck_50cal|vz_veh_truck_m35_guntruck_50cal
0xE19FA6BA,3,0,0,mesh-node,0x13709C60|vz_veh_towed_zu23aa
0xE204CEA8,3,0,0,mesh-node,vz_veh_tank_amx30_base|vz_veh_tank_amx30_aa
0xE2094BD6,3,0,0,mesh-node,vz_veh_tank_amx30_base|vz_veh_tank_amx30_aa
0xE24A3DA6,3,0,0,mesh-node,jungle_env_treesmall02|jungle_env_smallcanopy02
0xE2935FB5,3,0,0,mesh-node,estate_bld_mansion03|outpost_bld_govtbld
0xE3407149,3,0,3,destruction-piece,civ_hum_super_motorcycle|0x7CB86FC9
0xE351B3FA,3,0,0,mesh-node,pmc_veh_plane_mig27|al_veh_plane_a10
0xE40017C4,3,0,3,destruction-piece,outpost_bld_warehouse01|shanty_bld_housegroup04
0xE4FF33FF,3,0,0,mesh-node,0x71DC712E|global_veh_uh1huey
0xE5CE9E59,3,0,0,mesh-node,civ_veh_truck_garbage|pmc_veh_car_vanquish
0xE62D8D3A,3,0,0,mesh-node,0x07B982D6|oc_veh_helicopter_wz10
0xE7A8C82B,3,0,0,mesh-node,cumana_bld_corner16x16c|commercial_bld_corner16x16a
0xE7C5AF26,3,0,3,destruction-piece,0x7CB86FC9|0xB0A0930E
0xE7E96811,3,0,0,mesh-node,jungle_env_treetall02|jungle_env_treetall03
0xE8751791,3,0,0,mesh-node,jungle_env_treemedium01|jungle_env_smallcanopy02
0xE99AD4B4,3,0,0,mesh-node,ch_veh_tank_pgz95|civ_veh_bus_escort
0xEA657704,3,0,0,mesh-node,city_bld_apartment01|city_bld_apartment02
0xEA7C7C6F,3,0,3,destruction-piece,maracaibo_bld_skyscraper02|0xCB4C6EAB
0xEC162787,3,0,0,mesh-node,vz_veh_tank_amx30_base|vz_veh_tank_amx30_aa
0xEC1AA4B5,3,0,0,mesh-node,vz_veh_tank_amx30_base|vz_veh_tank_amx30_aa
0xECDAFEE9,3,0,0,mesh-node,oc_veh_semi_austin|global_veh_stingray
0xED5452D2,3,0,0,mesh-node,aloutpost_bld_guardtowertall|aloutpost_bld_guardtowershort
0xED6D648B,3,0,3,destruction-piece,jungle_wallgate|village_bld_housestilts05
0xEE66D58F,3,0,0,mesh-node,jungle_env_treetall02|jungle_env_treetall03
0xEE710F17,3,0,3,destruction-piece,0x45CC35FE|0x4D4F42B5
0xEE72E26C,3,0,0,mesh-node,jungle_env_treemedium01|jungle_env_smallcanopy02
0xEF26331F,3,0,3,destruction-piece,island_bld_bridge01|oilrig_bld_buildingc
0xEFA36F6E,3,0,0,mesh-node,vzoutpost_bld_garagebunker_pr|vzoutpost_bld_garagebunker
0xF060B62C,3,0,3,destruction-piece,maracaibo_bld_skyscraper02|chinaoutpost_bld_prison
0xF066199F,3,0,0,mesh-node,jungle_env_treemedium01|jungle_env_smallcanopy02
0xF0BA7FDD,3,0,3,destruction-piece,chinaoutpost_bld_storage|city_bld_standalone01
0xF0C98E6B,3,0,3,destruction-piece,commercial_bld_corner8x8a|proutpost_bld_surveillance
0xF0D8BEA9,3,0,3,destruction-piece,oilrig_bld_buildingb|oilrig_bld_buildingc
0xF15E5469,3,0,3,destruction-piece,industrial_bld_warehouselarge02|village_bld_plantation02
0xF1CA4B6B,3,0,3,destruction-piece,caracas_rampgovernmentmid|commercial_wall
0xF1D28AD7,3,0,3,destruction-piece,0x7CB86FC9|0xB0A0930E
0xF1D70805,3,0,3,destruction-piece,0x7CB86FC9|0xB0A0930E
0xF26755E0,3,0,0,mesh-node,oc_veh_truck_ext|civ_veh_car_l300_normal
0xF291EAA0,3,0,3,destruction-piece,island_bld_fortress01|village_bld_plantation02
0xF370E406,3,0,3,destruction-piece,city_bld_skyscraper03|chinaoutpost_bld_commbunker01
0xF39F3C2D,3,0,0,mesh-node,gr_veh_truck_m35_guntruck_50cal|vz_veh_truck_m35_guntruck_50cal
0xF4265199,3,0,3,destruction-piece,commercial_bld_firestation|pmcoutpost_bld_hq
0xF4875427,3,0,3,destruction-piece,village_bld_plantation03|caracas_rampgovernment02
0xF4D1FB85,3,0,0,mesh-node,civ_veh_car_w12_sprint|pmc_veh_car_vanquish
0xF4E79758,3,0,0,mesh-node,city_bld_apartment01|city_bld_apartment02
0xF516E578,3,0,0,mesh-node,pmc_veh_plane_mig27|al_veh_plane_a10
0xF519067B,3,0,0,mesh-node,civ_veh_car_van_crappy|global_veh_van
0xF54770DD,3,0,0,mesh-node,city_bld_apartment01|city_bld_apartment02
0xF5B739CD,3,0,0,mesh-node,industrial_bld_refinery06|industrial_bld_refinery01
0xF6D730E2,3,0,2,destruction-piece,cumana_bld_corner16x16c|commercial_bld_corner16x16a
0xF7403B12,3,0,0,mesh-node,city_bld_skyscraper03|estate_bld_mansion02
0xF78E33CB,3,0,0,mesh-node,aloutpost_bld_storage|industrial_bld_silowide
0xF79C6DA0,3,0,0,mesh-node,vz_veh_helicopter_mi35hind|vz_veh_helicopter_mi35hind_solano
0xF8A08F72,3,0,0,mesh-node,vz_veh_boat_patrol|vz_veh_boat_type14311
0xF8D5C4CE,3,0,3,destruction-piece,village_bld_plantation03|global_pile03
0xFA9381A2,3,0,3,destruction-piece,island_bld_bridge01|oilrig_bld_buildingb
0xFAA6F4A1,3,0,3,destruction-piece,0xCE99630D|chinaoutpost_bld_hangar01
0xFB1A6C93,3,0,0,mesh-node,gr_veh_boat_turbosquid|al_veh_plane_a10
0xFB1EF8CC,3,0,3,destruction-piece,commercial_bld_supermarket|airport_bld_terminal01
0xFB8F7B27,3,0,0,mesh-node,civ_veh_car_r90_limo|civ_veh_car_r90_taxi
0xFC5ED0F9,3,0,0,mesh-node,caracas_bld_parquecentral03|city_bld_skyscraper02
0xFCE2F4E5,3,0,0,mesh-node,oilrig_radiojammer|oilrig_att_pipeblowout
0xFD2A3858,3,0,3,destruction-piece,village_bld_plantation03|merida_bld_universityadmin
0xFD402319,3,0,0,mesh-node,industrial_bld_warehouselarge02|city_bld_skyscraper03
0xFD4C4824,3,0,3,destruction-piece,industrial_bld_warehouse05|aloutpost_bld_prison
0xFEE5687F,3,0,0,mesh-node,city_bld_apartment01|city_bld_apartment02
0xFF300B1E,3,0,0,mesh-node,maracaibo_bld_skyscraper02|margarita_bld_condo01
0xFFA743DF,3,0,0,mesh-node,pmc_veh_truck_cougar|pmc_veh_truck_monster_rtr
0xFFB54A05,3,0,3,destruction-piece,chinaoutpost_bld_storage|cumana_bld_hotelfourstar01
0x81C5C8E5,2,15,0,mesh-node,vz_veh_helicopter_mi35hind|vz_veh_helicopter_mi35hind_solano
0x8AC4D031,2,15,0,mesh-node,vz_veh_helicopter_mi35hind|vz_veh_helicopter_mi35hind_solano
0x2EB03C6D,2,2,0,mesh-node,aloutpost_interior_hq|0xAA4DEC8B
0x3CF0A7E9,2,1,0,mesh-node,ch_veh_apc_zbd2000|ch_veh_apc_wz551
0x00132B3C,2,0,2,destruction-piece,jungle_wallgate|industrial_bld_refinery06
0x0040DA52,2,0,0,mesh-node,al_veh_tank_m2a3|al_veh_tank_m2a3_m6
0x004F9D85,2,0,0,mesh-node,0x1FBFBB4B|vz_veh_tank_amx30_aa
0x0054620A,2,0,0,mesh-node,al_veh_tank_m2a3|al_veh_tank_m2a3_m6
0x010F3D82,2,0,0,mesh-node,0x7604B190|pmcoutpost_planter01
0x01BC1A6F,2,0,0,mesh-node,0x7604B190|pmcoutpost_planter01
0x021FFA55,2,0,2,destruction-piece,jungle_wallgate|industrial_bld_refinery06
0x0302637C,2,0,2,destruction-piece,0x70D6FBD9|0xE9219C8A
0x0349F1B6,2,0,0,mesh-node,maracaibo_bld_skyscraper02|city_bld_skyscraper02
0x03CDA023,2,0,2,destruction-piece,aloutpost_bld_hanger|docks_bld_warehouse
0x040EA785,2,0,2,destruction-piece,civ_veh_car_pony_normal|civ_veh_car_pony_crappy
0x04A43972,2,0,0,mesh-node,al_veh_tank_m2a3|al_veh_tank_m2a3_m6
0x04E9F24A,2,0,0,mesh-node,proutpost_bld_bunker|village_bld_housestilts03
0x050CA3A0,2,0,0,mesh-node,ch_veh_tank_ztz63a|al_veh_tank_m1a2
0x050F3295,2,0,2,destruction-piece,0xA0EAF095|0xA79EE18C
0x053B2B2E,2,0,0,mesh-node,ch_veh_boat_destroyer|vz_veh_boat_type14311
0x05426087,2,0,0,mesh-node,city_bld_standalone01|maracaibo_bld_skyscraper01
0x05430199,2,0,0,mesh-node,global_veh_uh1huey|pmc_veh_helicopter_uh1huey
0x054A8B80,2,0,2,destruction-piece,shanty_bld_apartment01|shanty_bld_apartment02
0x055DBD70,2,0,0,mesh-node,ch_veh_boat_destroyer|vz_veh_boat_type14311
0x058AAA30,2,0,0,mesh-node,0x6871E4C5|estate_bld_mansion01
0x059B0B3F,2,0,2,destruction-piece,ch_veh_boat_destroyer|al_veh_boat_destroyer
0x05DF1B24,2,0,0,mesh-node,global_veh_uh1huey|pmc_veh_helicopter_uh1huey
0x05F02C1A,2,0,0,mesh-node,global_veh_rtr|0x9C3D4104
0x0654EB73,2,0,0,mesh-node,global_weapon_ffarrocket|global_weapon_rpgrocket
0x06756CF0,2,0,2,destruction-piece,global_veh_uh1huey|pmc_veh_helicopter_uh1huey
0x06793B41,2,0,0,mesh-node,vz_veh_helicopter_mi35hind|vz_veh_helicopter_mi35hind_solano
0x06FD06D9,2,0,0,mesh-node,global_veh_phoenix|civ_veh_car_phoenix_racing
0x078E8D36,2,0,0,mesh-node,ch_veh_boat_destroyer|al_veh_boat_destroyer
0x07ABC92A,2,0,0,mesh-node,global_veh_rib36|al_veh_boat_destroyer
0x07DA7FD4,2,0,2,destruction-piece,oc_veh_semi_austin|civ_veh_semi_austin
0x07E3634D,2,0,0,mesh-node,pmc_veh_truck_ext|pmc_veh_truck_monster_rtr
0x0842761F,2,0,0,mesh-node,vz_veh_plane_tucano|al_veh_plane_predator
0x086B6B8F,2,0,0,mesh-node,global_veh_hondacrx|civ_veh_car_crx_racing
0x087751E3,2,0,2,destruction-piece,cumana_bld_fortress01|caracas_bld_skytrammain
0x08A1F1EA,2,0,2,destruction-piece,caracas_rampgovernment02|caracas_rampgovernment01
0x08E4910D,2,0,0,mesh-node,white_bld_segment16x16a|0xFD0229C3
0x09E53CDD,2,0,0,mesh-node,jungle_env_treetall02|jungle_env_treetall03
0x09E77E5B,2,0,0,mesh-node,caracas_bld_parquecentral03|margarita_bld_condo01
0x0A0D8266,2,0,0,mesh-node,merida_bld_universityadmin|shanty_bld_housegroup03
0x0A1FC5D8,2,0,2,destruction-piece,island_bld_fortress01|caracas_bld_capitol
0x0A5CD3A7,2,0,0,mesh-node,global_veh_stingray|ch_veh_tank_ztz98
0x0A65DF0B,2,0,2,destruction-piece,village_bld_plantation02|outpost_bld_plantation02
0x0A79A38C,2,0,0,mesh-node,vz_veh_boat_type14311|ch_veh_boat_huangfeng
0x0A7C5CDD,2,0,2,destruction-piece,caracas_bld_parquecentral03|margarita_bld_condo01
0x0A9866EA,2,0,2,destruction-piece,oilrig_simple|maracaibo_bld_stagerepublica
0x0B4D90BC,2,0,0,mesh-node,0x19676216|global_veh_fordf150
0x0B4E7B7C,2,0,0,mesh-node,maracaibo_bld_skyscraper02|city_bld_skyscraper02
0x0B7CA9A4,2,0,2,destruction-piece,global_veh_phoenix|civ_veh_car_phoenix_racing
0x0B7D18F9,2,0,2,destruction-piece,civ_veh_truck_impact|civ_veh_truck_impact_sut
0x0B944E3B,2,0,0,mesh-node,global_veh_uh1huey|pmc_veh_helicopter_uh1huey
0x0BA02DB8,2,0,0,mesh-node,al_veh_plane_a10|ch_veh_plane_q5
0x0BAE5F49,2,0,0,mesh-node,maracaibo_bld_skyscraper02|caracas_bld_hospitalvargas
0x0BFA464F,2,0,0,mesh-node,global_veh_uh1huey|pmc_veh_helicopter_uh1huey
0x0C2B2224,2,0,2,destruction-piece,vz_veh_helicopter_alouetteiii|pr_veh_helicopter_alouetteiii
0x0C363173,2,0,0,mesh-node,chinaoutpost_bld_prison|residential_bld_corner16x16d
0x0CB04032,2,0,0,mesh-node,outpost_bld_warehouse01|outpost_bld_vzwarehouselarge
0x0CC2DBDC,2,0,0,mesh-node,pmcoutpost_fountain|0x6B432F1C
0x0CD05E38,2,0,0,mesh-node,ch_veh_helicopter_wz10|al_veh_helicopter_ah1z
0x0D28FEAC,2,0,0,mesh-node,0x19676216|global_veh_fordf150
0x0D488E81,2,0,0,mesh-node,maracaibo_bld_skyscraper02|city_bld_skyscraper02
0x0D594CDA,2,0,0,mesh-node,ch_veh_boat_destroyer|vz_veh_boat_type14311
0x0D716106,2,0,0,mesh-node,global_veh_uh1huey|pmc_veh_helicopter_uh1huey
0x0D71F647,2,0,0,mesh-node,global_weapon_quad50|vz_veh_towed_zu23aa
0x0D86399A,2,0,0,mesh-node,0x6871E4C5|estate_bld_mansion01
0x0D8D57DA,2,0,2,destruction-piece,0x01ED3D6F|0x1A9D89DF
0x0D9AC53E,2,0,0,mesh-node,pmc_veh_car_offroad_buggy|pmc_veh_car_rocket_buggy
0x0E1483EA,2,0,2,destruction-piece,maracaibo_bld_skyscraper02|industrial_bld_warehouselarge01
0x0E269F13,2,0,0,mesh-node,civ_veh_truck_bank|ch_veh_apc_wz551
0x0E5E6282,2,0,2,destruction-piece,global_veh_hondacrx|civ_veh_car_crx_racing
0x0E7791FA,2,0,0,mesh-node,jungle_env_treemedium01|jungle_env_smallcanopy02
0x0ECAA2A3,2,0,2,destruction-piece,caracas_bld_skytrammain|shanty_bld_house02
0x0F1B0EF0,2,0,0,mesh-node,0x4B9C42F1|pmcoutpost_planter01
0x0F2C7C3B,2,0,0,mesh-node,global_veh_stingray|vz_veh_tank_scorpion90
0x0FB4D069,2,0,2,destruction-piece,merida_bld_soccerstadium|maracaibo_bld_skyscraper01
0x0FC83C0E,2,0,2,destruction-piece,commercial_wall|outskirt_bld_mercbar
0x0FD16D53,2,0,0,mesh-node,ch_veh_helicopter_wz10|al_veh_helicopter_ah1z
0x0FD566AB,2,0,0,mesh-node,pmc_veh_car_vanquish|pmc_veh_car_vanquish_racer
0x1001E56B,2,0,0,mesh-node,cumana_bld_fortress01|0x7604B190
0x100AAFA2,2,0,2,destruction-piece,global_veh_phoenix|civ_veh_car_phoenix_racing
0x1093D9A1,2,0,0,mesh-node,margarita_bld_condo01|industrial_bld_warehouse02
0x10B0E651,2,0,0,mesh-node,ch_veh_truck_sx2150_cargo|al_veh_truck_mtv_cargo_50cal
0x10EBDBB6,2,0,0,mesh-node,global_veh_uh1huey|pmc_veh_helicopter_uh1huey
0x11E3EB3D,2,0,0,mesh-node,vz_veh_boat_patrol|civ_veh_boat_barco
0x11FA73D4,2,0,2,destruction-piece,vz_veh_helicopter_alouetteiii|oc_veh_helicopter_md500
0x125170CD,2,0,0,mesh-node,vz_veh_tank_scorpion90|civ_veh_bus_escort
0x126E8D38,2,0,0,mesh-node,proutpost_bld_bunker|village_bld_housestilts03
0x12AEBFDD,2,0,2,destruction-piece,global_veh_uh1huey|pmc_veh_helicopter_uh1huey
0x12C7F085,2,0,0,mesh-node,pmc_veh_car_vanquish|pmc_veh_car_vanquish_racer
0x12DA2133,2,0,0,mesh-node,caracas_bld_parquecentral03|margarita_bld_condo01
0x131754A9,2,0,0,mesh-node,merida_bld_pmcautoshop|estate_bld_mansion04
0x13435E10,2,0,0,mesh-node,chinaoutpost_bld_storage|chinaoutpost_bld_commbunker01
0x1346595C,2,0,0,mesh-node,maracaibo_bld_skyscraper02|city_bld_skyscraper02
0x136D0EFB,2,0,0,mesh-node,gr_veh_boat_turbosquid|oc_veh_boat_turbosquid
0x13CC2B38,2,0,0,mesh-node,ocoutpost_bld_guardpost01|chinaoutpost_bld_guardpost01
0x1409678B,2,0,0,mesh-node,industrial_bld_towerrefinerytall|industrial_bld_towerrefinerysmall
0x14988DFF,2,0,2,destruction-piece,groutpost_bld_cranemining|oilrig_bld_buildingc
0x154C3115,2,0,0,mesh-node,civ_veh_truck_transport|ch_veh_tank_ztz63a
0x15CD74BC,2,0,0,mesh-node,vz_veh_helicopter_mi35hind|vz_veh_helicopter_mi35hind_solano
0x1614B81A,2,0,2,destruction-piece,chinaoutpost_bld_prison|residential_bld_corner16x16d
0x164D8190,2,0,0,mesh-node,0x1FBFBB4B|vz_veh_tank_amx30_aa
0x16665DF0,2,0,0,mesh-node,al_veh_tank_m2a3|al_veh_tank_m2a3_m6
0x1676AF95,2,0,0,mesh-node,civ_veh_truck_garbage|pmc_veh_car_dragster
0x16917E5D,2,0,2,destruction-piece,pmc_veh_car_camo_veyron|civ_veh_car_veyron
0x16BF4962,2,0,0,mesh-node,shanty_bld_housegroup04|shanty_bld_housegroup03
0x16C0A144,2,0,0,mesh-node,0x7604B190|pmcoutpost_planter01
0x16FA354B,2,0,0,mesh-node,vz_veh_boat_type14311|al_veh_boat_markv
0x1712EC38,2,0,2,destruction-piece,island_bld_tower01|island_bld_bridge01
0x1735489B,2,0,0,mesh-node,pmc_veh_car_camo_veyron|civ_veh_car_veyron
0x175BE5AC,2,0,2,destruction-piece,global_veh_uh1huey|pmc_veh_helicopter_uh1huey
0x178DB739,2,0,0,model-root,0x178DB739|0x922D69A7
0x17BC4C00,2,0,2,destruction-piece,0x4B9C42F1|0xD7FCFD11
0x17BF6D8D,2,0,2,destruction-piece,oc_veh_semi_austin|civ_veh_semi_austin
0x18AEEFAC,2,0,0,mesh-node,0x3397DE30|0xFFB1CE7A
0x1923F496,2,0,2,destruction-piece,0x6871E4C5|estate_bld_mansion01
0x1953342A,2,0,0,mesh-node,pmc_veh_truck_cougar|pmc_veh_truck_monster_ridgeline
0x19B2A6A3,2,0,0,mesh-node,0x7604B190|pmcoutpost_planter01
0x19D84358,2,0,0,mesh-node,ch_veh_tank_plz45b|al_veh_tank_m1a2
0x19D994ED,2,0,2,destruction-piece,caracas_walllong|outskirt_bld_mercbar
0x19E830FC,2,0,0,mesh-node,al_veh_plane_a10|ch_veh_plane_q5
0x1A524C61,2,0,0,mesh-node,al_veh_tank_m2a3|al_veh_tank_m2a3_m6
0x1B1663DA,2,0,2,destruction-piece,0xB0D4E642|pmcoutpost_planter01
0x1B1C5717,2,0,2,destruction-piece,0x6871E4C5|estate_bld_mansion01
0x1B255594,2,0,0,mesh-node,chinaoutpost_bld_storage|chinaoutpost_bld_commbunker01
0x1B52BCBF,2,0,2,destruction-piece,merida_bld_universityadmin|shanty_bld_housegroup03
0x1B5D092B,2,0,2,destruction-piece,white_bld_segment16x16a|0xFD0229C3
0x1B84464C,2,0,0,mesh-node,city_bld_segment32x32b|maracaibo_bld_historical02
0x1BDE49A0,2,0,2,destruction-piece,city_bld_skyscraper02|aloutpost_bld_command
0x1BE51271,2,0,0,mesh-node,ch_veh_tank_plz45b|al_veh_tank_m1a2
0x1BEBD137,2,0,0,mesh-node,shanty_bld_housegroup04|shanty_bld_housegroup03
0x1C0AD8A3,2,0,0,mesh-node,0x4B9C42F1|pmcoutpost_planter01
0x1C184A81,2,0,0,mesh-node,global_env_bushlarge02|global_env_bush01
0x1C38238A,2,0,0,mesh-node,global_veh_uh1huey|pmc_veh_helicopter_uh1huey
0x1C784588,2,0,2,destruction-piece,maracaibo_bld_skyscraper02|industrial_bld_warehouselarge01
0x1CE4A7B8,2,0,0,mesh-node,global_veh_uh1huey|pmc_veh_helicopter_uh1huey
0x1CE8EE63,2,0,2,destruction-piece,0x0D0B8CF5|0x60497640
0x1D0C9714,2,0,0,mesh-node,al_veh_plane_a10|ch_veh_plane_q5
0x1D2DC401,2,0,2,destruction-piece,global_veh_uh1huey|pmc_veh_helicopter_uh1huey
0x1D3B9C4B,2,0,0,mesh-node,0x7604B190|pmcoutpost_planter01
0x1D5B36BD,2,0,2,destruction-piece,groutpost_bld_earthmover|village_bld_farmhouse
0x1DEC281E,2,0,2,destruction-piece,chinaoutpost_bld_prison|residential_bld_corner16x16d
0x1E2240EB,2,0,2,destruction-piece,oc_veh_semi_austin|civ_veh_semi_austin
0x1EC2A174,2,0,2,destruction-piece,aloutpost_bld_hanger|industrial_bld_warehouse02
0x1EE9DFA4,2,0,0,mesh-node,civ_veh_car_r90_limo|civ_veh_car_r90
0x1F1324FD,2,0,0,mesh-node,vz_veh_helicopter_mi35hind|vz_veh_helicopter_mi35hind_solano
0x1F7BACD2,2,0,0,mesh-node,0x1FBFBB4B|global_veh_stingray
0x1FFFF4B2,2,0,0,mesh-node,pmc_veh_car_offroad_buggy|pmc_veh_car_rocket_buggy
0x20063CFA,2,0,0,mesh-node,maracaibo_park|0x1FBFBB4B
0x204A87AF,2,0,0,mesh-node,oc_veh_semi_austin|civ_veh_semi_austin
0x2070597F,2,0,2,destruction-piece,global_veh_uh1huey|pmc_veh_helicopter_uh1huey
0x207A40E8,2,0,2,destruction-piece,caracas_bld_parquecentral03|margarita_bld_condo01
0x2090503C,2,0,2,destruction-piece,pmc_veh_car_panhard|al_veh_boat_markv
0x209B7313,2,0,2,destruction-piece,caracas_wallshort|industrial_bld_gasstationpump01
0x20C49CB1,2,0,0,mesh-node,vz_veh_apc_m113_command|ch_veh_tank_pgz95
0x20CF1344,2,0,0,mesh-node,global_veh_uh1huey|pmc_veh_helicopter_uh1huey
0x20FCAC14,2,0,0,mesh-node,mountain_bld_bunkerdestroyed|mountain_blastdoors
0x211480B2,2,0,0,mesh-node,0x7604B190|pmcoutpost_planter01
0x211A5DEE,2,0,0,mesh-node,maracaibo_bld_skyscraper02|city_bld_skyscraper02
0x2136FC69,2,0,0,mesh-node,maracaibo_bld_skyscraper02|caracas_bld_hospitalvargas
0x2196A6CB,2,0,0,mesh-node,ch_veh_tank_ztz63a|al_veh_tank_m1a2
0x219B23F9,2,0,0,mesh-node,ch_veh_tank_ztz63a|al_veh_tank_m1a2
0x21A4A9E1,2,0,0,mesh-node,pmc_veh_truck_cougar|pmc_veh_truck_monster_ridgeline
0x2229512A,2,0,2,destruction-piece,outpost_bld_warehouse01|shanty_bld_housegroup04
0x2236EBF1,2,0,0,mesh-node,cumana_bld_corner16x16c|city_bld_corner16x16c
0x22434E6F,2,0,0,mesh-node,al_veh_tank_m2a3|al_veh_tank_m2a3_m6
0x224AC5C1,2,0,2,destruction-piece,city_bld_skyscraper02|caracas_bld_capitol
0x22991FF7,2,0,0,mesh-node,global_veh_uh1huey|pmc_veh_helicopter_uh1huey
0x22D67A9F,2,0,0,mesh-node,maracaibo_bld_skyscraper02|industrial_bld_warehouselarge01
0x2347B8A4,2,0,0,mesh-node,pmcoutpost_fountain|0x6B432F1C
0x2352C4DC,2,0,2,destruction-piece,0x0D0B8CF5|0x60497640
0x23769590,2,0,2,destruction-piece,oc_veh_semi_austin|civ_veh_semi_austin
0x238E4E00,2,0,2,destruction-piece,0x3C9A5987|0xEA7F9F3F
0x23DA1BE7,2,0,0,mesh-node,pr_veh_boat_cutter|al_veh_boat_markv
0x23E13A5B,2,0,2,destruction-piece,pmc_veh_car_camo_veyron|civ_veh_car_veyron
0x23E99C37,2,0,0,mesh-node,ch_veh_tank_plz45b|al_veh_tank_m1a2
0x2418D289,2,0,0,mesh-node,0x7604B190|pmcoutpost_planter01
0x247EE2D4,2,0,0,mesh-node,global_veh_stingray|vz_veh_tank_scorpion90
0x24B55720,2,0,2,destruction-piece,caracas_bld_theater01|outpost_bld_govtbld
0x24C26AAA,2,0,2,destruction-piece,merida_bld_universityadmin|shanty_bld_housegroup03
0x24C50CEE,2,0,2,destruction-piece,gr_veh_truck_m151_50cal|ch_veh_truck_nglv_armored_50cal
0x250DBE9E,2,0,2,destruction-piece,caracas_bld_historical02|city_bld_apartment04
0x25162D90,2,0,0,mesh-node,chinaoutpost_bld_commbunker01|maracaibo_bld_skyscraper01
0x2567CF0B,2,0,2,destruction-piece,commercial_bld_firestation|ocoutpost_bld_warehouse01
0x2583EE80,2,0,2,destruction-piece,gr_veh_truck_m151_50cal|ch_veh_truck_nglv_armored_50cal
0x25BDB8A7,2,0,0,mesh-node,oc_veh_semi_austin|civ_veh_semi_austin
0x25FC59E5,2,0,2,destruction-piece,pmc_veh_truck_cougar|pmc_veh_truck_monster_ridgeline
0x260FD870,2,0,2,destruction-piece,aloutpost_bld_hanger|industrial_bld_warehouse02
0x261FF4DA,2,0,0,mesh-node,global_veh_uh1huey|pmc_veh_helicopter_uh1huey
0x26F69968,2,0,2,destruction-piece,outpost_bld_warehouse01|outpost_bld_vzwarehouselarge
0x272A3E33,2,0,2,destruction-piece,maracaibo_bld_skyscraper02|industrial_bld_warehouselarge01
0x275C0162,2,0,0,mesh-node,white_bld_segment16x16a|0xFD0229C3
0x2764A4F4,2,0,2,destruction-piece,0x09139BCD|0x759BDE16
0x27C61D42,2,0,2,destruction-piece,outpost_bld_warehouse01|outpost_bld_vzwarehouselarge
0x281419B7,2,0,0,mesh-node,al_veh_tank_m2a3|al_veh_tank_m2a3_m6
0x2848909C,2,0,2,destruction-piece,city_bld_skyscraper02|caracas_bld_capitol
0x28727E6E,2,0,2,destruction-piece,shanty_bld_house02|0xC68ADB00
0x29062DAD,2,0,2,destruction-piece,white_bld_segment16x16a|0xFD0229C3
0x2915B50F,2,0,2,destruction-piece,maracaibo_bld_skyscraper02|industrial_bld_warehouselarge01
0x297380DA,2,0,2,destruction-piece,island_bld_bridge01|oilrig_bld_buildingc
0x297CD469,2,0,0,mesh-node,pmc_hum_mattias|pmc_hum_mattias_v4
0x2A497403,2,0,0,mesh-node,maracaibo_bld_corner32x32b|commercial_bld_segment8x16c
0x2AC99626,2,0,0,mesh-node,0x7604B190|pmcoutpost_planter01
0x2B85C26E,2,0,2,destruction-piece,0x4B9C42F1|0xD7FCFD11
0x2B89DD6A,2,0,2,destruction-piece,0x3C9A5987|0xEA7F9F3F
0x2BA1E98E,2,0,0,mesh-node,ch_veh_boat_destroyer|al_veh_boat_destroyer
0x2BDAEAB5,2,0,0,mesh-node,al_veh_plane_ac130_spooky|al_veh_plane_c130
0x2C03DBDB,2,0,0,mesh-node,margarita_bld_club01|city_bld_segment16x16a
0x2C0EC9DD,2,0,2,destruction-piece,civ_veh_car_pony_normal|civ_veh_car_pony_crappy
0x2C0FF683,2,0,0,mesh-node,merida_bld_universityadmin|shanty_bld_housegroup03
0x2C3AE101,2,0,0,mesh-node,chinaoutpost_bld_prison|residential_bld_corner16x16d
0x2C81B931,2,0,0,mesh-node,jungle_env_treetall03|jungle_env_largecanopy01
0x2CA1FDC8,2,0,2,destruction-piece,ocoutpost_bld_guardpost01|chinaoutpost_bld_guardpost01
0x2CA47CE4,2,0,0,mesh-node,outskirt_bld_market04|global_fueltankcarlarge
0x2CAB1BF0,2,0,0,mesh-node,civ_veh_truck_garbage|civ_veh_car_taxi_shuttle
0x2CC89501,2,0,2,destruction-piece,global_veh_uh1huey|pmc_veh_helicopter_uh1huey
0x2D343607,2,0,0,mesh-node,global_veh_uh1huey|pmc_veh_helicopter_uh1huey
0x2DBB8B4F,2,0,0,mesh-node,al_veh_plane_a10|ch_veh_plane_q5
0x2E2A07F9,2,0,2,destruction-piece,shanty_bld_house02|0xC68ADB00
0x2E397F1F,2,0,0,mesh-node,cumana_bld_corner16x16c|city_bld_corner16x16c
0x2E3ACF7A,2,0,2,destruction-piece,industrial_bld_warehouselarge02|outpost_bld_vzwarehouselarge
0x2EB2B44F,2,0,0,mesh-node,outpost_bld_warehouse01|outpost_bld_vzwarehouselarge
0x2ED22ACC,2,0,2,destruction-piece,ocoutpost_bld_hq|groutpost_bld_earthmover
0x2ED74F83,2,0,0,mesh-node,ch_veh_helicopter_wz10|al_veh_helicopter_ah1z
0x2F2C4CD2,2,0,2,destruction-piece,caracas_rampgovernment02|caracas_rampgovernment01
0x2F546E40,2,0,0,mesh-node,ch_veh_truck_sx2150_mlrs|ch_veh_helicopter_ka29b
0x2F9C4629,2,0,0,mesh-node,industrial_bld_warehouse05|airport_bld_terminal01
0x2F9D395B,2,0,0,mesh-node,pmc_veh_car_offroad_buggy|pmc_veh_car_rocket_buggy
0x305E23A2,2,0,2,destruction-piece,oc_veh_semi_austin|civ_veh_semi_austin
0x3067BB25,2,0,0,mesh-node,vz_veh_helicopter_alouetteiii|pr_veh_helicopter_alouetteiii
0x30A1CDA1,2,0,0,mesh-node,commercial_bld_firestation|ocoutpost_bld_warehouse01
0x30B691DE,2,0,2,destruction-piece,0x45CC35FE|0x4AB6F9B6
0x310F8DD1,2,0,0,mesh-node,global_veh_rtr|0x9C3D4104
0x317B1634,2,0,2,destruction-piece,civ_veh_truck_impact|civ_veh_truck_impact_sut
0x31CBA02E,2,0,0,mesh-node,shanty_bld_housegroup04|shanty_bld_housegroup03
0x31E2F0B3,2,0,0,mesh-node,civ_veh_trailer_flatbed|civ_veh_trailer_box
0x31EE3270,2,0,0,mesh-node,shanty_bld_housegroup04|shanty_bld_housegroup03
0x31F3101D,2,0,0,mesh-node,aloutpost_bld_command|maracaibo_bld_skyscraper01
0x32096CC6,2,0,2,destruction-piece,merida_bld_universityadmin|commercial_wallshort
0x3238ABDC,2,0,0,mesh-node,chinaoutpost_bld_prison|residential_bld_corner16x16d
0x3250D5EF,2,0,0,mesh-node,global_veh_uh1huey|pmc_veh_helicopter_uh1huey
0x32666A0E,2,0,2,destruction-piece,aloutpost_bld_hanger|merida_bld_soccerstadium
0x3293C48E,2,0,0,mesh-node,vz_veh_helicopter_mi35hind|vz_veh_helicopter_mi35hind_solano
0x32DED0C1,2,0,0,mesh-node,caracas_bld_parquecentral03|margarita_bld_condo01
0x3305907C,2,0,2,destruction-piece,0xD7FCFD11|pmcoutpost_planter01
0x3339D58C,2,0,2,destruction-piece,oc_veh_semi_austin|civ_veh_semi_austin
0x338E4DEB,2,0,0,mesh-node,al_veh_tank_m2a3|al_veh_tank_m2a3_m6
0x3392A9AE,2,0,0,mesh-node,caracas_bld_parquecentral03|margarita_bld_condo01
0x33A57A24,2,0,0,mesh-node,caracas_bld_parquecentral03|margarita_bld_condo01
0x33A5D8DF,2,0,2,destruction-piece,oilrig_bld_buildingc|oilrig_bld_buildingd
0x3443ECE3,2,0,2,destruction-piece,vz_veh_helicopter_mi35hind|vz_veh_helicopter_mi35hind_solano
0x345A87A0,2,0,2,destruction-piece,outpost_bld_municipal_fence|global_pile06
0x34A976B8,2,0,0,mesh-node,groutpost_bld_shackfuselage|industrial_bld_warehouse05
0x34F443B8,2,0,0,mesh-node,pr_veh_boat_cutter|al_veh_boat_markv
0x3515314D,2,0,0,mesh-node,0x54BC61A2|global_weapon_emplaced_tow
0x354DA32B,2,0,2,destruction-piece,0x493FD997|proutpost_bld_garageboat
0x356047FF,2,0,0,mesh-node,global_veh_uh1huey|pmc_veh_helicopter_uh1huey
0x3583466E,2,0,2,destruction-piece,maracaibo_bld_skyscraper02|industrial_bld_warehouselarge01
0x3598419D,2,0,0,mesh-node,maracaibo_lampposta|commercial_lightclinic
0x35D3E7BC,2,0,0,mesh-node,ch_veh_helicopter_wz10|al_veh_helicopter_ah1z
0x35DCA0BD,2,0,0,mesh-node,oc_veh_truck_ext|global_veh_winch_magnet
0x35E88411,2,0,0,mesh-node,merida_bld_soccerstadium|estate_bld_mansion01
0x35EEE7DC,2,0,2,destruction-piece,aloutpost_bld_supplydepot|outpost_bld_vzwarehouselarge
0x35EFDCBD,2,0,0,mesh-node,vz_veh_helicopter_mi35hind|vz_veh_helicopter_mi35hind_solano
0x36617A4F,2,0,2,destruction-piece,oilrig_simple|outpost_bld_govtbld
0x36C4317D,2,0,2,destruction-piece,residential_bld_corner16x16a|residential_bld_corner16x16c
0x370D58AC,2,0,0,mesh-node,global_veh_rtr|0x9C3D4104
0x3752ECB6,2,0,0,mesh-node,0xB6E49B02|pmcoutpost_planter01
0x3759E356,2,0,2,destruction-piece,merida_bld_universityadmin|global_pile05
0x37F87848,2,0,0,mesh-node,cumana_bld_hoteltwostar01|estate_bld_mansion02
0x383B2444,2,0,2,destruction-piece,0x1D20E058|0xB3EFDFAC
0x389C056B,2,0,0,mesh-node,0x19676216|global_veh_fordf150
0x38A558C4,2,0,0,mesh-node,civ_veh_truck_ambulance|civ_veh_car_l300_racing
0x38A6B26B,2,0,2,destruction-piece,groutpost_bld_shacktall01|aloutpost_bld_barracks01
0x38FF5E2B,2,0,0,mesh-node,global_veh_uh1huey|pmc_veh_helicopter_uh1huey
0x398D1EE1,2,0,0,mesh-node,0x1FBFBB4B|global_veh_stingray
0x399126B8,2,0,0,mesh-node,0x13709C60|al_veh_truck_hmmwv_avenger
0x3995A3E6,2,0,0,mesh-node,0x13709C60|al_veh_truck_hmmwv_avenger
0x39ACCFA3,2,0,2,destruction-piece,oc_veh_semi_fueltrailer|global_weapon_quad50
0x39B5EF06,2,0,0,mesh-node,gr_veh_boat_cigarette|pmc_veh_boat_cigarette
0x39E9C1DA,2,0,0,mesh-node,shanty_bld_housegroup04|shanty_bld_housegroup03
0x3A0DF68C,2,0,2,destruction-piece,merida_bld_universityadmin|commercial_wallshort
0x3A2D1198,2,0,0,mesh-node,civ_veh_plane_727jet|al_veh_boat_destroyer
0x3A589E69,2,0,0,mesh-node,global_veh_uh1huey|pmc_veh_helicopter_uh1huey
0x3A6A97FF,2,0,0,mesh-node,0x4B9C42F1|0xD7FCFD11
0x3AA51EFA,2,0,0,mesh-node,al_veh_plane_ac130_spooky|al_veh_plane_c130
0x3AAE29E1,2,0,0,mesh-node,vz_veh_plane_tucano|pmc_veh_plane_mig27
0x3AC1F06E,2,0,0,mesh-node,vz_veh_helicopter_mi35hind|vz_veh_helicopter_mi35hind_solano
0x3AC60895,2,0,2,destruction-piece,oc_veh_semi_austin|civ_veh_semi_austin
0x3AF77C13,2,0,0,mesh-node,vz_veh_helicopter_mi35hind|vz_veh_helicopter_mi35hind_solano
0x3B56E8F6,2,0,0,mesh-node,0x6B432F1C|0xBEC05BF8
0x3B97DA61,2,0,2,destruction-piece,commercial_bld_firestation|ocoutpost_bld_warehouse01
0x3BA70A3E,2,0,0,mesh-node,vz_veh_helicopter_mi35hind|vz_veh_helicopter_mi35hind_solano
0x3BE64EEC,2,0,0,mesh-node,merida_bld_soccerstadium|estate_bld_mansion01
0x3C5D35A0,2,0,2,destruction-piece,global_trafficlight01|global_trafficlight02
0x3CA0771C,2,0,0,mesh-node,vz_veh_helicopter_mi35hind|vz_veh_helicopter_mi35hind_solano
0x3D359565,2,0,0,mesh-node,global_veh_uh1huey|pmc_veh_helicopter_uh1huey
0x3D38AC14,2,0,2,destruction-piece,aloutpost_bld_storage|industrial_bld_silowide
0x3D7F547D,2,0,0,mesh-node,gr_veh_truck_m151_50cal|civ_veh_semi_austin
0x3DCEABED,2,0,0,mesh-node,pmcoutpost_bld_hq|pmcoutpost_planter01
0x3DD721C6,2,0,0,mesh-node,0x19676216|global_veh_fordf150
0x3DD75162,2,0,2,destruction-piece,0xD7FCFD11|pmcoutpost_planter01
0x3DD9861F,2,0,0,mesh-node,merida_bld_soccerstadium|estate_bld_mansion01
0x3E167AF0,2,0,0,mesh-node,al_veh_tank_m2a3|al_veh_tank_m2a3_m6
0x3E2B4B18,2,0,0,mesh-node,ch_veh_apc_zbd2000|ch_veh_tank_ztz98
0x3E4603B7,2,0,0,mesh-node,0x4B9C42F1|pmcoutpost_planter01
0x3E844E16,2,0,0,mesh-node,aloutpost_bld_largetentextensiona|aloutpost_bld_largetent
0x3E88AA1D,2,0,0,mesh-node,ch_veh_tank_pgz95|ch_veh_tank_pgz95_command
0x3F0670CB,2,0,2,destruction-piece,pmcoutpost_bld_hq|0xF4AF3C5B
0x3F2ECB19,2,0,0,mesh-node,al_veh_tank_m2a3|al_veh_tank_m2a3_m6
0x3F4C9356,2,0,2,destruction-piece,white_bld_segment16x16a|0xFD0229C3
0x3FB1A80A,2,0,2,destruction-piece,0x6871E4C5|estate_bld_mansion01
0x3FDA8803,2,0,0,mesh-node,vz_veh_helicopter_mi35hind|vz_veh_helicopter_mi35hind_solano
0x408736C8,2,0,0,mesh-node,global_env_bushlarge02|global_env_bush01
0x40914030,2,0,2,destruction-piece,civ_veh_truck_impact|civ_veh_truck_impact_sut
0x409E60F7,2,0,2,destruction-piece,oilrig_bld_buildinga|0xFD0229C3
0x40B21FFD,2,0,0,mesh-node,vz_veh_boat_type14311|al_veh_boat_markv
0x4105E2BE,2,0,2,destruction-piece,island_bld_bridge01|oilrig_bld_buildingc
0x41156CED,2,0,2,destruction-piece,island_bld_tower01|island_bld_bridge01
0x4119F714,2,0,0,mesh-node,civ_veh_car_pony_normal|civ_veh_car_pony_crappy
0x41233D59,2,0,0,mesh-node,civ_veh_car_pony_normal|civ_veh_car_pony_crappy
0x41A45998,2,0,0,mesh-node,ch_veh_tank_pgz95|ch_veh_tank_pgz95_command
0x41BE05C8,2,0,2,destruction-piece,caracas_bld_theater01|industrial_bld_warehouse02
0x41E78CDA,2,0,0,mesh-node,ch_veh_tank_plz45b|al_veh_tank_m1a2
0x41F62F6E,2,0,0,mesh-node,commercial_bld_firestation|ocoutpost_bld_warehouse01
0x4218C1B0,2,0,0,mesh-node,commercial_bld_firestation|ocoutpost_bld_warehouse01
0x4285B51D,2,0,0,mesh-node,jungle_wallgate|jungle_bld_ruinshotelfront
0x42F88AA1,2,0,0,mesh-node,city_bld_skyscraper03|city_bld_skyscraper02
0x4316F4CF,2,0,0,mesh-node,0x7604B190|pmcoutpost_planter01
0x433E16B4,2,0,0,mesh-node,0x7604B190|pmcoutpost_planter01
0x43680FA1,2,0,2,destruction-piece,outpost_bld_warehouse01|outpost_bld_vzwarehouselarge
0x438BECFC,2,0,0,model-root,0x20146000|0x438BECFC
0x439CA597,2,0,2,destruction-piece,commercial_bld_firestation|ocoutpost_bld_warehouse01
0x43A27F97,2,0,0,mesh-node,0x13709C60|al_veh_truck_hmmwv_avenger
0x43B128B1,2,0,0,mesh-node,ch_veh_tank_pgz95|ch_veh_tank_pgz95_command
0x43B9A158,2,0,2,destruction-piece,outskirt_bld_mercbar|outskirt_bld_house05
0x43C03371,2,0,2,destruction-piece,shanty_bld_apartment01|city_bld_apartment01
0x43CAD4E1,2,0,2,destruction-piece,caracas_bld_theater01|outskirt_bld_mercbar
0x43DAC40D,2,0,0,mesh-node,ch_veh_tank_plz45b|al_veh_tank_m1a2
0x44ACBF78,2,0,2,destruction-piece,0xD7FCFD11|pmcoutpost_planter01
0x44BD9C33,2,0,0,mesh-node,pmc_hum_chris|pmc_hum_chris_v2
0x45070D1B,2,0,2,destruction-piece,global_veh_uh1huey|pmc_veh_helicopter_uh1huey
0x457C869D,2,0,0,mesh-node,pmc_hum_chris|pmc_hum_chris_v2
0x4598BC15,2,0,0,model-root,0x4598BC15|0x6E17152D
0x45B8631D,2,0,0,mesh-node,vz_veh_helicopter_mi35hind|vz_veh_helicopter_mi35hind_solano
0x45D3C032,2,0,0,mesh-node,shanty_bld_housegroup04|shanty_bld_housegroup03
0x45FC1F52,2,0,0,mesh-node,0x19676216|global_veh_fordf150
0x46120A5A,2,0,0,mesh-node,al_veh_tank_m2a3|al_veh_tank_m2a3_m6
0x4632394C,2,0,0,mesh-node,0x19676216|global_veh_fordf150
0x464BC5AB,2,0,2,destruction-piece,groutpost_bld_cranemining|oilrig_bld_buildingc
0x471032BB,2,0,2,destruction-piece,caracas_bld_historical02|city_bld_apartment02
0x4714AFE9,2,0,2,destruction-piece,caracas_bld_historical02|city_bld_apartment02
0x47290FA5,2,0,2,destruction-piece,pmcoutpost_bld_hq|0xF4AF3C5B
0x472EEDC1,2,0,2,destruction-piece,maracaibo_bld_skyscraper02|industrial_bld_warehouselarge01
0x4730EFC8,2,0,2,destruction-piece,caracas_rampgovernment02|caracas_rampgovernment01
0x47893CDB,2,0,0,mesh-node,global_veh_stingray|vz_veh_tank_scorpion90
0x47992134,2,0,0,mesh-node,ch_veh_tank_ztz63a|al_veh_tank_m1a2
0x47BCCF93,2,0,0,mesh-node,global_veh_rtr|0x9C3D4104
0x47FCB404,2,0,2,destruction-piece,maracaibo_bld_skyscraper02|industrial_bld_warehouselarge01
0x47FF3E2B,2,0,0,mesh-node,0xD7FCFD11|pmcoutpost_planter01
0x4834F3CA,2,0,2,destruction-piece,proutpost_bld_surveillance|proutpost_bld_garageboat
0x4853C88A,2,0,0,mesh-node,al_veh_tank_m2a3|al_veh_tank_m2a3_m6
0x4869630E,2,0,0,mesh-node,civ_veh_boat_saltonsea|pr_veh_boat_saltonsea
0x48C1E790,2,0,2,destruction-piece,global_trafficlight01|global_trafficlight02
0x48D3C604,2,0,0,mesh-node,ch_veh_apc_zbd2000|ch_veh_apc_wz551
0x492CD45D,2,0,0,mesh-node,aloutpost_bld_command|maracaibo_bld_skyscraper01
0x49C8F2BB,2,0,2,destruction-piece,aloutpost_bld_hanger|docks_bld_warehouse
0x49F008DC,2,0,0,mesh-node,oc_veh_semi_austin|civ_veh_semi_austin
0x4A006194,2,0,2,destruction-piece,commercial_bld_firestation|ocoutpost_bld_warehouse01
0x4A0B1C4F,2,0,2,destruction-piece,white_bld_segment16x16a|0xFD0229C3
0x4A24349A,2,0,0,mesh-node,pmc_hum_fiona|pmc_hum_fiona_unlockable
0x4A4649FA,2,0,2,destruction-piece,gr_veh_truck_m35_tanker|vz_veh_truck_m35_tanker
0x4A4DA199,2,0,2,destruction-piece,maracaibo_bld_skyscraper02|industrial_bld_warehouselarge01
0x4AB45948,2,0,0,mesh-node,ch_veh_boat_destroyer|al_veh_boat_destroyer
0x4AEA9E0B,2,0,2,destruction-piece,outskirt_bld_mercbar|chinaoutpost_bld_hangar01
0x4AEF1B39,2,0,2,destruction-piece,outskirt_bld_mercbar|chinaoutpost_bld_hangar01
0x4B202E3A,2,0,0,mesh-node,civ_veh_truck_impact|civ_veh_truck_impact_sut
0x4BA22ABF,2,0,0,mesh-node,ch_veh_tank_pgz95|ch_veh_tank_pgz95_command
0x4BA2A98A,2,0,0,mesh-node,global_veh_uh1huey|pmc_veh_helicopter_uh1huey
0x4C3872C2,2,0,0,mesh-node,vz_veh_helicopter_mi35hind|vz_veh_helicopter_mi35hind_solano
0x4C3E5DFE,2,0,0,mesh-node,chinaoutpost_bld_prison|residential_bld_corner16x16d
0x4C55AAD6,2,0,0,mesh-node,0x4B9C42F1|0xD7FCFD11
0x4CE17277,2,0,2,destruction-piece,maracaibo_bld_skyscraper02|industrial_bld_warehouselarge01
0x4CE4F862,2,0,0,mesh-node,al_veh_tank_m2a3|al_veh_tank_m2a3_m6
0x4CE6A01E,2,0,2,destruction-piece,oilrig_bld_buildingc|oilrig_bld_buildingd
0x4D03C490,2,0,2,destruction-piece,residential_bld_corner16x16a|cumana_bld_hotelfourstar01
0x4D2CB89C,2,0,2,destruction-piece,maracaibo_bld_skyscraper02|industrial_bld_warehouselarge01
0x4D6AAA44,2,0,2,destruction-piece,merida_bld_pmcautoshop|merida_bld_universityadmin
0x4DA2CDEF,2,0,2,destruction-piece,shanty_bld_house02|0xC68ADB00
0x4DA3647B,2,0,0,mesh-node,caracas_bld_parquecentral03|margarita_bld_condo01
0x4DA7E1A9,2,0,0,mesh-node,caracas_bld_parquecentral03|margarita_bld_condo01
0x4DACB5BE,2,0,2,destruction-piece,industrial_bld_gasstationpump02|maracaibo_bld_gasstationpump02
0x4DB7727F,2,0,2,destruction-piece,outskirt_bld_mercbar|outskirt_bld_house05
0x4DE0BB6C,2,0,2,destruction-piece,jungle_bld_ruinshotelfront|proutpost_bld_guardtower01
0x4E48F44B,2,0,0,mesh-node,pmc_hum_mattias_v2|pmc_hum_mattias_chickensuit
0x4E7978DF,2,0,0,mesh-node,vz_veh_tank_scorpion90|civ_veh_bus_escort
0x4EC352A2,2,0,2,destruction-piece,ocoutpost_bld_hq|groutpost_bld_earthmover
0x4EF4D4BC,2,0,0,mesh-node,gr_veh_boat_cigarette|pmc_veh_boat_cigarette
0x4F038C58,2,0,2,destruction-piece,white_bld_segment16x16a|0xFD0229C3
0x4F2F8ECF,2,0,2,destruction-piece,village_bld_farmhouse|city_bld_corner16x32a
0x4FED0EBD,2,0,0,mesh-node,mountain_bld_bunkerdestroyed|estate_bld_mansion01
0x506A88ED,2,0,2,destruction-piece,oc_veh_semi_austin|civ_veh_semi_austin
0x50796CC0,2,0,0,mesh-node,global_veh_rtr|0x9C3D4104
0x50C5514E,2,0,0,mesh-node,global_veh_uh1huey|pmc_veh_helicopter_uh1huey
0x50CFF3AC,2,0,2,destruction-piece,0xA0EAF095|0xA79EE18C
0x5113D433,2,0,0,mesh-node,civ_veh_trailer_flatbed|civ_veh_trailer_box
0x51235990,2,0,0,mesh-node,maracaibo_bld_skyscraper02|industrial_bld_warehouselarge01
0x512EC0EF,2,0,2,destruction-piece,caracas_rampgovernment02|caracas_rampgovernment01
0x513C169F,2,0,0,mesh-node,maracaibo_park|0x1FBFBB4B
0x514F2C7C,2,0,2,destruction-piece,island_bld_tower01|island_bld_bridge01
0x518C3E8E,2,0,0,mesh-node,al_veh_tank_m2a3|al_veh_tank_m2a3_m6
0x51A3C982,2,0,2,destruction-piece,oilrig_bld_buildingc|oilrig_bld_buildingd
0x51A9C2DE,2,0,0,mesh-node,vz_veh_helicopter_mi35hind|vz_veh_helicopter_mi35hind_solano
0x51AFB679,2,0,0,mesh-node,global_veh_uh1huey|pmc_veh_helicopter_uh1huey
0x521E251D,2,0,0,mesh-node,0x13709C60|al_veh_truck_hmmwv_avenger
0x5241C38D,2,0,0,mesh-node,0x19676216|global_veh_fordf150
0x52522B5F,2,0,2,destruction-piece,maracaibo_bld_skyscraper02|industrial_bld_warehouselarge01
0x526C11A4,2,0,2,destruction-piece,caracas_rampgovernment02|caracas_rampgovernment01
0x52BD8329,2,0,2,destruction-piece,0x45CC35FE|0x4AB6F9B6
0x52C27776,2,0,0,model-root,al_veh_plane_a10|global_weapon_clusterbomb
0x52E5F41A,2,0,0,mesh-node,industrial_bld_gasstationpump02|maracaibo_bld_gasstationpump02
0x533E28EE,2,0,0,mesh-node,pmc_hum_mattias|pmc_hum_mattias_v4
0x535F3F71,2,0,2,destruction-piece,chinaoutpost_bld_prison|residential_bld_corner16x16d
0x53D4A7D8,2,0,0,mesh-node,vz_veh_helicopter_alouetteiii|pr_veh_helicopter_alouetteiii
0x53E38BBC,2,0,0,mesh-node,vz_veh_helicopter_mi35hind|vz_veh_helicopter_mi35hind_solano
0x544D2AB6,2,0,0,mesh-node,0x19676216|global_veh_fordf150
0x54868E28,2,0,0,mesh-node,ch_veh_tank_pgz95|ch_veh_tank_pgz95_command
0x54A55871,2,0,2,destruction-piece,island_bld_bridge01|oilrig_bld_buildingd
0x54CE0E92,2,0,0,mesh-node,ch_veh_apc_zbd2000|ch_veh_tank_ztz98
0x54F82758,2,0,0,mesh-node,global_veh_stingray|ch_veh_tank_ztz98
0x554650BA,2,0,0,mesh-node,0x8B69284B|merida_bld_hotel
0x5551CFDF,2,0,2,destruction-piece,outpost_bld_warehouse01|outpost_bld_vzwarehouselarge
0x55AB2FB0,2,0,2,destruction-piece,outpost_bld_warehouse01|outpost_bld_vzwarehouselarge
0x55B24492,2,0,0,mesh-node,vz_veh_boat_type14311|al_veh_boat_markv
0x55D66343,2,0,2,destruction-piece,chinaoutpost_bld_prison|residential_bld_corner16x16d
0x55E85E8C,2,0,0,mesh-node,vz_veh_boat_type14311|al_veh_boat_markv
0x56077F01,2,0,0,mesh-node,shanty_bld_housegroup04|shanty_bld_housegroup03
0x562AE3B6,2,0,0,mesh-node,aloutpost_bld_hanger|merida_bld_soccerstadium
0x56950CCB,2,0,2,destruction-piece,village_bld_plantation03|global_pile04
0x569989F9,2,0,2,destruction-piece,village_bld_plantation03|global_pile04
0x56A0C230,2,0,2,destruction-piece,oilrig_bld_buildinga|0xFD0229C3
0x56AC1E21,2,0,0,mesh-node,pr_veh_boat_cutter|al_veh_boat_markv
0x56F17DF6,2,0,2,destruction-piece,chinaoutpost_bld_storage|chinaoutpost_bld_commbunker01
0x56FF6E56,2,0,0,mesh-node,al_veh_plane_predator|0xE538060F
0x57276AE0,2,0,2,destruction-piece,aloutpost_bld_barracks01|merida_bld_pmcautoshop
0x574D8FED,2,0,0,mesh-node,gr_veh_truck_m151_50cal|vz_veh_truck_m151_50cal
0x5758E86A,2,0,0,mesh-node,al_veh_tank_m2a3|al_veh_tank_m2a3_m6
0x57645EA4,2,0,0,mesh-node,white_bld_corner8x16b|merida_bld_lockerroom
0x5788EAD1,2,0,2,destruction-piece,white_bld_segment16x16a|0xFD0229C3
0x57A765A4,2,0,0,mesh-node,oilrig_bld_buildingb|oilrig_bld_buildingd
0x57D998B7,2,0,0,mesh-node,global_veh_uh1huey|pmc_veh_helicopter_uh1huey
0x57EF07F7,2,0,0,mesh-node,global_env_treetropical01|shanty_env_tree02
0x58114B09,2,0,0,mesh-node,chinaoutpost_bld_commbunker01|maracaibo_bld_skyscraper01
0x587D7172,2,0,2,destruction-piece,village_bld_plantation02|outpost_bld_plantation02
0x58839928,2,0,0,mesh-node,jungle_wallgate|jungle_bld_ruinshotelfront
0x58A5B7F7,2,0,2,destruction-piece,chinaoutpost_bld_storage|chinaoutpost_bld_commbunker01
0x58AE4460,2,0,2,destruction-piece,0xCE99630D|0xF4AF3C5B
0x5957528F,2,0,0,mesh-node,gr_veh_truck_m151_50cal|civ_veh_semi_austin
0x598901C8,2,0,0,mesh-node,gr_veh_boat_cigarette|pmc_veh_boat_cigarette
0x59A70C40,2,0,2,destruction-piece,outpost_bld_warehouse01|outpost_bld_vzwarehouselarge
0x5A72A592,2,0,0,mesh-node,pmc_veh_car_camo_veyron|civ_veh_car_veyron
0x5A76D05B,2,0,0,mesh-node,jungle_wallgate|jungle_bld_ruinshotelfront
0x5A898F41,2,0,0,mesh-node,estate_bld_mansion03|outpost_bld_govtbld
0x5AA17B93,2,0,2,destruction-piece,0xCE99630D|0xF4AF3C5B
0x5ABB0312,2,0,0,mesh-node,civ_veh_truck_transport|civ_veh_car_w8_normal
0x5AC24712,2,0,0,mesh-node,0x018A04DE|global_weapon_c4land_projectile
0x5B01AE52,2,0,0,mesh-node,al_veh_plane_ac130_spooky|al_veh_plane_c130
0x5B135688,2,0,0,mesh-node,0x1FBFBB4B|global_veh_stingray
0x5B981803,2,0,0,mesh-node,0x13709C60|al_veh_truck_hmmwv_avenger
0x5BB64728,2,0,0,mesh-node,vz_veh_helicopter_mi35hind|vz_veh_helicopter_mi35hind_solano
0x5BBA575D,2,0,0,mesh-node,vz_veh_helicopter_mi35hind|vz_veh_helicopter_mi35hind_solano
0x5BBF7281,2,0,2,destruction-piece,ch_veh_boat_destroyer|al_veh_boat_destroyer
0x5C0549DC,2,0,0,mesh-node,shanty_bld_housegroup04|shanty_bld_housegroup03
0x5C24C34E,2,0,0,mesh-node,global_veh_uh1huey|pmc_veh_helicopter_uh1huey
0x5C41574D,2,0,2,destruction-piece,industrial_bld_refinery06|jungle_bld_ruinshotelfront
0x5C43F45A,2,0,0,mesh-node,0x4B9C42F1|pmcoutpost_planter01
0x5C965A7F,2,0,2,destruction-piece,island_bld_bridge01|oilrig_bld_buildingd
0x5CEF2AA2,2,0,2,destruction-piece,cumana_bld_fortress01|0x7604B190
0x5D02D0DF,2,0,2,destruction-piece,caracas_bld_hospitalvargas|merida_bld_soccerstadium
0x5D16AE94,2,0,0,mesh-node,city_bld_corner32x32a|industrial_bld_warehouse02
0x5DA97E5B,2,0,0,mesh-node,vz_veh_helicopter_mi35hind|vz_veh_helicopter_mi35hind_solano
0x5E2BF886,2,0,2,destruction-piece,shanty_bld_housegroup04|outpost_bld_vzwarehouselarge
0x5E3542DB,2,0,0,mesh-node,al_veh_boat_lcur|pr_veh_boat_saltonsea
0x5E792123,2,0,2,destruction-piece,0x6871E4C5|estate_bld_mansion01
0x5E9B48B0,2,0,0,mesh-node,0x6B432F1C|0xBEC05BF8
0x5EA92CD4,2,0,2,destruction-piece,groutpost_bld_shacktall01|aloutpost_bld_barracks01
0x5F288048,2,0,2,destruction-piece,island_bld_bridge01|oilrig_bld_buildingd
0x5F602F7A,2,0,0,mesh-node,vz_veh_helicopter_alouetteiii|pr_veh_helicopter_alouetteiii
0x5F828C7B,2,0,0,mesh-node,pmc_veh_car_camo_veyron|civ_veh_car_veyron
0x5FDFCA8D,2,0,0,mesh-node,pmc_hum_jen_v5|pmc_hum_jen_v4
0x5FE0656B,2,0,2,destruction-piece,0x6871E4C5|estate_bld_mansion01
0x5FE359E9,2,0,2,destruction-piece,0x3511CCE7|0x8BC154D7
0x600B0E0D,2,0,0,mesh-node,proutpost_lampa|proutpost_interior_job
0x60183F8A,2,0,2,destruction-piece,jungle_wallgate|industrial_bld_refinery06
0x6045EF57,2,0,0,mesh-node,ch_veh_tank_plz45b|al_veh_tank_m1a2
0x605F99A0,2,0,0,mesh-node,global_veh_stingray|ch_veh_tank_ztz98
0x60875A1C,2,0,0,mesh-node,estate_bld_mansion03|outpost_bld_govtbld
0x60F9F67C,2,0,0,mesh-node,vz_veh_helicopter_mi35hind|vz_veh_helicopter_mi35hind_solano
0x6132C80E,2,0,2,destruction-piece,outpost_bld_municipal_fence|global_pile06
0x613649B6,2,0,2,destruction-piece,pmcoutpost_bld_hq|global_pile04
0x6195816E,2,0,0,mesh-node,ch_veh_tank_pgz95|ch_veh_tank_pgz95_command
0x61C99B58,2,0,0,mesh-node,vz_veh_helicopter_mi35hind|vz_veh_helicopter_mi35hind_solano
0x61D6EA46,2,0,0,mesh-node,civ_veh_car_r90_limo|civ_veh_car_r90
0x61E542D6,2,0,0,mesh-node,industrial_bld_warehouselarge02|outpost_bld_vzwarehouselarge
0x622503FF,2,0,0,mesh-node,industrial_bld_warehouse05|industrial_bld_warehouse02
0x6252D0D3,2,0,0,mesh-node,global_veh_stingray|ch_veh_tank_ztz98
0x625DBAAF,2,0,0,mesh-node,maracaibo_bld_skyscraper02|caracas_bld_hospitalvargas
0x62693B24,2,0,2,destruction-piece,0xB0D4E642|pmcoutpost_planter01
0x62D2C83F,2,0,2,destruction-piece,merida_bld_universitydorm|maracaibo_bld_corner32x32b
0x62D62D89,2,0,0,mesh-node,ch_veh_apc_zbd2000|ch_veh_apc_wz551
0x62F0AA46,2,0,0,mesh-node,gr_veh_boat_cigarette|pmc_veh_boat_cigarette
0x630777CA,2,0,2,destruction-piece,0xA0EAF095|0xA79EE18C
0x630856DB,2,0,2,destruction-piece,island_bld_bridge01|oilrig_bld_buildingc
0x635C8412,2,0,2,destruction-piece,maracaibo_bld_skyscraper02|residential_bld_corner16x16d
0x63A03E32,2,0,0,mesh-node,global_veh_uh1huey|pmc_veh_helicopter_uh1huey
0x63AAC92E,2,0,2,destruction-piece,outskirt_bld_mercbar|outskirt_bld_house05
0x63B434F7,2,0,0,mesh-node,vz_veh_helicopter_mi35hind|vz_veh_helicopter_mi35hind_solano
0x641316CB,2,0,0,mesh-node,al_veh_plane_ac130_spooky|al_veh_plane_c130
0x6413D700,2,0,0,mesh-node,chinaoutpost_bld_storage|airport_bld_terminal01
0x6430EAD1,2,0,0,mesh-node,global_veh_uh1huey|pmc_veh_helicopter_uh1huey
0x647ADDDF,2,0,0,mesh-node,jungle_env_plantsmall03|jungle_env_plantsmall02
0x650C0D8A,2,0,0,mesh-node,civ_veh_boat_saltonsea|al_veh_boat_markv
0x657C36C6,2,0,0,mesh-node,0x6871E4C5|estate_bld_mansion01
0x6581437A,2,0,2,destruction-piece,outskirt_bld_mercbar|industrial_bld_warehousesmall01
0x65835506,2,0,2,destruction-piece,0x01ED3D6F|0x1A9D89DF
0x6592028E,2,0,2,destruction-piece,caracas_bld_parquecentral03|margarita_bld_condo01
0x659FC680,2,0,2,destruction-piece,0x6871E4C5|estate_bld_mansion01
0x65BAC036,2,0,0,mesh-node,global_veh_rtr|0x9C3D4104
0x65C7A007,2,0,0,mesh-node,vz_veh_helicopter_mi35hind|vz_veh_helicopter_mi35hind_solano
0x65EAB30C,2,0,0,mesh-node,civ_veh_semi_mark|pr_veh_semi_mark
0x662C79F3,2,0,2,destruction-piece,pmc_veh_truck_cougar|pmc_veh_truck_monster_ridgeline
0x664CA412,2,0,0,mesh-node,ch_veh_apc_wz551|ch_veh_tank_ztz98
0x666911F8,2,0,0,mesh-node,jungle_env_treemedium01|jungle_env_smallcanopy02
0x6696662F,2,0,2,destruction-piece,vz_veh_helicopter_alouetteiii|pr_veh_helicopter_alouetteiii
0x669CB173,2,0,0,mesh-node,civ_veh_truck_transport|civ_veh_bus_escort
0x67A22E90,2,0,0,mesh-node,global_veh_uh1huey|pmc_veh_helicopter_uh1huey
0x67D6344F,2,0,0,mesh-node,shanty_bld_housegroup04|shanty_bld_housegroup03
0x67DE29FB,2,0,0,mesh-node,estate_bld_mansion02|estate_bld_mansion01
0x67F78225,2,0,0,mesh-node,pmc_veh_car_vanquish|pmc_veh_car_vanquish_racer
0x681C0928,2,0,0,mesh-node,0x13709C60|al_veh_truck_hmmwv_avenger
0x68208656,2,0,0,mesh-node,0x13709C60|al_veh_truck_hmmwv_avenger
0x6847A3DF,2,0,2,destruction-piece,merida_bld_universityadmin|shanty_bld_housegroup03
0x685C492B,2,0,0,mesh-node,jungle_env_treemedium01|jungle_env_smallcanopy02
0x6862419C,2,0,0,mesh-node,pmc_hum_fiona|pmc_hum_fiona_unlockable
0x6877BDE1,2,0,0,mesh-node,oc_veh_semi_austin|civ_veh_semi_austin
0x687C6631,2,0,2,destruction-piece,cumana_bld_fortress01|caracas_bld_skytrammain
0x690AC9D5,2,0,0,mesh-node,ch_veh_helicopter_wz10|al_veh_helicopter_ah1z
0x694F2F76,2,0,0,mesh-node,civ_veh_semi_mark|pr_veh_semi_mark
0x696062E9,2,0,0,mesh-node,merida_bld_universitydorm|cumana_bld_hotelfourstar01
0x69A07096,2,0,0,mesh-node,merida_bld_universitydorm|cumana_bld_hotelfourstar01
0x69A9A61D,2,0,0,mesh-node,ch_veh_apc_wz551|oc_veh_truck_mtv_guntruck
0x69CB7924,2,0,0,mesh-node,global_veh_hondacrx|civ_veh_car_taxi_tercel
0x6A0F405B,2,0,0,mesh-node,0x13709C60|al_veh_truck_hmmwv_avenger
0x6A4F48F2,2,0,0,mesh-node,0xD7FCFD11|pmcoutpost_planter01
0x6AA00A7B,2,0,0,mesh-node,maracaibo_bld_skyscraper02|caracas_bld_hospitalvargas
0x6B2DD2FB,2,0,0,mesh-node,caracas_bld_parquecentral03|margarita_bld_condo01
0x6B3715AF,2,0,0,mesh-node,global_veh_uh1huey|pmc_veh_helicopter_uh1huey
0x6B808BC0,2,0,0,mesh-node,gr_veh_towed_m101a|global_weapon_amraam
0x6BA6DA4D,2,0,0,mesh-node,ch_veh_tank_pgz95|ch_veh_tank_pgz95_command
0x6BC76C7F,2,0,0,mesh-node,vz_veh_helicopter_mi35hind|vz_veh_helicopter_mi35hind_solano
0x6BC8EADA,2,0,2,destruction-piece,outskirt_bld_mercbar|outskirt_bld_house05
0x6C3522B6,2,0,0,mesh-node,shanty_env_tree01|global_env_treeoak01
0x6C6E7929,2,0,2,destruction-piece,caracas_rampgovernment02|caracas_rampgovernment01
0x6D4AF7BC,2,0,0,mesh-node,al_veh_tank_m2a3|al_veh_tank_m2a3_m6
0x6D53D3CC,2,0,0,mesh-node,ch_veh_boat_destroyer|vz_veh_boat_type14311
0x6D6B0937,2,0,0,mesh-node,caracas_bld_parquecentral03|margarita_bld_condo01
0x6D87DECC,2,0,2,destruction-piece,0x01ED3D6F|0x1A9D89DF
0x6D968C54,2,0,2,destruction-piece,caracas_bld_parquecentral03|margarita_bld_condo01
0x6DBC220D,2,0,2,destruction-piece,outskirt_bld_mercbar|outskirt_bld_house05
0x6DBF49FC,2,0,0,mesh-node,global_veh_rtr|0x9C3D4104
0x6DDBF9F0,2,0,0,mesh-node,global_veh_uh1huey|pmc_veh_helicopter_uh1huey
0x6E17A0BF,2,0,0,mesh-node,vz_veh_helicopter_mi35hind|vz_veh_helicopter_mi35hind_solano
0x6E45DA4E,2,0,0,mesh-node,0x25B3F7BC|civ_veh_motorcycle_chopper
0x6E91E3DF,2,0,0,mesh-node,vz_veh_helicopter_mi35hind|vz_veh_helicopter_mi35hind_solano
0x6EB2F772,2,0,2,destruction-piece,chinaoutpost_bld_storage|maracaibo_bld_skyscraper01
0x6EDF80A1,2,0,0,mesh-node,ch_veh_apc_zbd2000|ch_veh_tank_ztz98
0x6F2D956A,2,0,2,destruction-piece,civ_veh_truck_ambulance|civ_veh_bus_escort
0x6F3A0742,2,0,0,mesh-node,maracaibo_park|0x1FBFBB4B
0x6F4B8E5B,2,0,0,mesh-node,vz_veh_helicopter_mi35hind|vz_veh_helicopter_mi35hind_solano
0x6F60A2E5,2,0,0,mesh-node,ch_veh_boat_destroyer|vz_veh_boat_type14311
0x6F83F280,2,0,0,mesh-node,oilrig_tankmeda|oilrig_tanksmalla
0x6F8D8FA5,2,0,0,mesh-node,0x6871E4C5|estate_bld_mansion01
0x6F94ADE5,2,0,2,destruction-piece,0x01ED3D6F|0x1A9D89DF
0x6FEA5D84,2,0,0,mesh-node,caracas_bld_parquecentral03|margarita_bld_condo01
0x700E87AD,2,0,0,mesh-node,0xD7FCFD11|pmcoutpost_planter01
0x703A271C,2,0,0,mesh-node,0x19676216|global_veh_fordf150
0x70501C02,2,0,2,destruction-piece,maracaibo_bld_skyscraper02|industrial_bld_warehouselarge01
0x70B36302,2,0,2,destruction-piece,maracaibo_bld_skyscraper02|industrial_bld_warehouselarge01
0x70D12031,2,0,0,mesh-node,shanty_bld_housegroup04|shanty_bld_housegroup03
0x70ED1874,2,0,2,destruction-piece,outskirt_bld_mercbar|chinaoutpost_bld_hangar01
0x7140286D,2,0,0,mesh-node,0x7604B190|pmcoutpost_planter01
0x71CAF31E,2,0,2,destruction-piece,global_veh_hondacrx|civ_veh_car_crx_racing
0x71D1A713,2,0,0,mesh-node,industrial_bld_warehouselarge02|outpost_bld_vzwarehouselarge
0x71EC006A,2,0,2,destruction-piece,vz_veh_helicopter_alouetteiii|oc_veh_helicopter_md500
0x7267873D,2,0,0,mesh-node,gr_veh_boat_turbosquid|global_veh_turbosquid
0x72AF3E19,2,0,0,mesh-node,al_veh_plane_a10|ch_veh_plane_q5
0x732A6DC2,2,0,2,destruction-piece,village_bld_plantation02|caracas_bld_historical04
0x7344764A,2,0,0,mesh-node,civ_veh_truck_transport|ch_veh_tank_ztz63a
0x73838F8E,2,0,2,destruction-piece,village_bld_plantation02|outpost_bld_plantation02
0x73A4F0B5,2,0,2,destruction-piece,aloutpost_bld_hanger|city_bld_corner16x32d
0x73DE93A5,2,0,0,mesh-node,global_veh_uh1huey|pmc_veh_helicopter_uh1huey
0x741514CD,2,0,0,mesh-node,aloutpost_bld_command|maracaibo_bld_skyscraper01
0x7447B36B,2,0,0,mesh-node,pmc_hum_mattias|pmc_hum_mattias_v4
0x746B772F,2,0,2,destruction-piece,global_trafficlight01|global_trafficlight02
0x746EF4CA,2,0,0,mesh-node,pmc_veh_car_panhard|pmc_veh_car_dragster
0x74E94F2E,2,0,0,mesh-node,global_veh_stingray|ch_veh_tank_ztz98
0x750A41D1,2,0,2,destruction-piece,pmc_veh_truck_cougar|pmc_veh_truck_monster_ridgeline
0x758ABCB7,2,0,2,destruction-piece,village_bld_housestilts05|industrial_bld_refinery06
0x75CCBC42,2,0,2,destruction-piece,0x1D20E058|0xB3EFDFAC
0x75D2890A,2,0,0,mesh-node,vz_veh_helicopter_mi35hind|vz_veh_helicopter_mi35hind_solano
0x760CA8D1,2,0,2,destruction-piece,ch_veh_helicopter_wz10|al_veh_helicopter_ah1z
0x761CAF20,2,0,0,mesh-node,al_veh_tank_m1a2|civ_veh_bus_escort
0x76281196,2,0,0,mesh-node,civ_veh_truck_impact|civ_veh_truck_impact_sut
0x76D082AF,2,0,0,mesh-node,ch_veh_apc_zbd2000|ch_veh_tank_ztz98
0x76E6982B,2,0,2,destruction-piece,oilrig_bld_buildingc|oilrig_bld_buildingd
0x76EAB0EA,2,0,0,mesh-node,vz_veh_helicopter_mi35hind|vz_veh_helicopter_mi35hind_solano
0x76FB73F3,2,0,0,mesh-node,proutpost_att_neonc|proutpost_att_neond
0x770F6359,2,0,0,mesh-node,al_veh_plane_a10|ch_veh_plane_q5
0x772C7675,2,0,2,destruction-piece,0x3511CCE7|0x8BC154D7
0x77496773,2,0,0,mesh-node,pmc_veh_car_vanquish|pmc_veh_car_vanquish_racer
0x777F81EA,2,0,0,mesh-node,industrial_bld_refinery01|industrial_bld_domerefinery
0x77D31DBA,2,0,0,mesh-node,global_veh_uh1huey|pmc_veh_helicopter_uh1huey
0x78599C20,2,0,0,mesh-node,al_veh_tank_m2a3|al_veh_tank_m2a3_m6
0x78812C31,2,0,0,mesh-node,oc_veh_semi_austin|civ_veh_semi_austin
0x789F6C36,2,0,2,destruction-piece,0xCE99630D|0xF4AF3C5B
0x78C2223F,2,0,0,mesh-node,shanty_bld_housegroup04|shanty_bld_housegroup03
0x79314016,2,0,0,mesh-node,shanty_bld_house02|0xC68ADB00
0x795FD9B5,2,0,0,mesh-node,al_veh_tank_m2a3|al_veh_tank_m2a3_m6
0x79A0EAE7,2,0,0,mesh-node,global_veh_uh1huey|pmc_veh_helicopter_uh1huey
0x79A6813B,2,0,2,destruction-piece,white_bld_segment16x16a|0xFD0229C3
0x79B7BAF1,2,0,0,mesh-node,0x7604B190|pmcoutpost_planter01
0x79D41BDF,2,0,2,destruction-piece,caracas_walllong|outskirt_bld_mercbar
0x7A1629E1,2,0,2,destruction-piece,jungle_wallgate|industrial_bld_refinery06
0x7A4CD353,2,0,0,mesh-node,al_veh_tank_m2a3|al_veh_tank_m2a3_m6
0x7A57D03E,2,0,0,mesh-node,cumana_bld_hoteltwostar01|estate_bld_mansion02
0x7A621BCA,2,0,0,mesh-node,oc_veh_truck_ext|oc_veh_truck_esv
0x7A777047,2,0,0,mesh-node,pmc_veh_car_vanquish|pmc_veh_car_vanquish_racer
0x7A7FE58F,2,0,2,destruction-piece,village_bld_plantation02|outpost_bld_plantation02
0x7B271422,2,0,2,destruction-piece,industrial_bld_warehouselarge02|outpost_bld_vzwarehouselarge
0x7B51B16B,2,0,0,mesh-node,airport_bld_terminal01|maracaibo_bld_skyscraper01
0x7B6FD709,2,0,2,destruction-piece,ch_veh_boat_destroyer|al_veh_boat_destroyer
0x7BBC1120,2,0,2,destruction-piece,village_bld_plantation03|jungle_bld_ruinshotelfront
0x7C0EC22F,2,0,0,mesh-node,global_veh_uh1huey|pmc_veh_helicopter_uh1huey
0x7C69D21E,2,0,2,destruction-piece,maracaibo_bld_skyscraper02|industrial_bld_warehouselarge01
0x7C818ED2,2,0,0,mesh-node,vz_veh_helicopter_mi35hind|vz_veh_helicopter_mi35hind_solano
0x7C880BC4,2,0,2,destruction-piece,gr_veh_truck_m35_tanker|vz_veh_truck_m35_tanker
0x7C978734,2,0,2,destruction-piece,village_bld_plantation03|global_pile04
0x7CE3F665,2,0,0,mesh-node,pmcoutpost_interior_hq|dlc_outskirt_interior_hq
0x7CFF99AD,2,0,0,mesh-node,gr_veh_truck_m151_50cal|vz_veh_truck_m151_50cal
0x7D056221,2,0,2,destruction-piece,0x70D6FBD9|0xE9219C8A
0x7D196318,2,0,2,destruction-piece,industrial_bld_gasstationpump02|maracaibo_bld_gasstationpump02
0x7D4E9B23,2,0,0,mesh-node,al_veh_tank_m2a3|al_veh_tank_m2a3_m6
0x7E085073,2,0,0,mesh-node,vz_veh_helicopter_mi35hind|vz_veh_helicopter_mi35hind_solano
0x7E2A06F8,2,0,0,mesh-node,al_veh_tank_m2a3|al_veh_tank_m2a3_m6
0x7E8F3441,2,0,2,destruction-piece,0xCB4C6EAB|industrial_bld_warehouselarge01
0x7EFAA80D,2,0,0,mesh-node,global_veh_stingray|ch_veh_tank_ztz98
0x7F3686CA,2,0,0,mesh-node,margarita_bld_condo01|industrial_bld_warehouse06
0x7F51B1A4,2,0,2,destruction-piece,island_bld_bridge01|oilrig_bld_buildinga
0x7F5D64AB,2,0,2,destruction-piece,pmcoutpost_bld_hq|oilrig_simple
0x7FDE4D30,2,0,0,model-root,global_weapon_gbu16|al_veh_plane_a10
0x801355C1,2,0,0,mesh-node,global_veh_uh1huey|pmc_veh_helicopter_uh1huey
0x8034ED47,2,0,0,mesh-node,civ_veh_car_r90_limo|civ_veh_car_r90
0x8050C176,2,0,0,mesh-node,global_veh_stingray|ch_veh_tank_ztz98
0x80A3F5FC,2,0,2,destruction-piece,0xCE99630D|chinaoutpost_bld_hangar01
0x80B58DAD,2,0,2,destruction-piece,cumana_bld_corner16x16d|city_bld_corner16x16d
0x80E5FFF6,2,0,0,mesh-node,merida_bld_universitydorm|cumana_bld_hotelfourstar01
0x80EAD18C,2,0,2,destruction-piece,pmc_veh_car_camo_veyron|civ_veh_car_veyron
0x81100A2A,2,0,0,mesh-node,0x1E2199D2|0xA029223D
0x812C5369,2,0,0,mesh-node,0xD7FCFD11|pmcoutpost_planter01
0x81DB8B69,2,0,0,mesh-node,oc_veh_truck_ext|pmc_veh_truck_ext
0x81FDD6C4,2,0,0,mesh-node,pmc_veh_car_w12_z12_racer|civ_veh_car_w12_z12
0x820915D7,2,0,0,mesh-node,maracaibo_park|0x1FBFBB4B
0x820D9305,2,0,0,mesh-node,maracaibo_park|0x1FBFBB4B
0x8213D9CF,2,0,0,mesh-node,civ_veh_truck_impact|civ_veh_truck_impact_sut
0x821AB3A7,2,0,2,destruction-piece,jungle_wallgate|industrial_bld_refinery06
0x823CF5E6,2,0,0,mesh-node,ch_veh_boat_destroyer|al_veh_boat_destroyer
0x825E55A5,2,0,0,mesh-node,ch_veh_boat_destroyer|al_veh_boat_destroyer
0x82B0C515,2,0,2,destruction-piece,0xCE99630D|0xF4AF3C5B
0x82C3BD08,2,0,0,mesh-node,gr_veh_boat_cigarette|pmc_veh_boat_cigarette
0x82CFC768,2,0,0,mesh-node,maracaibo_bld_corner16x32a|maracaibo_bld_segment32x32a
0x8316C5ED,2,0,0,mesh-node,0x7604B190|pmcoutpost_planter01
0x831D36CB,2,0,0,mesh-node,maracaibo_bld_skyscraper02|city_bld_skyscraper02
0x8321B3F9,2,0,0,mesh-node,maracaibo_bld_skyscraper02|city_bld_skyscraper02
0x83CDE0A9,2,0,0,mesh-node,global_veh_hondacrx|civ_veh_car_taxi_tercel
0x83DFF26B,2,0,0,mesh-node,al_veh_plane_ac130_spooky|al_veh_plane_c130
0x83FF95E1,2,0,2,destruction-piece,village_bld_plantation02|outpost_bld_plantation02
0x8421EE23,2,0,2,destruction-piece,merida_bld_pmcautoshop|estate_bld_mansion04
0x8436F921,2,0,0,mesh-node,aloutpost_bld_storage|industrial_bld_silowide
0x8470DB9C,2,0,2,destruction-piece,commercial_wall|outskirt_bld_mercbar
0x855EF82F,2,0,2,destruction-piece,maracaibo_bld_skyscraper02|residential_bld_corner16x16d
0x85761738,2,0,0,mesh-node,cumana_bld_corner16x16c|city_bld_corner16x16c
0x85A9AE7A,2,0,0,mesh-node,gr_veh_boat_cigarette|pmc_veh_boat_cigarette
0x85D356E8,2,0,2,destruction-piece,oc_veh_semi_austin|civ_veh_semi_austin
0x867B2AFD,2,0,2,destruction-piece,maracaibo_bld_skyscraper02|industrial_bld_warehouselarge01
0x8698CDDB,2,0,2,destruction-piece,civ_veh_car_pony_normal|civ_veh_car_pony_crappy
0x86A504BF,2,0,2,destruction-piece,oilrig_bld_buildingc|industrial_bld_warehouselarge01
0x86F20A98,2,0,0,mesh-node,maracaibo_bld_skyscraper02|city_bld_skyscraper02
0x8751BE23,2,0,0,mesh-node,ch_veh_boat_destroyer|vz_veh_boat_type14311
0x877EAAE3,2,0,0,mesh-node,0x6871E4C5|estate_bld_mansion01
0x878A4FA3,2,0,2,destruction-piece,oilrig_bld_buildingb|oilrig_bld_buildingd
0x880286A4,2,0,0,mesh-node,caracas_bld_skytrammain|shanty_bld_house02
0x882BF191,2,0,0,mesh-node,vz_veh_helicopter_mi35hind|vz_veh_helicopter_mi35hind_solano
0x8840A727,2,0,0,mesh-node,city_bld_corner32x32a|industrial_bld_warehouse02
0x88554B3C,2,0,0,mesh-node,global_veh_stingray|ch_veh_tank_ztz98
0x8868ED39,2,0,2,destruction-piece,white_bld_segment16x16a|0xFD0229C3
0x8874D472,2,0,2,destruction-piece,caracas_bld_parquecentral03|margarita_bld_condo01
0x88B2FA3E,2,0,2,destruction-piece,oc_veh_semi_austin|civ_veh_semi_austin
0x88E32F14,2,0,0,mesh-node,city_bld_skyscraper03|city_bld_skyscraper02
0x89A9AA77,2,0,2,destruction-piece,airport_bld_terminal01|merida_bld_universitycampus
0x8A621A55,2,0,0,mesh-node,global_veh_stingray|ch_veh_tank_ztz98
0x8A76361E,2,0,0,mesh-node,global_env_treeplaza03|global_env_treetropical01
0x8A79D479,2,0,2,destruction-piece,shanty_bld_house02|0xC68ADB00
0x8A877A71,2,0,0,mesh-node,global_veh_uh1huey|pmc_veh_helicopter_uh1huey
0x8B26D705,2,0,2,destruction-piece,margarita_bld_condo01|city_bld_skyscraper02
0x8B665F22,2,0,0,mesh-node,0x19676216|global_veh_fordf150
0x8B8D1DF0,2,0,2,destruction-piece,jungle_wallgate|industrial_bld_refinery06
0x8B8FD0C0,2,0,0,mesh-node,gr_veh_tank_m551sheridan|civ_veh_truck_bank
0x8B9C6574,2,0,2,destruction-piece,merida_bld_universityadmin|shanty_bld_housegroup03
0x8C63B0AB,2,0,2,destruction-piece,aloutpost_bld_hanger|outpost_bld_govtbld
0x8C8EBD8B,2,0,2,destruction-piece,groutpost_bld_cranemining|oilrig_bld_buildingc
0x8C933AB9,2,0,2,destruction-piece,groutpost_bld_cranemining|oilrig_bld_buildingc
0x8C938A5E,2,0,2,destruction-piece,ocoutpost_bld_guardpost01|chinaoutpost_bld_guardpost01
0x8CA46F33,2,0,0,mesh-node,island_bld_bridge01|oilrig_bld_buildingc
0x8D07698A,2,0,0,mesh-node,ch_veh_tank_ztz63a|al_veh_tank_m1a2
0x8D1EDD14,2,0,2,destruction-piece,island_bld_bridge01|oilrig_bld_buildinga
0x8D4CC519,2,0,2,destruction-piece,aloutpost_bld_hanger|merida_bld_soccerstadium
0x8DD31414,2,0,0,mesh-node,jungle_env_treetall02|jungle_env_treetall01
0x8DE4C486,2,0,0,mesh-node,civ_veh_truck_bank|oc_expandablevan_prop
0x8E201500,2,0,2,destruction-piece,commercial_bld_firestation|ocoutpost_bld_warehouse01
0x8E698BAA,2,0,2,destruction-piece,maracaibo_bld_skyscraper02|city_bld_skyscraper02
0x8E9AECFA,2,0,0,mesh-node,global_veh_uh1huey|pmc_veh_helicopter_uh1huey
0x8EB7C89D,2,0,0,mesh-node,outpost_bld_warehouse01|outpost_bld_vzwarehouselarge
0x8EDC63D1,2,0,0,mesh-node,ch_veh_helicopter_wz10|al_veh_helicopter_ah1z
0x8EE7C9AE,2,0,0,mesh-node,jungle_env_treetall02|jungle_env_treetall01
0x8F05F2DD,2,0,0,mesh-node,vz_veh_helicopter_alouetteiii|pr_veh_helicopter_alouetteiii
0x8F31B507,2,0,2,destruction-piece,ch_veh_boat_destroyer|al_veh_boat_destroyer
0x8FD07361,2,0,0,mesh-node,vz_veh_helicopter_mi35hind|vz_veh_helicopter_mi35hind_solano
0x8FEC98D4,2,0,0,mesh-node,civ_veh_boat_dinghy|civ_veh_boat_smallfishing
0x900FD25B,2,0,0,model-root,global_weapon_amraam|vz_veh_tank_amx30_aa
0x901A0A9C,2,0,0,mesh-node,vz_veh_helicopter_alouetteiii|pr_veh_helicopter_alouetteiii
0x903DA857,2,0,2,destruction-piece,industrial_bld_warehouselarge02|outpost_bld_vzwarehouselarge
0x90548B4C,2,0,2,destruction-piece,merida_bld_pmcautoshop|estate_bld_mansion04
0x906B92AD,2,0,0,mesh-node,jungle_env_treemedium01|jungle_env_smallcanopy02
0x90CA92EC,2,0,0,mesh-node,industrial_bld_gasstationpump02|maracaibo_bld_gasstationpump02
0x913666AE,2,0,0,mesh-node,outpost_bld_warehouse01|outpost_bld_vzwarehouselarge
0x913D262A,2,0,0,mesh-node,0x25B3F7BC|vz_veh_towed_m101a
0x914094A7,2,0,2,destruction-piece,0x1066F684|0xBC65582A
0x9158F8F0,2,0,0,mesh-node,outpost_bld_warehouse01|outpost_bld_vzwarehouselarge
0x91707326,2,0,0,mesh-node,pmc_veh_truck_cougar|pmc_veh_truck_monster_ridgeline
0x9206BB04,2,0,0,mesh-node,margarita_bld_club01|city_bld_segment16x16a
0x9216FF77,2,0,2,destruction-piece,oilrig_bld_buildingb|oilrig_bld_buildinga
0x921C1648,2,0,0,mesh-node,0xD7FCFD11|pmcoutpost_planter01
0x92491CDD,2,0,2,destruction-piece,oilrig_bld_buildingb|oilrig_bld_buildingd
0x92989E35,2,0,0,mesh-node,al_veh_plane_ac130_spooky|al_veh_plane_c130
0x92F36421,2,0,0,mesh-node,global_veh_uh1huey|pmc_veh_helicopter_uh1huey
0x935D5601,2,0,0,mesh-node,vz_veh_truck_m151_50cal|civ_veh_semi_austin
0x9388AD5A,2,0,2,destruction-piece,jungle_wallgate|industrial_bld_refinery06
0x939FD97B,2,0,2,destruction-piece,residential_bld_corner16x16a|residential_bld_corner16x16c
0x93C505E6,2,0,0,mesh-node,caracas_bld_parquecentral03|margarita_bld_condo01
0x93CE790B,2,0,0,mesh-node,shanty_bld_housegroup04|shanty_bld_housegroup03
0x942FEFF9,2,0,2,destruction-piece,0x493FD997|0xA948DDA6
0x94981424,2,0,2,destruction-piece,ocoutpost_bld_guardpost01|chinaoutpost_bld_guardpost01
0x949B1A99,2,0,0,mesh-node,vz_veh_helicopter_mi35hind|vz_veh_helicopter_mi35hind_solano
0x94DA2EAC,2,0,0,mesh-node,ch_veh_helicopter_wz10|al_veh_helicopter_ah1z
0x94E488CE,2,0,2,destruction-piece,oilrig_bld_buildingc|oilrig_bld_buildingd
0x951550FD,2,0,2,destruction-piece,outpost_bld_warehouse01|outpost_bld_vzwarehouselarge
0x95A01884,2,0,0,mesh-node,pmc_veh_car_offroad_buggy|pmc_veh_car_rocket_buggy
0x96AE0165,2,0,0,mesh-node,civ_veh_truck_garbage|civ_veh_car_taxi_shuttle
0x96CD65DF,2,0,0,mesh-node,ch_veh_helicopter_wz10|al_veh_helicopter_ah1z
0x96D03035,2,0,2,destruction-piece,chinaoutpost_bld_storage|chinaoutpost_bld_commbunker01
0x978BFDBC,2,0,2,destruction-piece,cumana_bld_fortress01|0x7604B190
0x97D20C82,2,0,2,destruction-piece,caracas_walllong|outskirt_bld_mercbar
0x97F1A6FF,2,0,0,mesh-node,al_veh_plane_ac130_spooky|al_veh_plane_c130
0x984AC3F6,2,0,0,mesh-node,al_veh_tank_m2a3|al_veh_tank_m2a3_m6
0x985D90AC,2,0,0,mesh-node,pmc_veh_truck_cougar|pmc_veh_truck_monster_ridgeline
0x986B1CCD,2,0,2,destruction-piece,0x70D6FBD9|0xE9219C8A
0x988A0892,2,0,2,destruction-piece,oc_veh_semi_austin|civ_veh_semi_austin
0x994FA20E,2,0,0,mesh-node,airport_bld_terminal01|maracaibo_bld_skyscraper01
0x9987A5D3,2,0,0,mesh-node,0x1FBFBB4B|global_veh_stingray
0x99DD8A06,2,0,0,mesh-node,ch_veh_tank_plz45b|al_veh_tank_m1a2
0x9AA07287,2,0,0,mesh-node,al_veh_plane_a10|ch_veh_plane_q5
0x9AF392AC,2,0,2,destruction-piece,city_bld_apartment02|city_bld_apartment04
0x9B3E23FA,2,0,0,mesh-node,chinaoutpost_bld_storage|chinaoutpost_bld_commbunker01
0x9B4E580F,2,0,0,mesh-node,pmc_veh_car_vanquish|pmc_veh_car_vanquish_racer
0x9B897C9E,2,0,2,destruction-piece,maracaibo_bld_skyscraper02|industrial_bld_warehouselarge01
0x9BAC2BFD,2,0,0,mesh-node,vz_veh_helicopter_mi35hind|vz_veh_helicopter_mi35hind_solano
0x9BB0B567,2,0,0,mesh-node,al_veh_tank_m2a3|al_veh_tank_m2a3_m6
0x9BF117E5,2,0,0,mesh-node,shanty_bld_housegroup04|shanty_bld_housegroup03
0x9C4F59E3,2,0,2,destruction-piece,vz_veh_helicopter_alouetteiii|pr_veh_helicopter_alouetteiii
0x9C648FE7,2,0,0,mesh-node,oc_veh_truck_ext|oc_veh_truck_esv
0x9C812A4A,2,0,0,mesh-node,gr_veh_boat_cigarette|pmc_veh_boat_cigarette
0x9CA58B6A,2,0,0,mesh-node,vz_veh_helicopter_mi35hind|vz_veh_helicopter_mi35hind_solano
0x9CC4C94B,2,0,0,mesh-node,vz_veh_helicopter_mi35hind|vz_veh_helicopter_mi35hind_solano
0x9CC94679,2,0,0,mesh-node,vz_veh_helicopter_mi35hind|vz_veh_helicopter_mi35hind_solano
0x9CE91294,2,0,2,destruction-piece,oilrig_bld_buildingc|oilrig_bld_buildingd
0x9CF68C6F,2,0,0,mesh-node,0x07B982D6|0xFFB1CE7A
0x9CFDEE5C,2,0,0,mesh-node,proutpost_att_neonc|proutpost_att_neond
0x9D0B9C92,2,0,0,mesh-node,vz_veh_helicopter_mi35hind|vz_veh_helicopter_mi35hind_solano
0x9D18589C,2,0,0,mesh-node,maracaibo_park|shanty_fencecorner01
0x9D25657A,2,0,0,mesh-node,al_veh_plane_a10|ch_veh_plane_q5
0x9D347FB3,2,0,0,mesh-node,al_veh_plane_a10|ch_veh_plane_q5
0x9D4A9CBF,2,0,0,mesh-node,aloutpost_bld_hanger|merida_bld_soccerstadium
0x9D4BE1DC,2,0,0,mesh-node,global_veh_rtr|0x9C3D4104
0x9E174992,2,0,2,destruction-piece,merida_bld_soccerstadium|maracaibo_bld_skyscraper01
0x9E42A7C1,2,0,0,mesh-node,industrial_bld_gasstationpump02|maracaibo_bld_gasstationpump02
0x9E48477A,2,0,0,mesh-node,0x1FBFBB4B|vz_veh_tank_amx30_aa
0x9E6C463B,2,0,2,destruction-piece,maracaibo_bld_skyscraper02|industrial_bld_warehouselarge01
0x9E70C369,2,0,2,destruction-piece,maracaibo_bld_skyscraper02|industrial_bld_warehouselarge01
0x9E90F118,2,0,2,destruction-piece,0x09139BCD|0x60497640
0x9EDBCFC8,2,0,2,destruction-piece,ch_veh_helicopter_wz10|al_veh_helicopter_ah1z
0x9F30F68A,2,0,0,mesh-node,caracas_bld_hospitalvargas|city_bld_segment32x32a
0x9F4B4CC0,2,0,0,mesh-node,global_env_treesidewalk01|shanty_env_tree02
0x9F9D2176,2,0,0,mesh-node,pmc_veh_truck_cougar|pmc_veh_truck_monster_ridgeline
0x9FA2A618,2,0,0,mesh-node,ch_veh_tank_ztz63a|al_veh_tank_m1a2
0x9FA8C971,2,0,0,mesh-node,global_veh_68valiant|civ_veh_car_l300_normal
0x9FFB3EB9,2,0,0,mesh-node,al_veh_tank_m2a3|al_veh_tank_m2a3_m6
0xA009A219,2,0,2,destruction-piece,vz_veh_helicopter_alouetteiii|pr_veh_helicopter_alouetteiii
0xA0433D56,2,0,2,destruction-piece,city_bld_skyscraper02|caracas_bld_capitol
0xA04F4DBC,2,0,0,mesh-node,al_veh_tank_m2a3|al_veh_tank_m2a3_m6
0xA065B031,2,0,0,mesh-node,global_veh_phoenix|civ_veh_car_phoenix_racing
0xA07C589F,2,0,0,mesh-node,global_veh_68valiant|civ_veh_car_l300_normal
0xA080E61A,2,0,2,destruction-piece,pmc_veh_car_camo_veyron|civ_veh_car_veyron
0xA0EF9BBF,2,0,0,mesh-node,oc_veh_helicopter_wz10|ch_veh_helicopter_wz10
0xA10FF3DF,2,0,2,destruction-piece,island_bld_tower01|island_bld_bridge01
0xA166FCB1,2,0,0,mesh-node,civ_veh_boat_saltonsea|pr_veh_boat_saltonsea
0xA1E213CC,2,0,0,mesh-node,ch_veh_tank_plz45b|al_veh_tank_m1a2
0xA22D39C8,2,0,0,mesh-node,industrial_bld_warehouselarge02|outpost_bld_vzwarehouselarge
0xA25C1CD5,2,0,0,mesh-node,al_veh_tank_m2a3|al_veh_tank_m2a3_m6
0xA2B537F4,2,0,0,mesh-node,vz_veh_helicopter_mi35hind|vz_veh_helicopter_mi35hind_solano
0xA2C6D27F,2,0,0,mesh-node,vz_veh_plane_tucano|pmc_veh_plane_mig27
0xA316FB75,2,0,0,mesh-node,0x1E2199D2|0xA029223D
0xA31C091D,2,0,0,mesh-node,0x7604B190|pmcoutpost_planter01
0xA336C033,2,0,0,mesh-node,0xB0D4E642|pmcoutpost_planter01
0xA34F9EE2,2,0,0,mesh-node,city_bld_corner32x32a|industrial_bld_warehouse02
0xA3512089,2,0,2,destruction-piece,merida_bld_universityadmin|shanty_bld_housegroup03
0xA391014A,2,0,0,model-root,0x02CAE9AA|0xA391014A
0xA3A12D3D,2,0,2,destruction-piece,chinaoutpost_bld_prison|residential_bld_corner16x16d
0xA3C6543A,2,0,0,mesh-node,global_listeningpost|0x824A390D
0xA3D90F8A,2,0,2,destruction-piece,city_bld_skyscraper02|aloutpost_bld_command
0xA3E1BF43,2,0,0,mesh-node,maracaibo_bld_skyscraper02|city_bld_skyscraper02
0xA3EEE2E5,2,0,0,mesh-node,ch_veh_tank_plz45b|al_veh_tank_m1a2
0xA3FA0689,2,0,0,mesh-node,pmc_veh_car_vanquish|pmc_veh_car_vanquish_racer
0xA40ACADC,2,0,0,mesh-node,vz_veh_helicopter_mi35hind|vz_veh_helicopter_mi35hind_solano
0xA4B5ACA8,2,0,0,mesh-node,outpost_bld_warehouse01|outpost_bld_vzwarehouselarge
0xA5DE07E6,2,0,0,mesh-node,aloutpost_bld_command|maracaibo_bld_skyscraper01
0xA6DA7884,2,0,0,mesh-node,global_weapon_cruisemissile|0x9DD1FAC0
0xA7227C5E,2,0,2,destruction-piece,caracas_rampgovernment02|caracas_rampgovernment01
0xA7450EA0,2,0,2,destruction-piece,caracas_rampgovernment02|caracas_rampgovernment01
0xA7800068,2,0,2,destruction-piece,oilrig_bld_buildingc|oilrig_bld_buildingd
0xA7F66FBC,2,0,2,destruction-piece,industrial_bld_silowide|industrial_bld_towerrefinerysmall
0xA7FC067B,2,0,0,mesh-node,civ_veh_truck_bank|0x95F4BA55
0xA8196065,2,0,0,mesh-node,al_veh_tank_m2a3|al_veh_tank_m2a3_m6
0xA8D52971,2,0,2,destruction-piece,ocoutpost_bld_hq|groutpost_bld_earthmover
0xA929FDB2,2,0,0,mesh-node,residential_bld_corner16x16a|residential_bld_corner16x16c
0xA92EB0EC,2,0,2,destruction-piece,chinaoutpost_bld_prison|residential_bld_corner16x16d
0xA96389CD,2,0,0,mesh-node,white_bld_segment16x16a|0xFD0229C3
0xA97713D5,2,0,0,mesh-node,gr_veh_boat_cigarette|pmc_veh_boat_cigarette
0xA9A8D138,2,0,2,destruction-piece,oilrig_bld_buildingc|oilrig_bld_buildingd
0xA9B3FEF7,2,0,0,mesh-node,ch_veh_tank_ztz63a|al_veh_tank_m1a2
0xAA106723,2,0,0,mesh-node,vz_veh_boat_patrol|civ_veh_boat_barco
0xAA3A8CB8,2,0,2,destruction-piece,pmcoutpost_bld_hq|pmcoutpost_planter01
0xAA70B919,2,0,0,mesh-node,civ_veh_boat_saltonsea|pr_veh_boat_saltonsea
0xAA77488F,2,0,2,destruction-piece,caracas_bld_parquecentral03|margarita_bld_condo01
0xAA7A30C6,2,0,0,mesh-node,jungle_env_treetall03|jungle_env_largecanopy01
0xAA87212F,2,0,0,mesh-node,merida_bld_universitydorm|cumana_bld_hotelfourstar01
0xAA935DA4,2,0,2,destruction-piece,oc_veh_semi_austin|civ_veh_semi_austin
0xAADB3BC3,2,0,2,destruction-piece,global_veh_uh1huey|pmc_veh_helicopter_uh1huey
0xAB35A8CE,2,0,2,destruction-piece,white_bld_corner16x16b|chinaoutpost_bld_hangar01
0xAB3AF096,2,0,2,destruction-piece,0x1066F684|0xBC65582A
0xAB7D0456,2,0,0,mesh-node,al_veh_plane_a10|ch_veh_plane_q5
0xAB9C086B,2,0,2,destruction-piece,oilrig_bld_buildingc|oilrig_bld_buildingd
0xABC0EB3D,2,0,2,destruction-piece,caracas_bld_theater01|industrial_bld_warehouse02
0xAC1BA725,2,0,0,mesh-node,commercial_bld_firestation|ocoutpost_bld_warehouse01
0xAC6472A8,2,0,2,destruction-piece,oilrig_simple|outpost_bld_govtbld
0xACB01D0A,2,0,2,destruction-piece,caracas_bld_theater01|outpost_bld_govtbld
0xACF4CAEA,2,0,0,mesh-node,oilrig_tanktalla|oilrig_fueltanklargea
0xAD230717,2,0,0,mesh-node,civ_veh_truck_impact|civ_veh_truck_impact_sut
0xAD2D3E4E,2,0,0,mesh-node,oc_veh_semi_austin|civ_veh_car_van_racing
0xAD515285,2,0,2,destruction-piece,global_veh_uh1huey|pmc_veh_helicopter_uh1huey
0xADF39F38,2,0,2,destruction-piece,industrial_bld_gasstationpump01|proutpost_dockb
0xAE7471AA,2,0,2,destruction-piece,0x4761451B|0xEA7F9F3F
0xAE95FE7B,2,0,2,destruction-piece,ocoutpost_bld_guardpost01|chinaoutpost_bld_guardpost01
0xAEE7D13F,2,0,0,mesh-node,al_veh_tank_m2a3|al_veh_tank_m2a3_m6
0xAEF6BE1E,2,0,0,mesh-node,industrial_bld_warehouselarge02|outpost_bld_vzwarehouselarge
0xAF080566,2,0,0,mesh-node,global_veh_rtr|0x9C3D4104
0xAF09DDA7,2,0,0,mesh-node,ch_veh_tank_ztz63a|al_veh_tank_m1a2
0xAF270624,2,0,2,destruction-piece,caracas_rampgovernment02|caracas_rampgovernment01
0xAF3B425F,2,0,2,destruction-piece,ch_veh_boat_destroyer|al_veh_boat_destroyer
0xAF5AA768,2,0,0,mesh-node,0x7604B190|pmcoutpost_planter01
0xB01BDD38,2,0,2,destruction-piece,white_bld_segment16x16a|0xFD0229C3
0xB093A0DE,2,0,2,destruction-piece,outpost_bld_warehouse01|outpost_bld_vzwarehouselarge
0xB0A0057E,2,0,0,mesh-node,civ_veh_truck_ambulance|civ_veh_car_l300_racing
0xB0BDC21B,2,0,0,mesh-node,0x7604B190|pmcoutpost_planter01
0xB0C62B7F,2,0,2,destruction-piece,ocoutpost_bld_hq|groutpost_bld_earthmover
0xB0D1893B,2,0,0,mesh-node,al_veh_plane_ac130_spooky|al_veh_plane_c130
0xB0E2D7F4,2,0,2,destruction-piece,chinaoutpost_bld_prison|residential_bld_corner16x16d
0xB133D53D,2,0,2,destruction-piece,caracas_rampgovernment02|caracas_rampgovernment01
0xB1CA859D,2,0,0,mesh-node,oilrig_bld_buildingc|oilrig_bld_buildingd
0xB215F7CB,2,0,2,destruction-piece,aloutpost_bld_prison|city_bld_corner16x32d
0xB2441D46,2,0,2,destruction-piece,industrial_bld_refinery06|jungle_bld_ruinshotelfront
0xB29137F4,2,0,2,destruction-piece,groutpost_bld_cranemining|oilrig_bld_buildingc
0xB295B522,2,0,2,destruction-piece,groutpost_bld_cranemining|oilrig_bld_buildingc
0xB2A6E99C,2,0,0,mesh-node,groutpost_bld_cranemining|oilrig_bld_buildingc
0xB328B5EB,2,0,0,mesh-node,industrial_bld_warehouselarge02|outpost_bld_vzwarehouselarge
0xB3585148,2,0,2,destruction-piece,groutpost_bld_earthmover|village_bld_farmhouse
0xB3597EF2,2,0,0,mesh-node,jungle_env_treesmall01|global_env_treeoak01
0xB39E9F1E,2,0,0,mesh-node,pmc_veh_car_w12_z12_racer|civ_veh_car_w12_z12
0xB3BA0EE9,2,0,2,destruction-piece,0x6871E4C5|estate_bld_mansion01
0xB3D51852,2,0,0,mesh-node,oc_veh_truck_ext|global_veh_winch_magnet
0xB3FCFB11,2,0,0,mesh-node,global_veh_hondacrx|civ_veh_car_crx_racing
0xB410F531,2,0,2,destruction-piece,merida_bld_universityadmin|commercial_wallshort
0xB429C26F,2,0,0,mesh-node,vz_veh_truck_m151_50cal|civ_veh_semi_austin
0xB43D4A27,2,0,0,mesh-node,ch_veh_tank_plz45b|al_veh_tank_m1a2
0xB497A337,2,0,2,destruction-piece,0x09139BCD|0x45CC35FE
0xB49DFF47,2,0,0,mesh-node,ch_veh_boat_destroyer|civ_veh_boat_cargoship
0xB4A3070E,2,0,2,destruction-piece,white_bld_segment16x16a|0xFD0229C3
0xB4CB5682,2,0,0,mesh-node,ch_veh_helicopter_wz10|al_veh_helicopter_ah1z
0xB4D82F7E,2,0,0,mesh-node,0x1B95B705|industrial_att_pipelargeshort
0xB510917F,2,0,2,destruction-piece,pmc_veh_truck_cougar|pmc_veh_truck_monster_ridgeline
0xB5457EF9,2,0,0,mesh-node,pmc_hum_mattias|pmc_hum_mattias_v4
0xB5667191,2,0,2,destruction-piece,0x493FD997|0xA948DDA6
0xB582128E,2,0,0,mesh-node,cumana_bld_corner16x16c|city_bld_corner16x16c
0xB5BBA802,2,0,0,mesh-node,gr_veh_tank_m551sheridan|civ_veh_truck_bank
0xB609903E,2,0,0,mesh-node,chinaoutpost_bld_commbunker01|maracaibo_bld_skyscraper01
0xB63B3C88,2,0,0,mesh-node,vz_veh_helicopter_mi35hind|vz_veh_helicopter_mi35hind_solano
0xB6924EC6,2,0,2,destruction-piece,oilrig_bld_buildinga|0xFD0229C3
0xB69ECEFC,2,0,0,mesh-node,commercial_bld_firestation|ocoutpost_bld_warehouse01
0xB6B446BF,2,0,0,mesh-node,outpost_bld_municipal_fence|global_pile06
0xB73BAC72,2,0,0,mesh-node,ch_veh_truck_sx2150_mlrs|ch_veh_helicopter_ka29b
0xB76E90DA,2,0,0,mesh-node,maracaibo_bld_skyscraper02|caracas_bld_hospitalvargas
0xB774179E,2,0,2,destruction-piece,global_veh_uh1huey|pmc_veh_helicopter_uh1huey
0xB7859676,2,0,0,mesh-node,0x1FBFBB4B|global_veh_stingray
0xB8097545,2,0,2,destruction-piece,proutpost_bld_surveillance|proutpost_dockb
0xB857B0E1,2,0,2,destruction-piece,global_veh_uh1huey|pmc_veh_helicopter_uh1huey
0xB8ABF919,2,0,2,destruction-piece,groutpost_bld_shacktall01|aloutpost_bld_barracks01
0xB8EA0499,2,0,0,mesh-node,global_veh_rib36|vz_veh_boat_patrol
0xB8ED0265,2,0,2,destruction-piece,gr_veh_truck_m151_50cal|vz_veh_truck_m151_50cal
0xB93A6908,2,0,0,mesh-node,oc_veh_truck_ext|oc_veh_truck_esv
0xB9CAC1CD,2,0,0,mesh-node,maracaibo_bld_corner32x32b|commercial_bld_segment8x16c
0xBACC341B,2,0,0,mesh-node,global_veh_uh1huey|pmc_veh_helicopter_uh1huey
0xBAF8423A,2,0,2,destruction-piece,city_bld_apartment01|city_bld_apartment04
0xBAFB02F4,2,0,2,destruction-piece,0x45CC35FE|0x4AB6F9B6
0xBB19BC1F,2,0,0,mesh-node,al_veh_plane_ac130_spooky|al_veh_plane_c130
0xBB643C6C,2,0,2,destruction-piece,0x493FD997|0xA948DDA6
0xBB9D2C51,2,0,0,mesh-node,0x13709C60|al_veh_truck_hmmwv_avenger
0xBBDFFE23,2,0,0,mesh-node,ch_veh_tank_plz45b|al_veh_tank_m1a2
0xBC63888B,2,0,2,destruction-piece,oc_veh_semi_austin|civ_veh_semi_austin
0xBC906734,2,0,0,mesh-node,gr_veh_boat_cigarette|pmc_veh_boat_cigarette
0xBCBA3CBE,2,0,0,mesh-node,maracaibo_bld_corner32x32b|commercial_bld_segment8x16c
0xBCFE35E9,2,0,0,mesh-node,pmc_veh_car_camo_veyron|civ_veh_car_veyron
0xBD5E7161,2,0,0,mesh-node,0x6B432F1C|0xBEC05BF8
0xBDE72B66,2,0,0,mesh-node,al_veh_plane_a10|ch_veh_plane_q5
0xBDEA395E,2,0,2,destruction-piece,civ_veh_truck_impact|civ_veh_truck_impact_sut
0xBE0DFD0A,2,0,0,mesh-node,city_bld_corner32x32b|cumana_bld_corner32x32b
0xBE27AA1A,2,0,2,destruction-piece,oc_veh_semi_austin|civ_veh_semi_austin
0xBE3FDE55,2,0,0,mesh-node,global_veh_uh1huey|pmc_veh_helicopter_uh1huey
0xBE4F869A,2,0,2,destruction-piece,oc_veh_truck_ext|pmc_veh_truck_ext
0xBE598AEB,2,0,2,destruction-piece,caracas_bld_parquecentral03|caracas_bld_parquecentral02
0xBE96D88C,2,0,2,destruction-piece,oilrig_bld_buildingb|0xFD0229C3
0xBEA7FF87,2,0,0,mesh-node,vz_veh_helicopter_mi35hind|vz_veh_helicopter_mi35hind_solano
0xBEAC7CB5,2,0,0,mesh-node,vz_veh_helicopter_mi35hind|vz_veh_helicopter_mi35hind_solano
0xBEC4C6BF,2,0,0,mesh-node,pr_veh_boat_cutter|al_veh_boat_markv
0xBEF52D95,2,0,0,mesh-node,vz_veh_boat_type14311|al_veh_boat_markv
0xBF0DE482,2,0,2,destruction-piece,island_bld_tower01|island_bld_bridge01
0xBF382B84,2,0,2,destruction-piece,global_veh_hondacrx|civ_veh_car_crx_racing
0xBF8A203C,2,0,0,mesh-node,0x1FBFBB4B|global_veh_stingray
0xBF93CDEE,2,0,0,mesh-node,ch_veh_tank_ztz63a|al_veh_tank_m1a2
0xBFC7CAA0,2,0,0,mesh-node,city_bld_skyscraper03|caracas_bld_parquecentral01
0xC001694D,2,0,0,mesh-node,global_veh_uh1huey|pmc_veh_helicopter_uh1huey
0xC0390DAF,2,0,0,mesh-node,vz_veh_helicopter_mi35hind|vz_veh_helicopter_mi35hind_solano
0xC07E2CB2,2,0,0,mesh-node,jungle_wallgate|jungle_bld_ruinshotelfront
0xC08C6E6A,2,0,0,mesh-node,estate_bld_mansion03|outpost_bld_govtbld
0xC0E4A6F5,2,0,0,mesh-node,pmc_veh_truck_cougar|pmc_veh_truck_monster_ridgeline
0xC10FD18B,2,0,0,mesh-node,ch_veh_helicopter_wz10|al_veh_helicopter_ah1z
0xC11C5535,2,0,0,mesh-node,city_bld_corner32x32b|cumana_bld_corner32x32b
0xC19AF72C,2,0,0,mesh-node,0x13709C60|al_veh_truck_hmmwv_avenger
0xC1B0CD8E,2,0,0,mesh-node,gr_veh_boat_cigarette|ch_veh_boat_huangfeng
0xC1B32D24,2,0,0,mesh-node,global_veh_uh1huey|pmc_veh_helicopter_uh1huey
0xC1F48492,2,0,2,destruction-piece,outpost_bld_warehouse01|shanty_bld_housegroup04
0xC2C743B4,2,0,0,mesh-node,vz_veh_helicopter_mi35hind|vz_veh_helicopter_mi35hind_solano
0xC334586A,2,0,0,model-root,global_munitions_artillery|0x980898B5
0xC36DBA31,2,0,0,mesh-node,global_veh_uh1huey|pmc_veh_helicopter_uh1huey
0xC3985A4B,2,0,0,mesh-node,ch_veh_tank_pgz95|ch_veh_tank_pgz95_command
0xC3A7650B,2,0,2,destruction-piece,maracaibo_bld_stagerepublica|maracaibo_bld_skyscraper01
0xC3AC5D84,2,0,0,mesh-node,vz_veh_helicopter_mi35hind|vz_veh_helicopter_mi35hind_solano
0xC3B0DAB2,2,0,0,mesh-node,vz_veh_helicopter_mi35hind|vz_veh_helicopter_mi35hind_solano
0xC3EA23B7,2,0,0,mesh-node,white_bld_segment16x16a|0xFD0229C3
0xC4347091,2,0,0,mesh-node,maracaibo_bld_skyscraper02|industrial_bld_warehouselarge01
0xC4403B60,2,0,0,mesh-node,gr_veh_boat_turbosquid|oc_veh_boat_turbosquid
0xC4470C12,2,0,0,mesh-node,civ_veh_car_pony_normal|civ_veh_car_pony_crappy
0xC47D260C,2,0,0,mesh-node,civ_veh_car_pony_normal|civ_veh_car_pony_crappy
0xC4D4B52F,2,0,2,destruction-piece,groutpost_bld_shackfuselage|industrial_bld_warehouse05
0xC4F01DB0,2,0,2,destruction-piece,global_veh_uh1huey|pmc_veh_helicopter_uh1huey
0xC5163BFD,2,0,0,mesh-node,0x1FBFBB4B|global_veh_stingray
0xC51DFDBD,2,0,0,mesh-node,oc_veh_boat_oiltanker|civ_veh_boat_cargoship
0xC5328728,2,0,2,destruction-piece,groutpost_bld_earthmover|village_bld_farmhouse
0xC55750ED,2,0,0,mesh-node,al_veh_plane_a10|ch_veh_plane_q5
0xC562FB27,2,0,0,mesh-node,pmcoutpost_fountain|0x6B432F1C
0xC56556FE,2,0,2,destruction-piece,merida_bld_pmcautoshop|merida_bld_universityadmin
0xC57E8824,2,0,2,destruction-piece,island_bld_bridge01|oilrig_bld_buildingc
0xC587E940,2,0,2,destruction-piece,merida_bld_universityadmin|commercial_wallshort
0xC5937567,2,0,0,model-root,0xBA0A5B9B|0xC5937567
0xC5A98020,2,0,0,mesh-node,global_veh_uh1huey|pmc_veh_helicopter_uh1huey
0xC5ADA20B,2,0,2,destruction-piece,outskirt_bld_mercbar|outskirt_bld_house05
0xC5B21F39,2,0,2,destruction-piece,outskirt_bld_mercbar|outskirt_bld_house05
0xC5DB83A7,2,0,2,destruction-piece,city_bld_skyscraper02|aloutpost_bld_command
0xC5F93BF4,2,0,0,mesh-node,al_veh_tank_m2a3|al_veh_tank_m2a3_m6
0xC639B480,2,0,0,mesh-node,oilrig_towerblowoutdiagonal|industrial_bld_refinery02
0xC669CE29,2,0,0,mesh-node,aloutpost_bld_hanger|city_bld_skyscraper02
0xC681014C,2,0,0,mesh-node,vz_veh_helicopter_mi35hind|vz_veh_helicopter_mi35hind_solano
0xC6AE0761,2,0,2,destruction-piece,caracas_bld_theater01|outpost_bld_govtbld
0xC75790FE,2,0,0,mesh-node,global_veh_uh1huey|pmc_veh_helicopter_uh1huey
0xC7841C57,2,0,2,destruction-piece,outskirt_bld_mercbar|industrial_bld_warehousesmall01
0xC78430E0,2,0,2,destruction-piece,global_veh_uh1huey|pmc_veh_helicopter_uh1huey
0xC7995899,2,0,2,destruction-piece,caracas_bld_parquecentral03|margarita_bld_condo01
0xC7A1A32C,2,0,2,destruction-piece,white_bld_segment16x16a|0xFD0229C3
0xC7AD6F28,2,0,2,destruction-piece,caracas_bld_parquecentral03|margarita_bld_condo01
0xC7B1EF9A,2,0,0,mesh-node,ch_veh_tank_ztz63a|al_veh_tank_m1a2
0xC7CE8761,2,0,0,mesh-node,ch_veh_boat_destroyer|al_veh_boat_destroyer
0xC7DB489D,2,0,0,mesh-node,shanty_bld_housegroup04|shanty_bld_housegroup03
0xC7FAD687,2,0,2,destruction-piece,vz_veh_helicopter_alouetteiii|pr_veh_helicopter_alouetteiii
0xC85523B8,2,0,2,destruction-piece,maracaibo_bld_skyscraper02|industrial_bld_warehouselarge01
0xC8CAA066,2,0,2,destruction-piece,0xA0EAF095|0xA79EE18C
0xC8F58BFC,2,0,0,mesh-node,city_bld_skyscraper03|city_bld_skyscraper02
0xC90B3604,2,0,2,destruction-piece,island_bld_bridge01|oilrig_bld_buildingc
0xC924F07B,2,0,2,destruction-piece,caracas_rampgovernment02|caracas_rampgovernment01
0xC9296DA9,2,0,2,destruction-piece,caracas_rampgovernment02|caracas_rampgovernment01
0xC93E42AF,2,0,0,mesh-node,pmc_veh_truck_cougar|pmc_veh_truck_monster_ridgeline
0xC9754A84,2,0,0,mesh-node,civ_veh_truck_transport|civ_veh_bus_escort
0xC999F90E,2,0,2,destruction-piece,oilrig_bld_buildingc|oilrig_bld_buildingd
0xC9A526CD,2,0,0,mesh-node,ch_veh_tank_ztz63a|al_veh_tank_m1a2
0xC9AE2A0C,2,0,0,mesh-node,ch_veh_tank_pgz95|ch_veh_tank_pgz95_command
0xC9DC5323,2,0,0,mesh-node,margarita_bld_club01|city_bld_corner16x32b
0xCA02735E,2,0,2,destruction-piece,chinaoutpost_bld_hangar01|proutpost_bld_garageboat
0xCA08D742,2,0,0,mesh-node,oc_veh_semi_austin|civ_veh_semi_austin
0xCA485AEB,2,0,2,destruction-piece,maracaibo_bld_skyscraper02|industrial_bld_warehouselarge01
0xCA4E04C9,2,0,2,destruction-piece,cumana_bld_hotelfourstar01|village_bld_farming02
0xCA6AF0D7,2,0,2,destruction-piece,white_bld_segment16x16a|0xFD0229C3
0xCA8A4250,2,0,0,mesh-node,caracas_bld_governmentsegment|city_bld_segment32x32a
0xCAB3F9F5,2,0,0,mesh-node,vz_veh_apc_m113_aa|gr_veh_apc_m113_aa
0xCAC8EF29,2,0,2,destruction-piece,aloutpost_bld_hangersmall|village_bld_plantation02
0xCBB4B918,2,0,0,mesh-node,industrial_bld_refinery06|jungle_env_largecanopy01
0xCC54F398,2,0,0,mesh-node,pmc_hum_mattias_v2|pmc_hum_mattias_chickensuit
0xCC7CA4E3,2,0,0,mesh-node,jungle_env_treetall03|jungle_env_largecanopy01
0xCCA041DA,2,0,0,model-root,global_env_scrub03|maracaibo_lampposta
0xCCE2DEBE,2,0,0,mesh-node,proutpost_att_neonb|proutpost_att_neone
0xCD393302,2,0,2,destruction-piece,ch_veh_boat_destroyer|al_veh_boat_destroyer
0xCD3A05A0,2,0,0,mesh-node,global_veh_stingray|civ_veh_car_crx_racing
0xCD479F61,2,0,0,mesh-node,global_veh_uh1huey|pmc_veh_helicopter_uh1huey
0xCDBAEC7B,2,0,2,destruction-piece,cumana_bld_fortress01|city_bld_storefrontcornere
0xCDD595B3,2,0,0,mesh-node,0xD7FCFD11|pmcoutpost_planter01
0xCDD6739B,2,0,0,mesh-node,civ_veh_boat_barco|pmc_veh_boat_cigarette
0xCDE58652,2,0,0,mesh-node,mountain_bld_bunkerdestroyed|estate_bld_mansion01
0xCDF36C5A,2,0,0,mesh-node,industrial_bld_gasstationpump02|maracaibo_bld_gasstationpump02
0xCE3FFB2D,2,0,0,mesh-node,vz_veh_helicopter_mi35hind|vz_veh_helicopter_mi35hind_solano
0xCE4AF7F7,2,0,0,mesh-node,vz_veh_helicopter_mi35hind|vz_veh_helicopter_mi35hind_solano
0xCEB29127,2,0,2,destruction-piece,caracas_bld_theater01|outpost_bld_govtbld
0xCEBB55EB,2,0,0,mesh-node,vz_veh_helicopter_mi35hind_solano|global_telephonebooth
0xCF08F787,2,0,0,mesh-node,global_veh_uh1huey|pmc_veh_helicopter_uh1huey
0xCF0DA322,2,0,0,mesh-node,gr_veh_boat_cigarette|pmc_veh_boat_cigarette
0xCF17C599,2,0,0,mesh-node,pmc_veh_plane_mig27|al_veh_airstrike_b2
0xCF1A032F,2,0,2,destruction-piece,caracas_bld_historical02|village_bld_plantation01
0xCFCF6A33,2,0,0,mesh-node,0x018A04DE|global_weapon_c4land_projectile
0xD0090E9F,2,0,0,mesh-node,0x4B9C42F1|0xD7FCFD11
0xD0121F84,2,0,0,mesh-node,0x13709C60|al_veh_truck_hmmwv_avenger
0xD0169CB2,2,0,0,mesh-node,0x13709C60|al_veh_truck_hmmwv_avenger
0xD0239A86,2,0,2,destruction-piece,aloutpost_bld_barracks01|merida_bld_pmcautoshop
0xD076E5C7,2,0,2,destruction-piece,0x4761451B|0xEA7F9F3F
0xD0CADB0D,2,0,2,destruction-piece,ocoutpost_bld_hq|groutpost_bld_earthmover
0xD0ED649A,2,0,2,destruction-piece,0x01ED3D6F|0x1A9D89DF
0xD0F9323B,2,0,0,mesh-node,industrial_bld_warehouselarge02|outpost_bld_vzwarehouselarge
0xD0FDAF69,2,0,0,mesh-node,industrial_bld_warehouselarge02|outpost_bld_vzwarehouselarge
0xD113A590,2,0,0,mesh-node,al_veh_plane_a10|ch_veh_plane_q5
0xD1339A2A,2,0,2,destruction-piece,caracas_bld_parquecentral03|margarita_bld_condo01
0xD13AAF5F,2,0,0,mesh-node,0x7604B190|pmcoutpost_planter01
0xD1478F55,2,0,2,destruction-piece,caracas_rampgovernment02|caracas_rampgovernment01
0xD28DA279,2,0,2,destruction-piece,industrial_bld_silowide|industrial_bld_towerrefinerysmall
0xD2A2799B,2,0,0,mesh-node,civ_veh_truck_ambulance|civ_veh_car_l300_racing
0xD2DBF945,2,0,2,destruction-piece,0xA0EAF095|0xA79EE18C
0xD305C938,2,0,2,destruction-piece,caracas_bld_hospitalvargas|merida_bld_soccerstadium
0xD3AB51ED,2,0,2,destruction-piece,oilrig_bld_buildingc|oilrig_bld_buildingd
0xD3C0FE5A,2,0,0,mesh-node,pmc_veh_car_offroad_buggy|pmc_veh_car_rocket_buggy
0xD3EAD8EC,2,0,0,mesh-node,aloutpost_bld_command|maracaibo_bld_skyscraper01
0xD3FC5A22,2,0,0,mesh-node,vz_veh_helicopter_mi35hind|vz_veh_helicopter_mi35hind_solano
0xD413CC3D,2,0,2,destruction-piece,chinaoutpost_bld_hangar01|proutpost_bld_garageboat
0xD443B144,2,0,0,mesh-node,chinaoutpost_bld_prison|residential_bld_corner16x16d
0xD4469163,2,0,2,destruction-piece,industrial_bld_refinery06|jungle_bld_ruinshotelfront
0xD4482E72,2,0,0,mesh-node,chinaoutpost_bld_prison|residential_bld_corner16x16d
0xD46AFC32,2,0,0,mesh-node,maracaibo_bld_skyscraper02|caracas_bld_hospitalvargas
0xD4D11A56,2,0,0,mesh-node,pr_veh_boat_cutter|al_veh_boat_markv
0xD4E17053,2,0,0,mesh-node,0x41D7AC6F|ch_veh_apc_wz551
0xD4EB4FFB,2,0,0,mesh-node,global_veh_uh1huey|pmc_veh_helicopter_uh1huey
0xD5B28A3F,2,0,0,mesh-node,industrial_bld_refinery06|jungle_env_largecanopy01
0xD5FE037C,2,0,0,mesh-node,outskirt_bld_market04|0x8B69284B
0xD6541F56,2,0,2,destruction-piece,white_bld_segment16x16a|0xFD0229C3
0xD6C7E79E,2,0,0,mesh-node,vz_veh_helicopter_alouetteiii|pr_veh_helicopter_alouetteiii
0xD6EC280B,2,0,0,mesh-node,global_veh_stingray|ch_veh_tank_ztz98
0xD6F0A539,2,0,0,mesh-node,global_veh_stingray|ch_veh_tank_ztz98
0xD70A23D7,2,0,0,mesh-node,vz_veh_helicopter_alouetteiii|pr_veh_helicopter_alouetteiii
0xD7930D84,2,0,0,mesh-node,global_veh_uh1huey|pmc_veh_helicopter_uh1huey
0xD795D3C5,2,0,0,mesh-node,vz_veh_helicopter_mi35hind|vz_veh_helicopter_mi35hind_solano
0xD7BDEBB0,2,0,2,destruction-piece,global_veh_uh1huey|pmc_veh_helicopter_uh1huey
0xD81D79A0,2,0,2,destruction-piece,jungle_wallgate|industrial_bld_refinery06
0xD829B9E4,2,0,0,mesh-node,maracaibo_bld_corner32x32b|commercial_bld_segment8x16c
0xD860AAF2,2,0,0,mesh-node,civ_veh_truck_ambulance|civ_veh_car_l300_racing
0xD88206D6,2,0,0,mesh-node,estate_bld_mansion03|outpost_bld_govtbld
0xD8DE9BE3,2,0,0,mesh-node,vz_veh_boat_type14311|al_veh_boat_markv
0xD90B80AF,2,0,2,destruction-piece,vz_veh_helicopter_alouetteiii|pr_veh_helicopter_alouetteiii
0xD92F2B81,2,0,2,destruction-piece,ocoutpost_bld_guardpost01|chinaoutpost_bld_guardpost01
0xD992AB84,2,0,2,destruction-piece,white_bld_segment16x16a|0xFD0229C3
0xD9B2CEF2,2,0,0,mesh-node,vz_veh_helicopter_mi35hind|vz_veh_helicopter_mi35hind_solano
0xD9E5E217,2,0,0,mesh-node,vz_veh_helicopter_mi35hind|vz_veh_helicopter_mi35hind_solano
0xD9EC84F0,2,0,0,mesh-node,white_bld_segment16x16a|0xFD0229C3
0xDA10B0D3,2,0,2,destruction-piece,jungle_wallgate|industrial_bld_refinery06
0xDA3551B4,2,0,2,destruction-piece,industrial_bld_refinery06|proutpost_bld_guardtower01
0xDA39CEE2,2,0,2,destruction-piece,industrial_bld_refinery06|jungle_bld_ruinshotelfront
0xDA3D91AB,2,0,2,destruction-piece,village_bld_plantation02|outpost_bld_plantation02
0xDA9591BB,2,0,0,mesh-node,ch_veh_boat_destroyer|al_veh_boat_destroyer
0xDAA259CC,2,0,2,destruction-piece,island_bld_bridge01|oilrig_bld_buildingd
0xDAEA1F9E,2,0,2,destruction-piece,0xA0EAF095|0xA79EE18C
0xDB0CB1E0,2,0,2,destruction-piece,0xA0EAF095|0xA79EE18C
0xDB394935,2,0,0,mesh-node,residential_bld_corner16x16a|cumana_bld_hotelfourstar01
0xDC577B8E,2,0,2,destruction-piece,caracas_bld_parquecentral03|caracas_bld_parquecentral02
0xDCC28B7D,2,0,0,mesh-node,civ_veh_truck_transport|civ_veh_car_w8_normal
0xDCE06217,2,0,2,destruction-piece,pmcoutpost_bld_hqgarage|pmcoutpost_bld_hq
0xDD0397EE,2,0,2,destruction-piece,pmcoutpost_bld_hq|0xF4AF3C5B
0xDD380D34,2,0,2,destruction-piece,chinaoutpost_bld_storage|chinaoutpost_bld_commbunker01
0xDD5D0CD7,2,0,2,destruction-piece,outpost_bld_warehouse01|outpost_bld_vzwarehouselarge
0xDD72D55B,2,0,2,destruction-piece,maracaibo_bld_skyscraper02|0xCB4C6EAB
0xDDAEC509,2,0,0,mesh-node,vz_veh_helicopter_mi35hind|vz_veh_helicopter_mi35hind_solano
0xDDB57086,2,0,2,destruction-piece,oc_veh_semi_austin|civ_veh_semi_austin
0xDDC21518,2,0,2,destruction-piece,white_bld_segment16x16a|0xFD0229C3
0xDDD92CA8,2,0,0,mesh-node,shanty_bld_housegroup04|shanty_bld_housegroup03
0xDDDC6855,2,0,2,destruction-piece,0x6871E4C5|estate_bld_mansion01
0xDDE9B4B3,2,0,2,destruction-piece,village_bld_plantation02|caracas_bld_historical04
0xDE260AAF,2,0,2,destruction-piece,ocoutpost_bld_guardpost01|chinaoutpost_bld_guardpost01
0xDE36A386,2,0,0,mesh-node,vz_veh_helicopter_alouetteiii|pr_veh_helicopter_alouetteiii
0xDE50C1E0,2,0,0,mesh-node,vz_veh_apc_m113_aa|gr_veh_apc_m113_aa
0xDE9421E9,2,0,0,mesh-node,oc_veh_semi_austin|civ_veh_semi_austin
0xDE9EDD3F,2,0,2,destruction-piece,village_bld_plantation03|global_pile04
0xDEE21058,2,0,0,mesh-node,white_bld_segment16x16a|0xFD0229C3
0xDF1BE74E,2,0,0,mesh-node,civ_veh_car_pony_normal|civ_veh_car_pony_crappy
0xDFBEFF55,2,0,2,destruction-piece,groutpost_bld_cranemining|oilrig_bld_buildingc
0xDFFF7124,2,0,2,destruction-piece,jungle_wallgate|industrial_bld_refinery06
0xE0208ADA,2,0,2,destruction-piece,aloutpost_bld_hanger|caracas_bld_theater01
0xE07EEBA3,2,0,0,mesh-node,vz_veh_helicopter_mi35hind|vz_veh_helicopter_mi35hind_solano
0xE0A90A4A,2,0,2,destruction-piece,0xCE99630D|0xF4AF3C5B
0xE0AF9A18,2,0,2,destruction-piece,aloutpost_bld_supplydepot|outpost_bld_vzwarehouselarge
0xE0DB3907,2,0,0,mesh-node,global_veh_rib36|vz_veh_boat_patrol
0xE0F3DD78,2,0,2,destruction-piece,industrial_bld_silowide|industrial_bld_towerrefinerysmall
0xE0FA5675,2,0,0,mesh-node,global_veh_uh1huey|pmc_veh_helicopter_uh1huey
0xE1F406DA,2,0,0,mesh-node,global_veh_uh1huey|pmc_veh_helicopter_uh1huey
0xE21E8CE9,2,0,2,destruction-piece,proutpost_bld_surveillance|proutpost_dockb
0xE280A0CF,2,0,0,mesh-node,jungle_wallgate|jungle_bld_ruinshotelfront
0xE28EE287,2,0,0,mesh-node,estate_bld_mansion03|outpost_bld_govtbld
0xE2D87B11,2,0,0,mesh-node,white_bld_segment16x16a|0xFD0229C3
0xE2E5FB59,2,0,0,mesh-node,city_bld_skyscraper03|city_bld_skyscraper02
0xE2F5F5D7,2,0,2,destruction-piece,village_bld_plantation03|chinaoutpost_bld_hangar01
0xE33DD221,2,0,2,destruction-piece,pmcoutpost_bld_hq|global_pile04
0xE3649736,2,0,0,mesh-node,maracaibo_bld_skyscraper02|city_bld_skyscraper02
0xE3D721AC,2,0,0,mesh-node,global_veh_uh1huey|pmc_veh_helicopter_uh1huey
0xE3DE72B1,2,0,0,mesh-node,pmc_veh_truck_cougar|pmc_veh_truck_monster_ridgeline
0xE448C7B9,2,0,2,destruction-piece,island_bld_tower01|oilrig_bld_buildingd
0xE44BAE17,2,0,2,destruction-piece,pmc_veh_truck_cougar|pmc_veh_truck_monster_ridgeline
0xE4E4A055,2,0,2,destruction-piece,0x73033C9F|groutpost_bld_trailerhut01
0xE54C0113,2,0,0,mesh-node,maracaibo_bld_skyscraper02|city_bld_skyscraper02
0xE55AA77F,2,0,2,destruction-piece,ch_veh_boat_destroyer|al_veh_boat_destroyer
0xE5640C7D,2,0,2,destruction-piece,maracaibo_bld_skyscraper02|residential_bld_corner16x16d
0xE5AE2FAE,2,0,0,mesh-node,global_veh_uh1huey|pmc_veh_helicopter_uh1huey
0xE5EA2948,2,0,0,mesh-node,estate_bld_mansion02|estate_bld_mansion01
0xE647A252,2,0,0,mesh-node,vz_veh_helicopter_mi35hind|vz_veh_helicopter_mi35hind_solano
0xE674DDC6,2,0,2,destruction-piece,cumana_bld_fortress01|caracas_bld_skytrammain
0xE67DBC4C,2,0,0,mesh-node,vz_veh_helicopter_mi35hind|vz_veh_helicopter_mi35hind_solano
0xE6B7EEE1,2,0,0,mesh-node,pmc_veh_car_camo_veyron|civ_veh_car_veyron
0xE7207114,2,0,0,mesh-node,civ_veh_car_pony_normal|civ_veh_car_pony_crappy
0xE721A959,2,0,2,destruction-piece,island_bld_bridge01|oilrig_bld_buildinga
0xE72CDD37,2,0,0,mesh-node,gr_veh_boat_cigarette|pmc_veh_boat_cigarette
0xE756D271,2,0,0,mesh-node,ch_veh_boat_destroyer|vz_veh_boat_type14311
0xE763D771,2,0,0,mesh-node,industrial_bld_warehouselarge02|city_bld_skyscraper03
0xE767CB1B,2,0,2,destruction-piece,merida_bld_pmcautoshop|merida_bld_universityadmin
0xE7812B27,2,0,2,destruction-piece,white_bld_segment16x16a|0xFD0229C3
0xE78ADD71,2,0,2,destruction-piece,0x01ED3D6F|0x1A9D89DF
0xE7A21DB2,2,0,0,mesh-node,ch_veh_apc_wz551|oc_veh_truck_mtv_guntruck
0xE7B10485,2,0,0,mesh-node,gr_veh_boat_cigarette|pmc_veh_boat_cigarette
0xE7E50A3E,2,0,0,mesh-node,caracas_bld_parquecentral03|margarita_bld_condo01
0xE7F23B77,2,0,0,mesh-node,civ_veh_truck_garbage|pmc_veh_car_panhard
0xE82BFE5F,2,0,0,mesh-node,global_veh_uh1huey|pmc_veh_helicopter_uh1huey
0xE839C745,2,0,0,mesh-node,global_env_palmtree01|global_env_treesidewalk01
0xE8BFE505,2,0,0,mesh-node,aloutpost_bld_barracks01|merida_bld_pmcautoshop
0xE8D645EC,2,0,0,mesh-node,white_bld_segment16x16a|0xFD0229C3
0xE8E7C52E,2,0,2,destruction-piece,outskirt_bld_mercbar|chinaoutpost_bld_hangar01
0xE90A5770,2,0,2,destruction-piece,outskirt_bld_mercbar|chinaoutpost_bld_hangar01
0xE99F51E2,2,0,0,mesh-node,ch_veh_tank_pgz95|ch_veh_tank_pgz95_command
0xE9B3D9E0,2,0,2,destruction-piece,chinaoutpost_bld_storage|chinaoutpost_bld_commbunker01
0xE9CC1910,2,0,0,mesh-node,caracas_bld_historical04|caracas_bld_capitol
0xE9CD9E9A,2,0,0,mesh-node,0x23AC7DAC|0x946F6A0A
0xE9D0BFD2,2,0,0,mesh-node,global_veh_hondacrx|civ_veh_car_taxi_tercel
0xEA148709,2,0,0,mesh-node,0x13709C60|al_veh_truck_hmmwv_avenger
0xEA9DA5EB,2,0,0,mesh-node,al_veh_plane_ac130_spooky|al_veh_plane_c130
0xEAA07CA2,2,0,0,mesh-node,oc_veh_semi_austin|civ_veh_semi_austin
0xEB1E5E92,2,0,0,mesh-node,global_veh_uh1huey|pmc_veh_helicopter_uh1huey
0xEB22FA0C,2,0,2,destruction-piece,oc_veh_truck_ext|pmc_veh_truck_ext
0xEB249D2C,2,0,0,mesh-node,aloutpost_bld_command|maracaibo_bld_skyscraper01
0xEB54788C,2,0,0,mesh-node,global_veh_uh1huey|pmc_veh_helicopter_uh1huey
0xEB7EAA86,2,0,2,destruction-piece,industrial_bld_refinery06|jungle_bld_ruinshotelfront
0xEBB01C74,2,0,2,destruction-piece,outskirt_bld_mercbar|outskirt_bld_house05
0xEBDB09D1,2,0,2,destruction-piece,ch_veh_boat_destroyer|al_veh_boat_destroyer
0xEC04E77B,2,0,2,destruction-piece,chinaoutpost_bld_hangar01|proutpost_bld_garageboat
0xEC461B6E,2,0,0,mesh-node,pmc_hum_mattias_v2|pmc_hum_mattias_chickensuit
0xEC96D882,2,0,0,mesh-node,vz_veh_helicopter_alouetteiii|pr_veh_helicopter_alouetteiii
0xED43DEF3,2,0,0,mesh-node,maracaibo_bld_skyscraper02|city_bld_skyscraper02
0xED54F9EB,2,0,2,destruction-piece,chinaoutpost_bld_prison|residential_bld_corner16x16d
0xEDA207E5,2,0,0,mesh-node,city_bld_corner32x32a|industrial_bld_warehouse02
0xEE22AC96,2,0,0,mesh-node,jungle_env_treemedium03|jungle_env_treetall03
0xEE32698A,2,0,0,mesh-node,oilrig_tanktalla|pmcoutpost_bld_fueldepot
0xEE4618C9,2,0,0,mesh-node,chinaoutpost_bld_prison|residential_bld_corner16x16d
0xEE4CB7F0,2,0,2,destruction-piece,global_veh_hondacrx|civ_veh_car_crx_racing
0xEE79678C,2,0,2,destruction-piece,cumana_bld_fortress01|caracas_bld_skytrammain
0xEE83DCAF,2,0,0,mesh-node,global_veh_uh1huey|pmc_veh_helicopter_uh1huey
0xEEE552DB,2,0,0,mesh-node,proutpost_att_neonc|proutpost_att_neone
0xEF31B15E,2,0,0,mesh-node,pmc_veh_truck_cougar|pmc_veh_truck_monster_ridgeline
0xEF38A002,2,0,0,mesh-node,0x7604B190|pmcoutpost_planter01
0xEF3B3A1F,2,0,0,mesh-node,gr_veh_truck_m151_50cal|ch_veh_truck_nglv_armored_50cal
0xEF5B5C37,2,0,0,mesh-node,ch_veh_boat_destroyer|vz_veh_boat_type14311
0xEF8848F7,2,0,0,mesh-node,0x6871E4C5|estate_bld_mansion01
0xEF8A69F5,2,0,2,destruction-piece,merida_bld_pmcautoshop|merida_bld_universityadmin
0xEF8F6737,2,0,2,destruction-piece,0x01ED3D6F|0x1A9D89DF
0xEFCAFA53,2,0,0,mesh-node,vz_veh_helicopter_mi35hind|vz_veh_helicopter_mi35hind_solano
0xEFD71438,2,0,2,destruction-piece,caracas_walllong|outskirt_bld_mercbar
0xEFDB9166,2,0,2,destruction-piece,caracas_walllong|outskirt_bld_mercbar
0xEFE7FA6F,2,0,0,mesh-node,mountain_bld_bunkerdestroyed|estate_bld_mansion01
0xF0470305,2,0,2,destruction-piece,industrial_bld_silowide|industrial_bld_towerrefinerysmall
0xF04AD554,2,0,2,destruction-piece,maracaibo_bld_skyscraper02|industrial_bld_warehouselarge01
0xF082DDE8,2,0,2,destruction-piece,village_bld_plantation02|outpost_bld_plantation02
0xF08636A5,2,0,2,destruction-piece,cumana_bld_fortress01|caracas_bld_skytrammain
0xF0D4417B,2,0,2,destruction-piece,oilrig_bld_buildingc|oilrig_bld_buildingd
0xF1418FAD,2,0,0,mesh-node,maracaibo_park|0x1FBFBB4B
0xF1528CD1,2,0,0,mesh-node,0x1D20E058|0xB3EFDFAC
0xF1B37B60,2,0,0,mesh-node,al_veh_tank_m2a3|al_veh_tank_m2a3_m6
0xF21910CF,2,0,0,mesh-node,0x13709C60|al_veh_truck_hmmwv_avenger
0xF290931E,2,0,0,mesh-node,cumana_bld_corner16x16c|city_bld_corner16x16c
0xF2961CB4,2,0,0,mesh-node,pmc_veh_car_offroad_buggy|pmc_veh_car_rocket_buggy
0xF3393F8B,2,0,0,mesh-node,outpost_bld_warehouse01|outpost_bld_vzwarehouselarge
0xF345176B,2,0,2,destruction-piece,oc_veh_semi_austin|civ_veh_semi_austin
0xF358051F,2,0,0,mesh-node,industrial_bld_warehouse04|shanty_bld_apartment01
0xF35B9F15,2,0,0,mesh-node,maracaibo_park|0x1FBFBB4B
0xF3DD91E6,2,0,0,mesh-node,ch_veh_boat_destroyer|al_veh_boat_destroyer
0xF4807849,2,0,2,destruction-piece,pmc_veh_truck_cougar|pmc_veh_truck_monster_ridgeline
0xF49233EE,2,0,2,destruction-piece,village_bld_plantation03|global_pile04
0xF4B4C630,2,0,2,destruction-piece,village_bld_plantation03|global_pile04
0xF4DC81FC,2,0,0,mesh-node,ch_veh_apc_zbd2000|ch_veh_tank_ztz98
0xF4F2362E,2,0,2,destruction-piece,pmcoutpost_bld_hq|pmcoutpost_planter01
0xF503EA6B,2,0,0,mesh-node,jungle_env_treetall02|jungle_env_treetall01
0xF5156B68,2,0,0,mesh-node,jungle_env_treetall03|jungle_env_treetall01
0xF5900365,2,0,2,destruction-piece,village_bld_housestilts05|industrial_bld_refinery06
0xF59893A5,2,0,2,destruction-piece,vz_veh_helicopter_mi35hind|vz_veh_helicopter_mi35hind_solano
0xF61C89DE,2,0,0,mesh-node,al_veh_tank_m2a3|al_veh_tank_m2a3_m6
0xF623E8DC,2,0,0,mesh-node,outpost_bld_warehouse01|outpost_bld_vzwarehouselarge
0xF64AA28F,2,0,0,mesh-node,chinaoutpost_bld_prison|residential_bld_corner16x16d
0xF6822C7C,2,0,0,mesh-node,industrial_bld_gasstationpump02|maracaibo_bld_gasstationpump02
0xF695EF4A,2,0,0,mesh-node,margarita_bld_condo01|industrial_bld_warehouse02
0xF6C00C07,2,0,0,mesh-node,al_veh_plane_ac130_spooky|al_veh_plane_c130
0xF6CE218C,2,0,0,mesh-node,shanty_bld_housegroup04|shanty_bld_housegroup03
0xF6F97995,2,0,0,mesh-node,industrial_bld_refinery06|industrial_bld_refinery04
0xF70A1CAB,2,0,0,mesh-node,al_veh_plane_a10|ch_veh_plane_q5
0xF80EA176,2,0,2,destruction-piece,jungle_wallgate|industrial_bld_refinery06
0xF8297FA9,2,0,0,mesh-node,oc_veh_truck_ext|oc_veh_truck_esv
0xF8F0A66A,2,0,0,mesh-node,global_veh_uh1huey|pmc_veh_helicopter_uh1huey
0xF8F6E055,2,0,2,destruction-piece,oilrig_bld_buildingc|oilrig_bld_buildingd
0xF9088897,2,0,0,mesh-node,aloutpost_bld_command|city_bld_standalone01
0xF914ED24,2,0,0,mesh-node,merida_bld_pmcautoshop|estate_bld_mansion04
0xF96F24A4,2,0,0,mesh-node,gr_veh_boat_turbosquid|oc_veh_boat_turbosquid
0xF98161D3,2,0,0,mesh-node,gr_veh_truck_m35_tanker|vz_veh_truck_m35_tanker
0xF9CDAA73,2,0,0,mesh-node,global_veh_uh1huey|pmc_veh_helicopter_uh1huey
0xFA01D8A9,2,0,2,destruction-piece,jungle_wallgate|industrial_bld_refinery06
0xFA086486,2,0,0,mesh-node,0x4B9C42F1|pmcoutpost_planter01
0xFA162ED4,2,0,0,mesh-node,al_veh_plane_a10|ch_veh_plane_q5
0xFA5FFFD2,2,0,0,mesh-node,aloutpost_bld_hanger|city_bld_skyscraper02
0xFA733FDB,2,0,2,destruction-piece,0x09139BCD|0x60497640
0xFB45E9A3,2,0,0,mesh-node,vz_veh_helicopter_mi35hind|vz_veh_helicopter_mi35hind_solano
0xFB5BDE65,2,0,0,mesh-node,outpost_bld_warehouse01|outpost_bld_vzwarehouselarge
0xFBE8E779,2,0,0,mesh-node,pr_veh_boat_cutter|al_veh_boat_markv
0xFC4B73C6,2,0,0,mesh-node,pmc_veh_motorcycle_mattias|0x19E2962E
0xFC6489E9,2,0,0,mesh-node,aloutpost_bld_command|maracaibo_bld_skyscraper01
0xFCEC93BB,2,0,2,destruction-piece,0xA0EAF095|0xA79EE18C
0xFCF31FA2,2,0,0,mesh-node,global_veh_stingray|ch_veh_tank_ztz98
0xFD40FCD7,2,0,0,mesh-node,chinaoutpost_bld_storage|chinaoutpost_bld_commbunker01
0xFD457A05,2,0,0,mesh-node,chinaoutpost_bld_storage|chinaoutpost_bld_commbunker01
0xFE027F49,2,0,2,destruction-piece,outpost_bld_warehouse01|outpost_bld_vzwarehouselarge
0xFE43167A,2,0,0,mesh-node,ch_veh_tank_plz45b|al_veh_tank_m1a2
0xFEA7DDF4,2,0,0,mesh-node,industrial_bld_warehouselarge02|outpost_bld_vzwarehouselarge
0xFEAE0542,2,0,2,destruction-piece,cumana_bld_corner16x16d|city_bld_corner16x16d
0xFECE04B0,2,0,0,mesh-node,al_veh_plane_ac130_spooky|al_veh_plane_c130
0xFF1DDCEE,2,0,2,destruction-piece,0xD7FCFD11|pmcoutpost_planter01
0xFFB4BC4C,2,0,0,mesh-node,0x7604B190|pmcoutpost_planter01
0xFFC84DE4,2,0,2,destruction-piece,maracaibo_bld_skyscraper02|city_bld_skyscraper02
0xCF05584A,1,19,0,mesh-node,vz_veh_helicopter_mi35hind_solano
0xE3F02B14,1,15,0,mesh-node,vz_veh_helicopter_mi35hind_solano
0xAE7F0EE9,1,5,0,mesh-node,ch_veh_helicopter_ka29b
0xEEA6EC0F,1,5,0,mesh-node,ch_veh_helicopter_ka29b
0x31BC259C,1,1,0,mesh-node,global_flag_largevz
0x3F098B3B,1,1,0,mesh-node,0xAEE44824
0x59191BBD,1,1,0,mesh-node,ch_veh_apc_zbd2000
0x8A1CC9D5,1,1,0,mesh-node,ch_veh_apc_zbd2000
0xA7C369DD,1,1,0,mesh-node,0xAEE44824
0xD566E2BC,1,1,0,mesh-node,ch_veh_apc_zbd2000
0x001B4787,1,0,1,destruction-piece,industrial_bld_smokestack
0x001FC4B5,1,0,1,destruction-piece,industrial_bld_smokestack
0x00314939,1,0,1,destruction-piece,outpost_bld_warehouse01
0x003AF1D9,1,0,1,destruction-piece,0x2703554F
0x00461E64,1,0,0,model-root,0x00461E64
0x0050D284,1,0,0,mesh-node,ch_veh_tank_pgz95
0x005D776A,1,0,0,mesh-node,pmc_veh_motorcycle_tankbike
0x006B03FE,1,0,1,destruction-piece,caracas_bld_parquecentral03
0x007E1966,1,0,0,mesh-node,maracaibo_park
0x008D9640,1,0,1,destruction-piece,caracas_bld_parquecentral03
0x0094C4EB,1,0,1,destruction-piece,aloutpost_bld_supplydepot
0x00972E30,1,0,0,mesh-node,maracaibo_park
0x00ABB064,1,0,0,mesh-node,city_bld_skyscraper02
0x00B10043,1,0,0,mesh-node,merida_bld_pmcautoshop
0x00BF5293,1,0,0,mesh-node,ch_veh_apc_zbd2000
0x00C3E4BD,1,0,0,mesh-node,maracaibo_park
0x00D600FB,1,0,1,destruction-piece,outpost_bld_warehouse01
0x00DA4E1D,1,0,1,destruction-piece,maracaibo_bld_skyscraper02
0x00E40D4E,1,0,0,mesh-node,ch_veh_boat_destroyer
0x00E66AEE,1,0,0,mesh-node,0x19E2962E
0x00EB62DF,1,0,1,destruction-piece,industrial_bld_silowide
0x012404C6,1,0,1,destruction-piece,pmcoutpost_bld_hq
0x01284A9D,1,0,0,mesh-node,0xB0D4E642
0x01293618,1,0,0,mesh-node,city_bld_skyscraper02
0x012A8279,1,0,0,mesh-node,civ_veh_boat_cargoship
0x012DCD49,1,0,1,destruction-piece,al_veh_boat_destroyer
0x014BF253,1,0,0,mesh-node,global_flag_largech
0x01605443,1,0,0,mesh-node,estate_bld_mansion02
0x016DCC23,1,0,0,mesh-node,city_bld_corner32x32d
0x0179EFA2,1,0,0,mesh-node,merida_bld_soccerstadium
0x0179FE06,1,0,1,destruction-piece,island_bld_fortress01
0x018B3F17,1,0,0,mesh-node,ch_veh_boat_huangfeng
0x018F7384,1,0,0,mesh-node,ch_veh_plane_transport
0x018FBC45,1,0,0,mesh-node,ch_veh_boat_huangfeng
0x0193F0B2,1,0,0,mesh-node,ch_veh_plane_transport
0x0196E3B3,1,0,0,mesh-node,0x1FBFBB4B
0x01C8042C,1,0,0,mesh-node,industrial_bld_warehouselarge01
0x01D2E27D,1,0,0,model-root,0x01D2E27D
0x01DBF046,1,0,1,destruction-piece,0xB0D4E642
0x0215F9EF,1,0,0,mesh-node,civ_veh_bus_escort
0x022479C0,1,0,0,mesh-node,caracas_bld_parquecentral03
0x022800BB,1,0,0,mesh-node,civ_veh_trailer_flatbed
0x022F70B6,1,0,0,mesh-node,industrial_bld_silowide
0x023ED2DA,1,0,0,mesh-node,estate_bld_mansion04
0x02461633,1,0,1,destruction-piece,caracas_bld_capitol
0x0248E703,1,0,1,destruction-piece,merida_bld_pmcautoshop
0x0251509A,1,0,1,destruction-piece,margarita_bld_condo01
0x0254B568,1,0,0,mesh-node,pmcoutpost_planter01
0x025E74B4,1,0,0,mesh-node,pmc_hum_chris_v2
0x029E7C92,1,0,1,destruction-piece,0xE05A09A2
0x02AB7E67,1,0,1,destruction-piece,0xF4AF3C5B
0x02DED334,1,0,0,model-root,global_weapon_40mmgrenade
0x02E7E3E8,1,0,1,destruction-piece,village_bld_plantationsmall02
0x0301FD38,1,0,1,destruction-piece,0x38381266
0x0307555E,1,0,0,model-root,0x0307555E
0x031AB782,1,0,0,mesh-node,civ_veh_plane_727jet
0x032B1FA8,1,0,0,mesh-node,ch_veh_boat_destroyer
0x032EA813,1,0,1,destruction-piece,0x0D0B8CF5
0x033583F4,1,0,1,destruction-piece,commercial_bld_supermarket
0x0346A9CB,1,0,0,model-root,0x0346A9CB
0x034B26F9,1,0,0,model-root,0x034B26F9
0x03587437,1,0,0,model-root,0x03587437
0x0376381A,1,0,0,mesh-node,shanty_bld_housegroup05
0x03765872,1,0,0,mesh-node,ocoutpost_tablearmwrestling
0x037F9454,1,0,1,destruction-piece,margarita_bld_condo01
0x039772BA,1,0,1,destruction-piece,ocoutpost_bld_warehouse01
0x039DF550,1,0,0,mesh-node,vz_veh_tank_scorpion90
0x03C2C29F,1,0,0,mesh-node,ch_veh_apc_wz551
0x03D9BEED,1,0,1,destruction-piece,ch_veh_boat_destroyer
0x03EC2F1C,1,0,1,destruction-piece,caracas_bld_historical04
0x03EF3CD5,1,0,0,mesh-node,ch_veh_helicopter_ka29b
0x0401D023,1,0,1,destruction-piece,outpost_bld_vzwarehouselarge
0x0401E24A,1,0,1,destruction-piece,al_veh_boat_destroyer
0x0402DD31,1,0,0,mesh-node,global_env_treeplaza02
0x0422A7E9,1,0,0,mesh-node,industrial_bld_silowide
0x0443C135,1,0,1,destruction-piece,merida_bld_pmcautoshop
0x0446B35F,1,0,1,destruction-piece,al_veh_boat_destroyer
0x044A87C5,1,0,1,destruction-piece,aloutpost_bld_supplydepot
0x044EBEFE,1,0,1,destruction-piece,oc_veh_boat_oiltanker
0x045ECC8E,1,0,0,mesh-node,civ_veh_plane_727jet
0x04675C41,1,0,0,mesh-node,ch_veh_tank_ztz98
0x046D1E92,1,0,0,mesh-node,vz_veh_boat_patrol
0x0473A292,1,0,1,destruction-piece,maracaibo_bld_skyscraper02
0x04742A8A,1,0,0,mesh-node,global_veh_winch_magnet
0x048F3486,1,0,0,mesh-node,global_veh_rib36
0x049CA90E,1,0,1,destruction-piece,cumana_bld_fortress01
0x04AEC541,1,0,1,destruction-piece,shanty_bld_housegroup03
0x04D5BDAA,1,0,0,model-root,0x04D5BDAA
0x04D64C25,1,0,0,mesh-node,city_bld_skyscraper02
0x04DB1B1B,1,0,1,destruction-piece,village_bld_plantationsmall02
0x04EFC7DE,1,0,1,destruction-piece,ch_veh_boat_destroyer
0x04F0D28D,1,0,1,destruction-piece,chinaoutpost_bld_commbunker01
0x04F8999F,1,0,1,destruction-piece,island_bld_fortress01
0x04F93FDA,1,0,0,mesh-node,al_veh_boat_markv
0x0525D3E6,1,0,1,destruction-piece,industrial_bld_towerrefinerysmall
0x0527F93E,1,0,1,destruction-piece,shanty_bld_apartment02
0x0545AA28,1,0,0,mesh-node,pmc_veh_motorcycle_tankbike
0x0546DDB5,1,0,0,mesh-node,shanty_fencecorner01
0x05499780,1,0,0,mesh-node,oc_veh_boat_oiltanker
0x054D23E0,1,0,1,destruction-piece,0xCFAC6851
0x054F9231,1,0,1,destruction-piece,outskirt_bld_mercbar
0x054FAE82,1,0,0,mesh-node,ch_veh_apc_wz551
0x0557EA14,1,0,1,destruction-piece,al_veh_boat_destroyer
0x055B94CC,1,0,0,mesh-node,civ_veh_car_pony_crappy
0x05616B23,1,0,0,mesh-node,margarita_bld_condo01
0x056985A4,1,0,1,destruction-piece,outpost_bld_vzwarehouselarge
0x056AA09F,1,0,0,mesh-node,pmcoutpost_planter01
0x0574AA8A,1,0,1,destruction-piece,0xFD0229C3
0x058A9BBC,1,0,1,destruction-piece,outpost_bld_vzwarehouselarge
0x05912C83,1,0,0,mesh-node,vz_veh_tank_scorpion90
0x059EA245,1,0,0,mesh-node,vz_veh_helicopter_alouetteiii
0x05B7B5BD,1,0,1,destruction-piece,jungle_bld_ruinshotelback
0x05B8C53E,1,0,1,destruction-piece,global_pile06
0x05C0CC53,1,0,1,destruction-piece,island_bld_fortress01
0x05D9616B,1,0,0,mesh-node,ch_veh_plane_q5
0x05DA55B6,1,0,1,destruction-piece,cumana_bld_fortress01
0x05E52A58,1,0,0,mesh-node,al_veh_helicopter_mh53pavelow
0x05ED45FC,1,0,0,model-root,0x05ED45FC
0x060E6B25,1,0,0,model-root,0x378BB1B8
0x0618F480,1,0,1,destruction-piece,maracaibo_bld_skyscraper02
0x06307F5F,1,0,0,mesh-node,industrial_bld_towerrefinerytall
0x0630F3F8,1,0,0,mesh-node,airport_bld_terminal01
0x063218EE,1,0,0,mesh-node,maracaibo_park
0x06357126,1,0,0,mesh-node,airport_bld_terminal01
0x063C46FD,1,0,0,mesh-node,oc_veh_boat_oiltanker
0x0643CC5D,1,0,1,destruction-piece,ch_veh_boat_destroyer
0x0645384B,1,0,1,destruction-piece,civ_veh_car_taxi_tercel
0x0654AB30,1,0,0,mesh-node,maracaibo_park
0x066DAEAD,1,0,0,mesh-node,oc_veh_boat_oiltanker
0x069A6260,1,0,1,destruction-piece,civ_veh_truck_ambulance
0x06B3BAF3,1,0,1,destruction-piece,island_bld_fortress01
0x06B7DF09,1,0,0,model-root,0x06B7DF09
0x06C115C5,1,0,0,mesh-node,industrial_bld_warehouse03
0x06C2C612,1,0,1,destruction-piece,0xA948DDA6
0x06E46532,1,0,1,destruction-piece,jungle_wallgate
0x06EFA6EB,1,0,0,mesh-node,ch_veh_apc_wz551
0x06F0F72E,1,0,0,mesh-node,oc_veh_helicopter_md500
0x0707B1FD,1,0,0,mesh-node,shanty_bld_shack01
0x0716B7E2,1,0,0,mesh-node,pmc_veh_plane_mig27
0x07260982,1,0,0,mesh-node,civ_veh_plane_727jet
0x075503B2,1,0,0,mesh-node,0x7604B190
0x0763EAF8,1,0,0,mesh-node,maracaibo_park
0x0767FCC2,1,0,1,destruction-piece,outpost_bld_vzwarehouselarge
0x0773B0A5,1,0,0,mesh-node,vz_veh_boat_type14311
0x07889DEA,1,0,1,destruction-piece,city_bld_apartment01
0x0789FBD3,1,0,1,destruction-piece,global_env_hedgelong
0x078A0398,1,0,1,destruction-piece,outskirt_bld_mercbar
0x07BB8545,1,0,1,destruction-piece,0xBCBA07EE
0x07F0BFAF,1,0,1,destruction-piece,island_bld_fortress01
0x08081D66,1,0,1,destruction-piece,outpost_bld_warehouse01
0x08315650,1,0,1,destruction-piece,0xB0A0930E
0x084017EE,1,0,0,mesh-node,vz_veh_tank_scorpion90
0x08443CF3,1,0,1,destruction-piece,0x09139BCD
0x084D1CED,1,0,1,destruction-piece,merida_bld_universityadmin
0x085C500A,1,0,1,destruction-piece,ch_veh_boat_destroyer
0x085C8576,1,0,1,destruction-piece,island_bld_fortress01
0x0862AA30,1,0,0,mesh-node,vz_veh_tank_scorpion90
0x0867E695,1,0,0,mesh-node,gr_veh_tank_m551sheridan
0x086F7000,1,0,1,destruction-piece,0xB0D4E642
0x08815698,1,0,1,destruction-piece,0xC68ADB00
0x0892BD9A,1,0,0,mesh-node,maracaibo_park
0x08AA9588,1,0,1,destruction-piece,commercial_bld_supermarket
0x08AE7EFE,1,0,1,destruction-piece,pmcoutpost_bld_hq
0x08B38974,1,0,1,destruction-piece,civ_veh_car_pony_crappy
0x08BDB06E,1,0,1,destruction-piece,0xF245AC63
0x08D14BA6,1,0,0,mesh-node,global_locationmarker
0x08EC7737,1,0,1,destruction-piece,pmcoutpost_bld_hq
0x08F5CDE5,1,0,1,destruction-piece,oilrig_bld_buildingb
0x08F8524B,1,0,0,model-root,global_weapon_sawmg
0x08FAE02F,1,0,0,mesh-node,0x7604B190
0x091545FD,1,0,1,destruction-piece,jungle_bld_ruinshotelback
0x092ACB85,1,0,0,model-root,0x092ACB85
0x0946BC65,1,0,1,destruction-piece,al_veh_boat_destroyer
0x0957222B,1,0,0,mesh-node,maracaibo_park
0x0957C10E,1,0,1,destruction-piece,city_bld_skyscraper03
0x09768360,1,0,1,destruction-piece,island_bld_fortress01
0x098A2D6A,1,0,0,mesh-node,0x634F1F65
0x09A24E88,1,0,0,model-root,0x09A24E88
0x09BC49D0,1,0,1,destruction-piece,0xB0D4E642
0x09D0F3C7,1,0,0,mesh-node,chinaoutpost_bld_storage
0x09D570F5,1,0,0,mesh-node,chinaoutpost_bld_storage
0x09E0247F,1,0,0,mesh-node,merida_bld_hotel
0x09E07A0C,1,0,1,destruction-piece,0xB0D4E642
0x09F538CE,1,0,0,mesh-node,pmc_veh_car_camo_veyron
0x09FDE118,1,0,1,destruction-piece,civ_hum_super_motorcycle
0x0A0F1972,1,0,1,destruction-piece,0xB0A0930E
0x0A136E5D,1,0,1,destruction-piece,pmcoutpost_bld_hqgarage
0x0A1902E4,1,0,0,mesh-node,vz_veh_boat_type14311
0x0A1B3ECA,1,0,0,mesh-node,0x0C653E97
0x0A364F06,1,0,0,mesh-node,maracaibo_park
0x0A49CF91,1,0,0,mesh-node,gr_veh_tank_m551sheridan
0x0A4B4222,1,0,1,destruction-piece,island_bld_tower01
0x0A4B7296,1,0,0,mesh-node,al_veh_truck_hmmwv_armored
0x0A65271C,1,0,0,mesh-node,ch_veh_tank_ztz98
0x0A65C93F,1,0,1,destruction-piece,outpost_bld_vzwarehouselarge
0x0A8AF517,1,0,0,mesh-node,maracaibo_park
0x0A8E25B1,1,0,1,destruction-piece,0xC68ADB00
0x0A8F7245,1,0,0,mesh-node,maracaibo_park
0x0A9ABCD8,1,0,1,destruction-piece,oilrig_bld_buildingc
0x0AAC901C,1,0,1,destruction-piece,shanty_bld_housegroup03
0x0AAE6D5A,1,0,0,model-root,0x0AAE6D5A
0x0AB98759,1,0,1,destruction-piece,industrial_bld_smokestack
0x0ABD9530,1,0,1,destruction-piece,city_bld_skyscraper03
0x0AD75BF5,1,0,0,mesh-node,civ_veh_plane_727jet
0x0AE956F2,1,0,0,mesh-node,ch_veh_boat_destroyer
0x0AED8898,1,0,0,mesh-node,city_bld_skyscraper03
0x0AF7C3CD,1,0,0,mesh-node,0x19E2962E
0x0B22C998,1,0,1,destruction-piece,al_veh_helicopter_mh53pavelow
0x0B294CBA,1,0,0,mesh-node,maracaibo_bld_skyscraper01
0x0B362554,1,0,1,destruction-piece,oilrig_bld_buildinga
0x0B3AD836,1,0,0,mesh-node,ch_veh_tank_ztz63a
0x0B4C79B4,1,0,0,model-root,0x0B4C79B4
0x0B5337C9,1,0,1,destruction-piece,jungle_bld_ruinshotelback
0x0B554F94,1,0,1,destruction-piece,0x0D0B8CF5
0x0B63C35C,1,0,1,destruction-piece,outpost_bld_vzwarehouselarge
0x0B652059,1,0,0,mesh-node,global_env_treeplaza02
0x0B66BF81,1,0,1,destruction-piece,jungle_bld_ruinshotelback
0x0B674D71,1,0,1,destruction-piece,shanty_bld_apartment04
0x0B711E0A,1,0,0,model-root,global_weapon_mlrsrocket
0x0B74CC80,1,0,0,model-root,0x0B74CC80
0x0B9D5ABB,1,0,1,destruction-piece,residential_bld_corner16x16e
0x0BA6B10E,1,0,0,mesh-node,global_veh_stingray
0x0BB1C7EA,1,0,1,destruction-piece,island_bld_tower01
0x0BBD20A3,1,0,0,model-root,0x0BBD20A3
0x0BC477CE,1,0,0,mesh-node,pmc_veh_motorcycle_tankbike
0x0BD718A8,1,0,0,mesh-node,aloutpost_bld_storage
0x0C04A3C0,1,0,0,model-root,0x0C04A3C0
0x0C25090B,1,0,0,mesh-node,maracaibo_park
0x0C298639,1,0,0,mesh-node,maracaibo_park
0x0C29BB17,1,0,0,mesh-node,civ_veh_boat_fishing
0x0C3DA7BE,1,0,0,mesh-node,jungle_env_largecanopy01
0x0C40C995,1,0,0,mesh-node,industrial_bld_silowide
0x0C4DB73B,1,0,1,destruction-piece,residential_bld_corner16x16d
0x0C590257,1,0,0,mesh-node,pmcoutpost_planter01
0x0C5E3C74,1,0,0,mesh-node,outpost_bld_vzwarehouselarge
0x0C603A00,1,0,0,mesh-node,jungle_env_largecanopy01
0x0C653E97,1,0,0,model-root,0x0C653E97
0x0C6711B3,1,0,0,mesh-node,0x307D6AE1
0x0C68B0DA,1,0,1,destruction-piece,civ_veh_truck_impact
0x0C959690,1,0,0,mesh-node,pmc_veh_plane_mig27
0x0C9CA601,1,0,0,model-root,0x0C9CA601
0x0C9EC0CD,1,0,0,mesh-node,civ_veh_plane_cessna
0x0CABC304,1,0,0,mesh-node,outpost_bld_warehouse01
0x0CAE2C63,1,0,0,mesh-node,global_towerelectrical01
0x0CAEDA7E,1,0,0,mesh-node,global_fountainsmall
0x0CCE47DD,1,0,0,mesh-node,chinaoutpost_bld_storage
0x0CD33B48,1,0,0,model-root,0xFE8428E7
0x0CF6128E,1,0,1,destruction-piece,maracaibo_bld_skyscraper02
0x0D099328,1,0,0,mesh-node,maracaibo_park
0x0D0E1056,1,0,0,mesh-node,maracaibo_park
0x0D40943F,1,0,1,destruction-piece,outskirt_bld_mercbar
0x0D4526EA,1,0,0,mesh-node,oc_veh_boat_oiltanker
0x0D461AEA,1,0,1,destruction-piece,shanty_bld_apartment01
0x0D466410,1,0,1,destruction-piece,civ_veh_motorcycle_chopper
0x0D47205D,1,0,1,destruction-piece,maracaibo_bld_skyscraper02
0x0D554347,1,0,0,mesh-node,0x25B3F7BC
0x0D5A6FA4,1,0,0,mesh-node,0x307D6AE1
0x0D5FCA87,1,0,0,mesh-node,jungle_env_plantsmall03
0x0D80AAC5,1,0,0,model-root,0x0D80AAC5
0x0D811EA3,1,0,1,destruction-piece,industrial_bld_refinery06
0x0D95F392,1,0,0,mesh-node,oilrig_simple
0x0DA644FB,1,0,1,destruction-piece,cumana_bld_fortress01
0x0DAAC229,1,0,1,destruction-piece,cumana_bld_fortress01
0x0DAEE9F7,1,0,0,mesh-node,industrial_bld_warehouse02
0x0DB9CF26,1,0,1,destruction-piece,shanty_bld_housegroup05
0x0DBB4F34,1,0,0,mesh-node,vz_veh_plane_tucano
0x0DBC347C,1,0,0,model-root,0x0DBC347C
0x0DC0AFB8,1,0,0,mesh-node,gr_veh_tank_m551sheridan
0x0DC57B71,1,0,0,mesh-node,global_veh_scorpiondpv
0x0DD795FA,1,0,1,destruction-piece,shanty_bld_house02
0x0DDEDF7C,1,0,1,destruction-piece,cumana_bld_fortress01
0x0DDFD017,1,0,0,mesh-node,al_veh_truck_hmmwv_armored
0x0DE76865,1,0,0,mesh-node,merida_bld_hotel
0x0DE8CDFB,1,0,0,mesh-node,vz_veh_boat_type14311
0x0DF65137,1,0,1,destruction-piece,global_pile05
0x0E0362D2,1,0,0,mesh-node,0x95F4BA55
0x0E116892,1,0,0,mesh-node,industrial_bld_gasstationpump01
0x0E28F272,1,0,0,mesh-node,merida_bld_universityadmin
0x0E305AD4,1,0,0,mesh-node,civ_veh_plane_727jet
0x0E4FBF21,1,0,1,destruction-piece,aloutpost_bld_supplydepot
0x0E503A9A,1,0,0,mesh-node,maracaibo_park
0x0E721DE9,1,0,1,destruction-piece,oilrig_bld_buildingc
0x0EAE01ED,1,0,1,destruction-piece,cumana_bld_fortress01
0x0EC77F0E,1,0,1,destruction-piece,proutpost_bld_surveillance
0x0ECF1683,1,0,1,destruction-piece,maracaibo_bld_skyscraper02
0x0EE2CB61,1,0,0,mesh-node,pmcoutpost_planter01
0x0EE5CDCD,1,0,1,destruction-piece,island_bld_fortress01
0x0EE7E309,1,0,0,mesh-node,merida_bld_soccerstadium
0x0EED0B90,1,0,0,mesh-node,0xB0D4E642
0x0F0A2A0A,1,0,0,mesh-node,chinaoutpost_bld_storage
0x0F10656F,1,0,0,mesh-node,civ_veh_plane_cessna
0x0F13CC57,1,0,0,mesh-node,chinaoutpost_bld_commbunker01
0x0F1D2F26,1,0,1,destruction-piece,outpost_bld_vzwarehouselarge
0x0F1D3E7D,1,0,1,destruction-piece,0xF245AC63
0x0F28C6DC,1,0,1,destruction-piece,industrial_bld_warehouse01
0x0F335D26,1,0,0,model-root,0x0F335D26
0x0F3B0980,1,0,0,mesh-node,airport_bld_terminal01
0x0F53B5CA,1,0,1,destruction-piece,shanty_bld_house02
0x0F98E80F,1,0,1,destruction-piece,0xB0D4E642
0x0FA732E9,1,0,1,destruction-piece,pmcoutpost_bld_hq
0x0FB3E6EB,1,0,0,mesh-node,gr_veh_tank_m551sheridan
0x0FCA1E1D,1,0,1,destruction-piece,global_pile06
0x0FCA34B7,1,0,1,destruction-piece,maracaibo_bld_skyscraper02
0x0FD4CF38,1,0,1,destruction-piece,outpost_bld_vzwarehouselarge
0x0FD7DFA1,1,0,0,mesh-node,jungle_env_largecanopy01
0x0FEC6D73,1,0,1,destruction-piece,aloutpost_bld_supplydepot
0x0FF16E33,1,0,0,model-root,0x0FF16E33
0x10090795,1,0,0,model-root,0x10090795
0x101EB4E1,1,0,1,destruction-piece,outpost_bld_vzwarehouselarge
0x102A56A1,1,0,0,mesh-node,oc_veh_semi_austin
0x10424CD7,1,0,0,mesh-node,airport_bld_terminal01
0x104449E1,1,0,1,destruction-piece,ch_veh_boat_destroyer
0x1046CA05,1,0,0,mesh-node,airport_bld_terminal01
0x10528B8B,1,0,0,mesh-node,island_bld_fortress01
0x10579972,1,0,0,mesh-node,mountain_bld_bunkerdestroyed
0x10610F3C,1,0,1,destruction-piece,island_bld_fortress01
0x107F0E47,1,0,0,mesh-node,ch_veh_helicopter_ka29b
0x10838B75,1,0,0,mesh-node,ch_veh_helicopter_ka29b
0x108C48AC,1,0,0,mesh-node,0x7D808EF2
0x1096C128,1,0,0,model-root,0x1096C128
0x10984459,1,0,0,mesh-node,city_bld_standalone01
0x109B75F2,1,0,1,destruction-piece,shanty_bld_apartment04
0x10C55273,1,0,0,mesh-node,margarita_bld_condo01
0x10D510A8,1,0,0,mesh-node,civ_veh_plane_727jet
0x10E440D7,1,0,1,destruction-piece,0x066F550B
0x10EC63AF,1,0,0,model-root,0x10EC63AF
0x10F5A969,1,0,1,destruction-piece,margarita_bld_condo01
0x10F809A9,1,0,0,mesh-node,0x1FBFBB4B
0x10FE2103,1,0,0,mesh-node,city_bld_standalone01
0x110E9F30,1,0,0,mesh-node,al_veh_helicopter_mh53pavelow
0x1138628A,1,0,0,mesh-node,ch_veh_boat_destroyer
0x114C9E49,1,0,0,mesh-node,ch_veh_boat_destroyer
0x115B8420,1,0,0,model-root,0x115B8420
0x11648A5C,1,0,1,destruction-piece,jungle_bld_ruinshotelback
0x116D895F,1,0,1,destruction-piece,oilrig_simple
0x117330E8,1,0,1,destruction-piece,al_veh_boat_destroyer
0x1179C105,1,0,0,mesh-node,maracaibo_park
0x1181220C,1,0,0,mesh-node,oilrig_simple
0x11AA4CF6,1,0,0,model-root,0x11AA4CF6
0x11C34839,1,0,0,model-root,global_weapon_deserteagle
0x11DA641D,1,0,0,model-root,global_weapon_sniperdragunov
0x11DE0583,1,0,1,destruction-piece,caracas_walllong
0x11DFB98D,1,0,1,destruction-piece,outpost_bld_vzwarehouselarge
0x11E79281,1,0,1,destruction-piece,margarita_bld_condo01
0x11F16DFD,1,0,1,destruction-piece,civ_veh_truck_transport
0x11FD727C,1,0,0,model-root,0x11FD727C
0x120DBBF9,1,0,0,mesh-node,ch_veh_boat_huangfeng
0x120F55F0,1,0,0,mesh-node,civ_veh_boat_cargoship
0x120FF518,1,0,1,destruction-piece,cumana_bld_fortress01
0x1219C130,1,0,0,mesh-node,ch_veh_plane_q5
0x121F2141,1,0,1,destruction-piece,civ_veh_truck_garbage
0x122FD2FD,1,0,0,mesh-node,industrial_bld_gasstationpump01
0x12358513,1,0,1,destruction-piece,chinaoutpost_bld_commbunker01
0x1247DD93,1,0,0,mesh-node,al_veh_plane_a10
0x1251862C,1,0,0,model-root,0x1251862C
0x126E37E6,1,0,0,mesh-node,vz_veh_helicopter_alouetteiii
0x1273519E,1,0,0,mesh-node,0xFD0229C3
0x127F27BF,1,0,1,destruction-piece,0xC68ADB00
0x1282963C,1,0,0,model-root,0x1282963C
0x12895C41,1,0,1,destruction-piece,0xEA7F9F3F
0x129AF8B1,1,0,1,destruction-piece,civ_veh_car_r90_limo
0x129D989E,1,0,0,mesh-node,maracaibo_park
0x129EB31C,1,0,1,destruction-piece,0x2703554F
0x12A8E72C,1,0,1,destruction-piece,0x759BDE16
0x12B8B1C4,1,0,0,model-root,0x066F550B
0x12BFD7DD,1,0,1,destruction-piece,pmcoutpost_bld_hq
0x12C02AE0,1,0,0,mesh-node,maracaibo_park
0x12CF094D,1,0,1,destruction-piece,0xF245AC63
0x12E98D83,1,0,0,mesh-node,global_zippo
0x12EE3F66,1,0,1,destruction-piece,city_bld_apartment02
0x12FFA6A7,1,0,0,mesh-node,civ_veh_semi_mark
0x131B2E6D,1,0,0,mesh-node,maracaibo_bld_skyscraper02
0x132322F4,1,0,0,mesh-node,0xB0D4E642
0x1327A022,1,0,0,mesh-node,0xB0D4E642
0x133344D7,1,0,0,mesh-node,outskirt_bld_market04
0x1333ECBA,1,0,0,mesh-node,city_bld_standalone01
0x133F61FC,1,0,0,mesh-node,ch_veh_tank_ztz63a
0x134414C5,1,0,0,mesh-node,oilrig_bld_buildingb
0x1347F3F2,1,0,0,mesh-node,city_bld_apartment01
0x134C9C7F,1,0,1,destruction-piece,merida_bld_pmcautoshop
0x134E4AA6,1,0,0,mesh-node,pmc_veh_motorcycle_tankbike
0x134EBB53,1,0,0,model-root,0x134EBB53
0x1357C18F,1,0,1,destruction-piece,jungle_bld_ruinshotelback
0x13705BEA,1,0,0,model-root,0x13705BEA
0x13709C60,1,0,0,model-root,0x13709C60
0x1377D962,1,0,0,model-root,0x1377D962
0x138DF125,1,0,0,mesh-node,oilrig_simple
0x13A913D7,1,0,1,destruction-piece,margarita_bld_condo01
0x13AB3AD4,1,0,0,mesh-node,global_veh_stingray
0x13B61A0B,1,0,1,destruction-piece,groutpost_bld_earthmover
0x13C4AD80,1,0,0,mesh-node,al_veh_boat_lcur
0x13C93783,1,0,0,mesh-node,pr_veh_semi_mark
0x13D0A866,1,0,0,mesh-node,pmcoutpost_bld_hqgarage
0x13D2BC1F,1,0,0,model-root,0x13D2BC1F
0x13D2DE59,1,0,0,mesh-node,al_veh_airstrike_b2
0x13DC6E12,1,0,0,mesh-node,ch_veh_tank_pgz95_command
0x13EB0400,1,0,0,model-root,0x13EB0400
0x13F85F16,1,0,0,mesh-node,maracaibo_park
0x13FBB23F,1,0,1,destruction-piece,civ_hum_super_motorcycle
0x1400332A,1,0,0,model-root,0x1400332A
0x1406C9FC,1,0,0,mesh-node,pmc_veh_motorcycle_tankbike
0x140A4195,1,0,0,model-root,0x140A4195
0x140F540C,1,0,1,destruction-piece,0x759BDE16
0x141C17ED,1,0,1,destruction-piece,caracas_walllong
0x142C39ED,1,0,0,mesh-node,pmc_veh_plane_mig27
0x14309B8F,1,0,0,model-root,0x14309B8F
0x14525899,1,0,1,destruction-piece,jungle_wallgate
0x145A8904,1,0,1,destruction-piece,outpost_bld_govtbld
0x145F0632,1,0,1,destruction-piece,outpost_bld_govtbld
0x1465E051,1,0,1,destruction-piece,jungle_wallgate
0x1469E07C,1,0,0,mesh-node,pmc_veh_car_dragster
0x1482451D,1,0,1,destruction-piece,cumana_bld_fortress01
0x149E11B8,1,0,0,mesh-node,pmcoutpost_planter01
0x14A966DD,1,0,0,mesh-node,ch_veh_boat_destroyer
0x14B0E28A,1,0,1,destruction-piece,ocoutpost_bld_guardpost01
0x14B36213,1,0,0,mesh-node,maracaibo_park
0x14BBE333,1,0,0,mesh-node,city_bld_skyscraper03
0x14D7D085,1,0,0,mesh-node,al_veh_helicopter_mh53pavelow
0x14EB59BF,1,0,0,mesh-node,city_bld_skyscraper03
0x14F4F57E,1,0,1,destruction-piece,cumana_bld_fortress01
0x14FA9C54,1,0,1,destruction-piece,maracaibo_bld_skyscraper02
0x150A18ED,1,0,1,destruction-piece,chinaoutpost_bld_prison_fence
0x15103AEC,1,0,0,mesh-node,civ_veh_car_r90_taxi
0x1517BBCD,1,0,0,mesh-node,industrial_bld_gasstationpump01
0x15233D77,1,0,0,mesh-node,global_env_palmtree01
0x1545CE0A,1,0,1,destruction-piece,0x759BDE16
0x1558E47E,1,0,0,mesh-node,cumana_bld_fortress01
0x156B2499,1,0,0,mesh-node,vz_veh_plane_tucano
0x158AECC9,1,0,0,mesh-node,gr_veh_tank_m551sheridan
0x158B1D02,1,0,1,destruction-piece,civ_veh_car_taxi_shuttle
0x15938B0B,1,0,1,destruction-piece,oilrig_simple
0x159EB7FD,1,0,1,destruction-piece,oilrig_bld_buildingd
0x15B32E10,1,0,1,destruction-piece,maracaibo_bld_skyscraper01
0x15C84E92,1,0,1,destruction-piece,outpost_bld_vzwarehouselarge
0x15C8E3D5,1,0,1,destruction-piece,cumana_bld_fortress01
0x15DD0085,1,0,0,mesh-node,0x9B8EF8C6
0x15DE65B8,1,0,0,mesh-node,airport_bld_terminal01
0x15E2E2E6,1,0,0,mesh-node,airport_bld_terminal01
0x15FCE8BC,1,0,0,mesh-node,0x1FBFBB4B
0x16089048,1,0,0,mesh-node,vz_veh_tank_scorpion90
0x160C0F35,1,0,1,destruction-piece,0x4AB6F9B6
0x160CAF4D,1,0,1,destruction-piece,0xF4AF3C5B
0x16192E71,1,0,1,destruction-piece,civ_veh_boat_cargoship
0x161F387B,1,0,1,destruction-piece,pmc_veh_car_panhard
0x16334D1C,1,0,1,destruction-piece,0x60A4EEF3
0x16362DF2,1,0,0,mesh-node,civ_veh_car_phoenix_crappy
0x164F009D,1,0,0,mesh-node,jungle_env_largecanopy01
0x16516BB1,1,0,0,model-root,global_weapon_m34wp
0x167D449D,1,0,0,model-root,0x167D449D
0x167F50F8,1,0,0,mesh-node,global_veh_68valiant
0x169148EB,1,0,0,mesh-node,pmcoutpost_planter01
0x16A3E34A,1,0,0,mesh-node,ocoutpost_bld_warehouse01
0x16A996EC,1,0,0,mesh-node,city_bld_standalone01
0x16ACCBBE,1,0,0,mesh-node,ch_veh_tank_plz45b
0x16C0335D,1,0,0,mesh-node,global_fountainsmall
0x16C52BBC,1,0,0,mesh-node,0x7604B190
0x16CC08D4,1,0,1,destruction-piece,proutpost_bld_surveillance
0x16CF5E00,1,0,0,mesh-node,ch_veh_tank_plz45b
0x16DA1847,1,0,1,destruction-piece,0x2703554F
0x16E75527,1,0,0,mesh-node,pmcoutpost_planter01
0x16EC6CCF,1,0,0,mesh-node,merida_bld_soccerstadium
0x16F16280,1,0,0,mesh-node,oc_veh_helicopter_md500
0x1701F436,1,0,1,destruction-piece,industrial_bld_silowide
0x17141795,1,0,0,mesh-node,city_bld_skyscraper03
0x171AEC07,1,0,0,mesh-node,maracaibo_park
0x171F6935,1,0,0,mesh-node,maracaibo_park
0x17262EA8,1,0,0,mesh-node,0xB0D4E642
0x1726738C,1,0,1,destruction-piece,cumana_bld_fortress01
0x172AABD6,1,0,0,mesh-node,0xB0D4E642
0x173698EA,1,0,0,mesh-node,airport_bld_terminal01
0x17503342,1,0,0,mesh-node,city_bld_standalone05
0x1760029D,1,0,1,destruction-piece,civ_veh_bus_escort
0x1768BB80,1,0,1,destruction-piece,global_pile05
0x176F560F,1,0,1,destruction-piece,pmcoutpost_bld_hq
0x177AD09D,1,0,1,destruction-piece,civ_veh_car_van_commercial
0x17827B11,1,0,0,mesh-node,margarita_bld_condo01
0x1784C608,1,0,0,mesh-node,0x25B3F7BC
0x17893A0B,1,0,0,model-root,0x17893A0B
0x179DDBA6,1,0,0,mesh-node,ch_veh_helicopter_ka29b
0x17A66543,1,0,1,destruction-piece,margarita_bld_condo01
0x17AA5B86,1,0,1,destruction-piece,oc_veh_semi_fueltrailer
0x17AC1E1D,1,0,0,mesh-node,pmc_veh_car_offroad_buggy
0x17C9EEC6,1,0,0,model-root,0x17C9EEC6
0x17CA9A9B,1,0,0,mesh-node,0x25B3F7BC
0x17D19CEB,1,0,0,mesh-node,airport_bld_terminal01
0x17D20897,1,0,0,mesh-node,gr_veh_tank_m551sheridan
0x17DFA12E,1,0,1,destruction-piece,aloutpost_bld_hanger
0x17E74C76,1,0,0,mesh-node,civ_veh_boat_fishing
0x18200717,1,0,0,mesh-node,outskirt_bld_mercbar
0x183D4AA8,1,0,0,model-root,0x183D4AA8
0x1840B8C3,1,0,0,mesh-node,0x1FBFBB4B
0x1848D3A7,1,0,1,destruction-piece,ch_veh_boat_destroyer
0x184BCA5B,1,0,0,mesh-node,al_veh_helicopter_mh53pavelow
0x1869A7E0,1,0,0,mesh-node,industrial_bld_warehouse02
0x186DD425,1,0,0,model-root,0x186DD425
0x186EDECB,1,0,0,mesh-node,white_bld_segment8x8a
0x18782776,1,0,0,model-root,oc_veh_helicopter_md500
0x1887271C,1,0,1,destruction-piece,0xEA7F9F3F
0x1892F30B,1,0,0,mesh-node,civ_veh_boat_swamp
0x18967F59,1,0,1,destruction-piece,village_bld_plantation02
0x18B4FFFB,1,0,0,mesh-node,maracaibo_park
0x18B97D29,1,0,0,mesh-node,maracaibo_park
0x18C1A80E,1,0,1,destruction-piece,0xB0D4E642
0x18C95C46,1,0,0,mesh-node,global_newspaperstand01
0x18CDD05A,1,0,0,mesh-node,ocoutpost_interior_hq
0x18E4A55F,1,0,1,destruction-piece,outpost_bld_vzwarehouselarge
0x18F40E64,1,0,1,destruction-piece,civ_veh_truck_ambulance
0x18F9B06D,1,0,0,mesh-node,city_bld_standalone01
0x18FF5B32,1,0,0,model-root,global_weapon_anm14
0x1906236B,1,0,1,destruction-piece,island_bld_tower01
0x19119247,1,0,1,destruction-piece,ch_veh_boat_destroyer
0x191965DB,1,0,0,mesh-node,0xB0D4E642
0x192AB0B2,1,0,0,mesh-node,al_veh_helicopter_mh53pavelow
0x193290B2,1,0,0,mesh-node,0xEC0DAFF2
0x19425381,1,0,1,destruction-piece,pmcoutpost_bld_hqgarage
0x1954FC13,1,0,0,mesh-node,0xB6E49B02
0x1959B097,1,0,1,destruction-piece,shanty_bld_housegroup03
0x19676216,1,0,0,model-root,0x19676216
0x1969E010,1,0,0,mesh-node,civ_veh_plane_727jet
0x197478F7,1,0,1,destruction-piece,maracaibo_bld_corner16x32a
0x1980B64B,1,0,0,mesh-node,0x51DA41FE
0x1987E75E,1,0,0,mesh-node,maracaibo_park
0x1989B284,1,0,0,mesh-node,0x1FBFBB4B
0x199F3990,1,0,1,destruction-piece,pmcoutpost_planter01
0x19A0FA92,1,0,0,mesh-node,margarita_bld_condo01
0x19A3B8DC,1,0,0,mesh-node,shanty_bld_housegroup05
0x19AA2340,1,0,1,destruction-piece,0x4D4F42B5
0x19D96BC0,1,0,1,destruction-piece,0x4D4F42B5
0x19DB685E,1,0,1,destruction-piece,aloutpost_bld_supplydepot
0x19DE45BB,1,0,0,mesh-node,civ_veh_plane_727jet
0x19E2962E,1,0,0,model-root,0x19E2962E
0x19F553E1,1,0,1,destruction-piece,oilrig_bld_buildingb
0x19F899D9,1,0,1,destruction-piece,caracas_bld_skytrammain
0x1A06C703,1,0,0,mesh-node,outpost_bld_vzwarehouselarge
0x1A0AE55A,1,0,0,mesh-node,civ_veh_boat_cargoship
0x1A3D3844,1,0,1,destruction-piece,outpost_bld_govtbld
0x1A4408BB,1,0,0,model-root,0x1A4408BB
0x1A4C5B7C,1,0,0,model-root,0x1A4C5B7C
0x1A4FC36E,1,0,0,model-root,0x1A4FC36E
0x1A5408E0,1,0,0,mesh-node,0x27C46DD1
0x1A59C67E,1,0,0,mesh-node,pr_veh_boat_saltonsea
0x1A5D5F78,1,0,0,mesh-node,ch_veh_boat_destroyer
0x1A63AB2C,1,0,1,destruction-piece,jungle_wallgate
0x1A764EC2,1,0,0,mesh-node,maracaibo_park
0x1A7FD411,1,0,1,destruction-piece,0xCB4C6EAB
0x1A809361,1,0,1,destruction-piece,industrial_bld_warehouse01
0x1A89D67A,1,0,0,mesh-node,maracaibo_park
0x1A8E5612,1,0,1,destruction-piece,oilrig_bld_buildinga
0x1AAE17E9,1,0,0,mesh-node,city_bld_skyscraper02
0x1AC31C1A,1,0,0,mesh-node,global_env_treeoak01
0x1AC46580,1,0,1,destruction-piece,outpost_bld_vzwarehouselarge
0x1ADDCAF6,1,0,0,model-root,global_zippo
0x1AEBC287,1,0,1,destruction-piece,island_bld_fortress01
0x1AF03FB5,1,0,1,destruction-piece,island_bld_fortress01
0x1B041278,1,0,0,mesh-node,pmc_veh_motorcycle_tankbike
0x1B140C2A,1,0,1,destruction-piece,outpost_bld_municipal_fence
0x1B341599,1,0,0,mesh-node,outpost_bld_vzwarehouselarge
0x1B388028,1,0,0,model-root,0x1B388028
0x1B3C7EBC,1,0,1,destruction-piece,outpost_bld_municipal_fence
0x1B3ED4F5,1,0,0,mesh-node,0x39620ADC
0x1B4E8A03,1,0,1,destruction-piece,merida_bld_pmcautoshop
0x1B65C120,1,0,0,mesh-node,0x6B432F1C
0x1B672675,1,0,0,mesh-node,civ_veh_truck_bank
0x1B698A68,1,0,1,destruction-piece,0x56D04AA8
0x1B6CFCF5,1,0,1,destruction-piece,0x60497640
0x1B6D9E46,1,0,1,destruction-piece,pmcoutpost_bld_hqgarage
0x1B72AACE,1,0,1,destruction-piece,pmcoutpost_bld_hqgarage
0x1B79F40E,1,0,0,mesh-node,ch_veh_tank_pgz95
0x1B91DB09,1,0,0,mesh-node,ch_veh_plane_transport
0x1B95B705,1,0,0,model-root,0x1B95B705
0x1BA2C577,1,0,0,model-root,0x1BA2C577
0x1BA54ADF,1,0,0,model-root,gr_deliverycrate
0x1BAC7DCA,1,0,0,mesh-node,oilrig_att_pipeblowout
0x1BBA16F6,1,0,1,destruction-piece,jungle_bld_ruinshotelback
0x1BC03CEA,1,0,0,mesh-node,al_veh_boat_lcur
0x1BD8B8E5,1,0,1,destruction-piece,groutpost_bld_earthmover
0x1BEB8DBC,1,0,0,mesh-node,0xD7FCFD11
0x1BF62971,1,0,1,destruction-piece,al_veh_boat_destroyer
0x1BFA1CFC,1,0,0,mesh-node,global_att_signnouturn
0x1C06169D,1,0,0,mesh-node,estate_bld_mansion02
0x1C0DC63F,1,0,1,destruction-piece,cumana_bld_fortress01
0x1C155061,1,0,0,mesh-node,jungle_env_treemedium03
0x1C35433F,1,0,1,destruction-piece,0xA948DDA6
0x1C3B1F56,1,0,0,mesh-node,village_bld_gasstation
0x1C41B068,1,0,1,destruction-piece,ch_veh_boat_destroyer
0x1C56E25F,1,0,1,destruction-piece,jungle_wallgate
0x1C5D943B,1,0,0,model-root,0xABFC92EE
0x1C6096ED,1,0,1,destruction-piece,island_bld_fortress01
0x1C7E294D,1,0,0,mesh-node,city_bld_standalone01
0x1C9C678E,1,0,0,mesh-node,industrial_bld_warehouse03
0x1CA0DFF5,1,0,0,mesh-node,civ_veh_motorcycle_sportbike
0x1CB90809,1,0,0,mesh-node,global_env_treeoak01
0x1CBBAF3E,1,0,1,destruction-piece,shanty_bld_apartment01
0x1CBEF9D0,1,0,0,mesh-node,industrial_bld_warehouse03
0x1CC1A931,1,0,1,destruction-piece,shanty_bld_house02
0x1CC5014C,1,0,0,model-root,0x1CC5014C
0x1CDE4180,1,0,1,destruction-piece,shanty_bld_apartment01
0x1CE53EE6,1,0,0,mesh-node,caracas_bld_skytrammain
0x1CF8DD0F,1,0,1,destruction-piece,industrial_bld_warehouse01
0x1CFDCEC5,1,0,0,model-root,0x1CFDCEC5
0x1D20E058,1,0,0,model-root,0x1D20E058
0x1D265C36,1,0,1,destruction-piece,maracaibo_bld_skyscraper02
0x1D2B7F4D,1,0,0,model-root,0x1D2B7F4D
0x1D36EC52,1,0,0,mesh-node,maracaibo_bld_skyscraper02
0x1D58F853,1,0,0,mesh-node,0x6B432F1C
0x1D5D24CE,1,0,0,model-root,0x1D5D24CE
0x1D6DCE21,1,0,0,mesh-node,global_flag_largeal
0x1D73DE5F,1,0,1,destruction-piece,0xF245AC63
0x1D8F768F,1,0,0,mesh-node,gr_veh_tank_m551sheridan
0x1D92B457,1,0,1,destruction-piece,pmcoutpost_bld_hqgarage
0x1DB3315E,1,0,0,mesh-node,vz_veh_boat_type14311
0x1DB96950,1,0,1,destruction-piece,0xBCBA07EE
0x1DC403D2,1,0,0,mesh-node,al_veh_truck_hmmwv_avenger
0x1DCD99E6,1,0,0,mesh-node,maracaibo_park
0x1DDA4E5F,1,0,0,mesh-node,civ_veh_plane_727jet
0x1DDD8417,1,0,0,mesh-node,pmcoutpost_planter01
0x1DF50265,1,0,1,destruction-piece,merida_bld_pmcautoshop
0x1E0608DF,1,0,0,mesh-node,0xB0D4E642
0x1E09B7F5,1,0,0,mesh-node,maracaibo_park
0x1E2199D2,1,0,0,model-root,0x1E2199D2
0x1E2EDE84,1,0,1,destruction-piece,industrial_bld_warehouselarge01
0x1E335BB2,1,0,1,destruction-piece,industrial_bld_warehouselarge01
0x1E59ACDA,1,0,0,model-root,0x1E59ACDA
0x1E7214E1,1,0,0,mesh-node,global_veh_winch_magnet
0x1E763B04,1,0,1,destruction-piece,outskirt_bld_mercbar
0x1E85E341,1,0,1,destruction-piece,maracaibo_bld_skyscraper02
0x1E8C84AA,1,0,1,destruction-piece,0xFD0229C3
0x1E932640,1,0,0,mesh-node,aloutpost_bld_largetent
0x1EA83BE0,1,0,1,destruction-piece,caracas_wallshort
0x1EB650A5,1,0,0,model-root,global_weapon_coilgun
0x1EC76908,1,0,1,destruction-piece,0xA948DDA6
0x1ECAED6A,1,0,0,mesh-node,ch_veh_tank_plz45b
0x1F064E5D,1,0,1,destruction-piece,cumana_bld_fortress01
0x1F252643,1,0,1,destruction-piece,white_bld_segment16x16a
0x1F401E5C,1,0,1,destruction-piece,pmcoutpost_bld_hqgarage
0x1F57E775,1,0,0,mesh-node,pmc_veh_car_camo_veyron
0x1F644AEA,1,0,1,destruction-piece,global_pile05
0x1F68C346,1,0,0,mesh-node,ch_veh_plane_transport
0x1F73D63F,1,0,1,destruction-piece,outpost_bld_vzwarehouselarge
0x1FA2AF69,1,0,0,model-root,0x9B8EF8C6
0x1FA51D49,1,0,1,destruction-piece,0xF419FFEB
0x1FA9372C,1,0,0,mesh-node,pmc_veh_motorcycle_tankbike
0x1FA9E118,1,0,0,mesh-node,gr_veh_tank_m551sheridan
0x1FACA083,1,0,1,destruction-piece,0xBCBA07EE
0x1FAECEA5,1,0,0,mesh-node,pmc_veh_truck_ext
0x1FAEE54C,1,0,1,destruction-piece,global_weapon_quad50
0x1FB50320,1,0,0,mesh-node,al_veh_boat_lcur
0x1FBDEFC3,1,0,0,mesh-node,pmc_veh_truck_ext
0x1FBFBB4B,1,0,0,model-root,0x1FBFBB4B
0x1FD65227,1,0,0,mesh-node,pmc_veh_truck_monster_rtr
0x1FE85D53,1,0,0,mesh-node,vz_veh_towed_zu23aa
0x1FFB27FE,1,0,1,destruction-piece,civ_veh_boat_cargoship
0x2010E282,1,0,1,destruction-piece,white_bld_segment16x16a
0x20115268,1,0,1,destruction-piece,pmcoutpost_bld_hqgarage
0x2012F947,1,0,1,destruction-piece,island_bld_fortress01
0x2014C395,1,0,0,model-root,0x2014C395
0x2017523E,1,0,0,mesh-node,0xEC0DAFF2
0x203D31C7,1,0,0,model-root,global_weapon_m86pdm
0x2040123C,1,0,1,destruction-piece,0x8BC154D7
0x20877C73,1,0,1,destruction-piece,chinaoutpost_bld_storage
0x2088CB35,1,0,0,model-root,0x2088CB35
0x208D5650,1,0,0,mesh-node,maracaibo_park
0x20B87FD5,1,0,0,mesh-node,margarita_bld_condo01
0x20CB85A5,1,0,0,mesh-node,civ_veh_truck_bank
0x20E17528,1,0,1,destruction-piece,island_bld_fortress01
0x21100384,1,0,0,mesh-node,pmcoutpost_planter01
0x2117A1B0,1,0,0,mesh-node,global_bonfire01
0x2128C245,1,0,1,destruction-piece,island_bld_tower01
0x212FB0CD,1,0,1,destruction-piece,0xFD0229C3
0x21349085,1,0,1,destruction-piece,commercial_bld_firestation
0x213E4195,1,0,0,mesh-node,margarita_bld_condo01
0x2143F3B3,1,0,0,mesh-node,civ_veh_bus_escort
0x21669A59,1,0,0,mesh-node,ch_veh_helicopter_ka29b
0x216AC803,1,0,0,mesh-node,global_env_treeplaza03
0x216CFA3A,1,0,0,mesh-node,airport_bld_terminal01
0x2171DABE,1,0,1,destruction-piece,0xB0D4E642
0x2172DDEB,1,0,0,mesh-node,oc_veh_truck_mtv_guntruck
0x21889081,1,0,1,destruction-piece,island_bld_fortress01
0x218C7124,1,0,0,mesh-node,maracaibo_park
0x219B9341,1,0,0,mesh-node,0x1FBFBB4B
0x21B024EB,1,0,0,mesh-node,jungle_env_largecanopy01
0x21B7FF0C,1,0,0,mesh-node,al_veh_helicopter_ah1z
0x21B82ADF,1,0,0,model-root,0x21B82ADF
0x21BEF090,1,0,0,mesh-node,industrial_bld_smokestack
0x21E4B462,1,0,0,mesh-node,al_veh_tank_m1a2
0x21F9DDA7,1,0,1,destruction-piece,oilrig_bld_buildingb
0x2202566D,1,0,0,mesh-node,outpost_bld_vzwarehouselarge
0x22089A0D,1,0,0,model-root,0xDDC215C0
0x223F774D,1,0,1,destruction-piece,industrial_bld_warehouselarge02
0x2244A402,1,0,1,destruction-piece,al_veh_boat_destroyer
0x226468B5,1,0,0,mesh-node,pmc_veh_motorcycle_tankbike
0x226D781B,1,0,1,destruction-piece,caracas_bld_parquecentral03
0x22808D83,1,0,0,mesh-node,maracaibo_park
0x2285B205,1,0,1,destruction-piece,al_veh_boat_destroyer
0x22AB4855,1,0,1,destruction-piece,shanty_bld_housegroup05
0x22BDCAD9,1,0,0,mesh-node,0x7604B190
0x22D0BD58,1,0,1,destruction-piece,0xEA7F9F3F
0x22D300ED,1,0,1,destruction-piece,0xB0D4E642
0x22E6E340,1,0,1,destruction-piece,margarita_bld_condo01
0x22E97EE0,1,0,0,mesh-node,outpost_bld_govtbld
0x22F68A42,1,0,1,destruction-piece,island_bld_fortress01
0x22F6E400,1,0,1,destruction-piece,white_bld_segment16x16a
0x2309EF21,1,0,1,destruction-piece,outpost_bld_vzwarehouselarge
0x23450468,1,0,1,destruction-piece,maracaibo_bld_skyscraper02
0x23563F3E,1,0,1,destruction-piece,margarita_bld_condo01
0x23567D30,1,0,1,destruction-piece,outskirt_bld_mercbar
0x237E7DD4,1,0,0,mesh-node,ch_veh_tank_pgz95
0x237EA951,1,0,1,destruction-piece,0x4761451B
0x2380D1EA,1,0,0,mesh-node,shanty_bld_house02
0x2383D6D5,1,0,0,mesh-node,jungle_env_treemedium01
0x23872A9E,1,0,0,mesh-node,al_veh_truck_mtv_cargo_50cal
0x2391839F,1,0,1,destruction-piece,city_bld_storefrontcornerc
0x2399403D,1,0,0,mesh-node,maracaibo_park
0x239EDB84,1,0,1,destruction-piece,island_bld_fortress01
0x23A76056,1,0,1,destruction-piece,island_bld_tower01
0x23AC7DAC,1,0,0,model-root,0x23AC7DAC
0x23B739FA,1,0,1,destruction-piece,0xEAA71CCB
0x23BEA0BC,1,0,1,destruction-piece,jungle_bld_ruinshotelback
0x23BEBCF6,1,0,1,destruction-piece,island_bld_fortress01
0x23C5C895,1,0,0,mesh-node,pmcoutpost_planter01
0x23DE6463,1,0,1,destruction-piece,0xB0D4E642
0x23E16875,1,0,0,mesh-node,island_bld_fortress01
0x23F08087,1,0,0,mesh-node,ch_veh_helicopter_ka29b
0x23F8B270,1,0,1,destruction-piece,global_pile05
0x240F9B8D,1,0,0,mesh-node,0x95F4BA55
0x2419DA27,1,0,0,mesh-node,jungle_env_treemedium03
0x242E7002,1,0,0,mesh-node,industrial_bld_towerrefinerytall
0x243721D9,1,0,1,destruction-piece,oc_veh_boat_oiltanker
0x24830250,1,0,1,destruction-piece,civ_veh_truck_ambulance
0x24949412,1,0,0,mesh-node,outskirt_bld_market04
0x24A5A032,1,0,0,mesh-node,civ_veh_car_w12_sprint
0x24E2345F,1,0,0,mesh-node,pmc_veh_motorcycle_devastator
0x251029D0,1,0,0,mesh-node,ch_veh_apc_wz551
0x251DB3D1,1,0,0,mesh-node,civ_veh_truck_impact_sut
0x25268878,1,0,1,destruction-piece,0xB0A0930E
0x252AE5FC,1,0,1,destruction-piece,maracaibo_bld_skyscraper02
0x253050E0,1,0,1,destruction-piece,city_bld_apartment02
0x253E3AB8,1,0,1,destruction-piece,al_veh_boat_destroyer
0x25587832,1,0,1,destruction-piece,commercial_bld_supermarket
0x255881DA,1,0,0,mesh-node,oilrig_smokestack
0x257E6F55,1,0,0,mesh-node,civ_veh_car_l300_normal
0x258B4CED,1,0,0,mesh-node,ch_veh_tank_pgz95
0x258F614B,1,0,1,destruction-piece,al_veh_boat_destroyer
0x2591A209,1,0,1,destruction-piece,0x949187D0
0x259A9688,1,0,0,mesh-node,oilrig_simple
0x25A9AE8E,1,0,1,destruction-piece,aloutpost_bld_hanger
0x25B3F7BC,1,0,0,model-root,0x25B3F7BC
0x25C16591,1,0,0,mesh-node,al_veh_helicopter_mh53pavelow
0x25C1E553,1,0,1,destruction-piece,outpost_bld_vzwarehouselarge
0x25C2CA76,1,0,0,mesh-node,al_veh_helicopter_mh53pavelow
0x25C80228,1,0,1,destruction-piece,global_pile06
0x25CB6FD5,1,0,1,destruction-piece,jungle_bld_ruinshotelback
0x25CC95F0,1,0,1,destruction-piece,maracaibo_bld_skyscraper02
0x25D1FADD,1,0,0,mesh-node,global_env_treeplaza02
0x25D883A3,1,0,0,mesh-node,merida_bld_hotel
0x25DCEDB7,1,0,0,mesh-node,al_veh_boat_lcur
0x25F83DFE,1,0,0,model-root,global_money_fxmodel
0x26028F91,1,0,1,destruction-piece,caracas_bld_capitol
0x260C2C7C,1,0,0,mesh-node,0x6B432F1C
0x262D89A9,1,0,1,destruction-piece,oc_veh_semi_fueltrailer
0x262F2DCC,1,0,0,mesh-node,civ_veh_boat_cargoship
0x263922BE,1,0,0,mesh-node,civ_veh_car_taxi_shuttle
0x263D6C42,1,0,1,destruction-piece,0x2703554F
0x2651331B,1,0,1,destruction-piece,oc_veh_boat_oiltanker
0x2658F013,1,0,1,destruction-piece,caracas_wallshort
0x2675C3F3,1,0,1,destruction-piece,caracas_rampgovernmentmid
0x268EB5AA,1,0,0,mesh-node,aloutpost_bld_largetent
0x26929BFA,1,0,0,mesh-node,pmcoutpost_planter01
0x26A0B7E6,1,0,0,mesh-node,ch_veh_apc_wz551
0x26A88E53,1,0,1,destruction-piece,outpost_bld_govtbld
0x26AE2A89,1,0,0,mesh-node,outpost_bld_warehouse01
0x26B7CF0B,1,0,1,destruction-piece,city_bld_corner16x32a
0x26B86A81,1,0,1,destruction-piece,island_bld_fortress01
0x26B99B02,1,0,0,mesh-node,ch_veh_boat_destroyer
0x26C47DC0,1,0,0,mesh-node,island_bld_fortress01
0x26C69E45,1,0,1,destruction-piece,industrial_bld_warehousesmall02
0x26D831C7,1,0,0,model-root,0x26D831C7
0x26E307FC,1,0,0,mesh-node,pmcoutpost_bld_hq
0x26F21A97,1,0,0,mesh-node,caracas_bld_skytrammain
0x26F23BFB,1,0,1,destruction-piece,ch_veh_boat_destroyer
0x26F2B5B2,1,0,1,destruction-piece,merida_bld_universityadmin
0x26F697C5,1,0,0,mesh-node,caracas_bld_skytrammain
0x272A6D5B,1,0,1,destruction-piece,shanty_bld_apartment02
0x273171EB,1,0,1,destruction-piece,al_veh_boat_destroyer
0x2737B515,1,0,1,destruction-piece,maracaibo_bld_skyscraper02
0x27389EF7,1,0,0,mesh-node,ch_veh_boat_destroyer
0x274E6CBC,1,0,0,mesh-node,global_flag_largech
0x2750B3D9,1,0,0,mesh-node,caracas_rampgovernment01
0x275512CE,1,0,0,mesh-node,maracaibo_park
0x27599BBF,1,0,1,destruction-piece,industrial_bld_silowide
0x2777A510,1,0,0,mesh-node,maracaibo_park
0x27995E1C,1,0,0,mesh-node,0x1FBFBB4B
0x279FADBF,1,0,1,destruction-piece,0xE05A09A2
0x27A5A83C,1,0,0,mesh-node,al_veh_boat_lcur
0x27B299E5,1,0,0,mesh-node,pmc_veh_truck_esv
0x27B9ABEF,1,0,1,destruction-piece,island_bld_fortress01
0x27BB395B,1,0,1,destruction-piece,global_pile06
0x27C46DD1,1,0,0,model-root,0x27C46DD1
0x27C9DE53,1,0,0,mesh-node,al_veh_helicopter_mh53pavelow
0x27DA7597,1,0,0,mesh-node,maracaibo_park
0x27DEF2C5,1,0,0,mesh-node,maracaibo_park
0x27E1B73E,1,0,0,mesh-node,maracaibo_bld_skyscraper01
0x27EDD04A,1,0,0,model-root,0x27EDD04A
0x27EF2DBA,1,0,1,destruction-piece,aloutpost_bld_hanger
0x28078039,1,0,0,mesh-node,ch_veh_apc_zbd2000
0x281015CB,1,0,0,mesh-node,maracaibo_park
0x28101C77,1,0,0,mesh-node,pmc_veh_motorcycle_tankbike
0x281492F9,1,0,0,mesh-node,maracaibo_park
0x281949AA,1,0,1,destruction-piece,civ_veh_boat_cargoship
0x281B8385,1,0,0,mesh-node,oc_veh_helicopter_md500
0x283546AC,1,0,1,destruction-piece,outpost_bld_warehouse01
0x2837E543,1,0,0,mesh-node,airport_bld_terminal01
0x284E8639,1,0,1,destruction-piece,0x45CC35FE
0x287D8468,1,0,1,destruction-piece,al_veh_boat_destroyer
0x28922B4E,1,0,1,destruction-piece,0xFD0229C3
0x28A6A922,1,0,0,mesh-node,0xE51282DE
0x28BBD4FF,1,0,0,mesh-node,ch_veh_tank_plz45b
0x28BD45E0,1,0,1,destruction-piece,aloutpost_bld_barracks01
0x28C53A2F,1,0,1,destruction-piece,0xA948DDA6
0x28C5D490,1,0,0,mesh-node,civ_veh_truck_garbage
0x28D70A1A,1,0,0,mesh-node,global_env_hedgeshort01
0x28E223CD,1,0,0,mesh-node,ch_veh_apc_zbd2000
0x28E6D94F,1,0,1,destruction-piece,jungle_wallgate
0x28F635F8,1,0,0,mesh-node,0x778A571F
0x2926D331,1,0,0,mesh-node,civ_veh_boat_cigarette
0x2941F8D0,1,0,0,mesh-node,oilrig_bld_buildingb
0x294DA162,1,0,0,model-root,0x294DA162
0x294E43CB,1,0,1,destruction-piece,city_bld_skyscraper02
0x2951A021,1,0,1,destruction-piece,shanty_bld_house02
0x2952C0F9,1,0,1,destruction-piece,city_bld_skyscraper02
0x2954831A,1,0,1,destruction-piece,aloutpost_bld_supplydepot
0x2963C180,1,0,0,model-root,0x2963C180
0x29759D17,1,0,0,mesh-node,civ_veh_bus_escort
0x29906409,1,0,1,destruction-piece,0x60497640
0x2996FB98,1,0,0,mesh-node,pmcoutpost_planter01
0x29AB7510,1,0,1,destruction-piece,margarita_bld_condo01
0x29B78FDF,1,0,1,destruction-piece,civ_veh_car_r90_limo
0x29C8B9F3,1,0,1,destruction-piece,island_bld_fortress01
0x29D36AEF,1,0,0,mesh-node,vz_veh_plane_tucano
0x2A1105F1,1,0,1,destruction-piece,0x0D0B8CF5
0x2A220362,1,0,0,mesh-node,industrial_bld_warehouse01
0x2A239915,1,0,1,destruction-piece,aloutpost_bld_supplydepot
0x2A41F4A8,1,0,0,mesh-node,ch_veh_boat_huangfeng
0x2A4541D6,1,0,0,mesh-node,vz_veh_plane_tucano
0x2A59DC9A,1,0,0,mesh-node,vz_veh_boat_type14311
0x2A70B073,1,0,0,mesh-node,al_veh_helicopter_mh53pavelow
0x2A802928,1,0,1,destruction-piece,cumana_bld_fortress01
0x2A8BE4AE,1,0,1,destruction-piece,groutpost_bld_cranemining
0x2A9016F5,1,0,1,destruction-piece,caracas_bld_parquecentral03
0x2A98EF4E,1,0,0,mesh-node,vz_veh_boat_type14311
0x2AA79691,1,0,1,destruction-piece,groutpost_bld_trailerhut01
0x2AA96F4D,1,0,0,mesh-node,vz_veh_plane_tucano
0x2AACE801,1,0,1,destruction-piece,shanty_bld_apartment04
0x2AB0F31B,1,0,1,destruction-piece,pmcoutpost_bld_hq
0x2AF2736A,1,0,1,destruction-piece,white_bld_segment16x16a
0x2B0CDA72,1,0,0,mesh-node,0xFD0229C3
0x2B14314B,1,0,0,model-root,0x2B14314B
0x2B1627A5,1,0,1,destruction-piece,0x0D0B8CF5
0x2B18AE79,1,0,0,model-root,0x2B18AE79
0x2B225564,1,0,0,mesh-node,ch_veh_boat_huangfeng
0x2B231754,1,0,0,mesh-node,civ_veh_motorcycle_chopper
0x2B2BB6CD,1,0,0,mesh-node,city_bld_skyscraper02
0x2B520C9A,1,0,1,destruction-piece,outskirt_bld_mercbar
0x2B5401E0,1,0,0,mesh-node,civ_veh_boat_cargoship
0x2B71A352,1,0,0,mesh-node,0x25B3F7BC
0x2B73664C,1,0,0,mesh-node,aloutpost_bld_supplydepot
0x2B776FD9,1,0,1,destruction-piece,chinaoutpost_bld_commbunker01
0x2B7A8B0A,1,0,1,destruction-piece,outpost_bld_vzwarehouselarge
0x2B83339D,1,0,1,destruction-piece,0xB0D4E642
0x2B98E719,1,0,0,mesh-node,0xFD0229C3
0x2BA14F19,1,0,1,destruction-piece,oilrig_bld_buildingc
0x2BC346BC,1,0,1,destruction-piece,island_bld_fortress01
0x2BD481F0,1,0,1,destruction-piece,city_bld_skyscraper03
0x2BE8FCC7,1,0,1,destruction-piece,oilrig_bld_buildingb
0x2BF441DA,1,0,1,destruction-piece,global_pile05
0x2BF7B0D0,1,0,0,mesh-node,margarita_bld_condo01
0x2BFDC061,1,0,0,mesh-node,vz_veh_boat_patrol
0x2C005A6C,1,0,1,destruction-piece,caracas_bld_capitol
0x2C25864A,1,0,0,model-root,0x2C25864A
0x2C26FA75,1,0,0,mesh-node,caracas_bld_parquecentral03
0x2C341900,1,0,1,destruction-piece,0xBCBA07EE
0x2C356286,1,0,0,mesh-node,al_veh_boat_destroyer
0x2C38C323,1,0,0,mesh-node,maracaibo_park
0x2C4CF03C,1,0,0,mesh-node,pmc_veh_plane_mig27
0x2C5A9027,1,0,0,mesh-node,vz_veh_boat_type14311
0x2C5F68A6,1,0,1,destruction-piece,shanty_bld_house02
0x2C73605B,1,0,1,destruction-piece,cumana_bld_fortress01
0x2C77D270,1,0,1,destruction-piece,pmcoutpost_bld_hq
0x2C87E886,1,0,1,destruction-piece,0x2EF7E3C3
0x2CB6355C,1,0,1,destruction-piece,island_bld_fortress01
0x2CB8A66B,1,0,1,destruction-piece,global_pile05
0x2CBE1768,1,0,0,mesh-node,global_fountainsmall
0x2CC2BE8D,1,0,1,destruction-piece,merida_bld_pmcautoshop
0x2CE07219,1,0,0,mesh-node,city_bld_standalone01
0x2CE2483A,1,0,0,mesh-node,0x307D6AE1
0x2CE61608,1,0,0,mesh-node,vz_veh_boat_type14311
0x2CE76BFE,1,0,1,destruction-piece,civ_veh_truck_ambulance
0x2CE7C909,1,0,1,destruction-piece,island_bld_fortress01
0x2CEBCB0F,1,0,0,mesh-node,al_veh_boat_destroyer
0x2CF1409B,1,0,1,destruction-piece,0xCB4C6EAB
0x2D026C08,1,0,0,mesh-node,merida_bld_soccerstadium
0x2D057D27,1,0,0,mesh-node,al_veh_boat_destroyer
0x2D0BAA86,1,0,0,mesh-node,maracaibo_park
0x2D0C5CE5,1,0,0,mesh-node,0x38381266
0x2D124864,1,0,1,destruction-piece,caracas_bld_historical02
0x2D289D84,1,0,1,destruction-piece,city_bld_corner16x32a
0x2D3652F0,1,0,0,mesh-node,civ_veh_motorcycle_chopper
0x2D78B4A8,1,0,1,destruction-piece,civ_veh_car_van_commercial
0x2D7D149D,1,0,1,destruction-piece,0xEA7F9F3F
0x2D94B091,1,0,1,destruction-piece,0x4AB6F9B6
0x2D9566DE,1,0,0,mesh-node,0x1FBFBB4B
0x2D959D64,1,0,0,mesh-node,al_veh_boat_destroyer
0x2D9CEEF8,1,0,1,destruction-piece,0xA948DDA6
0x2DA47122,1,0,0,mesh-node,vz_veh_tank_amx30_aa
0x2DB1D78E,1,0,0,mesh-node,gr_veh_tank_m551sheridan
0x2DB43C07,1,0,1,destruction-piece,island_bld_tower01
0x2DB7F920,1,0,0,mesh-node,0x1FBFBB4B
0x2DB8B935,1,0,1,destruction-piece,island_bld_tower01
0x2DC8255A,1,0,1,destruction-piece,maracaibo_bld_skyscraper02
0x2DCCF188,1,0,1,destruction-piece,outpost_bld_vzwarehouselarge
0x2DDB4AA5,1,0,1,destruction-piece,pmcoutpost_bld_hq
0x2DEDE021,1,0,0,mesh-node,ch_veh_tank_pgz95_command
0x2E076357,1,0,0,mesh-node,ch_veh_boat_destroyer
0x2E1D9DBB,1,0,1,destruction-piece,village_bld_cattleranch
0x2E25B52F,1,0,0,mesh-node,oc_veh_helicopter_md500
0x2E36DD75,1,0,1,destruction-piece,white_bld_segment16x16a
0x2E401BDB,1,0,0,mesh-node,jungle_env_largecanopy01
0x2E46B75C,1,0,1,destruction-piece,0x09139BCD
0x2E5988A7,1,0,1,destruction-piece,industrial_bld_towerrefinerysmall
0x2E5BA344,1,0,1,destruction-piece,0x4761451B
0x2E5CF089,1,0,1,destruction-piece,outpost_bld_govtbld
0x2E62FF7B,1,0,1,destruction-piece,industrial_bld_warehouselarge01
0x2E7ED981,1,0,1,destruction-piece,outpost_bld_vzwarehouselarge
0x2E817E5F,1,0,0,mesh-node,global_bonfire01
0x2E87510F,1,0,0,mesh-node,al_veh_boat_destroyer
0x2E8D65BC,1,0,1,destruction-piece,cumana_bld_fortress01
0x2E9011EF,1,0,0,mesh-node,civ_veh_boat_cargoship
0x2EA41DBD,1,0,1,destruction-piece,outpost_bld_govtbld
0x2EAA764B,1,0,0,mesh-node,outpost_bld_municipal_fence
0x2EAEF379,1,0,0,mesh-node,outpost_bld_municipal_fence
0x2ED32429,1,0,0,model-root,0x2ED32429
0x2EDB47F6,1,0,1,destruction-piece,caracas_bld_skytrammain
0x2EDC04E6,1,0,0,mesh-node,al_veh_airstrike_f117
0x2EFA648B,1,0,0,mesh-node,maracaibo_park
0x2EFC5A0F,1,0,1,destruction-piece,cumana_bld_fortress01
0x2EFEE1B9,1,0,0,mesh-node,maracaibo_park
0x2F088C30,1,0,0,mesh-node,mountain_blastdoors
0x2F0F2455,1,0,0,mesh-node,al_veh_tank_m1a2
0x2F0F3B21,1,0,0,mesh-node,merida_bld_soccerstadium
0x2F11D1BC,1,0,0,mesh-node,al_veh_helicopter_ah1z
0x2F24F105,1,0,0,mesh-node,island_bld_bridge01
0x2F2C3156,1,0,0,mesh-node,airport_bld_terminal01
0x2F31DBFE,1,0,0,mesh-node,ch_veh_truck_sx2150_mlrs
0x2F444CB2,1,0,0,mesh-node,civ_veh_truck_garbage
0x2F488F07,1,0,1,destruction-piece,shanty_bld_apartment01
0x2F4C1835,1,0,0,mesh-node,oc_veh_boat_oiltanker
0x2F4D0C35,1,0,1,destruction-piece,shanty_bld_apartment02
0x2F4FA495,1,0,1,destruction-piece,0xCFAC6851
0x2F599C94,1,0,0,mesh-node,maracaibo_park
0x2F6B7A02,1,0,1,destruction-piece,oilrig_simple
0x2F6C8C45,1,0,0,mesh-node,0xB0D4E642
0x2F76DA30,1,0,1,destruction-piece,maracaibo_bld_corner16x32a
0x2F8585E0,1,0,0,model-root,0x2F8585E0
0x2F90262B,1,0,1,destruction-piece,0xA948DDA6
0x2F9ED461,1,0,0,model-root,0x2F9ED461
0x2FAB3053,1,0,0,mesh-node,0x1FBFBB4B
0x2FBC4343,1,0,1,destruction-piece,shanty_bld_housegroup05
0x2FBE9C29,1,0,0,mesh-node,oc_veh_semi_austin
0x2FC2FD32,1,0,0,mesh-node,oilrig_bld_buildingd
0x2FCD2D1A,1,0,0,mesh-node,al_veh_boat_destroyer
0x2FCF8257,1,0,1,destruction-piece,0xFD0229C3
0x2FF11D01,1,0,1,destruction-piece,aloutpost_bld_supplydepot
0x2FF4AB82,1,0,1,destruction-piece,0x07FC456B
0x2FFFA4D1,1,0,1,destruction-piece,proutpost_dockb
0x300FAB60,1,0,0,mesh-node,maracaibo_park
0x3016F807,1,0,1,destruction-piece,maracaibo_bld_skyscraper02
0x301DA632,1,0,0,mesh-node,0x51DA41FE
0x30201766,1,0,0,model-root,0x30201766
0x3032B4A5,1,0,0,mesh-node,maracaibo_park
0x303374AD,1,0,0,mesh-node,airport_bld_terminal01
0x303375B6,1,0,1,destruction-piece,chinaoutpost_bld_commbunker01
0x304F9D6E,1,0,1,destruction-piece,residential_bld_corner16x16e
0x30688501,1,0,0,mesh-node,commercial_bld_supermarket
0x306CC6D8,1,0,0,mesh-node,0x4B9C42F1
0x307D6AE1,1,0,0,model-root,0x307D6AE1
0x308F81F7,1,0,1,destruction-piece,caracas_bld_skytrammain
0x309362E3,1,0,0,mesh-node,ch_veh_boat_destroyer
0x3097D1C2,1,0,0,mesh-node,oc_veh_boat_oiltanker
0x30A54879,1,0,1,destruction-piece,outpost_bld_vzwarehouselarge
0x30A5616C,1,0,1,destruction-piece,groutpost_bld_trailerhut01
0x30A87D60,1,0,0,mesh-node,al_veh_tank_m1a2
0x30AAB2DC,1,0,1,destruction-piece,shanty_bld_apartment04
0x30BA7274,1,0,0,mesh-node,al_veh_truck_hmmwv_armored
0x30C28014,1,0,0,mesh-node,oc_veh_boat_turbosquid
0x30E2EB65,1,0,0,model-root,0x30E2EB65
0x30EBDB12,1,0,0,mesh-node,vz_veh_boat_type14311
0x312757A4,1,0,0,mesh-node,industrial_bld_warehouse04
0x313DB704,1,0,1,destruction-piece,oilrig_bld_buildingd
0x31479F74,1,0,0,mesh-node,ch_veh_boat_destroyer
0x314CABF6,1,0,0,model-root,0x314CABF6
0x31666BAD,1,0,0,mesh-node,maracaibo_park
0x31673024,1,0,0,mesh-node,civ_veh_truck_bank
0x3177639B,1,0,0,model-root,0x3177639B
0x31780CA6,1,0,1,destruction-piece,oilrig_bld_buildingb
0x317B1E1F,1,0,0,mesh-node,0x25B3F7BC
0x318183E8,1,0,0,mesh-node,civ_veh_plane_cessna
0x318F627D,1,0,0,mesh-node,0xD7FCFD11
0x31A526B0,1,0,0,model-root,0x31A526B0
0x31A59D88,1,0,0,mesh-node,margarita_bld_condo01
0x31C24E05,1,0,0,mesh-node,pmc_veh_plane_mig27
0x31D0ACC2,1,0,0,model-root,0x31D0ACC2
0x31D61713,1,0,0,model-root,pmcoutpost_fountain
0x31DDD3EF,1,0,0,model-root,0x31DDD3EF
0x31F55432,1,0,0,mesh-node,pmc_veh_car_camo_veyron
0x3200D24B,1,0,0,mesh-node,civ_veh_car_taxi_tercel
0x3202E293,1,0,0,mesh-node,maracaibo_park
0x32054F79,1,0,0,mesh-node,civ_veh_car_taxi_tercel
0x320AE475,1,0,0,mesh-node,industrial_bld_warehouse05
0x320B6004,1,0,1,destruction-piece,merida_bld_pmcautoshop
0x3219616A,1,0,0,model-root,0x3219616A
0x32278374,1,0,0,mesh-node,maracaibo_park
0x322899EE,1,0,1,destruction-piece,0xA948DDA6
0x322978D3,1,0,0,model-root,0x322978D3
0x322C00A2,1,0,0,mesh-node,maracaibo_park
0x323ED698,1,0,1,destruction-piece,jungle_bld_ruinshotelfront
0x3247366C,1,0,0,mesh-node,pmc_veh_plane_mig27
0x3250980D,1,0,0,mesh-node,vz_veh_apc_m113_aa
0x32525D48,1,0,0,model-root,global_weapon_gm94
0x329FB419,1,0,1,destruction-piece,civ_veh_boat_cargoship
0x32AA72D1,1,0,0,mesh-node,ch_veh_tank_ztz98
0x32B14558,1,0,0,mesh-node,al_veh_tank_m1a2
0x32B152B6,1,0,0,mesh-node,maracaibo_park
0x32B8F645,1,0,1,destruction-piece,0x09139BCD
0x32FD7C50,1,0,1,destruction-piece,city_bld_apartment02
0x3304964A,1,0,0,mesh-node,civ_veh_boat_barco
0x331DC3CE,1,0,1,destruction-piece,oc_veh_helicopter_md500
0x33201061,1,0,0,model-root,0x33201061
0x33284218,1,0,0,mesh-node,global_env_scrub03
0x332DFC99,1,0,0,mesh-node,outpost_bld_vzwarehouselarge
0x33363747,1,0,1,destruction-piece,0xF9EA3B44
0x333AD6A7,1,0,0,mesh-node,al_veh_boat_destroyer
0x335A6BF8,1,0,1,destruction-piece,0x493FD997
0x3368DD58,1,0,0,model-root,0x3368DD58
0x33790415,1,0,1,destruction-piece,island_bld_fortress01
0x33927B6C,1,0,1,destruction-piece,0x4AB6F9B6
0x33960217,1,0,1,destruction-piece,oilrig_simple
0x3397DE30,1,0,0,model-root,0x3397DE30
0x33B5D556,1,0,0,mesh-node,al_veh_boat_lcur
0x33B8D15A,1,0,0,mesh-node,ch_veh_boat_destroyer
0x33C241FF,1,0,1,destruction-piece,civ_veh_bus_escort
0x33CFD1A4,1,0,0,mesh-node,global_veh_winch_magnet
0x33D287A0,1,0,1,destruction-piece,0x3511CCE7
0x33D60014,1,0,0,mesh-node,0x13709C60
0x33D8DC9C,1,0,1,destruction-piece,island_bld_fortress01
0x33DFE550,1,0,0,mesh-node,pmcoutpost_bld_hq
0x33FCA3F9,1,0,1,destruction-piece,commercial_wallshort
0x340061CD,1,0,1,destruction-piece,civ_hum_super_motorcycle
0x34201970,1,0,1,destruction-piece,civ_veh_boat_cargoship
0x34257786,1,0,0,mesh-node,civ_veh_boat_cargoship
0x343F9FC9,1,0,1,destruction-piece,outpost_bld_govtbld
0x3460BCCB,1,0,0,mesh-node,0x95F4BA55
0x34667FAF,1,0,0,mesh-node,civ_veh_boat_cigarette
0x34704E72,1,0,0,model-root,0x5453C80F
0x347361DA,1,0,1,destruction-piece,pmcoutpost_bld_hq
0x347B172E,1,0,0,model-root,global_weapon_sw500
0x348299F8,1,0,0,mesh-node,pmc_veh_motorcycle_tankbike
0x348F398E,1,0,0,mesh-node,pmcoutpost_planter01
0x3498AD4F,1,0,1,destruction-piece,margarita_bld_condo01
0x349D3D8D,1,0,1,destruction-piece,oilrig_bld_buildingc
0x34A00CBB,1,0,0,mesh-node,maracaibo_park
0x34A8EBD7,1,0,1,destruction-piece,margarita_bld_condo01
0x34C092C1,1,0,0,mesh-node,city_bld_skyscraper03
0x34DA3FDD,1,0,1,destruction-piece,shanty_bld_house02
0x34DCBD27,1,0,0,mesh-node,civ_veh_plane_727jet
0x34E1372B,1,0,0,mesh-node,global_veh_stingray
0x35041659,1,0,0,mesh-node,merida_bld_hotel
0x35043268,1,0,1,destruction-piece,cumana_bld_fortress01
0x350C5D79,1,0,0,mesh-node,pmc_veh_truck_ext
0x35107B8F,1,0,0,mesh-node,pmc_veh_car_panhard
0x35127D90,1,0,0,mesh-node,pmc_veh_car_offroad_buggy
0x351C361C,1,0,1,destruction-piece,caracas_bld_capitol
0x351ECB4E,1,0,0,mesh-node,pmc_veh_motorcycle_tankbike
0x3525AA51,1,0,0,mesh-node,al_veh_boat_destroyer
0x3529848C,1,0,0,mesh-node,global_weapon_parachute
0x352C65CA,1,0,0,mesh-node,city_bld_standalone05
0x353907C2,1,0,1,destruction-piece,outpost_bld_vzwarehouselarge
0x355A75A5,1,0,0,mesh-node,0x25B3F7BC
0x35627F23,1,0,0,mesh-node,margarita_bld_club01
0x35774D35,1,0,0,model-root,0x35774D35
0x3579830F,1,0,0,mesh-node,ch_veh_apc_wz551
0x358230A3,1,0,0,mesh-node,maracaibo_bld_historical02
0x3586F7FB,1,0,1,destruction-piece,oilrig_bld_buildingd
0x35998A1E,1,0,1,destruction-piece,groutpost_bld_cranemining
0x359F3DE5,1,0,1,destruction-piece,chinaoutpost_bld_prison
0x35A37A77,1,0,1,destruction-piece,outpost_bld_municipal_fence
0x35B4AFEF,1,0,0,mesh-node,vz_veh_plane_tucano
0x35B66154,1,0,0,mesh-node,gr_veh_tank_m551sheridan
0x35C35FE6,1,0,0,mesh-node,island_bld_fortress01
0x35C6D26D,1,0,0,mesh-node,civ_veh_truck_transport
0x35C8A6C8,1,0,0,mesh-node,al_veh_truck_hmmwv_avenger
0x35D2FF6F,1,0,0,mesh-node,civ_veh_truck_ambulance
0x35DEE22F,1,0,0,mesh-node,ch_veh_tank_pgz95_command
0x35FA109E,1,0,1,destruction-piece,margarita_bld_condo01
0x35FD6FAC,1,0,1,destruction-piece,proutpost_dockb
0x3602A747,1,0,0,model-root,0x3602A747
0x3602CF73,1,0,0,mesh-node,shanty_bld_housegroup03
0x36045FD4,1,0,0,mesh-node,global_env_hedgelong
0x360596E0,1,0,0,mesh-node,civ_veh_motorcycle_sportbike
0x3614A27C,1,0,1,destruction-piece,village_bld_housestilts04
0x3639BBE0,1,0,0,mesh-node,merida_bld_soccerstadium
0x364A8147,1,0,1,destruction-piece,industrial_bld_silowide
0x36550AFF,1,0,0,model-root,0x36550AFF
0x3662BAB5,1,0,0,mesh-node,jungle_env_largecanopy01
0x36664FDC,1,0,0,mesh-node,commercial_bld_supermarket
0x36994165,1,0,1,destruction-piece,0x2EF7E3C3
0x369FCEEF,1,0,1,destruction-piece,chinaoutpost_bld_guardpost01
0x36AE467A,1,0,0,mesh-node,city_bld_standalone01
0x36B17C7B,1,0,1,destruction-piece,island_bld_fortress01
0x36C085D6,1,0,0,mesh-node,ch_veh_tank_plz45b
0x36C7CCDC,1,0,0,mesh-node,margarita_bld_condo01
0x36DCFE92,1,0,1,destruction-piece,civ_veh_car_van_commercial
0x3704140E,1,0,1,destruction-piece,island_bld_tower01
0x370487E3,1,0,0,model-root,0x370487E3
0x37057BE4,1,0,1,destruction-piece,ch_veh_boat_destroyer
0x3726A650,1,0,1,destruction-piece,island_bld_tower01
0x372D003D,1,0,0,mesh-node,oc_veh_truck_mtv_guntruck
0x372D4084,1,0,1,destruction-piece,island_bld_fortress01
0x373653A5,1,0,0,mesh-node,global_weapon_parachute
0x37484227,1,0,1,destruction-piece,0x759BDE16
0x374C2D5D,1,0,1,destruction-piece,margarita_bld_condo01
0x375B589B,1,0,0,mesh-node,cumana_bld_fortress01
0x375BB5E4,1,0,0,mesh-node,outpost_bld_vzwarehouselarge
0x375EC7EC,1,0,0,mesh-node,outpost_bld_vzwarehouselarge
0x3772699A,1,0,1,destruction-piece,maracaibo_bld_corner16x32a
0x37728FEC,1,0,0,mesh-node,ch_veh_helicopter_ka29b
0x37B2C505,1,0,1,destruction-piece,0xA948DDA6
0x37C3306D,1,0,0,mesh-node,gr_veh_tank_m551sheridan
0x37C4ED9F,1,0,0,model-root,global_weapon_detonator
0x37E55703,1,0,0,mesh-node,airport_bld_terminal01
0x37EEA8AB,1,0,1,destruction-piece,pmcoutpost_bld_hqgarage
0x37F1A2E4,1,0,0,mesh-node,maracaibo_park
0x38066E53,1,0,0,mesh-node,caracas_bld_governmentsegment
0x382CF313,1,0,0,mesh-node,merida_bld_soccerstadium
0x38314609,1,0,1,destruction-piece,industrial_bld_warehouselarge01
0x3837FF7C,1,0,1,destruction-piece,chinaoutpost_bld_commbunker01
0x38381266,1,0,0,model-root,0x38381266
0x384F5DF3,1,0,0,mesh-node,ch_veh_boat_destroyer
0x38525F58,1,0,1,destruction-piece,0x4AB6F9B6
0x38539ED3,1,0,0,mesh-node,jungle_env_treemedium01
0x3862A9AC,1,0,1,destruction-piece,cumana_bld_fortress01
0x38745C3E,1,0,0,mesh-node,jungle_wallgate
0x38839610,1,0,1,destruction-piece,al_veh_boat_destroyer
0x3885A8EA,1,0,0,mesh-node,0x3CF01969
0x389678CF,1,0,0,model-root,0x389678CF
0x38973A02,1,0,0,mesh-node,island_bld_fortress01
0x38A83DAC,1,0,0,mesh-node,ch_veh_tank_ztz98
0x38AF3FDB,1,0,0,mesh-node,ch_veh_tank_plz45b
0x3907786D,1,0,0,model-root,0x3907786D
0x39214ADE,1,0,0,mesh-node,ch_veh_apc_zbd2000
0x3921504C,1,0,0,mesh-node,margarita_bld_hotelresort01
0x39390D07,1,0,0,mesh-node,airport_bld_terminal01
0x393D8A35,1,0,0,mesh-node,airport_bld_terminal01
0x3942D753,1,0,0,mesh-node,civ_veh_truck_garbage
0x394683AA,1,0,0,mesh-node,merida_bld_lockerroom
0x39489D5B,1,0,1,destruction-piece,global_pile05
0x395135BC,1,0,0,model-root,0x395135BC
0x39513FCD,1,0,1,destruction-piece,global_env_hedgelong
0x3957AF0F,1,0,0,mesh-node,0x7604B190
0x39620ADC,1,0,0,model-root,0x39620ADC
0x3969F1F4,1,0,1,destruction-piece,maracaibo_bld_corner16x32a
0x396A056C,1,0,0,mesh-node,pr_veh_helicopter_alouetteiii
0x398A6BD4,1,0,0,mesh-node,civ_veh_boat_barco
0x39A44BCE,1,0,0,mesh-node,ch_veh_helicopter_ka29b
0x39AC61F3,1,0,1,destruction-piece,ch_veh_boat_destroyer
0x39AECC34,1,0,1,destruction-piece,oilrig_bld_buildingd
0x39BD472A,1,0,1,destruction-piece,0xFD0229C3
0x39BE1BA9,1,0,0,model-root,global_crateaid
0x39C793D6,1,0,0,mesh-node,pmc_veh_truck_ext
0x39FD1470,1,0,1,destruction-piece,al_veh_boat_destroyer
0x39FF0834,1,0,1,destruction-piece,pmcoutpost_bld_hq
0x3A027C0B,1,0,1,destruction-piece,island_bld_fortress01
0x3A038562,1,0,1,destruction-piece,pmcoutpost_bld_hq
0x3A26602F,1,0,0,mesh-node,global_env_treeoak01
0x3A317045,1,0,0,model-root,0x3A317045
0x3A338417,1,0,0,mesh-node,al_veh_truck_hmmwv_armored
0x3A48E5C8,1,0,1,destruction-piece,margarita_bld_condo01
0x3A538B01,1,0,1,destruction-piece,outpost_bld_vzwarehouselarge
0x3A54D302,1,0,1,destruction-piece,jungle_wallgate
0x3A685941,1,0,0,model-root,0x3A685941
0x3A6AAECD,1,0,0,mesh-node,al_veh_plane_a10
0x3A8212D1,1,0,1,destruction-piece,civ_veh_truck_bank
0x3A84DFB3,1,0,0,mesh-node,outpost_bld_govtbld
0x3AA179F2,1,0,1,destruction-piece,margarita_bld_condo01
0x3AB5DC7C,1,0,0,mesh-node,maracaibo_park
0x3AF5F044,1,0,1,destruction-piece,outskirt_bld_mercbar
0x3B126B09,1,0,0,mesh-node,pmcoutpost_planter01
0x3B1802D5,1,0,1,destruction-piece,margarita_bld_condo01
0x3B23752C,1,0,0,mesh-node,al_veh_boat_destroyer
0x3B257585,1,0,0,mesh-node,industrial_bld_warehouselarge01
0x3B32865F,1,0,0,mesh-node,outpost_bld_vzwarehouselarge
0x3B3504CF,1,0,0,mesh-node,0xEC0DAFF2
0x3B3DB733,1,0,0,mesh-node,village_bld_gasstation
0x3B52ED7E,1,0,1,destruction-piece,industrial_bld_gasstationpump01
0x3B71CF02,1,0,1,destruction-piece,0xF245AC63
0x3B82F9F1,1,0,1,destruction-piece,merida_bld_pmcautoshop
0x3B8A5B7B,1,0,0,mesh-node,maracaibo_park
0x3B8ED8A9,1,0,0,mesh-node,maracaibo_park
0x3B94C507,1,0,0,mesh-node,pr_veh_boat_saltonsea
0x3B950B92,1,0,0,mesh-node,pmcoutpost_planter01
0x3B9A82A2,1,0,1,destruction-piece,oilrig_simple
0x3BA16AF3,1,0,1,destruction-piece,shanty_bld_housegroup04
0x3BA36EAF,1,0,0,mesh-node,margarita_bld_condo01
0x3BA4F97C,1,0,0,mesh-node,vz_veh_boat_type14311
0x3BB5D5E0,1,0,1,destruction-piece,oilrig_bld_buildinga
0x3BB5E963,1,0,0,mesh-node,al_veh_helicopter_ah1z
0x3BBBE238,1,0,0,mesh-node,island_bld_fortress01
0x3BC412C7,1,0,0,mesh-node,al_veh_airstrike_b2
0x3BD00D4E,1,0,0,mesh-node,0x25B3F7BC
0x3BD08B51,1,0,0,model-root,0x3BD08B51
0x3C03F982,1,0,0,mesh-node,0xB0D4E642
0x3C1275CD,1,0,1,destruction-piece,cumana_bld_fortress01
0x3C1AC5A5,1,0,1,destruction-piece,commercial_wallshort
0x3C24070C,1,0,0,mesh-node,pmcoutpost_interior_recruitmechanic
0x3C39F2CD,1,0,1,destruction-piece,0xA948DDA6
0x3C3D0666,1,0,0,model-root,0x3C3D0666
0x3C4E8AFD,1,0,1,destruction-piece,0xE05A09A2
0x3C5853F1,1,0,1,destruction-piece,residential_bld_corner16x16e
0x3C603F82,1,0,0,mesh-node,0x25B3F7BC
0x3C60A391,1,0,1,destruction-piece,chinaoutpost_bld_storage
0x3C625002,1,0,0,mesh-node,industrial_bld_warehouse04
0x3CAC72AB,1,0,0,model-root,0x3CAC72AB
0x3CC2AB95,1,0,0,mesh-node,maracaibo_park
0x3CC53FD7,1,0,0,mesh-node,civ_veh_plane_727jet
0x3CE90728,1,0,0,mesh-node,al_veh_truck_hmmwv_armored
0x3CF01969,1,0,0,model-root,0x3CF01969
0x3CF153B2,1,0,0,mesh-node,oc_veh_semi_fueltrailer
0x3CF47BD0,1,0,0,mesh-node,caracas_bld_skytrammain
0x3D0CFFFA,1,0,1,destruction-piece,merida_bld_universityadmin
0x3D168047,1,0,1,destruction-piece,outpost_bld_municipal_fence
0x3D1AFD75,1,0,1,destruction-piece,outpost_bld_municipal_fence
0x3D31BC25,1,0,0,mesh-node,pmc_veh_motorcycle_tankbike
0x3D4A21F7,1,0,0,model-root,global_searchlighta
0x3D5C5907,1,0,0,mesh-node,vz_veh_plane_tucano
0x3D641CF5,1,0,1,destruction-piece,caracas_bld_skytrammain
0x3D658C19,1,0,0,mesh-node,al_veh_truck_hmmwv_armored
0x3D701263,1,0,1,destruction-piece,pmcoutpost_bld_hqgarage
0x3D701ECB,1,0,1,destruction-piece,oilrig_bld_buildinga
0x3D7EDAF0,1,0,1,destruction-piece,oc_veh_boat_oiltanker
0x3D8C8BED,1,0,0,mesh-node,oc_veh_boat_oiltanker
0x3D935E42,1,0,0,mesh-node,al_veh_tank_m1a2
0x3D9C6C29,1,0,0,mesh-node,al_veh_boat_lcur
0x3DA05035,1,0,0,model-root,0x73033C9F
0x3DA14309,1,0,1,destruction-piece,island_bld_fortress01
0x3DA42F36,1,0,0,mesh-node,oc_veh_semi_austin
0x3DB0DBD3,1,0,1,destruction-piece,ch_veh_boat_destroyer
0x3DB35F46,1,0,0,mesh-node,maracaibo_park
0x3DC72E35,1,0,0,mesh-node,al_veh_boat_lcur
0x3DCC9BA0,1,0,0,mesh-node,al_veh_boat_destroyer
0x3DD41754,1,0,0,mesh-node,airport_bld_terminal01
0x3DDCD6D0,1,0,0,mesh-node,maracaibo_park
0x3DEAEA2B,1,0,0,mesh-node,ocoutpost_interior_hq
0x3DF06956,1,0,1,destruction-piece,city_bld_skyscraper03
0x3DFB5B49,1,0,0,mesh-node,pmc_veh_plane_mig27
0x3DFD0570,1,0,0,mesh-node,vz_veh_boat_type14311
0x3E14D6B7,1,0,1,destruction-piece,0x60A4EEF3
0x3E2C0AF3,1,0,0,mesh-node,city_bld_skyscraper03
0x3E422433,1,0,0,mesh-node,outpost_bld_warehouse01
0x3E4963EB,1,0,0,mesh-node,civ_veh_boat_cigarette
0x3E4A97E8,1,0,0,mesh-node,al_veh_boat_destroyer
0x3E57FC00,1,0,0,mesh-node,al_veh_truck_hmmwv_armored
0x3E628502,1,0,1,destruction-piece,outpost_bld_municipal_fence
0x3E6A92FC,1,0,1,destruction-piece,0xD7FCFD11
0x3E715934,1,0,0,mesh-node,white_bld_segment8x8a
0x3EA055D3,1,0,1,destruction-piece,cumana_bld_fortress01
0x3EAC817A,1,0,1,destruction-piece,village_bld_plantation02
0x3EAE8D44,1,0,1,destruction-piece,industrial_bld_silowide
0x3EB88DD1,1,0,0,mesh-node,al_veh_helicopter_mh53pavelow
0x3EB9D691,1,0,1,destruction-piece,groutpost_bld_cranemining
0x3EC8A5DB,1,0,0,mesh-node,vz_veh_plane_tucano
0x3EE7B303,1,0,0,mesh-node,caracas_bld_skytrammain
0x3F067E6B,1,0,0,mesh-node,civ_veh_car_taxi_tercel
0x3F089DD4,1,0,1,destruction-piece,island_bld_tower01
0x3F0AEDF9,1,0,1,destruction-piece,0xF4AF3C5B
0x3F161520,1,0,1,destruction-piece,proutpost_bld_surveillance
0x3F1B7B7E,1,0,0,mesh-node,maracaibo_bld_skyscraper01
0x3F394CC9,1,0,0,mesh-node,vz_veh_tank_scorpion90
0x3F3B731E,1,0,0,mesh-node,city_bld_standalone01
0x3F3C052B,1,0,0,mesh-node,estate_bld_mansion02
0x3F410B4B,1,0,0,model-root,0x3F410B4B
0x3F458879,1,0,0,model-root,0x3F458879
0x3F4FA6DF,1,0,0,model-root,0x3F4FA6DF
0x3F64A225,1,0,0,model-root,0x3F64A225
0x3F65269F,1,0,1,destruction-piece,margarita_bld_condo01
0x3F7092F8,1,0,1,destruction-piece,island_bld_fortress01
0x3FA7A5EB,1,0,1,destruction-piece,commercial_bld_supermarket
0x3FB4ACCB,1,0,1,destruction-piece,outskirt_bld_mercbar
0x3FB61B82,1,0,0,model-root,0x3FB61B82
0x3FBFD2D3,1,0,0,mesh-node,al_veh_boat_destroyer
0x3FC0EB5E,1,0,1,destruction-piece,0xA948DDA6
0x3FDBD177,1,0,1,destruction-piece,civ_veh_truck_thunder
0x3FE0E66D,1,0,0,mesh-node,airport_bld_terminal01
0x401156B2,1,0,0,mesh-node,civ_veh_bus_escort
0x401B6B3C,1,0,0,mesh-node,civ_veh_car_van_racing
0x402ECFB2,1,0,1,destruction-piece,city_bld_corner16x32a
0x4035CFCF,1,0,1,destruction-piece,industrial_bld_warehouselarge01
0x405B337E,1,0,1,destruction-piece,civ_veh_bus_escort
0x4070081F,1,0,1,destruction-piece,outpost_bld_municipal_fence
0x407402EB,1,0,0,mesh-node,0x307D6AE1
0x4081D1AD,1,0,0,mesh-node,global_veh_68valiant
0x408EF8C7,1,0,1,destruction-piece,0xFD0229C3
0x408F8A07,1,0,0,model-root,up_deliverycrate
0x409375F5,1,0,1,destruction-piece,0xFD0229C3
0x409E7838,1,0,0,mesh-node,maracaibo_park
0x40A2F566,1,0,0,mesh-node,maracaibo_park
0x40B916E2,1,0,0,mesh-node,0x51DA41FE
0x40CD6187,1,0,0,mesh-node,ch_veh_tank_plz45b
0x40CDF67A,1,0,1,destruction-piece,outskirt_bld_mercbar
0x40D1DEB5,1,0,0,mesh-node,ch_veh_tank_plz45b
0x40FB497E,1,0,1,destruction-piece,oc_veh_boat_oiltanker
0x41026897,1,0,0,mesh-node,al_veh_plane_ac130_spooky
0x410427C1,1,0,1,destruction-piece,merida_bld_universityadmin
0x4104CC20,1,0,1,destruction-piece,industrial_bld_gasstationpump01
0x411D3804,1,0,0,mesh-node,vz_veh_boat_type14311
0x4121F7F4,1,0,0,model-root,0x4121F7F4
0x41228F9E,1,0,1,destruction-piece,pmcoutpost_bld_hqgarage
0x41235C1C,1,0,0,mesh-node,0x25B3F7BC
0x4124348E,1,0,0,mesh-node,ch_veh_boat_destroyer
0x414521E0,1,0,1,destruction-piece,pmcoutpost_bld_hqgarage
0x41596DD3,1,0,1,destruction-piece,island_bld_fortress01
0x4166BF07,1,0,1,destruction-piece,global_pile05
0x416B3763,1,0,0,mesh-node,ch_veh_plane_transport
0x416B3C35,1,0,1,destruction-piece,global_pile05
0x418117A8,1,0,1,destruction-piece,0xB0D4E642
0x41829944,1,0,0,mesh-node,maracaibo_park
0x41855F7C,1,0,0,model-root,cumana_bld_segment32x32d
0x418F7442,1,0,1,destruction-piece,city_bld_storefrontcornerc
0x4197A682,1,0,0,mesh-node,pr_veh_boat_jetski
0x41A2FBFA,1,0,1,destruction-piece,pmcoutpost_bld_hq
0x41D7AC6F,1,0,0,model-root,0x41D7AC6F
0x41DBBC17,1,0,1,destruction-piece,0x0D0B8CF5
0x41ECDEC1,1,0,1,destruction-piece,merida_bld_pmcautoshop
0x41F17168,1,0,0,mesh-node,vz_veh_plane_tucano
0x41F6496F,1,0,0,mesh-node,cumana_bld_hoteltwostar01
0x41FD9C1B,1,0,1,destruction-piece,civ_veh_boat_cargoship
0x420C59DE,1,0,0,mesh-node,0x7604B190
0x42247B7F,1,0,0,model-root,0x42247B7F
0x4239D9B2,1,0,1,destruction-piece,cumana_bld_fortress01
0x423F1152,1,0,0,mesh-node,0x1FBFBB4B
0x423F6CF1,1,0,0,model-root,0x423F6CF1
0x425E6E6C,1,0,1,destruction-piece,chinaoutpost_bld_storage
0x425F7B6E,1,0,0,model-root,0x425F7B6E
0x42667CE6,1,0,1,destruction-piece,0xCB4C6EAB
0x426ED23F,1,0,1,destruction-piece,caracas_bld_skytrammain
0x4275D304,1,0,0,mesh-node,0x27C46DD1
0x42915BE3,1,0,0,mesh-node,oc_veh_truck_ext
0x42A2B320,1,0,0,model-root,0x42A2B320
0x42C0C744,1,0,1,destruction-piece,margarita_bld_condo01
0x42C577E1,1,0,0,mesh-node,margarita_bld_condo01
0x42C95DD2,1,0,1,destruction-piece,groutpost_bld_trailerhut01
0x430698C4,1,0,1,destruction-piece,cumana_bld_fortress01
0x430B15F2,1,0,1,destruction-piece,cumana_bld_fortress01
0x430B80DE,1,0,0,mesh-node,city_bld_skyscraper02
0x430CB4C1,1,0,1,destruction-piece,maracaibo_bld_skyscraper02
0x430EB392,1,0,0,mesh-node,0x1FBFBB4B
0x431236C7,1,0,1,destruction-piece,ocoutpost_bld_warehouse01
0x4313E678,1,0,0,mesh-node,proutpost_att_neona
0x43385913,1,0,1,destruction-piece,global_pile04
0x435AED11,1,0,0,mesh-node,commercial_bld_supermarket
0x435F54DE,1,0,0,mesh-node,global_veh_scorpiondpv
0x436C5471,1,0,1,destruction-piece,village_bld_cattleranch
0x4370DC46,1,0,0,mesh-node,maracaibo_park
0x43744EDB,1,0,1,destruction-piece,0xB0D4E642
0x4375B484,1,0,1,destruction-piece,maracaibo_bld_skyscraper02
0x437A31B2,1,0,1,destruction-piece,maracaibo_bld_skyscraper02
0x437AE261,1,0,0,mesh-node,oilrig_bld_buildinga
0x437AF8A8,1,0,1,destruction-piece,0xEA7F9F3F
0x437F75D6,1,0,1,destruction-piece,0xEA7F9F3F
0x43834B36,1,0,0,mesh-node,0xB0D4E642
0x43940137,1,0,0,model-root,al_veh_airstrike_b2
0x4394DBC6,1,0,0,mesh-node,outpost_bld_vzwarehouselarge
0x43AE26CA,1,0,0,mesh-node,0xB0D4E642
0x43AE4753,1,0,1,destruction-piece,aloutpost_bld_prison
0x43C04D2F,1,0,1,destruction-piece,outpost_bld_vzwarehouselarge
0x43D76F47,1,0,1,destruction-piece,0x4D4F42B5
0x43ED9133,1,0,0,mesh-node,global_env_hedgeshort01
0x43F9EF0A,1,0,0,model-root,0xDD337C49
0x4420157D,1,0,0,mesh-node,civ_veh_car_w8_normal
0x44323F21,1,0,0,mesh-node,chinaoutpost_bld_storage
0x44366555,1,0,0,model-root,global_weapon_xm84
0x443FAB17,1,0,0,mesh-node,global_weapon_tripodmount
0x4446B6EF,1,0,1,destruction-piece,margarita_bld_condo01
0x44519645,1,0,0,mesh-node,civ_veh_truck_impact
0x44568995,1,0,0,mesh-node,0x27C46DD1
0x445CDDB7,1,0,1,destruction-piece,residential_bld_corner16x16e
0x44A67EF6,1,0,1,destruction-piece,outpost_bld_govtbld
0x44B735D3,1,0,0,mesh-node,oc_veh_boat_oiltanker
0x44B7A16C,1,0,1,destruction-piece,groutpost_bld_cranemining
0x44D171CB,1,0,1,destruction-piece,merida_bld_universityadmin
0x44EA0DA1,1,0,1,destruction-piece,island_bld_fortress01
0x44EC4163,1,0,0,mesh-node,global_waterbumper
0x44EDF564,1,0,1,destruction-piece,merida_bld_universityadmin
0x4522CE02,1,0,0,mesh-node,oc_veh_helicopter_md500
0x452F628E,1,0,1,destruction-piece,al_veh_boat_destroyer
0x45571E46,1,0,1,destruction-piece,outpost_bld_warehouse01
0x45599A95,1,0,1,destruction-piece,estate_bld_mansion04
0x455F964B,1,0,0,mesh-node,maracaibo_park
0x4562F811,1,0,1,destruction-piece,pmcoutpost_bld_hqgarage
0x456841D5,1,0,0,mesh-node,0x6B432F1C
0x456A7050,1,0,0,mesh-node,0xB0D4E642
0x457150A3,1,0,0,mesh-node,aloutpost_bld_supplydepot
0x457A6A5A,1,0,1,destruction-piece,oc_veh_boat_oiltanker
0x4584A224,1,0,0,mesh-node,civ_veh_car_veyron
0x45858478,1,0,0,mesh-node,aloutpost_bld_largetentextensiona
0x458AF8E4,1,0,0,mesh-node,ch_veh_plane_transport
0x458E1BE9,1,0,0,mesh-node,al_veh_truck_mtv_cargo_50cal
0x45A0DAB8,1,0,1,destruction-piece,caracas_bld_parquecentral03
0x45B7E90C,1,0,0,mesh-node,maracaibo_park
0x45C7E99D,1,0,0,model-root,0x45C7E99D
0x45E0CA55,1,0,1,destruction-piece,aloutpost_bld_command
0x45E871C5,1,0,1,destruction-piece,0x5253854D
0x45EB5430,1,0,0,model-root,global_weapon_fae
0x45F0B6F4,1,0,1,destruction-piece,outpost_bld_vzwarehouselarge
0x463720BC,1,0,0,mesh-node,vz_veh_tank_scorpion90
0x4655BF5D,1,0,0,mesh-node,pmc_veh_car_offroad_buggy
0x4664D39E,1,0,0,mesh-node,0x8F25996F
0x4668E021,1,0,0,mesh-node,maracaibo_bld_corner32x32b
0x466A542A,1,0,1,destruction-piece,outpost_bld_vzwarehouselarge
0x469DED7C,1,0,1,destruction-piece,caracas_wallshort
0x46B2B07C,1,0,0,mesh-node,civ_veh_motorcycle_sportbike
0x46B8AA9B,1,0,1,destruction-piece,margarita_bld_condo01
0x46C58631,1,0,1,destruction-piece,island_bld_fortress01
0x46D78D9F,1,0,0,mesh-node,industrial_bld_refinery04
0x46DD9091,1,0,0,mesh-node,ch_veh_helicopter_ka29b
0x46E0C235,1,0,1,destruction-piece,shanty_bld_apartment01
0x4701F29C,1,0,1,destruction-piece,merida_bld_universityadmin
0x4723DD52,1,0,1,destruction-piece,island_bld_bridge01
0x472B0509,1,0,1,destruction-piece,city_bld_corner16x32a
0x4735914D,1,0,1,destruction-piece,outpost_bld_vzwarehouselarge
0x473FFCE4,1,0,0,mesh-node,city_bld_standalone01
0x475BDD34,1,0,0,mesh-node,industrial_bld_warehouse06
0x475DA783,1,0,0,mesh-node,0xB0D4E642
0x47755854,1,0,0,mesh-node,oc_veh_truck_mtv_guntruck
0x47786F17,1,0,1,destruction-piece,civ_veh_truck_bank
0x4778BBAB,1,0,0,mesh-node,aloutpost_bld_largetentextensiona
0x4792A2C4,1,0,0,mesh-node,pmc_veh_motorcycle_tankbike
0x479411EB,1,0,1,destruction-piece,caracas_bld_parquecentral03
0x479E65C8,1,0,1,destruction-piece,industrial_bld_gasstationpump01
0x47A8C9AD,1,0,0,mesh-node,0x25B3F7BC
0x47A8E523,1,0,0,model-root,0x47A8E523
0x47AA7B66,1,0,0,mesh-node,civ_veh_semi_mark
0x47B29F54,1,0,0,mesh-node,jungle_env_largecanopy01
0x47BB623D,1,0,0,mesh-node,al_veh_boat_destroyer
0x47C4B825,1,0,0,mesh-node,maracaibo_park
0x47C57524,1,0,1,destruction-piece,0xA948DDA6
0x47CA81B8,1,0,1,destruction-piece,outpost_bld_vzwarehouselarge
0x47DF6AE4,1,0,0,mesh-node,civ_veh_semi_austin
0x47EB45DD,1,0,1,destruction-piece,cumana_bld_fortress01
0x47F8CCDD,1,0,1,destruction-piece,cumana_bld_fortress01
0x4803A5D4,1,0,0,mesh-node,island_bld_fortress01
0x4811D3AE,1,0,1,destruction-piece,vz_veh_truck_m151_50cal
0x482FD3FE,1,0,0,model-root,0x482FD3FE
0x483B96DB,1,0,0,mesh-node,civ_veh_car_taxi_shuttle
0x485E0AC9,1,0,1,destruction-piece,0x4761451B
0x488C3D00,1,0,1,destruction-piece,island_bld_fortress01
0x489129C7,1,0,0,mesh-node,aloutpost_bld_largetent
0x4895A6F5,1,0,0,mesh-node,aloutpost_bld_largetent
0x489CEF71,1,0,1,destruction-piece,0x56D04AA8
0x48A79B4D,1,0,1,destruction-piece,island_bld_fortress01
0x48AABC95,1,0,1,destruction-piece,caracas_wallshort
0x48D07148,1,0,1,destruction-piece,aloutpost_bld_hangersmall
0x48D9A15C,1,0,1,destruction-piece,vz_veh_truck_m151_50cal
0x48DABA52,1,0,0,mesh-node,global_veh_winch_magnet
0x49077D19,1,0,0,mesh-node,shanty_polepower
0x49286795,1,0,0,model-root,global_weapon_quad50
0x492A2CA1,1,0,0,mesh-node,outskirt_bld_market04
0x492A423A,1,0,1,destruction-piece,outskirt_bld_mercbar
0x49378CD9,1,0,0,mesh-node,maracaibo_park
0x493FD997,1,0,0,model-root,0x493FD997
0x494CCBFD,1,0,0,mesh-node,city_bld_standalone01
0x4952D37C,1,0,0,mesh-node,al_veh_airstrike_f117
0x495D7CA3,1,0,1,destruction-piece,shanty_bld_housegroup05
0x496FBE86,1,0,1,destruction-piece,island_bld_bridge01
0x49742872,1,0,0,mesh-node,civ_veh_motorcycle_chopper
0x49986350,1,0,1,destruction-piece,oilrig_simple
0x49A4994B,1,0,0,model-root,0x35DCB88C
0x49B845C5,1,0,0,mesh-node,ch_veh_tank_pgz95
0x49D2443D,1,0,1,destruction-piece,0xA948DDA6
0x49DFD0D0,1,0,1,destruction-piece,island_bld_fortress01
0x4A122353,1,0,0,mesh-node,outskirt_bld_mercbar
0x4A15DC3C,1,0,0,model-root,0x935E6C1E
0x4A256903,1,0,0,mesh-node,oc_veh_helicopter_md500
0x4A27C425,1,0,0,mesh-node,oc_veh_semi_fueltrailer
0x4A2E32AC,1,0,0,mesh-node,0xA948DDA6
0x4A355711,1,0,1,destruction-piece,shanty_bld_housegroup05
0x4A399C42,1,0,1,destruction-piece,oc_veh_boat_oiltanker
0x4A3CC4BC,1,0,0,model-root,0x4A3CC4BC
0x4A476473,1,0,1,destruction-piece,chinaoutpost_bld_storage
0x4A533305,1,0,0,mesh-node,pr_veh_boat_saltonsea
0x4A551794,1,0,1,destruction-piece,0x45CC35FE
0x4A55ECA9,1,0,0,mesh-node,oc_veh_helicopter_md500
0x4AAFD117,1,0,0,mesh-node,maracaibo_park
0x4AB44E45,1,0,0,mesh-node,maracaibo_park
0x4ABEB64B,1,0,1,destruction-piece,cumana_bld_fortress01
0x4AD99080,1,0,0,mesh-node,al_veh_boat_markv
0x4B0CCED3,1,0,0,mesh-node,0x25B3F7BC
0x4B11FA98,1,0,0,mesh-node,merida_bld_pmcautoshop
0x4B173B9D,1,0,1,destruction-piece,oilrig_bld_buildingc
0x4B1F6786,1,0,1,destruction-piece,0xEAA71CCB
0x4B2541FB,1,0,0,mesh-node,industrial_bld_warehouse04
0x4B2884C4,1,0,0,mesh-node,al_veh_boat_destroyer
0x4B29BF29,1,0,0,mesh-node,industrial_bld_warehouse04
0x4B329B56,1,0,1,destruction-piece,residential_bld_corner16x16d
0x4B34A460,1,0,0,model-root,0x4B34A460
0x4B401E89,1,0,1,destruction-piece,oilrig_bld_buildingd
0x4B454035,1,0,0,mesh-node,pmcoutpost_planter01
0x4B4A0F5D,1,0,1,destruction-piece,0xB0A0930E
0x4B4CE4FA,1,0,0,model-root,0x4B4CE4FA
0x4B60C2EC,1,0,1,destruction-piece,pmcoutpost_bld_hqgarage
0x4B632F1A,1,0,0,mesh-node,ch_veh_boat_huangfeng
0x4B6DE12D,1,0,0,mesh-node,dlc_outskirt_interior_hq
0x4B70DE37,1,0,1,destruction-piece,village_bld_cattleranch
0x4B73809D,1,0,1,destruction-piece,0xCB4C6EAB
0x4B73A3EE,1,0,1,destruction-piece,0xFD0229C3
0x4B75660C,1,0,0,mesh-node,maracaibo_park
0x4B91870A,1,0,1,destruction-piece,island_bld_fortress01
0x4B9625A8,1,0,0,mesh-node,commercial_lightclinic
0x4B99658C,1,0,0,mesh-node,outpost_bld_vzwarehouselarge
0x4B99C844,1,0,0,model-root,0xE538060F
0x4B9C42F1,1,0,0,model-root,0x4B9C42F1
0x4BA5DBB0,1,0,1,destruction-piece,outpost_bld_municipal_fence
0x4BA86C49,1,0,1,destruction-piece,caracas_bld_skytrammain
0x4BB2CF82,1,0,1,destruction-piece,civ_veh_car_taxi_shuttle
0x4BBA0841,1,0,1,destruction-piece,merida_bld_pmcautoshop
0x4BBBD6EF,1,0,1,destruction-piece,caracas_bld_theater01
0x4BE79C6C,1,0,1,destruction-piece,civ_veh_car_van_commercial
0x4BE8083B,1,0,0,mesh-node,shanty_env_tree02
0x4C0509FA,1,0,1,destruction-piece,caracas_bld_capitol
0x4C08161D,1,0,0,mesh-node,0x307D6AE1
0x4C2540D6,1,0,1,destruction-piece,0xBCBA07EE
0x4C345FB7,1,0,0,mesh-node,pmc_veh_motorcycle_tankbike
0x4C42385B,1,0,0,mesh-node,civ_veh_trailer_flatbed
0x4C428A99,1,0,0,mesh-node,cumana_bld_fortress01
0x4C6DE926,1,0,0,model-root,global_weapon_m95
0x4CA4ED83,1,0,1,destruction-piece,island_bld_fortress01
0x4CA6FBA4,1,0,1,destruction-piece,0x25E39BE9
0x4CAB08BC,1,0,1,destruction-piece,outpost_bld_govtbld
0x4CBEC6A2,1,0,1,destruction-piece,city_bld_corner16x32a
0x4CDAA4D1,1,0,1,destruction-piece,0x25E39BE9
0x4CEBFF95,1,0,0,mesh-node,outpost_bld_govtbld
0x4CEDA9C3,1,0,1,destruction-piece,aloutpost_bld_supplydepot
0x4CF4E787,1,0,1,destruction-piece,white_bld_segment16x16a
0x4D0F4E8F,1,0,0,mesh-node,0xFD0229C3
0x4D36D68B,1,0,1,destruction-piece,0x759BDE16
0x4D3B53B9,1,0,1,destruction-piece,0x759BDE16
0x4D3B7B11,1,0,1,destruction-piece,village_bld_plantation02
0x4D53FA1F,1,0,1,destruction-piece,pmcoutpost_bld_hqgarage
0x4D556612,1,0,1,destruction-piece,civ_veh_car_van_crappy
0x4D5B28E1,1,0,0,model-root,dlc_outskirt_interior_hq
0x4D5C5AB1,1,0,0,mesh-node,margarita_bld_condo01
0x4D5ED5F4,1,0,1,destruction-piece,0xB0A0930E
0x4D757208,1,0,0,mesh-node,merida_bld_hotel
0x4D775E18,1,0,1,destruction-piece,caracas_bld_skytrammain
0x4D823525,1,0,0,mesh-node,maracaibo_park
0x4D895CDB,1,0,0,mesh-node,commercial_lightclinic
0x4D8E16CE,1,0,1,destruction-piece,0xA948DDA6
0x4D9589EF,1,0,0,model-root,global_weapon_smaw
0x4D968537,1,0,0,mesh-node,civ_veh_car_l300_normal
0x4D9778B0,1,0,0,mesh-node,civ_veh_plane_727jet
0x4DA634A5,1,0,0,mesh-node,outpost_bld_vzwarehouselarge
0x4DB0A910,1,0,1,destruction-piece,0xA948DDA6
0x4DB24E2E,1,0,0,mesh-node,pmcoutpost_planter01
0x4DB8309C,1,0,1,destruction-piece,outpost_bld_municipal_fence
0x4DCAFA37,1,0,1,destruction-piece,outskirt_bld_house05
0x4DD0B7B7,1,0,0,mesh-node,residential_bld_corner16x16d
0x4DE368F3,1,0,1,destruction-piece,outpost_bld_vzwarehouselarge
0x4DED8B4C,1,0,0,mesh-node,ch_veh_truck_sx2150_cargo
0x4E0229BE,1,0,1,destruction-piece,merida_bld_universityadmin
0x4E03FEF3,1,0,1,destruction-piece,shanty_bld_apartment04
0x4E129034,1,0,0,mesh-node,maracaibo_park
0x4E170D62,1,0,0,mesh-node,maracaibo_park
0x4E2EF0EB,1,0,0,mesh-node,al_veh_plane_ac130_spooky
0x4E5FEF38,1,0,0,mesh-node,al_veh_tank_m1a2
0x4E64A8F9,1,0,0,mesh-node,global_veh_68valiant
0x4E7A45D1,1,0,0,mesh-node,industrial_bld_warehouselarge01
0x4E80B824,1,0,1,destruction-piece,civ_veh_truck_impact
0x4E8A5CA3,1,0,1,destruction-piece,0x2EF7E3C3
0x4E8FC8D5,1,0,1,destruction-piece,civ_veh_truck_ambulance
0x4E9DD439,1,0,1,destruction-piece,al_veh_boat_destroyer
0x4EAA4378,1,0,1,destruction-piece,maracaibo_bld_skyscraper02
0x4EAC3CD1,1,0,0,mesh-node,global_propanetanklargea
0x4EB7D7D5,1,0,1,destruction-piece,outpost_bld_govtbld
0x4EBC8080,1,0,0,mesh-node,maracaibo_bld_skyscraper01
0x4EC27F11,1,0,1,destruction-piece,oilrig_bld_buildingc
0x4ED377C3,1,0,0,mesh-node,margarita_bld_condo01
0x4EDA6040,1,0,1,destruction-piece,maracaibo_bld_skyscraper02
0x4EDB4F80,1,0,0,model-root,0x4EDB4F80
0x4EF509D9,1,0,0,mesh-node,maracaibo_park
0x4EFC77A9,1,0,1,destruction-piece,ocoutpost_bld_warehouse01
0x4F0E1EA3,1,0,0,mesh-node,maracaibo_park
0x4F142610,1,0,1,destruction-piece,pmcoutpost_bld_hqgarage
0x4F32D195,1,0,1,destruction-piece,city_bld_apartment02
0x4F40BB6D,1,0,1,destruction-piece,al_veh_boat_destroyer
0x4F50BE34,1,0,1,destruction-piece,city_bld_skyscraper02
0x4F5156D1,1,0,0,mesh-node,margarita_bld_condo01
0x4F52EB4E,1,0,0,model-root,0x4F52EB4E
0x4F638E48,1,0,0,mesh-node,ch_veh_tank_pgz95_command
0x4F640DE1,1,0,0,mesh-node,ch_veh_boat_destroyer
0x4F6EA3E7,1,0,0,mesh-node,pmc_veh_plane_mig27
0x4F937E8A,1,0,0,mesh-node,0xB0D4E642
0x4FDC824D,1,0,1,destruction-piece,outpost_bld_vzwarehouselarge
0x4FECAF8D,1,0,0,mesh-node,al_veh_helicopter_mh53pavelow
0x5000D336,1,0,0,mesh-node,maracaibo_park
0x5017C4A4,1,0,0,mesh-node,chinaoutpost_bld_storage
0x502F5450,1,0,0,model-root,0x502F5450
0x50306A5B,1,0,1,destruction-piece,outpost_bld_vzwarehouselarge
0x503E4FF5,1,0,1,destruction-piece,outskirt_bld_mercbar
0x504463D9,1,0,0,mesh-node,civ_veh_car_phoenix_crappy
0x50476DCB,1,0,1,destruction-piece,0xF419FFEB
0x504AC423,1,0,1,destruction-piece,civ_veh_bus_escort
0x5053B7D3,1,0,0,model-root,0x5053B7D3
0x505674A3,1,0,1,destruction-piece,residential_bld_corner16x16d
0x5057FE44,1,0,1,destruction-piece,cumana_bld_fortress01
0x505C7B72,1,0,1,destruction-piece,cumana_bld_fortress01
0x506B4199,1,0,1,destruction-piece,0x45CC35FE
0x5075A876,1,0,1,destruction-piece,island_bld_fortress01
0x50868008,1,0,1,destruction-piece,shanty_bld_house02
0x5087CC6A,1,0,1,destruction-piece,island_bld_fortress01
0x508B467A,1,0,0,mesh-node,ocoutpost_statueoil
0x50AA10FA,1,0,1,destruction-piece,groutpost_bld_trailerhut01
0x50AE827F,1,0,0,model-root,0x50AE827F
0x50D6A133,1,0,0,mesh-node,civ_veh_boat_fishing
0x510661ED,1,0,0,mesh-node,global_watertowerb
0x5134501B,1,0,0,mesh-node,ch_veh_truck_sx2150_mlrs
0x513B9499,1,0,0,mesh-node,island_bld_fortress01
0x513F8A90,1,0,1,destruction-piece,margarita_bld_condo01
0x514CADB2,1,0,0,mesh-node,city_bld_skyscraper03
0x5159A03B,1,0,0,mesh-node,outpost_bld_vzwarehouselarge
0x517A5C2E,1,0,0,mesh-node,jungle_bld_ruinshotelfront
0x517D877A,1,0,1,destruction-piece,cumana_bld_fortress01
0x518952D8,1,0,0,mesh-node,0xA948DDA6
0x51AC377C,1,0,1,destruction-piece,0xF4AF3C5B
0x51B7513A,1,0,1,destruction-piece,oilrig_bld_buildingc
0x51C478A6,1,0,0,mesh-node,vz_veh_tank_scorpion90
0x51E0F7F7,1,0,1,destruction-piece,caracas_skytramcolumn
0x51E317D3,1,0,0,mesh-node,al_veh_boat_destroyer
0x51E47F8C,1,0,1,destruction-piece,jungle_env_largecanopy01
0x51E84827,1,0,0,model-root,0x51E84827
0x51EB035D,1,0,0,mesh-node,global_env_scrub03
0x51F40A69,1,0,0,mesh-node,maracaibo_park
0x51FB1A9F,1,0,0,mesh-node,0xB0D4E642
0x5203BFD1,1,0,0,mesh-node,industrial_bld_silowide
0x520C43D2,1,0,1,destruction-piece,proutpost_bld_garageboat
0x5211CEE0,1,0,1,destruction-piece,island_bld_bridge01
0x52188C32,1,0,1,destruction-piece,chinaoutpost_bld_prison
0x521FCB8A,1,0,1,destruction-piece,chinaoutpost_bld_hangar01
0x52228B83,1,0,0,model-root,0x52228B83
0x5225EFB1,1,0,0,mesh-node,civ_veh_trailer_flatbed
0x522C10E6,1,0,0,mesh-node,0xB0D4E642
0x522EFD90,1,0,0,mesh-node,outskirt_bld_market04
0x5233D532,1,0,0,mesh-node,civ_veh_plane_727jet
0x52564B33,1,0,0,mesh-node,ch_veh_plane_transport
0x525BE8CB,1,0,1,destruction-piece,village_bld_plantation03
0x526065F9,1,0,1,destruction-piece,village_bld_plantation03
0x52732F78,1,0,0,mesh-node,oc_veh_helicopter_md500
0x527FDD76,1,0,1,destruction-piece,0xEC0DAFF2
0x528A1D3A,1,0,0,mesh-node,island_bld_fortress01
0x52919157,1,0,1,destruction-piece,shanty_bld_housegroup05
0x52AF96A0,1,0,0,model-root,0x52AF96A0
0x52B905FB,1,0,1,destruction-piece,0x45CC35FE
0x52C337B3,1,0,0,mesh-node,city_bld_skyscraper02
0x52D1E2E9,1,0,0,mesh-node,village_bld_gasstation
0x52DF27CE,1,0,0,mesh-node,global_veh_stingray
0x52E5C57D,1,0,1,destruction-piece,island_bld_fortress01
0x531F7B53,1,0,1,destruction-piece,pmcoutpost_bld_hqgarage
0x531FF9FC,1,0,1,destruction-piece,0x066F550B
0x5323F14C,1,0,1,destruction-piece,0xEAA71CCB
0x5325DC73,1,0,0,mesh-node,maracaibo_park
0x533945EC,1,0,1,destruction-piece,village_bld_plantation02
0x536C9CE7,1,0,1,destruction-piece,maracaibo_bld_skyscraper02
0x53972AFA,1,0,1,destruction-piece,0x4AB6F9B6
0x53A16B1A,1,0,1,destruction-piece,outpost_bld_municipal_fence
0x53A43658,1,0,0,model-root,0x53A43658
0x53B9BD65,1,0,0,model-root,proutpost_bld_shacksmall03
0x53BE898C,1,0,0,mesh-node,jungle_env_largecanopy01
0x53DD246A,1,0,0,mesh-node,pmcoutpost_planter01
0x53DFE8A4,1,0,0,mesh-node,al_veh_helicopter_mh53pavelow
0x53F2BF44,1,0,1,destruction-piece,shanty_bld_apartment04
0x53F73C72,1,0,1,destruction-piece,shanty_bld_apartment04
0x53FEC18B,1,0,1,destruction-piece,al_veh_boat_destroyer
0x540BE0E3,1,0,1,destruction-piece,commercial_wallshort
0x541737F0,1,0,1,destruction-piece,0x60A4EEF3
0x5417C7E8,1,0,1,destruction-piece,oilrig_bld_buildingb
0x54603399,1,0,1,destruction-piece,0xB0D4E642
0x5465446B,1,0,0,mesh-node,0x6EC17D1D
0x5465FD06,1,0,1,destruction-piece,industrial_bld_gasstationpump01
0x546A3D82,1,0,0,model-root,0x546A3D82
0x5484BE49,1,0,0,mesh-node,civ_veh_plane_727jet
0x549D17F3,1,0,0,mesh-node,city_bld_skyscraper03
0x54A2CDD3,1,0,0,model-root,0x54A2CDD3
0x54A66884,1,0,1,destruction-piece,civ_veh_car_taxi_shuttle
0x54BC61A2,1,0,0,model-root,0x54BC61A2
0x54C4DFC0,1,0,0,model-root,0x54C4DFC0
0x54C62713,1,0,0,mesh-node,outskirt_bld_mercbar
0x54D5C706,1,0,0,model-root,0x2664B8A5
0x54D991B8,1,0,1,destruction-piece,civ_veh_bus_escort
0x54EDEC9C,1,0,0,mesh-node,shanty_bld_housegroup05
0x54FCDEF4,1,0,0,mesh-node,maracaibo_park
0x55015C22,1,0,0,mesh-node,maracaibo_park
0x550FCBBF,1,0,0,mesh-node,merida_bld_pmcautoshop
0x552ED087,1,0,1,destruction-piece,0x45CC35FE
0x5530C065,1,0,1,destruction-piece,0xEAA71CCB
0x5533B70D,1,0,1,destruction-piece,island_bld_fortress01
0x5534CB8A,1,0,0,mesh-node,global_veh_stingray
0x5560E477,1,0,0,mesh-node,margarita_bld_condo01
0x5574ECE9,1,0,0,mesh-node,civ_veh_semi_austin
0x5592A094,1,0,1,destruction-piece,0xA948DDA6
0x55ACFDBC,1,0,0,mesh-node,industrial_bld_warehouse03
0x55ADAABC,1,0,0,mesh-node,0x1FBFBB4B
0x55B1E619,1,0,0,mesh-node,global_veh_stingray
0x55C82E59,1,0,0,mesh-node,al_veh_helicopter_mh53pavelow
0x55DBDD3E,1,0,0,mesh-node,oc_veh_helicopter_md500
0x55EA4C18,1,0,1,destruction-piece,jungle_bld_ruinshotelback
0x55EC91F3,1,0,0,mesh-node,civ_veh_plane_727jet
0x55F26157,1,0,0,mesh-node,maracaibo_bld_skyscraper01
0x55F574A6,1,0,0,model-root,0x55F574A6
0x55F874C1,1,0,0,mesh-node,vz_veh_helicopter_alouetteiii
0x56021F3A,1,0,1,destruction-piece,proutpost_dockb
0x5614577E,1,0,0,mesh-node,pmc_veh_truck_monster_rtr
0x56168509,1,0,0,mesh-node,vz_veh_plane_tucano
0x561B51CA,1,0,1,destruction-piece,aloutpost_bld_supplydepot
0x56245E52,1,0,0,mesh-node,proutpost_interior_job
0x562582AA,1,0,1,destruction-piece,civ_veh_car_van_crappy
0x563699B5,1,0,1,destruction-piece,0xBCBA07EE
0x56451E9E,1,0,0,model-root,0x56451E9E
0x564FB6DD,1,0,0,mesh-node,chinaoutpost_bld_prison
0x56518F76,1,0,0,mesh-node,jungle_env_treemedium01
0x56592301,1,0,1,destruction-piece,oilrig_simple
0x56593439,1,0,1,destruction-piece,industrial_bld_gasstationpump01
0x566CC50C,1,0,1,destruction-piece,0xF245AC63
0x56772CDD,1,0,0,mesh-node,al_veh_boat_destroyer
0x56C3463D,1,0,0,mesh-node,0x13709C60
0x56C4ACA7,1,0,1,destruction-piece,proutpost_bld_surveillance
0x56D04AA8,1,0,0,model-root,0x56D04AA8
0x56D5EFAA,1,0,1,destruction-piece,maracaibo_bld_skyscraper02
0x56DE1BD0,1,0,1,destruction-piece,chinaoutpost_bld_prison
0x56DED703,1,0,0,mesh-node,ch_veh_boat_huangfeng
0x56F9939F,1,0,0,mesh-node,maracaibo_park
0x57409E23,1,0,0,mesh-node,al_veh_boat_destroyer
0x57613392,1,0,1,destruction-piece,village_bld_plantation02
0x57744DB8,1,0,1,destruction-piece,outpost_bld_govtbld
0x579F6FAD,1,0,1,destruction-piece,0xA948DDA6
0x57BA79D5,1,0,0,mesh-node,0x1FBFBB4B
0x57BAF678,1,0,1,destruction-piece,maracaibo_bld_stagerepublica
0x57D75198,1,0,1,destruction-piece,merida_bld_pmcautoshop
0x57E89477,1,0,0,mesh-node,civ_veh_plane_727jet
0x57E964F3,1,0,1,destruction-piece,caracas_bld_capitol
0x57EA580C,1,0,0,model-root,0x57EA580C
0x57FC84BB,1,0,1,destruction-piece,margarita_bld_condo01
0x580101E9,1,0,1,destruction-piece,margarita_bld_condo01
0x58018AAC,1,0,0,mesh-node,industrial_bld_silowide
0x58055CFC,1,0,0,mesh-node,maracaibo_park
0x580C2EDD,1,0,0,mesh-node,civ_veh_truck_garbage
0x580C5360,1,0,1,destruction-piece,0x759BDE16
0x581144B3,1,0,1,destruction-piece,industrial_bld_smokestack
0x5817D22E,1,0,0,model-root,0x5817D22E
0x5825D49B,1,0,0,model-root,0x5825D49B
0x582BF33C,1,0,0,model-root,0x582BF33C
0x5835C8E1,1,0,1,destruction-piece,village_bld_cattleranch
0x58443D64,1,0,0,mesh-node,pmc_veh_car_camo_veyron
0x58540DD7,1,0,0,mesh-node,vz_veh_boat_type14311
0x5878E0A5,1,0,1,destruction-piece,residential_bld_corner16x16a
0x58799425,1,0,1,destruction-piece,0xF245AC63
0x587E527B,1,0,0,mesh-node,cumana_bld_fortress01
0x588ED8B3,1,0,1,destruction-piece,shanty_bld_house02
0x589B5FAA,1,0,1,destruction-piece,0xF245AC63
0x58ACED3A,1,0,0,mesh-node,ch_veh_tank_ztz98
0x58B3F137,1,0,0,model-root,0x58B3F137
0x58C582E7,1,0,0,mesh-node,ch_veh_boat_destroyer
0x58DDDB3E,1,0,1,destruction-piece,al_veh_helicopter_mh53pavelow
0x58EA582A,1,0,1,destruction-piece,caracas_bld_skytrammain
0x59074E3D,1,0,0,mesh-node,oc_veh_boat_oiltanker
0x5912DE2D,1,0,1,destruction-piece,outpost_bld_vzwarehouselarge
0x59144538,1,0,0,mesh-node,pmcoutpost_planter01
0x59149CC4,1,0,0,mesh-node,maracaibo_park
0x591CF230,1,0,0,mesh-node,al_veh_boat_destroyer
0x59258C6B,1,0,0,mesh-node,civ_veh_semi_mark
0x592BF941,1,0,0,model-root,0x592BF941
0x59307702,1,0,0,mesh-node,outpost_bld_vzwarehouselarge
0x59520681,1,0,0,model-root,caracas_portplateau02
0x595271C7,1,0,0,mesh-node,ch_veh_truck_sx2150_mlrs
0x5956EEF5,1,0,0,mesh-node,ch_veh_truck_sx2150_mlrs
0x596784EB,1,0,1,destruction-piece,outpost_bld_govtbld
0x5969B1BF,1,0,0,mesh-node,pmc_veh_truck_ext
0x596B1EF0,1,0,0,mesh-node,ch_veh_apc_zbd2000
0x597D284E,1,0,0,mesh-node,pmc_veh_motorcycle_tankbike
0x597EF758,1,0,0,mesh-node,merida_bld_soccerstadium
0x59880695,1,0,0,model-root,0x59880695
0x598E0806,1,0,0,model-root,0xA2CE8563
0x59959300,1,0,0,mesh-node,mountain_bld_bunkerdestroyed
0x59A50465,1,0,1,destruction-piece,chinaoutpost_bld_storage
0x59A87509,1,0,1,destruction-piece,outpost_bld_vzwarehouselarge
0x59AE2DAB,1,0,1,destruction-piece,oilrig_simple
0x59C8072A,1,0,1,destruction-piece,industrial_bld_warehouselarge01
0x59F94175,1,0,1,destruction-piece,pmcoutpost_bld_hq
0x59FAA134,1,0,1,destruction-piece,commercial_wallshort
0x59FD8FD7,1,0,0,mesh-node,ch_veh_plane_transport
0x5A122C15,1,0,0,mesh-node,maracaibo_park
0x5A1F1248,1,0,1,destruction-piece,0x4D4F42B5
0x5A2E275B,1,0,1,destruction-piece,0x09139BCD
0x5A4041C1,1,0,1,destruction-piece,city_bld_corner16x32a
0x5A43B448,1,0,0,mesh-node,0x1FBFBB4B
0x5A4A89B7,1,0,0,mesh-node,aloutpost_bld_supplydepot
0x5A633734,1,0,0,mesh-node,0x95F4BA55
0x5A641447,1,0,0,mesh-node,vz_veh_towed_zu23aa
0x5A67F1AA,1,0,1,destruction-piece,shanty_bld_house02
0x5A6F478D,1,0,0,mesh-node,0x4B9C42F1
0x5A87AD9A,1,0,0,mesh-node,outpost_bld_vzwarehouselarge
0x5AB21B84,1,0,0,model-root,0x5AB21B84
0x5ADDDC2A,1,0,0,mesh-node,industrial_bld_warehouse02
0x5AE3B194,1,0,0,mesh-node,global_veh_stingray
0x5AFB0C44,1,0,1,destruction-piece,civ_veh_truck_garbage
0x5B271CB9,1,0,1,destruction-piece,0x5253854D
0x5B2824BA,1,0,0,mesh-node,al_veh_boat_destroyer
0x5B37C6D6,1,0,0,model-root,0x5B37C6D6
0x5B440A51,1,0,1,destruction-piece,estate_bld_mansion03
0x5B633AA7,1,0,1,destruction-piece,island_bld_fortress01
0x5B74FF0F,1,0,0,mesh-node,ch_veh_boat_destroyer
0x5B767830,1,0,0,mesh-node,al_veh_truck_hmmwv_armored
0x5B801D06,1,0,0,mesh-node,outskirt_bld_mercbar
0x5B8500C9,1,0,0,mesh-node,maracaibo_park
0x5B8723FF,1,0,0,mesh-node,0xA948DDA6
0x5B873D24,1,0,0,mesh-node,industrial_bld_warehouse03
0x5B9B6C1E,1,0,1,destruction-piece,0xFD0229C3
0x5BA613C4,1,0,0,mesh-node,civ_veh_car_phoenix_crappy
0x5BA73B36,1,0,0,mesh-node,city_bld_skyscraper03
0x5BC73FE1,1,0,0,mesh-node,al_veh_helicopter_mh53pavelow
0x5BD5AA3F,1,0,0,model-root,0x5BD5AA3F
0x5BD776C2,1,0,0,mesh-node,merida_bld_soccerstadium
0x5BEB0A48,1,0,0,model-root,0xBD425473
0x5BFAC47E,1,0,1,destruction-piece,outpost_bld_vzwarehouselarge
0x5BFC4DCF,1,0,1,destruction-piece,civ_veh_truck_transport
0x5C0F2347,1,0,0,mesh-node,0x307D6AE1
0x5C18597E,1,0,0,mesh-node,al_veh_boat_lcur
0x5C2DCDAC,1,0,1,destruction-piece,al_veh_helicopter_mh53pavelow
0x5C2FB99B,1,0,0,mesh-node,ch_veh_boat_destroyer
0x5C39A29B,1,0,1,destruction-piece,civ_veh_bus_escort
0x5C3D69C5,1,0,0,mesh-node,0xB0D4E642
0x5C5789F9,1,0,0,mesh-node,0x25B3F7BC
0x5C6A86CC,1,0,1,destruction-piece,industrial_bld_gasstationpump01
0x5C6D87F2,1,0,0,mesh-node,ch_veh_plane_q5
0x5C75123F,1,0,1,destruction-piece,0xE05A09A2
0x5C783A89,1,0,0,mesh-node,0x27C46DD1
0x5C7D614C,1,0,1,destruction-piece,civ_veh_bus_escort
0x5C9E4676,1,0,1,destruction-piece,cumana_bld_fortress01
0x5CADC08F,1,0,0,mesh-node,pmc_veh_boat_cigarette
0x5CB95037,1,0,1,destruction-piece,chinaoutpost_bld_prison
0x5CDACFE1,1,0,1,destruction-piece,groutpost_bld_trailerhut01
0x5CE8EC85,1,0,1,destruction-piece,civ_veh_boat_cargoship
0x5CF5D8A7,1,0,1,destruction-piece,island_bld_fortress01
0x5D07AE1A,1,0,0,mesh-node,oc_veh_boat_oiltanker
0x5D090049,1,0,1,destruction-piece,cumana_bld_fortress01
0x5D2AC2CD,1,0,0,mesh-node,global_env_scrub03
0x5D5CECAD,1,0,1,destruction-piece,0x493FD997
0x5D650A12,1,0,1,destruction-piece,0x4AB6F9B6
0x5D781C09,1,0,1,destruction-piece,maracaibo_bld_skyscraper02
0x5D84BF52,1,0,1,destruction-piece,caracas_bld_capitol
0x5D912072,1,0,0,mesh-node,industrial_bld_warehouse02
0x5DACD9A7,1,0,0,mesh-node,ch_veh_boat_huangfeng
0x5DBB310B,1,0,0,model-root,0x5DBB310B
0x5DBDC376,1,0,0,mesh-node,al_veh_boat_destroyer
0x5DC0115B,1,0,0,model-root,vz_veh_truck_m35_guntruck_50cal
0x5DD0E771,1,0,0,model-root,0x9DD1FAC0
0x5DD24682,1,0,0,mesh-node,0x7604B190
0x5DDD482E,1,0,1,destruction-piece,outpost_bld_vzwarehouselarge
0x5DE929E8,1,0,1,destruction-piece,cumana_bld_fortress01
0x5DECF0AE,1,0,0,mesh-node,merida_bld_hotel
0x5DF290AF,1,0,1,destruction-piece,0x09139BCD
0x5DF53D7C,1,0,1,destruction-piece,proutpost_bld_bunker
0x5E089268,1,0,0,mesh-node,city_bld_skyscraper03
0x5E188A8D,1,0,0,model-root,global_containertransplant
0x5E30BA81,1,0,0,mesh-node,city_bld_skyscraper03
0x5E34F606,1,0,1,destruction-piece,al_veh_boat_destroyer
0x5E3F7A83,1,0,0,model-root,0x5E3F7A83
0x5E489F05,1,0,0,mesh-node,jungle_env_plantsmall02
0x5E54C764,1,0,0,mesh-node,al_veh_plane_ac130_spooky
0x5E6DF8C2,1,0,1,destruction-piece,outpost_bld_municipal_fence
0x5E7755E5,1,0,1,destruction-piece,industrial_bld_gasstationpump01
0x5E92A40B,1,0,0,mesh-node,al_veh_plane_ac130_spooky
0x5E9C519A,1,0,1,destruction-piece,oilrig_bld_buildinga
0x5EABF76D,1,0,0,mesh-node,industrial_bld_warehouse05
0x5EB7ABA5,1,0,1,destruction-piece,global_pile04
0x5EC1A39B,1,0,1,destruction-piece,civ_veh_car_pony_crappy
0x5ECBEE4D,1,0,1,destruction-piece,civ_veh_car_taxi_tercel
0x5ECC0507,1,0,0,model-root,0x3F2F85E2
0x5ECD18B5,1,0,0,model-root,0x5ECD18B5
0x5EDF2DEE,1,0,1,destruction-piece,0x4761451B
0x5EED0FFA,1,0,0,model-root,global_weapon_microuzi
0x5F0E82F3,1,0,0,model-root,0x723F2111
0x5F1DB2A5,1,0,0,mesh-node,civ_veh_boat_fishing
0x5F249AB5,1,0,1,destruction-piece,cumana_bld_fortress01
0x5F25621E,1,0,0,mesh-node,pmcoutpost_planter01
0x5F2AF8BC,1,0,0,mesh-node,al_veh_boat_destroyer
0x5F4AC808,1,0,1,destruction-piece,oc_veh_boat_oiltanker
0x5F743FEC,1,0,0,model-root,0x5F743FEC
0x5F7E22EE,1,0,1,destruction-piece,aloutpost_bld_supplydepot
0x5F811126,1,0,1,destruction-piece,0x0D0B8CF5
0x5F8742BE,1,0,1,destruction-piece,civ_veh_bus_escort
0x5FB5D363,1,0,0,mesh-node,maracaibo_park
0x5FB629D0,1,0,0,mesh-node,ch_veh_tank_pgz95
0x5FB632B2,1,0,0,mesh-node,pmc_veh_car_panhard
0x5FBF8333,1,0,1,destruction-piece,0xF245AC63
0x5FDCE2EB,1,0,0,mesh-node,pmc_veh_car_dragster
0x5FE81D3F,1,0,1,destruction-piece,jungle_bld_ruinshotelback
0x5FFBA4F7,1,0,1,destruction-piece,jungle_bld_ruinshotelback
0x600E3F24,1,0,0,mesh-node,civ_veh_bus_escort
0x6011EA39,1,0,0,mesh-node,island_bld_fortress01
0x602B1474,1,0,0,mesh-node,city_bld_standalone05
0x60443323,1,0,0,mesh-node,al_veh_airstrike_f117
0x604A6C85,1,0,0,mesh-node,al_veh_tank_m1a2
0x605848D6,1,0,1,destruction-piece,chinaoutpost_bld_commbunker01
0x608041FA,1,0,0,model-root,0x608041FA
0x60815046,1,0,0,mesh-node,0x307D6AE1
0x6088BAC6,1,0,0,mesh-node,maracaibo_park
0x60903BE4,1,0,1,destruction-piece,0xF4AF3C5B
0x60B23250,1,0,0,mesh-node,maracaibo_park
0x60B61491,1,0,0,mesh-node,merida_bld_pmcautoshop
0x60CB0FA9,1,0,1,destruction-piece,merida_bld_pmcautoshop
0x60D0F2A6,1,0,0,mesh-node,white_bld_segment16x16a
0x60FF79A3,1,0,1,destruction-piece,civ_veh_truck_ambulance
0x6100C322,1,0,0,mesh-node,pmc_hum_mattias
0x6109BB52,1,0,1,destruction-piece,commercial_bld_firestation
0x611DEF9B,1,0,0,mesh-node,maracaibo_bld_skyscraper01
0x613DE73B,1,0,0,mesh-node,city_bld_standalone01
0x61426469,1,0,0,mesh-node,city_bld_standalone01
0x614F65DF,1,0,1,destruction-piece,ch_veh_boat_destroyer
0x61656891,1,0,0,mesh-node,estate_bld_mansion02
0x6172E071,1,0,0,mesh-node,city_bld_corner32x32d
0x61733F70,1,0,1,destruction-piece,village_bld_cattleranch
0x6173495D,1,0,1,destruction-piece,civ_veh_bus_escort
0x618A23C5,1,0,1,destruction-piece,outpost_bld_govtbld
0x618AD938,1,0,1,destruction-piece,outpost_bld_vzwarehouselarge
0x6191226A,1,0,0,mesh-node,mountain_bld_bunkerdestroyed
0x619A3655,1,0,0,model-root,global_weapon_mp5sd
0x61A48C2E,1,0,1,destruction-piece,maracaibo_bld_stagerepublica
0x61A96103,1,0,0,mesh-node,ch_veh_tank_pgz95
0x61C12EBD,1,0,0,mesh-node,0x7604B190
0x61C35F7B,1,0,1,destruction-piece,0xA948DDA6
0x61D49509,1,0,0,mesh-node,oc_veh_helicopter_md500
0x61DF0C78,1,0,0,mesh-node,vz_veh_apc_m113_command
0x61E7820A,1,0,0,mesh-node,ch_veh_helicopter_ka29b
0x61F449E8,1,0,0,mesh-node,merida_bld_pmcautoshop
0x621B0E3D,1,0,0,mesh-node,civ_veh_bus_escort
0x621C0C52,1,0,0,mesh-node,vz_veh_apc_m113_command
0x6221CBBC,1,0,0,mesh-node,vz_veh_boat_patrol
0x62335897,1,0,0,model-root,global_weapon_beaconlight
0x6233629A,1,0,0,mesh-node,island_bld_fortress01
0x6239F2C2,1,0,0,mesh-node,outskirt_bld_market04
0x62487AD8,1,0,0,model-root,0x62487AD8
0x625049D8,1,0,1,destruction-piece,island_bld_tower01
0x625ACE5A,1,0,1,destruction-piece,residential_bld_corner16x16e
0x62676912,1,0,0,mesh-node,maracaibo_bld_skyscraper01
0x62679426,1,0,1,destruction-piece,shanty_bld_house02
0x626B3427,1,0,0,mesh-node,civ_veh_boat_cargoship
0x62A56983,1,0,0,mesh-node,maracaibo_park
0x62B61500,1,0,1,destruction-piece,shanty_bld_housegroup03
0x62BBC9B3,1,0,0,mesh-node,maracaibo_bld_skyscraper02
0x62C1FF26,1,0,0,mesh-node,ch_veh_helicopter_ka29b
0x62C6E0B0,1,0,0,mesh-node,pmc_veh_truck_ext
0x62DC63AB,1,0,0,mesh-node,civ_veh_plane_727jet
0x62E0B4AB,1,0,0,mesh-node,city_bld_skyscraper03
0x62EA59D3,1,0,1,destruction-piece,oilrig_bld_buildingd
0x62FFA04E,1,0,0,mesh-node,0x25B3F7BC
0x6301BC64,1,0,1,destruction-piece,pr_veh_helicopter_alouetteiii
0x6315BA1B,1,0,0,mesh-node,al_veh_boat_destroyer
0x631C0CEE,1,0,0,mesh-node,al_veh_boat_destroyer
0x632503BB,1,0,1,destruction-piece,pmcoutpost_bld_hqgarage
0x634F1F65,1,0,0,model-root,0x634F1F65
0x63637BA0,1,0,0,mesh-node,oilrig_bld_buildingc
0x63653F5C,1,0,0,mesh-node,commercial_bld_segment8x16e
0x63694849,1,0,1,destruction-piece,chinaoutpost_bld_storage
0x63726B5B,1,0,0,mesh-node,civ_veh_truck_transport
0x6375E7A0,1,0,1,destruction-piece,oilrig_bld_buildingb
0x637CC87F,1,0,0,mesh-node,merida_bld_soccerstadium
0x63898A8F,1,0,0,mesh-node,maracaibo_park
0x638AFBD5,1,0,1,destruction-piece,shanty_bld_housegroup05
0x63C9B704,1,0,1,destruction-piece,oc_veh_boat_oiltanker
0x63CE3432,1,0,1,destruction-piece,oc_veh_boat_oiltanker
0x63DA9DA6,1,0,0,mesh-node,civ_veh_truck_bank
0x63F655D7,1,0,1,destruction-piece,maracaibo_bld_skyscraper02
0x63F7F936,1,0,0,model-root,global_weapon_mac11
0x63FF7C12,1,0,0,mesh-node,aloutpost_bld_storage
0x640ECDFB,1,0,0,mesh-node,0x7604B190
0x64134B29,1,0,0,mesh-node,0x7604B190
0x6413BFB3,1,0,0,mesh-node,civ_veh_plane_727jet
0x641CE36F,1,0,1,destruction-piece,0x4D4F42B5
0x641CEC16,1,0,1,destruction-piece,island_bld_fortress01
0x64265F5A,1,0,1,destruction-piece,commercial_bld_firestation
0x642E855C,1,0,0,mesh-node,city_bld_skyscraper03
0x6441856F,1,0,0,mesh-node,0x1FBFBB4B
0x6442569D,1,0,0,mesh-node,civ_veh_plane_727jet
0x64462DDD,1,0,0,mesh-node,civ_veh_plane_727jet
0x644BDE54,1,0,0,mesh-node,civ_veh_boat_cigarette
0x6458A6A5,1,0,1,destruction-piece,margarita_bld_condo01
0x64595380,1,0,0,mesh-node,civ_veh_plane_727jet
0x645D18F1,1,0,1,destruction-piece,island_bld_tower01
0x646165BB,1,0,1,destruction-piece,jungle_bld_ruinshotelfront
0x6468F103,1,0,1,destruction-piece,0xCB4C6EAB
0x64789A1F,1,0,0,mesh-node,civ_veh_semi_austin
0x6479A51A,1,0,1,destruction-piece,island_bld_fortress01
0x64A2D03C,1,0,1,destruction-piece,cumana_bld_fortress01
0x64ACE20C,1,0,0,mesh-node,oc_veh_helicopter_md500
0x64B0243E,1,0,0,model-root,0x64B0243E
0x64B05D62,1,0,1,destruction-piece,0xCB4C6EAB
0x64B689B4,1,0,0,mesh-node,industrial_bld_gasstationpump01
0x64CBD1EF,1,0,1,destruction-piece,groutpost_bld_trailerhut01
0x64DD9286,1,0,0,mesh-node,civ_veh_plane_727jet
0x64F6AF17,1,0,1,destruction-piece,al_veh_boat_destroyer
0x64FFD551,1,0,0,mesh-node,industrial_bld_warehouse02
0x65060FCB,1,0,0,mesh-node,pmc_veh_truck_ext
0x6508EB34,1,0,1,destruction-piece,0xF4AF3C5B
0x650D6862,1,0,1,destruction-piece,0xF4AF3C5B
0x651127AF,1,0,0,mesh-node,0x1FBFBB4B
0x652D91CD,1,0,1,destruction-piece,island_bld_fortress01
0x654228DD,1,0,1,destruction-piece,groutpost_bld_shacktall01
0x654385B4,1,0,0,model-root,0x654385B4
0x6548B1C8,1,0,1,destruction-piece,outpost_bld_warehouse01
0x654F58A5,1,0,0,mesh-node,civ_veh_boat_barco
0x655A0908,1,0,1,destruction-piece,civ_veh_car_van_crappy
0x655E62DA,1,0,1,destruction-piece,0x25E39BE9
0x6561C8FB,1,0,0,mesh-node,global_veh_scorpiondpv
0x65664629,1,0,0,mesh-node,global_veh_scorpiondpv
0x65667F71,1,0,0,mesh-node,caracas_bld_parquecentral03
0x65735063,1,0,0,mesh-node,maracaibo_park
0x657886AA,1,0,0,mesh-node,shanty_fencecorner01
0x657CA5CF,1,0,1,destruction-piece,maracaibo_bld_skyscraper02
0x659640D1,1,0,0,mesh-node,vz_veh_tank_scorpion90
0x659DF0CA,1,0,0,mesh-node,0xBEC05BF8
0x65A910E2,1,0,0,mesh-node,maracaibo_park
0x65B09AE7,1,0,0,mesh-node,0xB0D4E642
0x65B85695,1,0,1,destruction-piece,oilrig_bld_buildinga
0x65C24D3C,1,0,0,mesh-node,al_veh_boat_destroyer
0x65CD9326,1,0,1,destruction-piece,shanty_bld_house02
0x65D463A5,1,0,0,mesh-node,city_bld_standalone01
0x65FC6327,1,0,0,model-root,0xC33114C4
0x66066628,1,0,1,destruction-piece,jungle_env_largecanopy01
0x661A6177,1,0,0,mesh-node,civ_veh_motorcycle_chopper
0x661A63EC,1,0,0,mesh-node,al_veh_boat_markv
0x6630824C,1,0,1,destruction-piece,outpost_bld_vzwarehouselarge
0x664637C6,1,0,0,mesh-node,maracaibo_park
0x6652E48F,1,0,1,destruction-piece,island_bld_fortress01
0x666CFC52,1,0,0,mesh-node,pmc_veh_boat_cigarette
0x66A4E5FB,1,0,1,destruction-piece,0x25E39BE9
0x66B3DF6C,1,0,0,mesh-node,merida_bld_pmcautoshop
0x66B89C98,1,0,0,model-root,0x66B89C98
0x66BA7D0C,1,0,0,mesh-node,civ_veh_boat_cargoship
0x66D93DFF,1,0,0,mesh-node,ch_veh_boat_huangfeng
0x66DB8855,1,0,0,mesh-node,pr_veh_helicopter_alouetteiii
0x66E02215,1,0,1,destruction-piece,0x759BDE16
0x671BC703,1,0,0,mesh-node,al_veh_boat_destroyer
0x673A190D,1,0,1,destruction-piece,island_bld_fortress01
0x673DA731,1,0,1,destruction-piece,outpost_bld_warehouse01
0x674709F1,1,0,0,mesh-node,civ_veh_plane_cessna
0x6747FD80,1,0,0,mesh-node,vz_veh_towed_zu23aa
0x67599263,1,0,1,destruction-piece,outpost_bld_warehouse01
0x67716194,1,0,1,destruction-piece,aloutpost_bld_supplydepot
0x67734C1F,1,0,0,mesh-node,aloutpost_bld_supplydepot
0x67AE0ED9,1,0,0,mesh-node,commercial_bld_corner16x16a
0x67B7E928,1,0,0,model-root,global_weapon_dshk
0x67E4F5A1,1,0,0,mesh-node,civ_veh_car_w12_sprint
0x67EBD596,1,0,0,mesh-node,pr_veh_boat_cutter
0x681013F6,1,0,0,mesh-node,outskirt_bld_mercbar
0x68119FD8,1,0,0,model-root,vz_deliverycrate
0x682A5238,1,0,0,mesh-node,civ_veh_bus_escort
0x682DCBCD,1,0,0,mesh-node,ch_veh_tank_ztz98
0x6834F1CB,1,0,0,mesh-node,maracaibo_park
0x6837169E,1,0,0,mesh-node,shanty_bld_housegroup05
0x683E08BB,1,0,0,mesh-node,oc_veh_helicopter_md500
0x685A7CB5,1,0,0,mesh-node,al_veh_truck_hmmwv_armored
0x685CFFF9,1,0,1,destruction-piece,commercial_bld_firestation
0x686236F5,1,0,1,destruction-piece,civ_veh_motorcycle_chopper
0x686747BB,1,0,0,mesh-node,0x8F25996F
0x686BC4E9,1,0,0,mesh-node,0x8F25996F
0x6871E4C5,1,0,0,model-root,0x6871E4C5
0x687506F6,1,0,0,mesh-node,al_veh_helicopter_mh53pavelow
0x688D448C,1,0,0,mesh-node,maracaibo_park
0x6896333F,1,0,0,mesh-node,pmc_veh_plane_mig27
0x68A163E5,1,0,0,mesh-node,0x6B432F1C
0x68B30870,1,0,1,destruction-piece,al_veh_boat_destroyer
0x68DEADE9,1,0,1,destruction-piece,outpost_bld_vzwarehouselarge
0x6900EFF6,1,0,0,model-root,dlc_global_pickup_money25k
0x691895D5,1,0,1,destruction-piece,proutpost_bld_surveillance
0x693AD37C,1,0,1,destruction-piece,pmcoutpost_bld_hq
0x694B7CFE,1,0,1,destruction-piece,jungle_bld_ruinshotelback
0x69526477,1,0,1,destruction-piece,island_bld_fortress01
0x696ECEDA,1,0,1,destruction-piece,village_bld_cattleranch
0x697313AD,1,0,1,destruction-piece,island_bld_fortress01
0x69776A37,1,0,0,mesh-node,city_bld_corner32x32d
0x697DF696,1,0,1,destruction-piece,pmcoutpost_bld_hq
0x698A2AAE,1,0,1,destruction-piece,village_bld_cattleranch
0x699168E1,1,0,0,mesh-node,0xB0D4E642
0x6995DC01,1,0,0,mesh-node,oilrig_simple
0x69ACBCF0,1,0,1,destruction-piece,village_bld_cattleranch
0x69B95FF0,1,0,0,mesh-node,oilrig_bld_buildingb
0x69C2800D,1,0,1,destruction-piece,industrial_bld_warehouse01
0x69D6F159,1,0,1,destruction-piece,civ_veh_truck_thunder
0x69E4B707,1,0,0,model-root,al_deliverycrate
0x69F39EAB,1,0,1,destruction-piece,shanty_bld_housegroup05
0x69F423A7,1,0,1,destruction-piece,chinaoutpost_bld_prison
0x6A023E33,1,0,0,mesh-node,pmc_veh_motorcycle_tankbike
0x6A099AA1,1,0,0,mesh-node,0x3B2BC17E
0x6A0E8E48,1,0,0,mesh-node,al_veh_truck_hmmwv_armored
0x6A14E9F0,1,0,1,destruction-piece,merida_bld_pmcautoshop
0x6A16F3CC,1,0,0,model-root,0x6A16F3CC
0x6A1D896B,1,0,0,mesh-node,civ_veh_bus_escort
0x6A230954,1,0,1,destruction-piece,margarita_bld_condo01
0x6A299ED0,1,0,0,model-root,vzoutpost_bld_barrackbunkerabandoned
0x6A29A1D1,1,0,1,destruction-piece,0xB0A0930E
0x6A32D358,1,0,0,mesh-node,outskirt_bld_mercbar
0x6A32E23A,1,0,0,mesh-node,0xA948DDA6
0x6A390ECA,1,0,0,mesh-node,industrial_bld_silowide
0x6A42F0CB,1,0,0,mesh-node,vz_veh_tank_scorpion90
0x6A476DF9,1,0,0,mesh-node,vz_veh_tank_scorpion90
0x6A5CE821,1,0,1,destruction-piece,0x1A9D89DF
0x6A7779CA,1,0,0,mesh-node,pmc_veh_car_rocket_buggy
0x6A8D4461,1,0,1,destruction-piece,0xFD0229C3
0x6A96B5CB,1,0,0,mesh-node,0x19E2962E
0x6A9A13A5,1,0,0,mesh-node,maracaibo_park
0x6AA0F8ED,1,0,0,mesh-node,maracaibo_park
0x6AA83800,1,0,1,destruction-piece,0x2703554F
0x6AADB42D,1,0,0,mesh-node,0x307D6AE1
0x6AB1A46A,1,0,1,destruction-piece,shanty_bld_housegroup03
0x6AC6A7D3,1,0,1,destruction-piece,civ_veh_bus_escort
0x6AE27772,1,0,1,destruction-piece,village_bld_plantationsmall02
0x6B01B5B8,1,0,0,mesh-node,civ_veh_boat_cigarette
0x6B074CD5,1,0,1,destruction-piece,industrial_bld_gasstationpump01
0x6B12218F,1,0,0,model-root,0x6B12218F
0x6B2CA7D8,1,0,0,mesh-node,0xB0D4E642
0x6B35BE08,1,0,0,mesh-node,pmc_veh_motorcycle_tankbike
0x6B432F1C,1,0,0,model-root,0x6B432F1C
0x6B47A295,1,0,1,destruction-piece,pmcoutpost_bld_hqgarage
0x6B4A9809,1,0,0,mesh-node,city_bld_skyscraper03
0x6B51EAC2,1,0,1,destruction-piece,pmcoutpost_bld_hqgarage
0x6B5E1D91,1,0,1,destruction-piece,0x45C7E99D
0x6B69354C,1,0,0,mesh-node,0x7604B190
0x6B73E082,1,0,1,destruction-piece,aloutpost_bld_supplydepot
0x6B7C4B73,1,0,0,mesh-node,global_veh_rib36
0x6B7CE118,1,0,0,model-root,0x6B7CE118
0x6B8FB1FA,1,0,0,mesh-node,caracas_bld_skytrammain
0x6B940BAC,1,0,0,mesh-node,vz_veh_tank_scorpion90
0x6B9475DA,1,0,0,mesh-node,civ_veh_car_l300_normal
0x6BABB7A9,1,0,1,destruction-piece,city_bld_apartment02
0x6BB5E50D,1,0,1,destruction-piece,city_bld_apartment01
0x6BB801F2,1,0,0,mesh-node,oc_veh_boat_oiltanker
0x6BB8E968,1,0,1,destruction-piece,civ_veh_boat_cargoship
0x6BD56133,1,0,0,mesh-node,island_bld_fortress01
0x6BD7B37D,1,0,1,destruction-piece,0xFD0229C3
0x6BF4163A,1,0,0,mesh-node,ch_veh_helicopter_ka29b
0x6C14D3D1,1,0,0,mesh-node,merida_bld_hotel
0x6C15BC37,1,0,0,mesh-node,civ_veh_car_phoenix_crappy
0x6C4AF8FE,1,0,0,mesh-node,pmc_veh_plane_mig27
0x6C4C0762,1,0,0,mesh-node,civ_veh_plane_727jet
0x6C4D9AE8,1,0,0,mesh-node,chinaoutpost_bld_prison
0x6C4E1AFF,1,0,1,destruction-piece,island_bld_tower01
0x6C76AEA5,1,0,1,destruction-piece,shanty_bld_house02
0x6C78ED05,1,0,1,destruction-piece,shanty_bld_house02
0x6CB340B1,1,0,0,mesh-node,global_towerelectrical01
0x6CE0283E,1,0,0,mesh-node,merida_bld_soccerstadium
0x6CEA1B20,1,0,0,mesh-node,pmcoutpost_planter01
0x6D0A9662,1,0,0,mesh-node,global_env_palmtree01
0x6D106F8E,1,0,0,mesh-node,al_veh_airstrike_b2
0x6D2C2597,1,0,0,mesh-node,maracaibo_bld_skyscraper01
0x6D3976F1,1,0,0,mesh-node,0xB0D4E642
0x6D422E02,1,0,0,mesh-node,civ_veh_truck_ambulance
0x6D47266E,1,0,1,destruction-piece,0xB0D4E642
0x6D562220,1,0,1,destruction-piece,industrial_bld_silowide
0x6D598373,1,0,0,mesh-node,civ_veh_plane_727jet
0x6D65B90C,1,0,1,destruction-piece,maracaibo_bld_skyscraper02
0x6D67CF4F,1,0,0,mesh-node,aloutpost_bld_storage
0x6D6B9DE2,1,0,0,mesh-node,global_veh_scorpiondpv
0x6D7B08F8,1,0,0,mesh-node,vz_veh_boat_type14311
0x6D8742DF,1,0,0,mesh-node,vz_veh_tank_scorpion90
0x6D89B031,1,0,0,model-root,0x6D89B031
0x6D93FB27,1,0,1,destruction-piece,island_bld_fortress01
0x6DAE0719,1,0,0,mesh-node,global_veh_stingray
0x6DB6CF96,1,0,0,model-root,0x6DB6CF96
0x6DBBF2A8,1,0,1,destruction-piece,village_bld_gasstation
0x6DBC9F8A,1,0,1,destruction-piece,merida_bld_pmcautoshop
0x6DCE6593,1,0,0,mesh-node,civ_veh_motorcycle_chopper
0x6DE3F3CA,1,0,1,destruction-piece,cumana_bld_fortress01
0x6DF3F9BC,1,0,0,mesh-node,mountain_bld_bunkerdestroyed
0x6DF7E1AE,1,0,0,mesh-node,ch_veh_plane_transport
0x6E03078C,1,0,1,destruction-piece,industrial_bld_silowide
0x6E0A12E8,1,0,0,mesh-node,civ_veh_truck_garbage
0x6E0BA76B,1,0,1,destruction-piece,chinaoutpost_bld_prison_fence
0x6E1166A8,1,0,1,destruction-piece,merida_bld_universityadmin
0x6E21E76A,1,0,0,mesh-node,civ_veh_plane_727jet
0x6E249CBC,1,0,0,mesh-node,pmc_veh_car_panhard
0x6E35AFF2,1,0,1,destruction-piece,oilrig_bld_buildingd
0x6E4AC18C,1,0,0,mesh-node,maracaibo_park
0x6E4B99A0,1,0,1,destruction-piece,ch_veh_boat_destroyer
0x6E53B414,1,0,0,mesh-node,village_bld_gasstation
0x6E55301F,1,0,1,destruction-piece,chinaoutpost_bld_prison
0x6E566F10,1,0,0,mesh-node,vz_veh_boat_type14311
0x6E65E0C0,1,0,1,destruction-piece,caracas_bld_skytrammain
0x6E8D57E8,1,0,1,destruction-piece,0xFD0229C3
0x6E9DF188,1,0,0,mesh-node,ch_veh_boat_destroyer
0x6EA888DF,1,0,1,destruction-piece,cumana_bld_fortress01
0x6EAC7CE5,1,0,1,destruction-piece,pmcoutpost_planter01
0x6EB9FA35,1,0,1,destruction-piece,caracas_bld_skytrammain
0x6EBCB0C9,1,0,1,destruction-piece,civ_veh_bus_escort
0x6EC17D1D,1,0,0,model-root,0x6EC17D1D
0x6EC66E14,1,0,1,destruction-piece,oc_veh_boat_oiltanker
0x6ED01573,1,0,1,destruction-piece,0x2703554F
0x6ED42AD1,1,0,1,destruction-piece,maracaibo_bld_skyscraper02
0x6EE36492,1,0,0,mesh-node,civ_veh_boat_cargoship
0x6EFD6899,1,0,1,destruction-piece,maracaibo_bld_skyscraper02
0x6F015CCA,1,0,1,destruction-piece,island_bld_fortress01
0x6F09F782,1,0,0,mesh-node,shanty_polepower
0x6F10E933,1,0,0,mesh-node,maracaibo_park
0x6F1FEC2C,1,0,0,mesh-node,al_veh_helicopter_mh53pavelow
0x6F211112,1,0,0,mesh-node,global_env_hedgelong
0x6F250AD0,1,0,0,mesh-node,civ_veh_plane_cessna
0x6F335954,1,0,0,mesh-node,pmcoutpost_planter01
0x6F4D8EFA,1,0,0,mesh-node,maracaibo_park
0x6F57DA2F,1,0,1,destruction-piece,civ_veh_car_van_crappy
0x6F5F57D5,1,0,0,mesh-node,global_veh_scorpiondpv
0x6F7F463F,1,0,0,mesh-node,ch_veh_boat_huangfeng
0x6F88052D,1,0,0,mesh-node,aloutpost_bld_largetentextensiona
0x6F9D8855,1,0,1,destruction-piece,ocoutpost_bld_warehouse01
0x6FA35B6D,1,0,1,destruction-piece,caracas_bld_parquecentral03
0x6FA57329,1,0,1,destruction-piece,outskirt_bld_mercbar
0x6FCF5192,1,0,0,mesh-node,civ_veh_plane_cessna
0x6FDEE89A,1,0,1,destruction-piece,caracas_skytramcolumn
0x6FE1A6F7,1,0,0,model-root,0x6FE1A6F7
0x70049DDB,1,0,1,destruction-piece,merida_bld_universityadmin
0x70056B8C,1,0,0,mesh-node,civ_veh_plane_cessna
0x70149DBC,1,0,0,mesh-node,outskirt_bld_mercbar
0x70203EE3,1,0,0,mesh-node,global_veh_scorpiondpv
0x702051D8,1,0,0,model-root,0x702051D8
0x702A3501,1,0,0,mesh-node,jungle_env_treetall03
0x702B25AB,1,0,0,mesh-node,global_weapon_parachute
0x7049DEDC,1,0,1,destruction-piece,chinaoutpost_bld_storage
0x704CEAF0,1,0,0,mesh-node,aloutpost_bld_supplydepot
0x70518EE7,1,0,1,destruction-piece,0x45CC35FE
0x705790A5,1,0,0,mesh-node,maracaibo_park
0x705A27E7,1,0,1,destruction-piece,shanty_bld_housegroup01
0x705D0EA6,1,0,1,destruction-piece,0x60A4EEF3
0x706CEAF1,1,0,1,destruction-piece,cumana_bld_fortress01
0x707ABB0C,1,0,0,mesh-node,pmc_veh_motorcycle_tankbike
0x707F409E,1,0,0,mesh-node,civ_veh_plane_727jet
0x708F0093,1,0,0,mesh-node,shanty_bld_housegroup01
0x70A6206F,1,0,0,mesh-node,industrial_bld_gasstationpump01
0x70B66DBF,1,0,0,model-root,0x70B66DBF
0x70CAA616,1,0,1,destruction-piece,cumana_bld_fortress01
0x70CED519,1,0,1,destruction-piece,proutpost_bld_surveillance
0x70D1CF59,1,0,0,mesh-node,0xB0D4E642
0x70D6FBD9,1,0,0,model-root,0x70D6FBD9
0x70E21937,1,0,1,destruction-piece,civ_veh_boat_cargoship
0x70E88984,1,0,0,mesh-node,oilrig_bld_buildingb
0x70FCDAC7,1,0,0,mesh-node,civ_veh_plane_727jet
0x71033551,1,0,0,mesh-node,city_bld_standalone01
0x713A4511,1,0,0,model-root,0x713A4511
0x713CB7E9,1,0,0,mesh-node,pmc_veh_truck_ext
0x7153B93C,1,0,0,mesh-node,pr_veh_semi_mark
0x715BE86C,1,0,1,destruction-piece,0x45C7E99D
0x717A7AAE,1,0,0,mesh-node,0xA948DDA6
0x71842BC7,1,0,1,destruction-piece,island_bld_fortress01
0x7195F2A7,1,0,0,mesh-node,0xB0D4E642
0x71A4B712,1,0,1,destruction-piece,residential_bld_corner16x16e
0x71BD9F96,1,0,1,destruction-piece,industrial_bld_warehouselarge01
0x7200E286,1,0,0,mesh-node,civ_veh_boat_cargoship
0x72027240,1,0,1,destruction-piece,civ_veh_bus_escort
0x72027C0C,1,0,1,destruction-piece,al_veh_truck_hmmwv_avenger
0x7206D142,1,0,1,destruction-piece,0xB0D4E642
0x7223A909,1,0,1,destruction-piece,aloutpost_bld_hanger
0x7224E6A6,1,0,0,mesh-node,civ_veh_motorcycle_sportbike
0x722BA7D1,1,0,1,destruction-piece,margarita_bld_condo01
0x722D2026,1,0,0,model-root,0x722D2026
0x72387AEE,1,0,1,destruction-piece,global_gateentrance
0x72397724,1,0,1,destruction-piece,0xCFAC6851
0x723A0397,1,0,0,mesh-node,global_env_hedgelong
0x723B4DD0,1,0,0,mesh-node,0xB0D4E642
0x723FC13A,1,0,0,mesh-node,city_bld_standalone01
0x72450502,1,0,0,mesh-node,cumana_bld_fortress01
0x725EEF8F,1,0,1,destruction-piece,cumana_bld_fortress01
0x72658FA5,1,0,0,mesh-node,vz_veh_tank_scorpion90
0x727276C3,1,0,0,mesh-node,oilrig_simple
0x727D89D5,1,0,0,mesh-node,oc_veh_truck_ext
0x727FD3A6,1,0,0,mesh-node,maracaibo_park
0x7280EF46,1,0,0,mesh-node,city_bld_standalone01
0x728A4087,1,0,1,destruction-piece,island_bld_fortress01
0x728EBDB5,1,0,1,destruction-piece,island_bld_fortress01
0x72A0BE76,1,0,0,model-root,0x72A0BE76
0x72A35013,1,0,0,mesh-node,global_env_hedgelong
0x72B80F22,1,0,1,destruction-piece,margarita_bld_condo01
0x72C075EE,1,0,1,destruction-piece,island_bld_fortress01
0x72ECEC88,1,0,0,mesh-node,al_veh_helicopter_mh53pavelow
0x7308D27A,1,0,1,destruction-piece,civ_veh_truck_garbage
0x73170449,1,0,0,mesh-node,maracaibo_park
0x732A8C01,1,0,0,mesh-node,maracaibo_park
0x732FA00D,1,0,0,mesh-node,0x25B3F7BC
0x7330EE92,1,0,0,mesh-node,ch_veh_tank_ztz63a
0x7349A815,1,0,0,mesh-node,global_veh_rib36
0x734B6DAA,1,0,0,mesh-node,city_bld_skyscraper02
0x7356CF09,1,0,0,mesh-node,oc_veh_helicopter_md500
0x7358A673,1,0,0,mesh-node,civ_veh_car_taxi_shuttle
0x735CD5DD,1,0,1,destruction-piece,jungle_bld_ruinshotelback
0x735ED51A,1,0,0,mesh-node,margarita_bld_condo01
0x73839C01,1,0,1,destruction-piece,civ_veh_bus_escort
0x738993DF,1,0,0,model-root,0x738993DF
0x73ADA152,1,0,1,destruction-piece,cumana_bld_fortress01
0x73AFB162,1,0,0,mesh-node,jungle_env_largecanopy01
0x73EE4336,1,0,1,destruction-piece,pmcoutpost_planter01
0x7401F7A2,1,0,1,destruction-piece,0x4AB6F9B6
0x74169EDF,1,0,1,destruction-piece,caracas_walllong
0x7420C25A,1,0,0,mesh-node,al_veh_helicopter_mh53pavelow
0x74223FA7,1,0,1,destruction-piece,chinaoutpost_bld_hangar01
0x742E8503,1,0,0,mesh-node,0xB0D4E642
0x74490808,1,0,1,destruction-piece,chinaoutpost_bld_storage
0x7462A634,1,0,0,mesh-node,global_veh_68valiant
0x74672362,1,0,0,mesh-node,global_veh_68valiant
0x746FA94B,1,0,0,mesh-node,city_bld_standalone01
0x74742679,1,0,0,mesh-node,city_bld_standalone01
0x7482AEBF,1,0,1,destruction-piece,pmcoutpost_bld_hqgarage
0x7484A1E6,1,0,0,mesh-node,outpost_bld_vzwarehouselarge
0x748FCCC1,1,0,1,destruction-piece,pmc_veh_car_panhard
0x74918DAA,1,0,0,model-root,0x74918DAA
0x749BD174,1,0,1,destruction-piece,al_veh_boat_destroyer
0x74A6EF89,1,0,1,destruction-piece,industrial_bld_silowide
0x74B7CA77,1,0,0,mesh-node,global_towerelectrical01
0x74C1DBD6,1,0,0,mesh-node,margarita_bld_condo01
0x74D79407,1,0,0,mesh-node,al_veh_boat_markv
0x74D92471,1,0,0,mesh-node,industrial_bld_refinery04
0x74EEA3D2,1,0,0,mesh-node,global_env_treeoak01
0x74F78442,1,0,0,mesh-node,maracaibo_park
0x74F899FC,1,0,1,destruction-piece,chinaoutpost_bld_storage
0x74FE49EA,1,0,0,mesh-node,merida_bld_soccerstadium
0x75147B4D,1,0,0,mesh-node,merida_bld_pmcautoshop
0x752821D9,1,0,0,mesh-node,chinaoutpost_bld_storage
0x752A78FF,1,0,0,mesh-node,0xB0D4E642
0x753B42C5,1,0,0,mesh-node,city_bld_standalone01
0x757AB23F,1,0,0,model-root,0x757AB23F
0x757EAE95,1,0,0,model-root,0x757EAE95
0x75896248,1,0,1,destruction-piece,caracas_bld_capitol
0x75AA3C38,1,0,0,mesh-node,pmc_veh_truck_monster_rtr
0x75B17ABE,1,0,1,destruction-piece,island_bld_tower01
0x75D91820,1,0,0,mesh-node,pmc_veh_truck_monster_rtr
0x75DB73EE,1,0,1,destruction-piece,jungle_bld_ruinshotelback
0x75F4AF31,1,0,1,destruction-piece,pmcoutpost_bld_hq
0x75F9B08F,1,0,1,destruction-piece,shanty_bld_apartment04
0x75FB37F3,1,0,0,mesh-node,maracaibo_park
0x7601FD0A,1,0,0,mesh-node,0x1FBFBB4B
0x7604B190,1,0,0,model-root,0x7604B190
0x761813A3,1,0,1,destruction-piece,margarita_bld_condo01
0x7627FFDC,1,0,0,mesh-node,jungle_env_treetall03
0x76485090,1,0,0,mesh-node,al_veh_tank_m1a2
0x7649E834,1,0,1,destruction-piece,0xF419FFEB
0x765F8F16,1,0,1,destruction-piece,margarita_bld_condo01
0x76687123,1,0,1,destruction-piece,industrial_bld_gasstationpump01
0x7675B592,1,0,0,mesh-node,global_veh_scorpiondpv
0x767DD43C,1,0,1,destruction-piece,oilrig_bld_buildingb
0x768FC405,1,0,0,mesh-node,city_bld_skyscraper02
0x769249B0,1,0,1,destruction-piece,ch_veh_boat_destroyer
0x76D3C601,1,0,0,mesh-node,civ_veh_plane_727jet
0x76DB980B,1,0,0,mesh-node,city_bld_apartment01
0x76DDFBE8,1,0,0,mesh-node,0x307D6AE1
0x76E7333C,1,0,1,destruction-piece,0xFD0229C3
0x76F1811D,1,0,0,mesh-node,merida_bld_soccerstadium
0x76F49EF0,1,0,1,destruction-piece,industrial_bld_silowide
0x7701002C,1,0,0,mesh-node,city_bld_standalone01
0x7701F25F,1,0,1,destruction-piece,maracaibo_bld_skyscraper02
0x77237D0E,1,0,0,mesh-node,civ_veh_semi_mark
0x7727B987,1,0,0,mesh-node,ch_veh_boat_huangfeng
0x77373FA7,1,0,0,mesh-node,global_veh_stingray
0x774D27DE,1,0,1,destruction-piece,oilrig_bld_buildinga
0x7765758E,1,0,1,destruction-piece,outpost_bld_govtbld
0x778807D0,1,0,1,destruction-piece,outpost_bld_govtbld
0x77884BFA,1,0,0,model-root,0x77884BFA
0x778F1D95,1,0,1,destruction-piece,commercial_bld_supermarket
0x77990049,1,0,0,mesh-node,global_veh_stingray
0x77BB3A7A,1,0,0,mesh-node,outpost_bld_vzwarehouselarge
0x77D06CF3,1,0,1,destruction-piece,pmcoutpost_planter01
0x77D554AA,1,0,0,mesh-node,pmc_hum_chris_v2
0x77EE1481,1,0,1,destruction-piece,caracas_bld_capitol
0x77F7E8C3,1,0,0,model-root,0x77F7E8C3
0x77FCA3A0,1,0,1,destruction-piece,oilrig_bld_buildingb
0x780391B6,1,0,0,mesh-node,global_env_treeplaza02
0x78063A3A,1,0,0,mesh-node,industrial_bld_silowide
0x7806F1A5,1,0,0,mesh-node,civ_veh_boat_barco
0x78159870,1,0,1,destruction-piece,cumana_bld_fortress01
0x7815F441,1,0,1,destruction-piece,industrial_bld_smokestack
0x7845CD11,1,0,0,mesh-node,0x1FBFBB4B
0x78487A5A,1,0,0,mesh-node,aloutpost_bld_supplydepot
0x785E6334,1,0,1,destruction-piece,village_bld_plantation03
0x7862E062,1,0,1,destruction-piece,village_bld_plantation03
0x7866F500,1,0,0,mesh-node,caracas_fountainparquecentral
0x788C3B6A,1,0,1,destruction-piece,0xEA7F9F3F
0x78CB3CB1,1,0,0,mesh-node,chinaoutpost_bld_prison
0x78D863C7,1,0,1,destruction-piece,maracaibo_bld_skyscraper02
0x78D95307,1,0,0,model-root,0x78D95307
0x78DCE0F5,1,0,1,destruction-piece,maracaibo_bld_skyscraper02
0x78DF4C4D,1,0,1,destruction-piece,cumana_bld_fortress01
0x78E3D31A,1,0,0,model-root,0x78E3D31A
0x78E4DCE6,1,0,0,mesh-node,al_veh_boat_lcur
0x78E763A4,1,0,1,destruction-piece,oilrig_bld_buildingb
0x790C65A2,1,0,1,destruction-piece,civ_veh_car_taxi_tercel
0x792856DC,1,0,0,mesh-node,maracaibo_park
0x794B2F7D,1,0,0,mesh-node,0x7604B190
0x796EE9D9,1,0,0,mesh-node,al_veh_airstrike_f117
0x7994FE24,1,0,0,mesh-node,civ_veh_trailer_box
0x79A519D6,1,0,0,model-root,global_pickup_ammo
0x79C16DBD,1,0,0,model-root,0x79C16DBD
0x79CC16AC,1,0,0,mesh-node,pr_veh_semi_mark
0x79D098CC,1,0,1,destruction-piece,shanty_bld_apartment02
0x79D1C777,1,0,1,destruction-piece,industrial_bld_smokestack
0x79D412B6,1,0,1,destruction-piece,caracas_bld_skytrammain
0x79DEAF4B,1,0,1,destruction-piece,merida_bld_pmcautoshop
0x79E57B8E,1,0,1,destruction-piece,merida_bld_pmcautoshop
0x79EAF42B,1,0,0,mesh-node,maracaibo_park
0x79EFDAD3,1,0,1,destruction-piece,oilrig_bld_buildingb
0x7A0BDB51,1,0,0,mesh-node,outpost_bld_vzwarehouselarge
0x7A10A6A9,1,0,0,mesh-node,civ_veh_bus_escort
0x7A177352,1,0,0,mesh-node,pmcoutpost_planter01
0x7A3027D8,1,0,0,mesh-node,jungle_env_treemedium03
0x7A49ABB8,1,0,1,destruction-piece,al_veh_boat_destroyer
0x7A62AE02,1,0,1,destruction-piece,0xB0D4E642
0x7A7F729D,1,0,1,destruction-piece,0xEA7F9F3F
0x7A92A369,1,0,1,destruction-piece,0xF4AF3C5B
0x7A94905F,1,0,0,model-root,0x7A94905F
0x7A9CCEB0,1,0,0,mesh-node,island_bld_fortress01
0x7A9DD3C7,1,0,1,destruction-piece,0xF245AC63
0x7A9E926A,1,0,0,model-root,0x7A9E926A
0x7A9F925C,1,0,0,mesh-node,city_bld_skyscraper03
0x7AA20D31,1,0,0,mesh-node,jungle_env_plantsmall03
0x7AA250F5,1,0,1,destruction-piece,0xF245AC63
0x7AC8FE19,1,0,1,destruction-piece,0xB0D4E642
0x7ACB426D,1,0,0,model-root,0x7ACB426D
0x7ADD893A,1,0,1,destruction-piece,pmcoutpost_bld_hq
0x7AE3E250,1,0,1,destruction-piece,chinaoutpost_bld_storage
0x7AE4B642,1,0,1,destruction-piece,shanty_bld_housegroup03
0x7AEC1F91,1,0,1,destruction-piece,0x2EF7E3C3
0x7AF5FB3A,1,0,0,mesh-node,pmc_veh_plane_mig27
0x7AFB91F8,1,0,1,destruction-piece,island_bld_fortress01
0x7B1AFEC8,1,0,0,mesh-node,ch_veh_helicopter_ka29b
0x7B256438,1,0,1,destruction-piece,outpost_bld_vzwarehouselarge
0x7B2E0B52,1,0,1,destruction-piece,outpost_bld_municipal_fence
0x7B400CE8,1,0,1,destruction-piece,groutpost_bld_shacktall01
0x7B44BDB5,1,0,0,mesh-node,0x378BB1B8
0x7B5B4438,1,0,1,destruction-piece,0xF419FFEB
0x7B612708,1,0,1,destruction-piece,maracaibo_bld_skyscraper02
0x7B8BD38D,1,0,0,mesh-node,0xA948DDA6
0x7B8BE02D,1,0,1,destruction-piece,proutpost_bld_surveillance
0x7B997EDE,1,0,1,destruction-piece,jungle_bld_ruinshotelfront
0x7BA1CD3D,1,0,0,mesh-node,civ_veh_trailer_box
0x7BA71838,1,0,1,destruction-piece,civ_veh_truck_transport
0x7BBA5459,1,0,1,destruction-piece,island_bld_fortress01
0x7BC636D8,1,0,1,destruction-piece,civ_veh_car_r90_taxi
0x7BCA7B47,1,0,1,destruction-piece,industrial_bld_warehouselarge01
0x7BDCFDFA,1,0,1,destruction-piece,island_bld_fortress01
0x7BE6EBE2,1,0,0,mesh-node,island_bld_fortress01
0x7C011B8B,1,0,0,mesh-node,0x95F4BA55
0x7C0FD753,1,0,0,mesh-node,jungle_env_treemedium03
0x7C123B65,1,0,0,mesh-node,civ_veh_boat_cargoship
0x7C195BF2,1,0,1,destruction-piece,outpost_bld_vzwarehouselarge
0x7C548259,1,0,1,destruction-piece,maracaibo_bld_skyscraper02
0x7C573174,1,0,1,destruction-piece,industrial_bld_gasstationpump01
0x7C7F44E0,1,0,0,model-root,0x7C7F44E0
0x7C8D3300,1,0,1,destruction-piece,maracaibo_bld_skyscraper02
0x7C912C85,1,0,0,mesh-node,maracaibo_park
0x7C9E5006,1,0,0,mesh-node,pmc_veh_car_camo_veyron
0x7CA21EC2,1,0,0,mesh-node,al_veh_boat_destroyer
0x7CA9B255,1,0,1,destruction-piece,pmcoutpost_bld_hqgarage
0x7CC2AB57,1,0,1,destruction-piece,shanty_bld_housegroup01
0x7CC709BC,1,0,0,mesh-node,civ_veh_car_l300_normal
0x7CCA7225,1,0,0,mesh-node,global_env_treeoak01
0x7CD4D922,1,0,0,mesh-node,ch_veh_tank_ztz63a
0x7CE0D104,1,0,1,destruction-piece,shanty_bld_house02
0x7D0C586E,1,0,1,destruction-piece,island_bld_fortress01
0x7D0F8697,1,0,0,mesh-node,pr_veh_helicopter_alouetteiii
0x7D106BC1,1,0,1,destruction-piece,island_bld_fortress01
0x7D1138B1,1,0,1,destruction-piece,outpost_bld_vzwarehouselarge
0x7D268137,1,0,1,destruction-piece,margarita_bld_condo01
0x7D2B5405,1,0,0,model-root,global_deliverycrate
0x7D33441B,1,0,1,destruction-piece,groutpost_bld_shacktall01
0x7D3D0D41,1,0,0,mesh-node,maracaibo_bld_skyscraper01
0x7D4E7B6B,1,0,1,destruction-piece,0xF419FFEB
0x7D6DED3C,1,0,0,mesh-node,pmc_veh_plane_mig27
0x7D73A504,1,0,0,mesh-node,al_veh_plane_c130
0x7D75FDA8,1,0,0,mesh-node,civ_veh_plane_727jet
0x7D7B88BC,1,0,1,destruction-piece,civ_veh_car_taxi_tercel
0x7D808EF2,1,0,0,model-root,0x7D808EF2
0x7D8CE97F,1,0,1,destruction-piece,0x09139BCD
0x7D916D0C,1,0,0,mesh-node,ch_veh_boat_destroyer
0x7D948ADD,1,0,0,mesh-node,gr_veh_tank_m551sheridan
0x7D9D0612,1,0,0,mesh-node,0x307D6AE1
0x7D9D627E,1,0,1,destruction-piece,0xF419FFEB
0x7DB7D8C2,1,0,1,destruction-piece,industrial_bld_warehouse01
0x7DC961C9,1,0,0,mesh-node,global_veh_stingray
0x7DCC1E89,1,0,1,destruction-piece,oc_veh_boat_oiltanker
0x7DF9959A,1,0,1,destruction-piece,jungle_bld_ruinshotelback
0x7E0D08CA,1,0,0,model-root,0x7E0D08CA
0x7E13BF1C,1,0,1,destruction-piece,industrial_bld_smokestack
0x7E1784E3,1,0,0,mesh-node,ch_veh_boat_huangfeng
0x7E4273F8,1,0,1,destruction-piece,0x2703554F
0x7E42B9D1,1,0,0,mesh-node,maracaibo_bld_skyscraper02
0x7E5A1BCC,1,0,1,destruction-piece,0x8BC154D7
0x7E668FA6,1,0,0,model-root,dlc_global_pickup_money50k
0x7E6C9BD3,1,0,0,mesh-node,global_veh_winch_magnet
0x7E79010B,1,0,1,destruction-piece,aloutpost_bld_supplydepot
0x7E8DD91A,1,0,1,destruction-piece,ch_veh_boat_destroyer
0x7EA3BD99,1,0,0,mesh-node,industrial_bld_warehouse03
0x7EA518C8,1,0,1,destruction-piece,ch_veh_helicopter_ka29b
0x7EA91FDD,1,0,0,mesh-node,al_veh_plane_ac130_spooky
0x7EAC92B3,1,0,0,model-root,0x7EAC92B3
0x7EB29605,1,0,1,destruction-piece,outskirt_bld_mercbar
0x7EB8F59E,1,0,1,destruction-piece,0xA948DDA6
0x7EBA3FC3,1,0,1,destruction-piece,oc_veh_helicopter_md500
0x7EBC5C52,1,0,0,mesh-node,maracaibo_park
0x7EC2E347,1,0,0,model-root,0x7EC2E347
0x7ECFE40A,1,0,0,mesh-node,maracaibo_park
0x7EDA94BE,1,0,1,destruction-piece,jungle_wallgate
0x7EDB87E0,1,0,1,destruction-piece,0xA948DDA6
0x7EFCC879,1,0,0,mesh-node,ch_veh_boat_destroyer
0x7F1C4504,1,0,0,mesh-node,0xB0D4E642
0x7F20C232,1,0,0,mesh-node,0xB0D4E642
0x7F3026D0,1,0,0,mesh-node,city_bld_skyscraper03
0x7F4532AA,1,0,1,destruction-piece,pmcoutpost_bld_hqgarage
0x7F4D5682,1,0,1,destruction-piece,ch_veh_boat_destroyer
0x7F5777FA,1,0,1,destruction-piece,cumana_bld_fortress01
0x7F64DAD1,1,0,0,mesh-node,ch_veh_truck_sx2150_mlrs
0x7F69FF54,1,0,1,destruction-piece,outpost_bld_govtbld
0x7F8050BE,1,0,0,mesh-node,0x1FBFBB4B
0x7F8B3A98,1,0,1,destruction-piece,pmcoutpost_planter01
0x7FA2D32C,1,0,1,destruction-piece,0x60A4EEF3
0x7FA2E300,1,0,0,mesh-node,0x1FBFBB4B
0x7FA4F9B7,1,0,1,destruction-piece,oilrig_bld_buildingb
0x7FA78A28,1,0,0,mesh-node,oc_veh_truck_mtv_guntruck
0x7FAF4D16,1,0,1,destruction-piece,0x4D4F42B5
0x7FB0A814,1,0,1,destruction-piece,oilrig_simple
0x7FC432C1,1,0,1,destruction-piece,0xF245AC63
0x7FD588FF,1,0,1,destruction-piece,cumana_bld_fortress01
0x7FDDAAFB,1,0,1,destruction-piece,industrial_bld_silowide
0x7FECCCCD,1,0,1,destruction-piece,jungle_bld_ruinshotelback
0x7FFB0A7D,1,0,0,model-root,global_weapon_rpk
0x7FFDFCDE,1,0,0,mesh-node,shanty_bld_housegroup03
0x800A5E90,1,0,0,mesh-node,ch_veh_boat_destroyer
0x8014E005,1,0,0,mesh-node,0x25B3F7BC
0x801B4F75,1,0,1,destruction-piece,maracaibo_bld_historical01
0x802E6CA3,1,0,1,destruction-piece,outpost_bld_vzwarehouselarge
0x8035AB2B,1,0,1,destruction-piece,0x2703554F
0x80384907,1,0,1,destruction-piece,oilrig_bld_buildingc
0x804425B3,1,0,0,model-root,0x804425B3
0x8049E441,1,0,1,destruction-piece,island_bld_fortress01
0x80521580,1,0,1,destruction-piece,caracas_bld_capitol
0x805658D5,1,0,0,mesh-node,vz_veh_boat_type14311
0x805E8721,1,0,0,model-root,0x805E8721
0x80715D24,1,0,0,mesh-node,pmc_veh_truck_monster_rtr
0x80942363,1,0,0,mesh-node,vz_veh_boat_patrol
0x80960FC5,1,0,0,mesh-node,al_veh_helicopter_mh53pavelow
0x80AB8AE2,1,0,0,model-root,0x80AB8AE2
0x80AE362E,1,0,1,destruction-piece,civ_veh_car_pony_crappy
0x80CEDC6E,1,0,0,mesh-node,vz_veh_plane_tucano
0x80CF3AB2,1,0,0,mesh-node,aloutpost_bld_supplydepot
0x80DEA54E,1,0,0,mesh-node,city_bld_skyscraper03
0x80E84A76,1,0,1,destruction-piece,oilrig_bld_buildingd
0x80ECF7F4,1,0,1,destruction-piece,groutpost_bld_cranemining
0x80F173A7,1,0,0,mesh-node,oilrig_bld_buildingb
0x80F31323,1,0,0,mesh-node,ch_veh_boat_huangfeng
0x811521C9,1,0,0,model-root,global_weapon_rpgrocket
0x811D238E,1,0,1,destruction-piece,industrial_bld_gasstationpump01
0x811EB2C0,1,0,0,mesh-node,ch_veh_tank_ztz98
0x8127D63B,1,0,0,mesh-node,pmcoutpost_planter01
0x8128869B,1,0,1,destruction-piece,al_veh_boat_destroyer
0x8138171A,1,0,0,mesh-node,global_veh_rib36
0x81440FD9,1,0,0,mesh-node,civ_veh_plane_727jet
0x8152A918,1,0,0,model-root,0x8152A918
0x8168D4A5,1,0,0,mesh-node,al_veh_boat_destroyer
0x8176CE6D,1,0,1,destruction-piece,outpost_bld_govtbld
0x81A520B1,1,0,1,destruction-piece,margarita_bld_condo01
0x81D11736,1,0,0,mesh-node,pmc_veh_motorcycle_tankbike
0x81D2E75C,1,0,1,destruction-piece,island_bld_fortress01
0x81D38F38,1,0,1,destruction-piece,aloutpost_bld_supplydepot
0x820AA92F,1,0,0,model-root,0x820AA92F
0x821117BE,1,0,0,mesh-node,0x7604B190
0x82181D70,1,0,0,mesh-node,civ_veh_car_phoenix_crappy
0x8218A873,1,0,1,destruction-piece,pmcoutpost_bld_hqgarage
0x822078E0,1,0,0,mesh-node,0xDDC215C0
0x82270B18,1,0,0,mesh-node,industrial_bld_warehouse01
0x8238823B,1,0,0,mesh-node,global_moneysuitcase
0x824171AE,1,0,1,destruction-piece,island_bld_tower01
0x82498D13,1,0,1,destruction-piece,island_bld_fortress01
0x824A390D,1,0,0,model-root,0x824A390D
0x824F2D39,1,0,0,mesh-node,civ_veh_car_van_crappy
0x82539AC4,1,0,1,destruction-piece,0xFD0229C3
0x82768AC2,1,0,0,mesh-node,civ_veh_semi_austin
0x827F6733,1,0,0,mesh-node,civ_veh_plane_cessna
0x8285A1D1,1,0,0,mesh-node,maracaibo_park
0x828B2EE3,1,0,0,mesh-node,maracaibo_park
0x82A696F7,1,0,0,mesh-node,jungle_env_plantsmall03
0x82A73CD6,1,0,1,destruction-piece,shanty_bld_housegroup03
0x82AB78FA,1,0,0,model-root,global_weapon_towrocket
0x82CD87DF,1,0,1,destruction-piece,0xB0D4E642
0x82DB2BCD,1,0,1,destruction-piece,civ_veh_bus_escort
0x82E27148,1,0,0,mesh-node,civ_veh_plane_727jet
0x82E62D7A,1,0,0,mesh-node,al_veh_helicopter_ah1z
0x82F0DC27,1,0,0,model-root,0x82F0DC27
0x8308D9B9,1,0,0,model-root,0xF4358256
0x833AD81C,1,0,0,mesh-node,maracaibo_bld_skyscraper01
0x833E1BC7,1,0,0,mesh-node,shanty_bld_house02
0x8342961A,1,0,1,destruction-piece,pr_veh_helicopter_alouetteiii
0x834809C6,1,0,1,destruction-piece,outskirt_bld_mercbar
0x83657525,1,0,1,destruction-piece,outpost_bld_warehouse01
0x836D6A70,1,0,0,mesh-node,caracas_bld_parquecentral03
0x836FD317,1,0,0,mesh-node,airport_bld_terminal01
0x8381780D,1,0,0,mesh-node,merida_bld_soccerstadium
0x83939687,1,0,0,mesh-node,mountain_bld_bunkerdestroyed
0x839813B5,1,0,0,mesh-node,mountain_bld_bunkerdestroyed
0x83BC5470,1,0,1,destruction-piece,ocoutpost_bld_warehouse01
0x83BD3BDC,1,0,0,mesh-node,industrial_bld_warehouselarge01
0x83C3B50A,1,0,1,destruction-piece,jungle_bld_ruinshotelback
0x83E378B1,1,0,1,destruction-piece,0xB0D4E642
0x83EA3F06,1,0,1,destruction-piece,global_pile05
0x8413B013,1,0,0,mesh-node,0x5453C80F
0x842467D1,1,0,0,mesh-node,civ_veh_truck_garbage
0x843325B1,1,0,1,destruction-piece,0x0D0B8CF5
0x8435E6BF,1,0,1,destruction-piece,civ_veh_car_r90_limo
0x843C43F2,1,0,1,destruction-piece,ch_veh_boat_destroyer
0x843D1E46,1,0,1,destruction-piece,caracas_bld_skytrammain
0x843FB190,1,0,0,mesh-node,al_veh_helicopter_mh53pavelow
0x844084AC,1,0,0,mesh-node,maracaibo_bld_skyscraper02
0x8448BE67,1,0,0,mesh-node,0x25B3F7BC
0x8458E92E,1,0,0,mesh-node,outpost_bld_vzwarehouselarge
0x8469DD2F,1,0,0,mesh-node,maracaibo_bld_skyscraper01
0x846A0843,1,0,1,destruction-piece,shanty_bld_house02
0x846BC2D7,1,0,1,destruction-piece,aloutpost_bld_supplydepot
0x846E5BE4,1,0,1,destruction-piece,maracaibo_bld_skyscraper02
0x84778723,1,0,1,destruction-piece,civ_veh_truck_bank
0x8480906F,1,0,1,destruction-piece,merida_bld_pmcautoshop
0x8488143B,1,0,0,mesh-node,outskirt_bld_market04
0x8488C26A,1,0,1,destruction-piece,maracaibo_bld_skyscraper02
0x84947B80,1,0,0,mesh-node,pmc_hum_chris_v3
0x84A66FBE,1,0,0,mesh-node,outpost_bld_warehouse01
0x84BF6128,1,0,0,model-root,0x84BF6128
0x84F5A7EF,1,0,0,mesh-node,shanty_bld_housegroup05
0x850179F3,1,0,0,mesh-node,civ_veh_boat_saltonsea
0x851204E2,1,0,1,destruction-piece,island_bld_fortress01
0x852FFA4A,1,0,1,destruction-piece,maracaibo_bld_skyscraper02
0x854DDBBF,1,0,1,destruction-piece,0x60497640
0x85671FA3,1,0,0,mesh-node,0x7604B190
0x857DE0DD,1,0,0,mesh-node,ocoutpost_tablearmwrestling
0x858C231E,1,0,0,mesh-node,oilrig_simple
0x85A5467C,1,0,1,destruction-piece,island_bld_fortress01
0x85AA3933,1,0,1,destruction-piece,island_bld_tower01
0x85AF7FAC,1,0,1,destruction-piece,0xBCBA07EE
0x85B57974,1,0,0,model-root,al_veh_airstrike_f117
0x85B5FBEE,1,0,0,mesh-node,vz_veh_plane_tucano
0x85C0CEEC,1,0,0,mesh-node,pmc_veh_truck_ext
0x85CE8A4E,1,0,0,mesh-node,jungle_env_treetall02
0x85DA7CD1,1,0,0,mesh-node,al_veh_truck_hmmwv_armored
0x85DCD010,1,0,1,destruction-piece,shanty_bld_house02
0x85E40830,1,0,0,model-root,0x85E40830
0x85F160C5,1,0,0,mesh-node,0x13709C60
0x8605D52C,1,0,1,destruction-piece,outpost_bld_warehouse01
0x860FE774,1,0,0,mesh-node,island_bld_fortress01
0x8612D8F4,1,0,0,mesh-node,pmc_veh_car_camo_veyron
0x861ED1D7,1,0,1,destruction-piece,oilrig_bld_buildingb
0x862E5637,1,0,1,destruction-piece,0xE7D6462D
0x8643D20E,1,0,0,mesh-node,civ_veh_truck_bank
0x86459482,1,0,1,destruction-piece,merida_bld_universityadmin
0x865538B8,1,0,0,model-root,0x865538B8
0x865A0498,1,0,0,mesh-node,0x7604B190
0x865C59B1,1,0,0,mesh-node,oc_veh_helicopter_md500
0x865CB5BE,1,0,0,mesh-node,ch_veh_boat_destroyer
0x8664451E,1,0,1,destruction-piece,merida_bld_pmcautoshop
0x8677F7CF,1,0,0,mesh-node,civ_veh_plane_727jet
0x869025C9,1,0,0,mesh-node,gr_veh_truck_m35_tanker
0x86B2985B,1,0,0,model-root,0x86B2985B
0x86B88EFA,1,0,0,mesh-node,merida_bld_pmcautoshop
0x86BD7F64,1,0,1,destruction-piece,0xA948DDA6
0x86D7CF92,1,0,0,model-root,0x86D7CF92
0x86FC2013,1,0,0,mesh-node,ch_veh_tank_plz45b
0x86FDE97C,1,0,0,mesh-node,pmc_veh_plane_mig27
0x870DBD92,1,0,1,destruction-piece,jungle_bld_ruinshotelback
0x870FA8E7,1,0,0,mesh-node,ch_veh_tank_plz45b
0x871BB41A,1,0,1,destruction-piece,jungle_env_largecanopy01
0x871EC5EC,1,0,0,model-root,0x871EC5EC
0x8726FBEF,1,0,1,destruction-piece,0x60497640
0x873425E5,1,0,0,mesh-node,civ_veh_truck_garbage
0x873AB2D5,1,0,0,mesh-node,al_veh_truck_hmmwv_armored
0x875736ED,1,0,0,mesh-node,ch_veh_apc_wz551
0x8758EFE0,1,0,1,destruction-piece,shanty_bld_house02
0x875FD7E5,1,0,0,mesh-node,oilrig_smokestack
0x87679FFF,1,0,0,mesh-node,vz_veh_helicopter_alouetteiii
0x8767E2FA,1,0,0,mesh-node,estate_bld_mansion02
0x87706EE2,1,0,0,model-root,0x87706EE2
0x87755ADA,1,0,0,mesh-node,city_bld_corner32x32d
0x877AFAC7,1,0,0,mesh-node,shanty_fencecorner01
0x879E726A,1,0,0,mesh-node,0x1FBFBB4B
0x87BF3321,1,0,0,model-root,0x87BF3321
0x87D00743,1,0,1,destruction-piece,shanty_bld_house02
0x87DDB472,1,0,0,mesh-node,jungle_env_treetall03
0x87DFC05F,1,0,1,destruction-piece,outpost_bld_vzwarehouselarge
0x87E1DE21,1,0,1,destruction-piece,cumana_bld_fortress01
0x87F05472,1,0,0,model-root,vzoutpost_bld_guardtower_gr
0x87F84910,1,0,0,mesh-node,oc_veh_helicopter_md500
0x880D25DC,1,0,0,mesh-node,al_veh_boat_destroyer
0x880FBBB3,1,0,0,mesh-node,oc_veh_helicopter_md500
0x88108D8D,1,0,1,destruction-piece,caracas_bld_capitol
0x8810C269,1,0,0,mesh-node,oc_veh_helicopter_md500
0x881B7A0E,1,0,0,mesh-node,civ_veh_bus_escort
0x882A0AF3,1,0,0,mesh-node,vz_veh_boat_type14311
0x883CF991,1,0,0,mesh-node,airport_bld_terminal01
0x88408070,1,0,0,mesh-node,shanty_bld_housegroup01
0x8848ABE3,1,0,0,mesh-node,maracaibo_park
0x88705744,1,0,1,destruction-piece,caracas_bld_parquecentral03
0x8871DE58,1,0,1,destruction-piece,village_bld_plantation02
0x8879BB01,1,0,0,mesh-node,ch_veh_helicopter_ka29b
0x887E6C62,1,0,0,mesh-node,maracaibo_park
0x88836CAC,1,0,0,mesh-node,maracaibo_park
0x88A1E39E,1,0,0,mesh-node,0x738993DF
0x88A839E7,1,0,0,mesh-node,0x307D6AE1
0x88B0E1C9,1,0,1,destruction-piece,margarita_bld_condo01
0x88B437C0,1,0,1,destruction-piece,shanty_bld_apartment04
0x88B97EC9,1,0,1,destruction-piece,white_bld_segment16x16a
0x88C50FAF,1,0,1,destruction-piece,civ_veh_bus_escort
0x88CA4E7D,1,0,1,destruction-piece,0xA948DDA6
0x88ECD43C,1,0,1,destruction-piece,oilrig_bld_buildingd
0x891F10B2,1,0,0,mesh-node,industrial_pipeground01
0x892C3B50,1,0,0,mesh-node,civ_veh_boat_cargoship
0x89482311,1,0,0,mesh-node,civ_veh_trailer_flatbed
0x894C2713,1,0,1,destruction-piece,shanty_bld_house02
0x895AB9E8,1,0,1,destruction-piece,jungle_bld_ruinshotelback
0x895C68D9,1,0,0,mesh-node,maracaibo_park
0x895C8C1D,1,0,0,mesh-node,0x7604B190
0x895F92F1,1,0,0,model-root,global_weapon_moab
0x895FC506,1,0,1,destruction-piece,shanty_bld_apartment04
0x8968920D,1,0,0,mesh-node,city_bld_corner32x32d
0x89853437,1,0,1,destruction-piece,industrial_bld_silowide
0x898F6DF9,1,0,0,mesh-node,ch_veh_plane_transport
0x899B6B44,1,0,0,mesh-node,civ_veh_boat_cargoship
0x89A95A08,1,0,1,destruction-piece,residential_bld_corner16x16e
0x89ABAE6A,1,0,1,destruction-piece,merida_bld_pmcautoshop
0x89ABDC52,1,0,1,destruction-piece,al_veh_truck_hmmwv_armored
0x89B93D1C,1,0,1,destruction-piece,merida_bld_pmcautoshop
0x89C7D150,1,0,1,destruction-piece,0x45CC35FE
0x89CB9364,1,0,0,mesh-node,civ_veh_plane_727jet
0x8A0AD3A8,1,0,0,mesh-node,pmc_veh_motorcycle_tankbike
0x8A130C9B,1,0,0,mesh-node,0x25B3F7BC
0x8A1F9E7E,1,0,0,mesh-node,chinaoutpost_bld_prison
0x8A20DDDE,1,0,0,model-root,0x8A20DDDE
0x8A310858,1,0,0,mesh-node,maracaibo_park
0x8A3539C3,1,0,1,destruction-piece,oc_veh_helicopter_md500
0x8A4230C0,1,0,0,mesh-node,chinaoutpost_bld_prison
0x8A6181E1,1,0,1,destruction-piece,merida_bld_pmcautoshop
0x8A640DE1,1,0,1,destruction-piece,island_bld_fortress01
0x8A6E1866,1,0,0,mesh-node,ch_veh_boat_huangfeng
0x8A75574B,1,0,1,destruction-piece,0xC68ADB00
0x8A76A3DF,1,0,0,mesh-node,maracaibo_park
0x8A78A563,1,0,0,mesh-node,pmc_veh_motorcycle_tankbike
0x8A865298,1,0,0,model-root,0x8A865298
0x8A937640,1,0,0,mesh-node,vz_veh_boat_type14311
0x8A995FD6,1,0,1,destruction-piece,0x2703554F
0x8A9CF219,1,0,0,mesh-node,oc_veh_helicopter_md500
0x8A9F01A9,1,0,0,mesh-node,vz_veh_helicopter_alouetteiii
0x8AA3FB5A,1,0,0,mesh-node,ch_veh_boat_destroyer
0x8AAA90D1,1,0,0,model-root,0x8AAA90D1
0x8AB8A2C5,1,0,1,destruction-piece,ch_veh_boat_destroyer
0x8ABF8F0D,1,0,1,destruction-piece,civ_veh_car_pony_crappy
0x8AC54C59,1,0,0,mesh-node,oc_veh_boat_turbosquid
0x8ACC0FD4,1,0,1,destruction-piece,shanty_bld_apartment01
0x8ADDD967,1,0,0,model-root,0x8ADDD967
0x8B1DCFAE,1,0,0,mesh-node,0xB0D4E642
0x8B203A6C,1,0,0,mesh-node,ch_veh_boat_destroyer
0x8B31BB10,1,0,1,destruction-piece,chinaoutpost_bld_storage
0x8B3926D0,1,0,0,mesh-node,city_bld_standalone01
0x8B3F97F2,1,0,1,destruction-piece,maracaibo_bld_skyscraper02
0x8B4C938C,1,0,1,destruction-piece,outskirt_bld_mercbar
0x8B4DF11B,1,0,1,destruction-piece,jungle_bld_ruinshotelback
0x8B52FC39,1,0,1,destruction-piece,shanty_bld_apartment04
0x8B68F9DA,1,0,0,mesh-node,caracas_bld_parquecentral03
0x8B69284B,1,0,0,model-root,0x8B69284B
0x8B6E08EE,1,0,0,model-root,0x8B6E08EE
0x8B73369A,1,0,1,destruction-piece,margarita_bld_condo01
0x8B8420B1,1,0,0,mesh-node,oilrig_simple
0x8B853382,1,0,0,mesh-node,vz_veh_tank_scorpion90
0x8B98BB3A,1,0,0,mesh-node,vz_veh_tank_scorpion90
0x8B9C6A41,1,0,0,model-root,global_weapon_recoilessrifle
0x8B9C7080,1,0,0,mesh-node,ch_veh_boat_destroyer
0x8BB24448,1,0,1,destruction-piece,cumana_bld_fortress01
0x8BB3D62E,1,0,1,destruction-piece,oc_veh_boat_oiltanker
0x8BCE019E,1,0,0,model-root,0x8BCE019E
0x8BDC37FB,1,0,0,mesh-node,civ_veh_plane_727jet
0x8BE772F8,1,0,1,destruction-piece,island_bld_fortress01
0x8BE80277,1,0,1,destruction-piece,0xB0D4E642
0x8BEE5546,1,0,1,destruction-piece,oilrig_bld_buildingb
0x8BF52FE0,1,0,0,mesh-node,ch_veh_tank_pgz95_command
0x8C24DC3F,1,0,0,mesh-node,industrial_bld_warehouse01
0x8C3B82E7,1,0,0,mesh-node,industrial_bld_silowide
0x8C4836B6,1,0,1,destruction-piece,aloutpost_bld_supplydepot
0x8C52CA8D,1,0,1,destruction-piece,island_bld_tower01
0x8C541244,1,0,1,destruction-piece,oc_veh_boat_oiltanker
0x8C5535BE,1,0,1,destruction-piece,outpost_bld_govtbld
0x8C79EE55,1,0,1,destruction-piece,outskirt_bld_mercbar
0x8C86210E,1,0,1,destruction-piece,0xA948DDA6
0x8C9CA886,1,0,0,mesh-node,civ_veh_car_taxi_shuttle
0x8C9D6A99,1,0,0,mesh-node,merida_bld_universitycampus
0x8C9F2BDC,1,0,0,mesh-node,civ_veh_truck_transport
0x8CA67982,1,0,1,destruction-piece,cumana_bld_fortress01
0x8CB895B5,1,0,1,destruction-piece,shanty_bld_housegroup03
0x8CC4916A,1,0,0,mesh-node,outpost_bld_warehouse01
0x8CE4EB8F,1,0,1,destruction-piece,village_bld_plantationsmall02
0x8CE60679,1,0,0,mesh-node,city_bld_skyscraper03
0x8CEF6528,1,0,0,mesh-node,merida_bld_soccerstadium
0x8CFF04DF,1,0,1,destruction-piece,0x38381266
0x8D068EDA,1,0,0,model-root,0x8D068EDA
0x8D15B612,1,0,1,destruction-piece,0xF245AC63
0x8D264BCF,1,0,1,destruction-piece,outskirt_bld_mercbar
0x8D4260A1,1,0,0,mesh-node,ch_veh_tank_ztz63a
0x8D54CCF3,1,0,0,mesh-node,ch_veh_helicopter_ka29b
0x8D5962A5,1,0,1,destruction-piece,outskirt_bld_mercbar
0x8D710660,1,0,1,destruction-piece,caracas_bld_hospitalvargas
0x8D9A807D,1,0,1,destruction-piece,pmc_veh_car_panhard
0x8DBA760F,1,0,0,mesh-node,oc_veh_boat_oiltanker
0x8DBC70EE,1,0,0,mesh-node,pmc_veh_motorcycle_tankbike
0x8DBE1884,1,0,1,destruction-piece,global_pile06
0x8DC295B2,1,0,1,destruction-piece,global_pile06
0x8DD05736,1,0,0,mesh-node,jungle_env_largecanopy01
0x8DE221B7,1,0,0,mesh-node,merida_bld_hotel
0x8DE86713,1,0,0,mesh-node,ch_veh_tank_pgz95_command
0x8DFB97E5,1,0,1,destruction-piece,global_pile05
0x8DFE1C24,1,0,0,mesh-node,0x95F4BA55
0x8E09A3F1,1,0,0,mesh-node,civ_veh_truck_ambulance
0x8E2D0DCB,1,0,1,destruction-piece,al_veh_boat_destroyer
0x8E39E622,1,0,0,mesh-node,city_bld_skyscraper03
0x8E3AC46C,1,0,0,mesh-node,airport_bld_terminal01
0x8E3B2334,1,0,0,mesh-node,oc_veh_boat_oiltanker
0x8E4D62CA,1,0,0,mesh-node,aloutpost_bld_supplydepot
0x8E583F81,1,0,0,mesh-node,global_env_scrub03
0x8E5D8833,1,0,1,destruction-piece,merida_bld_pmcautoshop
0x8E69158C,1,0,0,mesh-node,outskirt_bld_mercbar
0x8E7785DC,1,0,0,mesh-node,ch_veh_helicopter_ka29b
0x8E85FCF3,1,0,0,mesh-node,global_veh_rib36
0x8E8CF136,1,0,0,mesh-node,cumana_bld_fortress01
0x8EA443A6,1,0,0,mesh-node,city_bld_standalone01
0x8EA91D60,1,0,0,mesh-node,ocoutpost_bld_warehouse01
0x8EBB4DFE,1,0,0,mesh-node,pmcoutpost_planter01
0x8EBE33D4,1,0,0,model-root,0x8EBE33D4
0x8EBF4993,1,0,0,model-root,0x8EBF4993
0x8ED4C501,1,0,1,destruction-piece,0x2703554F
0x8EE29C5B,1,0,0,mesh-node,merida_bld_soccerstadium
0x8EE679AA,1,0,1,destruction-piece,island_bld_fortress01
0x8EEE5F91,1,0,0,mesh-node,village_bld_cattleranch
0x8EF9EC48,1,0,0,model-root,0x8EF9EC48
0x8EFFAA25,1,0,1,destruction-piece,aloutpost_bld_supplydepot
0x8F00A7C4,1,0,1,destruction-piece,outpost_bld_vzwarehouselarge
0x8F09C213,1,0,0,mesh-node,merida_bld_soccerstadium
0x8F1598C1,1,0,0,mesh-node,maracaibo_park
0x8F25996F,1,0,0,model-root,0x8F25996F
0x8F42B1CF,1,0,0,mesh-node,pmc_veh_motorcycle_tankbike
0x8F49ED0B,1,0,1,destruction-piece,civ_veh_truck_garbage
0x8F4EDDBE,1,0,0,model-root,0x8F4EDDBE
0x8F675707,1,0,0,mesh-node,ch_veh_boat_destroyer
0x8F6866C6,1,0,1,destruction-piece,maracaibo_bld_corner16x32a
0x8F6B0AFC,1,0,0,model-root,0x8F6B0AFC
0x8F85DC23,1,0,0,mesh-node,al_veh_airstrike_f117
0x8F881130,1,0,1,destruction-piece,merida_bld_pmcautoshop
0x8F8882AA,1,0,1,destruction-piece,outpost_bld_vzwarehouselarge
0x8F9D7BFD,1,0,0,mesh-node,oilrig_simple
0x8FB92D99,1,0,0,mesh-node,gr_veh_tank_m551sheridan
0x8FBC2A42,1,0,1,destruction-piece,0xF9EA3B44
0x8FC15791,1,0,1,destruction-piece,shanty_bld_housegroup05
0x8FC754CD,1,0,0,mesh-node,vz_veh_plane_tucano
0x8FCF7B65,1,0,1,destruction-piece,maracaibo_bld_skyscraper02
0x8FD484A9,1,0,0,mesh-node,ch_veh_boat_destroyer
0x8FE00A16,1,0,1,destruction-piece,margarita_bld_condo01
0x8FFFE761,1,0,0,mesh-node,0x1FBFBB4B
0x9013E488,1,0,0,mesh-node,oc_veh_boat_oiltanker
0x901B7534,1,0,0,model-root,global_weapon_dumbbomb
0x901BD4E5,1,0,0,mesh-node,civ_veh_boat_cargoship
0x902003D4,1,0,0,mesh-node,civ_veh_bus_escort
0x9024DCC3,1,0,0,mesh-node,vz_veh_plane_tucano
0x902C1C3A,1,0,1,destruction-piece,0xB0A0930E
0x90456B34,1,0,0,mesh-node,vz_veh_tank_scorpion90
0x9049E862,1,0,0,mesh-node,vz_veh_tank_scorpion90
0x9054F156,1,0,1,destruction-piece,aloutpost_bld_supplydepot
0x9057D5BF,1,0,0,mesh-node,0x7604B190
0x905DD6DA,1,0,0,mesh-node,0x19676216
0x907D56A8,1,0,1,destruction-piece,0xEA7F9F3F
0x9081D3D6,1,0,1,destruction-piece,0xEA7F9F3F
0x908B270C,1,0,1,destruction-piece,0xC68ADB00
0x908F9AF7,1,0,0,mesh-node,0x3397DE30
0x909C5493,1,0,0,mesh-node,ocoutpost_bld_warehouse01
0x90B3D244,1,0,1,destruction-piece,pmcoutpost_bld_hq
0x90BB1D4D,1,0,0,model-root,0x90BB1D4D
0x90C4B0EB,1,0,1,destruction-piece,shanty_bld_housegroup05
0x90C82A61,1,0,0,mesh-node,0x7604B190
0x90C914B0,1,0,0,mesh-node,civ_veh_plane_727jet
0x90E62080,1,0,0,mesh-node,caracas_bld_parquecentral03
0x90E93738,1,0,1,destruction-piece,industrial_bld_warehouse05
0x91069654,1,0,1,destruction-piece,merida_bld_pmcautoshop
0x912ED580,1,0,1,destruction-piece,oc_veh_helicopter_md500
0x912F0A33,1,0,0,mesh-node,airport_bld_terminal01
0x9135FB18,1,0,1,destruction-piece,industrial_bld_warehouse01
0x913AE591,1,0,0,model-root,0x913AE591
0x91460107,1,0,0,mesh-node,vz_veh_towed_zu23aa
0x9146DCEF,1,0,0,mesh-node,mountain_blastdoors
0x9147B67D,1,0,1,destruction-piece,shanty_bld_house02
0x9160F29F,1,0,0,mesh-node,maracaibo_park
0x91644ECC,1,0,1,destruction-piece,shanty_bld_apartment04
0x9171494A,1,0,1,destruction-piece,island_bld_fortress01
0x917FA920,1,0,0,mesh-node,civ_veh_plane_727jet
0x91890502,1,0,0,mesh-node,civ_veh_truck_bank
0x91B1FA73,1,0,0,mesh-node,aloutpost_bld_supplydepot
0x91D0B48F,1,0,0,mesh-node,0xEC0DAFF2
0x91D99E61,1,0,0,mesh-node,al_veh_helicopter_mh53pavelow
0x91FA6873,1,0,0,mesh-node,0x7604B190
0x92148F82,1,0,1,destruction-piece,caracas_walllong
0x9228ECA8,1,0,0,mesh-node,civ_veh_car_r90_limo
0x922CD2ED,1,0,0,mesh-node,civ_veh_bus_escort
0x923736E9,1,0,0,mesh-node,jungle_env_largecanopy01
0x923DC02A,1,0,0,mesh-node,chinaoutpost_bld_prison
0x923EECFE,1,0,1,destruction-piece,industrial_bld_warehouse06
0x9256F379,1,0,1,destruction-piece,residential_bld_corner16x16e
0x9259DAB8,1,0,1,destruction-piece,jungle_wallgate
0x927ABCB2,1,0,1,destruction-piece,cumana_bld_fortress01
0x928F1090,1,0,0,mesh-node,maracaibo_park
0x929BDA7E,1,0,0,mesh-node,civ_veh_boat_cigarette
0x92B5BB1A,1,0,0,mesh-node,global_towerelectrical01
0x92B6042A,1,0,1,destruction-piece,outskirt_bld_house05
0x92CAA57A,1,0,0,mesh-node,civ_veh_car_w12_sprint
0x92D1AA0C,1,0,1,destruction-piece,margarita_bld_condo01
0x92E00F70,1,0,0,mesh-node,oilrig_att_pipeblowout
0x92E54DFB,1,0,1,destruction-piece,oilrig_bld_buildingb
0x92E9CB29,1,0,1,destruction-piece,oilrig_bld_buildingb
0x92F6DDAB,1,0,0,model-root,0xBDA34586
0x93010755,1,0,1,destruction-piece,outpost_bld_vzwarehouselarge
0x9304ED55,1,0,0,mesh-node,civ_veh_semi_mark
0x93184AC0,1,0,1,destruction-piece,oc_veh_helicopter_md500
0x93252B3F,1,0,0,mesh-node,industrial_bld_gasstationpump01
0x932BFE5D,1,0,0,mesh-node,dlc_outskirt_interior_hq
0x93350B8C,1,0,0,model-root,0x93350B8C
0x93643EA3,1,0,0,model-root,0x93643EA3
0x9376D6B8,1,0,1,destruction-piece,0xF245AC63
0x93926EE8,1,0,0,mesh-node,gr_veh_tank_m551sheridan
0x939547BE,1,0,0,mesh-node,pmcoutpost_bld_hq
0x9396EC16,1,0,0,mesh-node,gr_veh_tank_m551sheridan
0x939765A9,1,0,0,mesh-node,civ_veh_trailer_box
0x939F8A58,1,0,1,destruction-piece,oilrig_simple
0x93A63790,1,0,1,destruction-piece,margarita_bld_condo01
0x93AF6AD8,1,0,0,mesh-node,white_bld_corner8x8b
0x93B1B7E0,1,0,0,mesh-node,oilrig_att_pipeblowout
0x93C2962A,1,0,0,model-root,dlc_mar_commercial_roadstraight10_crater
0x93CE8323,1,0,1,destruction-piece,shanty_bld_apartment02
0x940356A3,1,0,0,mesh-node,civ_veh_boat_cargoship
0x9404FAE7,1,0,0,model-root,0x9404FAE7
0x9411A606,1,0,1,destruction-piece,civ_veh_boat_cargoship
0x9412F206,1,0,0,mesh-node,al_veh_helicopter_mh53pavelow
0x941668FF,1,0,0,mesh-node,vz_veh_boat_patrol
0x942B72CB,1,0,1,destruction-piece,0xA948DDA6
0x942ED97F,1,0,0,mesh-node,maracaibo_park
0x9435540D,1,0,0,mesh-node,outskirt_bld_mercbar
0x94420876,1,0,0,mesh-node,industrial_bld_towerrefinerytall
0x9442FB04,1,0,0,mesh-node,jungle_env_largecanopy01
0x94477832,1,0,0,mesh-node,jungle_env_largecanopy01
0x944CC07C,1,0,1,destruction-piece,aloutpost_bld_supplydepot
0x944D11EB,1,0,1,destruction-piece,jungle_wallgate
0x946F6A0A,1,0,0,model-root,0x946F6A0A
0x9473576A,1,0,1,destruction-piece,outpost_bld_govtbld
0x948247C3,1,0,0,mesh-node,maracaibo_park
0x94836363,1,0,0,mesh-node,city_bld_standalone01
0x948D9162,1,0,0,mesh-node,ch_veh_boat_destroyer
0x949AA532,1,0,1,destruction-piece,0x0D0B8CF5
0x949DC19D,1,0,1,destruction-piece,margarita_bld_condo01
0x94A63B87,1,0,1,destruction-piece,0x2703554F
0x94AAB8B5,1,0,1,destruction-piece,0x2703554F
0x94ABFF5E,1,0,0,mesh-node,0x307D6AE1
0x94AE5601,1,0,0,mesh-node,industrial_bld_warehouse01
0x94D28FDC,1,0,1,destruction-piece,0x2703554F
0x94DFCCBC,1,0,0,mesh-node,pmcoutpost_planter01
0x94E6ACA2,1,0,0,mesh-node,chinaoutpost_bld_prison_fence
0x94E79B67,1,0,1,destruction-piece,ch_veh_boat_destroyer
0x94E808CE,1,0,0,model-root,global_ramp_roadlessrider
0x94FFE302,1,0,1,destruction-piece,maracaibo_bld_skyscraper02
0x9513639C,1,0,0,mesh-node,maracaibo_park
0x952AFD67,1,0,0,model-root,0x952AFD67
0x952F288D,1,0,0,mesh-node,0xB0D4E642
0x953362AF,1,0,0,mesh-node,ch_veh_tank_ztz63a
0x953F7D61,1,0,1,destruction-piece,outpost_bld_municipal_fence
0x954DE1C7,1,0,0,mesh-node,city_bld_skyscraper02
0x954F7C5D,1,0,0,mesh-node,city_bld_apartment01
0x95679371,1,0,0,mesh-node,industrial_bld_warehouse02
0x956ECB04,1,0,1,destruction-piece,civ_veh_car_van_commercial
0x9572B173,1,0,0,model-root,global_veh_rtr
0x95734832,1,0,1,destruction-piece,civ_veh_car_van_commercial
0x957F61CD,1,0,0,model-root,0x957F61CD
0x9585A61B,1,0,0,mesh-node,gr_veh_tank_m551sheridan
0x95953958,1,0,0,model-root,0x95953958
0x959EEF7B,1,0,0,mesh-node,civ_veh_plane_727jet
0x95AAC780,1,0,1,destruction-piece,island_bld_fortress01
0x95B0156F,1,0,1,destruction-piece,cumana_bld_fortress01
0x95B8AE33,1,0,0,mesh-node,al_veh_boat_lcur
0x95BF0E21,1,0,0,model-root,0x95BF0E21
0x95BF226C,1,0,1,destruction-piece,shanty_bld_housegroup05
0x95BF3360,1,0,0,mesh-node,vz_veh_boat_type14311
0x95C14427,1,0,0,mesh-node,merida_bld_universityadmin
0x95C17B52,1,0,0,mesh-node,oc_veh_semi_austin
0x95D0C2A8,1,0,0,mesh-node,commercial_bld_segment8x16e
0x95D4204F,1,0,0,mesh-node,aloutpost_bld_storage
0x95D4E0FC,1,0,0,mesh-node,jungle_env_largecanopy01
0x95D830D1,1,0,0,mesh-node,pmcoutpost_planter01
0x95DE9932,1,0,1,destruction-piece,caracas_bld_capitol
0x95DF42C4,1,0,0,model-root,0x95DF42C4
0x95EF2E39,1,0,0,mesh-node,pmc_veh_car_panhard
0x95F4BA55,1,0,0,model-root,0x95F4BA55
0x95FFE781,1,0,0,mesh-node,maracaibo_park
0x96237133,1,0,0,mesh-node,city_bld_standalone01
0x96332FF5,1,0,0,model-root,0xC9CBF988
0x96414B3C,1,0,1,destruction-piece,ch_veh_boat_destroyer
0x9665CB9E,1,0,1,destruction-piece,al_veh_boat_destroyer
0x96668E9D,1,0,1,destruction-piece,outpost_bld_govtbld
0x96693736,1,0,1,destruction-piece,pmcoutpost_planter01
0x967168E7,1,0,0,mesh-node,pmc_veh_car_dragster
0x967AB7E5,1,0,1,destruction-piece,pmcoutpost_bld_hq
0x967C8EA1,1,0,0,mesh-node,global_veh_scorpiondpv
0x968EDA4E,1,0,0,mesh-node,pmc_veh_plane_mig27
0x96968F99,1,0,0,mesh-node,pmcoutpost_planter01
0x969E55ED,1,0,1,destruction-piece,outpost_bld_vzwarehouselarge
0x96A4E33D,1,0,1,destruction-piece,ocoutpost_bld_guardpost01
0x96BF9077,1,0,0,mesh-node,ch_veh_helicopter_ka29b
0x96C0FF48,1,0,0,mesh-node,maracaibo_park
0x96C4C407,1,0,1,destruction-piece,civ_veh_truck_impact_sut
0x96CF98F8,1,0,1,destruction-piece,industrial_bld_towerrefinerysmall
0x96E33889,1,0,1,destruction-piece,shanty_bld_house02
0x96E7D17A,1,0,0,mesh-node,0xB0D4E642
0x96F1B72B,1,0,1,destruction-piece,merida_bld_universityadmin
0x97002381,1,0,0,mesh-node,proutpost_att_neonb
0x9700BE07,1,0,0,mesh-node,merida_bld_soccerstadium
0x970ED0E7,1,0,0,mesh-node,city_bld_skyscraper03
0x971DCA84,1,0,0,mesh-node,airport_bld_terminal01
0x97299000,1,0,1,destruction-piece,industrial_bld_warehouselarge01
0x973ACB16,1,0,1,destruction-piece,pmcoutpost_bld_hqgarage
0x973EFE6A,1,0,1,destruction-piece,cumana_bld_fortress01
0x974E1701,1,0,0,mesh-node,pmc_veh_car_panhard
0x9777DE93,1,0,0,mesh-node,pmc_veh_truck_ext
0x97797C53,1,0,0,mesh-node,al_veh_helicopter_mh53pavelow
0x97B3EEDB,1,0,1,destruction-piece,island_bld_tower01
0x97BB2338,1,0,0,model-root,0x97BB2338
0x97CFD6FD,1,0,1,destruction-piece,outpost_bld_vzwarehouselarge
0x97D3AA24,1,0,0,mesh-node,ch_veh_helicopter_ka29b
0x97D6E399,1,0,0,mesh-node,airport_bld_terminal01
0x97E649DB,1,0,0,mesh-node,0x86D7CF92
0x97E8E4CE,1,0,0,mesh-node,maracaibo_park
0x97EDCB76,1,0,1,destruction-piece,oilrig_bld_buildingb
0x97EF4F02,1,0,1,destruction-piece,merida_bld_pmcautoshop
0x98047127,1,0,0,mesh-node,0x1FBFBB4B
0x980B7710,1,0,0,mesh-node,maracaibo_park
0x984E1A55,1,0,1,destruction-piece,ch_veh_boat_destroyer
0x984EB60A,1,0,0,mesh-node,global_veh_rib36
0x98580623,1,0,1,destruction-piece,0x8BC154D7
0x98581CD6,1,0,0,mesh-node,caracas_fountainparquecentral
0x989E4A15,1,0,0,mesh-node,cumana_bld_fortress01
0x98A8F830,1,0,0,mesh-node,jungle_env_plantsmall03
0x98B11F57,1,0,0,mesh-node,city_bld_standalone01
0x98B2CB87,1,0,1,destruction-piece,0xFD0229C3
0x98B59C85,1,0,0,mesh-node,city_bld_standalone01
0x98CCA6DD,1,0,0,mesh-node,pmcoutpost_planter01
0x98E1AFEA,1,0,0,mesh-node,caracas_bld_parquecentral03
0x98EF6890,1,0,1,destruction-piece,chinaoutpost_bld_prison_fence
0x990B6A19,1,0,1,destruction-piece,island_bld_tower01
0x990D9706,1,0,0,model-root,0x990D9706
0x991EAC89,1,0,0,mesh-node,0xB0D4E642
0x9941393B,1,0,1,destruction-piece,oilrig_bld_buildingb
0x9942C252,1,0,0,model-root,0x9942C252
0x99447364,1,0,0,mesh-node,0xEC0DAFF2
0x9946A1F5,1,0,1,destruction-piece,oilrig_bld_buildinga
0x994C1105,1,0,1,destruction-piece,industrial_bld_silowide
0x994F9BFB,1,0,1,destruction-piece,oilrig_bld_buildinga
0x99541929,1,0,1,destruction-piece,island_bld_bridge01
0x99552B1E,1,0,0,model-root,global_weapon_pf97rocket
0x9969AA27,1,0,1,destruction-piece,oilrig_bld_buildingc
0x9981F607,1,0,0,mesh-node,industrial_bld_refinery02
0x999BB3E4,1,0,0,mesh-node,margarita_bld_condo01
0x999DFEC9,1,0,1,destruction-piece,0xF419FFEB
0x99A5908F,1,0,0,mesh-node,industrial_bld_gasstationpump01
0x99A6DC5E,1,0,0,mesh-node,civ_veh_truck_bank
0x99ACC803,1,0,0,mesh-node,0xFD0229C3
0x99AE3294,1,0,0,mesh-node,oc_veh_boat_oiltanker
0x99B1E3F1,1,0,1,destruction-piece,global_weapon_quad50
0x99EEA106,1,0,1,destruction-piece,al_veh_boat_destroyer
0x9A0DC7F6,1,0,0,mesh-node,jungle_env_treemedium03
0x9A2212DC,1,0,1,destruction-piece,0x4AB6F9B6
0x9A348BB7,1,0,1,destruction-piece,commercial_bld_supermarket
0x9A3CEB74,1,0,0,mesh-node,chinaoutpost_bld_storage
0x9A4C2E66,1,0,0,mesh-node,shanty_bld_shack01
0x9A6F477B,1,0,0,mesh-node,pmc_veh_truck_monster_rtr
0x9A7223B4,1,0,0,mesh-node,city_bld_standalone01
0x9A76A0E2,1,0,0,mesh-node,city_bld_standalone01
0x9A8EAF87,1,0,1,destruction-piece,0xEA7F9F3F
0x9A8F4237,1,0,0,mesh-node,industrial_bld_refinery03
0x9A94C1BE,1,0,0,mesh-node,al_veh_truck_hmmwv_avenger
0x9ABAF0CA,1,0,0,mesh-node,maracaibo_park
0x9AC820F5,1,0,0,model-root,0x9AC820F5
0x9AD350C6,1,0,0,mesh-node,0x51DA41FE
0x9B028977,1,0,0,mesh-node,al_veh_plane_ac130_spooky
0x9B13F75B,1,0,0,mesh-node,civ_veh_car_van_commercial
0x9B33FEAA,1,0,0,mesh-node,vz_veh_helicopter_mi35hind_solano
0x9B3A191D,1,0,0,mesh-node,0xEC0DAFF2
0x9B4C6C0E,1,0,1,destruction-piece,0xF419FFEB
0x9B633B8E,1,0,1,destruction-piece,margarita_bld_condo01
0x9B6645B6,1,0,0,mesh-node,global_flag_largeal
0x9B685798,1,0,1,destruction-piece,pmcoutpost_bld_hqgarage
0x9B801DE0,1,0,0,mesh-node,city_bld_skyscraper02
0x9B84B50A,1,0,1,destruction-piece,cumana_bld_fortress01
0x9B8C945B,1,0,0,mesh-node,ch_veh_plane_transport
0x9B99883E,1,0,1,destruction-piece,island_bld_fortress01
0x9BA15797,1,0,0,mesh-node,0xFD0229C3
0x9BA80C25,1,0,0,model-root,0x9BA80C25
0x9BABA1D9,1,0,0,mesh-node,ch_veh_helicopter_ka29b
0x9BB4D048,1,0,1,destruction-piece,jungle_bld_ruinshotelback
0x9BCA9440,1,0,0,mesh-node,0x25B3F7BC
0x9BD37237,1,0,1,destruction-piece,groutpost_bld_earthmover
0x9BD5FBAC,1,0,0,mesh-node,pmcoutpost_bld_hq
0x9BFDB25C,1,0,0,mesh-node,maracaibo_park
0x9C065E3F,1,0,1,destruction-piece,pmcoutpost_bld_hq
0x9C0E1CEF,1,0,1,destruction-piece,pmc_veh_car_panhard
0x9C162FCC,1,0,1,destruction-piece,civ_veh_boat_cargoship
0x9C19E76F,1,0,0,mesh-node,pmcoutpost_planter01
0x9C3D4104,1,0,0,model-root,0x9C3D4104
0x9C4F8B8B,1,0,1,destruction-piece,proutpost_dockb
0x9C5408B9,1,0,1,destruction-piece,industrial_bld_gasstationpump01
0x9C59E59E,1,0,0,mesh-node,0xCB4C6EAB
0x9C658717,1,0,0,mesh-node,ocoutpost_interior_hq
0x9C706CB6,1,0,0,model-root,0x9C706CB6
0x9C7E5AD6,1,0,1,destruction-piece,maracaibo_bld_skyscraper02
0x9C810CC5,1,0,0,model-root,0x9C810CC5
0x9C8559A9,1,0,0,mesh-node,ch_veh_boat_huangfeng
0x9CB580DE,1,0,0,mesh-node,city_bld_skyscraper03
0x9CBDE63A,1,0,1,destruction-piece,merida_bld_soccerstadium
0x9CED428A,1,0,1,destruction-piece,margarita_bld_condo01
0x9CF9C47A,1,0,1,destruction-piece,ch_veh_boat_destroyer
0x9CFEC5F2,1,0,1,destruction-piece,cumana_bld_fortress01
0x9D011664,1,0,1,destruction-piece,chinaoutpost_bld_prison
0x9D0CE282,1,0,0,model-root,0xB9065B19
0x9D1E361B,1,0,1,destruction-piece,maracaibo_bld_skyscraper02
0x9D2ABB85,1,0,0,mesh-node,caracas_bld_hospitalvargas
0x9D545CDB,1,0,0,mesh-node,vz_veh_helicopter_alouetteiii
0x9D5B5C06,1,0,1,destruction-piece,0x56D04AA8
0x9D64FBAD,1,0,1,destruction-piece,0x4D4F42B5
0x9D6F039C,1,0,1,destruction-piece,industrial_bld_towerrefinerysmall
0x9D9BF2FB,1,0,1,destruction-piece,jungle_bld_ruinshotelfront
0x9DAC9F68,1,0,1,destruction-piece,0xF419FFEB
0x9DC19F61,1,0,1,destruction-piece,jungle_bld_ruinshotelback
0x9DF045C5,1,0,1,destruction-piece,oilrig_bld_buildingb
0x9DFC1F74,1,0,0,mesh-node,al_veh_boat_destroyer
0x9E0649BA,1,0,0,mesh-node,0xA2CE8563
0x9E073B60,1,0,1,destruction-piece,0xEA7F9F3F
0x9E339BCE,1,0,1,destruction-piece,0x2703554F
0x9E824415,1,0,1,destruction-piece,shanty_bld_housegroup05
0x9E8AE12C,1,0,0,mesh-node,vz_veh_tank_amx30_aa
0x9E974536,1,0,0,mesh-node,al_veh_boat_destroyer
0x9E9B5591,1,0,0,model-root,0x9E9B5591
0x9ED28816,1,0,1,destruction-piece,shanty_bld_housegroup05
0x9EECC751,1,0,0,mesh-node,caracas_bld_skytrammain
0x9EF5E1AD,1,0,1,destruction-piece,oilrig_bld_buildingc
0x9F145605,1,0,1,destruction-piece,merida_bld_universityadmin
0x9F232C6E,1,0,0,mesh-node,civ_veh_boat_cargoship
0x9F296B3B,1,0,0,mesh-node,vz_veh_boat_type14311
0x9F2CF401,1,0,0,mesh-node,0x41D7AC6F
0x9F2DE4A1,1,0,1,destruction-piece,maracaibo_bld_skyscraper02
0x9F43D6F0,1,0,1,destruction-piece,al_veh_boat_destroyer
0x9F46BD8E,1,0,0,mesh-node,al_veh_helicopter_ah1z
0x9F5E9F77,1,0,0,mesh-node,vz_veh_boat_type14311
0x9F88663A,1,0,0,mesh-node,ch_veh_boat_huangfeng
0x9F9FD69B,1,0,1,destruction-piece,0xF419FFEB
0x9FB84386,1,0,1,destruction-piece,caracas_bld_skytrammain
0x9FBA355A,1,0,0,mesh-node,pmcoutpost_planter01
0x9FCB8C3D,1,0,0,mesh-node,al_veh_truck_hmmwv_avenger
0x9FD52251,1,0,0,mesh-node,maracaibo_park
0x9FDB6D5F,1,0,0,mesh-node,airport_bld_terminal01
0x9FDB7101,1,0,1,destruction-piece,0xFD0229C3
0x9FFDD51E,1,0,1,destruction-piece,oc_veh_helicopter_md500
0xA0238D1E,1,0,0,model-root,0xA0238D1E
0xA029223D,1,0,0,model-root,0xA029223D
0xA0732FFE,1,0,0,mesh-node,0x634F1F65
0xA0759024,1,0,0,mesh-node,vzoutpost_bld_barrackabandoned
0xA0AF5A57,1,0,1,destruction-piece,village_bld_plantation02
0xA0BB69BB,1,0,1,destruction-piece,0xA948DDA6
0xA0BEADEC,1,0,0,mesh-node,oilrig_bld_buildingb
0xA0BED06F,1,0,0,mesh-node,maracaibo_park
0xA0BFE6E9,1,0,1,destruction-piece,0xA948DDA6
0xA0CB7882,1,0,1,destruction-piece,0xB0D4E642
0xA0D25827,1,0,0,mesh-node,maracaibo_park
0xA0D4C67F,1,0,0,mesh-node,global_env_treetropical01
0xA0EAF095,1,0,0,model-root,0xA0EAF095
0xA0ED82B5,1,0,0,model-root,0xA0ED82B5
0xA123364F,1,0,0,mesh-node,0xB0D4E642
0xA1347181,1,0,1,destruction-piece,civ_veh_truck_impact_sut
0xA1349E30,1,0,0,mesh-node,al_veh_plane_ac130_spooky
0xA13DEAD9,1,0,0,mesh-node,margarita_bld_club01
0xA1410724,1,0,1,destruction-piece,chinaoutpost_bld_prison
0xA143D0EE,1,0,0,model-root,0xA143D0EE
0xA147A6C7,1,0,1,destruction-piece,pmcoutpost_bld_hqgarage
0xA14E94B2,1,0,0,mesh-node,0xCFAC6851
0xA1542BD4,1,0,0,mesh-node,airport_bld_terminal01
0xA15D0A11,1,0,0,mesh-node,civ_veh_car_taxi_shuttle
0xA1601E47,1,0,0,mesh-node,al_veh_airstrike_f117
0xA1704BB1,1,0,0,mesh-node,ch_veh_plane_transport
0xA1731A49,1,0,1,destruction-piece,industrial_bld_gasstationpump01
0xA17720E6,1,0,1,destruction-piece,0x4761451B
0xA1782499,1,0,0,mesh-node,oc_veh_truck_mtv_guntruck
0xA180ABC4,1,0,1,destruction-piece,caracas_bld_skytrammain
0xA185BEC1,1,0,1,destruction-piece,city_bld_apartment01
0xA191B7D2,1,0,0,mesh-node,maracaibo_park
0xA1A53F8A,1,0,0,mesh-node,maracaibo_park
0xA1B56B99,1,0,0,mesh-node,jungle_env_largecanopy01
0xA1B66DB7,1,0,1,destruction-piece,global_weapon_quad50
0xA1C0658C,1,0,0,mesh-node,civ_veh_boat_cargoship
0xA1CC8878,1,0,0,mesh-node,shanty_bld_housegroup05
0xA1EA63B0,1,0,1,destruction-piece,0xB0D4E642
0xA1F32ACC,1,0,1,destruction-piece,al_veh_boat_destroyer
0xA1FF2455,1,0,1,destruction-piece,oilrig_bld_buildingb
0xA200CBC2,1,0,1,destruction-piece,caracas_bld_skytrammain
0xA2081322,1,0,0,mesh-node,0x95F4BA55
0xA21251BC,1,0,0,mesh-node,jungle_env_treemedium03
0xA21FB368,1,0,0,model-root,0xB5655D69
0xA264F887,1,0,0,mesh-node,caracas_fountainparquecentral
0xA26975B5,1,0,0,mesh-node,caracas_fountainparquecentral
0xA272BEC9,1,0,1,destruction-piece,caracas_bld_parquecentral03
0xA27BFBA9,1,0,0,mesh-node,civ_veh_truck_garbage
0xA2923800,1,0,1,destruction-piece,0x07FC456B
0xA2ACD111,1,0,1,destruction-piece,margarita_bld_condo01
0xA2B737DD,1,0,0,mesh-node,city_bld_skyscraper02
0xA2B8842B,1,0,0,mesh-node,0x7604B190
0xA2C5C985,1,0,1,destruction-piece,margarita_bld_condo01
0xA2D1AECF,1,0,0,mesh-node,aloutpost_bld_supplydepot
0xA2E20AAE,1,0,1,destruction-piece,civ_veh_bus_escort
0xA3127E47,1,0,0,mesh-node,0xA029223D
0xA31B6A2D,1,0,1,destruction-piece,merida_bld_pmcautoshop
0xA35C32D1,1,0,1,destruction-piece,outskirt_bld_mercbar
0xA360870A,1,0,0,mesh-node,0x6B432F1C
0xA3643D42,1,0,0,mesh-node,vz_veh_tank_amx30_aa
0xA3A334F4,1,0,0,mesh-node,ch_veh_boat_destroyer
0xA3A67F33,1,0,0,mesh-node,civ_veh_truck_impact
0xA3A73FC6,1,0,0,mesh-node,civ_veh_boat_cigarette
0xA3E18FD2,1,0,0,mesh-node,0xCB4C6EAB
0xA3E482F0,1,0,0,mesh-node,merida_bld_hotel
0xA3F492BF,1,0,1,destruction-piece,margarita_bld_condo01
0xA4096523,1,0,0,mesh-node,al_veh_boat_destroyer
0xA4138BDB,1,0,0,mesh-node,0x7604B190
0xA41D7EDE,1,0,0,mesh-node,civ_veh_plane_727jet
0xA422FC03,1,0,1,destruction-piece,al_veh_boat_destroyer
0xA431DB2B,1,0,1,destruction-piece,oc_veh_boat_oiltanker
0xA43E465A,1,0,1,destruction-piece,civ_veh_bus_escort
0xA443F56E,1,0,0,model-root,0x51DA41FE
0xA44F3195,1,0,1,destruction-piece,chinaoutpost_bld_prison
0xA460683E,1,0,0,mesh-node,pmc_veh_motorcycle_tankbike
0xA46E81A8,1,0,1,destruction-piece,chinaoutpost_bld_prison
0xA46F163C,1,0,0,mesh-node,global_veh_winch_magnet
0xA48F78F1,1,0,1,destruction-piece,chinaoutpost_bld_prison
0xA4A430EC,1,0,0,mesh-node,merida_plazawaterfountain
0xA4ACA352,1,0,0,mesh-node,civ_veh_towed_fuel
0xA4AF0D1C,1,0,0,model-root,0xA4AF0D1C
0xA4B0E216,1,0,1,destruction-piece,island_bld_fortress01
0xA4B809A0,1,0,1,destruction-piece,aloutpost_bld_hanger
0xA4B9BFBA,1,0,0,mesh-node,industrial_bld_warehouse03
0xA4BA0AA4,1,0,0,mesh-node,city_bld_skyscraper03
0xA4BB43B7,1,0,1,destruction-piece,cumana_bld_fortress01
0xA4C3CE58,1,0,1,destruction-piece,city_bld_corner16x32a
0xA4CB8504,1,0,0,mesh-node,vz_veh_plane_tucano
0xA4D7AB40,1,0,1,destruction-piece,vz_veh_truck_m151_50cal
0xA4EA922C,1,0,0,mesh-node,caracas_bld_skytrammain
0xA4FA10B6,1,0,0,mesh-node,ch_veh_tank_plz45b
0xA4FE12AD,1,0,1,destruction-piece,island_bld_fortress01
0xA51A5908,1,0,1,destruction-piece,0xF245AC63
0xA5363D80,1,0,1,destruction-piece,maracaibo_bld_skyscraper02
0xA545DC80,1,0,1,destruction-piece,city_bld_corner16x32a
0xA54A7DE3,1,0,1,destruction-piece,outskirt_bld_mercbar
0xA5704F3C,1,0,1,destruction-piece,industrial_bld_warehouselarge02
0xA5824EB3,1,0,1,destruction-piece,0xEA7F9F3F
0xA59CEF84,1,0,0,mesh-node,pmcoutpost_bld_hqgarage_livedin
0xA5A15811,1,0,1,destruction-piece,0xFD0229C3
0xA5AAE560,1,0,0,mesh-node,civ_veh_car_phoenix_crappy
0xA5AEE8C1,1,0,1,destruction-piece,island_bld_tower01
0xA5C32798,1,0,0,mesh-node,pr_veh_boat_cutter
0xA5C62927,1,0,1,destruction-piece,jungle_bld_ruinshotelback
0xA5C64561,1,0,1,destruction-piece,island_bld_fortress01
0xA5D2ED2C,1,0,0,mesh-node,maracaibo_park
0xA5ECB323,1,0,1,destruction-piece,global_pile05
0xA5ED965C,1,0,1,destruction-piece,outpost_bld_vzwarehouselarge
0xA605CD69,1,0,1,destruction-piece,island_bld_fortress01
0xA60A3BDB,1,0,0,mesh-node,vz_veh_boat_type14311
0xA613C685,1,0,1,destruction-piece,ocoutpost_bld_warehouse01
0xA61C1518,1,0,0,mesh-node,maracaibo_park
0xA62F4105,1,0,1,destruction-piece,0xC68ADB00
0xA63EB80F,1,0,1,destruction-piece,ch_veh_boat_destroyer
0xA6400990,1,0,1,destruction-piece,industrial_bld_warehouselarge02
0xA6416416,1,0,1,destruction-piece,0x09139BCD
0xA663D55E,1,0,0,mesh-node,vz_veh_helicopter_mi35hind_solano
0xA675E744,1,0,0,mesh-node,aloutpost_bld_largetent
0xA67A9FC7,1,0,0,mesh-node,commercial_bld_segment8x16e
0xA681C595,1,0,0,model-root,0xA681C595
0xA68B3687,1,0,1,destruction-piece,maracaibo_bld_skyscraper02
0xA68ED579,1,0,1,destruction-piece,maracaibo_bld_segment32x32a
0xA68FB3B5,1,0,1,destruction-piece,maracaibo_bld_skyscraper02
0xA69E7E4C,1,0,0,model-root,0xA69E7E4C
0xA6A8E3DB,1,0,0,mesh-node,outpost_bld_warehouse01
0xA6AD0346,1,0,0,model-root,0xA6AD0346
0xA6C13263,1,0,1,destruction-piece,industrial_bld_silowide
0xA6C19E0C,1,0,0,mesh-node,ch_veh_tank_pgz95
0xA6C85A58,1,0,1,destruction-piece,ocoutpost_bld_hq
0xA6D7B2D4,1,0,0,mesh-node,vz_veh_truck_m151_50cal
0xA6DDC95F,1,0,0,mesh-node,caracas_bld_skytrammain
0xA71B0A72,1,0,0,model-root,0xA71B0A72
0xA71F4AC6,1,0,0,mesh-node,civ_veh_boat_cigarette
0xA7326E67,1,0,1,destruction-piece,maracaibo_bld_skyscraper02
0xA739AE8F,1,0,0,mesh-node,civ_veh_boat_saltonsea
0xA73F665A,1,0,1,destruction-piece,al_veh_boat_destroyer
0xA74130EA,1,0,1,destruction-piece,outpost_bld_municipal_fence
0xA7433BC1,1,0,1,destruction-piece,shanty_bld_apartment01
0xA74FDEF0,1,0,1,destruction-piece,groutpost_bld_cranemining
0xA7773FC6,1,0,1,destruction-piece,industrial_bld_silowide
0xA77CDCB5,1,0,1,destruction-piece,island_bld_fortress01
0xA781C065,1,0,1,destruction-piece,oc_veh_boat_oiltanker
0xA78B0642,1,0,0,mesh-node,vz_veh_towed_zu23aa
0xA78E973B,1,0,0,mesh-node,oilrig_simple
0xA7989DB1,1,0,1,destruction-piece,island_bld_fortress01
0xA79EE18C,1,0,0,model-root,0xA79EE18C
0xA7A08CCE,1,0,0,mesh-node,ch_veh_helicopter_ka29b
0xA7A6799D,1,0,0,model-root,0xA7A6799D
0xA7A79B1A,1,0,1,destruction-piece,margarita_bld_condo01
0xA7AD5337,1,0,0,mesh-node,civ_veh_semi_mark
0xA7AD65DC,1,0,0,model-root,0x3A1B2723
0xA7AFC90A,1,0,0,mesh-node,al_veh_boat_lcur
0xA7BCAA26,1,0,1,destruction-piece,chinaoutpost_bld_prison
0xA7C08009,1,0,1,destruction-piece,global_pile06
0xA7D56DAF,1,0,0,model-root,0xA7D56DAF
0xA7D60BD0,1,0,1,destruction-piece,outpost_bld_vzwarehouselarge
0xA7E8876E,1,0,0,model-root,0xA7E8876E
0xA7EB0E20,1,0,0,model-root,0xA7EB0E20
0xA7EDAEBB,1,0,0,mesh-node,ch_veh_boat_destroyer
0xA8007B44,1,0,1,destruction-piece,civ_veh_boat_cargoship
0xA80083A9,1,0,0,mesh-node,0x95F4BA55
0xA81682C9,1,0,0,mesh-node,al_veh_helicopter_ah1z
0xA81CA584,1,0,0,mesh-node,0xEC0DAFF2
0xA81EDEA3,1,0,0,mesh-node,merida_bld_hotel
0xA82816E4,1,0,0,model-root,0xA82816E4
0xA83FF5A4,1,0,1,destruction-piece,civ_veh_bus_escort
0xA844F4AD,1,0,1,destruction-piece,0x2703554F
0xA8501E36,1,0,1,destruction-piece,cumana_bld_hotelfourstar01
0xA85C6E87,1,0,0,mesh-node,al_veh_boat_destroyer
0xA85E0B58,1,0,1,destruction-piece,caracas_bld_skytrammain
0xA86B5ECA,1,0,0,model-root,0xA86B5ECA
0xA8749482,1,0,0,mesh-node,maracaibo_park
0xA8881C3A,1,0,0,mesh-node,maracaibo_park
0xA89B90F8,1,0,1,destruction-piece,groutpost_bld_trailerhut01
0xA8A00E26,1,0,1,destruction-piece,groutpost_bld_trailerhut01
0xA8A1E6E2,1,0,0,mesh-node,vz_veh_plane_tucano
0xA8A84051,1,0,0,mesh-node,ch_veh_apc_wz551
0xA8B128C1,1,0,0,model-root,0xA8B128C1
0xA8C1FDDE,1,0,1,destruction-piece,aloutpost_bld_hangersmall
0xA8C36866,1,0,0,model-root,0xA8C36866
0xA8C77E47,1,0,0,mesh-node,vz_veh_boat_patrol
0xA8DE0895,1,0,1,destruction-piece,0xA948DDA6
0xA8EBB7B0,1,0,0,mesh-node,0x738993DF
0xA8FB2A87,1,0,1,destruction-piece,jungle_wallgate
0xA9203098,1,0,0,model-root,0xA9203098
0xA923B6BC,1,0,0,model-root,global_weapon_pp2000
0xA93863BE,1,0,1,destruction-piece,oilrig_bld_buildingd
0xA93FDCA5,1,0,0,mesh-node,global_veh_rib36
0xA942ACDF,1,0,0,mesh-node,vz_veh_truck_m151_50cal
0xA948DDA6,1,0,0,model-root,0xA948DDA6
0xA9655455,1,0,0,mesh-node,pmc_veh_boat_cigarette
0xA968796E,1,0,0,mesh-node,oilrig_simple
0xA96A4896,1,0,0,mesh-node,al_veh_helicopter_mh53pavelow
0xA96F79B9,1,0,0,mesh-node,civ_veh_plane_727jet
0xA976C0CF,1,0,1,destruction-piece,city_bld_apartment01
0xA9772E04,1,0,1,destruction-piece,0xB0D4E642
0xA97BAB32,1,0,1,destruction-piece,0xB0D4E642
0xA97BF0AE,1,0,0,mesh-node,island_bld_fortress01
0xA9A0E687,1,0,0,mesh-node,0x1FBFBB4B
0xA9A563B5,1,0,0,mesh-node,0x1FBFBB4B
0xA9E5F31A,1,0,1,destruction-piece,0xB0D4E642
0xAA065A74,1,0,0,mesh-node,civ_veh_plane_727jet
0xAA077902,1,0,0,mesh-node,civ_veh_plane_727jet
0xAA09C62E,1,0,0,mesh-node,industrial_bld_warehouse04
0xAA0C6D1A,1,0,0,mesh-node,civ_veh_plane_727jet
0xAA0E53A2,1,0,0,mesh-node,ch_veh_tank_ztz98
0xAA22302E,1,0,0,mesh-node,maracaibo_park
0xAA4DEC8B,1,0,0,model-root,0xAA4DEC8B
0xAA549635,1,0,1,destruction-piece,caracas_bld_capitol
0xAA576F9C,1,0,1,destruction-piece,merida_bld_pmcautoshop
0xAA63D258,1,0,0,mesh-node,al_veh_truck_hmmwv_armored
0xAA792286,1,0,0,mesh-node,al_veh_boat_destroyer
0xAA86A929,1,0,0,mesh-node,oc_veh_truck_ext
0xAA9072C7,1,0,1,destruction-piece,shanty_bld_housegroup05
0xAA9BA5A8,1,0,1,destruction-piece,margarita_bld_condo01
0xAAA2386D,1,0,0,mesh-node,civ_veh_plane_cessna
0xAAA2E88C,1,0,1,destruction-piece,island_bld_fortress01
0xAAA6C6C0,1,0,1,destruction-piece,ch_veh_boat_destroyer
0xAAB7E081,1,0,1,destruction-piece,civ_veh_bus_escort
0xAABD5DF4,1,0,0,mesh-node,global_weapon_stinger
0xAAC1424E,1,0,0,mesh-node,ch_veh_tank_ztz63a
0xAAD74D27,1,0,0,mesh-node,0x3397DE30
0xAADD0E50,1,0,0,mesh-node,pmc_veh_plane_mig27
0xAAE444CA,1,0,0,mesh-node,outpost_bld_govtbld
0xAB06BF9D,1,0,0,mesh-node,caracas_bld_hospitalvargas
0xAB3DBB62,1,0,1,destruction-piece,outskirt_bld_mercbar
0xAB4E0949,1,0,0,mesh-node,merida_bld_universityadmin
0xAB5529CD,1,0,0,model-root,0xAB5529CD
0xAB80F896,1,0,0,mesh-node,ch_veh_tank_ztz98
0xAB85F3EB,1,0,0,mesh-node,industrial_bld_warehouse02
0xAB8AF2D6,1,0,1,destruction-piece,estate_bld_mansion04
0xAB90AED1,1,0,1,destruction-piece,maracaibo_bld_stagerepublica
0xABA13ED1,1,0,0,mesh-node,al_veh_boat_destroyer
0xABACB39C,1,0,1,destruction-piece,island_bld_tower01
0xABDCF73A,1,0,0,mesh-node,al_veh_truck_hmmwv_armored
0xABE4FF57,1,0,0,mesh-node,0xEC0DAFF2
0xABE657B6,1,0,0,mesh-node,ch_veh_tank_pgz95_command
0xABEF6C71,1,0,1,destruction-piece,merida_bld_pmcautoshop
0xAC22129B,1,0,0,mesh-node,chinaoutpost_bld_prison
0xAC298BCD,1,0,0,mesh-node,industrial_bld_warehouse01
0xAC48EB57,1,0,0,model-root,0xAC48EB57
0xAC4CCA41,1,0,0,mesh-node,vz_veh_plane_tucano
0xAC65BEA2,1,0,0,mesh-node,pmc_veh_plane_mig27
0xAC77A82B,1,0,0,mesh-node,ch_veh_plane_transport
0xACA60803,1,0,1,destruction-piece,0x759BDE16
0xACC6DC48,1,0,0,mesh-node,outpost_bld_vzwarehouselarge
0xACC772A0,1,0,1,destruction-piece,proutpost_bld_surveillance
0xACD11E91,1,0,0,mesh-node,0x7604B190
0xACD214CE,1,0,0,model-root,0xACD214CE
0xACE59974,1,0,0,model-root,global_weapon_mk19
0xAD0663D8,1,0,0,mesh-node,maracaibo_park
0xAD07B2B6,1,0,0,mesh-node,merida_bld_soccerstadium
0xAD31CCEA,1,0,1,destruction-piece,maracaibo_bld_skyscraper02
0xAD34B6E7,1,0,0,model-root,0xAD34B6E7
0xAD42994D,1,0,0,mesh-node,outskirt_bld_market04
0xAD543B05,1,0,0,model-root,0xAD543B05
0xAD65C83A,1,0,0,mesh-node,0xFFB1CE7A
0xAD66FE9E,1,0,0,mesh-node,merida_bld_hotel
0xAD767CCB,1,0,1,destruction-piece,0xFD0229C3
0xAD808124,1,0,1,destruction-piece,margarita_bld_condo01
0xADA1FFB9,1,0,1,destruction-piece,shanty_bld_housegroup01
0xADAFCE32,1,0,0,mesh-node,civ_veh_boat_cargoship
0xADC61E48,1,0,0,mesh-node,oc_veh_semi_austin
0xADCA86C9,1,0,0,mesh-node,0x95DF42C4
0xADCE244B,1,0,0,model-root,0xADCE244B
0xADD459B5,1,0,0,mesh-node,ch_veh_plane_q5
0xADE3CED6,1,0,0,model-root,0xADE3CED6
0xADE99496,1,0,1,destruction-piece,aloutpost_bld_supplydepot
0xADF3D2FC,1,0,0,mesh-node,margarita_bld_hotelresort01
0xADF73AB8,1,0,0,mesh-node,ch_veh_boat_huangfeng
0xADF81C66,1,0,1,destruction-piece,proutpost_dockb
0xAE07E2D7,1,0,1,destruction-piece,caracas_bld_capitol
0xAE0C6005,1,0,1,destruction-piece,caracas_bld_capitol
0xAE0E036B,1,0,1,destruction-piece,0x5253854D
0xAE12361C,1,0,0,mesh-node,oc_veh_helicopter_md500
0xAE2819B3,1,0,1,destruction-piece,0xBCBA07EE
0xAE3F73FA,1,0,0,mesh-node,airport_bld_terminal01
0xAE456289,1,0,0,mesh-node,jungle_env_largecanopy01
0xAE57A9DB,1,0,1,destruction-piece,outpost_bld_govtbld
0xAE60B012,1,0,1,destruction-piece,0x60497640
0xAE6534EC,1,0,0,mesh-node,civ_veh_plane_727jet
0xAE66E1F2,1,0,0,mesh-node,pmc_veh_plane_mig27
0xAE68259B,1,0,0,mesh-node,city_bld_skyscraper03
0xAE86DDC2,1,0,1,destruction-piece,maracaibo_bld_skyscraper02
0xAE8F67DF,1,0,0,model-root,global_pickup_rockets
0xAE98BC63,1,0,1,destruction-piece,aloutpost_bld_supplydepot
0xAE997128,1,0,0,model-root,0xAE997128
0xAE9A7BA9,1,0,1,destruction-piece,ocoutpost_bld_guardpost01
0xAEAA53E7,1,0,0,model-root,0xAEAA53E7
0xAEB38090,1,0,0,mesh-node,city_bld_standalone01
0xAEC2A18E,1,0,1,destruction-piece,shanty_bld_housegroup05
0xAEC70587,1,0,0,mesh-node,outpost_bld_warehouse01
0xAED68AF9,1,0,0,model-root,0xAED68AF9
0xAEDB7031,1,0,0,mesh-node,civ_veh_plane_727jet
0xAEE44824,1,0,0,model-root,0xAEE44824
0xAF04A632,1,0,0,mesh-node,global_containertransplant
0xAF0E4774,1,0,0,mesh-node,al_veh_boat_destroyer
0xAF10E22F,1,0,1,destruction-piece,outpost_bld_vzwarehouselarge
0xAF559415,1,0,0,mesh-node,civ_veh_boat_cargoship
0xAF5EE342,1,0,0,mesh-node,maracaibo_park
0xAF713289,1,0,1,destruction-piece,civ_veh_car_van_commercial
0xAF7B302C,1,0,0,mesh-node,civ_veh_truck_garbage
0xAF7F532E,1,0,0,mesh-node,oilrig_simple
0xAF88ED71,1,0,0,mesh-node,global_locationmarker
0xAF956CD9,1,0,1,destruction-piece,0xA948DDA6
0xAFA36E6D,1,0,1,destruction-piece,industrial_bld_warehouse06
0xAFA9D3E2,1,0,0,mesh-node,ch_veh_helicopter_ka29b
0xAFB6BCAA,1,0,0,mesh-node,airport_bld_terminal01
0xAFC0F23B,1,0,1,destruction-piece,outpost_bld_vzwarehouselarge
0xAFC509CF,1,0,1,destruction-piece,global_pile06
0xB00CD198,1,0,0,mesh-node,civ_veh_car_taxi_tercel
0xB019E63F,1,0,0,mesh-node,maracaibo_park
0xB02A6567,1,0,0,mesh-node,0x307D6AE1
0xB061B32D,1,0,0,mesh-node,0x307D6AE1
0xB0795F92,1,0,0,mesh-node,ch_veh_boat_destroyer
0xB07C4EE2,1,0,1,destruction-piece,0xC68ADB00
0xB091A370,1,0,0,mesh-node,industrial_bld_refinery03
0xB09E6D38,1,0,0,mesh-node,ch_veh_tank_ztz98
0xB0A2EA66,1,0,0,mesh-node,ch_veh_tank_ztz98
0xB0A6B7C3,1,0,0,mesh-node,city_bld_standalone01
0xB0B80BCA,1,0,1,destruction-piece,aloutpost_bld_barracks01
0xB0C687A4,1,0,1,destruction-piece,village_bld_plantation02
0xB0C7C6C2,1,0,0,mesh-node,oc_veh_boat_turbosquid
0xB0D4E642,1,0,0,model-root,0xB0D4E642
0xB0D74856,1,0,0,mesh-node,margarita_bld_condo01
0xB0DDA4B7,1,0,0,model-root,0xB0DDA4B7
0xB0F40BFC,1,0,1,destruction-piece,island_bld_fortress01
0xB10171A6,1,0,0,mesh-node,global_env_hedgelong
0xB1058926,1,0,1,destruction-piece,industrial_bld_towerrefinerysmall
0xB1203209,1,0,0,mesh-node,airport_bld_terminal01
0xB121C6F8,1,0,1,destruction-piece,margarita_bld_condo01
0xB121E74C,1,0,1,destruction-piece,al_veh_boat_destroyer
0xB1357EB8,1,0,0,mesh-node,outpost_bld_vzwarehouselarge
0xB1371986,1,0,1,destruction-piece,chinaoutpost_bld_commbunker01
0xB139FBE6,1,0,0,mesh-node,outpost_bld_vzwarehouselarge
0xB13CBEBA,1,0,0,mesh-node,oilrig_bld_buildingb
0xB14399D8,1,0,0,model-root,0xB14399D8
0xB14CB8F7,1,0,1,destruction-piece,al_veh_boat_destroyer
0xB16ADAE3,1,0,1,destruction-piece,maracaibo_bld_corner16x32a
0xB173026D,1,0,1,destruction-piece,oilrig_simple
0xB1813D38,1,0,0,mesh-node,pmcoutpost_interior_recruitmechanic
0xB18458AE,1,0,0,mesh-node,civ_veh_plane_727jet
0xB1B3412E,1,0,1,destruction-piece,groutpost_bld_earthmover
0xB1D5D370,1,0,1,destruction-piece,groutpost_bld_earthmover
0xB1EB4812,1,0,0,model-root,global_weapon_bullpup
0xB1F8ED1D,1,0,0,mesh-node,oc_veh_helicopter_md500
0xB1FAC1BC,1,0,0,mesh-node,global_veh_rib36
0xB1FC33ED,1,0,1,destruction-piece,0x07FC456B
0xB1FF1801,1,0,0,mesh-node,0x7604B190
0xB2132B0F,1,0,0,mesh-node,gr_veh_tank_m551sheridan
0xB2216B4A,1,0,0,mesh-node,civ_veh_boat_cargoship
0xB2279FD1,1,0,0,model-root,0xB2279FD1
0xB22C37AC,1,0,0,mesh-node,pmc_veh_car_camo_veyron
0xB23AFE21,1,0,1,destruction-piece,chinaoutpost_bld_commbunker01
0xB24B028E,1,0,1,destruction-piece,jungle_wallgate
0xB2588DAE,1,0,0,mesh-node,0x307D6AE1
0xB2745F0D,1,0,1,destruction-piece,village_bld_plantation02
0xB288F236,1,0,1,destruction-piece,civ_veh_bus_escort
0xB28E2687,1,0,0,mesh-node,oc_veh_helicopter_md500
0xB2B16705,1,0,1,destruction-piece,groutpost_bld_trailerhut01
0xB2B6B875,1,0,1,destruction-piece,shanty_bld_apartment04
0xB2B87AF4,1,0,1,destruction-piece,caracas_bld_skytrammain
0xB2B90A56,1,0,0,mesh-node,city_bld_skyscraper03
0xB2BD1ECD,1,0,0,mesh-node,al_veh_boat_destroyer
0xB2E403B4,1,0,0,mesh-node,city_bld_skyscraper03
0xB2E880E2,1,0,0,mesh-node,city_bld_skyscraper03
0xB2F3637D,1,0,0,mesh-node,vz_veh_boat_type14311
0xB2FE994A,1,0,0,mesh-node,al_veh_boat_markv
0xB333A1F6,1,0,1,destruction-piece,chinaoutpost_bld_storage
0xB3343620,1,0,1,destruction-piece,0x56D04AA8
0xB339F4B1,1,0,0,mesh-node,ch_veh_truck_nglv_armored_50cal
0xB34EC7CA,1,0,0,mesh-node,civ_veh_boat_cargoship
0xB3543461,1,0,0,model-root,0xB3543461
0xB358AA8C,1,0,1,destruction-piece,0x07FC456B
0xB360BA93,1,0,1,destruction-piece,0x3511CCE7
0xB373BD67,1,0,1,destruction-piece,island_bld_fortress01
0xB379D24D,1,0,0,mesh-node,oilrig_simple
0xB37D350B,1,0,0,mesh-node,jungle_bld_ruinshotelfront
0xB381B239,1,0,0,mesh-node,jungle_bld_ruinshotelfront
0xB383608E,1,0,0,mesh-node,al_veh_helicopter_mh53pavelow
0xB389C6BF,1,0,1,destruction-piece,margarita_bld_condo01
0xB39E1B69,1,0,0,mesh-node,margarita_bld_condo01
0xB3A092AE,1,0,0,mesh-node,white_bld_segment8x16a
0xB3A73C8B,1,0,0,mesh-node,ch_veh_boat_huangfeng
0xB3AF9FA0,1,0,0,mesh-node,ch_veh_boat_huangfeng
0xB3BA2A17,1,0,1,destruction-piece,oilrig_bld_buildingc
0xB3D8352D,1,0,0,model-root,0xB3D8352D
0xB3EAE17C,1,0,0,mesh-node,ch_veh_tank_pgz95_command
0xB3EBE359,1,0,0,model-root,global_weapon_hellfire
0xB3EF9F20,1,0,0,mesh-node,industrial_bld_warehouselarge01
0xB3EFDFAC,1,0,0,model-root,0xB3EFDFAC
0xB404707E,1,0,1,destruction-piece,ch_veh_helicopter_ka29b
0xB41640E5,1,0,0,mesh-node,ocoutpost_interior_hq
0xB4263269,1,0,0,model-root,0xB4263269
0xB433890D,1,0,0,mesh-node,maracaibo_park
0xB4403447,1,0,0,mesh-node,chinaoutpost_bld_prison
0xB4413364,1,0,1,destruction-piece,island_bld_fortress01
0xB444B175,1,0,0,mesh-node,chinaoutpost_bld_prison
0xB47D30CF,1,0,1,destruction-piece,cumana_bld_fortress01
0xB47E16AB,1,0,0,mesh-node,pmc_veh_motorcycle_tankbike
0xB4B87847,1,0,1,destruction-piece,outskirt_bld_house05
0xB4B8DB21,1,0,0,mesh-node,maracaibo_park
0xB4E46511,1,0,0,mesh-node,pmc_veh_boat_cigarette
0xB4EFA7CE,1,0,1,destruction-piece,merida_bld_universityadmin
0xB4F58342,1,0,0,mesh-node,shanty_bld_house02
0xB4F7CF98,1,0,0,mesh-node,global_veh_scorpiondpv
0xB5123A10,1,0,1,destruction-piece,merida_bld_universityadmin
0xB51C42CB,1,0,0,mesh-node,global_env_scrub03
0xB52577D2,1,0,0,mesh-node,oc_veh_truck_mtv_guntruck
0xB540B9BC,1,0,1,destruction-piece,0x759BDE16
0xB54C2C8E,1,0,1,destruction-piece,outpost_bld_municipal_fence
0xB5529F38,1,0,0,model-root,0xB5529F38
0xB56B8864,1,0,0,mesh-node,merida_bld_hotel
0xB5779E2D,1,0,0,mesh-node,ch_veh_helicopter_ka29b
0xB5925175,1,0,0,mesh-node,civ_veh_truck_bank
0xB59A03D7,1,0,1,destruction-piece,0x4AB6F9B6
0xB59E8105,1,0,1,destruction-piece,0x4AB6F9B6
0xB5B2BF0A,1,0,0,mesh-node,0x1FBFBB4B
0xB5B6B4A3,1,0,0,mesh-node,vz_veh_boat_type14311
0xB5BD5DC1,1,0,0,mesh-node,al_veh_boat_lcur
0xB5C1A5C1,1,0,0,mesh-node,civ_veh_plane_727jet
0xB5C3E2EE,1,0,0,mesh-node,vz_veh_boat_type14311
0xB5CF2FBA,1,0,0,mesh-node,gr_veh_tank_m551sheridan
0xB5F7B095,1,0,0,mesh-node,ch_veh_tank_pgz95_command
0xB5F81D61,1,0,0,model-root,0xB5F81D61
0xB5FFBC69,1,0,0,mesh-node,aloutpost_bld_storage
0xB6141A23,1,0,1,destruction-piece,civ_veh_boat_cargoship
0xB62CFFF1,1,0,0,mesh-node,civ_veh_boat_cargoship
0xB636E08D,1,0,0,model-root,0xB636E08D
0xB638C828,1,0,1,destruction-piece,industrial_bld_warehouselarge01
0xB63BEA0E,1,0,0,mesh-node,outskirt_bld_market04
0xB6478F1A,1,0,0,mesh-node,al_veh_boat_lcur
0xB649EC4F,1,0,0,mesh-node,jungle_env_largecanopy01
0xB6730078,1,0,1,destruction-piece,outpost_bld_municipal_fence
0xB675CB87,1,0,1,destruction-piece,outpost_bld_govtbld
0xB68F294E,1,0,1,destruction-piece,village_bld_plantation02
0xB691ED9B,1,0,0,mesh-node,chinaoutpost_bld_storage
0xB6957814,1,0,0,mesh-node,city_bld_standalone01
0xB6AE5FDA,1,0,1,destruction-piece,0xCFAC6851
0xB6BB1F0F,1,0,0,mesh-node,global_fountainsmall
0xB6C4AD6F,1,0,0,mesh-node,outpost_bld_vzwarehouselarge
0xB6E49B02,1,0,0,model-root,0xB6E49B02
0xB6F6DB8E,1,0,0,mesh-node,oc_veh_helicopter_md500
0xB70434FF,1,0,0,mesh-node,maracaibo_park
0xB70951D9,1,0,0,mesh-node,pmcoutpost_planter01
0xB7310CF7,1,0,0,mesh-node,global_weapon_parachute
0xB731849C,1,0,0,mesh-node,airport_bld_terminal01
0xB7372F44,1,0,0,mesh-node,ch_veh_truck_sx2150_mlrs
0xB74D88D5,1,0,1,destruction-piece,0x759BDE16
0xB7609F49,1,0,0,mesh-node,cumana_bld_fortress01
0xB769E30C,1,0,0,mesh-node,pmc_veh_motorcycle_tankbike
0xB775BC4F,1,0,1,destruction-piece,civ_veh_car_van_commercial
0xB77E5B02,1,0,0,mesh-node,civ_veh_car_taxi_tercel
0xB797CD05,1,0,1,destruction-piece,aloutpost_bld_supplydepot
0xB799F69F,1,0,1,destruction-piece,0xA948DDA6
0xB79DC284,1,0,0,mesh-node,dlc_outskirt_interior_hq
0xB7AA55C4,1,0,0,model-root,0xB7AA55C4
0xB7B474DC,1,0,0,mesh-node,aloutpost_bld_supplydepot
0xB7B8CEF0,1,0,1,destruction-piece,global_weapon_quad50
0xB7C3EF6F,1,0,0,mesh-node,oc_veh_semi_austin
0xB7DBAA12,1,0,0,mesh-node,pmc_veh_truck_ext
0xB7FCDDB5,1,0,0,mesh-node,industrial_bld_gasstationpump01
0xB7FCE2DC,1,0,0,mesh-node,0x7604B190
0xB804F817,1,0,1,destruction-piece,proutpost_dockb
0xB80A714A,1,0,0,mesh-node,maracaibo_park
0xB81483DA,1,0,0,mesh-node,ch_veh_helicopter_ka29b
0xB820A5C1,1,0,1,destruction-piece,ocoutpost_bld_warehouse01
0xB8256AAC,1,0,0,model-root,0xB8256AAC
0xB82BFF5B,1,0,1,destruction-piece,industrial_bld_warehouselarge01
0xB8304FD3,1,0,1,destruction-piece,village_bld_cattleranch
0xB85EB471,1,0,0,mesh-node,civ_veh_plane_727jet
0xB86812C6,1,0,0,mesh-node,global_weapon_stinger
0xB86DD847,1,0,0,mesh-node,commercial_bld_supermarket
0xB86F5F47,1,0,0,mesh-node,0x86D7CF92
0xB881403B,1,0,0,mesh-node,civ_veh_truck_bank
0xB88151D0,1,0,1,destruction-piece,civ_veh_bus_escort
0xB8995D04,1,0,0,model-root,global_propanetanklargeb
0xB8AB9E15,1,0,0,mesh-node,ocoutpost_bld_warehouse01
0xB8C80E41,1,0,0,mesh-node,ch_veh_tank_plz45b
0xB8CA9ACE,1,0,0,mesh-node,maracaibo_bld_skyscraper02
0xB8F0EB68,1,0,1,destruction-piece,cumana_bld_fortress01
0xB905CAD8,1,0,0,mesh-node,pmc_hum_mattias
0xB919A466,1,0,0,mesh-node,civ_veh_semi_austin
0xB93257EA,1,0,0,mesh-node,residential_bld_corner16x16a
0xB93321F2,1,0,0,mesh-node,pr_veh_helicopter_alouetteiii
0xB940DB19,1,0,1,destruction-piece,shanty_bld_housegroup03
0xB94E32D8,1,0,0,mesh-node,outskirt_bld_market04
0xB9616BC1,1,0,1,destruction-piece,global_pile05
0xB96673BD,1,0,0,mesh-node,ch_veh_tank_pgz95_command
0xB97D45FE,1,0,0,mesh-node,maracaibo_park
0xB97E3E57,1,0,1,destruction-piece,0xCB4C6EAB
0xB9965AC8,1,0,0,mesh-node,maracaibo_park
0xB9B56DC3,1,0,1,destruction-piece,caracas_bld_skytrammain
0xB9BCEA89,1,0,1,destruction-piece,civ_veh_car_r90_limo
0xB9C902E6,1,0,0,model-root,0xB9C902E6
0xB9D162DA,1,0,1,destruction-piece,groutpost_bld_earthmover
0xB9DCE158,1,0,1,destruction-piece,chinaoutpost_bld_commbunker01
0xB9E7B434,1,0,0,mesh-node,ch_veh_boat_destroyer
0xB9F0B070,1,0,0,mesh-node,al_veh_helicopter_mh53pavelow
0xB9FCE482,1,0,0,model-root,0xB9FCE482
0xBA067034,1,0,1,destruction-piece,cumana_bld_fortress01
0xBA09DC5D,1,0,1,destruction-piece,civ_veh_truck_bank
0xBA0AED62,1,0,1,destruction-piece,cumana_bld_fortress01
0xBA18A1DF,1,0,0,model-root,0xBA18A1DF
0xBA3540DE,1,0,0,mesh-node,0x1FBFBB4B
0xBA358160,1,0,0,mesh-node,al_veh_plane_a10
0xBA362227,1,0,0,mesh-node,vz_veh_tank_scorpion90
0xBA37FCDF,1,0,1,destruction-piece,shanty_bld_apartment01
0xBA4F8C54,1,0,1,destruction-piece,jungle_wallgate
0xBA50CB86,1,0,1,destruction-piece,residential_bld_corner16x16e
0xBA591B26,1,0,1,destruction-piece,chinaoutpost_bld_storage
0xBA884EDC,1,0,0,model-root,global_weapon_m21at
0xBA8B7345,1,0,1,destruction-piece,civ_veh_car_pony_crappy
0xBA8DCD3A,1,0,0,mesh-node,oilrig_simple
0xBA95C76B,1,0,1,destruction-piece,city_bld_corner16x32a
0xBAA66388,1,0,0,mesh-node,0x51DA41FE
0xBAAFC617,1,0,0,mesh-node,ch_veh_tank_ztz98
0xBAB8E509,1,0,0,mesh-node,industrial_bld_gasstationpump01
0xBAE42407,1,0,0,mesh-node,caracas_bld_parquecentral03
0xBAE48A48,1,0,0,mesh-node,civ_veh_car_w8_normal
0xBAE8A135,1,0,0,mesh-node,caracas_bld_parquecentral03
0xBAFED6C8,1,0,0,mesh-node,civ_veh_car_phoenix_crappy
0xBB01457E,1,0,1,destruction-piece,cumana_bld_fortress01
0xBB0C431B,1,0,1,destruction-piece,0x45CC35FE
0xBB10154B,1,0,1,destruction-piece,island_bld_fortress01
0xBB233912,1,0,0,mesh-node,dlc_outskirt_interior_hq
0xBB2ABCCE,1,0,1,destruction-piece,white_bld_segment16x16a
0xBB318935,1,0,1,destruction-piece,0xEAA71CCB
0xBB38C36E,1,0,0,mesh-node,pmcoutpost_planter01
0xBB3C02BE,1,0,1,destruction-piece,oc_veh_boat_oiltanker
0xBB45366F,1,0,0,model-root,0xBB45366F
0xBB472E45,1,0,0,model-root,global_munitions_bunkerbuster
0xBB58BE27,1,0,0,model-root,0xBB58BE27
0xBB70613E,1,0,1,destruction-piece,maracaibo_bld_skyscraper02
0xBB79A564,1,0,0,mesh-node,al_veh_boat_lcur
0xBB847E59,1,0,0,mesh-node,pmc_veh_motorcycle_tankbike
0xBB8FDB7A,1,0,1,destruction-piece,pmcoutpost_bld_hqgarage
0xBB952D5E,1,0,0,mesh-node,civ_veh_car_phoenix_crappy
0xBB9549B3,1,0,0,mesh-node,civ_veh_boat_fishing
0xBBAAB636,1,0,1,destruction-piece,al_veh_helicopter_mh53pavelow
0xBBBDC7E2,1,0,0,mesh-node,vz_veh_boat_type14311
0xBBC72382,1,0,0,mesh-node,merida_bld_universityadmin
0xBBDAAB3A,1,0,0,mesh-node,pmcoutpost_bld_hq
0xBBF11523,1,0,1,destruction-piece,al_veh_boat_destroyer
0xBBFF2920,1,0,0,model-root,0x5D2E359B
0xBC157EF7,1,0,1,destruction-piece,commercial_wallshort
0xBC17DB64,1,0,0,mesh-node,al_veh_truck_hmmwv_armored
0xBC19060A,1,0,1,destruction-piece,cumana_bld_fortress01
0xBC2851A9,1,0,0,mesh-node,civ_veh_boat_cargoship
0xBC2AAD6E,1,0,1,destruction-piece,0xE7D6462D
0xBC380A40,1,0,0,mesh-node,city_bld_skyscraper03
0xBC3C05A0,1,0,0,mesh-node,vz_veh_boat_patrol
0xBC3E7B4C,1,0,0,mesh-node,pmcoutpost_planter01
0xBC442753,1,0,0,model-root,0xBC442753
0xBC47711C,1,0,0,mesh-node,0x25B3F7BC
0xBC4B0A53,1,0,0,mesh-node,0x1FBFBB4B
0xBC7E5DCA,1,0,0,mesh-node,oc_veh_boat_oiltanker
0xBC7F259B,1,0,0,mesh-node,civ_veh_boat_cargoship
0xBC9735DB,1,0,0,mesh-node,al_veh_truck_hmmwv_avenger
0xBCA9025D,1,0,1,destruction-piece,margarita_bld_condo01
0xBCB24E26,1,0,1,destruction-piece,groutpost_bld_cranemining
0xBCBD64E7,1,0,0,mesh-node,maracaibo_park
0xBCC98BC1,1,0,0,mesh-node,pmc_veh_motorcycle_devastator
0xBCCEF3A9,1,0,1,destruction-piece,shanty_bld_housegroup05
0xBCD556D3,1,0,1,destruction-piece,groutpost_bld_trailerhut01
0xBCF23437,1,0,0,mesh-node,ch_veh_boat_destroyer
0xBD127018,1,0,1,destruction-piece,0xF4AF3C5B
0xBD1DCC15,1,0,0,mesh-node,caracas_fountainparquecentral
0xBD2AFD97,1,0,0,mesh-node,al_veh_boat_destroyer
0xBD2F7AC5,1,0,0,mesh-node,al_veh_boat_destroyer
0xBD2FD71A,1,0,0,model-root,vzoutpost_bld_guardtower_al
0xBD348979,1,0,0,mesh-node,global_weapon_tripodmount
0xBD4D0A98,1,0,0,model-root,0xBD4D0A98
0xBD4F4C4D,1,0,0,mesh-node,aloutpost_bld_hanger
0xBD57739F,1,0,1,destruction-piece,0x493FD997
0xBD68CBFB,1,0,0,model-root,0xBD68CBFB
0xBD70FD62,1,0,1,destruction-piece,outpost_bld_vzwarehouselarge
0xBD817179,1,0,1,destruction-piece,al_veh_boat_destroyer
0xBD9ACB06,1,0,0,mesh-node,0x25B3F7BC
0xBD9BFC5B,1,0,1,destruction-piece,island_bld_fortress01
0xBDA20B0D,1,0,1,destruction-piece,oilrig_simple
0xBDAFB470,1,0,0,mesh-node,al_veh_truck_hmmwv_avenger
0xBDB1EB8D,1,0,0,mesh-node,white_bld_corner8x16a
0xBDB43895,1,0,0,mesh-node,oilrig_att_pipeblowout
0xBDD2070E,1,0,1,destruction-piece,merida_bld_pmcautoshop
0xBDD2D13C,1,0,0,mesh-node,civ_veh_truck_garbage
0xBDD95E02,1,0,0,mesh-node,airport_bld_terminal01
0xBDE06DCB,1,0,0,model-root,0xBDE06DCB
0xBDED6905,1,0,1,destruction-piece,outpost_bld_vzwarehouselarge
0xBDEEFF27,1,0,0,mesh-node,0x56D04AA8
0xBE0A3164,1,0,1,destruction-piece,aloutpost_bld_supplydepot
0xBE111D5F,1,0,0,mesh-node,vz_veh_helicopter_alouetteiii
0xBE15D044,1,0,1,destruction-piece,pmcoutpost_planter01
0xBE1E709C,1,0,1,destruction-piece,ocoutpost_bld_warehouse01
0xBE1F4423,1,0,0,model-root,0xBE1F4423
0xBE448ED1,1,0,0,model-root,0xBE448ED1
0xBE45C74D,1,0,1,destruction-piece,pmcoutpost_bld_hqgarage
0xBE614F82,1,0,0,model-root,gr_veh_truck_m35_guntruck_50cal
0xBE63760B,1,0,0,mesh-node,industrial_bld_warehouse01
0xBE6A7BE1,1,0,0,mesh-node,jungle_env_treesmall01
0xBE6FF46B,1,0,1,destruction-piece,outpost_bld_vzwarehouselarge
0xBE8CD546,1,0,0,mesh-node,caracas_fountainparquecentral
0xBE8EC839,1,0,0,mesh-node,vz_veh_truck_m151_50cal
0xBE93B314,1,0,1,destruction-piece,village_bld_plantation02
0xBE9B6591,1,0,0,mesh-node,industrial_bld_warehouse01
0xBEAC90DB,1,0,0,mesh-node,ch_veh_boat_destroyer
0xBEB7F4FB,1,0,0,mesh-node,city_bld_skyscraper03
0xBEC05BF8,1,0,0,model-root,0xBEC05BF8
0xBEC4214F,1,0,0,mesh-node,al_veh_plane_c130
0xBEC5D91C,1,0,0,mesh-node,ch_veh_tank_plz45b
0xBEE0900B,1,0,0,mesh-node,pr_veh_helicopter_alouetteiii
0xBEEB18F7,1,0,1,destruction-piece,pmcoutpost_bld_hq
0xBEF5A0BF,1,0,0,mesh-node,global_veh_scorpiondpv
0xBF013A0F,1,0,1,destruction-piece,cumana_bld_fortress01
0xBF30BE39,1,0,1,destruction-piece,oilrig_bld_buildingb
0xBF533F55,1,0,0,mesh-node,civ_veh_boat_cargoship
0xBF5F369C,1,0,1,destruction-piece,global_pile05
0xBF5F444E,1,0,0,mesh-node,ch_veh_helicopter_ka29b
0xBF7736B0,1,0,0,mesh-node,ch_veh_plane_transport
0xBF9AF36B,1,0,0,model-root,0xBF9AF36B
0xBF9C4D8D,1,0,0,mesh-node,al_veh_helicopter_mh53pavelow
0xBF9DC917,1,0,0,mesh-node,al_veh_helicopter_mh53pavelow
0xBFAB7962,1,0,1,destruction-piece,civ_veh_truck_ambulance
0xBFB45E5A,1,0,1,destruction-piece,global_weapon_quad50
0xBFBAE7B1,1,0,0,mesh-node,maracaibo_park
0xBFBE3D1F,1,0,0,mesh-node,pmc_veh_boat_cigarette
0xBFCCDA3E,1,0,0,mesh-node,oc_veh_helicopter_md500
0xBFD63F4B,1,0,0,mesh-node,chinaoutpost_bld_storage
0xBFEFC98B,1,0,0,mesh-node,merida_bld_hotel
0xBFF97F40,1,0,1,destruction-piece,industrial_bld_silowide
0xC0129239,1,0,0,mesh-node,airport_bld_terminal01
0xC02BD6A2,1,0,1,destruction-piece,civ_veh_bus_escort
0xC0310684,1,0,1,destruction-piece,0x09139BCD
0xC037E486,1,0,0,model-root,0xC037E486
0xC047A930,1,0,1,destruction-piece,oc_veh_helicopter_md500
0xC04BFCB3,1,0,0,mesh-node,al_veh_truck_hmmwv_armored
0xC056A190,1,0,0,mesh-node,civ_veh_plane_727jet
0xC062D788,1,0,0,mesh-node,al_veh_helicopter_mh53pavelow
0xC0674136,1,0,0,mesh-node,global_veh_rib36
0xC0784EC9,1,0,0,mesh-node,aloutpost_bld_largetent
0xC08BD681,1,0,0,mesh-node,industrial_bld_silowide
0xC08DEB55,1,0,0,mesh-node,civ_veh_boat_swamp
0xC098ABFD,1,0,0,mesh-node,industrial_bld_gasstationpump01
0xC0A0487C,1,0,0,mesh-node,0x51DA41FE
0xC0B082DF,1,0,1,destruction-piece,groutpost_bld_shacktall01
0xC0B48944,1,0,0,mesh-node,ch_veh_plane_q5
0xC0B674CE,1,0,0,mesh-node,0x7604B190
0xC0BDEF76,1,0,0,mesh-node,margarita_bld_condo01
0xC0CE72BE,1,0,0,mesh-node,ch_veh_apc_zbd2000
0xC0D8EF1A,1,0,0,mesh-node,commercial_bld_segment8x16e
0xC0E683F9,1,0,1,destruction-piece,0x4761451B
0xC0F10236,1,0,0,mesh-node,city_bld_skyscraper03
0xC0F10500,1,0,0,mesh-node,ch_veh_apc_zbd2000
0xC0FE5EE6,1,0,0,mesh-node,commercial_bld_segment8x16e
0xC1238CA6,1,0,0,model-root,vzoutpost_bld_hangar_oc
0xC1331508,1,0,0,mesh-node,civ_veh_truck_garbage
0xC13C2A82,1,0,0,mesh-node,0x25B3F7BC
0xC157D722,1,0,0,mesh-node,aloutpost_bld_storage
0xC1618D7E,1,0,1,destruction-piece,chinaoutpost_bld_storage
0xC164CC06,1,0,1,destruction-piece,village_bld_cattleranch
0xC166A4C3,1,0,1,destruction-piece,oilrig_bld_buildingb
0xC18C5599,1,0,1,destruction-piece,caracas_bld_skytrammain
0xC19DA3E0,1,0,1,destruction-piece,caracas_bld_skytrammain
0xC1B7B3F0,1,0,0,mesh-node,pmcoutpost_planter01
0xC1C0CA47,1,0,0,mesh-node,pmc_veh_motorcycle_tankbike
0xC1D70399,1,0,1,destruction-piece,0xB0D4E642
0xC202E2C9,1,0,1,destruction-piece,civ_veh_boat_cargoship
0xC218DF1D,1,0,0,mesh-node,civ_veh_bus_escort
0xC21F0D09,1,0,0,mesh-node,0xEC0DAFF2
0xC2235E7E,1,0,0,model-root,0xC2235E7E
0xC228DF66,1,0,0,mesh-node,0xA948DDA6
0xC22A7E69,1,0,0,model-root,0xC22A7E69
0xC22FCBCE,1,0,1,destruction-piece,oc_veh_boat_oiltanker
0xC231D7A3,1,0,0,mesh-node,commercial_bld_segment8x16e
0xC236581D,1,0,1,destruction-piece,city_bld_corner16x32a
0xC2393EA7,1,0,1,destruction-piece,island_bld_fortress01
0xC239CAA4,1,0,0,mesh-node,0x1FBFBB4B
0xC255554C,1,0,1,destruction-piece,residential_bld_corner16x16e
0xC25B21B3,1,0,1,destruction-piece,chinaoutpost_bld_commbunker01
0xC26DC525,1,0,0,model-root,0xC26DC525
0xC278443C,1,0,0,model-root,al_veh_plane_a10
0xC27FA59D,1,0,0,mesh-node,outpost_bld_govtbld
0xC2AA7DD1,1,0,0,mesh-node,maracaibo_park
0xC2DB6100,1,0,1,destruction-piece,margarita_bld_condo01
0xC2DBF3AD,1,0,0,mesh-node,maracaibo_bld_skyscraper02
0xC2EED495,1,0,0,mesh-node,global_checkpointa
0xC2FA2740,1,0,0,mesh-node,0x25B3F7BC
0xC3039BFF,1,0,0,mesh-node,pmc_hum_mattias
0xC304F0AE,1,0,0,model-root,0xC304F0AE
0xC31C75B3,1,0,1,destruction-piece,oilrig_bld_buildingc
0xC3256850,1,0,0,mesh-node,civ_veh_truck_impact
0xC3521F10,1,0,0,model-root,0xC3521F10
0xC356F278,1,0,1,destruction-piece,residential_bld_corner16x16e
0xC3799589,1,0,1,destruction-piece,0xB0D4E642
0xC382B87B,1,0,1,destruction-piece,0xFD0229C3
0xC385AF26,1,0,0,mesh-node,caracas_bld_skytrammain
0xC38E9EDD,1,0,0,mesh-node,maracaibo_park
0xC3942BEF,1,0,0,mesh-node,maracaibo_park
0xC39474FE,1,0,0,model-root,0x453D1A5D
0xC3955864,1,0,0,mesh-node,0xB0D4E642
0xC396C120,1,0,1,destruction-piece,island_bld_fortress01
0xC3A7B3A7,1,0,0,mesh-node,maracaibo_park
0xC3D4DA8B,1,0,1,destruction-piece,0x949187D0
0xC3E120A4,1,0,0,model-root,0x654C5747
0xC3FEF3BC,1,0,0,mesh-node,pmc_hum_chris_v2
0xC40A4410,1,0,1,destruction-piece,caracas_bld_capitol
0xC41486C1,1,0,0,mesh-node,civ_veh_truck_bank
0xC43399AA,1,0,0,mesh-node,city_bld_skyscraper03
0xC44699BD,1,0,0,mesh-node,0x1FBFBB4B
0xC45106D2,1,0,1,destruction-piece,outskirt_bld_mercbar
0xC46157B6,1,0,0,mesh-node,maracaibo_bld_corner32x32b
0xC4650EF6,1,0,1,destruction-piece,merida_bld_pmcautoshop
0xC46E0551,1,0,1,destruction-piece,0xCB4C6EAB
0xC47C7138,1,0,0,mesh-node,ch_veh_tank_ztz63a
0xC4A13848,1,0,1,destruction-piece,outpost_bld_govtbld
0xC4B4F62E,1,0,1,destruction-piece,city_bld_corner16x32a
0xC4BDFDC6,1,0,1,destruction-piece,island_bld_fortress01
0xC4C52DE2,1,0,0,model-root,0xC4C52DE2
0xC4C68DC9,1,0,0,mesh-node,al_veh_plane_ac130_spooky
0xC4E25B6F,1,0,0,mesh-node,civ_veh_car_w8_normal
0xC4EF41BA,1,0,0,mesh-node,caracas_bld_skytrammain
0xC4F90A09,1,0,1,destruction-piece,outpost_bld_vzwarehouselarge
0xC50278C4,1,0,0,mesh-node,al_veh_helicopter_ah1z
0xC509FF9C,1,0,0,mesh-node,oc_veh_helicopter_md500
0xC50C6459,1,0,0,mesh-node,proutpost_att_neona
0xC5276556,1,0,1,destruction-piece,maracaibo_bld_skyscraper02
0xC53BF009,1,0,1,destruction-piece,industrial_bld_silowide
0xC54735B8,1,0,0,mesh-node,civ_veh_truck_ambulance
0xC54A29AB,1,0,1,destruction-piece,residential_bld_corner16x16e
0xC5584C95,1,0,1,destruction-piece,aloutpost_bld_supplydepot
0xC55952F2,1,0,0,mesh-node,civ_veh_plane_727jet
0xC56AD84D,1,0,1,destruction-piece,pmcoutpost_bld_hqgarage
0xC576B6F6,1,0,1,destruction-piece,ch_veh_boat_destroyer
0xC57864B1,1,0,0,mesh-node,maracaibo_park
0xC5795DA5,1,0,0,mesh-node,al_veh_truck_hmmwv_armored
0xC581BA1D,1,0,1,destruction-piece,maracaibo_bld_skyscraper02
0xC5829E95,1,0,0,mesh-node,city_bld_skyscraper02
0xC586FE41,1,0,1,destruction-piece,0xEA7F9F3F
0xC596628A,1,0,0,mesh-node,al_veh_boat_destroyer
0xC59C6431,1,0,0,mesh-node,outpost_bld_vzwarehouselarge
0xC5A4FC48,1,0,0,mesh-node,outskirt_bld_mercbar
0xC5AB43DA,1,0,0,mesh-node,civ_veh_semi_mark
0xC5AB8921,1,0,0,mesh-node,pmc_hum_chris_v3
0xC5C7618A,1,0,0,mesh-node,al_veh_boat_destroyer
0xC5CAFEE6,1,0,0,mesh-node,oc_veh_boat_turbosquid
0xC5D79CBA,1,0,0,mesh-node,maracaibo_park
0xC5E31B20,1,0,0,model-root,0xC5E31B20
0xC5E3BD72,1,0,1,destruction-piece,cumana_bld_fortress01
0xC5EDEFBD,1,0,0,model-root,0x5B3F7B96
0xC5F3E9EF,1,0,0,mesh-node,global_prop_spotlight
0xC605994C,1,0,0,mesh-node,merida_bld_hotel
0xC60B9AB3,1,0,1,destruction-piece,aloutpost_bld_hanger
0xC60D3CEE,1,0,0,mesh-node,maracaibo_park
0xC61948F7,1,0,1,destruction-piece,merida_bld_pmcautoshop
0xC61FC4F3,1,0,1,destruction-piece,island_bld_fortress01
0xC62BF8A8,1,0,0,model-root,0x100C51C7
0xC62FCF30,1,0,0,mesh-node,maracaibo_park
0xC63C5C6C,1,0,1,destruction-piece,cumana_bld_fortress01
0xC65CEDE0,1,0,1,destruction-piece,shanty_bld_housegroup01
0xC67AEB2E,1,0,1,destruction-piece,civ_veh_bus_escort
0xC68ADB00,1,0,0,model-root,0xC68ADB00
0xC6956706,1,0,1,destruction-piece,0x56D04AA8
0xC6B3363F,1,0,1,destruction-piece,0xCB4C6EAB
0xC706D7FB,1,0,0,model-root,0xE6941471
0xC70EFF38,1,0,0,mesh-node,shanty_polepower
0xC710413F,1,0,1,destruction-piece,0xF4AF3C5B
0xC710DB0A,1,0,1,destruction-piece,proutpost_bld_surveillance
0xC72509AE,1,0,1,destruction-piece,civ_veh_truck_transport
0xC725BE5B,1,0,1,destruction-piece,city_bld_corner16x32a
0xC73DC8D3,1,0,0,model-root,0xC73DC8D3
0xC73F0EF8,1,0,0,mesh-node,maracaibo_park
0xC7454392,1,0,0,mesh-node,city_bld_standalone01
0xC74ADBBF,1,0,0,model-root,0xC74ADBBF
0xC758CB4A,1,0,0,mesh-node,city_bld_standalone01
0xC765B8E5,1,0,1,destruction-piece,0x25E39BE9
0xC7889985,1,0,1,destruction-piece,outskirt_bld_mercbar
0xC78D8649,1,0,0,mesh-node,city_bld_standalone01
0xC7918A11,1,0,0,mesh-node,aloutpost_bld_largetentextensiona
0xC7965ADE,1,0,0,mesh-node,0x922D69A7
0xC798B8A0,1,0,0,mesh-node,0xB0D4E642
0xC79D2BC0,1,0,0,mesh-node,oilrig_simple
0xC7ABE9BF,1,0,0,mesh-node,maracaibo_park
0xC7ACE051,1,0,1,destruction-piece,caracas_bld_parquecentral03
0xC7BD2678,1,0,1,destruction-piece,ocoutpost_bld_warehouse01
0xC7BF7177,1,0,0,mesh-node,maracaibo_park
0xC7CABBD2,1,0,1,destruction-piece,0xA948DDA6
0xC7D095EE,1,0,0,mesh-node,vz_veh_towed_zu23aa
0xC80484D9,1,0,0,mesh-node,0xD7FCFD11
0xC80EFEF8,1,0,0,mesh-node,pr_veh_boat_cutter
0xC817B73D,1,0,0,mesh-node,al_veh_airstrike_f117
0xC82B0E84,1,0,0,mesh-node,global_env_treeplaza02
0xC8395DF3,1,0,0,mesh-node,al_veh_airstrike_f117
0xC83C6E4C,1,0,0,model-root,0xC83C6E4C
0xC840DD89,1,0,0,mesh-node,civ_veh_car_taxi_shuttle
0xC840F103,1,0,1,destruction-piece,outpost_bld_warehouse01
0xC84DAB7E,1,0,1,destruction-piece,0xB0D4E642
0xC852F94E,1,0,1,destruction-piece,oilrig_bld_buildingb
0xC858C41B,1,0,1,destruction-piece,0x4761451B
0xC87072D5,1,0,0,mesh-node,global_veh_rib36
0xC88158D8,1,0,0,model-root,0xC88158D8
0xC891EE2F,1,0,1,destruction-piece,industrial_bld_gasstationpump01
0xC8A848AC,1,0,0,mesh-node,maracaibo_park
0xC8AF4B10,1,0,1,destruction-piece,groutpost_bld_trailerhut01
0xC8C1FA21,1,0,0,model-root,global_weapon_ffarrocket
0xC8D573A4,1,0,0,mesh-node,global_veh_winch_magnet
0xC8ED71C6,1,0,0,mesh-node,al_veh_helicopter_ah1z
0xC902366B,1,0,0,mesh-node,shanty_polepower
0xC90FB332,1,0,1,destruction-piece,oilrig_bld_buildingc
0xC911586E,1,0,0,model-root,0xC911586E
0xC9137D0F,1,0,0,mesh-node,civ_veh_car_r90_taxi
0xC92B65BD,1,0,1,destruction-piece,island_bld_bridge01
0xC932462B,1,0,0,mesh-node,maracaibo_park
0xC93375B4,1,0,1,destruction-piece,outpost_bld_warehouse01
0xC9393A9C,1,0,0,mesh-node,pmcoutpost_bld_hqgarage
0xC93D8C99,1,0,1,destruction-piece,oilrig_bld_buildingb
0xC93E09C4,1,0,1,destruction-piece,0xB0A0930E
0xC94286F2,1,0,1,destruction-piece,0xB0A0930E
0xC942DD3E,1,0,0,mesh-node,city_bld_skyscraper03
0xC94CC254,1,0,0,mesh-node,pmcoutpost_bld_hqgarage
0xC96955CC,1,0,1,destruction-piece,village_bld_cattleranch
0xC96BA1E2,1,0,0,mesh-node,al_veh_airstrike_f117
0xC96D9A9F,1,0,1,destruction-piece,island_bld_fortress01
0xC977E3BC,1,0,0,mesh-node,oilrig_bld_buildinga
0xC978089B,1,0,0,mesh-node,pmc_veh_plane_mig27
0xC98E1A06,1,0,1,destruction-piece,civ_veh_truck_ambulance
0xC991910E,1,0,0,mesh-node,0xFD0229C3
0xC9B203D1,1,0,0,mesh-node,civ_veh_semi_mark
0xC9B23D27,1,0,0,mesh-node,al_veh_boat_lcur
0xC9BD34CC,1,0,1,destruction-piece,shanty_bld_apartment01
0xC9C7D63C,1,0,1,destruction-piece,caracas_bld_theater01
0xC9E19C79,1,0,0,mesh-node,ch_veh_boat_destroyer
0xC9F86A6D,1,0,0,model-root,ch_deliverycrate
0xCA2C7FA8,1,0,1,destruction-piece,0x45CC35FE
0xCA323B6C,1,0,0,mesh-node,industrial_bld_warehouselarge01
0xCA345594,1,0,1,destruction-piece,oc_veh_boat_oiltanker
0xCA6CB3D2,1,0,1,destruction-piece,cumana_bld_fortress01
0xCA70CB6A,1,0,1,destruction-piece,0x4D4F42B5
0xCA7346A9,1,0,0,model-root,0xCA7346A9
0xCA7598CE,1,0,0,mesh-node,ch_veh_plane_transport
0xCA87CB53,1,0,1,destruction-piece,0xFD0229C3
0xCA9FF54E,1,0,0,mesh-node,civ_veh_car_w12_sprint
0xCAA28243,1,0,1,destruction-piece,groutpost_bld_trailerhut01
0xCAB07977,1,0,0,model-root,0xCAB07977
0xCAC471FB,1,0,1,destruction-piece,aloutpost_bld_hangersmall
0xCAD0319A,1,0,0,mesh-node,civ_veh_plane_727jet
0xCAD31C66,1,0,1,destruction-piece,0x25E39BE9
0xCAED00A9,1,0,1,destruction-piece,outskirt_bld_mercbar
0xCAEE698B,1,0,0,mesh-node,pmc_veh_truck_esv
0xCAF2E6B9,1,0,0,mesh-node,pmc_veh_truck_esv
0xCB174146,1,0,0,mesh-node,merida_bld_pmcautoshop
0xCB1F5672,1,0,0,mesh-node,vz_veh_helicopter_alouetteiii
0xCB39EE65,1,0,0,mesh-node,vz_veh_tank_scorpion90
0xCB48261C,1,0,0,mesh-node,global_env_treeplaza02
0xCB4C6EAB,1,0,0,model-root,0xCB4C6EAB
0xCB51F714,1,0,0,mesh-node,ch_veh_boat_destroyer
0xCB53A076,1,0,0,mesh-node,dlc_outskirt_interior_hq
0xCB54D246,1,0,0,mesh-node,margarita_bld_condo01
0xCB7624E5,1,0,1,destruction-piece,village_bld_cattleranch
0xCB80CF73,1,0,1,destruction-piece,pmcoutpost_bld_hq
0xCB84C91C,1,0,1,destruction-piece,0xEA7F9F3F
0xCB8D038B,1,0,1,destruction-piece,village_bld_cattleranch
0xCB8FD4E3,1,0,1,destruction-piece,margarita_bld_condo01
0xCB91A019,1,0,0,mesh-node,ch_veh_boat_destroyer
0xCB9CC1B4,1,0,0,mesh-node,oc_veh_boat_oiltanker
0xCB9DC9FD,1,0,0,model-root,global_weapon_ied
0xCBB40604,1,0,0,mesh-node,ch_veh_helicopter_ka29b
0xCBB93734,1,0,1,destruction-piece,caracas_bld_skytrammain
0xCBC270A6,1,0,1,destruction-piece,chinaoutpost_bld_storage
0xCBD035AC,1,0,0,mesh-node,outskirt_bld_market04
0xCBD10C82,1,0,1,destruction-piece,merida_bld_hotel
0xCBEE790F,1,0,0,mesh-node,vz_veh_plane_tucano
0xCC35BB17,1,0,0,mesh-node,0xA948DDA6
0xCC39805C,1,0,1,destruction-piece,civ_veh_car_van_crappy
0xCC3A3845,1,0,0,mesh-node,0xA948DDA6
0xCC646172,1,0,0,mesh-node,jungle_env_treetall03
0xCC6BB498,1,0,1,destruction-piece,aloutpost_bld_hanger
0xCC7034EF,1,0,1,destruction-piece,al_veh_truck_hmmwv_armored
0xCC827E06,1,0,1,destruction-piece,caracas_bld_hospitalvargas
0xCC903B87,1,0,1,destruction-piece,0x07FC456B
0xCC93B86C,1,0,1,destruction-piece,oilrig_bld_buildingc
0xCC965BF0,1,0,1,destruction-piece,0x2EF7E3C3
0xCCA4B466,1,0,0,mesh-node,global_propanetanklargea
0xCCB29846,1,0,0,mesh-node,jungle_env_plantsmall02
0xCCC2878C,1,0,1,destruction-piece,island_bld_fortress01
0xCCC9C625,1,0,0,mesh-node,pmc_veh_truck_ext
0xCCE6B8E7,1,0,0,mesh-node,outpost_bld_govtbld
0xCCF78BAE,1,0,0,mesh-node,maracaibo_park
0xCCFC8BF8,1,0,0,mesh-node,maracaibo_park
0xCD010926,1,0,0,mesh-node,maracaibo_park
0xCD0A0808,1,0,1,destruction-piece,civ_veh_bus_escort
0xCD0A7879,1,0,0,mesh-node,merida_bld_pmcautoshop
0xCD10303B,1,0,0,mesh-node,0x25B3F7BC
0xCD10EE1F,1,0,0,mesh-node,proutpost_att_neona
0xCD118345,1,0,0,model-root,0xCD118345
0xCD227B82,1,0,0,mesh-node,island_bld_fortress01
0xCD26EFF1,1,0,1,destruction-piece,0xEAA71CCB
0xCD49CE66,1,0,0,mesh-node,margarita_bld_condo01
0xCD4CB221,1,0,0,mesh-node,civ_veh_boat_cargoship
0xCD4DE794,1,0,0,mesh-node,caracas_rampgovernment01
0xCD4EE31F,1,0,1,destruction-piece,outpost_bld_vzwarehouselarge
0xCD5694E3,1,0,1,destruction-piece,0x07FC456B
0xCD579D0A,1,0,0,mesh-node,global_veh_scorpiondpv
0xCD65363A,1,0,0,mesh-node,0xB0D4E642
0xCD7CEE77,1,0,0,mesh-node,maracaibo_park
0xCD8F54EC,1,0,0,mesh-node,aloutpost_bld_largetentextensiona
0xCD928AD7,1,0,0,mesh-node,caracas_bld_skytrammain
0xCD970805,1,0,0,mesh-node,caracas_bld_skytrammain
0xCDA0EDF7,1,0,0,mesh-node,outpost_bld_vzwarehouselarge
0xCDAAAB2C,1,0,1,destruction-piece,caracas_bld_parquecentral03
0xCDB2F18F,1,0,0,mesh-node,civ_veh_semi_mark
0xCDBDE52A,1,0,0,mesh-node,ch_veh_truck_sx2150_cargo
0xCDC1119F,1,0,0,mesh-node,al_veh_helicopter_mh53pavelow
0xCDC18831,1,0,0,mesh-node,jungle_env_largecanopy01
0xCDCAF298,1,0,1,destruction-piece,island_bld_fortress01
0xCDCC6B93,1,0,0,mesh-node,global_env_treeplaza02
0xCDEB43F1,1,0,0,mesh-node,global_env_scrub03
0xCDF3452A,1,0,0,mesh-node,pmcoutpost_planter01
0xCE09BA10,1,0,1,destruction-piece,industrial_bld_gasstationpump01
0xCE15D76C,1,0,0,mesh-node,village_bld_cattleranch
0xCE1B4F9F,1,0,0,mesh-node,0xCFAC6851
0xCE2CC941,1,0,1,destruction-piece,0xBCBA07EE
0xCE3F9A41,1,0,1,destruction-piece,ch_veh_boat_destroyer
0xCE406140,1,0,0,mesh-node,0x25B3F7BC
0xCE4207A1,1,0,0,mesh-node,ch_veh_truck_sx2150_mlrs
0xCE489396,1,0,1,destruction-piece,outpost_bld_vzwarehouselarge
0xCE5D3341,1,0,0,mesh-node,0x4B9C42F1
0xCE5ECD16,1,0,0,mesh-node,al_veh_truck_hmmwv_armored
0xCE941AD2,1,0,1,destruction-piece,civ_veh_motorcycle_sportbike
0xCE99630D,1,0,0,model-root,0xCE99630D
0xCEA661F7,1,0,0,mesh-node,airport_bld_terminal01
0xCEAFE128,1,0,0,mesh-node,al_veh_airstrike_f117
0xCEB938B3,1,0,0,mesh-node,vz_veh_towed_zu23aa
0xCEC64F0D,1,0,1,destruction-piece,city_bld_corner16x32a
0xCEC85030,1,0,1,destruction-piece,0x4AB6F9B6
0xCED1CD5E,1,0,1,destruction-piece,oilrig_bld_buildinga
0xCEDA6D3E,1,0,0,mesh-node,civ_veh_plane_cessna
0xCEDB3C09,1,0,0,mesh-node,0x307D6AE1
0xCEDB955A,1,0,0,model-root,0xCEDB955A
0xCEEFC32B,1,0,0,mesh-node,maracaibo_park
0xCEF45FA0,1,0,1,destruction-piece,oilrig_bld_buildingd
0xCF01AB06,1,0,1,destruction-piece,civ_veh_boat_cargoship
0xCF0FA427,1,0,0,model-root,global_weapon_daisycutter
0xCF175776,1,0,0,mesh-node,chinaoutpost_bld_storage
0xCF344107,1,0,1,destruction-piece,maracaibo_bld_skyscraper02
0xCF3E8AA4,1,0,0,mesh-node,pmc_veh_motorcycle_tankbike
0xCF5CEE7D,1,0,1,destruction-piece,civ_veh_car_van_crappy
0xCF5F05F5,1,0,0,model-root,0xCF5F05F5
0xCF6C17B3,1,0,0,mesh-node,oc_veh_boat_oiltanker
0xCF828C1F,1,0,0,mesh-node,aloutpost_bld_largetentextensiona
0xCF98BB2A,1,0,0,mesh-node,oilrig_simple
0xCF9DE25F,1,0,1,destruction-piece,caracas_bld_parquecentral03
0xCFA385EA,1,0,1,destruction-piece,city_bld_skyscraper03
0xCFAFCEAC,1,0,0,mesh-node,civ_veh_semi_mark
0xCFB0A961,1,0,0,mesh-node,0x1FBFBB4B
0xCFB498D7,1,0,1,destruction-piece,commercial_bld_supermarket
0xCFE2F335,1,0,1,destruction-piece,civ_veh_truck_garbage
0xCFE37AF2,1,0,0,mesh-node,global_env_scrub03
0xCFE6E968,1,0,1,destruction-piece,pmcoutpost_bld_hqgarage
0xCFE72B1C,1,0,1,destruction-piece,outpost_bld_municipal_fence
0xCFF0C900,1,0,0,mesh-node,civ_veh_truck_bank
0xCFFA9083,1,0,1,destruction-piece,proutpost_dockb
0xCFFB97EB,1,0,0,model-root,0xCFFB97EB
0xCFFC3766,1,0,0,mesh-node,industrial_bld_silowide
0xCFFDF96E,1,0,0,mesh-node,civ_veh_car_taxi_tercel
0xD01E95CD,1,0,0,mesh-node,maracaibo_park
0xD02840A0,1,0,1,destruction-piece,caracas_bld_skytrammain
0xD040F617,1,0,1,destruction-piece,outpost_bld_vzwarehouselarge
0xD049C574,1,0,0,mesh-node,ch_veh_tank_plz45b
0xD0601C02,1,0,1,destruction-piece,0x4AB6F9B6
0xD0624A80,1,0,0,mesh-node,ch_veh_plane_transport
0xD067E818,1,0,1,destruction-piece,village_bld_plantation03
0xD06E94B5,1,0,0,mesh-node,shanty_bld_apartment04
0xD0755E1D,1,0,0,mesh-node,global_veh_rib36
0xD075CF0A,1,0,0,mesh-node,oc_veh_truck_ext
0xD07D801B,1,0,1,destruction-piece,aloutpost_bld_supplydepot
0xD0884E25,1,0,0,mesh-node,oc_veh_helicopter_md500
0xD0957078,1,0,0,mesh-node,pmc_veh_car_panhard
0xD09C70C1,1,0,0,mesh-node,industrial_bld_warehouse04
0xD0B1C3F5,1,0,1,destruction-piece,oilrig_bld_buildingb
0xD0B22750,1,0,0,mesh-node,ch_veh_tank_ztz98
0xD0CE60F3,1,0,1,destruction-piece,maracaibo_bld_skyscraper02
0xD0DE3D12,1,0,1,destruction-piece,island_bld_fortress01
0xD126A68E,1,0,0,mesh-node,outpost_bld_vzwarehouselarge
0xD131DBC0,1,0,0,mesh-node,maracaibo_park
0xD1327324,1,0,0,model-root,0xD1327324
0xD13996C9,1,0,0,mesh-node,ch_veh_truck_sx2150_mlrs
0xD14D821B,1,0,0,mesh-node,civ_veh_semi_austin
0xD15067D7,1,0,0,mesh-node,maracaibo_park
0xD15BE8C3,1,0,0,mesh-node,outpost_bld_vzwarehouselarge
0xD15CEA65,1,0,1,destruction-piece,village_bld_cattleranch
0xD1961AD4,1,0,0,mesh-node,0xFD0229C3
0xD19E82D4,1,0,1,destruction-piece,oilrig_bld_buildingc
0xD1A80E2E,1,0,1,destruction-piece,merida_bld_pmcautoshop
0xD1A89E4D,1,0,1,destruction-piece,maracaibo_bld_skyscraper02
0xD1EAF9B6,1,0,1,destruction-piece,0xFD0229C3
0xD1ED8ED5,1,0,0,model-root,0xD1ED8ED5
0xD1F1E6DA,1,0,1,destruction-piece,merida_bld_pmcautoshop
0xD2066E6C,1,0,0,mesh-node,vz_veh_boat_type14311
0xD206FD24,1,0,1,destruction-piece,chinaoutpost_bld_hangar01
0xD2085BA1,1,0,0,mesh-node,maracaibo_park
0xD217E030,1,0,1,destruction-piece,commercial_wallshort
0xD21F35BB,1,0,1,destruction-piece,merida_bld_pmcautoshop
0xD22DF6A4,1,0,0,mesh-node,ch_veh_helicopter_ka29b
0xD230A834,1,0,0,mesh-node,civ_veh_boat_cargoship
0xD24D6B4A,1,0,1,destruction-piece,outpost_bld_vzwarehouselarge
0xD250A36D,1,0,0,mesh-node,pmc_veh_motorcycle_tankbike
0xD2554598,1,0,1,destruction-piece,civ_veh_bus_escort
0xD25DE3EE,1,0,0,mesh-node,0x95F4BA55
0xD26403DD,1,0,1,destruction-piece,cumana_bld_fortress01
0xD267B5B8,1,0,1,destruction-piece,0xB0D4E642
0xD26AB8AC,1,0,0,mesh-node,civ_veh_plane_727jet
0xD26AF9C5,1,0,1,destruction-piece,industrial_bld_warehouselarge01
0xD27A2294,1,0,0,mesh-node,ch_veh_plane_transport
0xD27E2012,1,0,0,mesh-node,0x25B3F7BC
0xD27F29FF,1,0,0,model-root,0xD27F29FF
0xD282C9C1,1,0,0,mesh-node,0x0D80AAC5
0xD2849EC3,1,0,0,mesh-node,al_veh_plane_ac130_spooky
0xD2897F9F,1,0,0,model-root,global_weapon_qbzlmg
0xD2956767,1,0,1,destruction-piece,proutpost_bld_surveillance
0xD29A080D,1,0,0,mesh-node,al_veh_boat_destroyer
0xD29E11AD,1,0,1,destruction-piece,groutpost_bld_trailerhut01
0xD2A55E83,1,0,0,mesh-node,ch_veh_tank_ztz98
0xD2A6E668,1,0,1,destruction-piece,margarita_bld_condo01
0xD2A91740,1,0,0,mesh-node,city_bld_skyscraper03
0xD2B25EDD,1,0,0,model-root,0xD2B25EDD
0xD2B43A0C,1,0,0,mesh-node,0x25B3F7BC
0xD2B8A582,1,0,0,model-root,global_weapon_aarocket
0xD2BA7FE7,1,0,1,destruction-piece,aloutpost_bld_barracks01
0xD2CC39E6,1,0,1,destruction-piece,outpost_bld_vzwarehouselarge
0xD2CC6832,1,0,1,destruction-piece,0x949187D0
0xD2D38666,1,0,1,destruction-piece,pmcoutpost_bld_hqgarage
0xD2DDA5D4,1,0,0,mesh-node,city_bld_standalone01
0xD2DF98DD,1,0,0,mesh-node,al_veh_boat_destroyer
0xD2F475E7,1,0,0,mesh-node,island_bld_fortress01
0xD2FB62DE,1,0,0,model-root,0xD2FB62DE
0xD2FCC04E,1,0,0,mesh-node,merida_bld_hotel
0xD30ACC8E,1,0,0,mesh-node,al_veh_boat_destroyer
0xD30DD634,1,0,0,mesh-node,al_veh_boat_markv
0xD32D5ED0,1,0,0,mesh-node,al_veh_boat_destroyer
0xD32D625D,1,0,1,destruction-piece,0x0D0B8CF5
0xD33C7003,1,0,0,mesh-node,outpost_bld_vzwarehouselarge
0xD354361D,1,0,0,mesh-node,city_bld_skyscraper03
0xD3595C0C,1,0,0,mesh-node,margarita_bld_condo01
0xD3762CB8,1,0,1,destruction-piece,oc_veh_boat_oiltanker
0xD378F734,1,0,1,destruction-piece,0xFD0229C3
0xD37D538B,1,0,0,mesh-node,0xA948DDA6
0xD3817AA6,1,0,0,mesh-node,civ_veh_plane_727jet
0xD381D0B9,1,0,0,mesh-node,0xA948DDA6
0xD3950A12,1,0,1,destruction-piece,ch_veh_helicopter_ka29b
0xD3968F8A,1,0,0,model-root,0xD3968F8A
0xD3A0C07E,1,0,0,mesh-node,civ_veh_car_phoenix_crappy
0xD3AFA265,1,0,1,destruction-piece,village_bld_cattleranch
0xD3C3F618,1,0,1,destruction-piece,0x759BDE16
0xD3CB240C,1,0,1,destruction-piece,ch_veh_helicopter_ka29b
0xD3D23EF2,1,0,0,mesh-node,0xB0D4E642
0xD3D6CB62,1,0,1,destruction-piece,0x2EF7E3C3
0xD4022A5C,1,0,0,model-root,0xD4022A5C
0xD408540C,1,0,0,model-root,dlc_global_pickup_money5k
0xD40FF186,1,0,1,destruction-piece,oilrig_bld_buildingb
0xD4107DD4,1,0,1,destruction-piece,0x5253854D
0xD414A842,1,0,1,destruction-piece,pmcoutpost_planter01
0xD41866CB,1,0,0,mesh-node,island_bld_fortress01
0xD4339951,1,0,0,mesh-node,0xB0D4E642
0xD43D651C,1,0,1,destruction-piece,ch_veh_boat_destroyer
0xD4429A17,1,0,0,mesh-node,city_bld_standalone01
0xD4519A96,1,0,1,destruction-piece,oilrig_simple
0xD45AECEB,1,0,1,destruction-piece,0xB0D4E642
0xD45AFE1C,1,0,0,mesh-node,0x4B9C42F1
0xD474A659,1,0,1,destruction-piece,outskirt_bld_mercbar
0xD47E3E17,1,0,0,model-root,global_munitions_gbu16
0xD486F1AD,1,0,0,mesh-node,ch_veh_plane_transport
0xD491EB5A,1,0,1,destruction-piece,0x2EF7E3C3
0xD4A0204C,1,0,0,mesh-node,city_bld_standalone05
0xD4A72F76,1,0,0,mesh-node,oilrig_simple
0xD4A94775,1,0,1,destruction-piece,ch_veh_boat_destroyer
0xD4AB58A5,1,0,1,destruction-piece,shanty_bld_housegroup03
0xD4CBDE9B,1,0,0,model-root,0xD4CBDE9B
0xD4CC063E,1,0,1,destruction-piece,0x01ED3D6F
0xD5062E7E,1,0,0,mesh-node,jungle_env_treetall01
0xD51BFD24,1,0,0,mesh-node,global_veh_stingray
0xD5209603,1,0,0,mesh-node,al_veh_boat_destroyer
0xD52B79B7,1,0,1,destruction-piece,0xEAA71CCB
0xD52EFD9A,1,0,0,mesh-node,global_weapon_parachute
0xD54893D3,1,0,0,model-root,0xD54893D3
0xD5513BE7,1,0,0,mesh-node,civ_veh_boat_cargoship
0xD5662B25,1,0,0,mesh-node,margarita_bld_condo01
0xD57AEEDE,1,0,1,destruction-piece,caracas_bld_capitol
0xD57E1F82,1,0,0,mesh-node,pmc_veh_car_offroad_buggy
0xD57FB288,1,0,0,mesh-node,vz_veh_tank_amx30_aa
0xD5823AA0,1,0,0,mesh-node,ch_veh_truck_sx2150_mlrs
0xD58A8418,1,0,1,destruction-piece,al_veh_boat_destroyer
0xD591457E,1,0,0,mesh-node,global_veh_stingray
0xD597E742,1,0,1,destruction-piece,0xA948DDA6
0xD5A70E3F,1,0,1,destruction-piece,outpost_bld_vzwarehouselarge
0xD5D78C6F,1,0,0,mesh-node,global_veh_winch_magnet
0xD5F56440,1,0,1,destruction-piece,caracas_bld_capitol
0xD5FEC4DD,1,0,1,destruction-piece,shanty_bld_apartment04
0xD604A672,1,0,0,mesh-node,civ_veh_truck_garbage
0xD6077D04,1,0,1,destruction-piece,merida_bld_universityadmin
0xD6088408,1,0,1,destruction-piece,margarita_bld_condo01
0xD60BFA32,1,0,1,destruction-piece,merida_bld_universityadmin
0xD60E456C,1,0,1,destruction-piece,0xE05A09A2
0xD61D4400,1,0,1,destruction-piece,industrial_bld_smokestack
0xD62E4076,1,0,1,destruction-piece,village_bld_cattleranch
0xD641065E,1,0,1,destruction-piece,village_bld_cattleranch
0xD64A2449,1,0,1,destruction-piece,margarita_bld_condo01
0xD64A964C,1,0,1,destruction-piece,margarita_bld_condo01
0xD66D8571,1,0,1,destruction-piece,industrial_bld_gasstationpump01
0xD66F32FD,1,0,0,model-root,global_munitions_hackedairstrike
0xD6780303,1,0,0,mesh-node,al_veh_tank_m1a2
0xD687EB72,1,0,1,destruction-piece,0xFD0229C3
0xD68A51C8,1,0,0,mesh-node,cumana_bld_fortress01
0xD694916E,1,0,0,mesh-node,global_bonfire01
0xD69B6DA3,1,0,0,mesh-node,oc_veh_helicopter_md500
0xD6B19017,1,0,0,mesh-node,groutpost_bld_tentsmalltarp
0xD6B8F64D,1,0,0,mesh-node,outpost_bld_municipal_fence
0xD6C9F355,1,0,1,destruction-piece,proutpost_bld_surveillance
0xD6CD4D1F,1,0,1,destruction-piece,merida_bld_pmcautoshop
0xD708E48D,1,0,0,mesh-node,maracaibo_park
0xD727EBEF,1,0,0,mesh-node,oc_veh_truck_mtv_guntruck
0xD73ABC01,1,0,1,destruction-piece,industrial_bld_warehouse06
0xD745E8C6,1,0,1,destruction-piece,island_bld_fortress01
0xD759F59A,1,0,1,destruction-piece,ch_veh_boat_destroyer
0xD75D4789,1,0,0,mesh-node,al_veh_helicopter_mh53pavelow
0xD7790E09,1,0,1,destruction-piece,caracas_bld_skytrammain
0xD7997915,1,0,0,mesh-node,al_veh_boat_destroyer
0xD7B53327,1,0,0,mesh-node,0x1FBFBB4B
0xD7DE4CCB,1,0,1,destruction-piece,jungle_bld_ruinshotelback
0xD7E2C9F9,1,0,1,destruction-piece,jungle_bld_ruinshotelback
0xD7F61FED,1,0,1,destruction-piece,proutpost_dockb
0xD7FCFD11,1,0,0,model-root,0xD7FCFD11
0xD7FE649E,1,0,0,model-root,0xD7FE649E
0xD8169282,1,0,0,model-root,0xD8169282
0xD82A1A3A,1,0,0,model-root,0xD82A1A3A
0xD8343C28,1,0,1,destruction-piece,city_bld_corner16x32a
0xD835ED82,1,0,1,destruction-piece,shanty_bld_apartment01
0xD85DD9EA,1,0,0,mesh-node,ch_veh_plane_transport
0xD86B4A9B,1,0,0,model-root,global_munitions_fae
0xD8744D77,1,0,1,destruction-piece,0xF245AC63
0xD87A22EC,1,0,1,destruction-piece,0x3511CCE7
0xD87D89A8,1,0,0,mesh-node,outpost_bld_govtbld
0xD87F696C,1,0,1,destruction-piece,ch_veh_boat_destroyer
0xD893B80E,1,0,1,destruction-piece,city_bld_corner16x32a
0xD894C2E3,1,0,1,destruction-piece,0xFD0229C3
0xD8B02228,1,0,0,mesh-node,global_veh_winch_magnet
0xD8B801DE,1,0,0,mesh-node,al_veh_boat_destroyer
0xD8C6AC1E,1,0,1,destruction-piece,island_bld_fortress01
0xD8C96258,1,0,1,destruction-piece,merida_bld_pmcautoshop
0xD8E97FFD,1,0,0,mesh-node,0x1FBFBB4B
0xD9034215,1,0,0,mesh-node,industrial_bld_warehouse02
0xD92B3054,1,0,0,mesh-node,outpost_bld_vzwarehouselarge
0xD92D6B2A,1,0,0,mesh-node,maracaibo_park
0xD934BDFB,1,0,0,mesh-node,global_env_scrub03
0xD9571D98,1,0,0,model-root,0xD9571D98
0xD96334FC,1,0,1,destruction-piece,0x3511CCE7
0xD96CCB99,1,0,1,destruction-piece,outpost_bld_govtbld
0xD97E685A,1,0,1,destruction-piece,maracaibo_bld_skyscraper02
0xD982BFE7,1,0,0,model-root,0xD982BFE7
0xD9843DE4,1,0,0,model-root,0xD9843DE4
0xD98B24D7,1,0,0,model-root,0xD98B24D7
0xD98C82E8,1,0,0,mesh-node,maracaibo_park
0xD98FA205,1,0,0,model-root,0xD98FA205
0xD9A9B6F4,1,0,0,mesh-node,ch_veh_boat_huangfeng
0xD9B37459,1,0,1,destruction-piece,oilrig_simple
0xD9C29085,1,0,0,mesh-node,outpost_bld_vzwarehouselarge
0xD9CAFD67,1,0,0,mesh-node,outskirt_bld_market04
0xD9FBD924,1,0,0,mesh-node,0xD7FCFD11
0xDA07C9F3,1,0,0,mesh-node,margarita_bld_club01
0xDA091317,1,0,0,mesh-node,industrial_bld_silowide
0xDA09FA5B,1,0,0,mesh-node,oc_veh_semi_austin
0xDA0CE567,1,0,0,mesh-node,maracaibo_park
0xDA0D9045,1,0,0,mesh-node,industrial_bld_silowide
0xDA136F9A,1,0,1,destruction-piece,commercial_wallshort
0xDA1B5F98,1,0,0,mesh-node,global_weapon_c4land_projectile
0xDA26DEF9,1,0,1,destruction-piece,al_veh_truck_hmmwv_armored
0xDA27735B,1,0,1,destruction-piece,city_bld_corner16x32a
0xDA31642C,1,0,0,mesh-node,0xB0D4E642
0xDA3A30EE,1,0,0,mesh-node,al_veh_plane_a10
0xDA65B93F,1,0,1,destruction-piece,village_bld_plantation03
0xDA809114,1,0,0,mesh-node,pmc_veh_motorcycle_tankbike
0xDA908A58,1,0,1,destruction-piece,ch_veh_boat_destroyer
0xDA91FE75,1,0,1,destruction-piece,industrial_bld_silowide
0xDA9A9C81,1,0,1,destruction-piece,ch_veh_boat_destroyer
0xDAA0EDED,1,0,0,mesh-node,ch_veh_tank_ztz98
0xDAD34776,1,0,1,destruction-piece,groutpost_bld_trailerhut01
0xDAF54C2A,1,0,0,mesh-node,maracaibo_bld_parkingstructure01
0xDB19BF2A,1,0,1,destruction-piece,outpost_bld_vzwarehouselarge
0xDB233A62,1,0,0,mesh-node,global_env_scrub03
0xDB2A661A,1,0,0,mesh-node,pmc_veh_motorcycle_tankbike
0xDB37FF6D,1,0,0,mesh-node,outpost_bld_vzwarehouselarge
0xDB556442,1,0,1,destruction-piece,0x493FD997
0xDB736B90,1,0,0,mesh-node,civ_veh_boat_swamp
0xDB7FBA1B,1,0,0,mesh-node,maracaibo_park
0xDB83F0E7,1,0,1,destruction-piece,industrial_bld_towerrefinerysmall
0xDB86671F,1,0,1,destruction-piece,proutpost_bld_surveillance
0xDB95EC51,1,0,1,destruction-piece,shanty_bld_housegroup03
0xDBADE12E,1,0,1,destruction-piece,caracas_bld_skytrammain
0xDBB388B2,1,0,0,mesh-node,oc_veh_boat_oiltanker
0xDBC463BE,1,0,1,destruction-piece,oc_veh_boat_oiltanker
0xDC249B5F,1,0,0,mesh-node,0xB0D4E642
0xDC288CDA,1,0,1,destruction-piece,civ_veh_bus_escort
0xDC38AA47,1,0,1,destruction-piece,merida_bld_soccerstadium
0xDC3C3229,1,0,0,mesh-node,0x1FBFBB4B
0xDC40B52E,1,0,0,mesh-node,vz_veh_boat_patrol
0xDC66F509,1,0,0,mesh-node,gr_veh_boat_cigarette
0xDC67D187,1,0,0,mesh-node,oc_veh_boat_turbosquid
0xDC6B6ABE,1,0,1,destruction-piece,ch_veh_helicopter_ka29b
0xDC6F3CCD,1,0,0,mesh-node,0x95F4BA55
0xDC72F3DB,1,0,0,mesh-node,0x27C46DD1
0xDC7A13AD,1,0,1,destruction-piece,industrial_bld_warehouse01
0xDC848A44,1,0,0,mesh-node,industrial_bld_warehouse02
0xDCA68CEE,1,0,1,destruction-piece,chinaoutpost_bld_prison
0xDCAE6C2B,1,0,0,mesh-node,gr_veh_tank_m551sheridan
0xDCBDE81B,1,0,1,destruction-piece,margarita_bld_condo01
0xDCD15A98,1,0,0,mesh-node,oc_veh_boat_oiltanker
0xDCDD8469,1,0,0,model-root,global_weapon_kvsk
0xDCE4DF45,1,0,1,destruction-piece,pmcoutpost_bld_hqgarage
0xDCED8426,1,0,1,destruction-piece,0x0D0B8CF5
0xDD03B99B,1,0,1,destruction-piece,cumana_bld_fortress01
0xDD18AE0A,1,0,0,model-root,0xDD18AE0A
0xDD262A30,1,0,1,destruction-piece,0xF4AF3C5B
0xDD3E326E,1,0,0,model-root,0xDD3E326E
0xDD5371DE,1,0,1,destruction-piece,village_bld_plantation02
0xDD62E4D7,1,0,1,destruction-piece,outpost_bld_govtbld
0xDD6A78E3,1,0,0,mesh-node,al_veh_truck_hmmwv_armored
0xDD7F78A4,1,0,1,destruction-piece,caracas_bld_capitol
0xDD867D90,1,0,1,destruction-piece,outskirt_bld_mercbar
0xDD8D7F2D,1,0,1,destruction-piece,merida_bld_pmcautoshop
0xDDA9CCC6,1,0,0,mesh-node,chinaoutpost_bld_storage
0xDDBA0B61,1,0,0,mesh-node,global_telephonebooth
0xDDC1D2B0,1,0,0,mesh-node,maracaibo_park
0xDDCB9036,1,0,1,destruction-piece,outskirt_bld_mercbar
0xDDCFC1A7,1,0,1,destruction-piece,0x3511CCE7
0xDDDDD433,1,0,0,mesh-node,0xCFAC6851
0xDDDF0AFB,1,0,0,model-root,0x3B4E53C0
0xDDE0E298,1,0,0,mesh-node,pmc_veh_truck_ext
0xDDE38829,1,0,0,model-root,proutpost_bld_hq_act1all_ruin
0xDDEF9460,1,0,1,destruction-piece,industrial_bld_warehouselarge01
0xDDF0F3AA,1,0,1,destruction-piece,caracas_bld_capitol
0xDDF30063,1,0,1,destruction-piece,0x759BDE16
0xDE1DCE82,1,0,1,destruction-piece,island_bld_fortress01
0xDE32CA3C,1,0,1,destruction-piece,village_bld_cattleranch
0xDE459024,1,0,1,destruction-piece,village_bld_cattleranch
0xDE4E9E0A,1,0,0,mesh-node,vz_veh_boat_type14311
0xDE5E396F,1,0,1,destruction-piece,civ_veh_truck_garbage
0xDE5E7647,1,0,1,destruction-piece,maracaibo_bld_stagerepublica
0xDE709719,1,0,0,mesh-node,dlc_outskirt_interior_hq
0xDE720F37,1,0,1,destruction-piece,industrial_bld_gasstationpump01
0xDE85B685,1,0,0,mesh-node,city_bld_corner32x32d
0xDEA5CEE1,1,0,1,destruction-piece,cumana_bld_fortress01
0xDEAA0EF8,1,0,0,mesh-node,merida_bld_pmcautoshop
0xDEAE7382,1,0,1,destruction-piece,groutpost_bld_shacktall01
0xDEAE8C26,1,0,0,mesh-node,merida_bld_pmcautoshop
0xDEAE9C51,1,0,0,mesh-node,civ_veh_plane_727jet
0xDEB4C243,1,0,1,destruction-piece,groutpost_bld_cranemining
0xDED20679,1,0,1,destruction-piece,civ_veh_boat_cargoship
0xDED7B1FF,1,0,0,mesh-node,ch_veh_tank_ztz63a
0xDEE07EA5,1,0,1,destruction-piece,margarita_bld_condo01
0xDEEB2974,1,0,0,mesh-node,al_veh_truck_hmmwv_armored
0xDEEB812A,1,0,1,destruction-piece,shanty_bld_housegroup03
0xDEEC6E9F,1,0,0,mesh-node,civ_veh_plane_727jet
0xDEF727DE,1,0,0,model-root,0xDEF727DE
0xDEFC48D8,1,0,1,destruction-piece,0xEC0DAFF2
0xDEFCD9AE,1,0,0,mesh-node,mountain_blastdoors
0xDF07CF5C,1,0,1,destruction-piece,0x4AB6F9B6
0xDF17875D,1,0,0,mesh-node,jungle_env_treetall01
0xDF32860E,1,0,1,destruction-piece,al_veh_boat_destroyer
0xDF402C10,1,0,0,mesh-node,pmcoutpost_planter01
0xDF418944,1,0,1,destruction-piece,0xB0D4E642
0xDF466784,1,0,1,destruction-piece,shanty_bld_housegroup01
0xDF49E688,1,0,0,mesh-node,city_bld_standalone01
0xDF5DE026,1,0,0,mesh-node,estate_bld_mansion02
0xDF6639E0,1,0,0,mesh-node,shanty_bld_housegroup05
0xDF6ACBC3,1,0,0,model-root,0xDF6ACBC3
0xDF6B5806,1,0,0,mesh-node,city_bld_corner32x32d
0xDFBB1F9E,1,0,0,model-root,outpost_bld_plantation02
0xDFC54BE1,1,0,0,mesh-node,al_veh_boat_destroyer
0xDFCA6EB7,1,0,0,mesh-node,oc_veh_semi_austin
0xDFCF5EC8,1,0,1,destruction-piece,0xA948DDA6
0xDFD9CEED,1,0,0,mesh-node,0x7604B190
0xDFE1A7C9,1,0,1,destruction-piece,cumana_bld_fortress01
0xE002EE64,1,0,0,model-root,0xE002EE64
0xE01385D2,1,0,0,mesh-node,civ_veh_bus_escort
0xE01D2574,1,0,0,model-root,0xE01D2574
0xE020EFB3,1,0,0,model-root,0xE020EFB3
0xE03E2FF8,1,0,0,mesh-node,global_env_treeoak01
0xE0589D13,1,0,0,mesh-node,global_veh_scorpiondpv
0xE0952F25,1,0,1,destruction-piece,ch_veh_boat_destroyer
0xE098675C,1,0,1,destruction-piece,ch_veh_boat_destroyer
0xE09C2632,1,0,1,destruction-piece,aloutpost_bld_hanger
0xE0B7F315,1,0,0,mesh-node,civ_veh_boat_cargoship
0xE0C7C900,1,0,0,mesh-node,maracaibo_bld_skyscraper02
0xE0E73348,1,0,0,mesh-node,outpost_bld_vzwarehouselarge
0xE0F54318,1,0,0,mesh-node,0x19E2962E
0xE115E9BC,1,0,1,destruction-piece,civ_veh_bus_escort
0xE1164C84,1,0,0,mesh-node,proutpost_att_satelitelarge
0xE11CA51E,1,0,0,mesh-node,ch_veh_truck_nglv_armored_50cal
0xE11E99AD,1,0,0,model-root,0xE11E99AD
0xE1323349,1,0,1,destruction-piece,merida_bld_pmcautoshop
0xE150713D,1,0,1,destruction-piece,0xFD0229C3
0xE152EF85,1,0,0,mesh-node,civ_veh_truck_ambulance
0xE15A50D7,1,0,1,destruction-piece,cumana_bld_fortress01
0xE15D483A,1,0,0,mesh-node,vz_veh_boat_type14311
0xE15ECE05,1,0,1,destruction-piece,cumana_bld_fortress01
0xE171555F,1,0,1,destruction-piece,outpost_bld_govtbld
0xE196043F,1,0,0,mesh-node,civ_veh_plane_727jet
0xE1A5C2F0,1,0,0,mesh-node,village_bld_windmill01
0xE1B70517,1,0,1,destruction-piece,0x8BC154D7
0xE1B7FE1F,1,0,1,destruction-piece,maracaibo_bld_stagerepublica
0xE1C50669,1,0,1,destruction-piece,merida_bld_pmcautoshop
0xE1F3FB3D,1,0,0,model-root,global_weapon_qjy88
0xE1FBD6FD,1,0,0,mesh-node,oc_veh_boat_turbosquid
0xE208ED9B,1,0,0,mesh-node,pr_veh_boat_saltonsea
0xE21667A3,1,0,0,mesh-node,oc_veh_helicopter_md500
0xE2381C50,1,0,0,mesh-node,0xA948DDA6
0xE23A9A22,1,0,0,mesh-node,vz_veh_boat_patrol
0xE23E48E0,1,0,0,mesh-node,industrial_bld_silowide
0xE2515E06,1,0,0,model-root,0xE2515E06
0xE259AF24,1,0,1,destruction-piece,ch_veh_truck_nglv_armored_50cal
0xE25FD141,1,0,1,destruction-piece,chinaoutpost_bld_commbunker01
0xE27B4F09,1,0,0,mesh-node,outskirt_bld_market04
0xE2904331,1,0,0,mesh-node,maracaibo_park
0xE2A510ED,1,0,1,destruction-piece,city_bld_corner16x32a
0xE2AFC97B,1,0,1,destruction-piece,caracas_bld_skytrammain
0xE2B10F0B,1,0,1,destruction-piece,civ_veh_car_pony_crappy
0xE2B58C39,1,0,1,destruction-piece,civ_veh_car_pony_crappy
0xE2D0E6DB,1,0,0,mesh-node,ch_veh_apc_zbd2000
0xE2D35DFB,1,0,0,mesh-node,global_veh_winch_magnet
0xE2D7D13C,1,0,1,destruction-piece,groutpost_bld_trailerhut01
0xE2D7DB29,1,0,0,mesh-node,global_veh_winch_magnet
0xE2D8A6FE,1,0,1,destruction-piece,village_bld_plantationsmall02
0xE2DC3F06,1,0,0,model-root,0xE2DC3F06
0xE2E1457F,1,0,1,destruction-piece,caracas_bld_skytrammain
0xE2E7F1FD,1,0,0,mesh-node,0x1FBFBB4B
0xE2F837A9,1,0,0,mesh-node,maracaibo_park
0xE30D9D89,1,0,1,destruction-piece,oilrig_bld_buildingc
0xE332E3BA,1,0,1,destruction-piece,al_veh_helicopter_mh53pavelow
0xE33AA072,1,0,1,destruction-piece,groutpost_bld_shacktall01
0xE33E917B,1,0,0,model-root,0xE33E917B
0xE342D351,1,0,1,destruction-piece,cumana_bld_fortress01
0xE3481A4E,1,0,1,destruction-piece,residential_bld_corner16x16e
0xE35CBD6E,1,0,0,mesh-node,maracaibo_park
0xE364019B,1,0,1,destruction-piece,chinaoutpost_bld_storage
0xE3674023,1,0,1,destruction-piece,village_bld_cattleranch
0xE36AC7A8,1,0,0,mesh-node,aloutpost_bld_storage
0xE36C8586,1,0,0,model-root,0xE36C8586
0xE36EC752,1,0,0,mesh-node,civ_veh_plane_727jet
0xE3763759,1,0,0,mesh-node,commercial_bld_segment8x16e
0xE37F4FB0,1,0,0,mesh-node,maracaibo_park
0xE38EB866,1,0,0,mesh-node,vz_veh_tank_scorpion90
0xE394EC10,1,0,0,mesh-node,caracas_bld_skytrammain
0xE39A338F,1,0,1,destruction-piece,merida_bld_pmcautoshop
0xE3A34F30,1,0,0,mesh-node,outpost_bld_vzwarehouselarge
0xE3B81AED,1,0,0,mesh-node,civ_veh_boat_fishing
0xE3DC28A8,1,0,0,mesh-node,oc_expandablevan_prop
0xE3DCF232,1,0,1,destruction-piece,caracas_bld_historical04
0xE3E11BBA,1,0,1,destruction-piece,0x5253854D
0xE3F1258C,1,0,0,mesh-node,0xBDE06DCB
0xE3F513FE,1,0,0,mesh-node,al_veh_helicopter_mh53pavelow
0xE42B5383,1,0,0,mesh-node,0xA948DDA6
0xE42C295A,1,0,0,model-root,gr_veh_apc_m113
0xE440E237,1,0,0,mesh-node,estate_bld_mansion04
0xE441791C,1,0,0,mesh-node,pmcoutpost_planter01
0xE4444A8B,1,0,1,destruction-piece,island_bld_tower01
0xE4535FF7,1,0,1,destruction-piece,margarita_bld_condo01
0xE4543ED4,1,0,1,destruction-piece,ch_veh_boat_destroyer
0xE46F1C91,1,0,1,destruction-piece,shanty_bld_house02
0xE4999459,1,0,0,mesh-node,ch_veh_plane_q5
0xE4AA15B3,1,0,1,destruction-piece,shanty_bld_housegroup03
0xE4AB8138,1,0,1,destruction-piece,cumana_bld_fortress01
0xE4B86624,1,0,0,mesh-node,al_veh_boat_markv
0xE4C263C8,1,0,0,mesh-node,al_veh_helicopter_mh53pavelow
0xE4E3CCE4,1,0,1,destruction-piece,jungle_bld_ruinshotelback
0xE51D5290,1,0,0,mesh-node,global_veh_rib36
0xE533239D,1,0,0,mesh-node,margarita_bld_club01
0xE55C541A,1,0,0,model-root,0xE55C541A
0xE5640ED9,1,0,0,mesh-node,0x25B3F7BC
0xE56C33F1,1,0,0,mesh-node,0x7604B190
0xE57478EE,1,0,0,model-root,0xCFAC6851
0xE5784777,1,0,0,mesh-node,shanty_bld_housegroup05
0xE5882343,1,0,0,mesh-node,caracas_bld_skytrammain
0xE596E91B,1,0,0,model-root,0x5B3AFE68
0xE59A003D,1,0,0,mesh-node,0xCFAC6851
0xE5B5E195,1,0,0,mesh-node,0xB0D4E642
0xE5BD621A,1,0,0,mesh-node,maracaibo_park
0xE5C37705,1,0,0,mesh-node,commercial_bld_segment8x16e
0xE5C8A1D1,1,0,0,mesh-node,0x307D6AE1
0xE5DD6D36,1,0,0,mesh-node,civ_veh_car_w12_sprint
0xE5DDF776,1,0,0,model-root,global_weapon_tankshell
0xE5E38072,1,0,0,mesh-node,al_veh_boat_markv
0xE5E52223,1,0,0,mesh-node,al_veh_tank_m1a2
0xE5F6C122,1,0,0,mesh-node,merida_bld_hotel
0xE5F87138,1,0,0,mesh-node,civ_veh_plane_727jet
0xE601A9D5,1,0,0,model-root,0x3B2BC17E
0xE606410D,1,0,0,model-root,0xE606410D
0xE6108F74,1,0,0,mesh-node,airport_bld_terminal01
0xE61ADDF8,1,0,0,model-root,global_weapon_jdam
0xE6247481,1,0,1,destruction-piece,island_bld_fortress01
0xE6360DC7,1,0,0,mesh-node,city_bld_skyscraper03
0xE640D6C5,1,0,0,mesh-node,oc_veh_helicopter_md500
0xE64E15B6,1,0,1,destruction-piece,shanty_bld_housegroup01
0xE651CD4D,1,0,0,mesh-node,civ_veh_boat_swamp
0xE65BC20B,1,0,0,mesh-node,outpost_bld_vzwarehouselarge
0xE6603F39,1,0,0,mesh-node,outpost_bld_vzwarehouselarge
0xE6630B09,1,0,1,destruction-piece,island_bld_fortress01
0xE67081C8,1,0,1,destruction-piece,oc_veh_boat_oiltanker
0xE6734708,1,0,0,mesh-node,0x8F25996F
0xE6810AC0,1,0,0,mesh-node,ch_veh_helicopter_ka29b
0xE681E94F,1,0,0,mesh-node,al_veh_helicopter_mh53pavelow
0xE697432B,1,0,0,mesh-node,shanty_env_tree03
0xE69EB86B,1,0,1,destruction-piece,cumana_bld_fortress01
0xE6A4E7DE,1,0,0,mesh-node,pr_veh_boat_cutter
0xE6A926FE,1,0,1,destruction-piece,margarita_bld_condo01
0xE6AA58A7,1,0,1,destruction-piece,cumana_bld_fortress01
0xE6C06173,1,0,0,mesh-node,0x6B432F1C
0xE6C071E3,1,0,1,destruction-piece,island_bld_fortress01
0xE6D4A64A,1,0,1,destruction-piece,oc_veh_boat_oiltanker
0xE6D56345,1,0,0,mesh-node,pmc_veh_car_rocket_buggy
0xE6DD967C,1,0,0,mesh-node,0x307D6AE1
0xE6EC47A0,1,0,0,mesh-node,oc_veh_helicopter_md500
0xE6EDEA32,1,0,1,destruction-piece,al_veh_truck_hmmwv_avenger
0xE6F0D073,1,0,0,mesh-node,island_bld_fortress01
0xE700270E,1,0,0,mesh-node,shanty_polepower
0xE706C18E,1,0,1,destruction-piece,0xF9EA3B44
0xE72B65C4,1,0,1,destruction-piece,al_veh_boat_destroyer
0xE73036CE,1,0,0,mesh-node,maracaibo_park
0xE74F8B4D,1,0,0,model-root,0xE74F8B4D
0xE75E9C19,1,0,1,destruction-piece,industrial_bld_silowide
0xE76B8B42,1,0,1,destruction-piece,island_bld_fortress01
0xE789E076,1,0,0,mesh-node,0xB0D4E642
0xE7ADAB7E,1,0,0,mesh-node,oc_veh_helicopter_md500
0xE7B0ED18,1,0,0,mesh-node,ch_veh_boat_destroyer
0xE7B0EFBA,1,0,0,mesh-node,ch_veh_tank_pgz95
0xE7B8D4CB,1,0,0,mesh-node,vz_veh_plane_tucano
0xE7B9BA13,1,0,0,model-root,0xE7B9BA13
0xE7BF2B42,1,0,0,mesh-node,pmc_veh_motorcycle_tankbike
0xE7C9D5A7,1,0,0,mesh-node,al_veh_boat_destroyer
0xE7CE7FAA,1,0,0,mesh-node,chinaoutpost_bld_storage
0xE7D5E059,1,0,0,mesh-node,jungle_env_treetall02
0xE7DC6513,1,0,1,destruction-piece,cumana_bld_fortress01
0xE7DD38D8,1,0,1,destruction-piece,outpost_bld_vzwarehouselarge
0xE7E6318F,1,0,1,destruction-piece,cumana_bld_fortress01
0xE7F6F861,1,0,0,mesh-node,mountain_bld_bunkerdestroyed
0xE80BB8FC,1,0,0,mesh-node,civ_veh_truck_garbage
0xE81089BB,1,0,1,destruction-piece,industrial_bld_warehouselarge01
0xE8448B96,1,0,1,destruction-piece,chinaoutpost_bld_storage
0xE8464B8E,1,0,1,destruction-piece,industrial_bld_warehouselarge01
0xE84DC031,1,0,0,mesh-node,maracaibo_park
0xE856CDCC,1,0,0,mesh-node,oc_veh_helicopter_md500
0xE85A5F8A,1,0,0,mesh-node,ch_veh_tank_ztz98
0xE85D9C1C,1,0,1,destruction-piece,chinaoutpost_bld_commbunker01
0xE861E7E8,1,0,1,destruction-piece,cumana_bld_fortress01
0xE867A77D,1,0,0,mesh-node,vz_veh_boat_patrol
0xE86B2EC5,1,0,1,destruction-piece,outpost_bld_warehouse01
0xE87F9599,1,0,1,destruction-piece,cumana_bld_fortress01
0xE885BBF6,1,0,1,destruction-piece,0xFD0229C3
0xE897DB23,1,0,1,destruction-piece,0x56D04AA8
0xE8ACF83A,1,0,0,mesh-node,maracaibo_park
0xE8BB67D7,1,0,0,mesh-node,merida_bld_pmcautoshop
0xE8C4D0D7,1,0,0,mesh-node,0x307D6AE1
0xE8C6973D,1,0,0,mesh-node,ch_veh_boat_huangfeng
0xE8DFE17F,1,0,0,mesh-node,white_bld_segment16x16a
0xE8E2E008,1,0,1,destruction-piece,island_bld_fortress01
0xE9134F27,1,0,1,destruction-piece,proutpost_bld_surveillance
0xE9219C8A,1,0,0,model-root,0xE9219C8A
0xE935CC2C,1,0,1,destruction-piece,industrial_bld_gasstationpump01
0xE9521A28,1,0,0,mesh-node,city_bld_skyscraper03
0xE952CFC2,1,0,0,mesh-node,0x25B3F7BC
0xE9569526,1,0,1,destruction-piece,0x45C7E99D
0xE95B3F67,1,0,0,mesh-node,city_bld_standalone01
0xE96BEDFA,1,0,0,mesh-node,merida_bld_pmcautoshop
0xE96F3905,1,0,0,mesh-node,estate_bld_mansion02
0xE9789A7B,1,0,0,mesh-node,0xB0D4E642
0xE97A0046,1,0,0,mesh-node,al_veh_plane_ac130_spooky
0xE97CB0E5,1,0,0,mesh-node,city_bld_corner32x32d
0xE97F3E90,1,0,0,mesh-node,civ_veh_truck_thunder
0xE98E2082,1,0,0,mesh-node,city_bld_skyscraper03
0xE99AE69E,1,0,1,destruction-piece,residential_bld_corner16x16e
0xE9AE5CA2,1,0,1,destruction-piece,shanty_bld_apartment01
0xE9B339C8,1,0,1,destruction-piece,city_bld_apartment02
0xE9CA4B55,1,0,0,mesh-node,caracas_bld_parquecentral01
0xE9CD2FEF,1,0,1,destruction-piece,0xA948DDA6
0xE9CD7F8D,1,0,0,mesh-node,civ_veh_boat_fishing
0xEA05607F,1,0,1,destruction-piece,outskirt_bld_mercbar
0xEA199738,1,0,1,destruction-piece,caracas_walllong
0xEA204064,1,0,0,mesh-node,industrial_bld_silowide
0xEA3DF673,1,0,0,model-root,0xEA3DF673
0xEA423FCD,1,0,1,destruction-piece,merida_bld_universityadmin
0xEA467FB7,1,0,0,model-root,0x321FCBB2
0xEA4D87BC,1,0,0,mesh-node,civ_veh_semi_mark
0xEA5A1A4C,1,0,1,destruction-piece,island_bld_tower01
0xEA5E94D3,1,0,1,destruction-piece,island_bld_fortress01
0xEA6B57C6,1,0,0,model-root,0xF3C80C9C
0xEA6CE76C,1,0,1,destruction-piece,shanty_bld_house02
0xEA81453F,1,0,0,mesh-node,maracaibo_park
0xEA8B65AD,1,0,0,mesh-node,island_bld_fortress01
0xEA94CCF7,1,0,0,mesh-node,maracaibo_park
0xEA956BBA,1,0,0,mesh-node,shanty_bld_housegroup05
0xEA997C12,1,0,1,destruction-piece,outpost_bld_warehouse01
0xEAA9526A,1,0,1,destruction-piece,0x1A9D89DF
0xEAABB846,1,0,0,mesh-node,global_towerelectrical01
0xEACCDF12,1,0,1,destruction-piece,aloutpost_bld_supplydepot
0xEAE33303,1,0,1,destruction-piece,caracas_bld_skytrammain
0xEAE5046F,1,0,0,mesh-node,outpost_bld_vzwarehouselarge
0xEAF3143F,1,0,0,mesh-node,0x19E2962E
0xEAF385B5,1,0,0,mesh-node,ch_veh_apc_zbd2000
0xEB0EDEC2,1,0,0,mesh-node,proutpost_att_neona
0xEB209D4E,1,0,1,destruction-piece,caracas_bld_historical04
0xEB2276C5,1,0,0,model-root,0xEB2276C5
0xEB2DDAF0,1,0,1,destruction-piece,0xEAA71CCB
0xEB305D7B,1,0,0,model-root,0xEB305D7B
0xEB33FDAE,1,0,1,destruction-piece,0x759BDE16
0xEB44FB0F,1,0,1,destruction-piece,0xB0A0930E
0xEB45515B,1,0,0,mesh-node,city_bld_skyscraper03
0xEB49B060,1,0,0,mesh-node,ch_veh_tank_ztz63a
0xEB4CA414,1,0,1,destruction-piece,residential_bld_corner16x16e
0xEB4E78CD,1,0,1,destruction-piece,vz_veh_truck_m151_50cal
0xEB56B7E1,1,0,0,mesh-node,pr_veh_semi_mark
0xEB6380CC,1,0,0,mesh-node,margarita_bld_condo01
0xEB69C10E,1,0,0,model-root,pr_deliverycrate
0xEB7ADF1A,1,0,0,mesh-node,maracaibo_park
0xEB852E5B,1,0,0,mesh-node,industrial_bld_warehouse06
0xEB857F01,1,0,1,destruction-piece,pmcoutpost_bld_hq
0xEB9EDE9A,1,0,0,mesh-node,outpost_bld_vzwarehouselarge
0xEBA3D0DE,1,0,1,destruction-piece,cumana_bld_fortress01
0xEBB499A2,1,0,1,destruction-piece,outskirt_bld_house05
0xEBC03FDB,1,0,0,mesh-node,pmcoutpost_planter01
0xEBC40A20,1,0,0,mesh-node,merida_bld_universityadmin
0xEBC66320,1,0,1,destruction-piece,cumana_bld_fortress01
0xEBC94A43,1,0,1,destruction-piece,pmcoutpost_bld_hq
0xEBDFF0EC,1,0,0,mesh-node,ch_veh_tank_plz45b
0xEBF1518F,1,0,0,mesh-node,merida_bld_pmcautoshop
0xEBFCA8E8,1,0,1,destruction-piece,shanty_bld_apartment04
0xEC01329F,1,0,0,mesh-node,industrial_bld_warehouse02
0xEC0964A9,1,0,1,destruction-piece,chinaoutpost_bld_hangar01
0xEC09771A,1,0,0,mesh-node,civ_veh_truck_ambulance
0xEC0DAFF2,1,0,0,model-root,0xEC0DAFF2
0xEC1B02E5,1,0,0,mesh-node,civ_veh_car_phoenix_crappy
0xEC215AE4,1,0,0,mesh-node,civ_veh_boat_cargoship
0xEC223F5C,1,0,1,destruction-piece,island_bld_fortress01
0xEC22C084,1,0,0,mesh-node,pmc_veh_motorcycle_tankbike
0xEC2BE0FB,1,0,0,mesh-node,ch_veh_helicopter_ka29b
0xEC56D15D,1,0,0,mesh-node,pmcoutpost_planter01
0xEC5752B7,1,0,1,destruction-piece,caracas_bld_skytrammain
0xEC945A4B,1,0,0,mesh-node,city_bld_segment32x32a
0xEC967E2E,1,0,1,destruction-piece,al_veh_boat_destroyer
0xEC9C38B3,1,0,1,destruction-piece,0x2703554F
0xECA4529A,1,0,0,mesh-node,airport_bld_terminal01
0xECBD78A6,1,0,0,mesh-node,civ_veh_bus_escort
0xECCCA266,1,0,1,destruction-piece,maracaibo_bld_skyscraper02
0xECDC14C0,1,0,1,destruction-piece,0x2703554F
0xECE9FFDD,1,0,1,destruction-piece,village_bld_plantationsmall02
0xECEDB3CE,1,0,0,mesh-node,maracaibo_park
0xECF21BA8,1,0,0,mesh-node,proutpost_att_neone
0xED04EAB8,1,0,1,destruction-piece,maracaibo_bld_skyscraper02
0xED0B0A68,1,0,1,destruction-piece,0x45CC35FE
0xED1196E0,1,0,0,mesh-node,city_bld_skyscraper03
0xED19B563,1,0,0,mesh-node,merida_bld_pmcautoshop
0xED1CE880,1,0,0,mesh-node,maracaibo_park
0xED20A88B,1,0,0,mesh-node,0xB0D4E642
0xED3CE793,1,0,0,mesh-node,ch_veh_tank_ztz63a
0xED40433C,1,0,0,model-root,0xED40433C
0xED40AE8E,1,0,0,mesh-node,civ_veh_truck_impact_sut
0xED574663,1,0,0,mesh-node,margarita_bld_condo01
0xED59732D,1,0,1,destruction-piece,residential_bld_corner16x16e
0xED60F160,1,0,0,mesh-node,shanty_bld_housegroup05
0xED668E23,1,0,0,model-root,0xED668E23
0xED704FE5,1,0,0,mesh-node,caracas_bld_parquecentral03
0xED70E1CB,1,0,0,model-root,0xED70E1CB
0xED807CC2,1,0,0,mesh-node,aloutpost_bld_largetentextensiona
0xED9941D5,1,0,1,destruction-piece,island_bld_fortress01
0xED9BD302,1,0,1,destruction-piece,caracas_bld_parquecentral03
0xEDA01145,1,0,0,mesh-node,vz_veh_tank_scorpion90
0xEDDA4541,1,0,0,mesh-node,pmcoutpost_planter01
0xEE073720,1,0,0,mesh-node,0x1FBFBB4B
0xEE33B01F,1,0,0,mesh-node,0x307D6AE1
0xEE3D6B22,1,0,0,mesh-node,pmc_veh_car_panhard
0xEE4494EE,1,0,1,destruction-piece,0xF419FFEB
0xEE7C9A2A,1,0,0,mesh-node,ch_veh_helicopter_ka29b
0xEE9C04A3,1,0,0,mesh-node,civ_veh_plane_cessna
0xEEDA48FA,1,0,1,destruction-piece,margarita_bld_condo01
0xEEF72FB8,1,0,0,mesh-node,city_bld_standalone01
0xEEF821EB,1,0,1,destruction-piece,maracaibo_bld_skyscraper02
0xEEF9BBB6,1,0,1,destruction-piece,industrial_bld_gasstationpump01
0xEEFBACE6,1,0,0,mesh-node,city_bld_standalone01
0xEF037D43,1,0,0,mesh-node,maracaibo_park
0xEF1E64A9,1,0,0,mesh-node,global_veh_stingray
0xEF34C094,1,0,0,mesh-node,maracaibo_park
0xEF3B6367,1,0,0,mesh-node,global_env_treeplaza02
0xEF49B66D,1,0,0,mesh-node,civ_veh_truck_ambulance
0xEF54FCC9,1,0,1,destruction-piece,ch_veh_boat_destroyer
0xEF8E6A3C,1,0,0,mesh-node,0xB0D4E642
0xEFAA1FFB,1,0,0,mesh-node,al_veh_truck_hmmwv_avenger
0xEFC3C6F9,1,0,0,mesh-node,pmc_veh_motorcycle_tankbike
0xEFC61A34,1,0,1,destruction-piece,caracas_skytramcolumn
0xEFFA6E53,1,0,0,mesh-node,0x1FBFBB4B
0xF009E489,1,0,1,destruction-piece,merida_bld_universityadmin
0xF00B7450,1,0,0,mesh-node,industrial_bld_silowide
0xF0229DFD,1,0,1,destruction-piece,docks_bld_warehouse
0xF0241F66,1,0,1,destruction-piece,margarita_bld_condo01
0xF037A1EF,1,0,0,mesh-node,0xB0D4E642
0xF037B807,1,0,0,mesh-node,oilrig_fueltanklargea
0xF03D385D,1,0,1,destruction-piece,oilrig_bld_buildingd
0xF05249F7,1,0,0,mesh-node,maracaibo_park
0xF05734F4,1,0,0,model-root,global_weapon_bunkerbuster
0xF0590FEE,1,0,1,destruction-piece,village_bld_plantation03
0xF05C2F2D,1,0,0,mesh-node,al_veh_airstrike_f117
0xF05F6E95,1,0,1,destruction-piece,shanty_bld_housegroup01
0xF08A45BC,1,0,1,destruction-piece,0xFD0229C3
0xF0C05ED6,1,0,0,mesh-node,city_bld_skyscraper02
0xF0C2B153,1,0,0,mesh-node,0x7604B190
0xF0C75121,1,0,1,destruction-piece,0x01ED3D6F
0xF0D31081,1,0,1,destruction-piece,maracaibo_bld_skyscraper02
0xF0E4A100,1,0,0,mesh-node,airport_bld_terminal01
0xF0EDBF00,1,0,1,destruction-piece,island_bld_fortress01
0xF0F0E3F4,1,0,0,mesh-node,pmc_veh_truck_esv
0xF0FB1381,1,0,1,destruction-piece,outpost_bld_vzwarehouselarge
0xF0FD328A,1,0,0,mesh-node,civ_veh_semi_mark
0xF10590CB,1,0,0,mesh-node,civ_veh_plane_727jet
0xF1117FED,1,0,0,mesh-node,shanty_polepower
0xF112E14A,1,0,1,destruction-piece,0xD7FCFD11
0xF1230396,1,0,0,mesh-node,maracaibo_park
0xF131D0FE,1,0,0,mesh-node,al_veh_helicopter_mh53pavelow
0xF133CA23,1,0,0,mesh-node,oc_veh_boat_oiltanker
0xF150D044,1,0,1,destruction-piece,jungle_bld_ruinshotelback
0xF1554D72,1,0,1,destruction-piece,jungle_bld_ruinshotelback
0xF164A5C0,1,0,0,mesh-node,civ_veh_truck_bank
0xF18349DC,1,0,1,destruction-piece,pmcoutpost_bld_hq
0xF19B3955,1,0,0,mesh-node,0xB0D4E642
0xF1BF364C,1,0,0,model-root,0xF1BF364C
0xF1C6C366,1,0,0,mesh-node,pr_veh_semi_mark
0xF1CEFBF3,1,0,1,destruction-piece,aloutpost_bld_supplydepot
0xF1CFED1E,1,0,0,mesh-node,ch_veh_plane_q5
0xF1DB09FF,1,0,1,destruction-piece,outpost_bld_vzwarehouselarge
0xF1F4354F,1,0,1,destruction-piece,outskirt_bld_mercbar
0xF1F8EA86,1,0,1,destruction-piece,al_veh_boat_destroyer
0xF1FBE8AE,1,0,1,destruction-piece,al_veh_boat_destroyer
0xF1FEAB83,1,0,0,mesh-node,industrial_bld_silowide
0xF22759DF,1,0,0,mesh-node,civ_veh_bus_escort
0xF22EF517,1,0,1,destruction-piece,0xB0A0930E
0xF24CC13F,1,0,0,mesh-node,vz_veh_tank_scorpion90
0xF2551066,1,0,0,mesh-node,civ_veh_car_r90_limo
0xF257A46D,1,0,1,destruction-piece,maracaibo_bld_skyscraper02
0xF258DD8E,1,0,1,destruction-piece,0xB0D4E642
0xF25D5205,1,0,0,mesh-node,0x25B3F7BC
0xF25EAADC,1,0,1,destruction-piece,outpost_bld_vzwarehouselarge
0xF2649711,1,0,1,destruction-piece,0x60A4EEF3
0xF2721D01,1,0,0,mesh-node,civ_veh_semi_mark
0xF27BA898,1,0,0,mesh-node,city_bld_standalone01
0xF283D98D,1,0,0,model-root,0xF283D98D
0xF284ACB3,1,0,1,destruction-piece,0xEA7F9F3F
0xF2988081,1,0,1,destruction-piece,0xF245AC63
0xF29A3F16,1,0,0,mesh-node,city_bld_skyscraper03
0xF2B0420C,1,0,0,mesh-node,global_towerelectrical01
0xF2B1CB83,1,0,0,mesh-node,vz_veh_towed_zu23aa
0xF2D19C06,1,0,0,mesh-node,industrial_bld_refinery04
0xF2E0B12F,1,0,1,destruction-piece,island_bld_fortress01
0xF2E2C350,1,0,1,destruction-piece,pmcoutpost_bld_hqgarage
0xF2F61A15,1,0,0,model-root,0xF2F61A15
0xF2F6453A,1,0,0,mesh-node,civ_veh_car_w8_normal
0xF30875B4,1,0,0,mesh-node,merida_bld_pmcautoshop
0xF30CF2E2,1,0,0,mesh-node,merida_bld_pmcautoshop
0xF3296A5A,1,0,1,destruction-piece,0xEAA71CCB
0xF33BD04B,1,0,0,model-root,0xF33BD04B
0xF3656CE7,1,0,0,mesh-node,civ_veh_boat_cargoship
0xF37655E9,1,0,0,model-root,global_weapon_m1014shotgun
0xF383344C,1,0,1,destruction-piece,industrial_bld_refinery06
0xF386B18C,1,0,0,model-root,0xF386B18C
0xF38AF161,1,0,0,mesh-node,civ_veh_car_r90_taxi
0xF397C056,1,0,0,model-root,0xF397C056
0xF3A03219,1,0,1,destruction-piece,pmcoutpost_bld_hq
0xF3A85AA4,1,0,1,destruction-piece,cumana_bld_fortress01
0xF3AC3F7D,1,0,1,destruction-piece,residential_bld_corner16x16e
0xF3AD9F3A,1,0,0,mesh-node,white_bld_segment16x16a
0xF3B10AEF,1,0,1,destruction-piece,city_bld_apartment02
0xF3C52801,1,0,1,destruction-piece,industrial_bld_warehouselarge01
0xF3C6EE35,1,0,1,destruction-piece,merida_bld_pmcautoshop
0xF3D39771,1,0,1,destruction-piece,shanty_bld_apartment02
0xF3D8101C,1,0,0,mesh-node,pmcoutpost_planter01
0xF3EAE3A4,1,0,0,mesh-node,vz_veh_boat_type14311
0xF4051DEA,1,0,1,destruction-piece,0x4AB6F9B6
0xF4073740,1,0,0,mesh-node,maracaibo_park
0xF4086AF1,1,0,0,mesh-node,civ_veh_boat_cargoship
0xF40B8235,1,0,1,destruction-piece,0x25B3F7BC
0xF40E3289,1,0,1,destruction-piece,pmcoutpost_bld_hqgarage
0xF421E76A,1,0,1,destruction-piece,caracas_bld_skytrammain
0xF44FDF67,1,0,1,destruction-piece,outpost_bld_vzwarehouselarge
0xF4747070,1,0,1,destruction-piece,industrial_bld_gasstationpump01
0xF4839A90,1,0,0,mesh-node,city_bld_corner32x32d
0xF4875C11,1,0,0,mesh-node,maracaibo_park
0xF4AAF606,1,0,0,model-root,chinaoutpost_bld_prison_fence
0xF4AF3C5B,1,0,0,model-root,0xF4AF3C5B
0xF4BB33F7,1,0,1,destruction-piece,city_bld_skyscraper03
0xF4BBB31C,1,0,0,mesh-node,vz_veh_towed_zu23aa
0xF4C9C1A4,1,0,0,model-root,global_weapon_xm8
0xF4D5FA83,1,0,1,destruction-piece,pmcoutpost_bld_hqgarage
0xF4D7A42A,1,0,1,destruction-piece,0x2703554F
0xF4E4E10A,1,0,0,mesh-node,pmcoutpost_planter01
0xF4E57B84,1,0,0,mesh-node,merida_bld_soccerstadium
0xF4E9F8B2,1,0,0,mesh-node,merida_bld_soccerstadium
0xF4ECAA7C,1,0,0,mesh-node,industrial_bld_towerrefinerysmall
0xF4F0388F,1,0,0,mesh-node,groutpost_bld_cranemining
0xF4F23D94,1,0,0,mesh-node,maracaibo_park
0xF50BF5F7,1,0,0,mesh-node,al_veh_boat_destroyer
0xF51877EA,1,0,0,mesh-node,maracaibo_park
0xF520311C,1,0,0,mesh-node,ch_veh_boat_huangfeng
0xF531F62D,1,0,1,destruction-piece,caracas_bld_historical04
0xF55566C0,1,0,0,mesh-node,civ_veh_truck_ambulance
0xF55C893F,1,0,0,mesh-node,ch_veh_apc_zbd2000
0xF58554EA,1,0,0,model-root,0xF58554EA
0xF599C4F3,1,0,0,mesh-node,gr_veh_tank_m551sheridan
0xF59CE3BC,1,0,0,mesh-node,aloutpost_bld_supplydepot
0xF5A3349B,1,0,0,mesh-node,civ_veh_car_phoenix_crappy
0xF5A4CB64,1,0,1,destruction-piece,pmcoutpost_bld_hq
0xF5B529BD,1,0,1,destruction-piece,cumana_bld_fortress01
0xF5C2F4F2,1,0,0,model-root,0xF5C2F4F2
0xF5CCCFF0,1,0,0,mesh-node,oc_veh_semi_austin
0xF5CD3981,1,0,0,mesh-node,ch_veh_tank_plz45b
0xF5D4B30F,1,0,0,mesh-node,0xB0D4E642
0xF5E68C16,1,0,1,destruction-piece,caracas_bld_capitol
0xF5FB20A7,1,0,1,destruction-piece,outpost_bld_vzwarehouselarge
0xF60E6BD6,1,0,1,destruction-piece,industrial_bld_smokestack
0xF61839AA,1,0,1,destruction-piece,industrial_bld_silowide
0xF63A5D22,1,0,1,destruction-piece,ch_veh_truck_nglv_armored_50cal
0xF63E44A6,1,0,0,mesh-node,0x1FBFBB4B
0xF64313FD,1,0,0,mesh-node,ch_veh_helicopter_ka29b
0xF6465F8A,1,0,1,destruction-piece,ch_veh_boat_destroyer
0xF661C4D3,1,0,1,destruction-piece,vz_veh_truck_m151_50cal
0xF6723E1A,1,0,1,destruction-piece,0xF245AC63
0xF6896140,1,0,0,mesh-node,pmc_veh_plane_mig27
0xF6911A9E,1,0,0,mesh-node,pmc_veh_motorcycle_tankbike
0xF691E416,1,0,0,mesh-node,ch_veh_helicopter_ka29b
0xF6B28BDE,1,0,0,mesh-node,maracaibo_park
0xF6B91665,1,0,1,destruction-piece,industrial_bld_warehouselarge01
0xF6C96441,1,0,0,mesh-node,margarita_bld_condo01
0xF6CA6AA1,1,0,0,model-root,0xF6CA6AA1
0xF6D0DB5C,1,0,1,destruction-piece,maracaibo_bld_skyscraper02
0xF6D36D3B,1,0,0,mesh-node,civ_veh_boat_fishing
0xF6E4B527,1,0,0,mesh-node,gr_veh_boat_cigarette
0xF6ECA558,1,0,1,destruction-piece,outskirt_bld_mercbar
0xF6F8DE5C,1,0,1,destruction-piece,outpost_bld_vzwarehouselarge
0xF6FF0CAD,1,0,0,mesh-node,maracaibo_park
0xF70BAF1D,1,0,0,mesh-node,maracaibo_park
0xF70F1E2A,1,0,1,destruction-piece,ch_veh_boat_destroyer
0xF730B08E,1,0,1,destruction-piece,industrial_bld_warehouse01
0xF7390A50,1,0,1,destruction-piece,shanty_bld_housegroup03
0xF73C8655,1,0,0,mesh-node,global_veh_stingray
0xF743A712,1,0,0,mesh-node,0x7604B190
0xF74B33D9,1,0,1,destruction-piece,industrial_bld_warehouselarge01
0xF75CB210,1,0,1,destruction-piece,cumana_bld_fortress01
0xF77D62FB,1,0,1,destruction-piece,caracas_bld_capitol
0xF77DE871,1,0,1,destruction-piece,docks_bld_warehouse
0xF781E029,1,0,1,destruction-piece,caracas_bld_capitol
0xF78471BF,1,0,0,mesh-node,0x307D6AE1
0xF79130E3,1,0,1,destruction-piece,shanty_bld_housegroup05
0xF793B99B,1,0,0,mesh-node,global_veh_stingray
0xF7AE7E11,1,0,0,model-root,0xF7AE7E11
0xF7B1B346,1,0,0,mesh-node,0x25B3F7BC
0xF7B922DB,1,0,0,mesh-node,al_veh_boat_destroyer
0xF7B96650,1,0,1,destruction-piece,0x8BC154D7
0xF7BD6716,1,0,0,mesh-node,caracas_bld_hospitalvargas
0xF7BE4948,1,0,0,mesh-node,0x7604B190
0xF7E39809,1,0,0,mesh-node,oc_veh_helicopter_md500
0xF7E686A2,1,0,0,mesh-node,jungle_env_largecanopy01
0xF7F0B6BA,1,0,1,destruction-piece,shanty_bld_housegroup01
0xF7F860DD,1,0,0,mesh-node,vz_veh_plane_tucano
0xF7FEA521,1,0,0,mesh-node,civ_veh_plane_727jet
0xF7FFD5B8,1,0,0,mesh-node,outpost_bld_vzwarehouselarge
0xF8026023,1,0,0,mesh-node,global_checkpointa
0xF80452E6,1,0,0,mesh-node,outpost_bld_vzwarehouselarge
0xF809AC58,1,0,0,mesh-node,civ_veh_boat_fishing
0xF80E6E4F,1,0,1,destruction-piece,merida_bld_universityadmin
0xF822EED0,1,0,1,destruction-piece,0x4D4F42B5
0xF82F8847,1,0,0,mesh-node,jungle_env_treetall03
0xF83CF698,1,0,1,destruction-piece,industrial_bld_warehouselarge02
0xF83F0253,1,0,0,model-root,global_weapon_tmp
0xF841949E,1,0,0,model-root,0xF841949E
0xF8437A7B,1,0,1,destruction-piece,village_bld_cattleranch
0xF84765DB,1,0,1,destruction-piece,margarita_bld_condo01
0xF847F7A9,1,0,1,destruction-piece,village_bld_cattleranch
0xF855EDCD,1,0,1,destruction-piece,0xF419FFEB
0xF8561028,1,0,0,model-root,0xF8561028
0xF86FE7DC,1,0,0,mesh-node,civ_veh_semi_mark
0xF88A5F8F,1,0,1,destruction-piece,0xFD0229C3
0xF8964B5C,1,0,1,destruction-piece,0xF245AC63
0xF89AB7F5,1,0,0,mesh-node,0x307D6AE1
0xF8D08038,1,0,1,destruction-piece,0xB0D4E642
0xF8DBADB5,1,0,0,model-root,pmcoutpost_planter01
0xF8E94E6A,1,0,1,destruction-piece,island_bld_fortress01
0xF8EAAA57,1,0,0,mesh-node,0xB0D4E642
0xF902BA6A,1,0,0,mesh-node,oc_veh_boat_oiltanker
0xF91FC6AE,1,0,1,destruction-piece,0x5253854D
0xF937E3AA,1,0,0,mesh-node,0x39620ADC
0xF9844B22,1,0,0,mesh-node,0xA948DDA6
0xF98457C2,1,0,1,destruction-piece,proutpost_bld_surveillance
0xF98D1FD7,1,0,0,mesh-node,ch_veh_boat_destroyer
0xF99A44D2,1,0,0,mesh-node,civ_veh_trailer_box
0xF9A047F1,1,0,0,mesh-node,al_veh_helicopter_mh53pavelow
0xF9B1DC51,1,0,0,mesh-node,0xFD0229C3
0xF9C2F2DC,1,0,1,destruction-piece,industrial_bld_warehouselarge01
0xF9DEE7C0,1,0,0,mesh-node,island_bld_fortress01
0xF9E56F16,1,0,1,destruction-piece,shanty_bld_housegroup05
0xFA00D8BB,1,0,0,model-root,0xFA00D8BB
0xFA0D1AD8,1,0,0,mesh-node,0x95F4BA55
0xFA0F5626,1,0,1,destruction-piece,commercial_bld_supermarket
0xFA159B5D,1,0,0,mesh-node,oc_veh_truck_ext
0xFA16BF0B,1,0,0,mesh-node,pmc_veh_motorcycle_tankbike
0xFA1E0C56,1,0,0,mesh-node,al_veh_plane_c130
0xFA3613BA,1,0,0,mesh-node,0xB0D4E642
0xFA3D97D3,1,0,1,destruction-piece,0x8BC154D7
0xFA5D6754,1,0,1,destruction-piece,0xB0D4E642
0xFA5E4687,1,0,1,destruction-piece,civ_veh_bus_escort
0xFA608660,1,0,1,destruction-piece,island_bld_fortress01
0xFA64CB35,1,0,0,mesh-node,ch_veh_plane_transport
0xFA6A68CD,1,0,1,destruction-piece,village_bld_plantation03
0xFA6D5335,1,0,1,destruction-piece,al_veh_boat_destroyer
0xFA83D3D1,1,0,0,mesh-node,0xB0D4E642
0xFA8526EC,1,0,0,mesh-node,maracaibo_park
0xFAC3B76B,1,0,1,destruction-piece,0xB0D4E642
0xFAE59609,1,0,1,destruction-piece,al_veh_helicopter_mh53pavelow
0xFB2CDD20,1,0,0,model-root,0x65666D4F
0xFB2FDF47,1,0,0,mesh-node,maracaibo_park
0xFB345C75,1,0,0,mesh-node,maracaibo_park
0xFB3584D6,1,0,0,mesh-node,maracaibo_bld_skyscraper01
0xFB381298,1,0,1,destruction-piece,outpost_bld_municipal_fence
0xFB3D686B,1,0,0,mesh-node,aloutpost_bld_supplydepot
0xFB56F819,1,0,0,mesh-node,airport_bld_terminal01
0xFB756DCC,1,0,1,destruction-piece,caracas_bld_capitol
0xFB888544,1,0,0,mesh-node,gr_veh_tank_m551sheridan
0xFB897164,1,0,0,model-root,0xFB897164
0xFB8D0272,1,0,0,mesh-node,gr_veh_tank_m551sheridan
0xFB9593AA,1,0,1,destruction-piece,vz_veh_truck_m151_50cal
0xFBAAD268,1,0,0,mesh-node,0x7A9E926A
0xFBADA738,1,0,0,mesh-node,al_veh_boat_destroyer
0xFBC76E25,1,0,1,destruction-piece,caracas_bld_skytrammain
0xFBC8EF20,1,0,1,destruction-piece,jungle_bld_ruinshotelback
0xFBD17E30,1,0,0,mesh-node,city_bld_standalone01
0xFC02C6AA,1,0,0,mesh-node,maracaibo_park
0xFC248E34,1,0,1,destruction-piece,merida_bld_pmcautoshop
0xFC24E7EB,1,0,0,mesh-node,city_bld_segment32x32b
0xFC620903,1,0,1,destruction-piece,chinaoutpost_bld_commbunker01
0xFC6A366D,1,0,1,destruction-piece,0xB0D4E642
0xFC6FFFDA,1,0,1,destruction-piece,industrial_bld_gasstationpump01
0xFC785E1F,1,0,0,mesh-node,maracaibo_park
0xFC7979BF,1,0,0,mesh-node,city_bld_standalone01
0xFC7BEFD3,1,0,0,mesh-node,civ_veh_plane_727jet
0xFC7D34FA,1,0,0,mesh-node,al_veh_boat_destroyer
0xFC881305,1,0,0,model-root,0xFC881305
0xFCA71AC7,1,0,0,mesh-node,city_bld_skyscraper03
0xFCAB97F5,1,0,0,mesh-node,city_bld_skyscraper03
0xFCB5F924,1,0,0,mesh-node,pr_veh_helicopter_alouetteiii
0xFCD79D6D,1,0,0,model-root,0xFCD79D6D
0xFCDA2E40,1,0,0,model-root,0xFCDA2E40
0xFCE1E35A,1,0,0,mesh-node,shanty_bld_housegroup05
0xFCEEA274,1,0,0,mesh-node,ch_veh_tank_ztz98
0xFD0229C3,1,0,0,model-root,0xFD0229C3
0xFD05133B,1,0,0,mesh-node,civ_veh_boat_barco
0xFD0849ED,1,0,1,destruction-piece,merida_bld_soccerstadium
0xFD18CFF6,1,0,0,mesh-node,pmcoutpost_planter01
0xFD1E4312,1,0,0,mesh-node,gr_veh_boat_cigarette
0xFD26139F,1,0,0,mesh-node,al_veh_plane_ac130_spooky
0xFD353460,1,0,1,destruction-piece,maracaibo_bld_skyscraper02
0xFD50F62A,1,0,0,mesh-node,pr_veh_semi_mark
0xFD53C219,1,0,1,destruction-piece,0xF419FFEB
0xFD6A9199,1,0,1,destruction-piece,margarita_bld_condo01
0xFD7C036B,1,0,0,mesh-node,ch_veh_tank_pgz95
0xFDA290C0,1,0,0,mesh-node,ch_veh_helicopter_wz10
0xFDAA2C66,1,0,1,destruction-piece,0xBCBA07EE
0xFDBC2653,1,0,1,destruction-piece,jungle_bld_ruinshotelback
0xFDBCAA56,1,0,1,destruction-piece,0xF245AC63
0xFDBF3523,1,0,0,mesh-node,global_moneylargea
0xFDC6D7DB,1,0,1,destruction-piece,oc_veh_boat_oiltanker
0xFDC85F5A,1,0,0,mesh-node,oc_veh_semi_austin
0xFDE54462,1,0,1,destruction-piece,jungle_bld_ruinshotelback
0xFDE5D252,1,0,1,destruction-piece,shanty_bld_apartment04
0xFDE934E5,1,0,0,mesh-node,civ_veh_plane_727jet
0xFDEB3989,1,0,0,mesh-node,civ_veh_car_phoenix_crappy
0xFDEE6441,1,0,1,destruction-piece,caracas_bld_historical04
0xFE39B8DB,1,0,1,destruction-piece,civ_veh_boat_cargoship
0xFE5D187D,1,0,1,destruction-piece,aloutpost_bld_supplydepot
0xFE6DDEDB,1,0,1,destruction-piece,ch_veh_helicopter_ka29b
0xFE8133B3,1,0,1,destruction-piece,maracaibo_bld_skyscraper02
0xFE82A0F5,1,0,1,destruction-piece,al_veh_boat_destroyer
0xFE8F41D2,1,0,1,destruction-piece,chinaoutpost_bld_prison
0xFE9E76EB,1,0,0,mesh-node,industrial_bld_warehouse03
0xFEB715A4,1,0,0,mesh-node,maracaibo_park
0xFEBDC910,1,0,0,mesh-node,merida_bld_pmcautoshop
0xFEC09561,1,0,0,mesh-node,ch_veh_boat_huangfeng
0xFED801F8,1,0,0,mesh-node,civ_veh_truck_garbage
0xFEE1B73B,1,0,1,destruction-piece,jungle_bld_ruinshotelback
0xFEE4DBED,1,0,0,model-root,global_weapon_grapplinghook
0xFEECD69D,1,0,1,destruction-piece,shanty_bld_house02
0xFEFD0F08,1,0,0,mesh-node,0x7604B190
0xFF09DA84,1,0,1,destruction-piece,aloutpost_bld_hanger
0xFF1972A6,1,0,0,model-root,0xFF1972A6
0xFF2E149D,1,0,0,mesh-node,oc_veh_boat_oiltanker
0xFF33D588,1,0,0,mesh-node,pmcoutpost_planter01
0xFF414480,1,0,0,mesh-node,al_veh_helicopter_ah1z
0xFF41F83F,1,0,0,mesh-node,vz_veh_tank_amx30_aa
0xFF44EDFB,1,0,1,destruction-piece,pmcoutpost_bld_hq
0xFF547A5B,1,0,1,destruction-piece,outskirt_bld_mercbar
0xFF55E5FB,1,0,1,destruction-piece,village_bld_plantation02
0xFF6D1D10,1,0,0,mesh-node,estate_bld_mansion02
0xFF6F4602,1,0,1,destruction-piece,outpost_bld_govtbld
0xFF705311,1,0,0,mesh-node,civ_veh_boat_saltonsea
0xFF8D0E80,1,0,1,destruction-piece,city_bld_apartment01
0xFFAB1A62,1,0,0,mesh-node,civ_veh_plane_727jet
0xFFAFA72C,1,0,0,mesh-node,0xFD0229C3
0xFFC77243,1,0,0,model-root,0xFFC77243
0xFFE2A075,1,0,0,mesh-node,global_veh_rib36
0xFFF367C7,1,0,1,destruction-piece,caracas_bld_capitol
0xFFF7E4F5,1,0,1,destruction-piece,caracas_bld_capitol
0x013A56B8,0,6,0,anim-only,
0x0797ECBD,0,6,0,anim-only,
0x0B7C39EF,0,6,0,anim-only,
0x0FB5FA0A,0,6,0,anim-only,
0x209137E6,0,6,0,anim-only,
0x2F05B0D3,0,6,0,anim-only,
0x3B3CEDF9,0,6,0,anim-only,
0x498A44C7,0,6,0,anim-only,
0x517CA9B3,0,6,0,anim-only,
0x519966CB,0,6,0,anim-only,
0x519DE3F9,0,6,0,anim-only,
0x55082B3C,0,6,0,anim-only,
0x57E846CF,0,6,0,anim-only,
0x636098DF,0,6,0,anim-only,
0x69F00CD0,0,6,0,anim-only,
0x6C89C5C4,0,6,0,anim-only,
0x6DF96EBA,0,6,0,anim-only,
0x71815941,0,6,0,anim-only,
0x76E1CF52,0,6,0,anim-only,
0x777F241C,0,6,0,anim-only,
0x79A818CE,0,6,0,anim-only,
0x7D0A2BDE,0,6,0,anim-only,
0x7E2A0DCE,0,6,0,anim-only,
0x815E8982,0,6,0,anim-only,
0x85906452,0,6,0,anim-only,
0x87BB3420,0,6,0,anim-only,
0x8ABDBC66,0,6,0,anim-only,
0x8B375E5F,0,6,0,anim-only,
0x8EE67248,0,6,0,anim-only,
0x98E4436F,0,6,0,anim-only,
0x9F0C9FFB,0,6,0,anim-only,
0x9F111D29,0,6,0,anim-only,
0xA2C2F728,0,6,0,anim-only,
0xA614E946,0,6,0,anim-only,
0xA792D86F,0,6,0,anim-only,
0xAFCBD7F4,0,6,0,anim-only,
0xB1BDB4D5,0,6,0,anim-only,
0xB7ED5B1D,0,6,0,anim-only,
0xC785E3A5,0,6,0,anim-only,
0xCDEB3F28,0,6,0,anim-only,
0xCF0B29E1,0,6,0,anim-only,
0xD000C4C5,0,6,0,anim-only,
0xD9639138,0,6,0,anim-only,
0xDA54A874,0,6,0,anim-only,
0xDBAF6ED9,0,6,0,anim-only,
0xE5FEA8D0,0,6,0,anim-only,
0xEF968DEE,0,6,0,anim-only,
0xFD36A057,0,6,0,anim-only,
0xFE179F0D,0,6,0,anim-only,
